people_id,name,first_name,middle_name,last_name,suffix,nickname,party_id,party,role_id,role,district,followthemoney_eid,votesmart_id,opensecrets_id,ballotpedia,knowwho_pid,committee_id
3249,"Max Tyler",Max,,Tyler,,,1,D,1,Rep,HD-023,6499325,111208,,Max_Tyler,278918,0
3250,"Gail Schwartz",Gail,,Schwartz,,,1,D,2,Sen,SD-005,6081658,65721,,Gail_Schwartz,250990,0
3251,"John Kefalas",John,,Kefalas,,,1,D,2,Sen,SD-014,6026299,29946,,John_Kefalas,250451,0
3253,"Frank McNulty",Frank,,McNulty,,,2,R,1,Rep,HD-043,6204380,65365,,Frank_McNulty,250439,0
3254,"Lois Tochtrop",Lois,A.,Tochtrop,,,1,D,2,Sen,SD-024,6018291,12714,,Lois_Tochtrop,193178,0
3256,"Joyce Foster",Joyce,E.,Foster,,,1,D,2,Sen,SD-035,234937,106429,,Joyce_Foster,267932,0
3258,"Greg Brophy",Greg,,Brophy,,,2,R,2,Sen,SD-001,6238647,30047,,Greg_Brophy,209562,0
3260,"Susan Schafer",Susan,P.,Schafer,,,1,D,1,Rep,HD-024,5998124,106490,,Sue_Schafer,387813,0
3261,"Morgan Carroll",Morgan,L.,Carroll,,,1,D,2,Sen,SD-029,6029780,30084,,Morgan_Carroll,227795,0
3263,"Mary Hodge",Mary,,Hodge,,,1,D,2,Sen,SD-025,6090649,30029,,Mary_Hodge,205651,0
3264,"Mark Ferrandino",Mark,,Ferrandino,,,1,D,1,Rep,HD-002,5986399,101871,,Mark_Ferrandino,259192,0
3265,"John Morse",John,P.,Morse,,,1,D,2,Sen,SD-011,6475497,65911,,"John_Morse_recall,_Colorado_State_Senate_(2013)",250340,0
3268,"Sal Pace",Sal,,Pace,,,1,D,1,Rep,HD-046,6014462,106588,,Sal_Pace,230188,0
3272,"Nancy Spence",Nancy,,Spence,,,2,R,2,Sen,SD-027,12998051,16947,,Nancy_Spence,193183,0
3273,"K. King",K.,,King,,,2,R,2,Sen,,0,0,,,193165,0
3274,"Donald Waller",Donald,Mark,Waller,,,2,R,1,Rep,HD-015,12998000,106471,,Mark_Waller,267854,0
3275,"Daniel Kagan",Daniel,,Kagan,,,1,D,2,Sen,SD-026,18917813,111194,,Daniel_Kagan,277203,0
3277,"Marsha Looper",Marsha,A.,Looper,,,2,R,1,Rep,HD-019,5988920,66179,,Marsha_Looper,250350,0
3280,"Suzanne Williams",Suzanne,S.,Williams,,,1,D,2,Sen,SD-028,6079853,12693,,Suzanne_Williams,193185,0
3283,"Evie Hudak",Evie,R.,Hudak,,,1,D,2,Sen,SD-019,5987121,106400,,Evie_Hudak,267921,0
3284,"David Balmer",David,G.,Balmer,,,2,R,2,Sen,SD-027,6286096,30135,,David_Balmer,227798,0
3285,"Ellen Roberts",Ellen,,Roberts,,,2,R,2,Sen,SD-006,6303569,66358,,Ellen_Roberts,250461,0
3286,"Linda Newell",Linda,M.,Newell,,,1,D,2,Sen,SD-026,6492985,107241,,Linda_Newell,267926,0
3287,"Judy Solano",Judy,,Solano,,,1,D,1,Rep,HD-031,5986574,29817,,Judith_Anne_Solano,227792,0
3291,"Cherylin Peniston",Cherylin,,Peniston,,,1,D,1,Rep,HD-035,5986522,66084,,Cherylin_Peniston,250364,0
3292,"Pat Steadman",Pat,,Steadman,,,1,D,2,Sen,SD-031,6499387,125379,,Pat_Steadman,278819,0
3293,"Elizabeth McCann",Elizabeth,H.,McCann,,Beth,1,D,1,Rep,HD-008,3498205,106453,,Beth_McCann,267844,0
3296,"Andy Kerr",Andy,,Kerr,,,1,D,2,Sen,SD-022,6261856,56603,,Andrew_Kerr,246048,0
3301,"Lois Court",Lois,,Court,,,1,D,1,Rep,SD-031,3498102,106446,,Lois_Court,267841,0
3303,"Dianne Primavera",Dianne,,Primavera,,,1,D,1,Rep,HD-033,6093640,29795,,Dianne_Primavera,250362,0
3308,"Steve King",Steve,,King,,,2,R,2,Sen,SD-007,12998091,66357,,Steve_King_(Colorado),250455,0
3309,"Su Ryden",Su,,Ryden,,,1,D,1,Rep,HD-036,6024588,106538,,Su_Ryden,267882,0
3312,"Nancy Todd",Nancy,J.,Todd,,,1,D,2,Sen,SD-028,6030088,30073,,Nancy_Todd,227799,0
3313,"Robert Bacon",Robert,L.,Bacon,,Rob,1,D,2,Sen,SD-014,5996649,12543,,Bob_Bacon,193197,0
3314,"Edward Vigil",Edward,,Vigil,,,1,D,1,Rep,HD-062,6093499,82278,,Edward_Vigil,267909,0
3315,"Edward Casso",Edward,,Casso,,,1,D,1,Rep,HD-032,12998037,66685,,Edward_Casso,250359,0
3316,"Jeanne Labuda",Jeanne,,Labuda,,,1,D,1,Rep,HD-001,6081078,65497,,Jeanne_Labuda,250342,0
3317,"Stratton Heath",Stratton,R.,Heath,Jr.,Rollie,1,D,2,Sen,SD-018,6003380,30162,,Rollie_Heath,267920,0
3319,"Brian DelGrosso",Brian,Mark,DelGrosso,,,2,R,1,Rep,HD-051,6681182,115668,,Brian_DelGrosso,280362,0
3320,"B.J. Nikkel",B.J.,,Nikkel,,,2,R,1,Rep,HD-049,12998078,110957,,B.J._Nikkel,213566,0
3322,"Kent Lambert",Kent,Douglas,Lambert,,,2,R,2,Sen,SD-009,6001480,29791,,Kent_Lambert,250346,0
3323,"Kevin Priola",Kevin,G.,Priola,,,2,R,1,Rep,SD-025,5988512,106512,,Kevin_Priola,267874,0
3326,"Spencer Swalm",Spencer,,Swalm,,,2,R,1,Rep,HD-037,6071374,65730,,Spencer_Swalm,250366,0
3327,"Bill Cadman",Bill,L.,Cadman,,,2,R,2,Sen,SD-012,12997998,29992,,Bill_Cadman,159826,0
3328,"Glenn Vaad",Glenn,,Vaad,,,2,R,1,Rep,HD-048,12998074,68029,,Glenn_Vaad,250444,0
3331,"Ted Harvey",Ted,,Harvey,,,2,R,2,Sen,SD-030,6123083,17021,,Ted_Harvey,210446,0
3333,"Cheri Gerou",Cheri,,Gerou,,,2,R,1,Rep,HD-025,6677095,106496,,Cheri_Gerou,267866,0
3335,"Claire Levy",Claire,,Levy,,,1,D,1,Rep,HD-013,6014848,66046,,Claire_Levy,250344,0
3336,"Amy Stephens",Amy,G.,Stephens,,,2,R,1,Rep,HD-019,6022033,65850,,Amy_Stephens,250354,0
3337,"Randy Baumgardner",Randy,L.,Baumgardner,,,2,R,2,Sen,SD-008,5991875,106641,,Randy_Baumgardner,267903,0
3338,"Carole Murray",Carole,R.,Murray,,,2,R,1,Rep,HD-045,6077029,106587,,Carole_Murray,267894,0
3339,"Randolph Fischer",Randolph,C.,Fischer,,Randy,1,D,1,Rep,HD-053,5993706,68231,,Randy_Fischer,250454,0
3340,"Michael Johnston",Michael,,Johnston,,,1,D,2,Sen,SD-033,6499391,111204,,Michael_Johnston_(Colorado),278160,0
3341,"Mark Scheffel",Mark,,Scheffel,,,2,R,2,Sen,SD-004,6012509,106249,,Mark_Scheffel,267913,0
3342,"Brandon Shaffer",Brandon,C.,Shaffer,,,1,D,2,Sen,SD-017,13011230,29854,,Brandon_Shaffer,227768,0
3343,"Jerry Sonnenberg",Jerry,,Sonnenberg,,,2,R,2,Sen,SD-001,6130447,66361,,Jerry_Sonnenberg,250463,0
3344,"Scott Renfroe",Scott,W.,Renfroe,,,2,R,2,Sen,SD-013,6669645,66429,,Scott_Renfroe,250465,0
3346,"Dickey Hullinghorst",Dickey,Lee,Hullinghorst,,,1,D,1,Rep,HD-010,6019903,106463,,Dickey_Hullinghorst,267847,0
3348,"Kevin Lundberg",Kevin,,Lundberg,,,2,R,2,Sen,SD-015,6592769,16898,,Kevin_Lundberg,212203,0
3351,"Jenise May",Jenise,,May,,,1,D,1,Rep,HD-030,10238455,138748,,Jenise_May,387884,0
10773,"Donald Coram",Donald,Lee,Coram,,Don,2,R,1,Rep,SD-006,12998104,125548,,Don_Coram,297722,0
10776,"Matt Jones",Matt,,Jones,,,1,D,2,Sen,SD-017,6166955,125489,,Matt_Jones_(Colorado),298002,0
10777,"Crisanta Duran",Crisanta,,Duran,,,1,D,1,Rep,HD-005,6375372,125477,,Crisanta_Duran,297815,0
10778,"Ray Scott",Ray,,Scott,,,2,R,2,Sen,SD-007,12998092,125544,,Ray_Scott,297850,0
10779,"Janak Joshi",Janak,,Joshi,,,2,R,1,Rep,HD-016,6681111,125491,,Janak_Joshi,297822,0
10780,"Pete Lee",Sanford,E.,Lee,,Pete,1,D,1,Rep,SD-011,6011410,106254,,Pete_Lee,267916,0
10781,"Angela Williams",Angela,,Williams,,,1,D,1,Rep,SD-033,6506126,125479,,Angela_Williams,298001,0
10782,"Cheri Jahn",Cheri,E.,Jahn,,,1,D,2,Sen,SD-020,6115114,29806,,Cheri_Jahn,205647,0
10783,"James Wilson",James,Demont,Wilson,,Jim,2,R,1,Rep,HD-060,6588521,138794,,James_Wilson_(Colorado),408945,0
10787,"Jeanne Nicholson",Jeanne,,Nicholson,,,1,D,2,Sen,SD-016,6414884,30120,,Jeanne_Nicholson,297803,0
10788,"Chris Holbert",Chris,,Holbert,,,2,R,1,Rep,SD-030,6681166,125519,,Chris_Holbert,297843,0
10791,"Robert Ramirez",Robert,,Ramirez,,,2,R,1,Rep,HD-029,12998031,125502,,Robert_Ramirez_(Colorado),297833,0
10792,"Donald Beezley",Donald,,Beezley,,Don,2,R,1,Rep,HD-033,12998039,125506,,Donald_Beezley,297837,0
10793,"Daniel Pabon",Daniel,R.,Pabon,,Dan,1,D,1,Rep,HD-004,6499285,125473,,Dan_Pabon,297813,0
10794,"Lucia Guzman",Lucia,,Guzman,,,1,D,2,Sen,SD-034,6499395,121691,,Lucia_Guzman,288475,0
10795,"Kevin Grantham",Kevin,J.,Grantham,,,2,R,2,Sen,SD-002,6681198,125352,,Kevin_J._Grantham,297798,0
10796,"Jon Becker",Jon,,Becker,,,2,R,1,Rep,HD-065,6681194,81096,,Jon_Becker,297856,0
10797,"Angela Giron",Angela,,Giron,,,1,D,2,Sen,SD-003,6499351,125354,,Angela_Giron,277643,0
11368,"Millie Hamner",Millie,,Hamner,,,1,D,1,Rep,HD-061,10238471,128652,,Millie_Hamner,329099,0
11507,"Kathleen Conti",Kathleen,,Conti,,,2,R,1,Rep,HD-038,6689258,125511,,Kathleen_Conti,297840,0
11508,"Irene Aguilar",Irene,,Aguilar,,,1,D,2,Sen,SD-032,6266726,128648,,Irene_Aguilar,329576,0
11607,"Rhonda Fields",Rhonda,C.,Fields,,,1,D,1,Rep,SD-029,6338603,128419,,Rhonda_Fields,311469,0
11608,"Libby Szabo",Libby,,Szabo,,,2,R,1,Rep,HD-027,6086557,106402,,Libby_Szabo,267922,0
13710,"David Young",David,L.,Young,,Dave,1,D,1,Rep,HD-050,6175478,155218,,Dave_Young_(Colorado),349799,0
13847,"Jonathan Singer",Jonathan,Stuart,Singer,,,1,D,1,Rep,HD-011,10238447,135864,,Jonathan_Singer,387784,0
14263,"Timothy Dore",Timothy,R.,Dore,,,2,R,1,Rep,HD-064,10238787,138804,,Timothy_Dore,396948,0
14264,"Justin Everett",Justin,,Everett,,,2,R,1,Rep,HD-022,6022170,66342,,Justin_Everett,387806,0
14265,"Mike Foote",Mike,,Foote,,,1,D,2,Sen,SD-017,6024654,138713,,Mike_Foote,386472,0
14266,"Leroy Garcia",Leroy,M.,Garcia,Jr.,,1,D,1,Rep,SD-003,6018735,130019,,Leroy_Garcia_Jr.,387874,0
14268,"Joann Ginal",Joann,,Ginal,,,1,D,1,Rep,SD-014,10238469,138784,,Joann_Ginal,387880,0
14269,"Stephen Humphrey",Stephen,A.,Humphrey,,,2,R,1,Rep,HD-048,11023465,138779,,Stephen_Humphrey,396922,0
14270,"Tracy Kraft-Tharp",Tracy,A.,Kraft-Tharp,,,1,D,1,Rep,HD-029,6324675,138747,,Tracy_Kraft-Tharp,386537,0
14271,"Lois Landgraf",Lois,,Landgraf,,,2,R,1,Rep,HD-021,11023440,138730,,Lois_Landgraf,408907,0
14272,"Polly Lawrence",Polly,,Lawrence,,,2,R,1,Rep,HD-039,6681173,125520,,Polly_Lawrence,387867,0
14273,"Steve Lebsock",Steve,,Lebsock,,,1,D,1,Rep,HD-034,10238459,71795,,Steve_Lebsock,387843,0
14274,"Michael McLachlan",Michael,E.,McLachlan,,Mike,1,D,1,Rep,HD-059,11022910,138790,,Michael_McLachlan_(Colorado),0,0
14275,"Jovan Melton",Jovan,Emerson,Melton,,,1,D,1,Rep,HD-041,10238462,138771,,Jovan_Melton,387869,0
14276,"Diane Mitsch-Bush",Diane,E.,Mitsch-Bush,,,1,D,1,Rep,HD-026,10238451,138740,,Diane_Mitsch_Bush,396743,0
14277,"Dominick Moreno",Dominick,,Moreno,,,1,D,1,Rep,SD-021,10238457,129994,,Dominick_Moreno,387825,0
14278,"Clarice Navarro-Ratzlaff",Clarice,,Navarro-Ratzlaff,,,2,R,1,Rep,HD-047,13789754,138776,,Clarice_Navarro-Ratzlaff,413176,0
14279,"Brittany Pettersen",Brittany,,Pettersen,,,1,D,1,Rep,SD-022,11022904,138744,,Brittany_Pettersen,408919,0
14280,"Paul Rosenthal",Paul,Bradley,Rosenthal,,,1,D,1,Rep,HD-009,10238445,106460,,Paul_Rosenthal_(Colorado),387780,0
14281,"Lori Saine",Lori,,Saine,,,2,R,1,Rep,HD-063,10238791,138801,,Lori_Saine,396946,0
14282,"Joseph Salazar",Joseph,Anthony,Salazar,,,1,D,1,Rep,HD-031,10238456,138752,,Joseph_Salazar,386538,0
14285,"Jared Wright",Jared,B.,Wright,,,2,R,1,Rep,HD-054,11023450,138786,,Jared_Wright,408941,0
14288,"Owen Hill",Owen,,Hill,,,2,R,2,Sen,SD-010,13011221,125362,,Owen_Hill_(Colorado),297801,0
14293,"Vicki Marble",Vicki,,Marble,,,2,R,2,Sen,SD-023,10238763,138668,,Vicki_Marble,387878,0
14295,"Jessie Ulibarri",Jessie,M.,Ulibarri,,,1,D,2,Sen,SD-021,10238440,138664,,Jessie_Ulibarri,388049,0
14807,"Perry Buck",Perry,Lynn,Buck,,,2,R,1,Rep,HD-049,10238782,138781,,Perry_Buck,396924,0
14808,"Larry Crowder",Larry,W.,Crowder,,,2,R,2,Sen,SD-035,6650214,138695,,Larry_Crowder,408865,0
15133,"Thomas Exum",Thomas,,Exum,Sr.,Tony,1,D,1,Rep,HD-017,11022900,138722,,Thomas_Exum_Sr.,408896,0
15134,"Daniel Nordberg",Daniel,Paul,Nordberg,,Dan,2,R,1,Rep,HD-014,12997997,138718,,Dan_Nordberg,252799,0
15135,"Robert Rankin",Robert,E.,Rankin,,Bob,2,R,1,Rep,SD-008,6022806,138788,,Robert_Rankin,297800,0
15154,"John Buckner",John,W.,Buckner,,,1,D,1,Rep,HD-040,11022907,138770,,John_Buckner,408929,0
18726,"Bob Gardner",Bob,,Gardner,,,2,R,2,Sen,SD-012,12998016,65710,,Bob_Gardner,250352,0
