bill_id,roll_call_id,date,chamber,description,yea,nay,nv,absent,total
895075,566968,2017-01-03,Senate,"Senate: Adopted",65,0,0,0,65
895102,566960,2017-01-03,Senate,"Senate: Adopted",65,0,0,0,65
895118,566967,2017-01-03,Senate,"Senate: Adopted",65,0,0,0,65
895125,566969,2017-01-03,Senate,"Senate: Adopted",65,0,0,0,65
895145,567011,2017-01-05,Senate,"Senate: Adopted",34,31,0,0,65
898074,567488,1969-12-31,Senate,"Senate: ",32,34,0,0,66
898074,567666,2017-01-12,Senate,"Senate: Bill passed",35,31,0,0,66
898074,569043,2017-01-19,House,"House: Amendment",98,29,0,0,127
898074,569044,2017-01-19,House,"House: Amendment to Amendment",72,54,0,0,126
898074,569045,2017-01-19,House,"House: Amendment",71,56,0,0,127
898074,569046,2017-01-19,House,"House: Amendment",57,70,0,0,127
898074,569047,2017-01-19,House,"House: Passage",73,54,0,0,127
898074,571795,2017-01-26,Senate,"Senate: Third reading",47,19,0,0,66
898074,571796,2017-01-26,Senate,"Senate: Motion to reject CC report, did not prevail",30,36,0,0,66
898202,593819,2017-02-27,House,"House: Passage",129,0,0,0,129
898202,640982,2017-05-08,Senate,"Senate: Third reading Passed",65,0,0,0,65
898204,578227,2017-02-06,House,"House: Passage",129,0,0,0,129
898204,586577,2017-02-16,Senate,"Senate: Third reading Passed",62,0,0,0,62
898260,591945,2017-02-23,House,"House: Amendment",85,45,0,0,130
898260,591946,2017-02-23,House,"House: Amendment",57,74,0,0,131
898260,591947,2017-02-23,House,"House: Passage",72,58,0,0,130
898260,598302,2017-03-06,Senate,"Senate: Third reading Failed to pass",29,38,0,0,67
898260,616255,2017-03-30,Senate,"Senate: Third reading Passed",60,7,0,0,67
898260,616833,2017-03-31,House,"House: Refuse to Concur",75,54,0,0,129
898260,645955,2017-05-17,Senate,"Senate: Third reading",57,8,0,0,65
898260,645956,2017-05-17,House,"House: Repassage",120,11,0,0,131
898269,578254,2017-02-02,House,"House: Passage",127,0,0,0,127
898269,627320,2017-04-18,Senate,"Senate: Third reading Passed",64,0,0,0,64
898304,602586,2017-03-13,House,"House: Amendment to Amendment",55,75,0,0,130
898304,602587,2017-03-13,House,"House: Amendment",54,77,0,0,131
898304,602588,2017-03-13,House,"House: Passage",78,53,0,0,131
898304,604483,2017-03-15,Senate,"Senate: Third reading Passed",37,29,0,0,66
898304,616291,2017-03-30,Senate,"Senate: Third reading",35,32,0,0,67
898304,616292,2017-03-30,House,"House: Repassage",74,57,0,0,131
898311,567105,2017-01-05,House,"House: Suspension of Rules",75,55,0,0,130
898311,568032,2017-01-11,House,"House: Recall and Re-refer",54,76,0,0,130
898311,568033,2017-01-11,House,"House: Recall and Re-refer",55,75,0,0,130
898405,567137,2017-01-05,House,"House: Passage",130,0,0,0,130
898405,567560,2017-01-12,Senate,"Senate: Third reading Passed",66,0,0,0,66
898607,578331,2017-02-02,House,"House: Passage",126,0,0,0,126
898607,627620,2017-04-18,Senate,"Senate: Third reading Passed",64,0,0,0,64
898617,588609,2017-02-20,House,"House: Passage",85,45,0,0,130
898617,594164,2017-02-27,Senate,"Senate: Third reading Passed",38,28,0,0,66
898617,596790,2017-03-02,House,"House: Repassage",88,39,0,0,127
898625,616209,2017-03-30,House,"House: Amendment to Amendment",52,79,0,0,131
898625,616210,2017-03-30,House,"House: Amendment to Amendment",18,111,0,0,129
898625,616211,2017-03-30,House,"House: Amendment to Amendment",1,131,0,0,132
898625,616212,2017-03-30,House,"House: Amendment to Amendment",57,76,0,0,133
898625,616213,2017-03-30,House,"House: Amendment to Amendment",59,74,0,0,133
898625,616214,2017-03-30,House,"House: Amendment to Amendment",56,77,0,0,133
898625,616215,2017-03-30,House,"House: Amendment to Amendment",57,76,0,0,133
898625,616216,2017-03-30,House,"House: Amendment to Amendment",133,0,0,0,133
898625,616217,2017-03-30,House,"House: Amendment to Amendment",61,73,0,0,134
898625,616218,2017-03-30,House,"House: Amendment",55,78,0,0,133
898625,616219,2017-03-30,House,"House: Passage",80,52,0,0,132
898625,617859,2017-04-03,Senate,"Senate: Third reading Passed",40,27,0,0,67
898625,643053,2017-05-10,House,"House: Repassage",76,57,0,0,133
898625,644545,2017-05-15,Senate,"Senate: Third reading",34,32,0,0,66
899987,566982,2017-01-03,Senate,"Senate: Adopted",65,0,0,0,65
901476,568044,2017-01-11,House,"House: ",75,55,0,0,130
901579,723931,2018-03-15,House,"House: Howe motion - Recall and Re-refer",77,48,0,0,125
901742,581626,2017-02-09,House,"House: Amendment",58,69,0,0,127
901742,581627,2017-02-09,House,"House: Passage",77,51,0,0,128
901742,586559,2017-02-16,Senate,"Senate: Third reading Passed",29,35,0,0,64
901742,592106,2017-02-23,House,"House: Repassage",80,45,0,0,125
901784,639599,2017-05-04,House,"House: Passage",127,0,0,0,127
901784,642899,2017-05-10,Senate,"Senate: Third reading Passed",64,0,0,0,64
906267,617668,2017-04-03,House,"House: Amendment",59,70,0,0,129
906267,617669,2017-04-03,House,"House: Passage",76,55,0,0,131
906267,629193,2017-04-20,Senate,"Senate: Third reading Passed",44,21,0,0,65
906267,645303,2017-05-16,Senate,"Senate: Third reading",36,31,0,0,67
906267,645304,2017-05-16,House,"House: Adoption",76,55,0,0,131
906267,645305,2017-05-16,House,"House: Repassage",76,54,0,0,130
908142,621324,2017-04-06,Senate,"Senate: Third reading Passed",66,0,0,0,66
910071,581644,2017-02-09,House,"House: Passage",76,49,0,0,125
910159,581605,2017-02-09,House,"House: Amendment",49,77,0,0,126
910159,581606,2017-02-09,House,"House: Passage",89,37,0,0,126
910159,605548,2017-03-16,Senate,"Senate: Third reading Passed",64,0,0,0,64
910263,644909,2017-05-15,House,"House: Passage",125,0,0,0,125
910263,646659,2017-05-18,Senate,"Senate: Third reading Passed as amended",62,0,0,0,62
910263,647224,2017-05-19,House,"House: Repassage",129,0,0,0,129
910465,596849,2017-03-02,House,"House: Passage",129,0,0,0,129
910465,635866,2017-05-01,Senate,"Senate: Third reading Passed",66,0,0,0,66
913143,605409,2017-03-16,Senate,"Senate: Third reading Passed",65,0,0,0,65
913143,615566,2017-03-29,House,"House: Passage",128,0,0,0,128
913390,569295,2017-01-19,Senate,"Senate: Adopted",61,0,0,0,61
914261,573162,2017-01-30,House,"House: Passage",128,0,0,0,128
914261,581023,2017-02-09,Senate,"Senate: Third reading Passed",62,0,0,0,62
918124,597014,2017-03-02,Senate,"Senate: Third reading Passed",47,20,0,0,67
918124,614108,2017-03-28,House,"House: Passage",106,23,0,0,129
918124,621547,2017-04-06,Senate,"Senate: Third reading",47,19,0,0,66
919359,635901,2017-05-01,Senate,"Senate: Third reading Passed",64,0,0,0,64
919359,643337,2017-05-10,House,"House: Passage",129,0,0,0,129
920291,596875,2017-03-02,House,"House: Amendment to Amendment",53,77,0,0,130
920291,596876,2017-03-02,House,"House: Passage",87,44,0,0,131
920291,642998,2017-05-10,House,"House: Repassage",90,41,0,0,131
920592,642059,2017-05-09,House,"House: Passage",134,0,0,0,134
920592,644758,2017-05-15,Senate,"Senate: Third reading Passed",63,0,0,0,63
920604,581809,2017-02-13,House,"House: Passage",125,0,0,0,125
920604,607403,2017-03-20,Senate,"Senate: Third reading Passed",65,0,0,0,65
926600,644124,2017-05-12,House,"House: Passage",120,2,0,0,122
926600,648016,2017-05-22,Senate,"Senate: Third reading",46,21,0,0,67
926600,648017,2017-05-22,House,"House: Adoption",89,38,0,0,127
926600,648018,2017-05-22,House,"House: Repassage",98,36,0,0,134
926600,704552,2017-05-22,Senate,"Senate: Motion to reject CC report, did not prevail",30,36,0,0,66
926716,644135,2017-05-12,House,"House: Passage",102,20,0,0,122
926716,646125,2017-05-17,Senate,"Senate: Third reading Passed",36,28,0,0,64
926716,708760,2018-02-22,Senate,"Senate: Third reading Passed",38,28,0,0,66
926716,708761,2018-02-22,House,"House: Repassage, as amended by Conference Committee",77,50,0,0,127
926811,592036,2017-02-23,House,"House: Passage",126,0,0,0,126
926811,596773,2017-03-02,Senate,"Senate: Third reading Passed",55,12,0,0,67
926811,598478,2017-03-06,House,"House: Repassage",119,10,0,0,129
926883,591948,2017-02-23,House,"House: Passage",98,28,0,0,126
926883,630676,2017-04-24,Senate,"Senate: Third reading Passed",57,8,0,0,65
926883,634088,2017-04-27,House,"House: Repassage",103,28,0,0,131
926928,750812,2018-05-08,House,"House: Passage",71,55,0,0,126
926928,752824,2018-05-14,Senate,"Senate: Third reading Passed",40,27,0,0,67
927024,615159,2017-03-29,House,"House: Passage",128,0,0,0,128
927024,638730,2017-05-04,Senate,"Senate: Third reading Passed",62,0,0,0,62
927024,642906,2017-05-10,House,"House: Repassage",130,1,0,0,131
927052,596956,2017-03-02,House,"House: Passage",129,0,0,0,129
927052,607253,2017-03-20,Senate,"Senate: Third reading Passed",66,0,0,0,66
932716,643953,2017-05-11,Senate,"Senate: Third reading Passed",63,0,0,0,63
932716,647190,2017-05-19,House,"House: Passage",130,0,0,0,130
932716,647602,2017-05-21,Senate,"Senate: Third reading",65,0,0,0,65
932838,750199,2018-05-07,Senate,"Senate: Third reading Passed",64,0,0,0,64
932838,753858,2018-05-16,House,"House: Passage",128,0,0,0,128
932892,621312,2017-04-06,Senate,"Senate: Third reading Passed",65,0,0,0,65
932892,630798,2017-04-24,House,"House: Passage",120,11,0,0,131
934177,645989,2017-05-17,House,"House: Passage",70,62,0,0,132
934263,628874,2017-04-20,House,"House: Passage",130,0,0,0,130
934263,640819,2017-05-08,Senate,"Senate: Third reading Passed",65,0,0,0,65
936027,638756,2017-05-04,Senate,"Senate: Third reading Passed",63,0,0,0,63
936139,621474,2017-04-06,Senate,"Senate: Third reading Passed",56,9,0,0,65
936139,646715,2017-05-18,House,"House: Torkelson Motion to Reconsider Amendment",77,54,0,0,131
936139,646716,2017-05-18,House,"House: Amendment",57,74,0,0,131
936139,646717,2017-05-18,House,"House: Passage, as amended",79,54,0,0,133
936197,639200,2017-05-04,Senate,"Senate: Third reading Passed",61,0,0,0,61
936197,643792,2017-05-11,House,"House: Passage",127,0,0,0,127
937369,596761,2017-03-02,House,"House: Passage",76,53,0,0,129
937369,629242,2017-04-20,Senate,"Senate: Third reading Passed",35,31,0,0,66
940420,628154,2017-04-20,House,"House: Passage",129,0,0,0,129
940420,635881,2017-05-01,Senate,"Senate: Third reading Passed as amended",65,0,0,0,65
940420,643672,2017-05-11,House,"House: Repassage",129,0,0,0,129
940420,645265,2017-05-16,Senate,"Senate: Third reading",49,18,0,0,67
940458,618830,2017-04-04,House,"House: Amendment",74,55,0,0,129
940458,618831,2017-04-04,House,"House: Amendment",51,76,0,0,127
940458,618832,2017-04-04,House,"House: Amendment",121,9,0,0,130
940458,618833,2017-04-04,House,"House: Amendment",73,58,0,0,131
940458,618834,2017-04-04,House,"House: Passage",131,0,0,0,131
940458,630597,2017-04-24,Senate,"Senate: Third reading Passed",52,12,0,0,64
940458,647586,2017-05-21,Senate,"Senate: Third reading",64,3,0,0,67
940458,647587,2017-05-21,House,"House: Adoption",88,45,0,0,133
940458,647588,2017-05-21,House,"House: Repassage",106,28,0,0,134
940618,640210,2017-05-08,House,"House: Passage",125,0,0,0,125
940618,643766,2017-05-11,Senate,"Senate: Third reading Passed",56,0,0,0,56
941135,639202,2017-05-04,House,"House: Passage",130,0,0,0,130
941135,647189,2017-05-19,Senate,"Senate: Third reading Passed",63,0,0,0,63
941981,643698,2017-05-11,Senate,"Senate: Third reading Passed",42,21,0,0,63
941981,646641,2017-05-18,House,"House: Amendment",60,73,0,0,133
941981,646642,2017-05-18,House,"House: Amendment",60,74,0,0,134
941981,646643,2017-05-18,House,"House: Amendment",61,73,0,0,134
941981,646644,2017-05-18,House,"House: Amendment",59,75,0,0,134
941981,646645,2017-05-18,House,"House: Amendment",59,75,0,0,134
941981,646646,2017-05-18,House,"House: Amendment",56,77,0,0,133
941981,646647,2017-05-18,House,"House: Amendment to Amendment",59,74,0,0,133
941981,646648,2017-05-18,House,"House: Amendment",61,72,0,0,133
941981,646649,2017-05-18,House,"House: Amendment",58,75,0,0,133
941981,646650,2017-05-18,House,"House: Passage",82,52,0,0,134
941981,648581,2017-05-22,Senate,"Senate: Third reading",51,10,0,0,61
941981,648582,2017-05-22,House,"House: Adoption",85,46,0,0,131
941981,648583,2017-05-22,House,"House: Repassage",84,49,0,0,133
942088,615318,2017-03-29,Senate,"Senate: Third reading Passed",36,30,0,0,66
942088,621301,2017-04-06,House,"House: Amendment",91,38,0,0,129
942088,621302,2017-04-06,House,"House: Amendment to Amendment",55,71,0,0,126
942088,621303,2017-04-06,House,"House: Amendment",53,76,0,0,129
942088,621304,2017-04-06,House,"House: Amendment",62,68,0,0,130
942088,621305,2017-04-06,House,"House: Amendment to Amendment",70,61,0,0,131
942088,621306,2017-04-07,House,"House: Passage",75,55,0,0,130
942088,641964,2017-05-09,Senate,"Senate: Third reading",34,33,0,0,67
942088,641965,2017-05-09,House,"House: Adoption",75,56,0,0,131
942088,641966,2017-05-09,House,"House: Repassage",75,56,0,0,131
942088,665945,2017-04-06,House,"House: ",73,55,0,0,128
942088,665946,2017-04-06,House,"House: ",57,74,0,0,131
942101,647663,2017-05-21,Senate,"Senate: Third reading Passed",67,0,0,0,67
942131,607287,2017-03-20,Senate,"Senate: Third reading Passed",66,0,0,0,66
942131,630593,2017-04-24,House,"House: Passage",131,0,0,0,131
942133,644770,2017-05-15,Senate,"Senate: Third reading Passed",34,33,0,0,67
942133,647547,2017-05-21,House,"House: Amendment to Amendment",53,77,0,0,130
942133,647548,2017-05-21,House,"House: Passage",127,5,0,0,132
942133,647612,2017-05-21,Senate,"Senate: Third reading",64,0,0,0,64
942158,639276,2017-05-04,Senate,"Senate: Third reading Passed",63,0,0,0,63
942158,643791,2017-05-11,House,"House: Passage",127,0,0,0,127
943171,615507,2017-03-29,House,"House: Passage",124,0,0,0,124
943171,629258,2017-04-20,Senate,"Senate: Third reading Passed",65,0,0,0,65
943171,634339,2017-04-27,House,"House: Repassage",132,0,0,0,132
943190,641892,2017-05-09,House,"House: Passage",134,0,0,0,134
943190,644596,2017-05-15,Senate,"Senate: Third reading Passed",64,0,0,0,64
943416,598609,2017-03-06,House,"House: Amendment",22,104,0,0,126
943416,598610,2017-03-06,House,"House: Amendment",51,76,0,0,127
943416,598611,2017-03-06,House,"House: Amendment to Amendment",75,53,0,0,128
943416,598612,2017-03-06,House,"House: Amendment",49,79,0,0,128
943416,598613,2017-03-06,House,"House: Amendment",34,95,0,0,129
943416,598614,2017-03-06,House,"House: Passage",122,7,0,0,129
943416,634721,2017-04-27,Senate,"Senate: Third reading Passed",64,0,0,0,64
943972,640423,2017-05-08,House,"House: Passage",118,4,0,0,122
943972,645425,2017-05-16,Senate,"Senate: Third reading Passed",62,0,0,0,62
943972,754729,2018-05-20,House,"House: Repassage",126,1,0,0,127
943972,755021,2018-05-20,Senate,"Senate: Third reading",67,0,0,0,67
944111,647248,2017-05-20,House,"House: Amendment to Amendment",51,74,0,0,125
944111,647249,2017-05-20,House,"House: Amendment",124,2,0,0,126
944111,647250,2017-05-20,House,"House: Passage",76,50,0,0,126
945573,748991,2018-05-03,Senate,"Senate: Third reading Passed",65,0,0,0,65
945573,752146,2018-05-10,House,"House: Passage",123,4,0,0,127
945578,615209,2017-03-29,Senate,"Senate: Third reading Passed",36,30,0,0,66
945608,752237,2018-05-10,Senate,"Senate: Third reading Passed",60,6,0,0,66
945755,605537,2017-03-16,Senate,"Senate: Third reading Passed",64,0,0,0,64
945755,614411,2017-03-28,House,"House: Passage",130,0,0,0,130
946408,639370,2017-05-04,House,"House: Passage",129,0,0,0,129
946408,647177,2017-05-19,Senate,"Senate: Third reading Passed",65,0,0,0,65
946646,630574,2017-04-24,House,"House: Passage",79,53,0,0,132
946646,638746,2017-05-04,Senate,"Senate: Third reading Passed",35,29,0,0,64
946646,668146,2017-04-24,House,"House: ",78,53,0,0,131
946646,668147,2017-04-24,House,"House: ",78,53,0,0,131
946727,742411,2018-04-23,House,"House: Passage",123,0,0,0,123
946727,746452,2018-04-30,Senate,"Senate: Third reading Passed",65,1,0,0,66
946727,747350,2018-05-02,House,"House: Repassage",125,0,0,0,125
946748,616935,2017-03-31,House,"House: Amendment",56,73,0,0,129
946748,616936,2017-03-31,House,"House: Amendment",59,70,0,0,129
946748,616937,2017-03-31,House,"House: Passage",75,54,0,0,129
946748,618694,2017-04-04,Senate,"Senate: Third reading Passed",38,28,0,0,66
946748,642099,2017-05-09,Senate,"Senate: Third reading",34,32,0,0,66
946748,642100,2017-05-09,House,"House: Adoption",76,56,0,0,132
946748,642101,2017-05-09,House,"House: Repassage",72,59,0,0,131
946755,646813,2017-05-18,House,"House: Suspension of Rules",62,71,0,0,133
946788,634123,2017-04-27,House,"House: Passage",131,0,0,0,131
946788,646713,2017-05-18,Senate,"Senate: Third reading Passed",58,0,0,0,58
946827,630577,2017-04-24,House,"House: Passage",77,54,0,0,131
946827,639184,2017-05-04,Senate,"Senate: Third reading Passed",35,29,0,0,64
946874,616149,2017-03-30,House,"House: Amendment",56,76,0,0,132
946874,616150,2017-03-30,House,"House: Amendment",56,76,0,0,132
946874,616151,2017-03-30,House,"House: Amendment",50,82,0,0,132
946874,616152,2017-03-30,House,"House: Amendment",54,79,0,0,133
946874,616153,2017-03-30,House,"House: Amendment",58,76,0,0,134
946874,616154,2017-03-30,House,"House: Passage",80,53,0,0,133
946874,617681,2017-04-03,Senate,"Senate: Third reading Passed",37,29,0,0,66
946874,641915,2017-05-09,Senate,"Senate: Third reading",34,33,0,0,67
946874,641916,2017-05-09,House,"House: Refuse to Adopt",57,77,0,0,134
946874,641917,2017-05-09,House,"House: Repassage",79,55,0,0,134
946881,614418,2017-03-28,House,"House: Passage",130,0,0,0,130
946881,616629,2017-03-30,Senate,"Senate: Third reading Passed",66,0,0,0,66
946905,616915,2017-03-31,House,"House: Amendment",51,77,0,0,128
946905,616916,2017-03-31,House,"House: Amendment",55,73,0,0,128
946905,616917,2017-03-31,House,"House: Amendment",1,125,0,0,126
946905,616918,2017-03-31,House,"House: Passage",76,54,0,0,130
946905,618678,2017-04-04,Senate,"Senate: Third reading Passed",39,27,0,0,66
946905,643013,2017-05-10,House,"House: Adoption",74,58,0,0,132
946905,643014,2017-05-10,House,"House: Repassage",75,56,0,0,131
946905,644580,2017-05-15,Senate,"Senate: Third reading",35,31,0,0,66
952321,645591,2017-05-16,Senate,"Senate: Third reading Passed",67,0,0,0,67
952365,630772,2017-04-24,Senate,"Senate: Third reading Passed",65,0,0,0,65
952365,639539,2017-05-04,House,"House: Passage",130,0,0,0,130
952365,647554,2017-05-21,Senate,"Senate: Third reading",42,25,0,0,67
952365,647555,2017-05-21,House,"House: Adoption",83,32,0,0,115
952365,647556,2017-05-21,House,"House: Repassage",83,51,0,0,134
952375,616261,2017-03-30,Senate,"Senate: Third reading Passed",42,25,0,0,67
952375,620182,2017-04-05,House,"House: Passage",134,0,0,0,134
952375,641876,2017-05-09,Senate,"Senate: Third reading",36,31,0,0,67
952375,642329,2017-05-09,House,"House: Adoption",75,55,0,0,130
952375,642330,2017-05-09,House,"House: Repassage",78,53,0,0,131
952450,629276,2017-04-20,Senate,"Senate: Third reading Passed",65,0,0,0,65
952450,635940,2017-05-01,House,"House: Passage",129,0,0,0,129
952450,754737,2018-05-20,House,"House: Repassage",84,46,0,0,130
952450,755012,2018-05-20,Senate,"Senate: Third reading",34,33,0,0,67
952515,613997,2017-03-28,Senate,"Senate: Third reading Passed",52,15,0,0,67
952515,617736,2017-04-03,House,"House: Amendment",56,75,0,0,131
952515,617737,2017-04-03,House,"House: Amendment",64,66,0,0,130
952515,617738,2017-04-03,House,"House: Amendment",129,2,0,0,131
952515,617739,2017-04-03,House,"House: Amendment",56,75,0,0,131
952515,617740,2017-04-03,House,"House: Amendment",57,74,0,0,131
952515,617741,2017-04-03,House,"House: Amendment",60,71,0,0,131
952515,617742,2017-04-03,House,"House: Passage",94,37,0,0,131
952515,644557,2017-05-15,Senate,"Senate: Third reading",34,32,0,0,66
952515,644558,2017-05-15,House,"House: Adoption",73,55,0,0,128
952515,644559,2017-05-15,House,"House: Repassage",75,54,0,0,129
952598,617692,2017-04-03,Senate,"Senate: Third reading Passed",36,30,0,0,66
952598,622183,2017-04-07,House,"House: Amendment to Amendment",52,73,0,0,125
952598,622184,2017-04-07,House,"House: Passage",74,53,0,0,127
952598,641997,2017-05-09,Senate,"Senate: Third reading",34,33,0,0,67
952598,641998,2017-05-09,House,"House: Refuse to Adopt",55,75,0,0,130
952598,641999,2017-05-09,House,"House: Adoption",76,56,0,0,132
952598,642000,2017-05-09,House,"House: Repassage",76,56,0,0,132
953995,639592,2017-05-04,House,"House: Passage",130,0,0,0,130
953995,645990,2017-05-17,Senate,"Senate: Third reading Passed",65,0,0,0,65
953995,647218,2017-05-19,House,"House: Repassage",129,0,0,0,129
954189,643129,2017-05-10,House,"House: Suspension of Rules",57,74,0,0,131
954542,635865,2017-05-01,House,"House: Passage",131,0,0,0,131
954542,642935,2017-05-10,Senate,"Senate: Third reading Passed",65,0,0,0,65
954550,639588,2017-05-04,House,"House: Passage",129,0,0,0,129
954550,643128,2017-05-10,Senate,"Senate: Third reading Passed",64,0,0,0,64
954628,635892,2017-05-01,House,"House: Passage",131,0,0,0,131
954628,646739,2017-05-18,Senate,"Senate: Third reading Passed",62,0,0,0,62
954628,754730,2018-05-20,House,"House: Repassage",85,42,0,0,127
954628,755189,2018-05-20,Senate,"Senate: Third reading",34,33,0,0,67
954787,634275,2017-04-27,House,"House: Amendment to Amendment",75,56,0,0,131
954787,634276,2017-04-27,House,"House: Passage",85,46,0,0,131
954787,645388,2017-05-16,Senate,"Senate: Third reading Passed",39,27,0,0,66
954787,646771,2017-05-18,House,"House: Repassage",88,46,0,0,134
955322,644164,2017-05-12,House,"House: Passage",73,48,0,0,121
957529,627256,2017-04-18,Senate,"Senate: Third reading Passed",65,0,0,0,65
957529,635897,2017-05-01,House,"House: Passage",131,1,0,0,132
957862,643132,2017-05-10,Senate,"Senate: Third reading Passed",64,0,0,0,64
957862,645435,2017-05-16,House,"House: Passage",122,6,0,0,128
957862,647576,2017-05-21,Senate,"Senate: Third reading",39,28,0,0,67
957862,647577,2017-05-21,House,"House: Adoption",77,55,0,0,132
957862,647578,2017-05-21,House,"House: Repassage",78,54,0,0,132
958222,751504,2018-05-09,Senate,"Senate: Third reading Passed",63,0,0,0,63
958222,753914,2018-05-16,House,"House: Passage",127,0,0,0,127
958305,634693,2017-04-27,Senate,"Senate: Third reading Passed",65,0,0,0,65
958305,640510,2017-05-08,House,"House: Passage",125,0,0,0,125
958305,704669,2017-04-27,Senate,"Senate: Third reading Passed",65,0,0,0,65
959105,634320,2017-04-27,House,"House: Passage",131,0,0,0,131
959105,641092,2017-05-08,Senate,"Senate: Third reading Passed",66,0,0,0,66
959142,639597,2017-05-04,House,"House: Passage",119,11,0,0,130
959142,646698,2017-05-18,Senate,"Senate: Third reading Passed",63,0,0,0,63
959146,753952,2018-05-16,House,"House: Suspension of Rules",53,74,0,0,127
960925,627344,2017-04-18,Senate,"Senate: Third reading Passed",64,0,0,0,64
960925,635963,2017-05-01,House,"House: Passage",98,32,0,0,130
960925,639261,2017-05-04,Senate,"Senate: Third reading",63,0,0,0,63
961143,634837,2017-04-27,Senate,"Senate: Third reading Passed",65,0,0,0,65
961143,643348,2017-05-10,House,"House: Passage",112,18,0,0,130
961143,704673,2017-04-27,Senate,"Senate: Third reading Passed",65,0,0,0,65
962076,635907,2017-05-01,House,"House: Passage",87,44,0,0,131
962076,645447,2017-05-16,Senate,"Senate: Third reading Passed as amended",41,26,0,0,67
962076,646609,2017-05-18,House,"House: Repassage",90,43,0,0,133
962087,721768,2018-03-12,House,"House: Passage",130,0,0,0,130
962087,751442,2018-05-09,Senate,"Senate: Third reading Passed",62,0,0,0,62
962087,752791,2018-05-14,House,"House: Repassage",125,0,0,0,125
962129,646005,2017-05-17,House,"House: Passage",133,0,0,0,133
962216,634651,2017-04-27,House,"House: Passage",130,0,0,0,130
962216,646079,2017-05-17,Senate,"Senate: Third reading Passed",65,0,0,0,65
963137,607884,2017-03-20,Senate,"Senate: Third reading Passed",64,0,0,0,64
963137,636115,2017-05-01,House,"House: Amendment",64,68,0,0,132
963137,636116,2017-05-01,House,"House: Passage",69,62,0,0,131
963219,616251,2017-03-30,Senate,"Senate: Third reading Passed",38,28,0,0,66
963250,630642,2017-04-24,Senate,"Senate: Third reading Passed",65,0,0,0,65
963304,630774,2017-04-24,Senate,"Senate: Third reading Passed",65,0,0,0,65
963394,748158,2018-05-02,Senate,"Senate: Third reading Passed",58,8,0,0,66
964384,628139,2017-04-20,House,"House: Passage",129,0,0,0,129
964384,636057,2017-05-01,Senate,"Senate: Third reading Passed",65,0,0,0,65
966698,621340,2017-04-06,Senate,"Senate: Third reading Passed",66,0,0,0,66
966698,636107,2017-05-01,House,"House: Passage",132,0,0,0,132
966717,621224,2017-04-06,Senate,"Senate: Third reading Passed",65,0,0,0,65
966717,643043,2017-05-10,House,"House: Passage",131,0,0,0,131
966717,643826,2017-05-11,Senate,"Senate: Third reading",55,0,0,0,55
967906,605394,2017-03-16,House,"House: Passage",71,59,0,0,130
967930,640486,2017-05-08,House,"House: Passage",123,2,0,0,125
967930,645308,2017-05-16,Senate,"Senate: Third reading Passed",61,1,0,0,62
967930,647257,2017-05-20,House,"House: Repassage",127,2,0,0,129
967930,647560,2017-05-21,Senate,"Senate: Motion to reject CC report, prevailed (and return bill to conference committee)",34,31,0,0,65
967930,648083,2017-05-22,Senate,"Senate: Third reading",61,2,0,0,63
967930,648084,2017-05-22,House,"House: Repassage",131,2,0,0,133
967936,643070,2017-05-10,House,"House: Passage",130,0,0,0,130
967936,645221,2017-05-16,Senate,"Senate: Third reading Passed",60,0,0,0,60
967944,742854,2018-04-24,House,"House: Passage",48,74,0,0,122
967949,628138,2017-04-20,House,"House: Passage",130,0,0,0,130
967949,636056,2017-05-01,Senate,"Senate: Third reading Passed",64,0,0,0,64
968054,628396,2017-04-20,House,"House: Passage",127,2,0,0,129
968054,635973,2017-05-01,Senate,"Senate: Third reading Passed",60,0,0,0,60
968075,753926,2018-05-16,House,"House: Passage",125,0,0,0,125
968111,640056,2017-05-08,House,"House: Passage",125,0,0,0,125
968111,645300,2017-05-16,Senate,"Senate: Third reading Passed",46,21,0,0,67
969098,635987,2017-05-01,Senate,"Senate: Third reading Passed",64,0,0,0,64
969302,635955,2017-05-01,Senate,"Senate: Third reading Passed",66,0,0,0,66
969771,636003,2017-05-01,House,"House: Passage",131,1,0,0,132
969771,645009,2017-05-15,Senate,"Senate: Third reading Passed",66,0,0,0,66
969771,647246,2017-05-20,House,"House: Adoption",123,5,0,0,128
969771,647247,2017-05-20,House,"House: Repassage",124,5,0,0,129
969771,647745,2017-05-21,Senate,"Senate: Third reading",60,6,0,0,66
969841,634375,2017-04-27,House,"House: Amendment",128,0,0,0,128
969841,634376,2017-04-27,House,"House: Passage",110,22,0,0,132
969841,640975,2017-05-08,Senate,"Senate: Third reading Passed as amended",33,34,0,0,67
969841,646740,2017-05-18,Senate,"Senate: Third reading",55,7,0,0,62
969841,646741,2017-05-18,House,"House: Repassage",112,22,0,0,134
970286,634388,2017-04-27,House,"House: Passage",108,23,0,0,131
970286,646820,2017-05-18,Senate,"Senate: Third reading Passed",6,57,0,0,63
970286,647260,2017-05-20,House,"House: Repassage",122,7,0,0,129
970286,704663,2017-05-18,Senate,"Senate: Third reading Passed",61,3,0,0,64
972534,647187,2017-05-19,Senate,"Senate: Third reading Passed",65,0,0,0,65
972608,645575,2017-05-16,Senate,"Senate: Third reading Passed",64,0,0,0,64
972608,648234,2017-05-22,House,"House: Passage",119,14,0,0,133
972676,639280,2017-05-04,Senate,"Senate: Third reading Passed",63,0,0,0,63
972676,643705,2017-05-11,House,"House: Passage",128,0,0,0,128
972786,640942,2017-05-08,Senate,"Senate: Third reading Passed",36,29,0,0,65
972786,644183,2017-05-12,House,"House: Passage",69,51,0,0,120
972786,644896,2017-05-15,Senate,"Senate: Third reading",38,25,0,0,63
976293,643773,2017-05-10,Senate,"Senate: Third reading Passed",64,0,0,0,64
976293,645317,2017-05-16,House,"House: Passage",120,9,0,0,129
976293,647559,2017-05-21,Senate,"Senate: Motion to reject CC report, did not prevail",31,35,0,0,66
976293,648073,2017-05-22,Senate,"Senate: Third reading",35,31,0,0,66
976293,648074,2017-05-22,House,"House: Adoption",82,42,0,0,124
976293,648075,2017-05-22,House,"House: Repassage",87,43,0,0,130
976370,640749,2017-05-08,Senate,"Senate: Third reading Passed",34,32,0,0,66
976466,634791,2017-04-27,Senate,"Senate: Third reading Passed",65,0,0,0,65
976466,644709,2017-05-15,House,"House: Passage",105,21,0,0,126
976466,704638,2017-04-27,Senate,"Senate: Third reading Passed",65,0,0,0,65
976491,645493,2017-05-16,Senate,"Senate: Third reading Passed",62,0,0,0,62
976517,634729,2017-04-27,Senate,"Senate: Third reading Passed",64,0,0,0,64
976517,640453,2017-05-08,House,"House: Passage",125,0,0,0,125
976517,704642,2017-04-27,Senate,"Senate: Third reading Passed",64,0,0,0,64
976518,644590,2017-05-15,Senate,"Senate: Third reading Passed",64,0,0,0,64
976518,647192,2017-05-19,House,"House: Passage",129,0,0,0,129
976920,630723,2017-04-24,House,"House: Passage",131,0,0,0,131
976920,639338,2017-05-04,Senate,"Senate: Third reading Passed",63,0,0,0,63
977033,634661,2017-04-27,House,"House: Passage",130,0,0,0,130
977033,643696,2017-05-11,Senate,"Senate: Third reading Passed",63,0,0,0,63
977033,644122,2017-05-12,House,"House: Repassage",122,0,0,0,122
977079,628394,2017-04-20,House,"House: Passage",130,0,0,0,130
977079,636260,2017-05-01,Senate,"Senate: Third reading Passed as amended",63,0,0,0,63
977079,642038,2017-05-09,House,"House: Repassage",134,0,0,0,134
977107,644177,2017-05-12,House,"House: Passage",75,44,0,0,119
977107,646251,2017-05-17,Senate,"Senate: Third reading Passed",42,23,0,0,65
977107,647193,2017-05-19,Senate,"Senate: Third reading",42,23,0,0,65
977107,647194,2017-05-19,House,"House: Repassage",87,39,0,0,126
977119,620169,2017-04-05,House,"House: Amendment",76,55,0,0,131
977119,620170,2017-04-05,House,"House: Amendment",57,75,0,0,132
977119,620171,2017-04-05,House,"House: Amendment",53,80,0,0,133
977119,620172,2017-04-05,House,"House: Passage",109,25,0,0,134
977119,645358,2017-05-16,Senate,"Senate: Third reading Passed",42,25,0,0,67
978448,634690,2017-04-27,Senate,"Senate: Third reading Passed",64,0,0,0,64
978481,643699,2017-05-11,Senate,"Senate: Third reading Passed",55,0,0,0,55
978486,643150,2017-05-10,Senate,"Senate: Third reading Passed",64,0,0,0,64
978560,635854,2017-05-01,Senate,"Senate: Third reading Passed",64,0,0,0,64
978560,642321,2017-05-09,House,"House: Passage",134,0,0,0,134
978642,621568,2017-04-06,Senate,"Senate: Third reading Passed",66,0,0,0,66
978642,639275,2017-05-04,House,"House: Passage",130,0,0,0,130
979487,747425,2018-05-02,House,"House: Passage",122,3,0,0,125
979487,751408,2018-05-09,Senate,"Senate: Third reading Passed",58,0,0,0,58
980286,640758,2017-05-08,Senate,"Senate: Third reading Passed",67,0,0,0,67
980286,750821,2018-05-09,House,"House: Passage",122,0,0,0,122
980309,643801,2017-05-11,Senate,"Senate: Third reading Passed",62,0,0,0,62
980309,752173,2018-05-10,House,"House: Passage",126,0,0,0,126
980338,646657,2017-05-18,Senate,"Senate: Third reading Passed",62,0,0,0,62
981191,642977,2017-05-10,House,"House: Passage",128,0,0,0,128
981191,645976,2017-05-17,Senate,"Senate: Third reading Passed",63,0,0,0,63
981202,724866,2018-03-19,House,"House: Passage",125,1,0,0,126
981202,747347,2018-05-01,Senate,"Senate: Third reading Passed",35,31,0,0,66
981202,747348,2018-05-02,House,"House: Repassage",122,3,0,0,125
982969,639247,2017-05-04,Senate,"Senate: Third reading Passed",64,0,0,0,64
982969,643658,2017-05-11,House,"House: Passage",129,0,0,0,129
983992,635875,2017-05-01,House,"House: Passage",132,0,0,0,132
983992,643990,2017-05-11,Senate,"Senate: Third reading Passed",62,0,0,0,62
983992,644185,2017-05-12,House,"House: Repassage",122,0,0,0,122
985398,615331,2017-03-29,Senate,"Senate: Third reading Passed",58,9,0,0,67
985398,621341,2017-04-06,House,"House: Amendment",71,59,0,0,130
985398,621342,2017-04-06,House,"House: Amendment",131,0,0,0,131
985398,621343,2017-04-06,House,"House: Amendment",50,81,0,0,131
985398,621344,2017-04-06,House,"House: Amendment",75,57,0,0,132
985398,621345,2017-04-06,House,"House: Passage",76,55,0,0,131
985398,644641,2017-05-15,Senate,"Senate: Third reading",34,30,0,0,64
985398,644642,2017-05-15,House,"House: Adoption",75,52,0,0,127
985398,644643,2017-05-15,House,"House: Repassage",75,54,0,0,129
985398,665748,2017-04-06,House,"House: ",75,56,0,0,131
985728,750929,2018-05-08,Senate,"Senate: Third reading Passed",63,1,0,0,64
987946,635855,2017-05-01,Senate,"Senate: Third reading Passed",64,0,0,0,64
987946,643333,2017-05-10,House,"House: Passage",130,0,0,0,130
988202,642953,2017-05-10,House,"House: Passage",129,0,0,0,129
988202,645217,2017-05-16,Senate,"Senate: Third reading Passed",62,1,0,0,63
991538,742651,2018-04-24,House,"House: Passage",123,0,0,0,123
991538,746341,2018-04-30,Senate,"Senate: Third reading Passed",66,0,0,0,66
991629,732301,2018-03-29,House,"House: Passage",101,19,0,0,120
991629,754722,2018-05-18,Senate,"Senate: Third reading Passed",63,3,0,0,66
994745,614058,2017-03-28,Senate,"Senate: Third reading Passed",36,31,0,0,67
994745,618710,2017-04-04,House,"House: Amendment",57,73,0,0,130
994745,618711,2017-04-04,House,"House: Passage",77,53,0,0,130
994745,644537,2017-05-15,Senate,"Senate: Third reading Passed",34,30,0,0,64
994745,644538,2017-05-15,House,"House: Adoption",75,54,0,0,129
994745,644539,2017-05-15,House,"House: Repassage",75,54,0,0,129
1009058,644823,2017-05-15,House,"House: Passage",124,4,0,0,128
1009828,635867,2017-05-01,House,"House: Suspension of Rules",59,73,0,0,132
1010828,724859,2018-03-19,House,"House: Passage",115,10,0,0,125
1010828,742639,2018-04-23,Senate,"Senate: Third reading Passed",66,0,0,0,66
1012489,648063,2017-05-22,Senate,"Senate: Third reading Passed as amended",65,0,0,0,65
1012489,648064,2017-05-22,House,"House: Passage",134,0,0,0,134
1012489,704675,2017-05-22,Senate,"Senate: Third reading Passed as amended",65,0,0,0,65
1015376,648039,2017-05-21,Senate,"Senate: Adopted",66,0,0,0,66
1093252,750940,2018-05-08,House,"House: Amendment",84,42,0,0,126
1093252,750941,2018-05-08,House,"House: Passage, as amended",83,44,0,0,127
1093252,752953,2018-05-14,Senate,"Senate: Third reading Passed",39,26,0,0,65
1093279,747056,2018-05-01,House,"House: Amendment",49,75,0,0,124
1093279,747057,2018-05-01,House,"House: Amendment",121,4,0,0,125
1093279,747058,2018-05-01,House,"House: Amendment",50,76,0,0,126
1093279,747059,2018-05-01,House,"House: Passage",92,35,0,0,127
1093279,747357,2018-05-01,House,"House: ",71,54,0,0,125
1093315,741492,2018-04-19,Senate,"Senate: Third reading Passed",59,0,0,0,59
1093315,745153,2018-04-26,House,"House: Passage",126,0,0,0,126
1093326,722098,2018-03-12,House,"House: Passage",130,0,0,0,130
1093326,741483,2018-04-19,Senate,"Senate: Third reading Passed",57,0,0,0,57
1093361,747970,2018-05-02,Senate,"Senate: Third reading Passed",65,0,0,0,65
1093385,744403,2018-04-25,House,"House: Passage",126,0,0,0,126
1093385,748355,2018-05-02,Senate,"Senate: Third reading Passed",66,0,0,0,66
1093393,750990,2018-05-08,House,"House: Passage",126,0,0,0,126
1093393,752797,2018-05-14,Senate,"Senate: Third reading Passed",64,1,0,0,65
1093425,741605,2018-04-19,House,"House: Passage",123,1,0,0,124
1093425,753400,2018-05-15,Senate,"Senate: Third reading Passed",46,20,0,0,66
1093425,753941,2018-05-16,House,"House: Repassage",101,19,0,0,120
1093425,754733,2018-05-20,House,"House: Veto Override",79,52,0,0,131
1093479,749748,2018-05-07,House,"House: Passage",100,26,0,0,126
1093479,752211,2018-05-10,Senate,"Senate: Third reading Passed",66,0,0,0,66
1093479,753422,2018-05-15,House,"House: Repassage",128,0,0,0,128
1093552,745020,2018-04-26,House,"House: Passage",126,0,0,0,126
1093573,738373,2018-04-12,House,"House: Re-Referral",50,76,0,0,126
1093573,738924,2018-04-16,House,"House: Re-Referral",48,77,0,0,125
1093573,738925,2018-04-16,House,"House: Passage",69,56,0,0,125
1093638,738349,2018-04-12,House,"House: Passage",127,0,0,0,127
1093638,749113,2018-05-03,Senate,"Senate: Third reading Passed",62,2,0,0,64
1093638,754748,2018-05-20,House,"House: Repassage",131,0,0,0,131
1093638,755018,2018-05-20,Senate,"Senate: Third reading",66,1,0,0,67
1094690,754410,2018-05-17,Senate,"Senate: Third reading Passed",61,0,0,0,61
1094703,709079,2018-02-22,Senate,"Senate: Adopted",62,0,0,0,62
1094734,748396,2018-05-02,Senate,"Senate: Third reading Passed",67,0,0,0,67
1094734,752204,2018-05-10,House,"House: Passage",127,0,0,0,127
1094757,748019,2018-05-02,Senate,"Senate: Third reading Passed",62,4,0,0,66
1094757,752210,2018-05-10,House,"House: Passage, as amended",123,3,0,0,126
1094757,754706,2018-05-18,Senate,"Senate: Third reading",47,20,0,0,67
1094757,754707,2018-05-18,Senate,"Senate: Motion to reject CC report, did not prevail",33,34,0,0,67
1094757,754708,2018-05-18,House,"House: Repassage",116,5,0,0,121
1094786,709237,2018-02-22,Senate,"Senate: Adopted",63,0,0,0,63
1094969,709083,2018-02-22,Senate,"Senate: Adopted",63,0,0,0,63
1095325,708992,2018-02-22,House,"House: Hillstrom Motion - Suspension of Rules",128,0,0,0,128
1095325,708993,2018-02-22,House,"House: Amendment",111,17,0,0,128
1095346,749595,2018-05-07,House,"House: Passage",126,0,0,0,126
1095346,752796,2018-05-14,Senate,"Senate: Third reading Passed",66,0,0,0,66
1095370,749829,2018-05-07,House,"House: Passage",126,0,0,0,126
1095370,752795,2018-05-14,Senate,"Senate: Third reading Passed",66,0,0,0,66
1095452,750884,2018-05-08,House,"House: Passage",77,41,0,0,118
1095452,752879,2018-05-14,Senate,"Senate: Third reading Passed",40,27,0,0,67
1095503,729190,2018-03-26,House,"House: Passage",126,0,0,0,126
1095503,752172,2018-05-10,Senate,"Senate: Third reading Passed",66,0,0,0,66
1095942,746226,2018-04-30,Senate,"Senate: Third reading Passed",66,0,0,0,66
1095942,750915,2018-05-09,House,"House: Passage",120,0,0,0,120
1095976,750273,2018-05-07,Senate,"Senate: Third reading Passed",59,5,0,0,64
1095976,753367,2018-05-15,House,"House: Passage",127,0,0,0,127
1096027,754423,2018-05-17,Senate,"Senate: Third reading Passed",61,0,0,0,61
1096062,728952,2018-03-26,Senate,"Senate: Third reading Passed",66,0,0,0,66
1096062,754749,2018-05-20,House,"House: Passage",131,0,0,0,131
1096062,755134,2018-05-20,Senate,"Senate: Third reading Passed",67,0,0,0,67
1096091,744055,2018-04-25,Senate,"Senate: Third reading Passed",66,0,0,0,66
1096091,749808,2018-05-07,House,"House: Passage",126,0,0,0,126
1096097,750231,2018-05-07,Senate,"Senate: Third reading Passed",65,0,0,0,65
1096097,753360,2018-05-15,House,"House: Passage",127,0,0,0,127
1096100,747464,2018-05-01,Senate,"Senate: Third reading Passed",67,0,0,0,67
1096100,753460,2018-05-15,House,"House: Passage",127,0,0,0,127
1096100,754005,2018-05-16,Senate,"Senate: Third reading Passed",67,0,0,0,67
1096415,747047,2018-05-01,House,"House: Amendment to Amendment",77,51,0,0,128
1096415,747048,2018-05-01,House,"House: Amendment",113,15,0,0,128
1096415,747049,2018-05-01,House,"House: Amendment",119,8,0,0,127
1096415,747050,2018-05-01,House,"House: Amendment to Amendment",49,77,0,0,126
1096415,747051,2018-05-01,House,"House: Amendment",51,76,0,0,127
1096415,747052,2018-05-01,House,"House: Amendment to Amendment",78,48,0,0,126
1096415,747053,2018-05-01,House,"House: Amendment",77,47,0,0,124
1096415,747054,2018-05-01,House,"House: Passage",82,43,0,0,125
1096415,747554,2018-04-26,House,"House: Peppin motion - Lay on Table",76,46,0,0,122
1096415,747555,2018-05-01,House,"House: ",77,50,0,0,127
1096415,749612,2018-05-01,House,"House: Amendment, as amended",0,123,0,0,123
1096441,732300,2018-03-29,House,"House: Hortman motion - Suspension of Rules",48,69,0,0,117
1096470,738400,2018-04-12,House,"House: Amendment",50,77,0,0,127
1096470,738401,2018-04-12,House,"House: Passage",108,18,0,0,126
1096470,753865,2018-05-16,Senate,"Senate: Third reading Passed",67,0,0,0,67
1096569,750870,2018-05-08,House,"House: Passage",126,0,0,0,126
1096569,753115,2018-05-14,Senate,"Senate: Third reading Passed",66,0,0,0,66
1098041,747455,2018-05-01,Senate,"Senate: Third reading Passed",67,0,0,0,67
1098041,749728,2018-05-07,House,"House: Passage",123,3,0,0,126
1098060,751651,2018-05-09,Senate,"Senate: Third reading Passed",55,4,0,0,59
1098060,754130,2018-05-16,House,"House: Passage",95,31,0,0,126
1098060,754371,2018-05-17,Senate,"Senate: Third reading",58,1,0,0,59
1098086,742290,2018-04-23,Senate,"Senate: Third reading Passed",67,0,0,0,67
1098086,747386,2018-05-02,House,"House: Passage",124,0,0,0,124
1098231,748053,2018-05-02,Senate,"Senate: Third reading Passed",66,0,0,0,66
1098231,753389,2018-05-15,House,"House: Passage",121,0,0,0,121
1098303,747237,2018-05-01,Senate,"Senate: Third reading Passed",67,0,0,0,67
1098303,752209,2018-05-10,House,"House: Passage",123,0,0,0,123
1098308,748010,2018-05-02,Senate,"Senate: Third reading Passed",54,10,0,0,64
1098357,747080,2018-05-01,Senate,"Senate: Third reading Passed",67,0,0,0,67
1098379,747073,2018-05-01,Senate,"Senate: Third reading Passed",37,30,0,0,67
1098379,752163,2018-05-10,House,"House: Amendment",48,79,0,0,127
1098379,752164,2018-05-10,House,"House: Passage",79,48,0,0,127
1098421,750219,2018-05-07,Senate,"Senate: Third reading Passed",36,27,0,0,63
1098421,753361,2018-05-15,House,"House: Passage",71,51,0,0,122
1098421,754715,2018-05-18,Senate,"Senate: Third reading",36,30,0,0,66
1098421,754716,2018-05-18,House,"House: Repassage",72,48,0,0,120
1099162,744046,2018-04-25,House,"House: Passage",126,0,0,0,126
1099162,747130,2018-05-01,Senate,"Senate: Third reading Passed",67,0,0,0,67
1099186,744045,2018-04-25,House,"House: Passage",122,3,0,0,125
1099186,747098,2018-05-01,Senate,"Senate: Third reading Passed",65,0,0,0,65
1099251,753873,2018-05-16,House,"House: Passage",112,15,0,0,127
1099251,754728,2018-05-19,House,"House: Repassage",124,0,0,0,124
1099251,755014,2018-05-19,Senate,"Senate: Third reading Passed",61,5,0,0,66
1099265,728950,2018-03-26,House,"House: Passage",125,0,0,0,125
1099265,741505,2018-04-19,Senate,"Senate: Third reading Passed",67,0,0,0,67
1099265,744109,2018-04-25,House,"House: Repassage",125,1,0,0,126
1099307,747606,2018-05-02,House,"House: Passage",79,44,0,0,123
1099307,752226,2018-05-10,Senate,"Senate: Third reading Passed",65,0,0,0,65
1099307,754710,2018-05-18,Senate,"Senate: Third reading",61,0,0,0,61
1099307,754711,2018-05-18,House,"House: Repassage",87,35,0,0,122
1099346,741599,2018-04-19,House,"House: Passage",124,0,0,0,124
1099346,751491,2018-05-09,Senate,"Senate: Third reading Passed",55,8,0,0,63
1099346,753095,2018-05-14,House,"House: Repassage",125,0,0,0,125
1099348,749878,2018-05-07,House,"House: Passage",126,0,0,0,126
1099348,753570,2018-05-15,Senate,"Senate: Third reading Passed",56,0,0,0,56
1099350,742404,2018-04-23,House,"House: Amendment",51,72,0,0,123
1099350,742405,2018-04-23,House,"House: Passage",78,45,0,0,123
1099350,746377,2018-04-30,Senate,"Senate: Third reading Passed",38,28,0,0,66
1099350,749601,2018-05-07,House,"House: Repassage",79,48,0,0,127
1099350,750259,2018-05-07,Senate,"Senate: Third reading",38,28,0,0,66
1099375,750958,2018-05-09,House,"House: Passage",120,0,0,0,120
1099409,738301,2018-04-12,House,"House: Passage",127,0,0,0,127
1099409,746254,2018-04-30,Senate,"Senate: Third reading Passed",65,0,0,0,65
1099447,714779,2018-03-01,House,"House: Hansen motion - Suspension of Rules",55,74,0,0,129
1099506,752800,2018-05-14,House,"House: Passage",124,1,0,0,125
1099549,747840,2018-05-02,House,"House: Passage",120,0,0,0,120
1099549,751452,2018-05-09,Senate,"Senate: Third reading Passed",63,0,0,0,63
1099549,754617,2018-05-17,Senate,"Senate: Third reading",51,12,0,0,63
1099549,754618,2018-05-17,House,"House: Repassage",126,0,0,0,126
1099559,724858,2018-03-19,House,"House: Passage",126,0,0,0,126
1099559,741461,2018-04-19,Senate,"Senate: Third reading Passed",67,0,0,0,67
1100274,752291,2018-05-10,Senate,"Senate: Third reading Passed",67,0,0,0,67
1100308,748982,2018-05-03,Senate,"Senate: Third reading Passed",64,1,0,0,65
1100308,753393,2018-05-15,House,"House: Passage",127,0,0,0,127
1100308,753935,2018-05-16,Senate,"Senate: Third reading Passed",66,0,0,0,66
1100426,750923,2018-05-08,Senate,"Senate: Third reading Passed",64,0,0,0,64
1100462,747293,2018-05-01,Senate,"Senate: Third reading Passed",64,0,0,0,64
1100462,750774,2018-05-08,House,"House: Passage",126,0,0,0,126
1100512,748990,2018-05-03,Senate,"Senate: Third reading Passed",64,0,0,0,64
1100560,751490,2018-05-09,Senate,"Senate: Third reading Passed",65,0,0,0,65
1100562,747333,2018-05-01,Senate,"Senate: Third reading Passed",67,0,0,0,67
1100562,750935,2018-05-09,House,"House: Passage",121,0,0,0,121
1100963,752872,2018-05-14,House,"House: Passage",125,0,0,0,125
1100963,754712,2018-05-18,Senate,"Senate: Third reading Passed",65,0,0,0,65
1100980,742588,2018-04-23,House,"House: Passage",123,0,0,0,123
1100980,748184,2018-05-02,Senate,"Senate: Third reading Passed",65,0,0,0,65
1101005,738920,2018-04-16,House,"House: Passage",125,0,0,0,125
1101005,747997,2018-05-02,Senate,"Senate: Third reading Passed",66,0,0,0,66
1101005,749907,2018-05-07,House,"House: Repassage",127,0,0,0,127
1101131,723712,2018-03-15,House,"House: Kresha motion - Recall and Re-refer",76,50,0,0,126
1102363,747269,2018-05-01,Senate,"Senate: Third reading Passed",42,25,0,0,67
1102389,753534,2018-05-15,Senate,"Senate: Third reading Passed",55,0,0,0,55
1102389,754742,2018-05-20,House,"House: Passage",127,4,0,0,131
1102432,750792,2018-05-08,Senate,"Senate: Third reading Passed",63,0,0,0,63
1102432,753484,2018-05-15,House,"House: Passage",127,0,0,0,127
1102449,750832,2018-05-08,Senate,"Senate: Third reading Passed",64,0,0,0,64
1102449,753585,2018-05-15,House,"House: Passage",127,0,0,0,127
1102457,723968,2018-03-15,Senate,"Senate: Motion did not prevail for Urgency, Rules Suspension, Third Reading and Final Passage",33,33,0,0,66
1102457,725281,2018-03-19,Senate,"Senate: Third reading Passed",47,20,0,0,67
1102457,725282,2018-03-19,House,"House: Torkelson motion - Suspension of Rules",126,0,0,0,126
1102457,725283,2018-03-19,House,"House: Amendment",81,46,0,0,127
1102457,725284,2018-03-19,House,"House: Amendment",8,117,0,0,125
1102457,725285,2018-03-19,House,"House: Amendment",45,80,0,0,125
1102457,725286,2018-03-19,House,"House: Passage, as amended",98,27,0,0,125
1102457,727814,2018-03-22,Senate,"Senate: Third reading",48,17,0,0,65
1102457,727815,2018-03-22,House,"House: Repassage, as amended by Conference",124,6,0,0,130
1102495,747352,2018-05-01,Senate,"Senate: Third reading Passed",66,0,0,0,66
1102495,749630,2018-05-07,House,"House: Passage",127,0,0,0,127
1102938,742620,2018-04-24,House,"House: Passage",121,0,0,0,121
1102938,752288,2018-05-10,Senate,"Senate: Third reading Passed",67,0,0,0,67
1102938,753572,2018-05-15,House,"House: Repassage",128,0,0,0,128
1102952,754112,2018-05-16,House,"House: Passage",92,34,0,0,126
1102952,754734,2018-05-20,House,"House: Repassage",95,34,0,0,129
1102952,755245,2018-05-20,Senate,"Senate: Third reading Passed",58,4,0,0,62
1103044,752951,2018-05-14,House,"House: Passage",124,0,0,0,124
1103044,754789,2018-05-20,House,"House: Repassage",95,32,0,0,127
1103044,755162,2018-05-20,Senate,"Senate: Third reading Passed",63,0,0,0,63
1103053,742579,2018-04-24,House,"House: Passage",124,0,0,0,124
1103053,748047,2018-05-02,Senate,"Senate: Third reading Passed",66,0,0,0,66
1103159,723707,2018-03-15,House,"House: Franke motion - Recall and Re-refer",84,43,0,0,127
1103167,741659,2018-04-19,House,"House: Passage",124,0,0,0,124
1103167,746214,2018-04-30,Senate,"Senate: Third reading Passed",66,0,0,0,66
1103175,752970,2018-05-14,House,"House: Amendment to Amendment",124,1,0,0,125
1103175,752971,2018-05-14,House,"House: Amendment",47,77,0,0,124
1103175,752972,2018-05-14,House,"House: Amendment to Amendment",43,83,0,0,126
1103175,752973,2018-05-14,House,"House: Amendment",120,5,0,0,125
1103175,752974,2018-05-14,House,"House: Passage",126,0,0,0,126
1103209,752786,2018-05-14,House,"House: Passage",124,0,0,0,124
1103209,753868,2018-05-16,Senate,"Senate: Third reading Passed",67,0,0,0,67
1103209,754735,2018-05-20,House,"House: Repassage",86,42,0,0,128
1103209,755425,2018-05-20,Senate,"Senate: Third reading",39,28,0,0,67
1103224,728942,2018-03-26,House,"House: Passage",122,3,0,0,125
1103224,747388,2018-05-01,Senate,"Senate: Third reading Passed",61,0,0,0,61
1103728,752249,2018-05-10,Senate,"Senate: Third reading Passed",67,0,0,0,67
1103728,754461,2018-05-17,House,"House: Passage",128,0,0,0,128
1103776,728967,2018-03-26,Senate,"Senate: Third reading Passed",56,10,0,0,66
1103776,728968,2018-03-26,House,"House: Passage",93,33,0,0,126
1103809,747045,2018-05-01,Senate,"Senate: Third reading Passed",67,0,0,0,67
1103809,750868,2018-05-09,House,"House: Passage",122,0,0,0,122
1103813,750175,2018-05-07,Senate,"Senate: Third reading Passed",65,1,0,0,66
1103813,752931,2018-05-14,House,"House: Passage",123,0,0,0,123
1103836,746336,2018-04-30,Senate,"Senate: Third reading Passed",65,0,0,0,65
1103836,750877,2018-05-08,House,"House: Passage",102,7,0,0,109
1104493,753974,2018-05-16,House,"House: Passage",126,0,0,0,126
1104529,752986,2018-05-14,House,"House: Passage",123,2,0,0,125
1104575,753999,2018-05-16,House,"House: Passage",74,52,0,0,126
1104612,749953,2018-05-07,House,"House: Passage",125,0,0,0,125
1104612,752882,2018-05-14,Senate,"Senate: Third reading Passed",65,1,0,0,66
1104663,753079,2018-05-14,House,"House: Passage",108,16,0,0,124
1104663,754751,2018-05-20,House,"House: Repassage",119,10,0,0,129
1104663,755086,2018-05-20,Senate,"Senate: Third reading Passed",62,0,0,0,62
1104669,753988,2018-05-16,House,"House: Passage",101,24,0,0,125
1104696,732296,2018-03-29,House,"House: Passage",121,0,0,0,121
1104696,746426,2018-04-30,Senate,"Senate: Third reading Passed",66,0,0,0,66
1104696,747317,2018-05-02,House,"House: Repassage",125,0,0,0,125
1105184,754720,2018-05-18,Senate,"Senate: Third reading Passed",38,27,0,0,65
1105184,754721,2018-05-18,Senate,"Senate: Special Order: Amended",37,29,0,0,66
1105256,753470,2018-05-15,Senate,"Senate: Third reading Passed",66,0,0,0,66
1105256,754699,2018-05-18,House,"House: Passage",120,0,0,0,120
1105274,750150,2018-05-07,Senate,"Senate: Third reading Passed",65,0,0,0,65
1105274,753417,2018-05-15,House,"House: Passage",125,0,0,0,125
1105274,753872,2018-05-16,Senate,"Senate: Third reading",60,1,0,0,61
1105287,752926,2018-05-14,Senate,"Senate: Third reading Passed",66,0,0,0,66
1105287,754372,2018-05-17,House,"House: Passage",130,0,0,0,130
1105325,750137,2018-05-07,Senate,"Senate: Third reading Passed",66,0,0,0,66
1105325,753546,2018-05-15,House,"House: Amendment to Amendment",126,1,0,0,127
1105325,753547,2018-05-15,House,"House: Passage",127,0,0,0,127
1105325,754725,2018-05-19,House,"House: Repassage",125,0,0,0,125
1105325,755058,2018-05-19,Senate,"Senate: Third reading",63,1,0,0,64
1105338,742318,2018-04-23,Senate,"Senate: Third reading Passed",57,10,0,0,67
1105338,747392,2018-05-02,House,"House: Amendment",44,78,0,0,122
1105338,747393,2018-05-02,House,"House: Passage",123,0,0,0,123
1105512,752839,2018-05-14,House,"House: Passage",123,0,0,0,123
1105512,754124,2018-05-16,Senate,"Senate: Third reading Passed",67,0,0,0,67
1105589,752907,2018-05-14,House,"House: Passage",74,51,0,0,125
1105589,754038,2018-05-16,Senate,"Senate: Third reading Passed",35,32,0,0,67
1105589,754469,2018-05-17,House,"House: Passage",74,53,0,0,127
1105614,749796,2018-05-07,House,"House: Passage",126,0,0,0,126
1105614,752221,2018-05-10,Senate,"Senate: Third reading Passed",67,0,0,0,67
1105614,754714,2018-05-18,House,"House: Repassage",118,0,0,0,118
1105614,755187,2018-05-19,Senate,"Senate: Third reading",65,0,0,0,65
1105648,738421,2018-04-12,House,"House: Passage",127,0,0,0,127
1105648,744047,2018-04-25,Senate,"Senate: Third reading Passed",66,0,0,0,66
1105648,747190,2018-05-01,House,"House: Repassage, as amended by the Senate",127,0,0,0,127
1105740,750119,2018-05-07,Senate,"Senate: Third reading Passed",65,0,0,0,65
1105740,752928,2018-05-14,House,"House: Passage",125,0,0,0,125
1105758,741472,2018-04-19,Senate,"Senate: Third reading Passed",67,0,0,0,67
1105758,747539,2018-05-02,House,"House: Passage",119,5,0,0,124
1105843,752862,2018-05-14,Senate,"Senate: Third reading Passed",37,29,0,0,66
1105857,750072,2018-05-07,Senate,"Senate: Third reading Passed",65,0,0,0,65
1105890,747238,2018-05-01,Senate,"Senate: Third reading Passed",65,2,0,0,67
1105890,753449,2018-05-15,House,"House: Passage",127,0,0,0,127
1105910,750224,2018-05-07,Senate,"Senate: Third reading Passed",37,28,0,0,65
1105910,754724,2018-05-19,House,"House: Passage",77,46,0,0,123
1106162,753377,2018-05-15,House,"House: Passage",127,0,0,0,127
1106162,754413,2018-05-17,Senate,"Senate: Third reading Passed",61,0,0,0,61
1106189,742370,2018-04-23,House,"House: Passage",114,8,0,0,122
1106189,753372,2018-05-15,Senate,"Senate: Third reading Passed",54,0,0,0,54
1106280,750939,2018-05-08,House,"House: Passage",119,1,0,0,120
1106280,753454,2018-05-15,Senate,"Senate: Third reading Passed",39,20,0,0,59
1106299,739062,2018-04-16,House,"House: Passage",124,1,0,0,125
1106299,744494,2018-04-25,Senate,"Senate: Third reading Passed",66,0,0,0,66
1106701,741451,2018-04-19,Senate,"Senate: Third reading Passed",67,0,0,0,67
1106701,751006,2018-05-08,House,"House: Passage",121,0,0,0,121
1106739,746200,2018-04-30,Senate,"Senate: Third reading Passed",53,13,0,0,66
1106739,753544,2018-05-15,House,"House: Passage",109,18,0,0,127
1106741,746203,2018-04-30,Senate,"Senate: Third reading Passed",66,0,0,0,66
1106790,744481,2018-04-25,Senate,"Senate: Third reading Passed",64,2,0,0,66
1106790,747459,2018-05-02,House,"House: Passage",124,0,0,0,124
1106978,751022,2018-05-08,House,"House: Passage, as amended",74,52,0,0,126
1106978,752927,2018-05-14,Senate,"Senate: Third reading Passed",42,25,0,0,67
1106978,754024,2018-05-16,House,"House: Repassage",83,36,0,0,119
1107082,732288,2018-03-29,House,"House: Passage",114,7,0,0,121
1107082,754717,2018-05-18,Senate,"Senate: Third reading Passed",60,5,0,0,65
1107082,754741,2018-05-20,House,"House: Repassage",119,2,0,0,121
1107082,755191,2018-05-20,Senate,"Senate: Third reading",54,7,0,0,61
1107618,745198,2018-04-26,Senate,"Senate: Third reading Passed",34,31,0,0,65
1107618,748941,2018-05-03,House,"House: Amendment",52,73,0,0,125
1107618,748942,2018-05-03,House,"House: Amendment",51,74,0,0,125
1107618,748943,2018-05-03,House,"House: Amendment to Amendment",51,72,0,0,123
1107618,748944,2018-05-03,House,"House: Amendment",113,11,0,0,124
1107618,748945,2018-05-03,House,"House: ",74,51,0,0,125
1107618,748946,2018-05-03,House,"House: Amendment",48,77,0,0,125
1107618,748947,2018-05-03,House,"House: Amendment to Amendment",60,65,0,0,125
1107618,748948,2018-05-03,House,"House: Amendment to Amendment",71,54,0,0,125
1107618,748949,2018-05-03,House,"House: Amendment",47,77,0,0,124
1107618,748950,2018-05-03,House,"House: Amendment to Amendment",74,49,0,0,123
1107618,748951,2018-05-03,House,"House: Amendment",54,70,0,0,124
1107618,748952,2018-05-03,House,"House: Amendment",52,73,0,0,125
1107618,748953,2018-05-03,House,"House: Amendment",124,0,0,0,124
1107618,748954,2018-05-03,House,"House: Amendment to Amendment",73,52,0,0,125
1107618,748955,2018-05-03,House,"House: Amendment",45,80,0,0,125
1107618,748956,2018-05-03,House,"House: Passage",77,49,0,0,126
1107618,754726,2018-05-20,House,"House: Refuse to Adopt",48,77,0,0,125
1107618,754727,2018-05-20,House,"House: Repassage",76,49,0,0,125
1107618,755109,2018-05-19,Senate,"Senate: Motion to reject CC report, did not prevail",33,34,0,0,67
1107618,755110,2018-05-19,Senate,"Senate: Third reading",35,32,0,0,67
1107639,748319,2018-05-02,Senate,"Senate: Third reading Passed",59,7,0,0,66
1107639,753878,2018-05-16,House,"House: Passage",126,0,0,0,126
1107639,754404,2018-05-17,Senate,"Senate: Third reading",49,9,0,0,58
1107655,742283,2018-04-23,Senate,"Senate: Third reading Passed",67,0,0,0,67
1107655,754702,2018-05-18,Senate,"Senate: Third reading",64,0,0,0,64
1107655,754703,2018-05-18,House,"House: Passage",119,0,0,0,119
1107935,752841,2018-05-14,House,"House: Amendment to Amendment",50,75,0,0,125
1107935,752842,2018-05-14,House,"House: Passage",81,43,0,0,124
1107935,754412,2018-05-17,Senate,"Senate: Third reading Passed",49,13,0,0,62
1107935,754718,2018-05-18,House,"House: Motion to Concur",84,38,0,0,122
1107935,754719,2018-05-18,House,"House: Repassage",85,37,0,0,122
1108022,748377,2018-05-02,Senate,"Senate: Third reading Passed",66,0,0,0,66
1108022,752290,2018-05-10,House,"House: Passage",126,0,0,0,126
1108548,747541,2018-05-02,House,"House: Passage",125,0,0,0,125
1108548,750934,2018-05-08,Senate,"Senate: Third reading Passed",64,0,0,0,64
1108575,746220,2018-04-30,House,"House: Amendment",45,83,0,0,128
1108575,746221,2018-04-30,House,"House: Passage",128,0,0,0,128
1111794,744969,2018-04-26,House,"House: Amendment to Amendment",76,50,0,0,126
1111794,744970,2018-04-26,House,"House: Amendment to Amendment",74,53,0,0,127
1111794,744971,2018-04-26,House,"House: Amendment",44,80,0,0,124
1111794,744972,2018-04-26,House,"House: Passage",94,29,0,0,123
1111794,749562,2018-04-26,House,"House: Amendment to Loon Amendment",0,125,0,0,125
1112830,746233,2018-04-30,House,"House: Amendment to Amendment",77,50,0,0,127
1112830,746234,2018-04-30,House,"House: Amendment",47,79,0,0,126
1112830,746235,2018-04-30,House,"House: Amendment to Amendment",49,78,0,0,127
1112830,746236,2018-04-30,House,"House: Amendment",50,77,0,0,127
1112830,746237,2018-04-30,House,"House: Passage",90,38,0,0,128
1112830,747100,2018-04-30,House,"House: ",76,48,0,0,124
1112830,748917,2018-05-03,Senate,"Senate: Third reading Passed",34,32,0,0,66
1112830,753384,2018-05-15,House,"House: Repassage",78,50,0,0,128
1112830,753900,2018-05-16,Senate,"Senate: Third reading",34,33,0,0,67
1113336,752915,2018-05-14,House,"House: Amendment to Amendment",124,0,0,0,124
1113336,752916,2018-05-14,House,"House: Amendment",124,0,0,0,124
1113336,752917,2018-05-14,House,"House: Amendment",53,74,0,0,127
1113336,752918,2018-05-14,House,"House: Amendment",97,29,0,0,126
1113336,752919,2018-05-14,House,"House: Passage",84,39,0,0,123
1113774,754470,2018-05-17,House,"House: Passage",76,54,0,0,130
1113789,753080,2018-05-14,House,"House: Passage",122,3,0,0,125
1113789,754732,2018-05-20,House,"House: Repassage",113,17,0,0,130
1113789,755241,2018-05-20,Senate,"Senate: Third reading Passed",42,25,0,0,67
1117147,754731,2018-05-20,House,"House: Passage",131,0,0,0,131
1117147,755230,2018-05-20,Senate,"Senate: Third reading Passed",66,0,0,0,66
1118864,754723,2018-05-18,Senate,"Senate: Adopted",54,0,0,0,54
