bill_id,session_id,bill_number,status,status_desc,status_date,title,description,committee_id,committee,last_action_date,last_action,url,state_link
1382659,1779,HF1,1,Introduced,2020-11-12,"PROMISE Act established, community repair panel created, redevelopment and relief programs created, Metropolitan Area Redevelopment Corporation established, sales and use tax imposed, property tax abatement required, Civil Unrest Investigatory Commission established, and money appropriated.","PROMISE Act established, community repair panel created, redevelopment and relief programs created, Metropolitan Area Redevelopment Corporation established, sales and use tax imposed, property tax abatement required, Civil Unrest Investigatory Commission established, and money appropriated.",1767,"House Jobs and Economic Development Finance",2020-11-12,"Introduction and first reading, referred to Jobs and Economic Development Finance Division",https://legiscan.com/MN/bill/HF1/2020/X6,https://www.revisor.mn.gov/bills/bill.php?b=House&f=HF0001&ssn=6&y=2020
1382654,1779,HF2,1,Introduced,2020-11-12,"Affordable Care Act provisions codified.","Affordable Care Act provisions codified.",3809,"House Commerce",2020-11-12,"Introduction and first reading, referred to Commerce",https://legiscan.com/MN/bill/HF2/2020/X6,https://www.revisor.mn.gov/bills/bill.php?b=House&f=HF0002&ssn=6&y=2020
1382663,1779,HF3,1,Introduced,2020-11-12,"Court guidance provided on sentencing veterans for criminal offenses related to a service-related disorder.","Court guidance provided on sentencing veterans for criminal offenses related to a service-related disorder.",1777,"House Ways and Means",2020-11-12,"Introduction and first reading, referred to Ways and Means",https://legiscan.com/MN/bill/HF3/2020/X6,https://www.revisor.mn.gov/bills/bill.php?b=House&f=HF0003&ssn=6&y=2020
1382670,1779,HF4,1,Introduced,2020-11-12,"COVID-19; prior year's pupil count use authorized for 2020-2021 school year enrollment, and money appropriated.","COVID-19; prior year's pupil count use authorized for 2020-2021 school year enrollment, and money appropriated.",1758,"House Education Finance",2020-11-12,"Introduction and first reading, referred to Education Finance Division",https://legiscan.com/MN/bill/HF4/2020/X6,https://www.revisor.mn.gov/bills/bill.php?b=House&f=HF0004&ssn=6&y=2020
1382638,1779,HF5,1,Introduced,2020-11-12,"COVID-19; emergency paid leave provided to health care workers excluded from the federal Families First Coronavirus Response Act.","COVID-19; emergency paid leave provided to health care workers excluded from the federal Families First Coronavirus Response Act.",3805,"House Labor",2020-11-12,"Introduction and first reading, referred to Labor",https://legiscan.com/MN/bill/HF5/2020/X6,https://www.revisor.mn.gov/bills/bill.php?b=House&f=HF0005&ssn=6&y=2020
1382648,1779,HF6,1,Introduced,2020-11-12,"COVID-19; workers' compensation presumption provided for education employees.","COVID-19; workers' compensation presumption provided for education employees.",3805,"House Labor",2020-11-12,"Introduction and first reading, referred to Labor",https://legiscan.com/MN/bill/HF6/2020/X6,https://www.revisor.mn.gov/bills/bill.php?b=House&f=HF0006&ssn=6&y=2020
1382652,1779,HF7,1,Introduced,2020-11-12,"MinnesotaCare premium women exemption provided, and commissioner of human services required to ensure continuous health coverage for women transitioning from","MinnesotaCare premium women exemption provided, and commissioner of human services required to ensure continuous health coverage for women transitioning from",2703,"House Health and Human Services Policy",2020-11-12,"Introduction and first reading, referred to Health and Human Services Policy",https://legiscan.com/MN/bill/HF7/2020/X6,https://www.revisor.mn.gov/bills/bill.php?b=House&f=HF0007&ssn=6&y=2020
1382656,1779,HF8,1,Introduced,2020-11-12,"Unemployment insurance benefits authorized for mining employees.","Unemployment insurance benefits authorized for mining employees.",1767,"House Jobs and Economic Development Finance",2020-11-12,"Introduction and first reading, referred to Jobs and Economic Development Finance Division",https://legiscan.com/MN/bill/HF8/2020/X6,https://www.revisor.mn.gov/bills/bill.php?b=House&f=HF0008&ssn=6&y=2020
1382669,1779,HF9,1,Introduced,2020-11-12,"Psychology interjurisdictional compact created, and money appropriated.","Psychology interjurisdictional compact created, and money appropriated.",2703,"House Health and Human Services Policy",2020-11-12,"Introduction and first reading, referred to Health and Human Services Policy",https://legiscan.com/MN/bill/HF9/2020/X6,https://www.revisor.mn.gov/bills/bill.php?b=House&f=HF0009&ssn=6&y=2020
1382637,1779,HF10,1,Introduced,2020-11-12,"State employee layoff equitable geographic distribution required.","State employee layoff equitable geographic distribution required.",2702,"House Government Operations",2020-11-12,"Introduction and first reading, referred to Government Operations",https://legiscan.com/MN/bill/HF10/2020/X6,https://www.revisor.mn.gov/bills/bill.php?b=House&f=HF0010&ssn=6&y=2020
1382658,1779,HF11,1,Introduced,2020-11-12,"Environment and natural resource trust fund previous appropriation modified.","Environment and natural resource trust fund previous appropriation modified.",3134,"House Environment and Natural Resources Policy Finance",2020-11-12,"Introduction and first reading, referred to Environment and Natural Resources Finance Division",https://legiscan.com/MN/bill/HF11/2020/X6,https://www.revisor.mn.gov/bills/bill.php?b=House&f=HF0011&ssn=6&y=2020
1382644,1779,HF12,1,Introduced,2020-11-12,"Muzzleloader firearm provisions modified.","Muzzleloader firearm provisions modified.",2701,"House Environment and Natural Resources Policy",2020-11-12,"Introduction and first reading, referred to Environment and Natural Resources Policy",https://legiscan.com/MN/bill/HF12/2020/X6,https://www.revisor.mn.gov/bills/bill.php?b=House&f=HF0012&ssn=6&y=2020
1382653,1779,HF13,1,Introduced,2020-11-12,"COVID-19; electronic monitoring requirements modified, long-term care setting infection control requirements modified, hospice and assisted living bill of rights modified, assisted living service termination during peacetime emergency prohibited, SARS-CoV-2 infection control plant in long-term care setting establishment required, Long-Term Care COVID-19 Task Force established, and money appropriated.","COVID-19; electronic monitoring requirements modified, long-term care setting infection control requirements modified, hospice and assisted living bill of rights modified, assisted living service termination during peacetime emergency prohibited, SARS-CoV-2 infection control plant in long-term care setting establishment required, Long-Term Care COVID-19 Task Force established, and money appropriated.",4043,"House Long-Term Care",2020-11-12,"Introduction and first reading, referred to Long-Term Care Division",https://legiscan.com/MN/bill/HF13/2020/X6,https://www.revisor.mn.gov/bills/bill.php?b=House&f=HF0013&ssn=6&y=2020
1382647,1779,HF14,1,Introduced,2020-11-12,"Minnesota State High School League allowed to reduce transfer of sales tax savings if membership fees and prices are not raised.","Minnesota State High School League allowed to reduce transfer of sales tax savings if membership fees and prices are not raised.",1774,"House Taxes",2020-11-12,"Author added Erickson",https://legiscan.com/MN/bill/HF14/2020/X6,https://www.revisor.mn.gov/bills/bill.php?b=House&f=HF0014&ssn=6&y=2020
1382668,1779,HF15,1,Introduced,2020-11-12,"COVID-19; school boards authorized to establish a safe learning plan for 2020-2021 school year, parent-based distance learning program established, school calendar modified, school district fund transfer flexibility extended, distance learning defined, and report required.","COVID-19; school boards authorized to establish a safe learning plan for 2020-2021 school year, parent-based distance learning program established, school calendar modified, school district fund transfer flexibility extended, distance learning defined, and report required.",2699,"House Education Policy",2020-11-12,"Author added Erickson",https://legiscan.com/MN/bill/HF15/2020/X6,https://www.revisor.mn.gov/bills/bill.php?b=House&f=HF0015&ssn=6&y=2020
1382639,1779,HF16,1,Introduced,2020-11-12,"Individualized education programs for 2020-2021 required.","Individualized education programs for 2020-2021 required.",2699,"House Education Policy",2020-11-12,"Introduction and first reading, referred to Education Policy",https://legiscan.com/MN/bill/HF16/2020/X6,https://www.revisor.mn.gov/bills/bill.php?b=House&f=HF0016&ssn=6&y=2020
1382657,1779,HF17,1,Introduced,2020-11-12,"Teacher licensing, hiring, and dismissal modified.","Teacher licensing, hiring, and dismissal modified.",2699,"House Education Policy",2020-11-12,"Introduction and first reading, referred to Education Policy",https://legiscan.com/MN/bill/HF17/2020/X6,https://www.revisor.mn.gov/bills/bill.php?b=House&f=HF0017&ssn=6&y=2020
1382646,1779,HF18,1,Introduced,2020-11-12,"Short-call substitute teachers employment provided.","Short-call substitute teachers employment provided.",2699,"House Education Policy",2020-11-12,"Introduction and first reading, referred to Education Policy",https://legiscan.com/MN/bill/HF18/2020/X6,https://www.revisor.mn.gov/bills/bill.php?b=House&f=HF0018&ssn=6&y=2020
1382643,1779,HF19,1,Introduced,2020-11-12,"Legislature permitted to terminate any governor rule or order directing response to peacetime emergency if emergency is continued for more than 30 days.","Legislature permitted to terminate any governor rule or order directing response to peacetime emergency if emergency is continued for more than 30 days.",0,,2020-11-12,"Motion did not prevail",https://legiscan.com/MN/bill/HF19/2020/X6,https://www.revisor.mn.gov/bills/bill.php?b=House&f=HF0019&ssn=6&y=2020
1382649,1779,HF20,1,Introduced,2020-11-12,"Solar energy generating system setbacks established.","Solar energy generating system setbacks established.",3909,"House Energy and Climate Finance and Policy",2020-11-12,"Introduction and first reading, referred to Energy and Climate Finance and Policy Division",https://legiscan.com/MN/bill/HF20/2020/X6,https://www.revisor.mn.gov/bills/bill.php?b=House&f=HF0020&ssn=6&y=2020
1382673,1779,HF21,1,Introduced,2020-11-12,"Voters required to provide picture identification before receiving ballot, voter identification card issuance at no cost provided, and provisional balloting procedure established.","Voters required to provide picture identification before receiving ballot, voter identification card issuance at no cost provided, and provisional balloting procedure established.",2702,"House Government Operations",2020-11-12,"Introduction and first reading, referred to Government Operations",https://legiscan.com/MN/bill/HF21/2020/X6,https://www.revisor.mn.gov/bills/bill.php?b=House&f=HF0021&ssn=6&y=2020
1382667,1779,HF22,1,Introduced,2020-11-12,"Provisional balloting procedure established.","Provisional balloting procedure established.",2702,"House Government Operations",2020-11-12,"Introduction and first reading, referred to Government Operations",https://legiscan.com/MN/bill/HF22/2020/X6,https://www.revisor.mn.gov/bills/bill.php?b=House&f=HF0022&ssn=6&y=2020
1382666,1779,HC1,1,Introduced,2020-11-12,"A house concurrent resolution terminating the peacetime emergency.","A house concurrent resolution terminating the peacetime emergency.",1771,"House Rules and Legislative Administration",2020-11-12,"Resolution introduced, referred to Rules and Legislative Administration",https://legiscan.com/MN/bill/HC1/2020/X6,https://www.revisor.mn.gov/bills/bill.php?b=House&f=HC0001&ssn=6&y=2020
1382664,1779,HC2,1,Introduced,2020-11-12,"A house concurrent resolution terminating the peacetime emergency.","A house concurrent resolution terminating the peacetime emergency.",1771,"House Rules and Legislative Administration",2020-11-12,"Resolution referred to Rules and Legislative Administration",https://legiscan.com/MN/bill/HC2/2020/X6,https://www.revisor.mn.gov/bills/bill.php?b=House&f=HC0002&ssn=6&y=2020
1382650,1779,SF1,1,Introduced,2020-11-12,"Gubernatorial order or rule related to peacetime emergency legislature termination","Gubernatorial order or rule related to peacetime emergency legislature termination",1750,"Senate Rules and Administration",2020-11-12,"Authors added Relph; Draheim; Housley; Nelson",https://legiscan.com/MN/bill/SF1/2020/X6,https://www.revisor.mn.gov/bills/bill.php?b=Senate&f=SF0001&ssn=6&y=2020
1382640,1779,SF2,1,Introduced,2020-11-12,"Psychology practice interjurisdictional compact creation and appropriation","Psychology practice interjurisdictional compact creation and appropriation",1750,"Senate Rules and Administration",2020-11-12,"Referred to Rules and Administration",https://legiscan.com/MN/bill/SF2/2020/X6,https://www.revisor.mn.gov/bills/bill.php?b=Senate&f=SF0002&ssn=6&y=2020
1382661,1779,SF3,1,Introduced,2020-11-12,"Remote recreational businesses forgivable loan program establishment","Remote recreational businesses forgivable loan program establishment",1750,"Senate Rules and Administration",2020-11-12,"Referred to Rules and Administration",https://legiscan.com/MN/bill/SF3/2020/X6,https://www.revisor.mn.gov/bills/bill.php?b=Senate&f=SF0003&ssn=6&y=2020
1382651,1779,SF4,1,Introduced,2020-11-12,"Pupil units adjustment for fiscal year 2021 revenue formulas","Pupil units adjustment for fiscal year 2021 revenue formulas",1750,"Senate Rules and Administration",2020-11-12,"Author added Wiger",https://legiscan.com/MN/bill/SF4/2020/X6,https://www.revisor.mn.gov/bills/bill.php?b=Senate&f=SF0004&ssn=6&y=2020
1382665,1779,SF5,1,Introduced,2020-11-12,"Health-related electronic monitoring requirements modifications; long-term care and assisted living provisions modifications; SARS-CoV-2 infections state plan; long-term care covid-19 task force; appropriation","Health-related electronic monitoring requirements modifications; long-term care and assisted living provisions modifications; SARS-CoV-2 infections state plan; long-term care covid-19 task force; appropriation",1750,"Senate Rules and Administration",2020-11-12,"Referred to Rules and Administration",https://legiscan.com/MN/bill/SF5/2020/X6,https://www.revisor.mn.gov/bills/bill.php?b=Senate&f=SF0005&ssn=6&y=2020
1382671,1779,SF6,1,Introduced,2020-11-12,"Human services programs under emergency authority granted to commissioner background study waiver expiration extension","Human services programs under emergency authority granted to commissioner background study waiver expiration extension",1750,"Senate Rules and Administration",2020-11-12,"Referred to Rules and Administration",https://legiscan.com/MN/bill/SF6/2020/X6,https://www.revisor.mn.gov/bills/bill.php?b=Senate&f=SF0006&ssn=6&y=2020
1382641,1779,SF7,1,Introduced,2020-11-12,"Prior year pupil count use for 2020-2021 school year to reflect COVID-19 changes in enrollment","Prior year pupil count use for 2020-2021 school year to reflect COVID-19 changes in enrollment",1750,"Senate Rules and Administration",2020-11-12,"Referred to Rules and Administration",https://legiscan.com/MN/bill/SF7/2020/X6,https://www.revisor.mn.gov/bills/bill.php?b=Senate&f=SF0007&ssn=6&y=2020
1382655,1779,SF8,1,Introduced,2020-11-12,"Health care for every Minnesotan guarantee","Health care for every Minnesotan guarantee",1750,"Senate Rules and Administration",2020-11-12,"Referred to Rules and Administration",https://legiscan.com/MN/bill/SF8/2020/X6,https://www.revisor.mn.gov/bills/bill.php?b=Senate&f=SF0008&ssn=6&y=2020
1382660,1779,SR1,4,Passed,2020-11-12,"A Senate resolution relating to organization and operation of the Senate during the Special Session","A Senate resolution relating to organization and operation of the Senate during the Special Session",0,,2020-11-12,Adopted,https://legiscan.com/MN/bill/SR1/2020/X6,https://www.revisor.mn.gov/bills/bill.php?b=Senate&f=SR0001&ssn=6&y=2020
1382672,1779,SR2,4,Passed,2020-11-12,"A Senate resolution relating to notifying the House of Representatives and the Governor that the Senate is organized","A Senate resolution relating to notifying the House of Representatives and the Governor that the Senate is organized",0,,2020-11-12,"Adopted (voice vote)",https://legiscan.com/MN/bill/SR2/2020/X6,https://www.revisor.mn.gov/bills/bill.php?b=Senate&f=SR0002&ssn=6&y=2020
1382662,1779,SR3,1,Introduced,2020-11-12,"A Senate resolution recognizing Veda Kanitz for receiving the Willard Munger award for distinguished environmental stewardship","A Senate resolution recognizing Veda Kanitz for receiving the Willard Munger award for distinguished environmental stewardship",1750,"Senate Rules and Administration",2020-11-12,"Referred to Rules and Administration",https://legiscan.com/MN/bill/SR3/2020/X6,https://www.revisor.mn.gov/bills/bill.php?b=Senate&f=SR0003&ssn=6&y=2020
1382642,1779,SR4,1,Introduced,2020-11-12,"A Senate resolution expressing support for the Minnesota state patrol response to the November 4th protest","A Senate resolution expressing support for the Minnesota state patrol response to the November 4th protest",1750,"Senate Rules and Administration",2020-11-12,"Referred to Rules and Administration",https://legiscan.com/MN/bill/SR4/2020/X6,https://www.revisor.mn.gov/bills/bill.php?b=Senate&f=SR0004&ssn=6&y=2020
1382645,1779,SR5,4,Passed,2020-11-12,"A Senate resolution relating to adjournment of the Special Session","A Senate resolution relating to adjournment of the Special Session",0,,2020-11-12,"Adopted (voice vote)",https://legiscan.com/MN/bill/SR5/2020/X6,https://www.revisor.mn.gov/bills/bill.php?b=Senate&f=SR0005&ssn=6&y=2020
