bill_id,document_id,document_type,document_size,document_mime,document_desc,url,state_link
1382659,2215631,text,658237,application/pdf,Introduced,https://legiscan.com/MN/text/HF1/id/2215631,https://www.revisor.mn.gov/bills/text.php?number=HF1&version=0&session=ls91&session_year=2020&session_number=6&format=pdf
1382654,2215626,text,346976,application/pdf,Introduced,https://legiscan.com/MN/text/HF2/id/2215626,https://www.revisor.mn.gov/bills/text.php?number=HF2&version=0&session=ls91&session_year=2020&session_number=6&format=pdf
1382663,2215635,text,275586,application/pdf,Introduced,https://legiscan.com/MN/text/HF3/id/2215635,https://www.revisor.mn.gov/bills/text.php?number=HF3&version=0&session=ls91&session_year=2020&session_number=6&format=pdf
1382670,2215642,text,215238,application/pdf,Introduced,https://legiscan.com/MN/text/HF4/id/2215642,https://www.revisor.mn.gov/bills/text.php?number=HF4&version=0&session=ls91&session_year=2020&session_number=6&format=pdf
1382638,2215610,text,266228,application/pdf,Introduced,https://legiscan.com/MN/text/HF5/id/2215610,https://www.revisor.mn.gov/bills/text.php?number=HF5&version=0&session=ls91&session_year=2020&session_number=6&format=pdf
1382648,2215620,text,213262,application/pdf,Introduced,https://legiscan.com/MN/text/HF6/id/2215620,https://www.revisor.mn.gov/bills/text.php?number=HF6&version=0&session=ls91&session_year=2020&session_number=6&format=pdf
1382652,2215624,text,234780,application/pdf,Introduced,https://legiscan.com/MN/text/HF7/id/2215624,https://www.revisor.mn.gov/bills/text.php?number=HF7&version=0&session=ls91&session_year=2020&session_number=6&format=pdf
1382656,2215628,text,237392,application/pdf,Introduced,https://legiscan.com/MN/text/HF8/id/2215628,https://www.revisor.mn.gov/bills/text.php?number=HF8&version=0&session=ls91&session_year=2020&session_number=6&format=pdf
1382669,2215641,text,519724,application/pdf,Introduced,https://legiscan.com/MN/text/HF9/id/2215641,https://www.revisor.mn.gov/bills/text.php?number=HF9&version=0&session=ls91&session_year=2020&session_number=6&format=pdf
1382637,2215609,text,199832,application/pdf,Introduced,https://legiscan.com/MN/text/HF10/id/2215609,https://www.revisor.mn.gov/bills/text.php?number=HF10&version=0&session=ls91&session_year=2020&session_number=6&format=pdf
1382658,2215630,text,263877,application/pdf,Introduced,https://legiscan.com/MN/text/HF11/id/2215630,https://www.revisor.mn.gov/bills/text.php?number=HF11&version=0&session=ls91&session_year=2020&session_number=6&format=pdf
1382644,2215616,text,219526,application/pdf,Introduced,https://legiscan.com/MN/text/HF12/id/2215616,https://www.revisor.mn.gov/bills/text.php?number=HF12&version=0&session=ls91&session_year=2020&session_number=6&format=pdf
1382653,2215625,text,1113679,application/pdf,Introduced,https://legiscan.com/MN/text/HF13/id/2215625,https://www.revisor.mn.gov/bills/text.php?number=HF13&version=0&session=ls91&session_year=2020&session_number=6&format=pdf
1382647,2215619,text,202498,application/pdf,Introduced,https://legiscan.com/MN/text/HF14/id/2215619,https://www.revisor.mn.gov/bills/text.php?number=HF14&version=0&session=ls91&session_year=2020&session_number=6&format=pdf
1382668,2215640,text,315501,application/pdf,Introduced,https://legiscan.com/MN/text/HF15/id/2215640,https://www.revisor.mn.gov/bills/text.php?number=HF15&version=0&session=ls91&session_year=2020&session_number=6&format=pdf
1382639,2215611,text,201170,application/pdf,Introduced,https://legiscan.com/MN/text/HF16/id/2215611,https://www.revisor.mn.gov/bills/text.php?number=HF16&version=0&session=ls91&session_year=2020&session_number=6&format=pdf
1382657,2215629,text,236504,application/pdf,Introduced,https://legiscan.com/MN/text/HF17/id/2215629,https://www.revisor.mn.gov/bills/text.php?number=HF17&version=0&session=ls91&session_year=2020&session_number=6&format=pdf
1382646,2215618,text,197597,application/pdf,Introduced,https://legiscan.com/MN/text/HF18/id/2215618,https://www.revisor.mn.gov/bills/text.php?number=HF18&version=0&session=ls91&session_year=2020&session_number=6&format=pdf
1382643,2215615,text,222327,application/pdf,Introduced,https://legiscan.com/MN/text/HF19/id/2215615,https://www.revisor.mn.gov/bills/text.php?number=HF19&version=0&session=ls91&session_year=2020&session_number=6&format=pdf
1382649,2215621,text,214477,application/pdf,Introduced,https://legiscan.com/MN/text/HF20/id/2215621,https://www.revisor.mn.gov/bills/text.php?number=HF20&version=0&session=ls91&session_year=2020&session_number=6&format=pdf
1382673,2215645,text,354731,application/pdf,Introduced,https://legiscan.com/MN/text/HF21/id/2215645,https://www.revisor.mn.gov/bills/text.php?number=HF21&version=0&session=ls91&session_year=2020&session_number=6&format=pdf
1382667,2215639,text,259789,application/pdf,Introduced,https://legiscan.com/MN/text/HF22/id/2215639,https://www.revisor.mn.gov/bills/text.php?number=HF22&version=0&session=ls91&session_year=2020&session_number=6&format=pdf
1382666,2215638,text,63203,text/html,Draft,https://legiscan.com/MN/text/HC1/id/2215638,https://www.revisor.mn.gov/bills/text.php?number=HC1&session=ls91&version=latest&session_number=6&session_year=2020
1382664,2215636,text,60790,text/html,Draft,https://legiscan.com/MN/text/HC2/id/2215636,https://www.revisor.mn.gov/bills/text.php?number=HC2&session=ls91&version=latest&session_number=6&session_year=2020
1382650,2215622,text,225430,application/pdf,Introduced,https://legiscan.com/MN/text/SF1/id/2215622,https://www.revisor.mn.gov/bills/text.php?number=SF1&version=0&session=ls91&session_year=2020&session_number=6&format=pdf
1382640,2215612,text,522621,application/pdf,Introduced,https://legiscan.com/MN/text/SF2/id/2215612,https://www.revisor.mn.gov/bills/text.php?number=SF2&version=0&session=ls91&session_year=2020&session_number=6&format=pdf
1382661,2215633,text,234655,application/pdf,Introduced,https://legiscan.com/MN/text/SF3/id/2215633,https://www.revisor.mn.gov/bills/text.php?number=SF3&version=0&session=ls91&session_year=2020&session_number=6&format=pdf
1382651,2215623,text,213105,application/pdf,Introduced,https://legiscan.com/MN/text/SF4/id/2215623,https://www.revisor.mn.gov/bills/text.php?number=SF4&version=0&session=ls91&session_year=2020&session_number=6&format=pdf
1382665,2215637,text,1118724,application/pdf,Introduced,https://legiscan.com/MN/text/SF5/id/2215637,https://www.revisor.mn.gov/bills/text.php?number=SF5&version=0&session=ls91&session_year=2020&session_number=6&format=pdf
1382671,2215643,text,217142,application/pdf,Introduced,https://legiscan.com/MN/text/SF6/id/2215643,https://www.revisor.mn.gov/bills/text.php?number=SF6&version=0&session=ls91&session_year=2020&session_number=6&format=pdf
1382641,2215613,text,221214,application/pdf,Introduced,https://legiscan.com/MN/text/SF7/id/2215613,https://www.revisor.mn.gov/bills/text.php?number=SF7&version=0&session=ls91&session_year=2020&session_number=6&format=pdf
1382655,2215627,text,647652,application/pdf,Introduced,https://legiscan.com/MN/text/SF8/id/2215627,https://www.revisor.mn.gov/bills/text.php?number=SF8&version=0&session=ls91&session_year=2020&session_number=6&format=pdf
1382660,2215632,text,2005,text/html,Draft,https://legiscan.com/MN/text/SR1/id/2215632,https://www.revisor.mn.gov/bills/text.php?number=SR1&session=ls91&version=latest&session_number=6&session_year=2020
1382672,2215644,text,1236,text/html,Draft,https://legiscan.com/MN/text/SR2/id/2215644,https://www.revisor.mn.gov/bills/text.php?number=SR2&session=ls91&version=latest&session_number=6&session_year=2020
1382662,2215634,text,4421,text/html,Draft,https://legiscan.com/MN/text/SR3/id/2215634,https://www.revisor.mn.gov/bills/text.php?number=SR3&session=ls91&version=latest&session_number=6&session_year=2020
1382642,2215614,text,4401,text/html,Draft,https://legiscan.com/MN/text/SR4/id/2215614,https://www.revisor.mn.gov/bills/text.php?number=SR4&session=ls91&version=latest&session_number=6&session_year=2020
1382645,2215617,text,1323,text/html,Draft,https://legiscan.com/MN/text/SR5/id/2215617,https://www.revisor.mn.gov/bills/text.php?number=SR5&session=ls91&version=latest&session_number=6&session_year=2020
