bill_id,date,chamber,sequence,action
1382637,2020-11-12,House,1,"Introduction and first reading, referred to Government Operations"
1382638,2020-11-12,House,1,"Introduction and first reading, referred to Labor"
1382639,2020-11-12,House,1,"Introduction and first reading, referred to Education Policy"
1382640,2020-11-12,Senate,1,"Introduction and first reading"
1382640,2020-11-12,Senate,2,"Referred to Rules and Administration"
1382641,2020-11-12,Senate,1,"Introduction and first reading"
1382641,2020-11-12,Senate,2,"Referred to Rules and Administration"
1382642,2020-11-12,Senate,1,Introduction
1382642,2020-11-12,Senate,2,"Referred to Rules and Administration"
1382643,2020-11-12,House,1,"Introduction and first reading, referred to Government Operations"
1382643,2020-11-12,House,2,"Motion to suspend rules"
1382643,2020-11-12,House,3,"Motion did not prevail"
1382644,2020-11-12,House,1,"Introduction and first reading, referred to Environment and Natural Resources Policy"
1382645,2020-11-12,Senate,1,Introduction
1382645,2020-11-12,Senate,2,"Adopted (voice vote)"
1382646,2020-11-12,House,1,"Introduction and first reading, referred to Education Policy"
1382647,2020-11-12,House,1,"Introduction and first reading, referred to Taxes"
1382647,2020-11-12,House,2,"Author added Erickson"
1382648,2020-11-12,House,1,"Introduction and first reading, referred to Labor"
1382649,2020-11-12,House,1,"Introduction and first reading, referred to Energy and Climate Finance and Policy Division"
1382650,2020-11-12,Senate,1,"Introduction and first reading"
1382650,2020-11-12,Senate,2,"Referred to Rules and Administration"
1382650,2020-11-12,Senate,3,"Authors added Relph; Draheim; Housley; Nelson"
1382651,2020-11-12,Senate,1,"Introduction and first reading"
1382651,2020-11-12,Senate,2,"Referred to Rules and Administration"
1382651,2020-11-12,Senate,3,"Author added Wiger"
1382652,2020-11-12,House,1,"Introduction and first reading, referred to Health and Human Services Policy"
1382653,2020-11-12,House,1,"Introduction and first reading, referred to Long-Term Care Division"
1382654,2020-11-12,House,1,"Introduction and first reading, referred to Commerce"
1382655,2020-11-12,Senate,1,"Introduction and first reading"
1382655,2020-11-12,Senate,2,"Referred to Rules and Administration"
1382656,2020-11-12,House,1,"Introduction and first reading, referred to Jobs and Economic Development Finance Division"
1382657,2020-11-12,House,1,"Introduction and first reading, referred to Education Policy"
1382658,2020-11-12,House,1,"Introduction and first reading, referred to Environment and Natural Resources Finance Division"
1382659,2020-11-12,House,1,"Introduction and first reading, referred to Jobs and Economic Development Finance Division"
1382660,2020-11-12,Senate,1,Introduction
1382660,2020-11-12,Senate,2,Adopted
1382661,2020-11-12,Senate,1,"Introduction and first reading"
1382661,2020-11-12,Senate,2,"Referred to Rules and Administration"
1382662,2020-11-12,Senate,1,Introduction
1382662,2020-11-12,Senate,2,"Referred to Rules and Administration"
1382663,2020-11-12,House,1,"Introduction and first reading, referred to Ways and Means"
1382664,2020-11-12,House,1,"Resolution introduced"
1382664,2020-11-12,House,2,"Motion to suspend rules"
1382664,2020-11-12,House,3,"Motion did not prevail"
1382664,2020-11-12,House,4,"Resolution referred to Rules and Legislative Administration"
1382665,2020-11-12,Senate,1,"Introduction and first reading"
1382665,2020-11-12,Senate,2,"Referred to Rules and Administration"
1382666,2020-11-12,House,1,"Resolution introduced, referred to Rules and Legislative Administration"
1382667,2020-11-12,House,1,"Introduction and first reading, referred to Government Operations"
1382668,2020-11-12,House,1,"Introduction and first reading, referred to Education Policy"
1382668,2020-11-12,House,2,"Author added Erickson"
1382669,2020-11-12,House,1,"Introduction and first reading, referred to Health and Human Services Policy"
1382670,2020-11-12,House,1,"Introduction and first reading, referred to Education Finance Division"
1382671,2020-11-12,Senate,1,"Introduction and first reading"
1382671,2020-11-12,Senate,2,"Referred to Rules and Administration"
1382672,2020-11-12,Senate,1,Introduction
1382672,2020-11-12,Senate,2,"Adopted (voice vote)"
1382673,2020-11-12,House,1,"Introduction and first reading, referred to Government Operations"
