people_id,name,first_name,middle_name,last_name,suffix,nickname,party_id,party,role_id,role,district,followthemoney_eid,votesmart_id,opensecrets_id,ballotpedia,knowwho_pid,committee_id
4228,"Andy Biggs",Andy,,Biggs,,,2,R,2,Sen,SD-012,6602301,28088,,Andy_Biggs,212155,0
4229,"Tom Boone",Tom,,Boone,,,2,R,1,Rep,HD-004,6602340,28123,,Tom_Boone,212127,0
4230,"Steve Montenegro",Steve,B.,Montenegro,,,2,R,1,Rep,HD-013,6676721,106507,,Steve_B._Montenegro,252127,0
4231,"Albert Melvin",Albert,Anthony,Melvin,,Al,2,R,2,Sen,SD-011,6671195,68078,,Al_Melvin,267691,0
4232,"Sylvia Allen",Sylvia,Tenney,Allen,,,2,R,2,Sen,SD-006,6662215,28166,,Sylvia_Allen,265569,0
4233,"David Gowan",David,,Gowan,,,2,R,2,Sen,SD-014,6662273,28241,,David_Gowan,267669,0
4234,"Stephen Pierce",Stephen,M.,Pierce,,Steve,2,R,1,Rep,HD-001,8430988,106395,,Steve_Pierce,271889,0
4235,"Franklin Pratt",Franklin,M.,Pratt,,Frank,2,R,1,Rep,HD-008,6662340,28269,,Frank_Pratt,267652,0
4236,"David Stevens",David,,Stevens,,,2,R,1,Rep,HD-014,6604460,28200,,David_Stevens_(Arizona),267656,0
4237,"Ron Gould",Ron,,Gould,,,2,R,2,Sen,SD-003,6662269,28217,,Ron_Gould,227876,0
4238,"Charles Gray",Charles,D.,Gray,,Chuck,2,R,2,Sen,SD-019,6602166,28189,,Charles_Gray,0,0
4239,"John Huppenthal",John,F.,Huppenthal,,,2,R,2,Sen,SD-020,6604420,3092,,John_Huppenthal,192889,0
4240,"Russell Pearce",Russell,K.,Pearce,,,2,R,2,Sen,SD-018,6602318,28448,,Russell_Pearce,205857,0
4241,"Thayer Verschoor",Thayer,,Verschoor,,,2,R,2,Sen,SD-022,6604319,28343,,Thayer_Verschoor,212137,0
4242,"Edward Ableser",Edward,Z.,Ableser,,Eddie,1,D,2,Sen,SD-026,6458957,28313,,Ed_Ableser,246046,0
4243,"Chad Campbell",Chad,Anthony,Campbell,,,1,D,1,Rep,HD-024,6479130,66157,,Chad_Campbell,248852,0
4244,"Tom Chabin",Tom,,Chabin,,,1,D,1,Rep,HD-002,12997761,98184,,Tom_Chabin,258848,0
4245,"Kyrsten Sinema",Kyrsten,,Sinema,,,1,D,2,Sen,SD-015,6459171,28338,,Kyrsten_Sinema,227495,0
4246,"Cloves Campbell",Cloves,C.,Campbell,Jr.,,1,D,1,Rep,HD-016,6479124,65672,,Cloves_Campbell_Jr.,248854,0
4247,"Patricia Fleming",Patricia,V.,Fleming,,,1,D,1,Rep,HD-025,6479170,65164,,Patricia_Fleming,267655,0
4248,"Phil Lopes",Phil,,Lopes,,,1,D,1,Rep,HD-027,6400966,28265,,Phil_Lopes,212159,0
4249,"Lynne Pancrazi",Lynne,,Pancrazi,,,1,D,2,Sen,SD-004,6479234,68098,,Lynne_Pancrazi,248863,0
4250,"Daniel Patterson",Daniel,,Patterson,,,1,D,1,Rep,HD-029,6492153,28385,,Daniel_Patterson,267666,0
4251,"David Schapira",David,,Schapira,,,1,D,2,Sen,SD-017,6479269,67616,,David_Schapira,248858,0
4252,"Judy Burges",Judy,M.,Burges,,,2,R,2,Sen,SD-022,12997769,28099,,Judy_Burges,227477,0
4253,"Kirk Adams",Kirk,David,Adams,,,2,R,1,Rep,HD-019,12997903,58680,,Kirk_Adams_(Arizona),246047,0
4254,"Frank Antenori",Frank,J.,Antenori,,,2,R,2,Sen,SD-030,6676682,65963,,Frank_Antenori,267667,0
4255,"Cecil Ash",Cecil,P.,Ash,,,2,R,1,Rep,HD-018,6676687,106529,,Cecil_Ash,267642,0
4256,"Ray Barnes",Ray,,Barnes,,,2,R,1,Rep,HD-007,6602288,28144,,Ray_Barnes,212142,0
4257,"Steve Court",Steve,,Court,,,2,R,1,Rep,HD-018,6676695,106532,,Steve_Court,267643,0
4258,"Sam Crump",Sam,,Crump,,,2,R,1,Rep,HD-006,6671158,66065,,Sam_Crump,248843,0
4260,"Laurin Hendrix",Laurin,,Hendrix,,,2,R,1,Rep,HD-022,12997918,106551,,Laurin_Hendrix,267649,0
4261,"Russell Jones",Russell,L.,Jones,,Russ,2,R,1,Rep,HD-024,6662302,28207,,Russell_Jones,227858,0
4262,"John Kavanagh",John,,Kavanagh,,,2,R,1,Rep,HD-023,6671185,68209,,John_Kavanagh,248845,0
4263,"Debbie Lesko",Debbie,,Lesko,,,2,R,2,Sen,SD-021,12997825,106483,,Debbie_Lesko,267627,0
4264,"Lucy Mason",Lucy,,Mason,,,2,R,1,Rep,HD-001,6604330,28212,,Lucy_Mason,212125,0
4265,"James Weiers",James,,Weiers,,Jim,2,R,1,Rep,HD-010,6602278,3113,,Jim_Weiers,192962,0
4266,"Jerry Weiers",Jerry,P.,Weiers,,,2,R,1,Rep,HD-012,6602372,28116,,Jerry_Weiers,227489,0
4267,"Victor Williams",Victor,,Williams,,,2,R,1,Rep,HD-026,1489339,106645,,Vic_Williams,267658,0
4268,"Jennifer Burns",Jennifer,J.,Burns,,,2,R,1,Rep,HD-025,6604458,28493,,,0,0
4270,"Linda Gray",Linda,,Gray,,,2,R,2,Sen,SD-010,6610944,12305,,Linda_Gray_(Arizona),192961,0
4271,"Jack Harper",Jack,W.,Harper,,,2,R,1,Rep,HD-004,12997778,28418,,Jack_Harper,212133,0
4273,"Nancy Barto",Nancy,K.,Barto,,,2,R,2,Sen,SD-015,6671146,58371,,Nancy_K._Barto,242903,0
4274,"Rich Crandall",Rich,,Crandall,,,2,R,2,Sen,SD-016,6671157,66837,,Rich_Crandall,248860,0
4275,"Adam Driggs",Adam,D.,Driggs,,,2,R,2,Sen,SD-028,6671162,66237,,Adam_Driggs,248847,0
4276,"Doris Goodale",Doris,,Goodale,,,2,R,1,Rep,HD-005,6671169,66062,,Doris_Goodale,267616,0
4277,"William Konopnicki",William,,Konopnicki,,Bill,2,R,1,Rep,HD-005,6610992,28412,,Bill_Konopnicki,212157,0
4278,"John McComish",John,P.,McComish,,,2,R,2,Sen,SD-018,6653599,28306,,John_McComish,227850,0
4279,"Nancy McLain",Nancy,,McLain,,,2,R,1,Rep,HD-003,6662318,28437,,Nancy_G._McLain,227475,0
4280,"Rick Murphy",Rick,,Murphy,,,2,R,2,Sen,SD-021,12997824,28372,,Rick_Murphy,227485,0
4281,"Warde Nichols",Warde,V.,Nichols,,,2,R,1,Rep,HD-021,12997910,28390,,Warde_Nichols,212153,0
4283,"Douglas Quelland",Douglas,R.,Quelland,,,2,R,1,Rep,HD-010,6604402,16323,,Doug_Quelland,212145,0
4284,"Carl Seel",Carl,,Seel,,,2,R,1,Rep,HD-020,6662365,66888,,Carl_Seel,267622,0
4286,"Andy Tobin",Andy,,Tobin,,,2,R,1,Rep,HD-001,6671218,68079,,Andy_Tobin,248839,0
4287,"Steven Yarbrough",Steven,B.,Yarbrough,,Steve,2,R,2,Sen,SD-017,6604438,28091,,Steven_B._Yarbrough,212154,0
4289,"Pamela Gorman",Pamela,,Gorman,,,2,R,2,Sen,SD-006,12997789,28164,,Pamela_Gorman,227481,0
4293,"John Nelson",John,,Nelson,,,2,R,2,Sen,SD-012,6602076,28147,,"John_Nelson,_Arizona_Senator",205852,0
4295,"Michele Reagan",Michele,,Reagan,,,2,R,2,Sen,SD-023,6611004,28505,,Michele_Reagan,212139,0
4296,"Jack Brown",Jack,A.,Brown,,,1,D,1,Rep,HD-005,6401018,2997,,Jack_Brown,192887,0
4297,"Steve Farley",Steve,,Farley,,,1,D,2,Sen,SD-009,6479163,68105,,Steve_Farley,248868,0
4298,"Martha Garcia",Martha,,Garcia,,,1,D,1,Rep,HD-013,6459006,28428,,Martha_Garcia,227491,0
4299,"Matthew Heinz",Matthew,Gerald,Heinz,,Matt,1,D,1,Rep,HD-029,6479183,68106,,Matt_Heinz,267664,0
4300,"David Lujan",David,M.,Lujan,,,1,D,1,Rep,HD-015,6459077,28452,,David_Lujan,227493,0
4301,"Barbara McGuire",Barbara,,McGuire,,,1,D,2,Sen,SD-008,6479211,68094,,Barbara_McGuire,251054,0
4302,"Eric Meyer",Eric,D.,Meyer,,,1,D,1,Rep,HD-028,6497390,110671,,Eric_Meyer_(Arizona),267633,0
4303,"Rae Waters",Rae,,Waters,,,1,D,1,Rep,HD-020,6492177,106543,,Rae_Waters,267647,0
4304,"Carolyn Allen",Carolyn,S.,Allen,,,2,R,2,Sen,SD-008,6579093,3050,,Carolyn_Allen,192985,0
4305,"Olivia Bedford",Olivia,Cajero,Bedford,,,1,D,2,Sen,SD-003,6400954,28198,,Olivia_Cajero_Bedford,212158,0
4306,"Christopher Deschene",Christopher,Clark,Deschene,,,1,D,1,Rep,HD-002,12997762,106462,,Christopher_Deschene,267614,0
4307,"Pete Rios",Pete,,Rios,,,1,D,1,Rep,HD-023,6399222,12217,,Pete_Rios,0,0
4308,"Ben Miranda",Ben,R.,Miranda,,,1,D,1,Rep,HD-016,6450353,28110,,Ben_R._Miranda,212150,0
4309,"Anna Tovar",Anna,,Tovar,,,1,D,2,Sen,SD-019,6507385,110962,,Anna_Tovar,276216,0
4310,"Robert Meza",Robert,,Meza,,,1,D,1,Rep,HD-030,8531838,52960,,Robert_Meza,212148,0
4311,"David Bradley",David,T.,Bradley,,,1,D,2,Sen,SD-010,6400976,28472,,David_Bradley_(Arizona),212160,0
4312,"Amanda Aguirre",Amanda,,Aguirre,,,1,D,2,Sen,SD-024,6458967,28423,,Amanda_Aguirre,214282,0
4314,"Jonathan Paton",Jonathan,Lee,Paton,,,2,R,2,Sen,SD-030,12997822,28500,,Jonathan_Paton,227871,0
4315,"Barbara Leff",Barbara,A.,Leff,,,2,R,2,Sen,SD-011,6610998,13557,,Barbara_Leff,192978,0
4316,"Nancy Wright",Nancy,Young,Wright,,,1,D,1,Rep,HD-026,12997944,102389,,Nancy_Young_Wright,262433,0
4317,"Albert Hale",Albert,,Hale,,,1,D,1,Rep,HD-007,6459019,28152,,Albert_Hale,222028,0
4318,"Manuel Alvarez",Manuel,V.,Alvarez,,Manny,1,D,2,Sen,SD-025,12997930,28104,,Manuel_Alvarez,212156,0
4319,"Jim Waring",Jim,,Waring,,,2,R,2,Sen,SD-007,6611031,28214,,Jim_Waring,212138,0
4320,"Leah Landrum-Taylor",Leah,,Landrum-Taylor,,,1,D,2,Sen,SD-027,6400896,16378,,Leah_Landrum_Taylor,192976,0
4321,"Richard Miranda",Richard,,Miranda,,,1,D,1,Rep,HD-013,12997855,16357,,Richard_Miranda,192974,0
4322,"Jorge Garcia",Jorge,Luis,Garcia,,,1,D,2,Sen,SD-027,6400768,3062,,Jorge_Luis_Garcia_(Arizona),212135,0
4323,"Debbie McCune-Davis",Debbie,,McCune-Davis,,,1,D,1,Rep,HD-030,6400890,28451,,Debbie_McCune-Davis,212147,0
4324,"Linda Lopez",Linda,,Lopez,,,1,D,2,Sen,SD-002,12997831,28453,,"Linda_Lopez,_Arizona_Senator",205846,0
4325,"Paula Aboud",Paula,A.,Aboud,,,1,D,2,Sen,SD-028,6479100,28356,,Paula_Aboud,242010,0
4326,"Ken Cheuvront",Ken,,Cheuvront,,,1,D,2,Sen,SD-015,12997931,2957,,Ken_Cheuvront,192979,0
4327,"Jay Tibshraeny",Jay,,Tibshraeny,,,2,R,2,Sen,SD-021,6611024,28203,,Jay_Tibshraeny,212134,0
4328,"Meg Burton-cahill",Meg,,Burton-cahill,,,1,D,2,Sen,SD-017,6400909,28357,,Meg_Burton_Cahill,205856,0
4329,"Ted Vogt",Ted,,Vogt,,,2,R,1,Rep,HD-030,6690667,119443,,Ted_Vogt,285665,0
4330,"David Braswell",David,,Braswell,,,2,R,2,Sen,SD-006,6690674,117858,,David_Braswell,284497,0
4331,"Ed Bunch",Ed,,Bunch,,,2,R,2,Sen,SD-002,0,117859,,Ed_Bunch,284498,0
4332,"Amanda Reeve",Amanda,A.,Reeve,,,2,R,1,Rep,HD-006,12997791,119229,,Amanda_Reeve,284725,0
4343,"Catherine Miranda",Catherine,H.,Miranda,,,1,D,2,Sen,SD-027,6507410,123736,,Catherine_Miranda,309013,0
4357,"Robert Burns",Robert,,Burns,,Bob,2,R,2,Sen,SD-009,6602310,2988,,Robert_Burns_(Arizona),212132,0
4371,"Rebecca Rios",Rebecca,,Rios,,,1,D,1,Rep,HD-027,8509414,3107,,Rebecca_Rios,192944,0
