bill_id,document_id,document_type,document_size,document_mime,document_desc,url,state_link
415350,609110,text,53650,text/html,Introduced,https://legiscan.com/AZ/text/HCM2001/id/609110,http://www.azleg.gov/legtext/50leg/4s/bills/hcm2001p.htm
415350,609111,text,53026,text/html,Engrossed,https://legiscan.com/AZ/text/HCM2001/id/609111,http://www.azleg.gov/legtext/50leg/4s/bills/hcm2001h.htm
415322,609066,text,25325,text/html,Introduced,https://legiscan.com/AZ/text/SM1001/id/609066,http://www.azleg.gov/legtext/50leg/4s/bills/sm1001p.htm
415335,609085,text,53574,text/html,Introduced,https://legiscan.com/AZ/text/SCM1001/id/609085,http://www.azleg.gov/legtext/50leg/4s/bills/scm1001p.htm
