bill_id,session_id,bill_number,status,status_desc,status_date,title,description,committee_id,committee,last_action_date,last_action,url,state_link
416111,409,HB1,1,Introduced,2011-10-17,"Congressional Districting Plan","Establishing the composition of the eight districts in the State of Maryland for the election of members to the United States House of Representatives; specifying ward, election district, and precinct boundaries; and making the Act an emergency measure.",1926,"House Rules and Executive Nominations",2011-10-17,"First Reading House Rules and Executive Nominations",https://legiscan.com/MD/bill/HB1/2011/X1,https://mgaleg.maryland.gov/mgawebsite/Search/Legislation?target=/2011s1/billfile/HB0001.htm
416094,409,HB2,1,Introduced,2011-10-17,"Montgomery County - Board of Education Residence Districts - Redistricting Plan","Altering the boundaries of the residence districts for the Montgomery County Board of Education; repealing a provision of law relating to the date when specified reapportioned districts become effective; and making the Act an emergency measure.",0,,2011-10-18,"Second Reading Passed",https://legiscan.com/MD/bill/HB2/2011/X1,https://mgaleg.maryland.gov/mgawebsite/Search/Legislation?target=/2011s1/billfile/HB0002.htm
416077,409,HB3,1,Introduced,2011-10-17,"Prince George's County School Board - Redistricting","Altering the boundaries of the school board districts for the election of the members of the Prince George's County Board of Education; and making the Act an emergency measure.",0,,2011-10-18,"Second Reading Passed",https://legiscan.com/MD/bill/HB3/2011/X1,https://mgaleg.maryland.gov/mgawebsite/Search/Legislation?target=/2011s1/billfile/HB0003.htm
416061,409,HB4,1,Introduced,2011-10-17,"Congressional Redistricting Plan of 2011","Establishing the composition of the eight districts in the State of Maryland for the election of members to the United States House of Representatives; specifying ward, election district, and precinct boundaries; and making the Act an emergency measure.",1926,"House Rules and Executive Nominations",2011-10-17,"First Reading House Rules and Executive Nominations",https://legiscan.com/MD/bill/HB4/2011/X1,https://mgaleg.maryland.gov/mgawebsite/Search/Legislation?target=/2011s1/billfile/HB0004.htm
416045,409,HB5,1,Introduced,2011-10-17,"Congressional Redistricting Plan","Establishing the composition of the eight districts in the State of Maryland for the election of members to the United States House of Representatives; specifying ward, election district, and precinct boundaries; and making the Act an emergency measure.",1926,"House Rules and Executive Nominations",2011-10-17,"First Reading House Rules and Executive Nominations",https://legiscan.com/MD/bill/HB5/2011/X1,https://mgaleg.maryland.gov/mgawebsite/Search/Legislation?target=/2011s1/billfile/HB0005.htm
416026,409,HB6,1,Introduced,2011-10-17,"Environment - Watershed Implementation Plan - County Implementation","Providing that a local jurisdiction may not be required to implement activities or strategies of a State Watershed Implementation Plan unless specified funding is provided; and making the Act an emergency measure.",1926,"House Rules and Executive Nominations",2011-10-17,"First Reading House Rules and Executive Nominations",https://legiscan.com/MD/bill/HB6/2011/X1,https://mgaleg.maryland.gov/mgawebsite/Search/Legislation?target=/2011s1/billfile/HB0006.htm
416011,409,HB7,1,Introduced,2011-10-17,"Private Property Rights - Regulatory Infringement - Compensation","Giving an owner of private property a cause of action under specified circumstances against the Department of the Environment, the Department of Natural Resources, or the Department of Planning if the application of specified regulations infringes on a private property right; providing that the cause of action shall be filed in a specified court; providing for the sum that a private property owner may recover; etc.",1926,"House Rules and Executive Nominations",2011-10-17,"First Reading House Rules and Executive Nominations",https://legiscan.com/MD/bill/HB7/2011/X1,https://mgaleg.maryland.gov/mgawebsite/Search/Legislation?target=/2011s1/billfile/HB0007.htm
415993,409,HB8,1,Introduced,2011-10-17,"Department of Planning - Local and Regional Planning and Land Use Powers -","Prohibiting the Department of Planning from adopting any regulation or taking any action that restricts the planning and land use powers of local governments or regional planning agencies; and making the Act an emergency measure.",1926,"House Rules and Executive Nominations",2011-10-17,"First Reading House Rules and Executive Nominations",https://legiscan.com/MD/bill/HB8/2011/X1,https://mgaleg.maryland.gov/mgawebsite/Search/Legislation?target=/2011s1/billfile/HB0008.htm
415976,409,HB9,1,Introduced,2011-10-17,"Environment - County Plans - Authority","Repealing the authority of the Department of the Environment to order a person to prepare and submit specified subdivision plans under specified circumstances; repealing the Department's authority to order the installation of specified water supply or sewerage systems for subdivisions under specified circumstances; repealing a requirement that a specified county plan be approved by the Department; repealing a requirement that a county adopt a revision or amendment to a specified county plan under specified circumstances; etc.",1926,"House Rules and Executive Nominations",2011-10-17,"First Reading House Rules and Executive Nominations",https://legiscan.com/MD/bill/HB9/2011/X1,https://mgaleg.maryland.gov/mgawebsite/Search/Legislation?target=/2011s1/billfile/HB0009.htm
415961,409,HB10,1,Introduced,2011-10-17,"Transportation - Toll, Fee, or Other Charge Increases - Notice and Public","Requiring specified staff of the Maryland Transportation Authority to provide, by a specified date, public notice regarding a proposal to increase specified tolls, fees, or other charges; requiring the Authority to make the proposal available to the public in a specified manner; requiring the Authority to receive comments from the public at the meeting at which the Authority votes to implement the proposal; and making the Act an emergency measure.",1926,"House Rules and Executive Nominations",2011-10-17,"First Reading House Rules and Executive Nominations",https://legiscan.com/MD/bill/HB10/2011/X1,https://mgaleg.maryland.gov/mgawebsite/Search/Legislation?target=/2011s1/billfile/HB0010.htm
415943,409,HB11,1,Introduced,2011-10-17,"Maryland Transportation Authority - Termination - Exchange of Bonds","Terminating the Maryland Transportation Authority; transferring, subject to specified exceptions, all functions, powers, duties, responsibilities, regulations, policies, property, equipment, assets, liabilities, and employees of the Authority to the Maryland Department of Transportation on a specified date; requiring the State to issue revenue refunding bonds in exchange for revenue bonds issued by the Authority before a specified date; etc.",1926,"House Rules and Executive Nominations",2011-10-17,"First Reading House Rules and Executive Nominations",https://legiscan.com/MD/bill/HB11/2011/X1,https://mgaleg.maryland.gov/mgawebsite/Search/Legislation?target=/2011s1/billfile/HB0011.htm
415927,409,HB12,1,Introduced,2011-10-17,"Maryland Transportation Authority - Audit Statements Available Online","Requiring the Maryland Transportation Authority to make audit statements publicly available on its Internet site, including audit statements relating to each transportation facilities project throughout the entire existence of each transportation facilities project; and defining ""audit statement"".",1926,"House Rules and Executive Nominations",2011-10-17,"First Reading House Rules and Executive Nominations",https://legiscan.com/MD/bill/HB12/2011/X1,https://mgaleg.maryland.gov/mgawebsite/Search/Legislation?target=/2011s1/billfile/HB0012.htm
415911,409,HB13,1,Introduced,2011-10-17,"Laws Making an Appropriation Subject to Petition Referendum","Proposing an amendment to the Maryland Constitution to provide that a law making a specified appropriation shall be subject to rejection or repeal by the voters of the State under the petition referendum process provided under the Maryland Constitution; and submitting the amendment to the qualified voters of the State for their adoption or rejection.",1926,"House Rules and Executive Nominations",2011-10-17,"First Reading House Rules and Executive Nominations",https://legiscan.com/MD/bill/HB13/2011/X1,https://mgaleg.maryland.gov/mgawebsite/Search/Legislation?target=/2011s1/billfile/HB0013.htm
415894,409,HB14,1,Introduced,2011-10-17,"Department of Planning - State Development Plan - Approval or Modification by","Requiring the Secretary of Planning to submit the State Development Plan and any substantial part or revision of the Plan to the General Assembly; prohibiting the Plan from being finalized until it is approved by an Act of the General Assembly; authorizing the General Assembly to modify the Plan as submitted by the Secretary; requiring the Governor to file with the Secretary of State the Plan, part of the Plan, or a revision to the Plan, together with specified comments, after enactment of a law that approves or modifies the Plan; etc.",1926,"House Rules and Executive Nominations",2011-10-17,"First Reading House Rules and Executive Nominations",https://legiscan.com/MD/bill/HB14/2011/X1,https://mgaleg.maryland.gov/mgawebsite/Search/Legislation?target=/2011s1/billfile/HB0014.htm
415876,409,HB15,1,Introduced,2011-10-17,"Maryland Transportation Authority - Fixing or Revising Tolls - Legislative","Prohibiting the Maryland Transportation Authority from fixing or revising a toll on any part of any transportation facilities project unless the General Assembly approves the toll through legislation; authorizing the Authority, on or after the effective date of the Act, to continue to charge and collect a toll of the same amount in effect before the effective date of the Act; and making the Act an emergency measure.",1926,"House Rules and Executive Nominations",2011-10-17,"First Reading House Rules and Executive Nominations",https://legiscan.com/MD/bill/HB15/2011/X1,https://mgaleg.maryland.gov/mgawebsite/Search/Legislation?target=/2011s1/billfile/HB0015.htm
415860,409,HB16,1,Introduced,2011-10-17,"Transportation - Chesapeake Bay Bridge Authority","Establishing the Chesapeake Bay Bridge Authority to finance, construct, operate, and maintain the Chesapeake Bay Bridge; providing for the members, appointment, terms, chair, and staff of the Authority; prohibiting the Department of Transportation from exercising jurisdiction or authority over the Chesapeake Bay Bridge; authorizing the Authority to take specified actions in the performance of its duties; etc.",1926,"House Rules and Executive Nominations",2011-10-17,"First Reading House Rules and Executive Nominations",https://legiscan.com/MD/bill/HB16/2011/X1,https://mgaleg.maryland.gov/mgawebsite/Search/Legislation?target=/2011s1/billfile/HB0016.htm
415843,409,HB17,1,Introduced,2011-10-17,"Maryland Transit Administration - Farebox Recovery Rate Increase","Increasing from 35% to 50%, for fiscal year 2013 and thereafter, the percentage of operating costs for specified public transit services that the Maryland Transit Administration must recover from fares and other operating revenues; etc.",1926,"House Rules and Executive Nominations",2011-10-17,"First Reading House Rules and Executive Nominations",https://legiscan.com/MD/bill/HB17/2011/X1,https://mgaleg.maryland.gov/mgawebsite/Search/Legislation?target=/2011s1/billfile/HB0017.htm
415826,409,HB18,1,Introduced,2011-10-17,"Transportation - Transit Authorities - Red Line and Purple Line","Establishing the Red Line Transit Authority and the Purple Line Transit Authority to finance, construct, and operate the Red Line and the Purple Line light rail transit lines; providing for the members, appointment, terms, chairs, and staff of the Authorities; prohibiting the Department of Transportation from exercising jurisdiction or authority over the Red Line and the Purple Line light rail transit lines; authorizing the Authorities to take specified actions in the performance of their duties; etc.",1926,"House Rules and Executive Nominations",2011-10-17,"First Reading House Rules and Executive Nominations",https://legiscan.com/MD/bill/HB18/2011/X1,https://mgaleg.maryland.gov/mgawebsite/Search/Legislation?target=/2011s1/billfile/HB0018.htm
415810,409,HB19,1,Introduced,2011-10-17,"Maryland Transportation Authority - Intercounty Connector - Equitable Treatment","Requiring equitable treatment of toll rates on the Intercounty Connector in connection with any action by the Maryland Transportation Authority involving toll revenue affecting other transportation facilities projects owned or operated by the Authority; and making the Act an emergency measure.",1926,"House Rules and Executive Nominations",2011-10-17,"First Reading House Rules and Executive Nominations",https://legiscan.com/MD/bill/HB19/2011/X1,https://mgaleg.maryland.gov/mgawebsite/Search/Legislation?target=/2011s1/billfile/HB0019.htm
415792,409,HB20,1,Introduced,2011-10-17,"Environment - Watershed Implementation Plan - Ranking Best Management Practices","Requiring, on or before October 1, 2012, the Department of the Environment to create a list that ranks best management practices relating to a Watershed Implementation Plan based on cost and expected pollution reduction value; authorizing the Department to include specified information in the list; requiring the Department to update the list annually; and requiring the Department to publish the list on the Department's Web site and to mail a hard copy of the list to each county.",1926,"House Rules and Executive Nominations",2011-10-17,"First Reading House Rules and Executive Nominations",https://legiscan.com/MD/bill/HB20/2011/X1,https://mgaleg.maryland.gov/mgawebsite/Search/Legislation?target=/2011s1/billfile/HB0020.htm
415775,409,HB21,1,Introduced,2011-10-17,"Transportation Trust Fund Protection Act","Proposing an amendment to the Maryland Constitution to establish a Transportation Trust Fund to be used only for purposes relating to transportation with a specified exception; prohibiting the reversion or crediting of any part of the Transportation Trust Fund to the General Fund or a special fund of the State; requiring that specified taxes, fees, charges, and revenues be credited to the Transportation Trust Fund; etc.",1926,"House Rules and Executive Nominations",2011-10-17,"First Reading House Rules and Executive Nominations",https://legiscan.com/MD/bill/HB21/2011/X1,https://mgaleg.maryland.gov/mgawebsite/Search/Legislation?target=/2011s1/billfile/HB0021.htm
415759,409,HB22,1,Introduced,2011-10-18,"Congressional Redistricting Plan of 2011","Establishing the composition of the eight districts in the State of Maryland for the election of members to the United States House of Representatives; specifying ward, election district, and precinct boundaries; and making the Act an emergency measure.",1926,"House Rules and Executive Nominations",2011-10-18,"First Reading House Rules and Executive Nominations",https://legiscan.com/MD/bill/HB22/2011/X1,https://mgaleg.maryland.gov/mgawebsite/Search/Legislation?target=/2011s1/billfile/HB0022.htm
415743,409,HB23,1,Introduced,2011-10-18,"Maryland Transportation Authority - Fixing or Revising Tolls - Legislative","Prohibiting the Maryland Transportation Authority from fixing or revising a toll on any part of any transportation facilities project unless the General Assembly approves the toll through legislation; authorizing the Authority, on or after the effective date of the Act, to continue to charge and collect a toll of the same amount in effect before the effective date of the Act; and making the Act an emergency measure.",1926,"House Rules and Executive Nominations",2011-10-18,"First Reading House Rules and Executive Nominations",https://legiscan.com/MD/bill/HB23/2011/X1,https://mgaleg.maryland.gov/mgawebsite/Search/Legislation?target=/2011s1/billfile/HB0023.htm
415725,409,SB1,4,Passed,2011-10-18,"Congressional Districting Plan","Establishing the composition of the eight districts in the State of Maryland for the election of members to the United States House of Representatives; specifying ward, election district, and precinct boundaries; and making the Act an emergency measure.",0,,2011-10-18,"Approved by the Governor",https://legiscan.com/MD/bill/SB1/2011/X1,https://mgaleg.maryland.gov/mgawebsite/Search/Legislation?target=/2011s1/billfile/SB0001.htm
415708,409,SB2,4,Passed,2011-10-18,"Montgomery County - Board of Education Residence Districts - Redistricting Plan","Altering the boundaries of the residence districts for the Montgomery County Board of Education; repealing a provision of law relating to the date when specified reapportioned districts become effective; and making the Act an emergency measure.",0,,2011-10-18,"Approved by the Governor",https://legiscan.com/MD/bill/SB2/2011/X1,https://mgaleg.maryland.gov/mgawebsite/Search/Legislation?target=/2011s1/billfile/SB0002.htm
415692,409,SB3,4,Passed,2011-10-18,"Prince George's County School Board - Redistricting","Altering the boundaries of the school board districts for the election of the members of the Prince George's County Board of Education; and making the Act an emergency measure.",0,,2011-10-18,"Approved by the Governor",https://legiscan.com/MD/bill/SB3/2011/X1,https://mgaleg.maryland.gov/mgawebsite/Search/Legislation?target=/2011s1/billfile/SB0003.htm
415674,409,SB4,1,Introduced,2011-10-17,"Congressional Redistricting Plan of 2011","Establishing the composition of the eight districts in the State of Maryland for the election of members to the United States House of Representatives; specifying ward, election district, and precinct boundaries; and making the Act an emergency measure.",0,,2011-10-17,"Unfavorable Report by Reapportionment and Redistricting",https://legiscan.com/MD/bill/SB4/2011/X1,https://mgaleg.maryland.gov/mgawebsite/Search/Legislation?target=/2011s1/billfile/SB0004.htm
415658,409,SB5,1,Introduced,2011-10-17,"Congressional Redistricting Plan","Establishing the composition of the eight districts in the State of Maryland for the election of members to the United States House of Representatives; specifying ward, election district, and precinct boundaries; and making the Act an emergency measure.",0,,2011-10-17,"Unfavorable Report by Reapportionment and Redistricting",https://legiscan.com/MD/bill/SB5/2011/X1,https://mgaleg.maryland.gov/mgawebsite/Search/Legislation?target=/2011s1/billfile/SB0005.htm
415640,409,SB6,1,Introduced,2011-10-17,"Congressional Redistricting Plan of 2011","Establishing the composition of the eight districts in the State of Maryland for the election of members to the United States House of Representatives; specifying ward, election district, and precinct boundaries; and making the Act an emergency measure.",0,,2011-10-17,"Unfavorable Report by Reapportionment and Redistricting",https://legiscan.com/MD/bill/SB6/2011/X1,https://mgaleg.maryland.gov/mgawebsite/Search/Legislation?target=/2011s1/billfile/SB0006.htm
415623,409,SB7,1,Introduced,2011-10-17,"Baltimore City - Board of Liquor License Commissioners - Transfer of License","Altering a prohibition against the Board of Liquor License Commissioners for Baltimore City issuing an alcoholic beverages license or transferring a license into specified locations in Baltimore City by authorizing the Board to allow the transfer of one Class D license into a specified residential planned unit development for Silo Point located in ward 24, precinct 5.",1936,"Senate Rules",2011-10-17,"First Reading Senate Rules",https://legiscan.com/MD/bill/SB7/2011/X1,https://mgaleg.maryland.gov/mgawebsite/Search/Legislation?target=/2011s1/billfile/SB0007.htm
415607,409,SB8,1,Introduced,2011-10-17,"Education - Talbot County - Participation in High School Athletic Programs","Allowing a student who resides in the geographical attendance area of one secondary school in Talbot County to represent another secondary school in the county in an interscholastic athletic activity if the activity is not offered in the resident school; allowing the student to participate in the athletic activity without transferring to the school outside of the student's geographical attendance area; and making the Act an emergency measure.",1936,"Senate Rules",2011-10-17,"First Reading Senate Rules",https://legiscan.com/MD/bill/SB8/2011/X1,https://mgaleg.maryland.gov/mgawebsite/Search/Legislation?target=/2011s1/billfile/SB0008.htm
415589,409,SB9,1,Introduced,2011-10-17,"Private Property Rights - Regulatory Infringement - Compensation","Giving an owner of private property a cause of action under specified circumstances against the Department of the Environment, the Department of Natural Resources, or the Department of Planning if the application of specified regulations infringes on a private property right; providing that the cause of action shall be filed in a specified court; providing for the sum that a private property owner may recover; etc.",1936,"Senate Rules",2011-10-17,"First Reading Senate Rules",https://legiscan.com/MD/bill/SB9/2011/X1,https://mgaleg.maryland.gov/mgawebsite/Search/Legislation?target=/2011s1/billfile/SB0009.htm
415573,409,SB10,1,Introduced,2011-10-17,"Public Service Commission - Application for Substantial Influence - Divestiture","Prohibiting the Public Service Commission from approving a specified application that requests authorization for Exelon Corporation to acquire the power to exercise substantial influence over the policies and actions of Baltimore Gas and Electric Company unless the Commission requires, as a condition of approval in an order under a specified case or any related or subsequent case, the resulting company to divest itself of Baltimore Gas and Electric Company; and making the Act an emergency measure.",1936,"Senate Rules",2011-10-17,"First Reading Senate Rules",https://legiscan.com/MD/bill/SB10/2011/X1,https://mgaleg.maryland.gov/mgawebsite/Search/Legislation?target=/2011s1/billfile/SB0010.htm
415555,409,SB11,1,Introduced,2011-10-17,"Environment - Watershed Implementation Plan - Cap on Costs","Requiring each entity that prepares a Watershed Improvement Plan to prepare a cost assessment of costs associated with implementing the Plan through 2017; requiring a cost assessment to be updated each year by December 1; requiring the Department of the Environment to submit a report on the cost assessments to the Governor and the General Assembly each year by December 31; and prohibiting the implementation of a Watershed Implementation Plan if a specified cost assessment exceeds a specified amount.",1936,"Senate Rules",2011-10-17,"First Reading Senate Rules",https://legiscan.com/MD/bill/SB11/2011/X1,https://mgaleg.maryland.gov/mgawebsite/Search/Legislation?target=/2011s1/billfile/SB0011.htm
415539,409,SB12,1,Introduced,2011-10-17,"Environment - Watershed Implementation Plan - County Implementation","Providing that a local jurisdiction may not be required to implement activities or strategies of a State Watershed Implementation Plan unless specified funding is provided; and making the Act an emergency measure.",1936,"Senate Rules",2011-10-17,"First Reading Senate Rules",https://legiscan.com/MD/bill/SB12/2011/X1,https://mgaleg.maryland.gov/mgawebsite/Search/Legislation?target=/2011s1/billfile/SB0012.htm
415523,409,SB13,1,Introduced,2011-10-17,"Environment - Watershed Implementation Plan - Ranking Best Management Practices","Requiring, on or before October 1, 2012, the Department of the Environment to create a list that ranks best management practices relating to a Watershed Implementation Plan based on cost and expected pollution reduction value; authorizing the Department to include specified information in the list; requiring the Department to update the list annually; and requiring the Department to publish the list on the Department's Web site and to mail a hard copy of the list to each county.",1936,"Senate Rules",2011-10-17,"First Reading Senate Rules",https://legiscan.com/MD/bill/SB13/2011/X1,https://mgaleg.maryland.gov/mgawebsite/Search/Legislation?target=/2011s1/billfile/SB0013.htm
415507,409,SB14,1,Introduced,2011-10-17,"Maryland Transportation Authority - Intercounty Connector - Equitable Treatment","Requiring equitable treatment of toll rates on the Intercounty Connector in connection with any action by the Maryland Transportation Authority involving toll revenue affecting other transportation facilities projects owned or operated by the Authority; and making the Act an emergency measure.",1936,"Senate Rules",2011-10-17,"First Reading Senate Rules",https://legiscan.com/MD/bill/SB14/2011/X1,https://mgaleg.maryland.gov/mgawebsite/Search/Legislation?target=/2011s1/billfile/SB0014.htm
415491,409,SB15,1,Introduced,2011-10-17,"Transportation - Chesapeake Bay Bridge Authority","Establishing the Chesapeake Bay Bridge Authority to finance, construct, operate, and maintain the Chesapeake Bay Bridge; providing for the members, appointment, terms, chair, and staff of the Authority; prohibiting the Department of Transportation from exercising jurisdiction or authority over the Chesapeake Bay Bridge; authorizing the Authority to take specified actions in the performance of its duties; etc.",1936,"Senate Rules",2011-10-17,"First Reading Senate Rules",https://legiscan.com/MD/bill/SB15/2011/X1,https://mgaleg.maryland.gov/mgawebsite/Search/Legislation?target=/2011s1/billfile/SB0015.htm
415475,409,SB16,1,Introduced,2011-10-17,"Department of the Environment - Rubble Landfills - Location","Prohibiting the Secretary of the Environment from issuing a permit to construct or operate a rubble landfill within 2.5 miles of Jacobs Creek in Kent County; and making the Act an emergency measure.",1936,"Senate Rules",2011-10-17,"First Reading Senate Rules",https://legiscan.com/MD/bill/SB16/2011/X1,https://mgaleg.maryland.gov/mgawebsite/Search/Legislation?target=/2011s1/billfile/SB0016.htm
415458,409,SB17,1,Introduced,2011-10-17,"State Government - Executive Order - Definition","Altering the definition of ""executive order"" to remove from the definition an order or an amendment or a rescission of an order that adopts specified guidelines, rules of conduct, or rules of procedure for specified persons.",1936,"Senate Rules",2011-10-17,"First Reading Senate Rules",https://legiscan.com/MD/bill/SB17/2011/X1,https://mgaleg.maryland.gov/mgawebsite/Search/Legislation?target=/2011s1/billfile/SB0017.htm
415442,409,SB18,1,Introduced,2011-10-17,"Environment - Watershed Implementation Plan - Conowingo Dam Environmental","Prohibiting a person from engaging in an activity or strategy to implement a State Watershed Implementation Plan until the State completes a full assessment of the environmental impacts of opening the Conowingo Dam floodgates in September 2011 following Hurricane Irene and Tropical Storm Lee; and making the Act an emergency measure.",1936,"Senate Rules",2011-10-17,"First Reading Senate Rules",https://legiscan.com/MD/bill/SB18/2011/X1,https://mgaleg.maryland.gov/mgawebsite/Search/Legislation?target=/2011s1/billfile/SB0018.htm
415426,409,SB19,1,Introduced,2011-10-17,"Maryland Transit Administration - Farebox Recovery Rate Increase","Increasing from 35% to 50%, for fiscal year 2013 and thereafter, the percentage of operating costs for specified public transit services that the Maryland Transit Administration must recover from fares and other operating revenues; etc.",1936,"Senate Rules",2011-10-17,"First Reading Senate Rules",https://legiscan.com/MD/bill/SB19/2011/X1,https://mgaleg.maryland.gov/mgawebsite/Search/Legislation?target=/2011s1/billfile/SB0019.htm
415410,409,SB20,1,Introduced,2011-10-17,"Maryland Transportation Authority - Audit Statements Available Online","Requiring the Maryland Transportation Authority to make audit statements publicly available on its Internet site, including audit statements relating to each transportation facilities project throughout the entire existence of each transportation facilities project; and defining ""audit statement"".",1936,"Senate Rules",2011-10-17,"First Reading Senate Rules",https://legiscan.com/MD/bill/SB20/2011/X1,https://mgaleg.maryland.gov/mgawebsite/Search/Legislation?target=/2011s1/billfile/SB0020.htm
415394,409,SB21,1,Introduced,2011-10-17,"Department of Planning - Local and Regional Planning and Land Use Powers -","Prohibiting the Department of Planning from adopting any regulation or taking any action that restricts the planning and land use powers of local governments or regional planning agencies; and making the Act an emergency measure.",1936,"Senate Rules",2011-10-17,"First Reading Senate Rules",https://legiscan.com/MD/bill/SB21/2011/X1,https://mgaleg.maryland.gov/mgawebsite/Search/Legislation?target=/2011s1/billfile/SB0021.htm
415375,409,SB22,1,Introduced,2011-10-17,"Environment - On-Site Sewage Disposal Systems","Establishing that the State may not prohibit the installation of any on-site sewage disposal system until specified overflows at specified sewage pumping stations are fully mitigated.",1936,"Senate Rules",2011-10-17,"First Reading Senate Rules",https://legiscan.com/MD/bill/SB22/2011/X1,https://mgaleg.maryland.gov/mgawebsite/Search/Legislation?target=/2011s1/billfile/SB0022.htm
415360,409,SB23,1,Introduced,2011-10-17,"Maryland Transportation Authority - Termination - Exchange of Bonds","Terminating the Maryland Transportation Authority; transferring, subject to specified exceptions, all functions, powers, duties, responsibilities, regulations, policies, property, equipment, assets, liabilities, and employees of the Authority to the Maryland Department of Transportation on October 1, 2012; requiring the State to issue revenue refunding bonds in exchange for revenue bonds issued by the Authority before a specified date; etc.",1936,"Senate Rules",2011-10-17,"First Reading Senate Rules",https://legiscan.com/MD/bill/SB23/2011/X1,https://mgaleg.maryland.gov/mgawebsite/Search/Legislation?target=/2011s1/billfile/SB0023.htm
415343,409,SB24,1,Introduced,2011-10-17,"Maryland Transportation Authority - Fixing or Revising Tolls - Legislative","Prohibiting the Maryland Transportation Authority from fixing or revising a toll on any part of any transportation facilities project unless the General Assembly approves the toll through legislation; authorizing the Authority, on or after the effective date of the Act, to continue to charge and collect a toll of the same amount in effect before the effective date of the Act; and making the Act an emergency measure.",1936,"Senate Rules",2011-10-17,"First Reading Senate Rules",https://legiscan.com/MD/bill/SB24/2011/X1,https://mgaleg.maryland.gov/mgawebsite/Search/Legislation?target=/2011s1/billfile/SB0024.htm
415325,409,SB25,1,Introduced,2011-10-17,"Transportation - Toll, Fee, or Other Charge Increases - Notice and Public","Requiring specified staff of the Maryland Transportation Authority to provide, by a specified date, public notice regarding a proposal to increase specified tolls, fees, or other charges; requiring the Authority to make the proposal available to the public in a specified manner; requiring the Authority to receive comments from the public at the meeting at which the Authority votes to implement the proposal; and making the Act an emergency measure.",1936,"Senate Rules",2011-10-17,"First Reading Senate Rules",https://legiscan.com/MD/bill/SB25/2011/X1,https://mgaleg.maryland.gov/mgawebsite/Search/Legislation?target=/2011s1/billfile/SB0025.htm
415310,409,SB26,1,Introduced,2011-10-17,"Environment - County Plans - Authority","Repealing the authority of the Department of the Environment to order a person to prepare and submit specified subdivision plans under specified circumstances; repealing the Department's authority to order the installation of specified water supply or sewerage systems for subdivisions under specified circumstances; repealing a requirement that a specified county plan be approved by the Department; repealing a requirement that a county adopt a revision or amendment to a county plan under specified circumstances; etc.",1936,"Senate Rules",2011-10-17,"First Reading Senate Rules",https://legiscan.com/MD/bill/SB26/2011/X1,https://mgaleg.maryland.gov/mgawebsite/Search/Legislation?target=/2011s1/billfile/SB0026.htm
415291,409,SB27,1,Introduced,2011-10-17,"Transportation - Transit Authorities - Red Line and Purple Line","Establishing the Red Line Transit Authority and the Purple Line Transit Authority to finance, construct, and operate the Red Line and the Purple Line light rail transit lines; providing for the members, appointment, terms, chairs, and staff of the Authorities; prohibiting the Department of Transportation from exercising jurisdiction or authority over the Red Line and the Purple Line light rail transit lines; authorizing the Authorities to take specified actions in the performance of their duties; etc.",1936,"Senate Rules",2011-10-17,"First Reading Senate Rules",https://legiscan.com/MD/bill/SB27/2011/X1,https://mgaleg.maryland.gov/mgawebsite/Search/Legislation?target=/2011s1/billfile/SB0027.htm
415275,409,SB28,1,Introduced,2011-10-17,"Department of Planning - State Development Plan - Approval by the General","Requiring the Secretary of Planning to submit a State Development Plan to the General Assembly; prohibiting a specified plan from being finalized until it is approved by an Act of the General Assembly; requiring the Governor to file with the Secretary of State the Plan, part of the Plan, or revision to the Plan, together with any comments made by the Governor after enactment of a law that approves the Plan; and making the Act an emergency measure.",1936,"Senate Rules",2011-10-17,"First Reading Senate Rules",https://legiscan.com/MD/bill/SB28/2011/X1,https://mgaleg.maryland.gov/mgawebsite/Search/Legislation?target=/2011s1/billfile/SB0028.htm
415258,409,SB29,1,Introduced,2011-10-17,"Environment - Watershed Implementation Plans - Implementation Deadlines","Prohibiting the State from submitting Watershed Implementation Plan documents to the U.S. Environmental Protection Agency that are based on nutrient or sediment reduction goals that exceed federal requirements; and making the Act an emergency measure.",1936,"Senate Rules",2011-10-17,"First Reading Senate Rules",https://legiscan.com/MD/bill/SB29/2011/X1,https://mgaleg.maryland.gov/mgawebsite/Search/Legislation?target=/2011s1/billfile/SB0029.htm
415242,409,SB30,1,Introduced,2011-10-17,"State Individual Income Tax - Millionaires' Tax","Increasing the State income tax rate for an individual to 6.25% of Maryland taxable income in excess of $1,000,000; requiring the Comptroller to waive specified interest and penalties for the 2012 calendar year; and applying the Act to taxable years beginning after December 31, 2011.",1936,"Senate Rules",2011-10-17,"First Reading Senate Rules",https://legiscan.com/MD/bill/SB30/2011/X1,https://mgaleg.maryland.gov/mgawebsite/Search/Legislation?target=/2011s1/billfile/SB0030.htm
415225,409,SB31,1,Introduced,2011-10-17,"Income Tax - Corporations - Denial of Deduction for Excessive Compensation of","Providing an addition modification under the Maryland corporate income tax for the amount of salary, wages, or other compensation for personal services paid or incurred by a corporation to an officer or director of the corporation in excess of 25 times the annual salary, wages, or other compensation for personal services of the lowest paid full-time employee; and applying the Act to tax years beginning after December 31, 2011.",1936,"Senate Rules",2011-10-17,"First Reading Senate Rules",https://legiscan.com/MD/bill/SB31/2011/X1,https://mgaleg.maryland.gov/mgawebsite/Search/Legislation?target=/2011s1/billfile/SB0031.htm
415211,409,SB32,1,Introduced,2011-10-17,"Maryland Transportation Authority - Fixing or Revising Tolls - Legislative","Prohibiting the Maryland Transportation Authority from fixing or revising a toll on any part of any transportation facilities project unless the General Assembly approves the toll through legislation; authorizing the Authority, on or after the effective date of the Act, to continue to charge and collect a toll of the same amount in effect before the effective date of the Act; and making the Act an emergency measure.",1936,"Senate Rules",2011-10-17,"First Reading Senate Rules",https://legiscan.com/MD/bill/SB32/2011/X1,https://mgaleg.maryland.gov/mgawebsite/Search/Legislation?target=/2011s1/billfile/SB0032.htm
