bill_id,document_id,document_type,document_size,document_mime,document_desc,url,state_link
416111,610397,text,305989,application/pdf,Introduced,https://legiscan.com/MD/text/HB1/id/610397,http://mlis.state.md.us/2011s1/bills/hb/hb0001f.pdf
416094,610370,text,177532,application/pdf,Introduced,https://legiscan.com/MD/text/HB2/id/610370,http://mlis.state.md.us/2011s1/bills/hb/hb0002f.pdf
416094,610371,text,178593,application/pdf,Engrossed,https://legiscan.com/MD/text/HB2/id/610371,http://mlis.state.md.us/2011s1/bills/hb/hb0002t.pdf
416077,610339,text,129376,application/pdf,Introduced,https://legiscan.com/MD/text/HB3/id/610339,http://mlis.state.md.us/2011s1/bills/hb/hb0003f.pdf
416077,610340,text,131837,application/pdf,Engrossed,https://legiscan.com/MD/text/HB3/id/610340,http://mlis.state.md.us/2011s1/bills/hb/hb0003t.pdf
416061,610308,text,178590,application/pdf,Introduced,https://legiscan.com/MD/text/HB4/id/610308,http://mlis.state.md.us/2011s1/bills/hb/hb0004f.pdf
416045,610279,text,232873,application/pdf,Introduced,https://legiscan.com/MD/text/HB5/id/610279,http://mlis.state.md.us/2011s1/bills/hb/hb0005f.pdf
416026,610234,text,108929,application/pdf,Introduced,https://legiscan.com/MD/text/HB6/id/610234,http://mlis.state.md.us/2011s1/bills/hb/hb0006f.pdf
416011,610200,text,116086,application/pdf,Introduced,https://legiscan.com/MD/text/HB7/id/610200,http://mlis.state.md.us/2011s1/bills/hb/hb0007f.pdf
415993,610157,text,92768,application/pdf,Introduced,https://legiscan.com/MD/text/HB8/id/610157,http://mlis.state.md.us/2011s1/bills/hb/hb0008f.pdf
415976,610121,text,150276,application/pdf,Introduced,https://legiscan.com/MD/text/HB9/id/610121,http://mlis.state.md.us/2011s1/bills/hb/hb0009f.pdf
415961,610098,text,114295,application/pdf,Introduced,https://legiscan.com/MD/text/HB10/id/610098,http://mlis.state.md.us/2011s1/bills/hb/hb0010f.pdf
415943,610069,text,110220,application/pdf,Introduced,https://legiscan.com/MD/text/HB11/id/610069,http://mlis.state.md.us/2011s1/bills/hb/hb0011f.pdf
415927,610042,text,104018,application/pdf,Introduced,https://legiscan.com/MD/text/HB12/id/610042,http://mlis.state.md.us/2011s1/bills/hb/hb0012f.pdf
415911,610012,text,102473,application/pdf,Introduced,https://legiscan.com/MD/text/HB13/id/610012,http://mlis.state.md.us/2011s1/bills/hb/hb0013f.pdf
415894,609984,text,103875,application/pdf,Introduced,https://legiscan.com/MD/text/HB14/id/609984,http://mlis.state.md.us/2011s1/bills/hb/hb0014f.pdf
415876,609957,text,105423,application/pdf,Introduced,https://legiscan.com/MD/text/HB15/id/609957,http://mlis.state.md.us/2011s1/bills/hb/hb0015f.pdf
415860,609930,text,149693,application/pdf,Introduced,https://legiscan.com/MD/text/HB16/id/609930,http://mlis.state.md.us/2011s1/bills/hb/hb0016f.pdf
415843,609906,text,103025,application/pdf,Introduced,https://legiscan.com/MD/text/HB17/id/609906,http://mlis.state.md.us/2011s1/bills/hb/hb0017f.pdf
415826,609883,text,156875,application/pdf,Introduced,https://legiscan.com/MD/text/HB18/id/609883,http://mlis.state.md.us/2011s1/bills/hb/hb0018f.pdf
415810,609856,text,95996,application/pdf,Introduced,https://legiscan.com/MD/text/HB19/id/609856,http://mlis.state.md.us/2011s1/bills/hb/hb0019f.pdf
415792,609832,text,113544,application/pdf,Introduced,https://legiscan.com/MD/text/HB20/id/609832,http://mlis.state.md.us/2011s1/bills/hb/hb0020f.pdf
415775,609807,text,125645,application/pdf,Introduced,https://legiscan.com/MD/text/HB21/id/609807,http://mlis.state.md.us/2011s1/bills/hb/hb0021f.pdf
415759,609783,text,260468,application/pdf,Introduced,https://legiscan.com/MD/text/HB22/id/609783,http://mlis.state.md.us/2011s1/bills/hb/hb0022f.pdf
415743,609758,text,103222,application/pdf,Introduced,https://legiscan.com/MD/text/HB23/id/609758,http://mlis.state.md.us/2011s1/bills/hb/hb0023f.pdf
415725,609726,text,306987,application/pdf,Introduced,https://legiscan.com/MD/text/SB1/id/609726,http://mlis.state.md.us/2011s1/bills/sb/sb0001f.pdf
415725,609727,text,310694,application/pdf,Engrossed,https://legiscan.com/MD/text/SB1/id/609727,http://mlis.state.md.us/2011s1/bills/sb/sb0001t.pdf
415725,609728,text,449961,application/pdf,Enrolled,https://legiscan.com/MD/text/SB1/id/609728,http://mlis.state.md.us/2011s1/bills/sb/sb0001e.pdf
415725,609729,text,382909,application/pdf,Chaptered,https://legiscan.com/MD/text/SB1/id/609729,http://mlis.state.md.us/2011s1/chapters_noln/Ch_1_sb0001E.pdf
415708,609695,text,177394,application/pdf,Introduced,https://legiscan.com/MD/text/SB2/id/609695,http://mlis.state.md.us/2011s1/bills/sb/sb0002f.pdf
415708,609696,text,178042,application/pdf,Engrossed,https://legiscan.com/MD/text/SB2/id/609696,http://mlis.state.md.us/2011s1/bills/sb/sb0002t.pdf
415708,609697,text,167952,application/pdf,Chaptered,https://legiscan.com/MD/text/SB2/id/609697,http://mlis.state.md.us/2011s1/chapters_noln/Ch_2_sb0002T.pdf
415692,609669,text,128164,application/pdf,Introduced,https://legiscan.com/MD/text/SB3/id/609669,http://mlis.state.md.us/2011s1/bills/sb/sb0003f.pdf
415692,609670,text,132032,application/pdf,Engrossed,https://legiscan.com/MD/text/SB3/id/609670,http://mlis.state.md.us/2011s1/bills/sb/sb0003t.pdf
415692,609671,text,118735,application/pdf,Chaptered,https://legiscan.com/MD/text/SB3/id/609671,http://mlis.state.md.us/2011s1/chapters_noln/Ch_3_sb0003T.pdf
415674,609646,text,178092,application/pdf,Introduced,https://legiscan.com/MD/text/SB4/id/609646,http://mlis.state.md.us/2011s1/bills/sb/sb0004f.pdf
415658,609626,text,231900,application/pdf,Introduced,https://legiscan.com/MD/text/SB5/id/609626,http://mlis.state.md.us/2011s1/bills/sb/sb0005f.pdf
415640,609597,text,259717,application/pdf,Introduced,https://legiscan.com/MD/text/SB6/id/609597,http://mlis.state.md.us/2011s1/bills/sb/sb0006f.pdf
415623,609565,text,110189,application/pdf,Introduced,https://legiscan.com/MD/text/SB7/id/609565,http://mlis.state.md.us/2011s1/bills/sb/sb0007f.pdf
415607,609534,text,91246,application/pdf,Introduced,https://legiscan.com/MD/text/SB8/id/609534,http://mlis.state.md.us/2011s1/bills/sb/sb0008f.pdf
415589,609507,text,115917,application/pdf,Introduced,https://legiscan.com/MD/text/SB9/id/609507,http://mlis.state.md.us/2011s1/bills/sb/sb0009f.pdf
415573,609474,text,87931,application/pdf,Introduced,https://legiscan.com/MD/text/SB10/id/609474,http://mlis.state.md.us/2011s1/bills/sb/sb0010f.pdf
415555,609438,text,115831,application/pdf,Introduced,https://legiscan.com/MD/text/SB11/id/609438,http://mlis.state.md.us/2011s1/bills/sb/sb0011f.pdf
415539,609402,text,106681,application/pdf,Introduced,https://legiscan.com/MD/text/SB12/id/609402,http://mlis.state.md.us/2011s1/bills/sb/sb0012f.pdf
415523,609379,text,108075,application/pdf,Introduced,https://legiscan.com/MD/text/SB13/id/609379,http://mlis.state.md.us/2011s1/bills/sb/sb0013f.pdf
415507,609355,text,94629,application/pdf,Introduced,https://legiscan.com/MD/text/SB14/id/609355,http://mlis.state.md.us/2011s1/bills/sb/sb0014f.pdf
415491,609333,text,146595,application/pdf,Introduced,https://legiscan.com/MD/text/SB15/id/609333,http://mlis.state.md.us/2011s1/bills/sb/sb0015f.pdf
415475,609311,text,102462,application/pdf,Introduced,https://legiscan.com/MD/text/SB16/id/609311,http://mlis.state.md.us/2011s1/bills/sb/sb0016f.pdf
415458,609284,text,96682,application/pdf,Introduced,https://legiscan.com/MD/text/SB17/id/609284,http://mlis.state.md.us/2011s1/bills/sb/sb0017f.pdf
415442,609258,text,106902,application/pdf,Introduced,https://legiscan.com/MD/text/SB18/id/609258,http://mlis.state.md.us/2011s1/bills/sb/sb0018f.pdf
415426,609233,text,100235,application/pdf,Introduced,https://legiscan.com/MD/text/SB19/id/609233,http://mlis.state.md.us/2011s1/bills/sb/sb0019f.pdf
415410,609205,text,103113,application/pdf,Introduced,https://legiscan.com/MD/text/SB20/id/609205,http://mlis.state.md.us/2011s1/bills/sb/sb0020f.pdf
415394,609183,text,91700,application/pdf,Introduced,https://legiscan.com/MD/text/SB21/id/609183,http://mlis.state.md.us/2011s1/bills/sb/sb0021f.pdf
415375,609153,text,102572,application/pdf,Introduced,https://legiscan.com/MD/text/SB22/id/609153,http://mlis.state.md.us/2011s1/bills/sb/sb0022f.pdf
415360,609127,text,110002,application/pdf,Introduced,https://legiscan.com/MD/text/SB23/id/609127,http://mlis.state.md.us/2011s1/bills/sb/sb0023f.pdf
415343,609095,text,103768,application/pdf,Introduced,https://legiscan.com/MD/text/SB24/id/609095,http://mlis.state.md.us/2011s1/bills/sb/sb0024f.pdf
415325,609068,text,114340,application/pdf,Introduced,https://legiscan.com/MD/text/SB25/id/609068,http://mlis.state.md.us/2011s1/bills/sb/sb0025f.pdf
415310,609046,text,148399,application/pdf,Introduced,https://legiscan.com/MD/text/SB26/id/609046,http://mlis.state.md.us/2011s1/bills/sb/sb0026f.pdf
415291,609018,text,154044,application/pdf,Introduced,https://legiscan.com/MD/text/SB27/id/609018,http://mlis.state.md.us/2011s1/bills/sb/sb0027f.pdf
415275,608993,text,101633,application/pdf,Introduced,https://legiscan.com/MD/text/SB28/id/608993,http://mlis.state.md.us/2011s1/bills/sb/sb0028f.pdf
415258,608969,text,108614,application/pdf,Introduced,https://legiscan.com/MD/text/SB29/id/608969,http://mlis.state.md.us/2011s1/bills/sb/sb0029f.pdf
415242,608940,text,102403,application/pdf,Introduced,https://legiscan.com/MD/text/SB30/id/608940,http://mlis.state.md.us/2011s1/bills/sb/sb0030f.pdf
415225,608912,text,93912,application/pdf,Introduced,https://legiscan.com/MD/text/SB31/id/608912,http://mlis.state.md.us/2011s1/bills/sb/sb0031f.pdf
415211,608892,text,101619,application/pdf,Introduced,https://legiscan.com/MD/text/SB32/id/608892,http://mlis.state.md.us/2011s1/bills/sb/sb0032f.pdf
