bill_id,session_id,bill_number,status,status_desc,status_date,title,description,committee_id,committee,last_action_date,last_action,url,state_link
193204,38,HB255,0,,,,,0,,,,https://legiscan.com/OR/bill/HB255/2010/X1,http://www.leg.state.or.us/searchmeas.html
137578,38,HB3600,6,Failed,2010-02-25,"Relating to development review processing.","Relating to development review processing.",0,,2010-02-25,"In committee upon adjournment.",https://legiscan.com/OR/bill/HB3600/2010/X1,http://www.leg.state.or.us/searchmeas.html
137579,38,HB3601,4,Passed,2010-03-10,"Relating to driving while under the influence of intoxicants.","Relating to driving while under the influence of intoxicants.",0,,2010-03-10,"Chapter 37, (2010 Laws): Effective date January 1, 2011.",https://legiscan.com/OR/bill/HB3601/2010/X1,http://www.leg.state.or.us/searchmeas.html
137580,38,HB3602,4,Passed,2010-03-18,"Relating to the loss of licenses by hydroelectric projects; and declaring an emergency.","Relating to the loss of licenses by hydroelectric projects; and declaring an emergency.",0,,2010-03-18,"Chapter 63, (2010 Laws): Effective date March 18, 2010.",https://legiscan.com/OR/bill/HB3602/2010/X1,http://www.leg.state.or.us/searchmeas.html
137581,38,HB3603,6,Failed,2010-02-25,"Relating to repeal of assessment on health insurance premiums; declaring an emergency.","Relating to repeal of assessment on health insurance premiums; declaring an emergency.",0,,2010-02-25,"In committee upon adjournment.",https://legiscan.com/OR/bill/HB3603/2010/X1,http://www.leg.state.or.us/searchmeas.html
137582,38,HB3604,6,Failed,2010-02-25,"Relating to preference factors for public contracting; declaring an emergency.","Relating to preference factors for public contracting; declaring an emergency.",0,,2010-02-25,"In committee upon adjournment.",https://legiscan.com/OR/bill/HB3604/2010/X1,http://www.leg.state.or.us/searchmeas.html
137583,38,HB3605,6,Failed,2010-02-25,"Relating to the Oregon Business Development Fund; appropriating money; declaring an emergency.","Relating to the Oregon Business Development Fund; appropriating money; declaring an emergency.",0,,2010-02-25,"In committee upon adjournment.",https://legiscan.com/OR/bill/HB3605/2010/X1,http://www.leg.state.or.us/searchmeas.html
137584,38,HB3606,4,Passed,2010-03-10,"Relating to recycling of electronic devices; and declaring an emergency.","Relating to recycling of electronic devices; and declaring an emergency.",0,,2010-03-10,"Chapter 38, (2010 Laws): Effective date March 10, 2010.",https://legiscan.com/OR/bill/HB3606/2010/X1,http://www.leg.state.or.us/searchmeas.html
137585,38,HB3607,6,Failed,2010-02-25,"Relating to reimbursement rates for behavioral health care providers; declaring an emergency.","Relating to reimbursement rates for behavioral health care providers; declaring an emergency.",0,,2010-02-25,"In committee upon adjournment.",https://legiscan.com/OR/bill/HB3607/2010/X1,http://www.leg.state.or.us/searchmeas.html
137586,38,HB3608,6,Failed,2010-02-25,"Relating to tax treatment of waste materials; prescribing an effective date.","Relating to tax treatment of waste materials; prescribing an effective date.",0,,2010-02-25,"In committee upon adjournment.",https://legiscan.com/OR/bill/HB3608/2010/X1,http://www.leg.state.or.us/searchmeas.html
137587,38,HB3609,4,Passed,2010-03-10,"Relating to enterprise zones; and prescribing an effective date.","Relating to enterprise zones; and prescribing an effective date.",0,,2010-03-10,"Chapter 39, (2010 Laws): Effective date May 27, 2010.",https://legiscan.com/OR/bill/HB3609/2010/X1,http://www.leg.state.or.us/searchmeas.html
137588,38,HB3610,4,Passed,2010-03-10,"Relating to affidavits for loan modification; and prescribing an effective date.","Relating to affidavits for loan modification; and prescribing an effective date.",0,,2010-03-10,"Chapter 40, (2010 Laws): Effective date May 27, 2010.",https://legiscan.com/OR/bill/HB3610/2010/X1,http://www.leg.state.or.us/searchmeas.html
137589,38,HB3611,6,Failed,2010-02-25,"Relating to subtraction for health insurance premium payments.","Relating to subtraction for health insurance premium payments.",0,,2010-02-25,"In committee upon adjournment.",https://legiscan.com/OR/bill/HB3611/2010/X1,http://www.leg.state.or.us/searchmeas.html
137590,38,HB3612,4,Passed,2010-03-10,"Relating to additional property taxes; and prescribing an effective date.","Relating to additional property taxes; and prescribing an effective date.",0,,2010-03-10,"Chapter 36, (2010 Laws): Effective date May 27, 2010.",https://legiscan.com/OR/bill/HB3612/2010/X1,http://www.leg.state.or.us/searchmeas.html
137591,38,HB3613,4,Passed,2010-03-04,"Relating to leasing of ocean resources; and declaring an emergency.","Relating to leasing of ocean resources; and declaring an emergency.",0,,2010-03-04,"Chapter 11, (2010 Laws): Effective date March 4, 2010.",https://legiscan.com/OR/bill/HB3613/2010/X1,http://www.leg.state.or.us/searchmeas.html
137592,38,HB3614,6,Failed,2010-02-25,"Relating to a task force on core functions of government; declaring an emergency.","Relating to a task force on core functions of government; declaring an emergency.",0,,2010-02-25,"In committee upon adjournment.",https://legiscan.com/OR/bill/HB3614/2010/X1,http://www.leg.state.or.us/searchmeas.html
137593,38,HB3615,6,Failed,2010-02-25,"Relating to application of Unlawful Trade Practices Act; declaring an emergency.","Relating to application of Unlawful Trade Practices Act; declaring an emergency.",0,,2010-02-25,"In committee upon adjournment.",https://legiscan.com/OR/bill/HB3615/2010/X1,http://www.leg.state.or.us/searchmeas.html
137594,38,HB3616,6,Failed,2010-02-25,"Relating to liquefied natural gas.","Relating to liquefied natural gas.",0,,2010-02-25,"In committee upon adjournment.",https://legiscan.com/OR/bill/HB3616/2010/X1,http://www.leg.state.or.us/searchmeas.html
137595,38,HB3617,4,Passed,2010-03-10,"Relating to local government provision of services; and declaring an emergency.","Relating to local government provision of services; and declaring an emergency.",0,,2010-03-10,"Chapter 41, (2010 Laws): Effective date March 10, 2010.",https://legiscan.com/OR/bill/HB3617/2010/X1,http://www.leg.state.or.us/searchmeas.html
137596,38,HB3618,4,Passed,2010-03-29,"Relating to home care workers; and declaring an emergency.","Relating to home care workers; and declaring an emergency.",0,,2010-03-29,"Chapter 100, (2010 Laws): Effective date March 29, 2010.",https://legiscan.com/OR/bill/HB3618/2010/X1,http://www.leg.state.or.us/searchmeas.html
137597,38,HB3619,4,Passed,2010-03-18,"Relating to professional development of education professionals; and declaring an emergency.","Relating to professional development of education professionals; and declaring an emergency.",0,,2010-03-18,"Chapter 64, (2010 Laws): Effective date March 18, 2010.",https://legiscan.com/OR/bill/HB3619/2010/X1,http://www.leg.state.or.us/searchmeas.html
137598,38,HB3620,6,Failed,2010-02-25,"Relating to capital improvements income tax credit; prescribing an effective date.","Relating to capital improvements income tax credit; prescribing an effective date.",0,,2010-02-25,"In committee upon adjournment.",https://legiscan.com/OR/bill/HB3620/2010/X1,http://www.leg.state.or.us/searchmeas.html
137599,38,HB3621,6,Failed,2010-02-25,"Relating to plumbing; declaring an emergency.","Relating to plumbing; declaring an emergency.",0,,2010-02-25,"In committee upon adjournment.",https://legiscan.com/OR/bill/HB3621/2010/X1,http://www.leg.state.or.us/searchmeas.html
137600,38,HB3622,6,Failed,2010-02-25,"Relating to insurance for accidental death and dismemberment.","Relating to insurance for accidental death and dismemberment.",0,,2010-02-25,"In committee upon adjournment.",https://legiscan.com/OR/bill/HB3622/2010/X1,http://www.leg.state.or.us/searchmeas.html
137601,38,HB3623,4,Passed,2010-03-18,"Relating to human trafficking information; and declaring an emergency.","Relating to human trafficking information; and declaring an emergency.",0,,2010-03-18,"Chapter 65, (2010 Laws): Effective date March 18, 2010.",https://legiscan.com/OR/bill/HB3623/2010/X1,http://www.leg.state.or.us/searchmeas.html
137602,38,HB3624,4,Passed,2010-03-23,"Relating to appraisal management companies; and declaring an emergency.","Relating to appraisal management companies; and declaring an emergency.",0,,2010-03-23,"Chapter 87, (2010 Laws): Effective date March 23, 2010.",https://legiscan.com/OR/bill/HB3624/2010/X1,http://www.leg.state.or.us/searchmeas.html
137603,38,HB3625,4,Passed,2010-03-04,"Relating to Maternal Mental Health Awareness Month; and declaring an emergency.","Relating to Maternal Mental Health Awareness Month; and declaring an emergency.",0,,2010-03-04,"Chapter 12, (2010 Laws): Effective date March 4, 2010.",https://legiscan.com/OR/bill/HB3625/2010/X1,http://www.leg.state.or.us/searchmeas.html
137604,38,HB3626,4,Passed,2010-03-23,"Relating to vision screenings; appropriating money; and declaring an emergency.","Relating to vision screenings; appropriating money; and declaring an emergency.",0,,2010-03-23,"Chapter 88, (2010 Laws): Effective date March 23, 2010.",https://legiscan.com/OR/bill/HB3626/2010/X1,http://www.leg.state.or.us/searchmeas.html
137605,38,HB3627,4,Passed,2010-03-18,"Relating to subtraction for investment of severance pay in small business; and prescribing an effective date.","Relating to subtraction for investment of severance pay in small business; and prescribing an effective date.",0,,2010-03-18,"Chapter 66, (2010 Laws): Effective date May 27, 2010.",https://legiscan.com/OR/bill/HB3627/2010/X1,http://www.leg.state.or.us/searchmeas.html
137606,38,HB3628,4,Passed,2010-03-04,"Relating to foreign language instruction; and declaring an emergency.","Relating to foreign language instruction; and declaring an emergency.",0,,2010-03-04,"Chapter 13, (2010 Laws): Effective date March 4, 2010.",https://legiscan.com/OR/bill/HB3628/2010/X1,http://www.leg.state.or.us/searchmeas.html
137607,38,HB3629,4,Passed,2010-03-04,"Relating to pawnbroker pledge loans; and declaring an emergency.","Relating to pawnbroker pledge loans; and declaring an emergency.",0,,2010-03-04,"Chapter 14, (2010 Laws): Effective date March 4, 2010.",https://legiscan.com/OR/bill/HB3629/2010/X1,http://www.leg.state.or.us/searchmeas.html
137608,38,HB3630,6,Failed,2010-02-25,"Relating to forced release plans; declaring an emergency.","Relating to forced release plans; declaring an emergency.",0,,2010-02-25,"In committee upon adjournment.",https://legiscan.com/OR/bill/HB3630/2010/X1,http://www.leg.state.or.us/searchmeas.html
137609,38,HB3631,4,Passed,2010-03-18,"Relating to insurer discrimination against victims of violence; and declaring an emergency.","Relating to insurer discrimination against victims of violence; and declaring an emergency.",0,,2010-03-18,"Chapter 67, (2010 Laws): Effective date March 18, 2010.",https://legiscan.com/OR/bill/HB3631/2010/X1,http://www.leg.state.or.us/searchmeas.html
137610,38,HB3632,6,Failed,2010-02-25,"Relating to viability of pay or play system of employer-sponsored health insurance coverage in Oregon; declaring an emergency.","Relating to viability of pay or play system of employer-sponsored health insurance coverage in Oregon; declaring an emergency.",0,,2010-02-25,"In committee upon adjournment.",https://legiscan.com/OR/bill/HB3632/2010/X1,http://www.leg.state.or.us/searchmeas.html
137611,38,HB3633,4,Passed,2010-03-18,"Relating to community-based renewable energy projects; appropriating money; and declaring an emergency.","Relating to community-based renewable energy projects; appropriating money; and declaring an emergency.",0,,2010-03-18,"Chapter 68, (2010 Laws): Effective date March 18, 2010.",https://legiscan.com/OR/bill/HB3633/2010/X1,http://www.leg.state.or.us/searchmeas.html
137612,38,HB3634,4,Passed,2010-03-23,"Relating to victims' rights; and declaring an emergency.","Relating to victims' rights; and declaring an emergency.",0,,2010-03-23,"Chapter 89, (2010 Laws): Effective date March 23, 2010.",https://legiscan.com/OR/bill/HB3634/2010/X1,http://www.leg.state.or.us/searchmeas.html
137613,38,HB3635,6,Failed,2010-02-25,"Relating to public school innovation plans; declaring an emergency.","Relating to public school innovation plans; declaring an emergency.",0,,2010-02-25,"In committee upon adjournment.",https://legiscan.com/OR/bill/HB3635/2010/X1,http://www.leg.state.or.us/searchmeas.html
137614,38,HB3636,6,Failed,2010-02-25,"Relating to a reserve fund; prescribing an effective date; providing for revenue raising that requires approval by a three-fifths majority.","Relating to a reserve fund; prescribing an effective date; providing for revenue raising that requires approval by a three-fifths majority.",0,,2010-02-25,"In committee upon adjournment.",https://legiscan.com/OR/bill/HB3636/2010/X1,http://www.leg.state.or.us/searchmeas.html
137615,38,HB3637,6,Failed,2010-02-25,"Relating to business tax incentives; prescribing an effective date.","Relating to business tax incentives; prescribing an effective date.",0,,2010-02-25,"In committee upon adjournment.",https://legiscan.com/OR/bill/HB3637/2010/X1,http://www.leg.state.or.us/searchmeas.html
137616,38,HB3638,6,Failed,2010-02-25,"Relating to employment of legislators following legislative service; declaring an emergency.","Relating to employment of legislators following legislative service; declaring an emergency.",0,,2010-02-25,"In committee upon adjournment.",https://legiscan.com/OR/bill/HB3638/2010/X1,http://www.leg.state.or.us/searchmeas.html
137617,38,HB3639,4,Passed,2010-03-10,"Relating to student loan repayment program for providers of primary care; appropriating money; and declaring an emergency.","Relating to student loan repayment program for providers of primary care; appropriating money; and declaring an emergency.",0,,2010-03-10,"Chapter 42, (2010 Laws): Effective date March 10, 2010.",https://legiscan.com/OR/bill/HB3639/2010/X1,http://www.leg.state.or.us/searchmeas.html
137618,38,HB3640,4,Passed,2010-03-18,"Relating to cancellation of ad valorem tax assessment of personal property; and prescribing an effective date.","Relating to cancellation of ad valorem tax assessment of personal property; and prescribing an effective date.",0,,2010-03-18,"Chapter 69, (2010 Laws): Effective date May 27, 2010.",https://legiscan.com/OR/bill/HB3640/2010/X1,http://www.leg.state.or.us/searchmeas.html
137619,38,HB3641,6,Failed,2010-02-25,"Relating to state financial administration; declaring an emergency.","Relating to state financial administration; declaring an emergency.",0,,2010-02-25,"In committee upon adjournment.",https://legiscan.com/OR/bill/HB3641/2010/X1,http://www.leg.state.or.us/searchmeas.html
137620,38,HB3642,4,Passed,2010-03-10,"Relating to physician assistants; and declaring an emergency.","Relating to physician assistants; and declaring an emergency.",0,,2010-03-10,"Chapter 43, (2010 Laws): Effective date March 10, 2010.",https://legiscan.com/OR/bill/HB3642/2010/X1,http://www.leg.state.or.us/searchmeas.html
137621,38,HB3643,4,Passed,2010-03-18,"Relating to state financial administration; appropriating money; and declaring an emergency.","Relating to state financial administration; appropriating money; and declaring an emergency.",0,,2010-03-18,"Chapter 70, (2010 Laws): Effective date March 18, 2010.",https://legiscan.com/OR/bill/HB3643/2010/X1,http://www.leg.state.or.us/searchmeas.html
137622,38,HB3644,4,Passed,2010-03-23,"Relating to economic gardening; appropriating money; and declaring an emergency.","Relating to economic gardening; appropriating money; and declaring an emergency.",0,,2010-03-23,"Chapter 90, (2010 Laws): Effective date March 23, 2010.",https://legiscan.com/OR/bill/HB3644/2010/X1,http://www.leg.state.or.us/searchmeas.html
137623,38,HB3645,6,Failed,2010-02-25,"Relating to hydrogen power.","Relating to hydrogen power.",0,,2010-02-25,"In committee upon adjournment.",https://legiscan.com/OR/bill/HB3645/2010/X1,http://www.leg.state.or.us/searchmeas.html
137624,38,HB3646,4,Passed,2010-02-25,"Relating to public borrowing; and declaring an emergency.","Relating to public borrowing; and declaring an emergency.",0,,2010-02-25,"Chapter 3, (2010 Laws): Effective date February 24, 2010.",https://legiscan.com/OR/bill/HB3646/2010/X1,http://www.leg.state.or.us/searchmeas.html
137625,38,HB3647,4,Passed,2010-03-10,"Relating to soil information; appropriating money; and declaring an emergency.","Relating to soil information; appropriating money; and declaring an emergency.",0,,2010-03-10,"Chapter 44, (2010 Laws): Effective date March 10, 2010.",https://legiscan.com/OR/bill/HB3647/2010/X1,http://www.leg.state.or.us/searchmeas.html
137626,38,HB3648,6,Failed,2010-02-25,"Relating to land reserves.","Relating to land reserves.",0,,2010-02-25,"In committee upon adjournment.",https://legiscan.com/OR/bill/HB3648/2010/X1,http://www.leg.state.or.us/searchmeas.html
137627,38,HB3649,4,Passed,2010-03-18,"Relating to electricity from low-impact hydroelectric facilities that may be used to comply with renewable portfolio standards.","Relating to electricity from low-impact hydroelectric facilities that may be used to comply with renewable portfolio standards.",0,,2010-03-18,"Chapter 71, (2010 Laws): Effective date January 1, 2011.",https://legiscan.com/OR/bill/HB3649/2010/X1,http://www.leg.state.or.us/searchmeas.html
137628,38,HB3650,6,Failed,2010-02-25,"Relating to residential price controls; declaring an emergency.","Relating to residential price controls; declaring an emergency.",0,,2010-02-25,"In committee upon adjournment.",https://legiscan.com/OR/bill/HB3650/2010/X1,http://www.leg.state.or.us/searchmeas.html
137629,38,HB3651,4,Passed,2010-03-10,"Relating to paying the prevailing rate of wage for solar energy systems; and declaring an emergency.","Relating to paying the prevailing rate of wage for solar energy systems; and declaring an emergency.",0,,2010-03-10,"Chapter 45, (2010 Laws): Effective date March 10, 2010.",https://legiscan.com/OR/bill/HB3651/2010/X1,http://www.leg.state.or.us/searchmeas.html
137630,38,HB3652,4,Passed,2010-03-04,"Relating to apprenticeship standards for apprentice electricians.","Relating to apprenticeship standards for apprentice electricians.",0,,2010-03-04,"Chapter 15, (2010 Laws): Effective date January 1, 2011.",https://legiscan.com/OR/bill/HB3652/2010/X1,http://www.leg.state.or.us/searchmeas.html
137631,38,HB3653,6,Failed,2010-02-25,"Relating to mandatory workplace communications to employee about employer's opinions; declaring an emergency.","Relating to mandatory workplace communications to employee about employer's opinions; declaring an emergency.",0,,2010-02-25,"In committee upon adjournment.",https://legiscan.com/OR/bill/HB3653/2010/X1,http://www.leg.state.or.us/searchmeas.html
137632,38,HB3654,4,Passed,2010-03-10,"Relating to mortgage insurance limitation; and declaring an emergency.","Relating to mortgage insurance limitation; and declaring an emergency.",0,,2010-03-10,"Chapter 46, (2010 Laws): Effective date March 10, 2010.",https://legiscan.com/OR/bill/HB3654/2010/X1,http://www.leg.state.or.us/searchmeas.html
137633,38,HB3655,4,Passed,2010-02-25,"Relating to payment of unemployment insurance benefit extensions; and declaring an emergency.","Relating to payment of unemployment insurance benefit extensions; and declaring an emergency.",0,,2010-02-25,"Chapter 6, (2010 Laws): Effective date February 25, 2010.",https://legiscan.com/OR/bill/HB3655/2010/X1,http://www.leg.state.or.us/searchmeas.html
137634,38,HB3656,4,Passed,2010-03-10,"Relating to sales of foreclosed property; and declaring an emergency.","Relating to sales of foreclosed property; and declaring an emergency.",0,,2010-03-10,"Chapter 48, (2010 Laws): Effective date March 10, 2010.",https://legiscan.com/OR/bill/HB3656/2010/X1,http://www.leg.state.or.us/searchmeas.html
137635,38,HB3657,6,Failed,2010-02-25,"Relating to the neglect of foreclosed real property; declaring an emergency.","Relating to the neglect of foreclosed real property; declaring an emergency.",0,,2010-02-25,"In committee upon adjournment.",https://legiscan.com/OR/bill/HB3657/2010/X1,http://www.leg.state.or.us/searchmeas.html
137636,38,HB3658,6,Failed,2010-02-25,"Relating to warranties; declaring an emergency.","Relating to warranties; declaring an emergency.",0,,2010-02-25,"In committee upon adjournment.",https://legiscan.com/OR/bill/HB3658/2010/X1,http://www.leg.state.or.us/searchmeas.html
137637,38,HB3659,4,Passed,2010-03-10,"Relating to health insurance; appropriating money; and declaring an emergency.","Relating to health insurance; appropriating money; and declaring an emergency.",0,,2010-03-10,"Chapter 47, (2010 Laws): Effective date March 10, 2010.",https://legiscan.com/OR/bill/HB3659/2010/X1,http://www.leg.state.or.us/searchmeas.html
137638,38,HB3660,4,Passed,2010-03-18,"Relating to virtual public schools; and declaring an emergency.","Relating to virtual public schools; and declaring an emergency.",0,,2010-03-18,"Chapter 72, (2010 Laws): Effective date March 18, 2010.",https://legiscan.com/OR/bill/HB3660/2010/X1,http://www.leg.state.or.us/searchmeas.html
137639,38,HB3661,6,Failed,2010-02-25,"Relating to exempt ground water uses.","Relating to exempt ground water uses.",0,,2010-02-25,"In committee upon adjournment.",https://legiscan.com/OR/bill/HB3661/2010/X1,http://www.leg.state.or.us/searchmeas.html
137640,38,HB3662,6,Failed,2010-02-25,"Relating to prescriptive authority for licensed psychologists; declaring an emergency.","Relating to prescriptive authority for licensed psychologists; declaring an emergency.",0,,2010-02-25,"In committee upon adjournment.",https://legiscan.com/OR/bill/HB3662/2010/X1,http://www.leg.state.or.us/searchmeas.html
137641,38,HB3663,4,Passed,2010-03-23,"Relating to eye treatment for minors.","Relating to eye treatment for minors.",0,,2010-03-23,"Chapter 91, (2010 Laws): Effective date January 1, 2011.",https://legiscan.com/OR/bill/HB3663/2010/X1,http://www.leg.state.or.us/searchmeas.html
137642,38,HB3664,4,Passed,2010-03-18,"Relating to medical assistance for individuals under the age of 21 who age out of foster care; and declaring an emergency.","Relating to medical assistance for individuals under the age of 21 who age out of foster care; and declaring an emergency.",0,,2010-03-18,"Chapter 73, (2010 Laws): Effective date March 18, 2010.",https://legiscan.com/OR/bill/HB3664/2010/X1,http://www.leg.state.or.us/searchmeas.html
137643,38,HB3665,4,Passed,2010-03-18,"Relating to dental services contracts; and declaring an emergency.","Relating to dental services contracts; and declaring an emergency.",0,,2010-03-18,"Chapter 74, (2010 Laws): Effective date March 18, 2010.",https://legiscan.com/OR/bill/HB3665/2010/X1,http://www.leg.state.or.us/searchmeas.html
137644,38,HB3666,4,Passed,2010-03-18,"Relating to electronic health insurance administration; and declaring an emergency.","Relating to electronic health insurance administration; and declaring an emergency.",0,,2010-03-18,"Chapter 75, (2010 Laws): Effective date March 18, 2010.",https://legiscan.com/OR/bill/HB3666/2010/X1,http://www.leg.state.or.us/searchmeas.html
137645,38,HB3667,4,Passed,2010-03-10,"Relating to health benefit plans for public employees; and declaring an emergency.","Relating to health benefit plans for public employees; and declaring an emergency.",0,,2010-03-10,"Chapter 49, (2010 Laws): Effective date March 10, 2010.",https://legiscan.com/OR/bill/HB3667/2010/X1,http://www.leg.state.or.us/searchmeas.html
137646,38,HB3668,4,Passed,2010-03-10,"Relating to persons subject to regulation by the Oregon Board of Licensed Professional Counselors and Therapists; and declaring an emergency.","Relating to persons subject to regulation by the Oregon Board of Licensed Professional Counselors and Therapists; and declaring an emergency.",0,,2010-03-10,"Chapter 50, (2010 Laws): Effective date March 10, 2010.",https://legiscan.com/OR/bill/HB3668/2010/X1,http://www.leg.state.or.us/searchmeas.html
137647,38,HB3669,4,Passed,2010-03-04,"Relating to protected health information; and declaring an emergency.","Relating to protected health information; and declaring an emergency.",0,,2010-03-04,"Chapter 16, (2010 Laws): Effective date March 4, 2010.",https://legiscan.com/OR/bill/HB3669/2010/X1,http://www.leg.state.or.us/searchmeas.html
137648,38,HB3670,4,Passed,2010-03-10,"Relating to sex offenders; and declaring an emergency.","Relating to sex offenders; and declaring an emergency.",0,,2010-03-10,"Chapter 51, (2010 Laws): Effective date March 10, 2010.",https://legiscan.com/OR/bill/HB3670/2010/X1,http://www.leg.state.or.us/searchmeas.html
137649,38,HB3671,6,Failed,2010-02-25,"Relating to employment of legislators following legislative service; declaring an emergency.","Relating to employment of legislators following legislative service; declaring an emergency.",0,,2010-02-25,"In committee upon adjournment.",https://legiscan.com/OR/bill/HB3671/2010/X1,http://www.leg.state.or.us/searchmeas.html
137650,38,HB3672,4,Passed,2010-03-04,"Relating to county surveyors; and declaring an emergency.","Relating to county surveyors; and declaring an emergency.",0,,2010-03-04,"Chapter 18, (2010 Laws): Effective date March 4, 2010.",https://legiscan.com/OR/bill/HB3672/2010/X1,http://www.leg.state.or.us/searchmeas.html
137651,38,HB3673,4,Passed,2010-03-10,"Relating to landowner liability; and declaring an emergency.","Relating to landowner liability; and declaring an emergency.",0,,2010-03-10,"Chapter 52, (2010 Laws): Effective date March 10, 2010.",https://legiscan.com/OR/bill/HB3673/2010/X1,http://www.leg.state.or.us/searchmeas.html
137652,38,HB3674,4,Passed,2010-03-04,"Relating to renewable energy sources used to comply with a renewable portfolio standard; and declaring an emergency.","Relating to renewable energy sources used to comply with a renewable portfolio standard; and declaring an emergency.",0,,2010-03-04,"Chapter 17, (2010 Laws): Effective date March 4, 2010.",https://legiscan.com/OR/bill/HB3674/2010/X1,http://www.leg.state.or.us/searchmeas.html
137653,38,HB3675,4,Passed,2010-03-23,"Relating to financing energy efficiency; and declaring an emergency.","Relating to financing energy efficiency; and declaring an emergency.",0,,2010-03-23,"Chapter 92, (2010 Laws): Effective date March 23, 2010.",https://legiscan.com/OR/bill/HB3675/2010/X1,http://www.leg.state.or.us/searchmeas.html
137654,38,HB3676,3,Enrolled,2010-02-22,"Relating to transportation; declaring an emergency.","Relating to transportation; declaring an emergency.",0,,2010-02-25,"At Desk upon adjournment.",https://legiscan.com/OR/bill/HB3676/2010/X1,http://www.leg.state.or.us/searchmeas.html
137655,38,HB3677,4,Passed,2010-03-04,"Relating to signs showing motor vehicle fuel prices.","Relating to signs showing motor vehicle fuel prices.",0,,2010-03-04,"Chapter 19, (2010 Laws): Effective date January 1, 2011.",https://legiscan.com/OR/bill/HB3677/2010/X1,http://www.leg.state.or.us/searchmeas.html
137656,38,HB3678,6,Failed,2010-02-25,"Relating to signs; declaring an emergency.","Relating to signs; declaring an emergency.",0,,2010-02-25,"In committee upon adjournment.",https://legiscan.com/OR/bill/HB3678/2010/X1,http://www.leg.state.or.us/searchmeas.html
137657,38,HB3679,6,Failed,2010-02-25,"Relating to education of children of military families.","Relating to education of children of military families.",0,,2010-02-25,"In committee upon adjournment.",https://legiscan.com/OR/bill/HB3679/2010/X1,http://www.leg.state.or.us/searchmeas.html
137658,38,HB3680,4,Passed,2010-03-18,"Relating to tax credits; prescribing an effective date; and providing for revenue raising that requires approval by a three-fifths majority.","Relating to tax credits; prescribing an effective date; and providing for revenue raising that requires approval by a three-fifths majority.",0,,2010-03-18,"Chapter 76, (2010 Laws): Effective date May 27, 2010.",https://legiscan.com/OR/bill/HB3680/2010/X1,http://www.leg.state.or.us/searchmeas.html
137659,38,HB3681,6,Failed,2010-02-25,"Relating to tax credits; prescribing an effective date.","Relating to tax credits; prescribing an effective date.",0,,2010-02-25,"In committee upon adjournment.",https://legiscan.com/OR/bill/HB3681/2010/X1,http://www.leg.state.or.us/searchmeas.html
137660,38,HB3682,2,Engrossed,2010-02-11,"Relating to smokeless tobacco products; prescribing an effective date.","Relating to smokeless tobacco products; prescribing an effective date.",0,,2010-02-22,"Motion to postpone indefinitely carried. Ayes, 29; excused, 1--Morrisette.",https://legiscan.com/OR/bill/HB3682/2010/X1,http://www.leg.state.or.us/searchmeas.html
137661,38,HB3683,6,Failed,2010-02-25,"Relating to tax credits for investments in low-income communities; prescribing an effective date.","Relating to tax credits for investments in low-income communities; prescribing an effective date.",0,,2010-02-25,"In committee upon adjournment.",https://legiscan.com/OR/bill/HB3683/2010/X1,http://www.leg.state.or.us/searchmeas.html
137662,38,HB3684,6,Failed,2010-02-25,"Relating to taxation; prescribing an effective date.","Relating to taxation; prescribing an effective date.",0,,2010-02-25,"In committee upon adjournment.",https://legiscan.com/OR/bill/HB3684/2010/X1,http://www.leg.state.or.us/searchmeas.html
137663,38,HB3685,6,Failed,2010-02-25,"Relating to Oregon Investment Council; declaring an emergency.","Relating to Oregon Investment Council; declaring an emergency.",0,,2010-02-25,"In committee upon adjournment.",https://legiscan.com/OR/bill/HB3685/2010/X1,http://www.leg.state.or.us/searchmeas.html
137664,38,HB3686,4,Passed,2010-04-01,"Relating to unlawful discrimination in employment practices; and prescribing an effective date.","Relating to unlawful discrimination in employment practices; and prescribing an effective date.",0,,2010-04-01,"Chapter 105, (2010 Laws): Effective date July 1, 2011.",https://legiscan.com/OR/bill/HB3686/2010/X1,http://www.leg.state.or.us/searchmeas.html
137665,38,HB3687,4,Passed,2010-03-10,"Relating to the sale of the Oregon School for the Blind; and declaring an emergency.","Relating to the sale of the Oregon School for the Blind; and declaring an emergency.",0,,2010-03-10,"Chapter 54, (2010 Laws): Effective date March 10, 2010.",https://legiscan.com/OR/bill/HB3687/2010/X1,http://www.leg.state.or.us/searchmeas.html
137666,38,HB3688,4,Passed,2010-03-10,"Relating to educational services; and prescribing an effective date.","Relating to educational services; and prescribing an effective date.",0,,2010-03-10,"Chapter 53, (2010 Laws): Effective date July 1, 2010.",https://legiscan.com/OR/bill/HB3688/2010/X1,http://www.leg.state.or.us/searchmeas.html
137667,38,HB3689,4,Passed,2010-03-18,"Relating to construction in connection with residential property; and declaring an emergency.","Relating to construction in connection with residential property; and declaring an emergency.",0,,2010-03-18,"Chapter 77, (2010 Laws): Effective date March 18, 2010.",https://legiscan.com/OR/bill/HB3689/2010/X1,http://www.leg.state.or.us/searchmeas.html
137668,38,HB3690,4,Passed,2010-03-18,"Relating to feed-in tariffs on solar photovoltaic energy systems; and declaring an emergency.","Relating to feed-in tariffs on solar photovoltaic energy systems; and declaring an emergency.",0,,2010-03-18,"Chapter 78, (2010 Laws): Effective date March 18, 2010.",https://legiscan.com/OR/bill/HB3690/2010/X1,http://www.leg.state.or.us/searchmeas.html
137669,38,HB3691,4,Passed,2010-03-18,"Relating to prudently incurred costs associated with compliance with a renewable portfolio standard; and declaring an emergency.","Relating to prudently incurred costs associated with compliance with a renewable portfolio standard; and declaring an emergency.",0,,2010-03-18,"Chapter 79, (2010 Laws): Effective date March 18, 2010.",https://legiscan.com/OR/bill/HB3691/2010/X1,http://www.leg.state.or.us/searchmeas.html
137670,38,HB3692,6,Failed,2010-02-25,"Relating to services for individuals with traumatic brain injuries; appropriating money; declaring an emergency.","Relating to services for individuals with traumatic brain injuries; appropriating money; declaring an emergency.",0,,2010-02-25,"In committee upon adjournment.",https://legiscan.com/OR/bill/HB3692/2010/X1,http://www.leg.state.or.us/searchmeas.html
137671,38,HB3693,4,Passed,2010-03-10,"Relating to additives to biodiesel fuel; and declaring an emergency.","Relating to additives to biodiesel fuel; and declaring an emergency.",0,,2010-03-10,"Chapter 55, (2010 Laws): Effective date March 10, 2010.",https://legiscan.com/OR/bill/HB3693/2010/X1,http://www.leg.state.or.us/searchmeas.html
137672,38,HB3694,6,Failed,2010-02-25,"Relating to utility billing by residential landlords; declaring an emergency.","Relating to utility billing by residential landlords; declaring an emergency.",0,,2010-02-25,"In committee upon adjournment.",https://legiscan.com/OR/bill/HB3694/2010/X1,http://www.leg.state.or.us/searchmeas.html
137673,38,HB3695,4,Passed,2010-03-10,"Relating to metal property; and declaring an emergency.","Relating to metal property; and declaring an emergency.",0,,2010-03-10,"Chapter 56, (2010 Laws): Effective date March 10, 2010.",https://legiscan.com/OR/bill/HB3695/2010/X1,http://www.leg.state.or.us/searchmeas.html
137674,38,HB3696,4,Passed,2010-04-01,"Relating to public financial administration; and declaring an emergency.","Relating to public financial administration; and declaring an emergency.",0,,2010-04-01,"Chapter 107, (2010 Laws): Effective date April 1, 2010.",https://legiscan.com/OR/bill/HB3696/2010/X1,http://www.leg.state.or.us/searchmeas.html
137675,38,HB3697,6,Failed,2010-02-25,"Relating to elderly medical income tax subtraction; prescribing an effective date; providing for revenue raising that requires approval by a three-fifths majority.","Relating to elderly medical income tax subtraction; prescribing an effective date; providing for revenue raising that requires approval by a three-fifths majority.",0,,2010-02-25,"In committee upon adjournment.",https://legiscan.com/OR/bill/HB3697/2010/X1,http://www.leg.state.or.us/searchmeas.html
137676,38,HB3698,4,Passed,2010-03-23,"Relating to employers; appropriating money; and prescribing an effective date.","Relating to employers; appropriating money; and prescribing an effective date.",0,,2010-03-23,"Chapter 93, (2010 Laws): Effective date May 27, 2010.",https://legiscan.com/OR/bill/HB3698/2010/X1,http://www.leg.state.or.us/searchmeas.html
137677,38,HB3699,4,Passed,2010-03-10,"Relating to construction contractors; and prescribing an effective date.","Relating to construction contractors; and prescribing an effective date.",0,,2010-03-10,"Chapter 57, (2010 Laws): Effective date July 1, 2010.",https://legiscan.com/OR/bill/HB3699/2010/X1,http://www.leg.state.or.us/searchmeas.html
137678,38,HB3700,4,Passed,2010-03-29,"Relating to public funds; appropriating money; and declaring an emergency.","Relating to public funds; appropriating money; and declaring an emergency.",0,,2010-03-29,"Chapter 101, (2010 Laws): Effective date March 29, 2010.",https://legiscan.com/OR/bill/HB3700/2010/X1,http://www.leg.state.or.us/searchmeas.html
137679,38,HB3701,4,Passed,2010-03-18,"Relating to open burning in Linn County; and declaring an emergency.","Relating to open burning in Linn County; and declaring an emergency.",0,,2010-03-18,"Chapter 80, (2010 Laws): Effective date March 18, 2010.",https://legiscan.com/OR/bill/HB3701/2010/X1,http://www.leg.state.or.us/searchmeas.html
137680,38,HB3702,4,Passed,2010-03-04,"Relating to eligibility of students for grants awarded by the Oregon Student Assistance Commission; and declaring an emergency.","Relating to eligibility of students for grants awarded by the Oregon Student Assistance Commission; and declaring an emergency.",0,,2010-03-04,"Chapter 20, (2010 Laws): Effective date March 4, 2010.",https://legiscan.com/OR/bill/HB3702/2010/X1,http://www.leg.state.or.us/searchmeas.html
137681,38,HB3703,6,Failed,2010-02-25,"Relating to containers made with bisphenol A; prescribing an effective date.","Relating to containers made with bisphenol A; prescribing an effective date.",0,,2010-02-25,"In committee upon adjournment.",https://legiscan.com/OR/bill/HB3703/2010/X1,http://www.leg.state.or.us/searchmeas.html
137682,38,HB3704,5,Vetoed,2010-04-08,"Relating to distributor cooperatives; and declaring an emergency.","Relating to distributor cooperatives; and declaring an emergency.",0,,2010-04-08,"Governor vetoed.",https://legiscan.com/OR/bill/HB3704/2010/X1,http://www.leg.state.or.us/searchmeas.html
137683,38,HB3705,6,Failed,2010-02-25,"Relating to taxation; prescribing an effective date.","Relating to taxation; prescribing an effective date.",0,,2010-02-25,"In committee upon adjournment.",https://legiscan.com/OR/bill/HB3705/2010/X1,http://www.leg.state.or.us/searchmeas.html
193203,38,HB4239,0,,,,,0,,,,https://legiscan.com/OR/bill/HB4239/2010/X1,http://www.leg.state.or.us/searchmeas.html
137684,38,HB5100,4,Passed,2010-03-23,"Relating to state financial administration; appropriating money; and declaring an emergency.","Relating to state financial administration; appropriating money; and declaring an emergency.",0,,2010-03-23,"Chapter 95, (2010 Laws): Effective date March 23, 2010.",https://legiscan.com/OR/bill/HB5100/2010/X1,http://www.leg.state.or.us/searchmeas.html
137685,38,HB5101,4,Passed,2010-03-23,"Relating to state financial administration; and declaring an emergency.","Relating to state financial administration; and declaring an emergency.",0,,2010-03-23,"Chapter 96, (2010 Laws): Effective date March 23, 2010.",https://legiscan.com/OR/bill/HB5101/2010/X1,http://www.leg.state.or.us/searchmeas.html
137686,38,HB5102,6,Failed,2010-02-25,"Relating to state financial administration; appropriating money; declaring an emergency.","Relating to state financial administration; appropriating money; declaring an emergency.",0,,2010-02-25,"In committee upon adjournment.",https://legiscan.com/OR/bill/HB5102/2010/X1,http://www.leg.state.or.us/searchmeas.html
137690,38,HR100,4,Passed,2010-02-17,"Honoring 41st Infantry Brigade Combat Team of Oregon National Guard for service in Iraq and Afghanistan.","Honoring 41st Infantry Brigade Combat Team of Oregon National Guard for service in Iraq and Afghanistan.",0,,2010-02-17,"Filed with Secretary of State.",https://legiscan.com/OR/bill/HR100/2010/X1,http://www.leg.state.or.us/searchmeas.html
137687,38,HCR100,4,Passed,2010-02-25,"In memoriam: Fred Rosenbaum, 1926-2010.","In memoriam: Fred Rosenbaum, 1926-2010.",0,,2010-02-25,"Filed with Secretary of State.",https://legiscan.com/OR/bill/HCR100/2010/X1,http://www.leg.state.or.us/searchmeas.html
137688,38,HJR100,1,Introduced,2010-02-01,"Proposing amendment to Oregon Constitution relating to obligation of state to ensure access to effective, medically appropriate and affordable health care.","Proposing amendment to Oregon Constitution relating to obligation of state to ensure access to effective, medically appropriate and affordable health care.",0,,2010-02-25,Failed.,https://legiscan.com/OR/bill/HJR100/2010/X1,http://www.leg.state.or.us/searchmeas.html
137689,38,HJR101,4,Passed,2010-02-24,"Proposing amendment to Oregon Constitution relating to bonded indebtedness for institutions of higher education.","Proposing amendment to Oregon Constitution relating to bonded indebtedness for institutions of higher education.",0,,2010-02-24,"Filed with Secretary of State.",https://legiscan.com/OR/bill/HJR101/2010/X1,http://www.leg.state.or.us/searchmeas.html
137707,38,SB986,6,Failed,2010-02-25,"Relating to Willamette River Cleanup Authority.","Relating to Willamette River Cleanup Authority.",0,,2010-02-25,"In committee upon adjournment.",https://legiscan.com/OR/bill/SB986/2010/X1,http://www.leg.state.or.us/searchmeas.html
137708,38,SB987,4,Passed,2010-03-10,"Relating to education service districts; and declaring an emergency.","Relating to education service districts; and declaring an emergency.",0,,2010-03-10,"Effective date, March 10, 2010.",https://legiscan.com/OR/bill/SB987/2010/X1,http://www.leg.state.or.us/searchmeas.html
137709,38,SB988,4,Passed,2010-02-24,"Relating to education; and declaring an emergency.","Relating to education; and declaring an emergency.",0,,2010-02-24,"Effective date, March 4, 2010.",https://legiscan.com/OR/bill/SB988/2010/X1,http://www.leg.state.or.us/searchmeas.html
137710,38,SB989,4,Passed,2010-02-24,"Relating to collective bargaining elections for faculty of certain universities; and declaring an emergency.","Relating to collective bargaining elections for faculty of certain universities; and declaring an emergency.",0,,2010-02-24,"Effective date, March 4, 2010.",https://legiscan.com/OR/bill/SB989/2010/X1,http://www.leg.state.or.us/searchmeas.html
137711,38,SB990,6,Failed,2010-02-25,"Relating to unemployment insurance benefits; declaring an emergency.","Relating to unemployment insurance benefits; declaring an emergency.",0,,2010-02-25,"In committee upon adjournment.",https://legiscan.com/OR/bill/SB990/2010/X1,http://www.leg.state.or.us/searchmeas.html
137712,38,SB991,4,Passed,2010-03-10,"Relating to respite services for parents; and declaring an emergency.","Relating to respite services for parents; and declaring an emergency.",0,,2010-03-10,"Effective date, March 10, 2010.",https://legiscan.com/OR/bill/SB991/2010/X1,http://www.leg.state.or.us/searchmeas.html
137713,38,SB992,6,Failed,2010-02-25,"Relating to distributor cooperatives.","Relating to distributor cooperatives.",0,,2010-02-25,"In committee upon adjournment.",https://legiscan.com/OR/bill/SB992/2010/X1,http://www.leg.state.or.us/searchmeas.html
137714,38,SB993,4,Passed,2010-03-04,"Relating to consumer lending; and declaring an emergency.","Relating to consumer lending; and declaring an emergency.",0,,2010-03-04,"Effective date, March 4, 2010.",https://legiscan.com/OR/bill/SB993/2010/X1,http://www.leg.state.or.us/searchmeas.html
137715,38,SB994,6,Failed,2010-02-25,"Relating to health benefit plans offering dividends for healthy behaviors; declaring an emergency.","Relating to health benefit plans offering dividends for healthy behaviors; declaring an emergency.",0,,2010-02-25,"In committee upon adjournment.",https://legiscan.com/OR/bill/SB994/2010/X1,http://www.leg.state.or.us/searchmeas.html
137716,38,SB995,6,Failed,2010-02-25,"Relating to renewable portfolio standards.","Relating to renewable portfolio standards.",0,,2010-02-25,"In committee upon adjournment.",https://legiscan.com/OR/bill/SB995/2010/X1,http://www.leg.state.or.us/searchmeas.html
137717,38,SB996,4,Passed,2010-03-04,"Relating to whistleblower protection for public employees; and declaring an emergency.","Relating to whistleblower protection for public employees; and declaring an emergency.",0,,2010-03-04,"Effective date, March 4, 2010.",https://legiscan.com/OR/bill/SB996/2010/X1,http://www.leg.state.or.us/searchmeas.html
137718,38,SB997,4,Passed,2010-02-24,"Relating to transferable development; and declaring an emergency.","Relating to transferable development; and declaring an emergency.",0,,2010-02-24,"Effective date, February 24, 2010.",https://legiscan.com/OR/bill/SB997/2010/X1,http://www.leg.state.or.us/searchmeas.html
137719,38,SB998,4,Passed,2010-02-25,"Relating to elections; declaring an emergency.","Relating to elections; declaring an emergency.",0,,2010-02-25,"Effective date, February 25, 2010.",https://legiscan.com/OR/bill/SB998/2010/X1,http://www.leg.state.or.us/searchmeas.html
137720,38,SB999,4,Passed,2010-03-04,"Relating to diversion; and declaring an emergency.","Relating to diversion; and declaring an emergency.",0,,2010-03-04,"Effective date, March 4, 2010.",https://legiscan.com/OR/bill/SB999/2010/X1,http://www.leg.state.or.us/searchmeas.html
137721,38,SB1000,4,Passed,2010-03-10,"Relating to veterans.","Relating to veterans.",0,,2010-03-10,"Effective date, January 1, 2011.",https://legiscan.com/OR/bill/SB1000/2010/X1,http://www.leg.state.or.us/searchmeas.html
137722,38,SB1001,6,Failed,2010-02-25,"Relating to unlawful consumer contract practices; declaring an emergency.","Relating to unlawful consumer contract practices; declaring an emergency.",0,,2010-02-25,"In committee upon adjournment.",https://legiscan.com/OR/bill/SB1001/2010/X1,http://www.leg.state.or.us/searchmeas.html
137723,38,SB1002,4,Passed,2010-03-04,"Relating to annuities; and declaring an emergency.","Relating to annuities; and declaring an emergency.",0,,2010-03-04,"Effective date, March 4, 2010.",https://legiscan.com/OR/bill/SB1002/2010/X1,http://www.leg.state.or.us/searchmeas.html
137724,38,SB1003,4,Passed,2010-03-18,"Relating to association health plans; and declaring an emergency.","Relating to association health plans; and declaring an emergency.",0,,2010-03-18,"Effective date, March 18, 2010.",https://legiscan.com/OR/bill/SB1003/2010/X1,http://www.leg.state.or.us/searchmeas.html
137725,38,SB1004,6,Failed,2010-02-25,"Relating to dental hygienists; declaring an emergency.","Relating to dental hygienists; declaring an emergency.",0,,2010-02-25,"In committee upon adjournment.",https://legiscan.com/OR/bill/SB1004/2010/X1,http://www.leg.state.or.us/searchmeas.html
137726,38,SB1005,4,Passed,2010-02-24,"Relating to contracts for housing developments; and declaring an emergency.","Relating to contracts for housing developments; and declaring an emergency.",0,,2010-02-24,"Effective date, February 24, 2010.",https://legiscan.com/OR/bill/SB1005/2010/X1,http://www.leg.state.or.us/searchmeas.html
137727,38,SB1006,4,Passed,2010-03-04,"Relating to automated external defibrillators; and declaring an emergency.","Relating to automated external defibrillators; and declaring an emergency.",0,,2010-03-04,"Effective date, March 4, 2010.",https://legiscan.com/OR/bill/SB1006/2010/X1,http://www.leg.state.or.us/searchmeas.html
137728,38,SB1007,4,Passed,2010-02-17,"Relating to crime; and declaring an emergency.","Relating to crime; and declaring an emergency.",0,,2010-02-17,"Effective date, February 17, 2010.",https://legiscan.com/OR/bill/SB1007/2010/X1,http://www.leg.state.or.us/searchmeas.html
137729,38,SB1008,6,Failed,2010-02-25,"Relating to crime; declaring an emergency.","Relating to crime; declaring an emergency.",0,,2010-02-25,"In committee upon adjournment.",https://legiscan.com/OR/bill/SB1008/2010/X1,http://www.leg.state.or.us/searchmeas.html
137730,38,SB1009,6,Failed,2010-02-25,"Relating to plastic bags; declaring an emergency.","Relating to plastic bags; declaring an emergency.",0,,2010-02-25,"In committee upon adjournment.",https://legiscan.com/OR/bill/SB1009/2010/X1,http://www.leg.state.or.us/searchmeas.html
137731,38,SB1010,3,Enrolled,2010-02-24,"Relating to surgical technologists; declaring an emergency.","Relating to surgical technologists; declaring an emergency.",0,,2010-02-25,"At Desk upon adjournment.",https://legiscan.com/OR/bill/SB1010/2010/X1,http://www.leg.state.or.us/searchmeas.html
137732,38,SB1011,6,Failed,2010-02-25,"Relating to influenza vaccinations; declaring an emergency.","Relating to influenza vaccinations; declaring an emergency.",0,,2010-02-25,"In committee upon adjournment.",https://legiscan.com/OR/bill/SB1011/2010/X1,http://www.leg.state.or.us/searchmeas.html
137733,38,SB1012,6,Failed,2010-02-25,"Relating to the beneficial use of Columbia River Basin waters.","Relating to the beneficial use of Columbia River Basin waters.",0,,2010-02-25,"In committee upon adjournment.",https://legiscan.com/OR/bill/SB1012/2010/X1,http://www.leg.state.or.us/searchmeas.html
137734,38,SB1013,4,Passed,2010-03-04,"Relating to the rights of tenants in foreclosed property; and declaring an emergency.","Relating to the rights of tenants in foreclosed property; and declaring an emergency.",0,,2010-03-04,"Effective date, March 4, 2010.",https://legiscan.com/OR/bill/SB1013/2010/X1,http://www.leg.state.or.us/searchmeas.html
137735,38,SB1014,5,Vetoed,2010-04-08,"Relating to the operation of public bodies with appointed members; and declaring an emergency.","Relating to the operation of public bodies with appointed members; and declaring an emergency.",0,,2010-04-08,"Governor vetoed.",https://legiscan.com/OR/bill/SB1014/2010/X1,http://www.leg.state.or.us/searchmeas.html
137736,38,SB1015,4,Passed,2010-03-04,"Relating to property taxation; and prescribing an effective date.","Relating to property taxation; and prescribing an effective date.",0,,2010-03-04,"Effective date, May 27, 2010.",https://legiscan.com/OR/bill/SB1015/2010/X1,http://www.leg.state.or.us/searchmeas.html
137737,38,SB1016,4,Passed,2010-03-18,"Relating to connection to federal tax law; and prescribing an effective date.","Relating to connection to federal tax law; and prescribing an effective date.",0,,2010-03-18,"Effective date, May 27, 2010.",https://legiscan.com/OR/bill/SB1016/2010/X1,http://www.leg.state.or.us/searchmeas.html
137738,38,SB1017,4,Passed,2010-04-01,"Relating to loans for economic development; appropriating money; and declaring an emergency.","Relating to loans for economic development; appropriating money; and declaring an emergency.",0,,2010-04-01,"Effective date, April 1, 2010.",https://legiscan.com/OR/bill/SB1017/2010/X1,http://www.leg.state.or.us/searchmeas.html
137739,38,SB1018,6,Failed,2010-02-25,"Relating to sobriety checkpoints; prescribing an effective date.","Relating to sobriety checkpoints; prescribing an effective date.",0,,2010-02-25,"In committee upon adjournment.",https://legiscan.com/OR/bill/SB1018/2010/X1,http://www.leg.state.or.us/searchmeas.html
137740,38,SB1019,4,Passed,2010-03-04,"Relating to transportation; and declaring an emergency.","Relating to transportation; and declaring an emergency.",0,,2010-03-04,"Effective date, March 4, 2010.",https://legiscan.com/OR/bill/SB1019/2010/X1,http://www.leg.state.or.us/searchmeas.html
137741,38,SB1020,6,Failed,2010-02-25,"Relating to the removal-fill permitting program; declaring an emergency.","Relating to the removal-fill permitting program; declaring an emergency.",0,,2010-02-25,"In committee upon adjournment.",https://legiscan.com/OR/bill/SB1020/2010/X1,http://www.leg.state.or.us/searchmeas.html
137742,38,SB1021,6,Failed,2010-02-25,"Relating to costs incurred by state agencies in connection with energy facilities; declaring an emergency.","Relating to costs incurred by state agencies in connection with energy facilities; declaring an emergency.",0,,2010-02-25,"In committee upon adjournment.",https://legiscan.com/OR/bill/SB1021/2010/X1,http://www.leg.state.or.us/searchmeas.html
137743,38,SB1022,6,Failed,2010-02-25,"Relating to urban public facilities; declaring an emergency.","Relating to urban public facilities; declaring an emergency.",0,,2010-02-25,"In committee upon adjournment.",https://legiscan.com/OR/bill/SB1022/2010/X1,http://www.leg.state.or.us/searchmeas.html
137744,38,SB1023,6,Failed,2010-02-25,"Relating to title to lands; declaring an emergency.","Relating to title to lands; declaring an emergency.",0,,2010-02-25,"In committee upon adjournment.",https://legiscan.com/OR/bill/SB1023/2010/X1,http://www.leg.state.or.us/searchmeas.html
137745,38,SB1024,4,Passed,2010-03-04,"Relating to highway access; and declaring an emergency.","Relating to highway access; and declaring an emergency.",0,,2010-03-04,"Effective date, March 4, 2010.",https://legiscan.com/OR/bill/SB1024/2010/X1,http://www.leg.state.or.us/searchmeas.html
137746,38,SB1025,4,Passed,2010-03-18,"Relating to radon in buildings; and declaring an emergency.","Relating to radon in buildings; and declaring an emergency.",0,,2010-03-18,"Effective date, March 18, 2010.",https://legiscan.com/OR/bill/SB1025/2010/X1,http://www.leg.state.or.us/searchmeas.html
137747,38,SB1026,6,Failed,2010-02-25,"Relating to Oregon Liquor Control Commission licensees.","Relating to Oregon Liquor Control Commission licensees.",0,,2010-02-25,"In committee upon adjournment.",https://legiscan.com/OR/bill/SB1026/2010/X1,http://www.leg.state.or.us/searchmeas.html
137748,38,SB1027,6,Failed,2010-02-25,"Relating to surplus refund methods.","Relating to surplus refund methods.",0,,2010-02-25,"In committee upon adjournment.",https://legiscan.com/OR/bill/SB1027/2010/X1,http://www.leg.state.or.us/searchmeas.html
137749,38,SB1028,6,Failed,2010-02-25,"Relating to criminal offenders; declaring an emergency.","Relating to criminal offenders; declaring an emergency.",0,,2010-02-25,"In committee upon adjournment.",https://legiscan.com/OR/bill/SB1028/2010/X1,http://www.leg.state.or.us/searchmeas.html
137750,38,SB1029,6,Failed,2010-02-25,"Relating to health insurance premium rates; declaring an emergency.","Relating to health insurance premium rates; declaring an emergency.",0,,2010-02-25,"In committee upon adjournment.",https://legiscan.com/OR/bill/SB1029/2010/X1,http://www.leg.state.or.us/searchmeas.html
137751,38,SB1030,6,Failed,2010-02-25,"Relating to the modification of forest product sales contracts; declaring an emergency.","Relating to the modification of forest product sales contracts; declaring an emergency.",0,,2010-02-25,"In committee upon adjournment.",https://legiscan.com/OR/bill/SB1030/2010/X1,http://www.leg.state.or.us/searchmeas.html
137752,38,SB1031,4,Passed,2010-03-04,"Relating to destination resorts; and declaring an emergency.","Relating to destination resorts; and declaring an emergency.",0,,2010-03-04,"Effective date, March 4, 2010.",https://legiscan.com/OR/bill/SB1031/2010/X1,http://www.leg.state.or.us/searchmeas.html
137753,38,SB1032,1,Introduced,2010-02-01,"Relating to containers made with bisphenol A.","Relating to containers made with bisphenol A.",0,,2010-02-16,"Vote explanation(s) filed by Schrader, Verger.",https://legiscan.com/OR/bill/SB1032/2010/X1,http://www.leg.state.or.us/searchmeas.html
137754,38,SB1033,4,Passed,2010-03-10,"Relating to automated external defibrillators in schools.","Relating to automated external defibrillators in schools.",0,,2010-03-10,"Effective date, January 1, 2011.",https://legiscan.com/OR/bill/SB1033/2010/X1,http://www.leg.state.or.us/searchmeas.html
137755,38,SB1034,6,Failed,2010-02-25,"Relating to subtraction for unemployment compensation benefits; prescribing an effective date.","Relating to subtraction for unemployment compensation benefits; prescribing an effective date.",0,,2010-02-25,"In committee upon adjournment.",https://legiscan.com/OR/bill/SB1034/2010/X1,http://www.leg.state.or.us/searchmeas.html
137756,38,SB1035,6,Failed,2010-02-25,"Relating to state financial administration; declaring an emergency.","Relating to state financial administration; declaring an emergency.",0,,2010-02-25,"In committee upon adjournment.",https://legiscan.com/OR/bill/SB1035/2010/X1,http://www.leg.state.or.us/searchmeas.html
137757,38,SB1036,4,Passed,2010-03-18,"Relating to guest ranches; and declaring an emergency.","Relating to guest ranches; and declaring an emergency.",0,,2010-03-18,"Effective date, March 18, 2010.",https://legiscan.com/OR/bill/SB1036/2010/X1,http://www.leg.state.or.us/searchmeas.html
137758,38,SB1037,6,Failed,2010-02-25,"Relating to state agency functions; declaring an emergency.","Relating to state agency functions; declaring an emergency.",0,,2010-02-25,"In committee upon adjournment.",https://legiscan.com/OR/bill/SB1037/2010/X1,http://www.leg.state.or.us/searchmeas.html
137759,38,SB1038,6,Failed,2010-02-25,"Relating to a task force on core government functions; declaring an emergency.","Relating to a task force on core government functions; declaring an emergency.",0,,2010-02-25,"In committee upon adjournment.",https://legiscan.com/OR/bill/SB1038/2010/X1,http://www.leg.state.or.us/searchmeas.html
137760,38,SB1039,4,Passed,2010-03-04,"Relating to alcoholic liquor licenses for private clubs; and declaring an emergency.","Relating to alcoholic liquor licenses for private clubs; and declaring an emergency.",0,,2010-03-04,"Effective date, March 4, 2010.",https://legiscan.com/OR/bill/SB1039/2010/X1,http://www.leg.state.or.us/searchmeas.html
137761,38,SB1040,6,Failed,2010-02-25,"Relating to a universal provider registry; declaring an emergency.","Relating to a universal provider registry; declaring an emergency.",0,,2010-02-25,"In committee upon adjournment.",https://legiscan.com/OR/bill/SB1040/2010/X1,http://www.leg.state.or.us/searchmeas.html
137762,38,SB1041,6,Failed,2010-02-25,"Relating to personal property; declaring an emergency.","Relating to personal property; declaring an emergency.",0,,2010-02-25,"In committee upon adjournment.",https://legiscan.com/OR/bill/SB1041/2010/X1,http://www.leg.state.or.us/searchmeas.html
137763,38,SB1042,6,Failed,2010-02-25,"Relating to local government tobacco taxes; prescribing an effective date.","Relating to local government tobacco taxes; prescribing an effective date.",0,,2010-02-25,"In committee upon adjournment.",https://legiscan.com/OR/bill/SB1042/2010/X1,http://www.leg.state.or.us/searchmeas.html
137764,38,SB1043,6,Failed,2010-02-25,"Relating to elections; declaring an emergency.","Relating to elections; declaring an emergency.",0,,2010-02-25,"In committee upon adjournment.",https://legiscan.com/OR/bill/SB1043/2010/X1,http://www.leg.state.or.us/searchmeas.html
137765,38,SB1044,6,Failed,2010-02-25,"Relating to earned income tax credits.","Relating to earned income tax credits.",0,,2010-02-25,"In committee upon adjournment.",https://legiscan.com/OR/bill/SB1044/2010/X1,http://www.leg.state.or.us/searchmeas.html
137766,38,SB1045,4,Passed,2010-03-29,"Relating to use of credit history for employment purposes; and declaring an emergency.","Relating to use of credit history for employment purposes; and declaring an emergency.",0,,2010-03-29,"Effective date, March 29, 2010.",https://legiscan.com/OR/bill/SB1045/2010/X1,http://www.leg.state.or.us/searchmeas.html
137767,38,SB1046,5,Vetoed,2010-04-08,"Relating to prescriptive authority for licensed psychologists; and declaring an emergency.","Relating to prescriptive authority for licensed psychologists; and declaring an emergency.",0,,2010-04-08,"Governor vetoed.",https://legiscan.com/OR/bill/SB1046/2010/X1,http://www.leg.state.or.us/searchmeas.html
137768,38,SB1047,4,Passed,2010-03-04,"Relating to exemption from premium assessment of premiums earned on health plan policies delivered or issued for delivery outside Oregon; and declaring an emergency.","Relating to exemption from premium assessment of premiums earned on health plan policies delivered or issued for delivery outside Oregon; and declaring an emergency.",0,,2010-03-04,"Effective date, March 4, 2010.",https://legiscan.com/OR/bill/SB1047/2010/X1,http://www.leg.state.or.us/searchmeas.html
137769,38,SB1048,6,Failed,2010-02-25,"Relating to public school teachers; declaring an emergency.","Relating to public school teachers; declaring an emergency.",0,,2010-02-25,"In committee upon adjournment.",https://legiscan.com/OR/bill/SB1048/2010/X1,http://www.leg.state.or.us/searchmeas.html
137770,38,SB1049,4,Passed,2010-02-25,"Relating to Ballot Measure 49 (2007) claims; and declaring an emergency.","Relating to Ballot Measure 49 (2007) claims; and declaring an emergency.",0,,2010-02-25,"Effective date, February 25, 2010.",https://legiscan.com/OR/bill/SB1049/2010/X1,http://www.leg.state.or.us/searchmeas.html
137771,38,SB1050,6,Failed,2010-02-25,"Relating to public subsidies for structures on real property.","Relating to public subsidies for structures on real property.",0,,2010-02-25,"In committee upon adjournment.",https://legiscan.com/OR/bill/SB1050/2010/X1,http://www.leg.state.or.us/searchmeas.html
137772,38,SB1051,6,Failed,2010-02-25,"Relating to state finance; prescribing an effective date.","Relating to state finance; prescribing an effective date.",0,,2010-02-25,"In committee upon adjournment.",https://legiscan.com/OR/bill/SB1051/2010/X1,http://www.leg.state.or.us/searchmeas.html
137773,38,SB1052,6,Failed,2010-02-25,"Relating to motor carrier transportation contracts; declaring an emergency.","Relating to motor carrier transportation contracts; declaring an emergency.",0,,2010-02-25,"In committee upon adjournment.",https://legiscan.com/OR/bill/SB1052/2010/X1,http://www.leg.state.or.us/searchmeas.html
137774,38,SB1053,6,Failed,2010-02-25,"Relating to disclosure of environmental costs to utility customers.","Relating to disclosure of environmental costs to utility customers.",0,,2010-02-25,"In committee upon adjournment.",https://legiscan.com/OR/bill/SB1053/2010/X1,http://www.leg.state.or.us/searchmeas.html
137775,38,SB1054,6,Failed,2010-02-25,"Relating to rural airports; declaring an emergency.","Relating to rural airports; declaring an emergency.",0,,2010-02-25,"In committee upon adjournment.",https://legiscan.com/OR/bill/SB1054/2010/X1,http://www.leg.state.or.us/searchmeas.html
137776,38,SB1055,4,Passed,2010-03-23,"Relating to wineries in exclusive farm use zones; and declaring an emergency.","Relating to wineries in exclusive farm use zones; and declaring an emergency.",0,,2010-03-23,"Effective date, March 23, 2010.",https://legiscan.com/OR/bill/SB1055/2010/X1,http://www.leg.state.or.us/searchmeas.html
137777,38,SB1056,6,Failed,2010-02-25,"Relating to periodic legislative review of state government.","Relating to periodic legislative review of state government.",0,,2010-02-25,"In committee upon adjournment.",https://legiscan.com/OR/bill/SB1056/2010/X1,http://www.leg.state.or.us/searchmeas.html
137778,38,SB1057,6,Failed,2010-02-25,"Relating to fish supportive measures for hydroelectric projects located within artificial delivery systems; declaring an emergency.","Relating to fish supportive measures for hydroelectric projects located within artificial delivery systems; declaring an emergency.",0,,2010-02-25,"In committee upon adjournment.",https://legiscan.com/OR/bill/SB1057/2010/X1,http://www.leg.state.or.us/searchmeas.html
137779,38,SB1058,6,Failed,2010-02-25,"Relating to campaign finance; prescribing an effective date.","Relating to campaign finance; prescribing an effective date.",0,,2010-02-25,"In committee upon adjournment.",https://legiscan.com/OR/bill/SB1058/2010/X1,http://www.leg.state.or.us/searchmeas.html
137780,38,SB1059,4,Passed,2010-03-18,"Relating to greenhouse gas emissions; and declaring an emergency.","Relating to greenhouse gas emissions; and declaring an emergency.",0,,2010-03-18,"Effective date, March 18, 2010.",https://legiscan.com/OR/bill/SB1059/2010/X1,http://www.leg.state.or.us/searchmeas.html
137781,38,SB1060,1,Introduced,2010-02-01,"Relating to waterways; declaring an emergency.","Relating to waterways; declaring an emergency.",0,,2010-02-16,"Girod, Johnson, Metsger, President Courtney declared potential conflicts of interest.",https://legiscan.com/OR/bill/SB1060/2010/X1,http://www.leg.state.or.us/searchmeas.html
137782,38,SB1061,4,Passed,2010-02-25,"Relating to the Adjutant General; and declaring an emergency.","Relating to the Adjutant General; and declaring an emergency.",0,,2010-02-25,"Effective date, February 25, 2010.",https://legiscan.com/OR/bill/SB1061/2010/X1,http://www.leg.state.or.us/searchmeas.html
137783,38,SB1062,4,Passed,2010-03-04,"Relating to elections; and declaring an emergency.","Relating to elections; and declaring an emergency.",0,,2010-03-04,"Effective date, March 4, 2010.",https://legiscan.com/OR/bill/SB1062/2010/X1,http://www.leg.state.or.us/searchmeas.html
137784,38,SB5563,4,Passed,2010-03-23,"Relating to state financial administration; and declaring an emergency.","Relating to state financial administration; and declaring an emergency.",0,,2010-03-23,"Effective date, March 23, 2010.",https://legiscan.com/OR/bill/SB5563/2010/X1,http://www.leg.state.or.us/searchmeas.html
137785,38,SB5564,4,Passed,2010-03-29,"Relating to state financial administration; and declaring an emergency.","Relating to state financial administration; and declaring an emergency.",0,,2010-03-29,"Effective date, March 29, 2010.",https://legiscan.com/OR/bill/SB5564/2010/X1,http://www.leg.state.or.us/searchmeas.html
137786,38,SB5565,4,Passed,2010-03-29,"Relating to state financial administration; appropriating money; declaring an emergency; and providing for transfer of moneys from the Education Stability Fund and appropriation of moneys from the Oregon Rainy Day Fund that require approval by a three-fifths majority.","Relating to state financial administration; appropriating money; declaring an emergency; and providing for transfer of moneys from the Education Stability Fund and appropriation of moneys from the Oregon Rainy Day Fund that require approval by a three-fifths majority.",0,,2010-03-29,"Effective date, March 29, 2010.",https://legiscan.com/OR/bill/SB5565/2010/X1,http://www.leg.state.or.us/searchmeas.html
137787,38,SB5566,6,Failed,2010-02-25,"Relating to state financial administration; appropriating money; declaring an emergency.","Relating to state financial administration; appropriating money; declaring an emergency.",0,,2010-02-25,"In committee upon adjournment.",https://legiscan.com/OR/bill/SB5566/2010/X1,http://www.leg.state.or.us/searchmeas.html
137706,38,SR3,4,Passed,2010-02-16,"Honoring 41st Infantry Brigade Combat Team of Oregon National Guard for service in Iraq and Afghanistan.","Honoring 41st Infantry Brigade Combat Team of Oregon National Guard for service in Iraq and Afghanistan.",0,,2010-02-16,"Filed With Secretary of State.",https://legiscan.com/OR/bill/SR3/2010/X1,http://www.leg.state.or.us/searchmeas.html
137691,38,SCR19,4,Passed,2010-03-12,"Adjourning sine die special session of Seventy-fifth Legislative Assembly.","Adjourning sine die special session of Seventy-fifth Legislative Assembly.",0,,2010-03-12,"Filed With Secretary of State.",https://legiscan.com/OR/bill/SCR19/2010/X1,http://www.leg.state.or.us/searchmeas.html
137692,38,SCR20,4,Passed,2010-02-25,"In memoriam: Ross H. Morgan, 1922-2009.","In memoriam: Ross H. Morgan, 1922-2009.",0,,2010-02-25,"Filed With Secretary of State.",https://legiscan.com/OR/bill/SCR20/2010/X1,http://www.leg.state.or.us/searchmeas.html
137693,38,SCR21,4,Passed,2010-02-19,"Commending Dr. James K. Lace for his health care services to children locally and internationally.","Commending Dr. James K. Lace for his health care services to children locally and internationally.",0,,2010-02-19,"Filed With Secretary of State.",https://legiscan.com/OR/bill/SCR21/2010/X1,http://www.leg.state.or.us/searchmeas.html
137694,38,SCR22,4,Passed,2010-02-25,"Recognizing service of United States Merchant Marine veterans during World War II.","Recognizing service of United States Merchant Marine veterans during World War II.",0,,2010-02-25,"Filed With Secretary of State.",https://legiscan.com/OR/bill/SCR22/2010/X1,http://www.leg.state.or.us/searchmeas.html
137695,38,SCR23,6,Failed,2010-02-25,"Recognizing and honoring the achievements of the football programs of the University of Oregon and Oregon State University during the 2009 season.","Recognizing and honoring the achievements of the football programs of the University of Oregon and Oregon State University during the 2009 season.",0,,2010-02-25,"In committee upon adjournment.",https://legiscan.com/OR/bill/SCR23/2010/X1,http://www.leg.state.or.us/searchmeas.html
137696,38,SJR41,4,Passed,2010-02-25,"Proposing amendment to Oregon Constitution relating to sessions of the Legislative Assembly.","Proposing amendment to Oregon Constitution relating to sessions of the Legislative Assembly.",0,,2010-02-25,"Filed With Secretary of State.",https://legiscan.com/OR/bill/SJR41/2010/X1,http://www.leg.state.or.us/searchmeas.html
137697,38,SJR42,6,Failed,2010-02-25,"Declaring May 1, 2010, as Future Business Leaders of America day in Oregon.","Declaring May 1, 2010, as Future Business Leaders of America day in Oregon.",0,,2010-02-25,"In committee upon adjournment.",https://legiscan.com/OR/bill/SJR42/2010/X1,http://www.leg.state.or.us/searchmeas.html
137698,38,SJR43,6,Failed,2010-02-25,"Proposing amendment to Oregon Constitution authorizing sobriety checkpoints for law enforcement purposes.","Proposing amendment to Oregon Constitution authorizing sobriety checkpoints for law enforcement purposes.",0,,2010-02-25,"In committee upon adjournment.",https://legiscan.com/OR/bill/SJR43/2010/X1,http://www.leg.state.or.us/searchmeas.html
137699,38,SJR44,6,Failed,2010-02-25,"Proposing amendment to Oregon Constitution relating to general obligation indebtedness.","Proposing amendment to Oregon Constitution relating to general obligation indebtedness.",0,,2010-02-25,"In committee upon adjournment.",https://legiscan.com/OR/bill/SJR44/2010/X1,http://www.leg.state.or.us/searchmeas.html
137700,38,SJR45,6,Failed,2010-02-25,"Proposing amendment to Oregon Constitution relating to establishment of a reserve fund.","Proposing amendment to Oregon Constitution relating to establishment of a reserve fund.",0,,2010-02-25,"In committee upon adjournment.",https://legiscan.com/OR/bill/SJR45/2010/X1,http://www.leg.state.or.us/searchmeas.html
137701,38,SJR46,6,Failed,2010-02-25,"Proposing amendment to Oregon Constitution relating to noneconomic damages.","Proposing amendment to Oregon Constitution relating to noneconomic damages.",0,,2010-02-25,"In committee upon adjournment.",https://legiscan.com/OR/bill/SJR46/2010/X1,http://www.leg.state.or.us/searchmeas.html
137702,38,SJR47,4,Passed,2010-02-23,"Honoring Raymond Moles by directing creation of Raymond Moles Memorial Wildlife Safety Corridor along U.S. Highway 26.","Honoring Raymond Moles by directing creation of Raymond Moles Memorial Wildlife Safety Corridor along U.S. Highway 26.",0,,2010-02-23,"Filed With Secretary of State.",https://legiscan.com/OR/bill/SJR47/2010/X1,http://www.leg.state.or.us/searchmeas.html
137703,38,SJR48,4,Passed,2010-02-25,"Proposing amendment to Oregon Constitution relating to general obligation indebtedness.","Proposing amendment to Oregon Constitution relating to general obligation indebtedness.",0,,2010-02-25,"Filed With Secretary of State.",https://legiscan.com/OR/bill/SJR48/2010/X1,http://www.leg.state.or.us/searchmeas.html
137704,38,SJR49,6,Failed,2010-02-25,"Proposing amendment to Oregon Constitution relating to an Oregon Budget Reserve Fund.","Proposing amendment to Oregon Constitution relating to an Oregon Budget Reserve Fund.",0,,2010-02-25,"In committee upon adjournment.",https://legiscan.com/OR/bill/SJR49/2010/X1,http://www.leg.state.or.us/searchmeas.html
137705,38,SJR50,4,Passed,2010-02-24,"Requesting that Superintendent of Public Instruction encourage Chinese language study in Oregon schools.","Requesting that Superintendent of Public Instruction encourage Chinese language study in Oregon schools.",0,,2010-02-24,"Filed With Secretary of State.",https://legiscan.com/OR/bill/SJR50/2010/X1,http://www.leg.state.or.us/searchmeas.html
