bill_id,document_id,document_type,document_size,document_mime,document_desc,url,state_link
137578,366038,text,1657,text/html,Introduced,https://legiscan.com/OR/text/HB3600/id/366038,http://www.leg.state.or.us/10ss1/measures/hb3600.dir/hb3600.intro.html
137578,366041,text,1044,text/html,Amended,https://legiscan.com/OR/text/HB3600/id/366041,http://www.leg.state.or.us/10ss1/measures/hb3600.dir/hb3600.1ha.html
137578,366039,text,2408,text/html,Engrossed,https://legiscan.com/OR/text/HB3600/id/366039,http://www.leg.state.or.us/10ss1/measures/hb3600.dir/hb3600.a.html
137579,367288,text,12037,text/html,Introduced,https://legiscan.com/OR/text/HB3601/id/367288,http://www.leg.state.or.us/10ss1/measures/hb3600.dir/hb3601.intro.html
137579,367294,text,17007,text/html,Amended,https://legiscan.com/OR/text/HB3601/id/367294,http://www.leg.state.or.us/10ss1/measures/hb3600.dir/hb3601.1ha.html
137579,367290,text,11059,text/html,Engrossed,https://legiscan.com/OR/text/HB3601/id/367290,http://www.leg.state.or.us/10ss1/measures/hb3600.dir/hb3601.b.html
137579,367291,text,10137,text/html,Engrossed,https://legiscan.com/OR/text/HB3601/id/367291,http://www.leg.state.or.us/10ss1/measures/hb3600.dir/hb3601.a1ha.html
137579,367292,text,18086,text/html,Engrossed,https://legiscan.com/OR/text/HB3601/id/367292,http://www.leg.state.or.us/10ss1/measures/hb3600.dir/hb3601.a.html
137579,367289,text,11325,text/html,Enrolled,https://legiscan.com/OR/text/HB3601/id/367289,http://www.leg.state.or.us/10ss1/measures/hb3600.dir/hb3601.en.html
137580,368317,text,9591,text/html,Introduced,https://legiscan.com/OR/text/HB3602/id/368317,http://www.leg.state.or.us/10ss1/measures/hb3600.dir/hb3602.intro.html
137580,368322,text,6685,text/html,Amended,https://legiscan.com/OR/text/HB3602/id/368322,http://www.leg.state.or.us/10ss1/measures/hb3600.dir/hb3602.1ha.html
137580,368319,text,7421,text/html,Engrossed,https://legiscan.com/OR/text/HB3602/id/368319,http://www.leg.state.or.us/10ss1/measures/hb3600.dir/hb3602.b.html
137580,368320,text,549,text/html,Engrossed,https://legiscan.com/OR/text/HB3602/id/368320,http://www.leg.state.or.us/10ss1/measures/hb3600.dir/hb3602.a1sa.html
137580,368321,text,7797,text/html,Engrossed,https://legiscan.com/OR/text/HB3602/id/368321,http://www.leg.state.or.us/10ss1/measures/hb3600.dir/hb3602.a.html
137580,368318,text,7681,text/html,Enrolled,https://legiscan.com/OR/text/HB3602/id/368318,http://www.leg.state.or.us/10ss1/measures/hb3600.dir/hb3602.en.html
137581,369299,text,12091,text/html,Introduced,https://legiscan.com/OR/text/HB3603/id/369299,http://www.leg.state.or.us/10ss1/measures/hb3600.dir/hb3603.intro.html
137582,370444,text,9262,text/html,Introduced,https://legiscan.com/OR/text/HB3604/id/370444,http://www.leg.state.or.us/10ss1/measures/hb3600.dir/hb3604.intro.html
137582,370447,text,3493,text/html,Amended,https://legiscan.com/OR/text/HB3604/id/370447,http://www.leg.state.or.us/10ss1/measures/hb3600.dir/hb3604.1ha.html
137582,370446,text,5063,text/html,Engrossed,https://legiscan.com/OR/text/HB3604/id/370446,http://www.leg.state.or.us/10ss1/measures/hb3600.dir/hb3604.a.html
137583,371684,text,6540,text/html,Introduced,https://legiscan.com/OR/text/HB3605/id/371684,http://www.leg.state.or.us/10ss1/measures/hb3600.dir/hb3605.intro.html
137583,371687,text,9884,text/html,Amended,https://legiscan.com/OR/text/HB3605/id/371687,http://www.leg.state.or.us/10ss1/measures/hb3600.dir/hb3605.1ha.html
137583,371685,text,11482,text/html,Engrossed,https://legiscan.com/OR/text/HB3605/id/371685,http://www.leg.state.or.us/10ss1/measures/hb3600.dir/hb3605.a.html
137584,372836,text,8222,text/html,Introduced,https://legiscan.com/OR/text/HB3606/id/372836,http://www.leg.state.or.us/10ss1/measures/hb3600.dir/hb3606.intro.html
137584,372840,text,8065,text/html,Amended,https://legiscan.com/OR/text/HB3606/id/372840,http://www.leg.state.or.us/10ss1/measures/hb3600.dir/hb3606.1ha.html
137584,372838,text,8807,text/html,Engrossed,https://legiscan.com/OR/text/HB3606/id/372838,http://www.leg.state.or.us/10ss1/measures/hb3600.dir/hb3606.a.html
137584,372837,text,9236,text/html,Enrolled,https://legiscan.com/OR/text/HB3606/id/372837,http://www.leg.state.or.us/10ss1/measures/hb3600.dir/hb3606.en.html
137585,374013,text,9140,text/html,Introduced,https://legiscan.com/OR/text/HB3607/id/374013,http://www.leg.state.or.us/10ss1/measures/hb3600.dir/hb3607.intro.html
137586,375220,text,74926,text/html,Introduced,https://legiscan.com/OR/text/HB3608/id/375220,http://www.leg.state.or.us/10ss1/measures/hb3600.dir/hb3608.intro.html
137587,376378,text,28362,text/html,Introduced,https://legiscan.com/OR/text/HB3609/id/376378,http://www.leg.state.or.us/10ss1/measures/hb3600.dir/hb3609.intro.html
137587,376381,text,510,text/html,Amended,https://legiscan.com/OR/text/HB3609/id/376381,http://www.leg.state.or.us/10ss1/measures/hb3600.dir/hb3609.1sa.html
137587,376380,text,28356,text/html,Engrossed,https://legiscan.com/OR/text/HB3609/id/376380,http://www.leg.state.or.us/10ss1/measures/hb3600.dir/hb3609.a.html
137587,376379,text,29165,text/html,Enrolled,https://legiscan.com/OR/text/HB3609/id/376379,http://www.leg.state.or.us/10ss1/measures/hb3600.dir/hb3609.en.html
137588,377658,text,4489,text/html,Introduced,https://legiscan.com/OR/text/HB3610/id/377658,http://www.leg.state.or.us/10ss1/measures/hb3600.dir/hb3610.intro.html
137588,377662,text,12031,text/html,Amended,https://legiscan.com/OR/text/HB3610/id/377662,http://www.leg.state.or.us/10ss1/measures/hb3600.dir/hb3610.1sa.html
137588,377661,text,13479,text/html,Engrossed,https://legiscan.com/OR/text/HB3610/id/377661,http://www.leg.state.or.us/10ss1/measures/hb3600.dir/hb3610.a.html
137588,377660,text,13259,text/html,Enrolled,https://legiscan.com/OR/text/HB3610/id/377660,http://www.leg.state.or.us/10ss1/measures/hb3600.dir/hb3610.en.html
137589,378801,text,3315,text/html,Introduced,https://legiscan.com/OR/text/HB3611/id/378801,http://www.leg.state.or.us/10ss1/measures/hb3600.dir/hb3611.intro.html
137590,379955,text,7686,text/html,Introduced,https://legiscan.com/OR/text/HB3612/id/379955,http://www.leg.state.or.us/10ss1/measures/hb3600.dir/hb3612.intro.html
137590,379959,text,5900,text/html,Amended,https://legiscan.com/OR/text/HB3612/id/379959,http://www.leg.state.or.us/10ss1/measures/hb3600.dir/hb3612.1ha.html
137590,379958,text,6868,text/html,Engrossed,https://legiscan.com/OR/text/HB3612/id/379958,http://www.leg.state.or.us/10ss1/measures/hb3600.dir/hb3612.a.html
137590,379957,text,7072,text/html,Enrolled,https://legiscan.com/OR/text/HB3612/id/379957,http://www.leg.state.or.us/10ss1/measures/hb3600.dir/hb3612.en.html
137591,381228,text,3108,text/html,Introduced,https://legiscan.com/OR/text/HB3613/id/381228,http://www.leg.state.or.us/10ss1/measures/hb3600.dir/hb3613.intro.html
137591,381231,text,522,text/html,Amended,https://legiscan.com/OR/text/HB3613/id/381231,http://www.leg.state.or.us/10ss1/measures/hb3600.dir/hb3613.1ha.html
137591,381230,text,3314,text/html,Engrossed,https://legiscan.com/OR/text/HB3613/id/381230,http://www.leg.state.or.us/10ss1/measures/hb3600.dir/hb3613.a.html
137591,381229,text,3465,text/html,Enrolled,https://legiscan.com/OR/text/HB3613/id/381229,http://www.leg.state.or.us/10ss1/measures/hb3600.dir/hb3613.en.html
137592,382335,text,6285,text/html,Introduced,https://legiscan.com/OR/text/HB3614/id/382335,http://www.leg.state.or.us/10ss1/measures/hb3600.dir/hb3614.intro.html
137593,383457,text,17489,text/html,Introduced,https://legiscan.com/OR/text/HB3615/id/383457,http://www.leg.state.or.us/10ss1/measures/hb3600.dir/hb3615.intro.html
137594,384664,text,2785,text/html,Introduced,https://legiscan.com/OR/text/HB3616/id/384664,http://www.leg.state.or.us/10ss1/measures/hb3600.dir/hb3616.intro.html
137595,385853,text,8444,text/html,Introduced,https://legiscan.com/OR/text/HB3617/id/385853,http://www.leg.state.or.us/10ss1/measures/hb3600.dir/hb3617.intro.html
137595,385860,text,5668,text/html,Amended,https://legiscan.com/OR/text/HB3617/id/385860,http://www.leg.state.or.us/10ss1/measures/hb3600.dir/hb3617.1ha.html
137595,385856,text,11234,text/html,Engrossed,https://legiscan.com/OR/text/HB3617/id/385856,http://www.leg.state.or.us/10ss1/measures/hb3600.dir/hb3617.b.html
137595,385857,text,553,text/html,Engrossed,https://legiscan.com/OR/text/HB3617/id/385857,http://www.leg.state.or.us/10ss1/measures/hb3600.dir/hb3617.a1sa.html
137595,385858,text,13714,text/html,Engrossed,https://legiscan.com/OR/text/HB3617/id/385858,http://www.leg.state.or.us/10ss1/measures/hb3600.dir/hb3617.a.html
137595,385855,text,11429,text/html,Enrolled,https://legiscan.com/OR/text/HB3617/id/385855,http://www.leg.state.or.us/10ss1/measures/hb3600.dir/hb3617.en.html
137596,387138,text,17976,text/html,Introduced,https://legiscan.com/OR/text/HB3618/id/387138,http://www.leg.state.or.us/10ss1/measures/hb3600.dir/hb3618.intro.html
137596,387145,text,30296,text/html,Amended,https://legiscan.com/OR/text/HB3618/id/387145,http://www.leg.state.or.us/10ss1/measures/hb3600.dir/hb3618.1ha.html
137596,387141,text,31640,text/html,Engrossed,https://legiscan.com/OR/text/HB3618/id/387141,http://www.leg.state.or.us/10ss1/measures/hb3600.dir/hb3618.b.html
137596,387142,text,688,text/html,Engrossed,https://legiscan.com/OR/text/HB3618/id/387142,http://www.leg.state.or.us/10ss1/measures/hb3600.dir/hb3618.a1ha.html
137596,387143,text,31788,text/html,Engrossed,https://legiscan.com/OR/text/HB3618/id/387143,http://www.leg.state.or.us/10ss1/measures/hb3600.dir/hb3618.a.html
137596,387139,text,31840,text/html,Enrolled,https://legiscan.com/OR/text/HB3618/id/387139,http://www.leg.state.or.us/10ss1/measures/hb3600.dir/hb3618.en.html
137597,388316,text,7603,text/html,Introduced,https://legiscan.com/OR/text/HB3619/id/388316,http://www.leg.state.or.us/10ss1/measures/hb3600.dir/hb3619.intro.html
137597,388321,text,7485,text/html,Amended,https://legiscan.com/OR/text/HB3619/id/388321,http://www.leg.state.or.us/10ss1/measures/hb3600.dir/hb3619.1ha.html
137597,388318,text,8579,text/html,Engrossed,https://legiscan.com/OR/text/HB3619/id/388318,http://www.leg.state.or.us/10ss1/measures/hb3600.dir/hb3619.b.html
137597,388319,text,472,text/html,Engrossed,https://legiscan.com/OR/text/HB3619/id/388319,http://www.leg.state.or.us/10ss1/measures/hb3600.dir/hb3619.a1sa.html
137597,388320,text,8651,text/html,Engrossed,https://legiscan.com/OR/text/HB3619/id/388320,http://www.leg.state.or.us/10ss1/measures/hb3600.dir/hb3619.a.html
137597,388317,text,8719,text/html,Enrolled,https://legiscan.com/OR/text/HB3619/id/388317,http://www.leg.state.or.us/10ss1/measures/hb3600.dir/hb3619.en.html
137598,389449,text,11669,text/html,Introduced,https://legiscan.com/OR/text/HB3620/id/389449,http://www.leg.state.or.us/10ss1/measures/hb3600.dir/hb3620.intro.html
137599,390725,text,14040,text/html,Introduced,https://legiscan.com/OR/text/HB3621/id/390725,http://www.leg.state.or.us/10ss1/measures/hb3600.dir/hb3621.intro.html
137600,391928,text,2203,text/html,Introduced,https://legiscan.com/OR/text/HB3622/id/391928,http://www.leg.state.or.us/10ss1/measures/hb3600.dir/hb3622.intro.html
137601,393116,text,3041,text/html,Introduced,https://legiscan.com/OR/text/HB3623/id/393116,http://www.leg.state.or.us/10ss1/measures/hb3600.dir/hb3623.intro.html
137601,393119,text,2577,text/html,Amended,https://legiscan.com/OR/text/HB3623/id/393119,http://www.leg.state.or.us/10ss1/measures/hb3600.dir/hb3623.1ha.html
137601,393118,text,3566,text/html,Engrossed,https://legiscan.com/OR/text/HB3623/id/393118,http://www.leg.state.or.us/10ss1/measures/hb3600.dir/hb3623.a.html
137601,393117,text,3958,text/html,Enrolled,https://legiscan.com/OR/text/HB3623/id/393117,http://www.leg.state.or.us/10ss1/measures/hb3600.dir/hb3623.en.html
137602,394168,text,38466,text/html,Introduced,https://legiscan.com/OR/text/HB3624/id/394168,http://www.leg.state.or.us/10ss1/measures/hb3600.dir/hb3624.intro.html
137602,394177,text,18761,text/html,Amended,https://legiscan.com/OR/text/HB3624/id/394177,http://www.leg.state.or.us/10ss1/measures/hb3600.dir/hb3624.1ha.html
137602,394172,text,18659,text/html,Engrossed,https://legiscan.com/OR/text/HB3624/id/394172,http://www.leg.state.or.us/10ss1/measures/hb3600.dir/hb3624.b.html
137602,394174,text,17449,text/html,Engrossed,https://legiscan.com/OR/text/HB3624/id/394174,http://www.leg.state.or.us/10ss1/measures/hb3600.dir/hb3624.a1sa.html
137602,394176,text,36719,text/html,Engrossed,https://legiscan.com/OR/text/HB3624/id/394176,http://www.leg.state.or.us/10ss1/measures/hb3600.dir/hb3624.a.html
137602,394170,text,18537,text/html,Enrolled,https://legiscan.com/OR/text/HB3624/id/394170,http://www.leg.state.or.us/10ss1/measures/hb3600.dir/hb3624.en.html
137603,395338,text,3500,text/html,Introduced,https://legiscan.com/OR/text/HB3625/id/395338,http://www.leg.state.or.us/10ss1/measures/hb3600.dir/hb3625.intro.html
137603,395339,text,4115,text/html,Enrolled,https://legiscan.com/OR/text/HB3625/id/395339,http://www.leg.state.or.us/10ss1/measures/hb3600.dir/hb3625.en.html
137604,396549,text,4065,text/html,Introduced,https://legiscan.com/OR/text/HB3626/id/396549,http://www.leg.state.or.us/10ss1/measures/hb3600.dir/hb3626.intro.html
137604,396553,text,3363,text/html,Amended,https://legiscan.com/OR/text/HB3626/id/396553,http://www.leg.state.or.us/10ss1/measures/hb3600.dir/hb3626.1ha.html
137604,396552,text,4418,text/html,Engrossed,https://legiscan.com/OR/text/HB3626/id/396552,http://www.leg.state.or.us/10ss1/measures/hb3600.dir/hb3626.a.html
137604,396551,text,4611,text/html,Enrolled,https://legiscan.com/OR/text/HB3626/id/396551,http://www.leg.state.or.us/10ss1/measures/hb3600.dir/hb3626.en.html
137605,397711,text,4050,text/html,Introduced,https://legiscan.com/OR/text/HB3627/id/397711,http://www.leg.state.or.us/10ss1/measures/hb3600.dir/hb3627.intro.html
137605,397716,text,1135,text/html,Amended,https://legiscan.com/OR/text/HB3627/id/397716,http://www.leg.state.or.us/10ss1/measures/hb3600.dir/hb3627.1ha.html
137605,397715,text,4544,text/html,Engrossed,https://legiscan.com/OR/text/HB3627/id/397715,http://www.leg.state.or.us/10ss1/measures/hb3600.dir/hb3627.a.html
137605,397713,text,4804,text/html,Enrolled,https://legiscan.com/OR/text/HB3627/id/397713,http://www.leg.state.or.us/10ss1/measures/hb3600.dir/hb3627.en.html
137606,399006,text,1695,text/html,Introduced,https://legiscan.com/OR/text/HB3628/id/399006,http://www.leg.state.or.us/10ss1/measures/hb3600.dir/hb3628.intro.html
137606,399009,text,1778,text/html,Amended,https://legiscan.com/OR/text/HB3628/id/399009,http://www.leg.state.or.us/10ss1/measures/hb3600.dir/hb3628.1ha.html
137606,399008,text,2877,text/html,Engrossed,https://legiscan.com/OR/text/HB3628/id/399008,http://www.leg.state.or.us/10ss1/measures/hb3600.dir/hb3628.a.html
137606,399007,text,3263,text/html,Enrolled,https://legiscan.com/OR/text/HB3628/id/399007,http://www.leg.state.or.us/10ss1/measures/hb3600.dir/hb3628.en.html
137607,400141,text,4433,text/html,Introduced,https://legiscan.com/OR/text/HB3629/id/400141,http://www.leg.state.or.us/10ss1/measures/hb3600.dir/hb3629.intro.html
137607,400142,text,4884,text/html,Enrolled,https://legiscan.com/OR/text/HB3629/id/400142,http://www.leg.state.or.us/10ss1/measures/hb3600.dir/hb3629.en.html
137608,401594,text,5258,text/html,Introduced,https://legiscan.com/OR/text/HB3630/id/401594,http://www.leg.state.or.us/10ss1/measures/hb3600.dir/hb3630.intro.html
137609,402923,text,7141,text/html,Introduced,https://legiscan.com/OR/text/HB3631/id/402923,http://www.leg.state.or.us/10ss1/measures/hb3600.dir/hb3631.intro.html
137609,402926,text,551,text/html,Amended,https://legiscan.com/OR/text/HB3631/id/402926,http://www.leg.state.or.us/10ss1/measures/hb3600.dir/hb3631.1ha.html
137609,402925,text,7395,text/html,Engrossed,https://legiscan.com/OR/text/HB3631/id/402925,http://www.leg.state.or.us/10ss1/measures/hb3600.dir/hb3631.a.html
137609,402924,text,7948,text/html,Enrolled,https://legiscan.com/OR/text/HB3631/id/402924,http://www.leg.state.or.us/10ss1/measures/hb3600.dir/hb3631.en.html
137610,404085,text,2234,text/html,Introduced,https://legiscan.com/OR/text/HB3632/id/404085,http://www.leg.state.or.us/10ss1/measures/hb3600.dir/hb3632.intro.html
137610,404087,text,742,text/html,Amended,https://legiscan.com/OR/text/HB3632/id/404087,http://www.leg.state.or.us/10ss1/measures/hb3600.dir/hb3632.1ha.html
137610,404086,text,2501,text/html,Engrossed,https://legiscan.com/OR/text/HB3632/id/404086,http://www.leg.state.or.us/10ss1/measures/hb3600.dir/hb3632.a.html
137611,405306,text,1942,text/html,Introduced,https://legiscan.com/OR/text/HB3633/id/405306,http://www.leg.state.or.us/10ss1/measures/hb3600.dir/hb3633.intro.html
137611,405312,text,5768,text/html,Amended,https://legiscan.com/OR/text/HB3633/id/405312,http://www.leg.state.or.us/10ss1/measures/hb3600.dir/hb3633.1ha.html
137611,405308,text,7693,text/html,Engrossed,https://legiscan.com/OR/text/HB3633/id/405308,http://www.leg.state.or.us/10ss1/measures/hb3600.dir/hb3633.b.html
137611,405310,text,2436,text/html,Engrossed,https://legiscan.com/OR/text/HB3633/id/405310,http://www.leg.state.or.us/10ss1/measures/hb3600.dir/hb3633.a1ha.html
137611,405311,text,7140,text/html,Engrossed,https://legiscan.com/OR/text/HB3633/id/405311,http://www.leg.state.or.us/10ss1/measures/hb3600.dir/hb3633.a.html
137611,405307,text,7429,text/html,Enrolled,https://legiscan.com/OR/text/HB3633/id/405307,http://www.leg.state.or.us/10ss1/measures/hb3600.dir/hb3633.en.html
137612,406496,text,46720,text/html,Introduced,https://legiscan.com/OR/text/HB3634/id/406496,http://www.leg.state.or.us/10ss1/measures/hb3600.dir/hb3634.intro.html
137612,406499,text,36355,text/html,Amended,https://legiscan.com/OR/text/HB3634/id/406499,http://www.leg.state.or.us/10ss1/measures/hb3600.dir/hb3634.1ha.html
137612,406498,text,36818,text/html,Engrossed,https://legiscan.com/OR/text/HB3634/id/406498,http://www.leg.state.or.us/10ss1/measures/hb3600.dir/hb3634.a.html
137612,406497,text,37697,text/html,Enrolled,https://legiscan.com/OR/text/HB3634/id/406497,http://www.leg.state.or.us/10ss1/measures/hb3600.dir/hb3634.en.html
137613,407733,text,13313,text/html,Introduced,https://legiscan.com/OR/text/HB3635/id/407733,http://www.leg.state.or.us/10ss1/measures/hb3600.dir/hb3635.intro.html
137614,408854,text,5079,text/html,Introduced,https://legiscan.com/OR/text/HB3636/id/408854,http://www.leg.state.or.us/10ss1/measures/hb3600.dir/hb3636.intro.html
137615,410096,text,14774,text/html,Introduced,https://legiscan.com/OR/text/HB3637/id/410096,http://www.leg.state.or.us/10ss1/measures/hb3600.dir/hb3637.intro.html
137616,411276,text,7287,text/html,Introduced,https://legiscan.com/OR/text/HB3638/id/411276,http://www.leg.state.or.us/10ss1/measures/hb3600.dir/hb3638.intro.html
137616,411278,text,1531,text/html,Amended,https://legiscan.com/OR/text/HB3638/id/411278,http://www.leg.state.or.us/10ss1/measures/hb3600.dir/hb3638.1ha.html
137616,411277,text,8235,text/html,Engrossed,https://legiscan.com/OR/text/HB3638/id/411277,http://www.leg.state.or.us/10ss1/measures/hb3600.dir/hb3638.a.html
137617,412519,text,9697,text/html,Introduced,https://legiscan.com/OR/text/HB3639/id/412519,http://www.leg.state.or.us/10ss1/measures/hb3600.dir/hb3639.intro.html
137617,412528,text,29574,text/html,Amended,https://legiscan.com/OR/text/HB3639/id/412528,http://www.leg.state.or.us/10ss1/measures/hb3600.dir/hb3639.1ha.html
137617,412523,text,30605,text/html,Engrossed,https://legiscan.com/OR/text/HB3639/id/412523,http://www.leg.state.or.us/10ss1/measures/hb3600.dir/hb3639.b.html
137617,412524,text,3650,text/html,Engrossed,https://legiscan.com/OR/text/HB3639/id/412524,http://www.leg.state.or.us/10ss1/measures/hb3600.dir/hb3639.a1ha.html
137617,412525,text,30507,text/html,Engrossed,https://legiscan.com/OR/text/HB3639/id/412525,http://www.leg.state.or.us/10ss1/measures/hb3600.dir/hb3639.a.html
137617,412521,text,30930,text/html,Enrolled,https://legiscan.com/OR/text/HB3639/id/412521,http://www.leg.state.or.us/10ss1/measures/hb3600.dir/hb3639.en.html
137618,413700,text,15966,text/html,Introduced,https://legiscan.com/OR/text/HB3640/id/413700,http://www.leg.state.or.us/10ss1/measures/hb3600.dir/hb3640.intro.html
137618,413703,text,15488,text/html,Amended,https://legiscan.com/OR/text/HB3640/id/413703,http://www.leg.state.or.us/10ss1/measures/hb3600.dir/hb3640.1ha.html
137618,413702,text,30679,text/html,Engrossed,https://legiscan.com/OR/text/HB3640/id/413702,http://www.leg.state.or.us/10ss1/measures/hb3600.dir/hb3640.a.html
137618,413701,text,31439,text/html,Enrolled,https://legiscan.com/OR/text/HB3640/id/413701,http://www.leg.state.or.us/10ss1/measures/hb3600.dir/hb3640.en.html
137619,414775,text,9465,text/html,Introduced,https://legiscan.com/OR/text/HB3641/id/414775,http://www.leg.state.or.us/10ss1/measures/hb3600.dir/hb3641.intro.html
137620,415887,text,15158,text/html,Introduced,https://legiscan.com/OR/text/HB3642/id/415887,http://www.leg.state.or.us/10ss1/measures/hb3600.dir/hb3642.intro.html
137620,415891,text,5819,text/html,Amended,https://legiscan.com/OR/text/HB3642/id/415891,http://www.leg.state.or.us/10ss1/measures/hb3600.dir/hb3642.1ha.html
137620,415890,text,16073,text/html,Engrossed,https://legiscan.com/OR/text/HB3642/id/415890,http://www.leg.state.or.us/10ss1/measures/hb3600.dir/hb3642.a.html
137620,415888,text,16729,text/html,Enrolled,https://legiscan.com/OR/text/HB3642/id/415888,http://www.leg.state.or.us/10ss1/measures/hb3600.dir/hb3642.en.html
137621,417066,text,23331,text/html,Introduced,https://legiscan.com/OR/text/HB3643/id/417066,http://www.leg.state.or.us/10ss1/measures/hb3600.dir/hb3643.intro.html
137621,417071,text,25196,text/html,Amended,https://legiscan.com/OR/text/HB3643/id/417071,http://www.leg.state.or.us/10ss1/measures/hb3600.dir/hb3643.1ha.html
137621,417070,text,26458,text/html,Engrossed,https://legiscan.com/OR/text/HB3643/id/417070,http://www.leg.state.or.us/10ss1/measures/hb3600.dir/hb3643.a.html
137621,417068,text,26599,text/html,Enrolled,https://legiscan.com/OR/text/HB3643/id/417068,http://www.leg.state.or.us/10ss1/measures/hb3600.dir/hb3643.en.html
137622,418166,text,8708,text/html,Introduced,https://legiscan.com/OR/text/HB3644/id/418166,http://www.leg.state.or.us/10ss1/measures/hb3600.dir/hb3644.intro.html
137622,418169,text,8300,text/html,Amended,https://legiscan.com/OR/text/HB3644/id/418169,http://www.leg.state.or.us/10ss1/measures/hb3600.dir/hb3644.1ha.html
137622,418168,text,9475,text/html,Engrossed,https://legiscan.com/OR/text/HB3644/id/418168,http://www.leg.state.or.us/10ss1/measures/hb3600.dir/hb3644.a.html
137622,418167,text,9717,text/html,Enrolled,https://legiscan.com/OR/text/HB3644/id/418167,http://www.leg.state.or.us/10ss1/measures/hb3600.dir/hb3644.en.html
137623,419273,text,6096,text/html,Introduced,https://legiscan.com/OR/text/HB3645/id/419273,http://www.leg.state.or.us/10ss1/measures/hb3600.dir/hb3645.intro.html
137624,420586,text,25818,text/html,Introduced,https://legiscan.com/OR/text/HB3646/id/420586,http://www.leg.state.or.us/10ss1/measures/hb3600.dir/hb3646.intro.html
137624,420590,text,1014,text/html,Amended,https://legiscan.com/OR/text/HB3646/id/420590,http://www.leg.state.or.us/10ss1/measures/hb3600.dir/hb3646.1ha.html
137624,420589,text,25740,text/html,Engrossed,https://legiscan.com/OR/text/HB3646/id/420589,http://www.leg.state.or.us/10ss1/measures/hb3600.dir/hb3646.a.html
137624,420587,text,26303,text/html,Enrolled,https://legiscan.com/OR/text/HB3646/id/420587,http://www.leg.state.or.us/10ss1/measures/hb3600.dir/hb3646.en.html
137625,421684,text,3652,text/html,Introduced,https://legiscan.com/OR/text/HB3647/id/421684,http://www.leg.state.or.us/10ss1/measures/hb3600.dir/hb3647.intro.html
137625,421688,text,4061,text/html,Amended,https://legiscan.com/OR/text/HB3647/id/421688,http://www.leg.state.or.us/10ss1/measures/hb3600.dir/hb3647.1ha.html
137625,421687,text,4982,text/html,Engrossed,https://legiscan.com/OR/text/HB3647/id/421687,http://www.leg.state.or.us/10ss1/measures/hb3600.dir/hb3647.a.html
137625,421686,text,5122,text/html,Enrolled,https://legiscan.com/OR/text/HB3647/id/421686,http://www.leg.state.or.us/10ss1/measures/hb3600.dir/hb3647.en.html
137626,422838,text,7540,text/html,Introduced,https://legiscan.com/OR/text/HB3648/id/422838,http://www.leg.state.or.us/10ss1/measures/hb3600.dir/hb3648.intro.html
137627,424047,text,6858,text/html,Introduced,https://legiscan.com/OR/text/HB3649/id/424047,http://www.leg.state.or.us/10ss1/measures/hb3600.dir/hb3649.intro.html
137627,424050,text,673,text/html,Amended,https://legiscan.com/OR/text/HB3649/id/424050,http://www.leg.state.or.us/10ss1/measures/hb3600.dir/hb3649.1ha.html
137627,424049,text,7219,text/html,Engrossed,https://legiscan.com/OR/text/HB3649/id/424049,http://www.leg.state.or.us/10ss1/measures/hb3600.dir/hb3649.a.html
137627,424048,text,7702,text/html,Enrolled,https://legiscan.com/OR/text/HB3649/id/424048,http://www.leg.state.or.us/10ss1/measures/hb3600.dir/hb3649.en.html
137628,425414,text,1547,text/html,Introduced,https://legiscan.com/OR/text/HB3650/id/425414,http://www.leg.state.or.us/10ss1/measures/hb3600.dir/hb3650.intro.html
137629,426515,text,8450,text/html,Introduced,https://legiscan.com/OR/text/HB3651/id/426515,http://www.leg.state.or.us/10ss1/measures/hb3600.dir/hb3651.intro.html
137629,426519,text,521,text/html,Amended,https://legiscan.com/OR/text/HB3651/id/426519,http://www.leg.state.or.us/10ss1/measures/hb3600.dir/hb3651.1ha.html
137629,426518,text,8448,text/html,Engrossed,https://legiscan.com/OR/text/HB3651/id/426518,http://www.leg.state.or.us/10ss1/measures/hb3600.dir/hb3651.a.html
137629,426516,text,8881,text/html,Enrolled,https://legiscan.com/OR/text/HB3651/id/426516,http://www.leg.state.or.us/10ss1/measures/hb3600.dir/hb3651.en.html
137630,427949,text,5218,text/html,Introduced,https://legiscan.com/OR/text/HB3652/id/427949,http://www.leg.state.or.us/10ss1/measures/hb3600.dir/hb3652.intro.html
137630,427950,text,5715,text/html,Enrolled,https://legiscan.com/OR/text/HB3652/id/427950,http://www.leg.state.or.us/10ss1/measures/hb3600.dir/hb3652.en.html
137631,429117,text,7583,text/html,Introduced,https://legiscan.com/OR/text/HB3653/id/429117,http://www.leg.state.or.us/10ss1/measures/hb3600.dir/hb3653.intro.html
137631,429116,text,995,text/html,Amended,https://legiscan.com/OR/text/HB3653/id/429116,http://www.leg.state.or.us/10ss1/measures/hb3600.dir/hb3653.mrha.html
137631,429120,text,429,text/html,Amended,https://legiscan.com/OR/text/HB3653/id/429120,http://www.leg.state.or.us/10ss1/measures/hb3600.dir/hb3653.1ha.html
137631,429118,text,1900,text/html,Engrossed,https://legiscan.com/OR/text/HB3653/id/429118,http://www.leg.state.or.us/10ss1/measures/hb3600.dir/hb3653.amr.html
137631,429119,text,7646,text/html,Engrossed,https://legiscan.com/OR/text/HB3653/id/429119,http://www.leg.state.or.us/10ss1/measures/hb3600.dir/hb3653.a.html
137632,430369,text,5980,text/html,Introduced,https://legiscan.com/OR/text/HB3654/id/430369,http://www.leg.state.or.us/10ss1/measures/hb3600.dir/hb3654.intro.html
137632,430372,text,1095,text/html,Amended,https://legiscan.com/OR/text/HB3654/id/430372,http://www.leg.state.or.us/10ss1/measures/hb3600.dir/hb3654.1ha.html
137632,430371,text,6547,text/html,Engrossed,https://legiscan.com/OR/text/HB3654/id/430371,http://www.leg.state.or.us/10ss1/measures/hb3600.dir/hb3654.a.html
137632,430370,text,6896,text/html,Enrolled,https://legiscan.com/OR/text/HB3654/id/430370,http://www.leg.state.or.us/10ss1/measures/hb3600.dir/hb3654.en.html
137633,431459,text,18883,text/html,Introduced,https://legiscan.com/OR/text/HB3655/id/431459,http://www.leg.state.or.us/10ss1/measures/hb3600.dir/hb3655.intro.html
137633,431461,text,19287,text/html,Enrolled,https://legiscan.com/OR/text/HB3655/id/431461,http://www.leg.state.or.us/10ss1/measures/hb3600.dir/hb3655.en.html
137634,432787,text,5389,text/html,Introduced,https://legiscan.com/OR/text/HB3656/id/432787,http://www.leg.state.or.us/10ss1/measures/hb3600.dir/hb3656.intro.html
137634,432791,text,1250,text/html,Amended,https://legiscan.com/OR/text/HB3656/id/432791,http://www.leg.state.or.us/10ss1/measures/hb3600.dir/hb3656.1ha.html
137634,432789,text,5811,text/html,Engrossed,https://legiscan.com/OR/text/HB3656/id/432789,http://www.leg.state.or.us/10ss1/measures/hb3600.dir/hb3656.a.html
137634,432788,text,5727,text/html,Enrolled,https://legiscan.com/OR/text/HB3656/id/432788,http://www.leg.state.or.us/10ss1/measures/hb3600.dir/hb3656.en.html
137635,433857,text,6317,text/html,Introduced,https://legiscan.com/OR/text/HB3657/id/433857,http://www.leg.state.or.us/10ss1/measures/hb3600.dir/hb3657.intro.html
137635,433859,text,672,text/html,Amended,https://legiscan.com/OR/text/HB3657/id/433859,http://www.leg.state.or.us/10ss1/measures/hb3600.dir/hb3657.1ha.html
137635,433858,text,6614,text/html,Engrossed,https://legiscan.com/OR/text/HB3657/id/433858,http://www.leg.state.or.us/10ss1/measures/hb3600.dir/hb3657.a.html
137636,435001,text,20874,text/html,Introduced,https://legiscan.com/OR/text/HB3658/id/435001,http://www.leg.state.or.us/10ss1/measures/hb3600.dir/hb3658.intro.html
137637,436131,text,8026,text/html,Introduced,https://legiscan.com/OR/text/HB3659/id/436131,http://www.leg.state.or.us/10ss1/measures/hb3600.dir/hb3659.intro.html
137637,436134,text,3177,text/html,Amended,https://legiscan.com/OR/text/HB3659/id/436134,http://www.leg.state.or.us/10ss1/measures/hb3600.dir/hb3659.1ha.html
137637,436133,text,4718,text/html,Engrossed,https://legiscan.com/OR/text/HB3659/id/436133,http://www.leg.state.or.us/10ss1/measures/hb3600.dir/hb3659.a.html
137637,436132,text,4112,text/html,Enrolled,https://legiscan.com/OR/text/HB3659/id/436132,http://www.leg.state.or.us/10ss1/measures/hb3600.dir/hb3659.en.html
137638,437119,text,22784,text/html,Introduced,https://legiscan.com/OR/text/HB3660/id/437119,http://www.leg.state.or.us/10ss1/measures/hb3600.dir/hb3660.intro.html
137638,437122,text,22707,text/html,Enrolled,https://legiscan.com/OR/text/HB3660/id/437122,http://www.leg.state.or.us/10ss1/measures/hb3600.dir/hb3660.en.html
137639,438119,text,12100,text/html,Introduced,https://legiscan.com/OR/text/HB3661/id/438119,http://www.leg.state.or.us/10ss1/measures/hb3600.dir/hb3661.intro.html
137640,439427,text,14739,text/html,Introduced,https://legiscan.com/OR/text/HB3662/id/439427,http://www.leg.state.or.us/10ss1/measures/hb3600.dir/hb3662.intro.html
137641,440613,text,3197,text/html,Introduced,https://legiscan.com/OR/text/HB3663/id/440613,http://www.leg.state.or.us/10ss1/measures/hb3600.dir/hb3663.intro.html
137641,440614,text,3601,text/html,Enrolled,https://legiscan.com/OR/text/HB3663/id/440614,http://www.leg.state.or.us/10ss1/measures/hb3600.dir/hb3663.en.html
137642,441838,text,11174,text/html,Introduced,https://legiscan.com/OR/text/HB3664/id/441838,http://www.leg.state.or.us/10ss1/measures/hb3600.dir/hb3664.intro.html
137642,441841,text,4199,text/html,Amended,https://legiscan.com/OR/text/HB3664/id/441841,http://www.leg.state.or.us/10ss1/measures/hb3600.dir/hb3664.1ha.html
137642,441840,text,13983,text/html,Engrossed,https://legiscan.com/OR/text/HB3664/id/441840,http://www.leg.state.or.us/10ss1/measures/hb3600.dir/hb3664.a.html
137642,441839,text,14251,text/html,Enrolled,https://legiscan.com/OR/text/HB3664/id/441839,http://www.leg.state.or.us/10ss1/measures/hb3600.dir/hb3664.en.html
137643,443139,text,2511,text/html,Introduced,https://legiscan.com/OR/text/HB3665/id/443139,http://www.leg.state.or.us/10ss1/measures/hb3600.dir/hb3665.intro.html
137643,443142,text,501,text/html,Amended,https://legiscan.com/OR/text/HB3665/id/443142,http://www.leg.state.or.us/10ss1/measures/hb3600.dir/hb3665.1sa.html
137643,443141,text,2761,text/html,Engrossed,https://legiscan.com/OR/text/HB3665/id/443141,http://www.leg.state.or.us/10ss1/measures/hb3600.dir/hb3665.a.html
137643,443140,text,3082,text/html,Enrolled,https://legiscan.com/OR/text/HB3665/id/443140,http://www.leg.state.or.us/10ss1/measures/hb3600.dir/hb3665.en.html
137644,444377,text,4717,text/html,Introduced,https://legiscan.com/OR/text/HB3666/id/444377,http://www.leg.state.or.us/10ss1/measures/hb3600.dir/hb3666.intro.html
137644,444382,text,1218,text/html,Amended,https://legiscan.com/OR/text/HB3666/id/444382,http://www.leg.state.or.us/10ss1/measures/hb3600.dir/hb3666.1ha.html
137644,444380,text,5171,text/html,Engrossed,https://legiscan.com/OR/text/HB3666/id/444380,http://www.leg.state.or.us/10ss1/measures/hb3600.dir/hb3666.a.html
137644,444378,text,5313,text/html,Enrolled,https://legiscan.com/OR/text/HB3666/id/444378,http://www.leg.state.or.us/10ss1/measures/hb3600.dir/hb3666.en.html
137645,445604,text,7133,text/html,Introduced,https://legiscan.com/OR/text/HB3667/id/445604,http://www.leg.state.or.us/10ss1/measures/hb3600.dir/hb3667.intro.html
137645,445607,text,910,text/html,Amended,https://legiscan.com/OR/text/HB3667/id/445607,http://www.leg.state.or.us/10ss1/measures/hb3600.dir/hb3667.1ha.html
137645,445606,text,6714,text/html,Engrossed,https://legiscan.com/OR/text/HB3667/id/445606,http://www.leg.state.or.us/10ss1/measures/hb3600.dir/hb3667.a.html
137645,445605,text,6969,text/html,Enrolled,https://legiscan.com/OR/text/HB3667/id/445605,http://www.leg.state.or.us/10ss1/measures/hb3600.dir/hb3667.en.html
137646,446809,text,4249,text/html,Introduced,https://legiscan.com/OR/text/HB3668/id/446809,http://www.leg.state.or.us/10ss1/measures/hb3600.dir/hb3668.intro.html
137646,446811,text,4719,text/html,Enrolled,https://legiscan.com/OR/text/HB3668/id/446811,http://www.leg.state.or.us/10ss1/measures/hb3600.dir/hb3668.en.html
137647,449863,text,1396,text/html,Introduced,https://legiscan.com/OR/text/HB3669/id/449863,http://www.leg.state.or.us/10ss1/measures/hb3600.dir/hb3669.intro.html
137647,449865,text,1777,text/html,Enrolled,https://legiscan.com/OR/text/HB3669/id/449865,http://www.leg.state.or.us/10ss1/measures/hb3600.dir/hb3669.en.html
137648,450998,text,2246,text/html,Introduced,https://legiscan.com/OR/text/HB3670/id/450998,http://www.leg.state.or.us/10ss1/measures/hb3600.dir/hb3670.intro.html
137648,450999,text,2713,text/html,Enrolled,https://legiscan.com/OR/text/HB3670/id/450999,http://www.leg.state.or.us/10ss1/measures/hb3600.dir/hb3670.en.html
137649,452078,text,8068,text/html,Introduced,https://legiscan.com/OR/text/HB3671/id/452078,http://www.leg.state.or.us/10ss1/measures/hb3600.dir/hb3671.intro.html
137650,452775,text,7580,text/html,Introduced,https://legiscan.com/OR/text/HB3672/id/452775,http://www.leg.state.or.us/10ss1/measures/hb3600.dir/hb3672.intro.html
137650,452776,text,8116,text/html,Enrolled,https://legiscan.com/OR/text/HB3672/id/452776,http://www.leg.state.or.us/10ss1/measures/hb3600.dir/hb3672.en.html
137651,453381,text,7472,text/html,Introduced,https://legiscan.com/OR/text/HB3673/id/453381,http://www.leg.state.or.us/10ss1/measures/hb3600.dir/hb3673.intro.html
137651,453384,text,3613,text/html,Amended,https://legiscan.com/OR/text/HB3673/id/453384,http://www.leg.state.or.us/10ss1/measures/hb3600.dir/hb3673.1ha.html
137651,453383,text,8959,text/html,Engrossed,https://legiscan.com/OR/text/HB3673/id/453383,http://www.leg.state.or.us/10ss1/measures/hb3600.dir/hb3673.a.html
137651,453382,text,8721,text/html,Enrolled,https://legiscan.com/OR/text/HB3673/id/453382,http://www.leg.state.or.us/10ss1/measures/hb3600.dir/hb3673.en.html
137652,454000,text,11333,text/html,Introduced,https://legiscan.com/OR/text/HB3674/id/454000,http://www.leg.state.or.us/10ss1/measures/hb3600.dir/hb3674.intro.html
137652,454001,text,11616,text/html,Enrolled,https://legiscan.com/OR/text/HB3674/id/454001,http://www.leg.state.or.us/10ss1/measures/hb3600.dir/hb3674.en.html
137653,454599,text,19536,text/html,Introduced,https://legiscan.com/OR/text/HB3675/id/454599,http://www.leg.state.or.us/10ss1/measures/hb3600.dir/hb3675.intro.html
137653,454604,text,705,text/html,Amended,https://legiscan.com/OR/text/HB3675/id/454604,http://www.leg.state.or.us/10ss1/measures/hb3600.dir/hb3675.1ha.html
137653,454601,text,20469,text/html,Engrossed,https://legiscan.com/OR/text/HB3675/id/454601,http://www.leg.state.or.us/10ss1/measures/hb3600.dir/hb3675.b.html
137653,454602,text,1125,text/html,Engrossed,https://legiscan.com/OR/text/HB3675/id/454602,http://www.leg.state.or.us/10ss1/measures/hb3600.dir/hb3675.a1sa.html
137653,454603,text,19770,text/html,Engrossed,https://legiscan.com/OR/text/HB3675/id/454603,http://www.leg.state.or.us/10ss1/measures/hb3600.dir/hb3675.a.html
137653,454600,text,20902,text/html,Enrolled,https://legiscan.com/OR/text/HB3675/id/454600,http://www.leg.state.or.us/10ss1/measures/hb3600.dir/hb3675.en.html
137654,455199,text,33291,text/html,Introduced,https://legiscan.com/OR/text/HB3676/id/455199,http://www.leg.state.or.us/10ss1/measures/hb3600.dir/hb3676.intro.html
137654,455203,text,712,text/html,Amended,https://legiscan.com/OR/text/HB3676/id/455203,http://www.leg.state.or.us/10ss1/measures/hb3600.dir/hb3676.1ha.html
137654,455200,text,39652,text/html,Engrossed,https://legiscan.com/OR/text/HB3676/id/455200,http://www.leg.state.or.us/10ss1/measures/hb3600.dir/hb3676.b.html
137654,455201,text,37631,text/html,Engrossed,https://legiscan.com/OR/text/HB3676/id/455201,http://www.leg.state.or.us/10ss1/measures/hb3600.dir/hb3676.a1sa.html
137654,455202,text,33516,text/html,Engrossed,https://legiscan.com/OR/text/HB3676/id/455202,http://www.leg.state.or.us/10ss1/measures/hb3600.dir/hb3676.a.html
137655,455805,text,2591,text/html,Introduced,https://legiscan.com/OR/text/HB3677/id/455805,http://www.leg.state.or.us/10ss1/measures/hb3600.dir/hb3677.intro.html
137655,455808,text,797,text/html,Amended,https://legiscan.com/OR/text/HB3677/id/455808,http://www.leg.state.or.us/10ss1/measures/hb3600.dir/hb3677.1ha.html
137655,455807,text,3148,text/html,Engrossed,https://legiscan.com/OR/text/HB3677/id/455807,http://www.leg.state.or.us/10ss1/measures/hb3600.dir/hb3677.a.html
137655,455806,text,3294,text/html,Enrolled,https://legiscan.com/OR/text/HB3677/id/455806,http://www.leg.state.or.us/10ss1/measures/hb3600.dir/hb3677.en.html
137656,456367,text,5361,text/html,Introduced,https://legiscan.com/OR/text/HB3678/id/456367,http://www.leg.state.or.us/10ss1/measures/hb3600.dir/hb3678.intro.html
137657,456977,text,48197,text/html,Introduced,https://legiscan.com/OR/text/HB3679/id/456977,http://www.leg.state.or.us/10ss1/measures/hb3600.dir/hb3679.intro.html
137658,457828,text,15357,text/html,Introduced,https://legiscan.com/OR/text/HB3680/id/457828,http://www.leg.state.or.us/10ss1/measures/hb3600.dir/hb3680.intro.html
137658,457834,text,51689,text/html,Amended,https://legiscan.com/OR/text/HB3680/id/457834,http://www.leg.state.or.us/10ss1/measures/hb3600.dir/hb3680.1ha.html
137658,457830,text,108951,text/html,Engrossed,https://legiscan.com/OR/text/HB3680/id/457830,http://www.leg.state.or.us/10ss1/measures/hb3600.dir/hb3680.b.html
137658,457832,text,107618,text/html,Engrossed,https://legiscan.com/OR/text/HB3680/id/457832,http://www.leg.state.or.us/10ss1/measures/hb3600.dir/hb3680.a1sa.html
137658,457833,text,53931,text/html,Engrossed,https://legiscan.com/OR/text/HB3680/id/457833,http://www.leg.state.or.us/10ss1/measures/hb3600.dir/hb3680.a.html
137658,457829,text,109688,text/html,Enrolled,https://legiscan.com/OR/text/HB3680/id/457829,http://www.leg.state.or.us/10ss1/measures/hb3600.dir/hb3680.en.html
137659,458902,text,84291,text/html,Introduced,https://legiscan.com/OR/text/HB3681/id/458902,http://www.leg.state.or.us/10ss1/measures/hb3600.dir/hb3681.intro.html
137659,458904,text,54541,text/html,Amended,https://legiscan.com/OR/text/HB3681/id/458904,http://www.leg.state.or.us/10ss1/measures/hb3600.dir/hb3681.1ha.html
137659,458903,text,56254,text/html,Engrossed,https://legiscan.com/OR/text/HB3681/id/458903,http://www.leg.state.or.us/10ss1/measures/hb3600.dir/hb3681.a.html
137660,460132,text,36497,text/html,Introduced,https://legiscan.com/OR/text/HB3682/id/460132,http://www.leg.state.or.us/10ss1/measures/hb3600.dir/hb3682.intro.html
137660,460135,text,785,text/html,Amended,https://legiscan.com/OR/text/HB3682/id/460135,http://www.leg.state.or.us/10ss1/measures/hb3600.dir/hb3682.1ha.html
137660,460133,text,37157,text/html,Engrossed,https://legiscan.com/OR/text/HB3682/id/460133,http://www.leg.state.or.us/10ss1/measures/hb3600.dir/hb3682.a.html
137661,461229,text,21995,text/html,Introduced,https://legiscan.com/OR/text/HB3683/id/461229,http://www.leg.state.or.us/10ss1/measures/hb3600.dir/hb3683.intro.html
137662,462424,text,113190,text/html,Introduced,https://legiscan.com/OR/text/HB3684/id/462424,http://www.leg.state.or.us/10ss1/measures/hb3600.dir/hb3684.intro.html
137663,463601,text,4155,text/html,Introduced,https://legiscan.com/OR/text/HB3685/id/463601,http://www.leg.state.or.us/10ss1/measures/hb3600.dir/hb3685.intro.html
137664,464717,text,4583,text/html,Introduced,https://legiscan.com/OR/text/HB3686/id/464717,http://www.leg.state.or.us/10ss1/measures/hb3600.dir/hb3686.intro.html
137664,464725,text,565,text/html,Amended,https://legiscan.com/OR/text/HB3686/id/464725,http://www.leg.state.or.us/10ss1/measures/hb3600.dir/hb3686.1ha.html
137664,464721,text,6086,text/html,Engrossed,https://legiscan.com/OR/text/HB3686/id/464721,http://www.leg.state.or.us/10ss1/measures/hb3600.dir/hb3686.b.html
137664,464722,text,1387,text/html,Engrossed,https://legiscan.com/OR/text/HB3686/id/464722,http://www.leg.state.or.us/10ss1/measures/hb3600.dir/hb3686.a1sa.html
137664,464723,text,4852,text/html,Engrossed,https://legiscan.com/OR/text/HB3686/id/464723,http://www.leg.state.or.us/10ss1/measures/hb3600.dir/hb3686.a.html
137664,464719,text,5687,text/html,Enrolled,https://legiscan.com/OR/text/HB3686/id/464719,http://www.leg.state.or.us/10ss1/measures/hb3600.dir/hb3686.en.html
137665,465940,text,7165,text/html,Introduced,https://legiscan.com/OR/text/HB3687/id/465940,http://www.leg.state.or.us/10ss1/measures/hb3600.dir/hb3687.intro.html
137665,465946,text,666,text/html,Amended,https://legiscan.com/OR/text/HB3687/id/465946,http://www.leg.state.or.us/10ss1/measures/hb3600.dir/hb3687.1ha.html
137665,465942,text,10429,text/html,Engrossed,https://legiscan.com/OR/text/HB3687/id/465942,http://www.leg.state.or.us/10ss1/measures/hb3600.dir/hb3687.b.html
137665,465943,text,3286,text/html,Engrossed,https://legiscan.com/OR/text/HB3687/id/465943,http://www.leg.state.or.us/10ss1/measures/hb3600.dir/hb3687.a1ha.html
137665,465945,text,7575,text/html,Engrossed,https://legiscan.com/OR/text/HB3687/id/465945,http://www.leg.state.or.us/10ss1/measures/hb3600.dir/hb3687.a.html
137665,465941,text,10225,text/html,Enrolled,https://legiscan.com/OR/text/HB3687/id/465941,http://www.leg.state.or.us/10ss1/measures/hb3600.dir/hb3687.en.html
137666,467120,text,12750,text/html,Introduced,https://legiscan.com/OR/text/HB3688/id/467120,http://www.leg.state.or.us/10ss1/measures/hb3600.dir/hb3688.intro.html
137666,467124,text,2134,text/html,Amended,https://legiscan.com/OR/text/HB3688/id/467124,http://www.leg.state.or.us/10ss1/measures/hb3600.dir/hb3688.1ha.html
137666,467123,text,13505,text/html,Engrossed,https://legiscan.com/OR/text/HB3688/id/467123,http://www.leg.state.or.us/10ss1/measures/hb3600.dir/hb3688.a.html
137666,467122,text,13789,text/html,Enrolled,https://legiscan.com/OR/text/HB3688/id/467122,http://www.leg.state.or.us/10ss1/measures/hb3600.dir/hb3688.en.html
137667,468228,text,37735,text/html,Introduced,https://legiscan.com/OR/text/HB3689/id/468228,http://www.leg.state.or.us/10ss1/measures/hb3600.dir/hb3689.intro.html
137667,468233,text,4664,text/html,Amended,https://legiscan.com/OR/text/HB3689/id/468233,http://www.leg.state.or.us/10ss1/measures/hb3600.dir/hb3689.1ha.html
137667,468232,text,30142,text/html,Engrossed,https://legiscan.com/OR/text/HB3689/id/468232,http://www.leg.state.or.us/10ss1/measures/hb3600.dir/hb3689.a.html
137667,468230,text,29935,text/html,Enrolled,https://legiscan.com/OR/text/HB3689/id/468230,http://www.leg.state.or.us/10ss1/measures/hb3600.dir/hb3689.en.html
137668,469387,text,10589,text/html,Introduced,https://legiscan.com/OR/text/HB3690/id/469387,http://www.leg.state.or.us/10ss1/measures/hb3600.dir/hb3690.intro.html
137668,469390,text,654,text/html,Amended,https://legiscan.com/OR/text/HB3690/id/469390,http://www.leg.state.or.us/10ss1/measures/hb3600.dir/hb3690.1ha.html
137668,469389,text,10460,text/html,Engrossed,https://legiscan.com/OR/text/HB3690/id/469389,http://www.leg.state.or.us/10ss1/measures/hb3600.dir/hb3690.a.html
137668,469388,text,10887,text/html,Enrolled,https://legiscan.com/OR/text/HB3690/id/469388,http://www.leg.state.or.us/10ss1/measures/hb3600.dir/hb3690.en.html
137669,470533,text,6519,text/html,Introduced,https://legiscan.com/OR/text/HB3691/id/470533,http://www.leg.state.or.us/10ss1/measures/hb3600.dir/hb3691.intro.html
137669,470537,text,599,text/html,Amended,https://legiscan.com/OR/text/HB3691/id/470537,http://www.leg.state.or.us/10ss1/measures/hb3600.dir/hb3691.1ha.html
137669,470536,text,6552,text/html,Engrossed,https://legiscan.com/OR/text/HB3691/id/470536,http://www.leg.state.or.us/10ss1/measures/hb3600.dir/hb3691.a.html
137669,470535,text,6972,text/html,Enrolled,https://legiscan.com/OR/text/HB3691/id/470535,http://www.leg.state.or.us/10ss1/measures/hb3600.dir/hb3691.en.html
137670,471677,text,18451,text/html,Introduced,https://legiscan.com/OR/text/HB3692/id/471677,http://www.leg.state.or.us/10ss1/measures/hb3600.dir/hb3692.intro.html
137670,471679,text,8068,text/html,Amended,https://legiscan.com/OR/text/HB3692/id/471679,http://www.leg.state.or.us/10ss1/measures/hb3600.dir/hb3692.1ha.html
137670,471678,text,26312,text/html,Engrossed,https://legiscan.com/OR/text/HB3692/id/471678,http://www.leg.state.or.us/10ss1/measures/hb3600.dir/hb3692.a.html
137671,472816,text,8139,text/html,Introduced,https://legiscan.com/OR/text/HB3693/id/472816,http://www.leg.state.or.us/10ss1/measures/hb3600.dir/hb3693.intro.html
137671,472820,text,6347,text/html,Amended,https://legiscan.com/OR/text/HB3693/id/472820,http://www.leg.state.or.us/10ss1/measures/hb3600.dir/hb3693.1ha.html
137671,472819,text,12934,text/html,Engrossed,https://legiscan.com/OR/text/HB3693/id/472819,http://www.leg.state.or.us/10ss1/measures/hb3600.dir/hb3693.a.html
137671,472817,text,13394,text/html,Enrolled,https://legiscan.com/OR/text/HB3693/id/472817,http://www.leg.state.or.us/10ss1/measures/hb3600.dir/hb3693.en.html
137672,473911,text,11749,text/html,Introduced,https://legiscan.com/OR/text/HB3694/id/473911,http://www.leg.state.or.us/10ss1/measures/hb3600.dir/hb3694.intro.html
137672,473913,text,2210,text/html,Amended,https://legiscan.com/OR/text/HB3694/id/473913,http://www.leg.state.or.us/10ss1/measures/hb3600.dir/hb3694.1ha.html
137672,473912,text,12704,text/html,Engrossed,https://legiscan.com/OR/text/HB3694/id/473912,http://www.leg.state.or.us/10ss1/measures/hb3600.dir/hb3694.a.html
137673,475021,text,25739,text/html,Introduced,https://legiscan.com/OR/text/HB3695/id/475021,http://www.leg.state.or.us/10ss1/measures/hb3600.dir/hb3695.intro.html
137673,475027,text,22730,text/html,Amended,https://legiscan.com/OR/text/HB3695/id/475027,http://www.leg.state.or.us/10ss1/measures/hb3600.dir/hb3695.1ha.html
137673,475024,text,23262,text/html,Engrossed,https://legiscan.com/OR/text/HB3695/id/475024,http://www.leg.state.or.us/10ss1/measures/hb3600.dir/hb3695.a.html
137673,475023,text,23861,text/html,Enrolled,https://legiscan.com/OR/text/HB3695/id/475023,http://www.leg.state.or.us/10ss1/measures/hb3600.dir/hb3695.en.html
137674,476221,text,10861,text/html,Introduced,https://legiscan.com/OR/text/HB3696/id/476221,http://www.leg.state.or.us/10ss1/measures/hb3600.dir/hb3696.intro.html
137674,476226,text,142560,text/html,Amended,https://legiscan.com/OR/text/HB3696/id/476226,http://www.leg.state.or.us/10ss1/measures/hb3600.dir/hb3696.1ha.html
137674,476224,text,142152,text/html,Engrossed,https://legiscan.com/OR/text/HB3696/id/476224,http://www.leg.state.or.us/10ss1/measures/hb3600.dir/hb3696.a.html
137674,476222,text,144320,text/html,Enrolled,https://legiscan.com/OR/text/HB3696/id/476222,http://www.leg.state.or.us/10ss1/measures/hb3600.dir/hb3696.en.html
137675,477335,text,39144,text/html,Introduced,https://legiscan.com/OR/text/HB3697/id/477335,http://www.leg.state.or.us/10ss1/measures/hb3600.dir/hb3697.intro.html
137676,478315,text,7761,text/html,Introduced,https://legiscan.com/OR/text/HB3698/id/478315,http://www.leg.state.or.us/10ss1/measures/hb3600.dir/hb3698.intro.html
137676,478321,text,5331,text/html,Amended,https://legiscan.com/OR/text/HB3698/id/478321,http://www.leg.state.or.us/10ss1/measures/hb3600.dir/hb3698.1ha.html
137676,478318,text,21457,text/html,Engrossed,https://legiscan.com/OR/text/HB3698/id/478318,http://www.leg.state.or.us/10ss1/measures/hb3600.dir/hb3698.b.html
137676,478319,text,12725,text/html,Engrossed,https://legiscan.com/OR/text/HB3698/id/478319,http://www.leg.state.or.us/10ss1/measures/hb3600.dir/hb3698.a1ha.html
137676,478320,text,9502,text/html,Engrossed,https://legiscan.com/OR/text/HB3698/id/478320,http://www.leg.state.or.us/10ss1/measures/hb3600.dir/hb3698.a.html
137676,478316,text,20678,text/html,Enrolled,https://legiscan.com/OR/text/HB3698/id/478316,http://www.leg.state.or.us/10ss1/measures/hb3600.dir/hb3698.en.html
137677,479556,text,3268,text/html,Introduced,https://legiscan.com/OR/text/HB3699/id/479556,http://www.leg.state.or.us/10ss1/measures/hb3600.dir/hb3699.intro.html
137677,479557,text,3734,text/html,Enrolled,https://legiscan.com/OR/text/HB3699/id/479557,http://www.leg.state.or.us/10ss1/measures/hb3600.dir/hb3699.en.html
137678,480710,text,81168,text/html,Introduced,https://legiscan.com/OR/text/HB3700/id/480710,http://www.leg.state.or.us/10ss1/measures/hb3700.dir/hb3700.intro.html
137678,480715,text,2522,text/html,Amended,https://legiscan.com/OR/text/HB3700/id/480715,http://www.leg.state.or.us/10ss1/measures/hb3700.dir/hb3700.1ha.html
137678,480712,text,82005,text/html,Engrossed,https://legiscan.com/OR/text/HB3700/id/480712,http://www.leg.state.or.us/10ss1/measures/hb3700.dir/hb3700.b.html
137678,480713,text,615,text/html,Engrossed,https://legiscan.com/OR/text/HB3700/id/480713,http://www.leg.state.or.us/10ss1/measures/hb3700.dir/hb3700.a1sa.html
137678,480714,text,81919,text/html,Engrossed,https://legiscan.com/OR/text/HB3700/id/480714,http://www.leg.state.or.us/10ss1/measures/hb3700.dir/hb3700.a.html
137678,480711,text,83761,text/html,Enrolled,https://legiscan.com/OR/text/HB3700/id/480711,http://www.leg.state.or.us/10ss1/measures/hb3700.dir/hb3700.en.html
137679,481903,text,6577,text/html,Introduced,https://legiscan.com/OR/text/HB3701/id/481903,http://www.leg.state.or.us/10ss1/measures/hb3700.dir/hb3701.intro.html
137679,481904,text,7200,text/html,Enrolled,https://legiscan.com/OR/text/HB3701/id/481904,http://www.leg.state.or.us/10ss1/measures/hb3700.dir/hb3701.en.html
137680,483031,text,3162,text/html,Introduced,https://legiscan.com/OR/text/HB3702/id/483031,http://www.leg.state.or.us/10ss1/measures/hb3700.dir/hb3702.intro.html
137680,483033,text,3573,text/html,Enrolled,https://legiscan.com/OR/text/HB3702/id/483033,http://www.leg.state.or.us/10ss1/measures/hb3700.dir/hb3702.en.html
137681,484228,text,11231,text/html,Introduced,https://legiscan.com/OR/text/HB3703/id/484228,http://www.leg.state.or.us/10ss1/measures/hb3700.dir/hb3703.intro.html
137682,485745,text,2753,text/html,Introduced,https://legiscan.com/OR/text/HB3704/id/485745,http://www.leg.state.or.us/10ss1/measures/hb3700.dir/hb3704.intro.html
137682,485749,text,1821,text/html,Amended,https://legiscan.com/OR/text/HB3704/id/485749,http://www.leg.state.or.us/10ss1/measures/hb3700.dir/hb3704.1ha.html
137682,485748,text,4545,text/html,Engrossed,https://legiscan.com/OR/text/HB3704/id/485748,http://www.leg.state.or.us/10ss1/measures/hb3700.dir/hb3704.a.html
137682,485746,text,4513,text/html,Enrolled,https://legiscan.com/OR/text/HB3704/id/485746,http://www.leg.state.or.us/10ss1/measures/hb3700.dir/hb3704.en.html
137683,365792,text,75641,text/html,Introduced,https://legiscan.com/OR/text/HB3705/id/365792,http://www.leg.state.or.us/10ss1/measures/hb3700.dir/hb3705.intro.html
137684,366913,text,19330,text/html,Introduced,https://legiscan.com/OR/text/HB5100/id/366913,http://www.leg.state.or.us/10ss1/measures/hb5100.dir/hb5100.intro.html
137684,366916,text,73790,text/html,Amended,https://legiscan.com/OR/text/HB5100/id/366916,http://www.leg.state.or.us/10ss1/measures/hb5100.dir/hb5100.1ha.html
137684,366915,text,73626,text/html,Engrossed,https://legiscan.com/OR/text/HB5100/id/366915,http://www.leg.state.or.us/10ss1/measures/hb5100.dir/hb5100.a.html
137684,366914,text,74898,text/html,Enrolled,https://legiscan.com/OR/text/HB5100/id/366914,http://www.leg.state.or.us/10ss1/measures/hb5100.dir/hb5100.en.html
137685,367980,text,2287,text/html,Introduced,https://legiscan.com/OR/text/HB5101/id/367980,http://www.leg.state.or.us/10ss1/measures/hb5100.dir/hb5101.intro.html
137685,367983,text,7239,text/html,Amended,https://legiscan.com/OR/text/HB5101/id/367983,http://www.leg.state.or.us/10ss1/measures/hb5100.dir/hb5101.1ha.html
137685,367982,text,8402,text/html,Engrossed,https://legiscan.com/OR/text/HB5101/id/367982,http://www.leg.state.or.us/10ss1/measures/hb5100.dir/hb5101.a.html
137685,367981,text,8216,text/html,Enrolled,https://legiscan.com/OR/text/HB5101/id/367981,http://www.leg.state.or.us/10ss1/measures/hb5100.dir/hb5101.en.html
137686,369308,text,2287,text/html,Introduced,https://legiscan.com/OR/text/HB5102/id/369308,http://www.leg.state.or.us/10ss1/measures/hb5100.dir/hb5102.intro.html
137690,373973,text,2770,text/html,Introduced,https://legiscan.com/OR/text/HR100/id/373973,http://www.leg.state.or.us/10ss1/measures/hr100.dir/hr0100.intro.html
137690,373976,text,2577,text/html,Enrolled,https://legiscan.com/OR/text/HR100/id/373976,http://www.leg.state.or.us/10ss1/measures/hr100.dir/hr0100.en.html
137687,370473,text,2811,text/html,Introduced,https://legiscan.com/OR/text/HCR100/id/370473,http://www.leg.state.or.us/10ss1/measures/hcr100.dir/hcr0100.intro.html
137687,370474,text,2987,text/html,Enrolled,https://legiscan.com/OR/text/HCR100/id/370474,http://www.leg.state.or.us/10ss1/measures/hcr100.dir/hcr0100.en.html
137688,371599,text,2375,text/html,Introduced,https://legiscan.com/OR/text/HJR100/id/371599,http://www.leg.state.or.us/10ss1/measures/hjr100.dir/hjr0100.intro.html
137688,371602,text,1367,text/html,Amended,https://legiscan.com/OR/text/HJR100/id/371602,http://www.leg.state.or.us/10ss1/measures/hjr100.dir/hjr0100.1ha.html
137688,371601,text,2884,text/html,Engrossed,https://legiscan.com/OR/text/HJR100/id/371601,http://www.leg.state.or.us/10ss1/measures/hjr100.dir/hjr0100.a.html
137689,372753,text,5402,text/html,Introduced,https://legiscan.com/OR/text/HJR101/id/372753,http://www.leg.state.or.us/10ss1/measures/hjr100.dir/hjr0101.intro.html
137689,372757,text,1559,text/html,Amended,https://legiscan.com/OR/text/HJR101/id/372757,http://www.leg.state.or.us/10ss1/measures/hjr100.dir/hjr0101.1ha.html
137689,372756,text,6405,text/html,Engrossed,https://legiscan.com/OR/text/HJR101/id/372756,http://www.leg.state.or.us/10ss1/measures/hjr100.dir/hjr0101.a.html
137689,372754,text,6369,text/html,Enrolled,https://legiscan.com/OR/text/HJR101/id/372754,http://www.leg.state.or.us/10ss1/measures/hjr100.dir/hjr0101.en.html
137707,394549,text,4037,text/html,Introduced,https://legiscan.com/OR/text/SB986/id/394549,http://www.leg.state.or.us/10ss1/measures/sb0900.dir/sb0986.intro.html
137708,395702,text,22595,text/html,Introduced,https://legiscan.com/OR/text/SB987/id/395702,http://www.leg.state.or.us/10ss1/measures/sb0900.dir/sb0987.intro.html
137708,395705,text,11202,text/html,Amended,https://legiscan.com/OR/text/SB987/id/395705,http://www.leg.state.or.us/10ss1/measures/sb0900.dir/sb0987.1ha.html
137708,395704,text,12407,text/html,Engrossed,https://legiscan.com/OR/text/SB987/id/395704,http://www.leg.state.or.us/10ss1/measures/sb0900.dir/sb0987.a.html
137708,395703,text,12485,text/html,Enrolled,https://legiscan.com/OR/text/SB987/id/395703,http://www.leg.state.or.us/10ss1/measures/sb0900.dir/sb0987.en.html
137709,396857,text,3817,text/html,Introduced,https://legiscan.com/OR/text/SB988/id/396857,http://www.leg.state.or.us/10ss1/measures/sb0900.dir/sb0988.intro.html
137709,396862,text,17110,text/html,Amended,https://legiscan.com/OR/text/SB988/id/396862,http://www.leg.state.or.us/10ss1/measures/sb0900.dir/sb0988.1sa.html
137709,396861,text,18564,text/html,Engrossed,https://legiscan.com/OR/text/SB988/id/396861,http://www.leg.state.or.us/10ss1/measures/sb0900.dir/sb0988.a.html
137709,396859,text,18449,text/html,Enrolled,https://legiscan.com/OR/text/SB988/id/396859,http://www.leg.state.or.us/10ss1/measures/sb0900.dir/sb0988.en.html
137710,398053,text,4277,text/html,Introduced,https://legiscan.com/OR/text/SB989/id/398053,http://www.leg.state.or.us/10ss1/measures/sb0900.dir/sb0989.intro.html
137710,398054,text,4657,text/html,Enrolled,https://legiscan.com/OR/text/SB989/id/398054,http://www.leg.state.or.us/10ss1/measures/sb0900.dir/sb0989.en.html
137711,399292,text,19111,text/html,Introduced,https://legiscan.com/OR/text/SB990/id/399292,http://www.leg.state.or.us/10ss1/measures/sb0900.dir/sb0990.intro.html
137712,400484,text,14372,text/html,Introduced,https://legiscan.com/OR/text/SB991/id/400484,http://www.leg.state.or.us/10ss1/measures/sb0900.dir/sb0991.intro.html
137712,400491,text,12062,text/html,Amended,https://legiscan.com/OR/text/SB991/id/400491,http://www.leg.state.or.us/10ss1/measures/sb0900.dir/sb0991.1sa.html
137712,400486,text,25698,text/html,Engrossed,https://legiscan.com/OR/text/SB991/id/400486,http://www.leg.state.or.us/10ss1/measures/sb0900.dir/sb0991.b.html
137712,400487,text,920,text/html,Engrossed,https://legiscan.com/OR/text/SB991/id/400487,http://www.leg.state.or.us/10ss1/measures/sb0900.dir/sb0991.a1ha.html
137712,400489,text,25178,text/html,Engrossed,https://legiscan.com/OR/text/SB991/id/400489,http://www.leg.state.or.us/10ss1/measures/sb0900.dir/sb0991.a.html
137712,400485,text,26288,text/html,Enrolled,https://legiscan.com/OR/text/SB991/id/400485,http://www.leg.state.or.us/10ss1/measures/sb0900.dir/sb0991.en.html
137713,401576,text,2771,text/html,Introduced,https://legiscan.com/OR/text/SB992/id/401576,http://www.leg.state.or.us/10ss1/measures/sb0900.dir/sb0992.intro.html
137714,402720,text,56018,text/html,Introduced,https://legiscan.com/OR/text/SB993/id/402720,http://www.leg.state.or.us/10ss1/measures/sb0900.dir/sb0993.intro.html
137714,402721,text,57303,text/html,Enrolled,https://legiscan.com/OR/text/SB993/id/402721,http://www.leg.state.or.us/10ss1/measures/sb0900.dir/sb0993.en.html
137715,403992,text,2742,text/html,Introduced,https://legiscan.com/OR/text/SB994/id/403992,http://www.leg.state.or.us/10ss1/measures/sb0900.dir/sb0994.intro.html
137716,405145,text,12657,text/html,Introduced,https://legiscan.com/OR/text/SB995/id/405145,http://www.leg.state.or.us/10ss1/measures/sb0900.dir/sb0995.intro.html
137717,406270,text,5275,text/html,Introduced,https://legiscan.com/OR/text/SB996/id/406270,http://www.leg.state.or.us/10ss1/measures/sb0900.dir/sb0996.intro.html
137717,406273,text,989,text/html,Amended,https://legiscan.com/OR/text/SB996/id/406273,http://www.leg.state.or.us/10ss1/measures/sb0900.dir/sb0996.1sa.html
137717,406272,text,5820,text/html,Engrossed,https://legiscan.com/OR/text/SB996/id/406272,http://www.leg.state.or.us/10ss1/measures/sb0900.dir/sb0996.a.html
137717,406271,text,6153,text/html,Enrolled,https://legiscan.com/OR/text/SB996/id/406271,http://www.leg.state.or.us/10ss1/measures/sb0900.dir/sb0996.en.html
137718,407412,text,3886,text/html,Introduced,https://legiscan.com/OR/text/SB997/id/407412,http://www.leg.state.or.us/10ss1/measures/sb0900.dir/sb0997.intro.html
137718,407416,text,13610,text/html,Amended,https://legiscan.com/OR/text/SB997/id/407416,http://www.leg.state.or.us/10ss1/measures/sb0900.dir/sb0997.1sa.html
137718,407415,text,17045,text/html,Engrossed,https://legiscan.com/OR/text/SB997/id/407415,http://www.leg.state.or.us/10ss1/measures/sb0900.dir/sb0997.a.html
137718,407413,text,17634,text/html,Enrolled,https://legiscan.com/OR/text/SB997/id/407413,http://www.leg.state.or.us/10ss1/measures/sb0900.dir/sb0997.en.html
137719,408582,text,11693,text/html,Introduced,https://legiscan.com/OR/text/SB998/id/408582,http://www.leg.state.or.us/10ss1/measures/sb0900.dir/sb0998.intro.html
137719,408590,text,35846,text/html,Amended,https://legiscan.com/OR/text/SB998/id/408590,http://www.leg.state.or.us/10ss1/measures/sb0900.dir/sb0998.1sa.html
137719,408584,text,1353,text/html,Engrossed,https://legiscan.com/OR/text/SB998/id/408584,http://www.leg.state.or.us/10ss1/measures/sb0900.dir/sb0998.bcca.html
137719,408585,text,55194,text/html,Engrossed,https://legiscan.com/OR/text/SB998/id/408585,http://www.leg.state.or.us/10ss1/measures/sb0900.dir/sb0998.b.html
137719,408587,text,17827,text/html,Engrossed,https://legiscan.com/OR/text/SB998/id/408587,http://www.leg.state.or.us/10ss1/measures/sb0900.dir/sb0998.a1ha.html
137719,408588,text,38047,text/html,Engrossed,https://legiscan.com/OR/text/SB998/id/408588,http://www.leg.state.or.us/10ss1/measures/sb0900.dir/sb0998.a.html
137719,408583,text,55397,text/html,Enrolled,https://legiscan.com/OR/text/SB998/id/408583,http://www.leg.state.or.us/10ss1/measures/sb0900.dir/sb0998.en.html
137720,409744,text,5346,text/html,Introduced,https://legiscan.com/OR/text/SB999/id/409744,http://www.leg.state.or.us/10ss1/measures/sb0900.dir/sb0999.intro.html
137720,409753,text,573,text/html,Amended,https://legiscan.com/OR/text/SB999/id/409753,http://www.leg.state.or.us/10ss1/measures/sb0900.dir/sb0999.1sa.html
137720,409747,text,7856,text/html,Engrossed,https://legiscan.com/OR/text/SB999/id/409747,http://www.leg.state.or.us/10ss1/measures/sb0900.dir/sb0999.b.html
137720,409748,text,3482,text/html,Engrossed,https://legiscan.com/OR/text/SB999/id/409748,http://www.leg.state.or.us/10ss1/measures/sb0900.dir/sb0999.a1sa.html
137720,409750,text,5524,text/html,Engrossed,https://legiscan.com/OR/text/SB999/id/409750,http://www.leg.state.or.us/10ss1/measures/sb0900.dir/sb0999.a.html
137720,409745,text,8067,text/html,Enrolled,https://legiscan.com/OR/text/SB999/id/409745,http://www.leg.state.or.us/10ss1/measures/sb0900.dir/sb0999.en.html
137721,410944,text,19169,text/html,Introduced,https://legiscan.com/OR/text/SB1000/id/410944,http://www.leg.state.or.us/10ss1/measures/sb1000.dir/sb1000.intro.html
137721,410945,text,19909,text/html,Enrolled,https://legiscan.com/OR/text/SB1000/id/410945,http://www.leg.state.or.us/10ss1/measures/sb1000.dir/sb1000.en.html
137722,412125,text,18807,text/html,Introduced,https://legiscan.com/OR/text/SB1001/id/412125,http://www.leg.state.or.us/10ss1/measures/sb1000.dir/sb1001.intro.html
137722,412128,text,2427,text/html,Amended,https://legiscan.com/OR/text/SB1001/id/412128,http://www.leg.state.or.us/10ss1/measures/sb1000.dir/sb1001.1sa.html
137722,412127,text,15333,text/html,Engrossed,https://legiscan.com/OR/text/SB1001/id/412127,http://www.leg.state.or.us/10ss1/measures/sb1000.dir/sb1001.a.html
137723,413230,text,9867,text/html,Introduced,https://legiscan.com/OR/text/SB1002/id/413230,http://www.leg.state.or.us/10ss1/measures/sb1000.dir/sb1002.intro.html
137723,413231,text,10506,text/html,Enrolled,https://legiscan.com/OR/text/SB1002/id/413231,http://www.leg.state.or.us/10ss1/measures/sb1000.dir/sb1002.en.html
137724,414315,text,20812,text/html,Introduced,https://legiscan.com/OR/text/SB1003/id/414315,http://www.leg.state.or.us/10ss1/measures/sb1000.dir/sb1003.intro.html
137724,414316,text,21570,text/html,Enrolled,https://legiscan.com/OR/text/SB1003/id/414316,http://www.leg.state.or.us/10ss1/measures/sb1000.dir/sb1003.en.html
137725,415512,text,4900,text/html,Introduced,https://legiscan.com/OR/text/SB1004/id/415512,http://www.leg.state.or.us/10ss1/measures/sb1000.dir/sb1004.intro.html
137726,416724,text,7360,text/html,Introduced,https://legiscan.com/OR/text/SB1005/id/416724,http://www.leg.state.or.us/10ss1/measures/sb1000.dir/sb1005.intro.html
137726,416728,text,700,text/html,Amended,https://legiscan.com/OR/text/SB1005/id/416728,http://www.leg.state.or.us/10ss1/measures/sb1000.dir/sb1005.1sa.html
137726,416727,text,7775,text/html,Engrossed,https://legiscan.com/OR/text/SB1005/id/416727,http://www.leg.state.or.us/10ss1/measures/sb1000.dir/sb1005.a.html
137726,416726,text,8133,text/html,Enrolled,https://legiscan.com/OR/text/SB1005/id/416726,http://www.leg.state.or.us/10ss1/measures/sb1000.dir/sb1005.en.html
137727,417965,text,7548,text/html,Introduced,https://legiscan.com/OR/text/SB1006/id/417965,http://www.leg.state.or.us/10ss1/measures/sb1000.dir/sb1006.intro.html
137727,417969,text,984,text/html,Amended,https://legiscan.com/OR/text/SB1006/id/417969,http://www.leg.state.or.us/10ss1/measures/sb1000.dir/sb1006.1ha.html
137727,417968,text,8359,text/html,Engrossed,https://legiscan.com/OR/text/SB1006/id/417968,http://www.leg.state.or.us/10ss1/measures/sb1000.dir/sb1006.a.html
137727,417967,text,8526,text/html,Enrolled,https://legiscan.com/OR/text/SB1006/id/417967,http://www.leg.state.or.us/10ss1/measures/sb1000.dir/sb1006.en.html
137728,419232,text,20714,text/html,Introduced,https://legiscan.com/OR/text/SB1007/id/419232,http://www.leg.state.or.us/10ss1/measures/sb1000.dir/sb1007.intro.html
137728,419239,text,32820,text/html,Amended,https://legiscan.com/OR/text/SB1007/id/419239,http://www.leg.state.or.us/10ss1/measures/sb1000.dir/sb1007.1sa.html
137728,419235,text,33919,text/html,Engrossed,https://legiscan.com/OR/text/SB1007/id/419235,http://www.leg.state.or.us/10ss1/measures/sb1000.dir/sb1007.b.html
137728,419236,text,722,text/html,Engrossed,https://legiscan.com/OR/text/SB1007/id/419236,http://www.leg.state.or.us/10ss1/measures/sb1000.dir/sb1007.a1sa.html
137728,419238,text,34339,text/html,Engrossed,https://legiscan.com/OR/text/SB1007/id/419238,http://www.leg.state.or.us/10ss1/measures/sb1000.dir/sb1007.a.html
137728,419234,text,34423,text/html,Enrolled,https://legiscan.com/OR/text/SB1007/id/419234,http://www.leg.state.or.us/10ss1/measures/sb1000.dir/sb1007.en.html
137729,420389,text,83051,text/html,Introduced,https://legiscan.com/OR/text/SB1008/id/420389,http://www.leg.state.or.us/10ss1/measures/sb1000.dir/sb1008.intro.html
137729,420391,text,3646,text/html,Amended,https://legiscan.com/OR/text/SB1008/id/420391,http://www.leg.state.or.us/10ss1/measures/sb1000.dir/sb1008.1sa.html
137729,420390,text,85224,text/html,Engrossed,https://legiscan.com/OR/text/SB1008/id/420390,http://www.leg.state.or.us/10ss1/measures/sb1000.dir/sb1008.a.html
137730,421645,text,6732,text/html,Introduced,https://legiscan.com/OR/text/SB1009/id/421645,http://www.leg.state.or.us/10ss1/measures/sb1000.dir/sb1009.intro.html
137731,422881,text,9553,text/html,Introduced,https://legiscan.com/OR/text/SB1010/id/422881,http://www.leg.state.or.us/10ss1/measures/sb1000.dir/sb1010.intro.html
137731,422884,text,498,text/html,Amended,https://legiscan.com/OR/text/SB1010/id/422884,http://www.leg.state.or.us/10ss1/measures/sb1000.dir/sb1010.1sa.html
137731,422883,text,9683,text/html,Engrossed,https://legiscan.com/OR/text/SB1010/id/422883,http://www.leg.state.or.us/10ss1/measures/sb1000.dir/sb1010.a.html
137732,424112,text,3936,text/html,Introduced,https://legiscan.com/OR/text/SB1011/id/424112,http://www.leg.state.or.us/10ss1/measures/sb1000.dir/sb1011.intro.html
137733,425199,text,6211,text/html,Introduced,https://legiscan.com/OR/text/SB1012/id/425199,http://www.leg.state.or.us/10ss1/measures/sb1000.dir/sb1012.intro.html
137734,426296,text,26160,text/html,Introduced,https://legiscan.com/OR/text/SB1013/id/426296,http://www.leg.state.or.us/10ss1/measures/sb1000.dir/sb1013.intro.html
137734,426302,text,18689,text/html,Amended,https://legiscan.com/OR/text/SB1013/id/426302,http://www.leg.state.or.us/10ss1/measures/sb1000.dir/sb1013.1sa.html
137734,426299,text,33911,text/html,Engrossed,https://legiscan.com/OR/text/SB1013/id/426299,http://www.leg.state.or.us/10ss1/measures/sb1000.dir/sb1013.a.html
137734,426297,text,34641,text/html,Enrolled,https://legiscan.com/OR/text/SB1013/id/426297,http://www.leg.state.or.us/10ss1/measures/sb1000.dir/sb1013.en.html
137735,427406,text,30291,text/html,Introduced,https://legiscan.com/OR/text/SB1014/id/427406,http://www.leg.state.or.us/10ss1/measures/sb1000.dir/sb1014.intro.html
137735,427411,text,49318,text/html,Amended,https://legiscan.com/OR/text/SB1014/id/427411,http://www.leg.state.or.us/10ss1/measures/sb1000.dir/sb1014.1sa.html
137735,427408,text,70117,text/html,Engrossed,https://legiscan.com/OR/text/SB1014/id/427408,http://www.leg.state.or.us/10ss1/measures/sb1000.dir/sb1014.b.html
137735,427409,text,1985,text/html,Engrossed,https://legiscan.com/OR/text/SB1014/id/427409,http://www.leg.state.or.us/10ss1/measures/sb1000.dir/sb1014.a1ha.html
137735,427410,text,68666,text/html,Engrossed,https://legiscan.com/OR/text/SB1014/id/427410,http://www.leg.state.or.us/10ss1/measures/sb1000.dir/sb1014.a.html
137735,427407,text,71333,text/html,Enrolled,https://legiscan.com/OR/text/SB1014/id/427407,http://www.leg.state.or.us/10ss1/measures/sb1000.dir/sb1014.en.html
137736,428490,text,11246,text/html,Introduced,https://legiscan.com/OR/text/SB1015/id/428490,http://www.leg.state.or.us/10ss1/measures/sb1000.dir/sb1015.intro.html
137736,428494,text,16396,text/html,Amended,https://legiscan.com/OR/text/SB1015/id/428494,http://www.leg.state.or.us/10ss1/measures/sb1000.dir/sb1015.1sa.html
137736,428493,text,25128,text/html,Engrossed,https://legiscan.com/OR/text/SB1015/id/428493,http://www.leg.state.or.us/10ss1/measures/sb1000.dir/sb1015.a.html
137736,428491,text,24831,text/html,Enrolled,https://legiscan.com/OR/text/SB1015/id/428491,http://www.leg.state.or.us/10ss1/measures/sb1000.dir/sb1015.en.html
137737,429653,text,113454,text/html,Introduced,https://legiscan.com/OR/text/SB1016/id/429653,http://www.leg.state.or.us/10ss1/measures/sb1000.dir/sb1016.intro.html
137737,429656,text,710,text/html,Amended,https://legiscan.com/OR/text/SB1016/id/429656,http://www.leg.state.or.us/10ss1/measures/sb1000.dir/sb1016.1sa.html
137737,429655,text,113971,text/html,Engrossed,https://legiscan.com/OR/text/SB1016/id/429655,http://www.leg.state.or.us/10ss1/measures/sb1000.dir/sb1016.a.html
137737,429654,text,116455,text/html,Enrolled,https://legiscan.com/OR/text/SB1016/id/429654,http://www.leg.state.or.us/10ss1/measures/sb1000.dir/sb1016.en.html
137738,430965,text,16677,text/html,Introduced,https://legiscan.com/OR/text/SB1017/id/430965,http://www.leg.state.or.us/10ss1/measures/sb1000.dir/sb1017.intro.html
137738,430969,text,1923,text/html,Amended,https://legiscan.com/OR/text/SB1017/id/430969,http://www.leg.state.or.us/10ss1/measures/sb1000.dir/sb1017.1sa.html
137738,430968,text,18275,text/html,Engrossed,https://legiscan.com/OR/text/SB1017/id/430968,http://www.leg.state.or.us/10ss1/measures/sb1000.dir/sb1017.a.html
137738,430966,text,17967,text/html,Enrolled,https://legiscan.com/OR/text/SB1017/id/430966,http://www.leg.state.or.us/10ss1/measures/sb1000.dir/sb1017.en.html
137739,432168,text,2037,text/html,Introduced,https://legiscan.com/OR/text/SB1018/id/432168,http://www.leg.state.or.us/10ss1/measures/sb1000.dir/sb1018.intro.html
137740,433361,text,30088,text/html,Introduced,https://legiscan.com/OR/text/SB1019/id/433361,http://www.leg.state.or.us/10ss1/measures/sb1000.dir/sb1019.intro.html
137740,433368,text,9804,text/html,Amended,https://legiscan.com/OR/text/SB1019/id/433368,http://www.leg.state.or.us/10ss1/measures/sb1000.dir/sb1019.1sa.html
137740,433364,text,36836,text/html,Engrossed,https://legiscan.com/OR/text/SB1019/id/433364,http://www.leg.state.or.us/10ss1/measures/sb1000.dir/sb1019.b.html
137740,433365,text,865,text/html,Engrossed,https://legiscan.com/OR/text/SB1019/id/433365,http://www.leg.state.or.us/10ss1/measures/sb1000.dir/sb1019.a1ha.html
137740,433367,text,39677,text/html,Engrossed,https://legiscan.com/OR/text/SB1019/id/433367,http://www.leg.state.or.us/10ss1/measures/sb1000.dir/sb1019.a.html
137740,433363,text,36202,text/html,Enrolled,https://legiscan.com/OR/text/SB1019/id/433363,http://www.leg.state.or.us/10ss1/measures/sb1000.dir/sb1019.en.html
137741,434545,text,10557,text/html,Introduced,https://legiscan.com/OR/text/SB1020/id/434545,http://www.leg.state.or.us/10ss1/measures/sb1000.dir/sb1020.intro.html
137742,435801,text,11815,text/html,Introduced,https://legiscan.com/OR/text/SB1021/id/435801,http://www.leg.state.or.us/10ss1/measures/sb1000.dir/sb1021.intro.html
137743,437361,text,3343,text/html,Introduced,https://legiscan.com/OR/text/SB1022/id/437361,http://www.leg.state.or.us/10ss1/measures/sb1000.dir/sb1022.intro.html
137744,438621,text,2769,text/html,Introduced,https://legiscan.com/OR/text/SB1023/id/438621,http://www.leg.state.or.us/10ss1/measures/sb1000.dir/sb1023.intro.html
137745,439895,text,7746,text/html,Introduced,https://legiscan.com/OR/text/SB1024/id/439895,http://www.leg.state.or.us/10ss1/measures/sb1000.dir/sb1024.intro.html
137745,439898,text,6236,text/html,Amended,https://legiscan.com/OR/text/SB1024/id/439898,http://www.leg.state.or.us/10ss1/measures/sb1000.dir/sb1024.1sa.html
137745,439897,text,7070,text/html,Engrossed,https://legiscan.com/OR/text/SB1024/id/439897,http://www.leg.state.or.us/10ss1/measures/sb1000.dir/sb1024.a.html
137745,439896,text,7373,text/html,Enrolled,https://legiscan.com/OR/text/SB1024/id/439896,http://www.leg.state.or.us/10ss1/measures/sb1000.dir/sb1024.en.html
137746,441278,text,4394,text/html,Introduced,https://legiscan.com/OR/text/SB1025/id/441278,http://www.leg.state.or.us/10ss1/measures/sb1000.dir/sb1025.intro.html
137746,441281,text,3895,text/html,Amended,https://legiscan.com/OR/text/SB1025/id/441281,http://www.leg.state.or.us/10ss1/measures/sb1000.dir/sb1025.1sa.html
137746,441280,text,5174,text/html,Engrossed,https://legiscan.com/OR/text/SB1025/id/441280,http://www.leg.state.or.us/10ss1/measures/sb1000.dir/sb1025.a.html
137746,441279,text,5149,text/html,Enrolled,https://legiscan.com/OR/text/SB1025/id/441279,http://www.leg.state.or.us/10ss1/measures/sb1000.dir/sb1025.en.html
137747,442515,text,10264,text/html,Introduced,https://legiscan.com/OR/text/SB1026/id/442515,http://www.leg.state.or.us/10ss1/measures/sb1000.dir/sb1026.intro.html
137748,443721,text,15270,text/html,Introduced,https://legiscan.com/OR/text/SB1027/id/443721,http://www.leg.state.or.us/10ss1/measures/sb1000.dir/sb1027.intro.html
137749,445190,text,3910,text/html,Introduced,https://legiscan.com/OR/text/SB1028/id/445190,http://www.leg.state.or.us/10ss1/measures/sb1000.dir/sb1028.intro.html
137750,446730,text,6725,text/html,Introduced,https://legiscan.com/OR/text/SB1029/id/446730,http://www.leg.state.or.us/10ss1/measures/sb1000.dir/sb1029.intro.html
137751,447737,text,3420,text/html,Introduced,https://legiscan.com/OR/text/SB1030/id/447737,http://www.leg.state.or.us/10ss1/measures/sb1000.dir/sb1030.intro.html
137752,448358,text,6774,text/html,Introduced,https://legiscan.com/OR/text/SB1031/id/448358,http://www.leg.state.or.us/10ss1/measures/sb1000.dir/sb1031.intro.html
137752,448361,text,2258,text/html,Amended,https://legiscan.com/OR/text/SB1031/id/448361,http://www.leg.state.or.us/10ss1/measures/sb1000.dir/sb1031.1sa.html
137752,448360,text,6868,text/html,Engrossed,https://legiscan.com/OR/text/SB1031/id/448360,http://www.leg.state.or.us/10ss1/measures/sb1000.dir/sb1031.a.html
137752,448359,text,7368,text/html,Enrolled,https://legiscan.com/OR/text/SB1031/id/448359,http://www.leg.state.or.us/10ss1/measures/sb1000.dir/sb1031.en.html
137753,449009,text,11440,text/html,Introduced,https://legiscan.com/OR/text/SB1032/id/449009,http://www.leg.state.or.us/10ss1/measures/sb1000.dir/sb1032.intro.html
137753,449008,text,2376,text/html,Amended,https://legiscan.com/OR/text/SB1032/id/449008,http://www.leg.state.or.us/10ss1/measures/sb1000.dir/sb1032.mrsa.html
137753,449012,text,2521,text/html,Amended,https://legiscan.com/OR/text/SB1032/id/449012,http://www.leg.state.or.us/10ss1/measures/sb1000.dir/sb1032.1sa.html
137753,449010,text,11886,text/html,Engrossed,https://legiscan.com/OR/text/SB1032/id/449010,http://www.leg.state.or.us/10ss1/measures/sb1000.dir/sb1032.amr.html
137753,449011,text,12331,text/html,Engrossed,https://legiscan.com/OR/text/SB1032/id/449011,http://www.leg.state.or.us/10ss1/measures/sb1000.dir/sb1032.a.html
137754,450143,text,3787,text/html,Introduced,https://legiscan.com/OR/text/SB1033/id/450143,http://www.leg.state.or.us/10ss1/measures/sb1000.dir/sb1033.intro.html
137754,450149,text,1026,text/html,Amended,https://legiscan.com/OR/text/SB1033/id/450149,http://www.leg.state.or.us/10ss1/measures/sb1000.dir/sb1033.1sa.html
137754,450145,text,6669,text/html,Engrossed,https://legiscan.com/OR/text/SB1033/id/450145,http://www.leg.state.or.us/10ss1/measures/sb1000.dir/sb1033.b.html
137754,450147,text,3152,text/html,Engrossed,https://legiscan.com/OR/text/SB1033/id/450147,http://www.leg.state.or.us/10ss1/measures/sb1000.dir/sb1033.a1ha.html
137754,450148,text,4019,text/html,Engrossed,https://legiscan.com/OR/text/SB1033/id/450148,http://www.leg.state.or.us/10ss1/measures/sb1000.dir/sb1033.a.html
137754,450144,text,7078,text/html,Enrolled,https://legiscan.com/OR/text/SB1033/id/450144,http://www.leg.state.or.us/10ss1/measures/sb1000.dir/sb1033.en.html
137755,451519,text,1751,text/html,Introduced,https://legiscan.com/OR/text/SB1034/id/451519,http://www.leg.state.or.us/10ss1/measures/sb1000.dir/sb1034.intro.html
137756,457708,text,7583,text/html,Introduced,https://legiscan.com/OR/text/SB1035/id/457708,http://www.leg.state.or.us/10ss1/measures/sb1000.dir/sb1035.intro.html
137757,459022,text,5642,text/html,Introduced,https://legiscan.com/OR/text/SB1036/id/459022,http://www.leg.state.or.us/10ss1/measures/sb1000.dir/sb1036.intro.html
137757,459027,text,1374,text/html,Amended,https://legiscan.com/OR/text/SB1036/id/459027,http://www.leg.state.or.us/10ss1/measures/sb1000.dir/sb1036.1ha.html
137757,459026,text,6711,text/html,Engrossed,https://legiscan.com/OR/text/SB1036/id/459026,http://www.leg.state.or.us/10ss1/measures/sb1000.dir/sb1036.a.html
137757,459024,text,7055,text/html,Enrolled,https://legiscan.com/OR/text/SB1036/id/459024,http://www.leg.state.or.us/10ss1/measures/sb1000.dir/sb1036.en.html
137758,460369,text,2796,text/html,Introduced,https://legiscan.com/OR/text/SB1037/id/460369,http://www.leg.state.or.us/10ss1/measures/sb1000.dir/sb1037.intro.html
137759,461719,text,4616,text/html,Introduced,https://legiscan.com/OR/text/SB1038/id/461719,http://www.leg.state.or.us/10ss1/measures/sb1000.dir/sb1038.intro.html
137760,462989,text,26523,text/html,Introduced,https://legiscan.com/OR/text/SB1039/id/462989,http://www.leg.state.or.us/10ss1/measures/sb1000.dir/sb1039.intro.html
137760,462991,text,27217,text/html,Enrolled,https://legiscan.com/OR/text/SB1039/id/462991,http://www.leg.state.or.us/10ss1/measures/sb1000.dir/sb1039.en.html
137761,464288,text,18408,text/html,Introduced,https://legiscan.com/OR/text/SB1040/id/464288,http://www.leg.state.or.us/10ss1/measures/sb1000.dir/sb1040.intro.html
137762,465555,text,5345,text/html,Introduced,https://legiscan.com/OR/text/SB1041/id/465555,http://www.leg.state.or.us/10ss1/measures/sb1000.dir/sb1041.intro.html
137763,466852,text,3256,text/html,Introduced,https://legiscan.com/OR/text/SB1042/id/466852,http://www.leg.state.or.us/10ss1/measures/sb1000.dir/sb1042.intro.html
137764,468307,text,7650,text/html,Introduced,https://legiscan.com/OR/text/SB1043/id/468307,http://www.leg.state.or.us/10ss1/measures/sb1000.dir/sb1043.intro.html
137765,469628,text,12883,text/html,Introduced,https://legiscan.com/OR/text/SB1044/id/469628,http://www.leg.state.or.us/10ss1/measures/sb1000.dir/sb1044.intro.html
137766,470968,text,11013,text/html,Introduced,https://legiscan.com/OR/text/SB1045/id/470968,http://www.leg.state.or.us/10ss1/measures/sb1000.dir/sb1045.intro.html
137766,470972,text,1099,text/html,Amended,https://legiscan.com/OR/text/SB1045/id/470972,http://www.leg.state.or.us/10ss1/measures/sb1000.dir/sb1045.1sa.html
137766,470970,text,11378,text/html,Engrossed,https://legiscan.com/OR/text/SB1045/id/470970,http://www.leg.state.or.us/10ss1/measures/sb1000.dir/sb1045.a.html
137766,470969,text,11892,text/html,Enrolled,https://legiscan.com/OR/text/SB1045/id/470969,http://www.leg.state.or.us/10ss1/measures/sb1000.dir/sb1045.en.html
137767,472226,text,21015,text/html,Introduced,https://legiscan.com/OR/text/SB1046/id/472226,http://www.leg.state.or.us/10ss1/measures/sb1000.dir/sb1046.intro.html
137767,472230,text,20708,text/html,Amended,https://legiscan.com/OR/text/SB1046/id/472230,http://www.leg.state.or.us/10ss1/measures/sb1000.dir/sb1046.1sa.html
137767,472229,text,21978,text/html,Engrossed,https://legiscan.com/OR/text/SB1046/id/472229,http://www.leg.state.or.us/10ss1/measures/sb1000.dir/sb1046.a.html
137767,472228,text,22102,text/html,Enrolled,https://legiscan.com/OR/text/SB1046/id/472228,http://www.leg.state.or.us/10ss1/measures/sb1000.dir/sb1046.en.html
137768,473487,text,3077,text/html,Introduced,https://legiscan.com/OR/text/SB1047/id/473487,http://www.leg.state.or.us/10ss1/measures/sb1000.dir/sb1047.intro.html
137768,473488,text,3573,text/html,Enrolled,https://legiscan.com/OR/text/SB1047/id/473488,http://www.leg.state.or.us/10ss1/measures/sb1000.dir/sb1047.en.html
137769,474862,text,11531,text/html,Introduced,https://legiscan.com/OR/text/SB1048/id/474862,http://www.leg.state.or.us/10ss1/measures/sb1000.dir/sb1048.intro.html
137770,476130,text,15660,text/html,Introduced,https://legiscan.com/OR/text/SB1049/id/476130,http://www.leg.state.or.us/10ss1/measures/sb1000.dir/sb1049.intro.html
137770,476135,text,426,text/html,Amended,https://legiscan.com/OR/text/SB1049/id/476135,http://www.leg.state.or.us/10ss1/measures/sb1000.dir/sb1049.1sa.html
137770,476132,text,15813,text/html,Engrossed,https://legiscan.com/OR/text/SB1049/id/476132,http://www.leg.state.or.us/10ss1/measures/sb1000.dir/sb1049.b.html
137770,476133,text,429,text/html,Engrossed,https://legiscan.com/OR/text/SB1049/id/476133,http://www.leg.state.or.us/10ss1/measures/sb1000.dir/sb1049.a1sa.html
137770,476134,text,15804,text/html,Engrossed,https://legiscan.com/OR/text/SB1049/id/476134,http://www.leg.state.or.us/10ss1/measures/sb1000.dir/sb1049.a.html
137770,476131,text,15651,text/html,Enrolled,https://legiscan.com/OR/text/SB1049/id/476131,http://www.leg.state.or.us/10ss1/measures/sb1000.dir/sb1049.en.html
137771,477461,text,4537,text/html,Introduced,https://legiscan.com/OR/text/SB1050/id/477461,http://www.leg.state.or.us/10ss1/measures/sb1000.dir/sb1050.intro.html
137772,479047,text,5663,text/html,Introduced,https://legiscan.com/OR/text/SB1051/id/479047,http://www.leg.state.or.us/10ss1/measures/sb1000.dir/sb1051.intro.html
137773,480408,text,3439,text/html,Introduced,https://legiscan.com/OR/text/SB1052/id/480408,http://www.leg.state.or.us/10ss1/measures/sb1000.dir/sb1052.intro.html
137774,481880,text,2664,text/html,Introduced,https://legiscan.com/OR/text/SB1053/id/481880,http://www.leg.state.or.us/10ss1/measures/sb1000.dir/sb1053.intro.html
137775,483219,text,4050,text/html,Introduced,https://legiscan.com/OR/text/SB1054/id/483219,http://www.leg.state.or.us/10ss1/measures/sb1000.dir/sb1054.intro.html
137776,484394,text,5950,text/html,Introduced,https://legiscan.com/OR/text/SB1055/id/484394,http://www.leg.state.or.us/10ss1/measures/sb1000.dir/sb1055.intro.html
137776,484399,text,1078,text/html,Amended,https://legiscan.com/OR/text/SB1055/id/484399,http://www.leg.state.or.us/10ss1/measures/sb1000.dir/sb1055.1sa.html
137776,484396,text,8828,text/html,Engrossed,https://legiscan.com/OR/text/SB1055/id/484396,http://www.leg.state.or.us/10ss1/measures/sb1000.dir/sb1055.b.html
137776,484397,text,4107,text/html,Engrossed,https://legiscan.com/OR/text/SB1055/id/484397,http://www.leg.state.or.us/10ss1/measures/sb1000.dir/sb1055.a1ha.html
137776,484398,text,5219,text/html,Engrossed,https://legiscan.com/OR/text/SB1055/id/484398,http://www.leg.state.or.us/10ss1/measures/sb1000.dir/sb1055.a.html
137776,484395,text,9295,text/html,Enrolled,https://legiscan.com/OR/text/SB1055/id/484395,http://www.leg.state.or.us/10ss1/measures/sb1000.dir/sb1055.en.html
137777,485508,text,12768,text/html,Introduced,https://legiscan.com/OR/text/SB1056/id/485508,http://www.leg.state.or.us/10ss1/measures/sb1000.dir/sb1056.intro.html
137778,486777,text,21256,text/html,Introduced,https://legiscan.com/OR/text/SB1057/id/486777,http://www.leg.state.or.us/10ss1/measures/sb1000.dir/sb1057.intro.html
137779,487555,text,35970,text/html,Introduced,https://legiscan.com/OR/text/SB1058/id/487555,http://www.leg.state.or.us/10ss1/measures/sb1000.dir/sb1058.intro.html
137780,488178,text,14892,text/html,Introduced,https://legiscan.com/OR/text/SB1059/id/488178,http://www.leg.state.or.us/10ss1/measures/sb1000.dir/sb1059.intro.html
137780,488183,text,6576,text/html,Amended,https://legiscan.com/OR/text/SB1059/id/488183,http://www.leg.state.or.us/10ss1/measures/sb1000.dir/sb1059.1sa.html
137780,488180,text,14836,text/html,Engrossed,https://legiscan.com/OR/text/SB1059/id/488180,http://www.leg.state.or.us/10ss1/measures/sb1000.dir/sb1059.b.html
137780,488181,text,1098,text/html,Engrossed,https://legiscan.com/OR/text/SB1059/id/488181,http://www.leg.state.or.us/10ss1/measures/sb1000.dir/sb1059.a1sa.html
137780,488182,text,14295,text/html,Engrossed,https://legiscan.com/OR/text/SB1059/id/488182,http://www.leg.state.or.us/10ss1/measures/sb1000.dir/sb1059.a.html
137780,488179,text,14730,text/html,Enrolled,https://legiscan.com/OR/text/SB1059/id/488179,http://www.leg.state.or.us/10ss1/measures/sb1000.dir/sb1059.en.html
137781,488836,text,9768,text/html,Introduced,https://legiscan.com/OR/text/SB1060/id/488836,http://www.leg.state.or.us/10ss1/measures/sb1000.dir/sb1060.intro.html
137781,488838,text,3955,text/html,Amended,https://legiscan.com/OR/text/SB1060/id/488838,http://www.leg.state.or.us/10ss1/measures/sb1000.dir/sb1060.1sa.html
137781,488837,text,5041,text/html,Engrossed,https://legiscan.com/OR/text/SB1060/id/488837,http://www.leg.state.or.us/10ss1/measures/sb1000.dir/sb1060.a.html
137782,489486,text,1637,text/html,Introduced,https://legiscan.com/OR/text/SB1061/id/489486,http://www.leg.state.or.us/10ss1/measures/sb1000.dir/sb1061.intro.html
137782,489487,text,2046,text/html,Enrolled,https://legiscan.com/OR/text/SB1061/id/489487,http://www.leg.state.or.us/10ss1/measures/sb1000.dir/sb1061.en.html
137783,490155,text,10939,text/html,Introduced,https://legiscan.com/OR/text/SB1062/id/490155,http://www.leg.state.or.us/10ss1/measures/sb1000.dir/sb1062.intro.html
137783,490158,text,903,text/html,Amended,https://legiscan.com/OR/text/SB1062/id/490158,http://www.leg.state.or.us/10ss1/measures/sb1000.dir/sb1062.1sa.html
137783,490157,text,11124,text/html,Engrossed,https://legiscan.com/OR/text/SB1062/id/490157,http://www.leg.state.or.us/10ss1/measures/sb1000.dir/sb1062.a.html
137783,490156,text,11602,text/html,Enrolled,https://legiscan.com/OR/text/SB1062/id/490156,http://www.leg.state.or.us/10ss1/measures/sb1000.dir/sb1062.en.html
137784,490793,text,28083,text/html,Introduced,https://legiscan.com/OR/text/SB5563/id/490793,http://www.leg.state.or.us/10ss1/measures/sb5500.dir/sb5563.intro.html
137784,490796,text,9048,text/html,Amended,https://legiscan.com/OR/text/SB5563/id/490796,http://www.leg.state.or.us/10ss1/measures/sb5500.dir/sb5563.1sa.html
137784,490795,text,36877,text/html,Engrossed,https://legiscan.com/OR/text/SB5563/id/490795,http://www.leg.state.or.us/10ss1/measures/sb5500.dir/sb5563.a.html
137784,490794,text,36792,text/html,Enrolled,https://legiscan.com/OR/text/SB5563/id/490794,http://www.leg.state.or.us/10ss1/measures/sb5500.dir/sb5563.en.html
137785,491411,text,4069,text/html,Introduced,https://legiscan.com/OR/text/SB5564/id/491411,http://www.leg.state.or.us/10ss1/measures/sb5500.dir/sb5564.intro.html
137785,491414,text,708,text/html,Amended,https://legiscan.com/OR/text/SB5564/id/491414,http://www.leg.state.or.us/10ss1/measures/sb5500.dir/sb5564.1sa.html
137785,491413,text,4495,text/html,Engrossed,https://legiscan.com/OR/text/SB5564/id/491413,http://www.leg.state.or.us/10ss1/measures/sb5500.dir/sb5564.a.html
137785,491412,text,4810,text/html,Enrolled,https://legiscan.com/OR/text/SB5564/id/491412,http://www.leg.state.or.us/10ss1/measures/sb5500.dir/sb5564.en.html
137786,492017,text,2287,text/html,Introduced,https://legiscan.com/OR/text/SB5565/id/492017,http://www.leg.state.or.us/10ss1/measures/sb5500.dir/sb5565.intro.html
137786,492020,text,7421,text/html,Amended,https://legiscan.com/OR/text/SB5565/id/492020,http://www.leg.state.or.us/10ss1/measures/sb5500.dir/sb5565.1sa.html
137786,492019,text,8844,text/html,Engrossed,https://legiscan.com/OR/text/SB5565/id/492019,http://www.leg.state.or.us/10ss1/measures/sb5500.dir/sb5565.a.html
137786,492018,text,8349,text/html,Enrolled,https://legiscan.com/OR/text/SB5565/id/492018,http://www.leg.state.or.us/10ss1/measures/sb5500.dir/sb5565.en.html
137787,492657,text,2287,text/html,Introduced,https://legiscan.com/OR/text/SB5566/id/492657,http://www.leg.state.or.us/10ss1/measures/sb5500.dir/sb5566.intro.html
137706,393280,text,2732,text/html,Introduced,https://legiscan.com/OR/text/SR3/id/393280,http://www.leg.state.or.us/10ss1/measures/sr1.dir/sr0003.intro.html
137706,393281,text,2868,text/html,Enrolled,https://legiscan.com/OR/text/SR3/id/393281,http://www.leg.state.or.us/10ss1/measures/sr1.dir/sr0003.en.html
137691,375156,text,1060,text/html,Introduced,https://legiscan.com/OR/text/SCR19/id/375156,http://www.leg.state.or.us/10ss1/measures/scr1.dir/scr0019.intro.html
137691,375157,text,1134,text/html,Enrolled,https://legiscan.com/OR/text/SCR19/id/375157,http://www.leg.state.or.us/10ss1/measures/scr1.dir/scr0019.en.html
137692,376355,text,2561,text/html,Introduced,https://legiscan.com/OR/text/SCR20/id/376355,http://www.leg.state.or.us/10ss1/measures/scr1.dir/scr0020.intro.html
137692,376356,text,2736,text/html,Enrolled,https://legiscan.com/OR/text/SCR20/id/376356,http://www.leg.state.or.us/10ss1/measures/scr1.dir/scr0020.en.html
137693,377494,text,3929,text/html,Introduced,https://legiscan.com/OR/text/SCR21/id/377494,http://www.leg.state.or.us/10ss1/measures/scr1.dir/scr0021.intro.html
137693,377497,text,748,text/html,Amended,https://legiscan.com/OR/text/SCR21/id/377497,http://www.leg.state.or.us/10ss1/measures/scr1.dir/scr0021.1sa.html
137693,377496,text,4395,text/html,Engrossed,https://legiscan.com/OR/text/SCR21/id/377496,http://www.leg.state.or.us/10ss1/measures/scr1.dir/scr0021.a.html
137693,377495,text,4385,text/html,Enrolled,https://legiscan.com/OR/text/SCR21/id/377495,http://www.leg.state.or.us/10ss1/measures/scr1.dir/scr0021.en.html
137694,378719,text,2960,text/html,Introduced,https://legiscan.com/OR/text/SCR22/id/378719,http://www.leg.state.or.us/10ss1/measures/scr1.dir/scr0022.intro.html
137694,378720,text,3350,text/html,Enrolled,https://legiscan.com/OR/text/SCR22/id/378720,http://www.leg.state.or.us/10ss1/measures/scr1.dir/scr0022.en.html
137695,379941,text,2795,text/html,Introduced,https://legiscan.com/OR/text/SCR23/id/379941,http://www.leg.state.or.us/10ss1/measures/scr1.dir/scr0023.intro.html
137696,381125,text,15631,text/html,Introduced,https://legiscan.com/OR/text/SJR41/id/381125,http://www.leg.state.or.us/10ss1/measures/sjr1.dir/sjr0041.intro.html
137696,381133,text,1404,text/html,Amended,https://legiscan.com/OR/text/SJR41/id/381133,http://www.leg.state.or.us/10ss1/measures/sjr1.dir/sjr0041.1sa.html
137696,381127,text,16926,text/html,Engrossed,https://legiscan.com/OR/text/SJR41/id/381127,http://www.leg.state.or.us/10ss1/measures/sjr1.dir/sjr0041.bmr.html
137696,381128,text,16503,text/html,Engrossed,https://legiscan.com/OR/text/SJR41/id/381128,http://www.leg.state.or.us/10ss1/measures/sjr1.dir/sjr0041.b.html
137696,381130,text,428,text/html,Engrossed,https://legiscan.com/OR/text/SJR41/id/381130,http://www.leg.state.or.us/10ss1/measures/sjr1.dir/sjr0041.a1ha.html
137696,381131,text,16503,text/html,Engrossed,https://legiscan.com/OR/text/SJR41/id/381131,http://www.leg.state.or.us/10ss1/measures/sjr1.dir/sjr0041.a.html
137696,381126,text,16681,text/html,Enrolled,https://legiscan.com/OR/text/SJR41/id/381126,http://www.leg.state.or.us/10ss1/measures/sjr1.dir/sjr0041.en.html
137697,382271,text,2276,text/html,Introduced,https://legiscan.com/OR/text/SJR42/id/382271,http://www.leg.state.or.us/10ss1/measures/sjr1.dir/sjr0042.intro.html
137698,383388,text,1824,text/html,Introduced,https://legiscan.com/OR/text/SJR43/id/383388,http://www.leg.state.or.us/10ss1/measures/sjr1.dir/sjr0043.intro.html
137699,384590,text,3159,text/html,Introduced,https://legiscan.com/OR/text/SJR44/id/384590,http://www.leg.state.or.us/10ss1/measures/sjr1.dir/sjr0044.intro.html
137699,384597,text,2851,text/html,Amended,https://legiscan.com/OR/text/SJR44/id/384597,http://www.leg.state.or.us/10ss1/measures/sjr1.dir/sjr0044.1sa.html
137699,384592,text,2607,text/html,Engrossed,https://legiscan.com/OR/text/SJR44/id/384592,http://www.leg.state.or.us/10ss1/measures/sjr1.dir/sjr0044.bmr.html
137699,384593,text,1788,text/html,Engrossed,https://legiscan.com/OR/text/SJR44/id/384593,http://www.leg.state.or.us/10ss1/measures/sjr1.dir/sjr0044.amrsa.html
137699,384594,text,3764,text/html,Engrossed,https://legiscan.com/OR/text/SJR44/id/384594,http://www.leg.state.or.us/10ss1/measures/sjr1.dir/sjr0044.a.html
137700,385831,text,8640,text/html,Introduced,https://legiscan.com/OR/text/SJR45/id/385831,http://www.leg.state.or.us/10ss1/measures/sjr1.dir/sjr0045.intro.html
137701,387163,text,3141,text/html,Introduced,https://legiscan.com/OR/text/SJR46/id/387163,http://www.leg.state.or.us/10ss1/measures/sjr1.dir/sjr0046.intro.html
137702,388411,text,2565,text/html,Introduced,https://legiscan.com/OR/text/SJR47/id/388411,http://www.leg.state.or.us/10ss1/measures/sjr1.dir/sjr0047.intro.html
137702,388414,text,1950,text/html,Amended,https://legiscan.com/OR/text/SJR47/id/388414,http://www.leg.state.or.us/10ss1/measures/sjr1.dir/sjr0047.1sa.html
137702,388413,text,4132,text/html,Engrossed,https://legiscan.com/OR/text/SJR47/id/388413,http://www.leg.state.or.us/10ss1/measures/sjr1.dir/sjr0047.a.html
137702,388412,text,4056,text/html,Enrolled,https://legiscan.com/OR/text/SJR47/id/388412,http://www.leg.state.or.us/10ss1/measures/sjr1.dir/sjr0047.en.html
137703,389735,text,2312,text/html,Introduced,https://legiscan.com/OR/text/SJR48/id/389735,http://www.leg.state.or.us/10ss1/measures/sjr1.dir/sjr0048.intro.html
137703,389741,text,562,text/html,Amended,https://legiscan.com/OR/text/SJR48/id/389741,http://www.leg.state.or.us/10ss1/measures/sjr1.dir/sjr0048.1sa.html
137703,389738,text,3954,text/html,Engrossed,https://legiscan.com/OR/text/SJR48/id/389738,http://www.leg.state.or.us/10ss1/measures/sjr1.dir/sjr0048.b.html
137703,389739,text,2658,text/html,Engrossed,https://legiscan.com/OR/text/SJR48/id/389739,http://www.leg.state.or.us/10ss1/measures/sjr1.dir/sjr0048.a1sa.html
137703,389740,text,2615,text/html,Engrossed,https://legiscan.com/OR/text/SJR48/id/389740,http://www.leg.state.or.us/10ss1/measures/sjr1.dir/sjr0048.a.html
137703,389736,text,3470,text/html,Enrolled,https://legiscan.com/OR/text/SJR48/id/389736,http://www.leg.state.or.us/10ss1/measures/sjr1.dir/sjr0048.en.html
137704,390900,text,5138,text/html,Introduced,https://legiscan.com/OR/text/SJR49/id/390900,http://www.leg.state.or.us/10ss1/measures/sjr1.dir/sjr0049.intro.html
137705,392090,text,2315,text/html,Introduced,https://legiscan.com/OR/text/SJR50/id/392090,http://www.leg.state.or.us/10ss1/measures/sjr1.dir/sjr0050.intro.html
137705,392097,text,444,text/html,Amended,https://legiscan.com/OR/text/SJR50/id/392097,http://www.leg.state.or.us/10ss1/measures/sjr1.dir/sjr0050.1sa.html
137705,392094,text,2520,text/html,Engrossed,https://legiscan.com/OR/text/SJR50/id/392094,http://www.leg.state.or.us/10ss1/measures/sjr1.dir/sjr0050.b.html
137705,392095,text,539,text/html,Engrossed,https://legiscan.com/OR/text/SJR50/id/392095,http://www.leg.state.or.us/10ss1/measures/sjr1.dir/sjr0050.a1ha.html
137705,392096,text,2512,text/html,Engrossed,https://legiscan.com/OR/text/SJR50/id/392096,http://www.leg.state.or.us/10ss1/measures/sjr1.dir/sjr0050.a.html
137705,392092,text,2592,text/html,Enrolled,https://legiscan.com/OR/text/SJR50/id/392092,http://www.leg.state.or.us/10ss1/measures/sjr1.dir/sjr0050.en.html
