bill_id,session_id,bill_number,status,status_desc,status_date,title,description,committee_id,committee,last_action_date,last_action,url,state_link
435626,963,HB1801,1,Introduced,2012-05-14,"Budget Reconciliation and Financing Act of 2012","Altering or repealing specified required appropriations; altering the distribution of specified revenues; altering or repealing specified funding requirements; altering the authorized use of specified funds; authorizing the transfer of specified funds; etc.",1922,"House Appropriations",2012-05-14,"Hearing 5/14 at 1:00 p.m.",https://legiscan.com/MD/bill/HB1801/2012/X1,https://mgaleg.maryland.gov/mgawebsite/Search/Legislation?target=/2012s1/billfile/HB1801.htm
435598,963,HB1802,1,Introduced,2012-05-14,"State and Local Revenue and Financing Act of 2012","Increasing the State individual income tax rates on specified amounts of income; altering the amount that specified individuals may deduct as an exemption under the income tax; requiring specified business trusts to add specified income to federal adjusted gross income to determine Maryland adjusted gross income; altering the tax rate for specified tobacco products; providing, for purposes of the recordation tax, that specified security interest in real property is deemed to be treated as debt incurred; altering specified fees; etc.",1928,"House Ways and Means",2012-05-14,"Hearing 5/14 at 2:00 p.m.",https://legiscan.com/MD/bill/HB1802/2012/X1,https://mgaleg.maryland.gov/mgawebsite/Search/Legislation?target=/2012s1/billfile/HB1802.htm
435569,963,HB1803,1,Introduced,2012-05-14,"Creation of a State Debt - Qualified Zone Academy Bonds","Authorizing the creation of a State Debt in the amount of $15,324,000, the proceeds to be used as grants to the Interagency Committee on School Construction and the Maryland State Department of Education for specified development or improvement purposes; providing for disbursement of the loan proceeds and the further grant of funds to eligible school systems for specified purposes, subject to a requirement that the grantees document the provision of a required matching fund; etc.",1922,"House Appropriations",2012-05-14,"Hearing 5/14 at 1:00 p.m.",https://legiscan.com/MD/bill/HB1803/2012/X1,https://mgaleg.maryland.gov/mgawebsite/Search/Legislation?target=/2012s1/billfile/HB1803.htm
435543,963,HB1804,1,Introduced,2012-05-14,"Courts - Dangerous Dog Presumption - Specific Breed Prohibition","Establishing that, for the purpose of determining criminal or civil liability, a dog may not be presumed dangerous or potentially dangerous solely on the basis of the breed or heritage of the dog; providing that the Act does not preclude a political subdivision from adopting or enforcing a program to control dangerous or potentially dangerous dogs if the program does not discriminate among dogs solely on the basis of the breed or heritage of the dog; applying the Act prospectively; and making the Act an emergency measure.",1926,"House Rules and Executive Nominations",2012-05-14,"First Reading House Rules and Executive Nominations",https://legiscan.com/MD/bill/HB1804/2012/X1,https://mgaleg.maryland.gov/mgawebsite/Search/Legislation?target=/2012s1/billfile/HB1804.htm
435516,963,HB1805,1,Introduced,2012-05-14,"Vehicle Laws - Special Registration Plate - United States Armed Forces","Requiring the Motor Vehicle Administration to develop and make available for specified vehicles a special registration plate honoring the armed forces of the United States; requiring that fees charged for the plates be used only for specified purposes; requiring a registration plate issued under the Act to contain a specified graphic design and specified words; and requiring the Administration to adopt regulations to carry out the provisions of the Act.",1926,"House Rules and Executive Nominations",2012-05-14,"First Reading House Rules and Executive Nominations",https://legiscan.com/MD/bill/HB1805/2012/X1,https://mgaleg.maryland.gov/mgawebsite/Search/Legislation?target=/2012s1/billfile/HB1805.htm
435487,963,HB1806,1,Introduced,2012-05-14,"Courts - Dog Bite Lawsuits - Evidence and Standard of Proof","Establishing that in a cause of action involving damages resulting from a dog bite, the common law rules of evidence and standard of proof that existed on January 1, 2012, are retained without regard to the breed or heritage of the dog; stating the General Assembly's intent to overturn the ruling in a specified court case; and applying the Act prospectively.",1926,"House Rules and Executive Nominations",2012-05-14,"First Reading House Rules and Executive Nominations",https://legiscan.com/MD/bill/HB1806/2012/X1,https://mgaleg.maryland.gov/mgawebsite/Search/Legislation?target=/2012s1/billfile/HB1806.htm
435460,963,HB1807,1,Introduced,2012-05-14,"The Maryland Dog Nondiscrimination Act","Establishing that in a cause of action involving damages resulting from a dog bite, the common law rules of evidence and standard of proof that existed on January 1, 2012, are retained without regard to the breed or heritage of the dog; stating the General Assembly's intent to overturn the ruling in a specified court case; and applying the Act prospectively.",1926,"House Rules and Executive Nominations",2012-05-14,"First Reading House Rules and Executive Nominations",https://legiscan.com/MD/bill/HB1807/2012/X1,https://mgaleg.maryland.gov/mgawebsite/Search/Legislation?target=/2012s1/billfile/HB1807.htm
435433,963,HB1808,1,Introduced,2012-05-14,"Courts - Civil Liability for Injuries Inflicted by Dogs","Establishing that no person may be held civilly liable for an injury inflicted by a dog of any breed or heritage unless the person had responsibility for exercising control over the dog and was negligent in exercising that control; and making the Act an emergency measure.",1926,"House Rules and Executive Nominations",2012-05-14,"First Reading House Rules and Executive Nominations",https://legiscan.com/MD/bill/HB1808/2012/X1,https://mgaleg.maryland.gov/mgawebsite/Search/Legislation?target=/2012s1/billfile/HB1808.htm
435403,963,HB1809,1,Introduced,2012-05-14,"Medical Marijuana - Caregiver - Affirmative Defense","Establishing that it is an affirmative defense to a prosecution for the possession of marijuana or the possession of specified drug paraphernalia that the marijuana or drug paraphernalia was intended for medical use by an individual with a specified debilitating medical condition for whom the defendant is a specified caregiver; etc.",1926,"House Rules and Executive Nominations",2012-05-14,"First Reading House Rules and Executive Nominations",https://legiscan.com/MD/bill/HB1809/2012/X1,https://mgaleg.maryland.gov/mgawebsite/Search/Legislation?target=/2012s1/billfile/HB1809.htm
435376,963,SB1301,4,Passed,2012-05-22,"Budget Reconciliation and Financing Act of 2012","Altering or repealing specified required appropriations; altering the distribution of specified revenues; altering or repealing specified funding requirements; altering the authorized use of specified funds; authorizing the transfer of specified funds; etc.",0,,2012-05-22,"Approved by the Governor",https://legiscan.com/MD/bill/SB1301/2012/X1,https://mgaleg.maryland.gov/mgawebsite/Search/Legislation?target=/2012s1/billfile/SB1301.htm
435346,963,SB1302,4,Passed,2012-05-22,"State and Local Revenue and Financing Act of 2012","Increasing the State individual income tax rates on specified amounts of income; altering the amount that specified individuals may deduct as an exemption under the income tax; requiring specified business trusts to add specified income to federal adjusted gross income to determine Maryland adjusted gross income; altering the tax rate for specified tobacco products; providing, for purposes of the recordation tax, that specified security interest in real property is deemed to be treated as debt incurred; altering specified fees; etc.",0,,2012-05-22,"Approved by the Governor",https://legiscan.com/MD/bill/SB1302/2012/X1,https://mgaleg.maryland.gov/mgawebsite/Search/Legislation?target=/2012s1/billfile/SB1302.htm
435319,963,SB1303,4,Passed,2012-05-22,"Creation of a State Debt - Qualified Zone Academy Bonds","Authorizing the creation of a State Debt in the amount of $15,324,000, the proceeds to be used as grants to the Interagency Committee on School Construction and the Maryland State Department of Education for specified development or improvement purposes; providing for disbursement of the loan proceeds and the further grant of funds to eligible school systems for specified purposes, subject to a requirement that the grantees document the provision of a required matching fund; etc.",0,,2012-05-22,"Approved by the Governor",https://legiscan.com/MD/bill/SB1303/2012/X1,https://mgaleg.maryland.gov/mgawebsite/Search/Legislation?target=/2012s1/billfile/SB1303.htm
435290,963,SB1304,1,Introduced,2012-05-14,"Procurement - Required Clauses - Project Labor Agreement Prohibition","Requiring State procurement contracts to include a clause prohibiting specified parties from participating in specified project labor agreements.",1936,"Senate Rules",2012-05-14,"First Reading Senate Rules",https://legiscan.com/MD/bill/SB1304/2012/X1,https://mgaleg.maryland.gov/mgawebsite/Search/Legislation?target=/2012s1/billfile/SB1304.htm
435261,963,SB1305,1,Introduced,2012-05-14,"Environment - On-Site Sewage Disposal Systems - Nitrogen Removal Technology","Prohibiting the Department of the Environment from adopting regulations that require a person to install, or have installed, an on-site sewage disposal system that utilizes nitrogen removal technology on specified property in the State.",1936,"Senate Rules",2012-05-14,"First Reading Senate Rules",https://legiscan.com/MD/bill/SB1305/2012/X1,https://mgaleg.maryland.gov/mgawebsite/Search/Legislation?target=/2012s1/billfile/SB1305.htm
435233,963,SB1306,1,Introduced,2012-05-14,"Office of the Inspector General - Establishment","Establishing the office of Inspector General; specifying eligibility qualifications that an individual must meet for the office; providing that the Inspector General is subject to removal by the General Assembly under specified circumstances; specifying the duties and powers of the Inspector General; submitting the amendment to the qualified voters of the State of Maryland for their adoption or rejection; etc.",1936,"Senate Rules",2012-05-14,"First Reading Senate Rules",https://legiscan.com/MD/bill/SB1306/2012/X1,https://mgaleg.maryland.gov/mgawebsite/Search/Legislation?target=/2012s1/billfile/SB1306.htm
435205,963,SB1307,1,Introduced,2012-05-14,"Courts - Dangerous Dog Presumption - Specific Breed Prohibition","Establishing that, for the purpose of determining criminal or civil liability, a dog may not be presumed dangerous or potentially dangerous solely on the basis of the breed or heritage of the dog; providing that the Act does not preclude a political subdivision from adopting or enforcing a program to control dangerous or potentially dangerous dogs if the program does not discriminate among dogs solely on the basis of the breed or heritage of the dog; applying the Act prospectively; and making the Act an emergency measure.",1936,"Senate Rules",2012-05-14,"First Reading Senate Rules",https://legiscan.com/MD/bill/SB1307/2012/X1,https://mgaleg.maryland.gov/mgawebsite/Search/Legislation?target=/2012s1/billfile/SB1307.htm
435176,963,SB1308,1,Introduced,2012-05-14,"Budget - Reductions to Appropriations - Level Funding for Fiscal Year 2013","Reducing specified State education funding for fiscal year 2013; and reducing specified public safety, personnel, transportation, environment, health, and education appropriations for fiscal year 2013.",0,,2012-05-14,"Unfavorable Report by Budget and Taxation",https://legiscan.com/MD/bill/SB1308/2012/X1,https://mgaleg.maryland.gov/mgawebsite/Search/Legislation?target=/2012s1/billfile/SB1308.htm
435148,963,SB1309,1,Introduced,2012-05-14,"State Government - Inspector General","Specifying that there is an Inspector General of the State; establishing the Office of the Inspector General; requiring the Inspector General to examine and investigate the management and affairs of units and conduct audits of the units; authorizing the Inspector General to investigate specified matters; requiring that a unit cooperate fully with the Inspector General under specified circumstances; requiring that the Inspector General have access to specified documents of a unit under specified circumstances; etc.",1936,"Senate Rules",2012-05-14,"First Reading Senate Rules",https://legiscan.com/MD/bill/SB1309/2012/X1,https://mgaleg.maryland.gov/mgawebsite/Search/Legislation?target=/2012s1/billfile/SB1309.htm
435125,963,SB1310,1,Introduced,2012-05-14,"Dorchester County - Restriction on Sunday Gaming - Repeal","Repealing a restriction that prohibits specified gaming licensees in Dorchester County from holding gaming events or carnivals on a Sunday.",1936,"Senate Rules",2012-05-14,"First Reading Senate Rules",https://legiscan.com/MD/bill/SB1310/2012/X1,https://mgaleg.maryland.gov/mgawebsite/Search/Legislation?target=/2012s1/billfile/SB1310.htm
