bill_id,document_id,document_type,document_size,document_mime,document_desc,url,state_link
435626,667247,text,575039,application/pdf,Introduced,https://legiscan.com/MD/text/HB1801/id/667247,http://mlis.state.md.us/2012s1/bills/hb/hb1801f.pdf
435598,667218,text,172395,application/pdf,Introduced,https://legiscan.com/MD/text/HB1802/id/667218,http://mlis.state.md.us/2012s1/bills/hb/hb1802f.pdf
435569,667183,text,113144,application/pdf,Introduced,https://legiscan.com/MD/text/HB1803/id/667183,http://mlis.state.md.us/2012s1/bills/hb/hb1803f.pdf
435543,667150,text,93258,application/pdf,Introduced,https://legiscan.com/MD/text/HB1804/id/667150,http://mlis.state.md.us/2012s1/bills/hb/hb1804f.pdf
435516,667124,text,102084,application/pdf,Introduced,https://legiscan.com/MD/text/HB1805/id/667124,http://mlis.state.md.us/2012s1/bills/hb/hb1805f.pdf
435487,667087,text,97696,application/pdf,Introduced,https://legiscan.com/MD/text/HB1806/id/667087,http://mlis.state.md.us/2012s1/bills/hb/hb1806f.pdf
435460,667052,text,96638,application/pdf,Introduced,https://legiscan.com/MD/text/HB1807/id/667052,http://mlis.state.md.us/2012s1/bills/hb/hb1807f.pdf
435433,667021,text,94717,application/pdf,Introduced,https://legiscan.com/MD/text/HB1808/id/667021,http://mlis.state.md.us/2012s1/bills/hb/hb1808f.pdf
435403,666986,text,136156,application/pdf,Introduced,https://legiscan.com/MD/text/HB1809/id/666986,http://mlis.state.md.us/2012s1/bills/hb/hb1809f.pdf
435376,666955,text,575350,application/pdf,Introduced,https://legiscan.com/MD/text/SB1301/id/666955,http://mlis.state.md.us/2012s1/bills/sb/sb1301f.pdf
435376,666956,text,583643,application/pdf,Engrossed,https://legiscan.com/MD/text/SB1301/id/666956,http://mlis.state.md.us/2012s1/bills/sb/sb1301t.pdf
435376,666957,text,514407,application/pdf,Chaptered,https://legiscan.com/MD/text/SB1301/id/666957,http://mlis.state.md.us/2012s1/chapters_noln/Ch_1_sb1301T.pdf
435346,666922,text,171753,application/pdf,Introduced,https://legiscan.com/MD/text/SB1302/id/666922,http://mlis.state.md.us/2012s1/bills/sb/sb1302f.pdf
435346,666923,text,172844,application/pdf,Engrossed,https://legiscan.com/MD/text/SB1302/id/666923,http://mlis.state.md.us/2012s1/bills/sb/sb1302t.pdf
435346,666924,text,161069,application/pdf,Chaptered,https://legiscan.com/MD/text/SB1302/id/666924,http://mlis.state.md.us/2012s1/chapters_noln/Ch_2_sb1302T.pdf
435319,666892,text,111646,application/pdf,Introduced,https://legiscan.com/MD/text/SB1303/id/666892,http://mlis.state.md.us/2012s1/bills/sb/sb1303f.pdf
435319,666893,text,113033,application/pdf,Engrossed,https://legiscan.com/MD/text/SB1303/id/666893,http://mlis.state.md.us/2012s1/bills/sb/sb1303t.pdf
435319,666894,text,103692,application/pdf,Chaptered,https://legiscan.com/MD/text/SB1303/id/666894,http://mlis.state.md.us/2012s1/chapters_noln/Ch_3_sb1303T.pdf
435290,666865,text,100779,application/pdf,Introduced,https://legiscan.com/MD/text/SB1304/id/666865,http://mlis.state.md.us/2012s1/bills/sb/sb1304f.pdf
435261,666834,text,107406,application/pdf,Introduced,https://legiscan.com/MD/text/SB1305/id/666834,http://mlis.state.md.us/2012s1/bills/sb/sb1305f.pdf
435233,666803,text,113768,application/pdf,Introduced,https://legiscan.com/MD/text/SB1306/id/666803,http://mlis.state.md.us/2012s1/bills/sb/sb1306f.pdf
435205,666772,text,94232,application/pdf,Introduced,https://legiscan.com/MD/text/SB1307/id/666772,http://mlis.state.md.us/2012s1/bills/sb/sb1307f.pdf
435176,666736,text,141545,application/pdf,Introduced,https://legiscan.com/MD/text/SB1308/id/666736,http://mlis.state.md.us/2012s1/bills/sb/sb1308f.pdf
435148,666699,text,152631,application/pdf,Introduced,https://legiscan.com/MD/text/SB1309/id/666699,http://mlis.state.md.us/2012s1/bills/sb/sb1309f.pdf
435125,666666,text,89835,application/pdf,Introduced,https://legiscan.com/MD/text/SB1310/id/666666,http://mlis.state.md.us/2012s1/bills/sb/sb1310f.pdf
