bill_id,session_id,bill_number,status,status_desc,status_date,title,description,committee_id,committee,last_action_date,last_action,url,state_link
796122,1185,HB2001,4,Passed,2015-10-30,"Schools; base level; appropriations.","Schools; base level; appropriations.",0,,2015-10-30,"Chapter 1",https://legiscan.com/AZ/bill/HB2001/2015/X1,http://www.azleg.gov/DocumentsForBill.asp?Session_ID=116&Bill_Number=HB2001
796120,1185,HB2002,4,Passed,2015-10-30,"Statewide special election.","Statewide special election.",0,,2015-10-30,"Chapter 2",https://legiscan.com/AZ/bill/HB2002/2015/X1,http://www.azleg.gov/DocumentsForBill.asp?Session_ID=116&Bill_Number=HB2002
796125,1185,HCR2001,4,Passed,2015-10-30,"Education finance; trust land distributions.","Education finance; trust land distributions.",0,,2015-10-30,"Transmitted to Secretary Of State",https://legiscan.com/AZ/bill/HCR2001/2015/X1,http://www.azleg.gov/DocumentsForBill.asp?Session_ID=116&Bill_Number=HCR2001
796124,1185,SB1001,1,Introduced,2015-10-28,"Schools; base level; appropriations","Schools; base level; appropriations",0,,2015-10-30,"Senate Committee of the Whole action: Do Pass Amended",https://legiscan.com/AZ/bill/SB1001/2015/X1,http://www.azleg.gov/DocumentsForBill.asp?Session_ID=116&Bill_Number=SB1001
796121,1185,SB1002,1,Introduced,2015-10-28,"Statewide special election","Statewide special election",0,,2015-10-30,"Senate Committee of the Whole action: Do Pass",https://legiscan.com/AZ/bill/SB1002/2015/X1,http://www.azleg.gov/DocumentsForBill.asp?Session_ID=116&Bill_Number=SB1002
796123,1185,SCR1001,1,Introduced,2015-10-28,"Education finance; trust land distributions","Education finance; trust land distributions",0,,2015-10-30,"Senate Committee of the Whole action: Do Pass Amended",https://legiscan.com/AZ/bill/SCR1001/2015/X1,http://www.azleg.gov/DocumentsForBill.asp?Session_ID=116&Bill_Number=SCR1001
