bill_id,document_id,document_type,document_size,document_mime,document_desc,url,state_link
796122,1272789,text,75072,text/html,Introduced,https://legiscan.com/AZ/text/HB2001/id/1272789,http://www.azleg.gov/legtext/52leg/1s/bills/hb2001p.htm
796122,1272840,text,76124,text/html,Engrossed,https://legiscan.com/AZ/text/HB2001/id/1272840,http://www.azleg.gov/legtext/52leg/1s/bills/hb2001h.htm
796122,1273656,text,77298,text/html,Chaptered,https://legiscan.com/AZ/text/HB2001/id/1273656,http://www.azleg.gov/legtext/52leg/1s/laws/0001.htm
796120,1272787,text,38967,text/html,Introduced,https://legiscan.com/AZ/text/HB2002/id/1272787,http://www.azleg.gov/legtext/52leg/1s/bills/hb2002p.htm
796120,1272838,text,38734,text/html,Engrossed,https://legiscan.com/AZ/text/HB2002/id/1272838,http://www.azleg.gov/legtext/52leg/1s/bills/hb2002h.htm
796120,1273602,text,39968,text/html,Chaptered,https://legiscan.com/AZ/text/HB2002/id/1273602,http://www.azleg.gov/legtext/52leg/1s/laws/0002.htm
796125,1272792,text,50214,text/html,Introduced,https://legiscan.com/AZ/text/HCR2001/id/1272792,http://www.azleg.gov/legtext/52leg/1s/bills/hcr2001p.htm
796125,1272839,text,49292,text/html,Engrossed,https://legiscan.com/AZ/text/HCR2001/id/1272839,http://www.azleg.gov/legtext/52leg/1s/bills/hcr2001h.htm
796125,1273598,text,50209,text/html,Enrolled,https://legiscan.com/AZ/text/HCR2001/id/1273598,http://www.azleg.gov/legtext/52leg/1s/laws/hcr2001.htm
796124,1272791,text,75012,text/html,Introduced,https://legiscan.com/AZ/text/SB1001/id/1272791,http://www.azleg.gov/legtext/52leg/1s/bills/sb1001p.htm
796124,1272906,text,76018,text/html,Engrossed,https://legiscan.com/AZ/text/SB1001/id/1272906,http://www.azleg.gov/legtext/52leg/1s/bills/sb1001s.htm
796121,1272788,text,38578,text/html,Introduced,https://legiscan.com/AZ/text/SB1002/id/1272788,http://www.azleg.gov/legtext/52leg/1s/bills/sb1002p.htm
796121,1272904,text,38317,text/html,Engrossed,https://legiscan.com/AZ/text/SB1002/id/1272904,http://www.azleg.gov/legtext/52leg/1s/bills/sb1002s.htm
796123,1272790,text,49784,text/html,Introduced,https://legiscan.com/AZ/text/SCR1001/id/1272790,http://www.azleg.gov/legtext/52leg/1s/bills/scr1001p.htm
796123,1272905,text,48878,text/html,Engrossed,https://legiscan.com/AZ/text/SCR1001/id/1272905,http://www.azleg.gov/legtext/52leg/1s/bills/scr1001s.htm
796124,28546,amendment,37220,text/html,"SENATE ADOPTED AMENDMENT: Biggs flr amend (ref Bill) adopted",https://legiscan.com/AZ/amendment/SB1001/id/28546,http://www.azleg.gov/legtext/52leg/1s/adopted/1001biggs508.doc.htm
796123,28545,amendment,34190,text/html,"SENATE ADOPTED AMENDMENT: Biggs flr amend (ref Res) adopted",https://legiscan.com/AZ/amendment/SCR1001/id/28545,http://www.azleg.gov/legtext/52leg/1s/adopted/scr1001biggs550.doc.htm
