bill_id,roll_call_id,date,chamber,description,yea,nay,nv,absent,total
796120,480711,2015-10-29,House,"House Rules Committee Action (C&P)",9,0,0,0,9
796120,480720,2015-10-29,House,"House Appropriations Committee Action (DP)",9,5,0,0,14
796120,480756,2015-10-29,House,"House - Third Reading",35,22,3,0,60
796120,480757,2015-10-30,Senate,"Senate - Third Reading",20,7,2,0,29
796121,480712,2015-10-29,Senate,"Senate Appropriations Committee Action (DP)",4,2,2,0,8
796121,480713,2015-10-29,Senate,"Senate Rules Committee Action (PFC)",6,0,1,0,7
796122,480714,2015-10-29,House,"House Rules Committee Action (C&P)",6,3,0,0,9
796122,480721,2015-10-29,House,"House Appropriations Committee Action (DP)",9,5,0,0,14
796122,480742,2015-10-29,House,"House - COW Motion to Amend",23,35,2,0,60
796122,480743,2015-10-29,House,"House - COW Motion to Amend",23,35,2,0,60
796122,480744,2015-10-29,House,"House - Third Reading",58,0,2,0,60
796122,480765,2015-10-30,Senate,"Senate - Third Reading",28,0,1,0,29
796123,480715,2015-10-29,Senate,"Senate Appropriations Committee Action (DP)",4,2,2,0,8
796123,480716,2015-10-29,Senate,"Senate Rules Committee Action (PFC)",6,0,1,0,7
796123,480761,2015-10-30,Senate,"Senate - COW Motion to Amend",9,19,1,0,29
796124,480717,2015-10-29,Senate,"Senate Appropriations Committee Action (DP)",5,1,2,0,8
796124,480718,2015-10-29,Senate,"Senate Rules Committee Action (PFC)",6,0,1,0,7
796124,480762,2015-10-30,Senate,"Senate - COW Motion to Amend",9,19,1,0,29
796124,480763,2015-10-30,Senate,"Senate - COW Motion to Amend",9,19,1,0,29
796124,480764,2015-10-30,Senate,"Senate - COW Motion to Amend",9,19,1,0,29
796125,480719,2015-10-29,House,"House Rules Committee Action (C&P)",6,3,0,0,9
796125,480722,2015-10-29,House,"House Appropriations Committee Action (DP)",9,5,0,0,14
796125,480758,2015-10-29,House,"House - Third Reading",35,23,2,0,60
796125,480759,2015-10-30,Senate,"Senate - Third Reading",20,7,2,0,29
