bill_id,session_id,bill_number,status,status_desc,status_date,title,description,committee_id,committee,last_action_date,last_action,url,state_link
1785215,2114,HB1,4,Passed,2023-12-08,"Georgia House of Representatives Redistricting Act of 2023; enact","A BILL to be entitled an Act to provide for the composition and number of state house districts; to provide for a short title; to provide for the contingent nature of this Act and the circumstances under which it shall or shall not apply, according to the enforceability of prior provisions under federal law; to provide for the continuation of present members; to provide a short title; to provide for an effective date; to repeal conflicting laws; and for other purposes.",0,,2023-12-08,"Effective Date 2023-12-08",https://legiscan.com/GA/bill/HB1/2023/X1,https://www.legis.ga.gov/legislation/65850
1785202,2114,HB2,4,Passed,2023-12-18,"Barrow County; Board of Education; filling vacancies; revise a provision","A BILL to be entitled an Act to amend an Act providing authority for members of the Board of Education of Barrow County, approved April 19, 1971 (Ga. L. 1971, p. 3919), as amended, particularly by an Act approved May 12, 2015 (Ga. L. 2015, p. 3851), so as to revise a provision relating to filling vacancies on the board; to provide for related matters; to repeal conflicting laws; and for other purposes.",0,,2023-12-18,"Effective Date 2023-12-18",https://legiscan.com/GA/bill/HB2/2023/X1,https://www.legis.ga.gov/legislation/65856
1785221,2114,HB3,4,Passed,2023-12-18,"Chatham County; designation of electors for community improvement districts wholly within municipalities; revise provisions","A BILL to be entitled an Act to amend an Act to provide for the creation of one or more community improvement districts in Chatham County and in each municipality therein, approved April 5, 1994 (Ga. L. 1994, p. 4931), so as to revise provisions relating to designation of electors for districts wholly within municipalities; to authorize additional elected members of district boards; to revise qualifications for board members; to update provisions relating to cooperation with municipal governments; to provide for related matters; to repeal conflicting laws; and for other purposes.",0,,2023-12-18,"Effective Date 2023-12-18",https://legiscan.com/GA/bill/HB3/2023/X1,https://www.legis.ga.gov/legislation/65857
1785231,2114,HB4,5,Vetoed,2023-12-19,"Garden City; City of; change corporate limits","A BILL to be entitled an Act to amend an Act creating a new charter for the City of Garden City, approved April 17, 1973 (Ga. L. 1973, p. 3581), as amended, so as to change the corporate limits of such city; to provide descriptions; to provide for a referendum, effective dates, automatic repeal, mandatory execution of election, and judicial remedies regarding failure to comply; to repeal conflicting laws; and for other purposes.",0,,2023-12-19,"Veto V1",https://legiscan.com/GA/bill/HB4/2023/X1,https://www.legis.ga.gov/legislation/65858
1789197,2114,HB5,1,Introduced,2023-12-04,"Georgia House of Representatives Redistricting Act of 2023; enact","A BILL to be entitled an Act to provide for the composition and number of state house districts; to provide for a short title; to provide for the continuation of present members; to provide that the provisions of this Act shall supersede and replace a districting plan and certain changes thereto; to provide for related matters; to provide an effective date; to repeal a specific Act; to repeal conflicting laws; and for other purposes.",4908,"House Reapportionment and Redistricting",2023-12-06,"House Second Readers",https://legiscan.com/GA/bill/HB5/2023/X1,https://www.legis.ga.gov/legislation/65891
1789192,2114,HB6,1,Introduced,2023-12-04,"Georgia Congressional Redistricting Act of 2023; enact","A BILL to be entitled an Act to provide for the composition and number of congressional districts; to provide for a short title; to provide when such representatives shall take office; to provide for continuation of present congressional districts until a certain time; to provide for related matters; to provide an effective date; to repeal provisions of a specific Act; to repeal conflicting laws; and for other purposes.",4908,"House Reapportionment and Redistricting",2023-12-06,"House Second Readers",https://legiscan.com/GA/bill/HB6/2023/X1,https://www.legis.ga.gov/legislation/65892
1785193,2114,HR1,4,Passed,2023-11-29,"House of Representatives convened; notify Senate","A RESOLUTION to notify the Senate that the House of Representatives has convened; and for other purposes.",0,,2023-11-29,"House Immediately Transmitted to Senate",https://legiscan.com/GA/bill/HR1/2023/X1,https://www.legis.ga.gov/legislation/65844
1785218,2114,HR2,4,Passed,2023-11-29,"Adjournment; relative to","A RESOLUTION relative to meetings and adjournments of the General Assembly; and for other purposes.",0,,2023-11-29,"Senate Passed/Adopted",https://legiscan.com/GA/bill/HR2/2023/X1,https://www.legis.ga.gov/legislation/65845
1785227,2114,HR3,4,Passed,2023-12-05,"General Assembly; motor fuel and diesel fuel taxes; ratify Governor Brian P. Kemp's Executive Orders","A RESOLUTION ratifying Governor Brian P. Kemp's Executive Order Nos. 09.12.23.01, 10.06.23.01, and 11.08.23.01 suspending the collection of motor fuel and diesel fuel taxes; and for other purposes.",0,,2023-12-05,"Senate Passed/Adopted",https://legiscan.com/GA/bill/HR3/2023/X1,https://www.legis.ga.gov/legislation/65849
1785211,2114,HR4,4,Passed,2023-12-04,"Hamas terrorism; condemn","A RESOLUTION condemning Hamas terrorism; and for other purposes.",0,,2023-12-04,"House Passed/Adopted",https://legiscan.com/GA/bill/HR4/2023/X1,https://www.legis.ga.gov/legislation/65859
1785236,2114,HR5,1,Introduced,2023-11-29,"Hamas terrorism; condemn; Jewish people; express support","A RESOLUTION condemning Hamas terrorism, expressing our support for the Jewish people; and for other purposes.",596,"House Rules",2023-11-30,"House Second Readers",https://legiscan.com/GA/bill/HR5/2023/X1,https://www.legis.ga.gov/legislation/65860
1785208,2114,HR6,4,Passed,2023-11-29,"Carter, Mrs. Rosalynn; condolences","A RESOLUTION honoring the life and memory of Mrs. Rosalynn Carter; and for other purposes.",0,,2023-11-29,"House Read and Adopted",https://legiscan.com/GA/bill/HR6/2023/X1,https://www.legis.ga.gov/legislation/65861
1785794,2114,HR7,4,Passed,2023-11-30,"Darden, Dr. Linnie Louis, Jr.; condolences","A RESOLUTION honoring the life and memory of Dr. Linnie Louis Darden Jr.; and for other purposes.",0,,2023-11-30,"House Read and Adopted",https://legiscan.com/GA/bill/HR7/2023/X1,https://www.legis.ga.gov/legislation/65868
1785757,2114,HR8,4,Passed,2023-11-30,"Association of Nigerian Physicians in the Americas; Nigerian Physicians Advocacy Group; commend","A RESOLUTION commending the Association of Nigerian Physicians in the Americas and the Nigerian Physicians Advocacy Group; and for other purposes.",0,,2023-11-30,"House Read and Adopted",https://legiscan.com/GA/bill/HR8/2023/X1,https://www.legis.ga.gov/legislation/65869
1785812,2114,HR9,4,Passed,2023-11-30,"Hammet, Melanie; outstanding public service as mayor of Pine Lake; commend","A RESOLUTION recognizing and commending Melanie Hammet on her outstanding public service as the mayor of Pine Lake; and for other purposes.",0,,2023-11-30,"House Read and Adopted",https://legiscan.com/GA/bill/HR9/2023/X1,https://www.legis.ga.gov/legislation/65870
1785804,2114,HR10,4,Passed,2023-11-30,"Adeleke, David Adedeji; commend","A RESOLUTION recognizing and commending David Adedeji Adeleke; and for other purposes.",0,,2023-11-30,"House Read and Adopted",https://legiscan.com/GA/bill/HR10/2023/X1,https://www.legis.ga.gov/legislation/65871
1785785,2114,HR11,4,Passed,2023-11-30,"McDonough, City of; bicentennial; congratulate","A RESOLUTION congratulating the City of McDonough, Georgia, upon its bicentennial; and for other purposes.",0,,2023-11-30,"House Read and Adopted",https://legiscan.com/GA/bill/HR11/2023/X1,https://www.legis.ga.gov/legislation/65872
1785776,2114,HR12,4,Passed,2023-11-30,"Love, Denese Lynetta; condolences","A RESOLUTION honoring the life and memory of Denese Lynetta Love; and for other purposes.",0,,2023-11-30,"House Read and Adopted",https://legiscan.com/GA/bill/HR12/2023/X1,https://www.legis.ga.gov/legislation/65873
1785901,2114,HR13,4,Passed,2023-12-01,"Barthelemy, Bryce Aiden; condolences","A RESOLUTION honoring the life and memory of Bryce Aiden Barthelemy; and for other purposes.",0,,2023-12-01,"House Read and Adopted",https://legiscan.com/GA/bill/HR13/2023/X1,https://www.legis.ga.gov/legislation/65879
1785895,2114,HR14,4,Passed,2023-12-01,"Smith-Dixon, Ms. Lois; commend","A RESOLUTION commending and congratulating Ms. Lois Smith-Dixon; and for other purposes.",0,,2023-12-01,"House Read and Adopted",https://legiscan.com/GA/bill/HR14/2023/X1,https://www.legis.ga.gov/legislation/65880
1785899,2114,HR15,4,Passed,2023-12-01,"Berean Seventh-day Adventist Church; 120th anniversary; recognize","A RESOLUTION recognizing and commending Berean Seventh-day Adventist Church on the occasion of its 120th anniversary; and for other purposes.",0,,2023-12-01,"House Read and Adopted",https://legiscan.com/GA/bill/HR15/2023/X1,https://www.legis.ga.gov/legislation/65881
1785892,2114,HR16,4,Passed,2023-12-01,"Cohen, Marc; outstanding public service; commend","A RESOLUTION recognizing and commending Marc Cohen on his outstanding public service; and for other purposes.",0,,2023-12-01,"House Read and Adopted",https://legiscan.com/GA/bill/HR16/2023/X1,https://www.legis.ga.gov/legislation/65882
1785890,2114,HR17,4,Passed,2023-12-01,"Blechinger, Linda; outstanding public service; commend","A RESOLUTION recognizing and commending Linda Blechinger on her outstanding public service; and for other purposes.",0,,2023-12-01,"House Read and Adopted",https://legiscan.com/GA/bill/HR17/2023/X1,https://www.legis.ga.gov/legislation/65883
1785893,2114,HR18,4,Passed,2023-12-01,"Evans, Power; commend","A RESOLUTION recognizing and commending Power Evans; and for other purposes.",0,,2023-12-01,"House Read and Adopted",https://legiscan.com/GA/bill/HR18/2023/X1,https://www.legis.ga.gov/legislation/65884
1785897,2114,HR19,4,Passed,2023-12-01,"Couch, Ms. Nancy; commend","A RESOLUTION recognizing and commending Ms. Nancy Couch; and for other purposes.",0,,2023-12-01,"House Read and Adopted",https://legiscan.com/GA/bill/HR19/2023/X1,https://www.legis.ga.gov/legislation/65885
1785891,2114,HR20,4,Passed,2023-12-01,"Wynn, James Edward "" Sonny""; condolences","A RESOLUTION honoring the life and memory of James Edward ""Sonny"" Wynn; and for other purposes.",0,,2023-12-01,"House Read and Adopted",https://legiscan.com/GA/bill/HR20/2023/X1,https://www.legis.ga.gov/legislation/65886
1785898,2114,HR21,1,Introduced,2023-12-01,"Children in foster care; express support","A RESOLUTION expressing support for children in foster care; and for other purposes.",2788,"House Juvenile Justice",2023-12-04,"House Second Readers",https://legiscan.com/GA/bill/HR21/2023/X1,https://www.legis.ga.gov/legislation/65889
1789193,2114,HR22,4,Passed,2023-12-04,"Kaye, Mitchell Adam, III; birth; celebrate","A RESOLUTION celebrating the birth of Mitchell Adam Kaye, III; and for other purposes.",0,,2023-12-04,"House Read and Adopted",https://legiscan.com/GA/bill/HR22/2023/X1,https://www.legis.ga.gov/legislation/65897
1789188,2114,HR23,4,Passed,2023-12-04,"Farah, Julian; commend","A RESOLUTION commending and congratulating Julian Farah; and for other purposes.",0,,2023-12-04,"House Read and Adopted",https://legiscan.com/GA/bill/HR23/2023/X1,https://www.legis.ga.gov/legislation/65898
1789194,2114,HR24,4,Passed,2023-12-04,"Children in foster care; commend","A RESOLUTION commending children in foster care; and for other purposes.",0,,2023-12-04,"House Read and Adopted",https://legiscan.com/GA/bill/HR24/2023/X1,https://www.legis.ga.gov/legislation/65899
1789196,2114,HR25,4,Passed,2023-12-04,"Under21 The Band; commend","A RESOLUTION commending Under21 The Band; and for other purposes.",0,,2023-12-04,"House Read and Adopted",https://legiscan.com/GA/bill/HR25/2023/X1,https://www.legis.ga.gov/legislation/65900
1789187,2114,HR26,4,Passed,2023-12-04,"Dollar, Alvin; commend","A RESOLUTION commending Alvin Dollar; and for other purposes.",0,,2023-12-04,"House Read and Adopted",https://legiscan.com/GA/bill/HR26/2023/X1,https://www.legis.ga.gov/legislation/65901
1789189,2114,HR27,4,Passed,2023-12-04,"Baranco, Grené; commend","A RESOLUTION commending Grené Baranco; and for other purposes.",0,,2023-12-04,"House Read and Adopted",https://legiscan.com/GA/bill/HR27/2023/X1,https://www.legis.ga.gov/legislation/65902
1789509,2114,HR28,4,Passed,2023-12-05,"Sebastian, Councilmember Jaceey; commend","A RESOLUTION commending Councilmember Jaceey Sebastian; and for other purposes.",0,,2023-12-05,"House Read and Adopted",https://legiscan.com/GA/bill/HR28/2023/X1,https://www.legis.ga.gov/legislation/65905
1789506,2114,HR29,4,Passed,2023-12-05,"Wilson, Dr. Jute; commend","A RESOLUTION recognizing and commending Dr. Jute Wilson; and for other purposes.",0,,2023-12-05,"House Read and Adopted",https://legiscan.com/GA/bill/HR29/2023/X1,https://www.legis.ga.gov/legislation/65906
1789507,2114,HR30,4,Passed,2023-12-05,"Banks, Peter Louis; commend","A RESOLUTION recognizing and commending Peter Louis Banks on his outstanding public service; and for other purposes.",0,,2023-12-05,"House Read and Adopted",https://legiscan.com/GA/bill/HR30/2023/X1,https://www.legis.ga.gov/legislation/65907
1789508,2114,HR31,4,Passed,2023-12-05,"Beard, Dorian James; condolences","A RESOLUTION honoring the life and memory of Dorian James Beard; and for other purposes.",0,,2023-12-05,"House Read and Adopted",https://legiscan.com/GA/bill/HR31/2023/X1,https://www.legis.ga.gov/legislation/65908
1789504,2114,HR32,4,Passed,2023-12-05,"Walton High School Varsity Coed Competition Cheerleading Squad; winning 2023 GHSA Competition Cheerleading State Championship; congratulate","A RESOLUTION congratulating the Walton High School Varsity Coed Competition Cheerleading Squad for winning the 2023 GHSA Competition Cheerleading State Championship; and for other purposes.",0,,2023-12-05,"House Read and Adopted",https://legiscan.com/GA/bill/HR32/2023/X1,https://www.legis.ga.gov/legislation/65909
1790312,2114,HR33,4,Passed,2023-12-06,"Fluellyn, Marci; outstanding public service; commend","A RESOLUTION recognizing and commending Marci Fluellyn on her outstanding public service; and for other purposes.",0,,2023-12-06,"House Read and Adopted",https://legiscan.com/GA/bill/HR33/2023/X1,https://www.legis.ga.gov/legislation/65910
1791081,2114,HR34,4,Passed,2023-12-07,"Livsey, Thomas; condolences","A RESOLUTION honoring the life and memory of Thomas Livsey; and for other purposes.",0,,2023-12-07,"House Read and Adopted",https://legiscan.com/GA/bill/HR34/2023/X1,https://www.legis.ga.gov/legislation/65913
1791060,2114,HR35,4,Passed,2023-12-07,"Godwin, Betty Camp; condolences","A RESOLUTION honoring the life and memory of Betty Camp Godwin; and for other purposes.",0,,2023-12-07,"House Read and Adopted",https://legiscan.com/GA/bill/HR35/2023/X1,https://www.legis.ga.gov/legislation/65914
1791087,2114,HR36,4,Passed,2023-12-07,"Williams, Reverend Dr. Joseph L.; 25th pastoral anniversary; commend","A RESOLUTION recognizing and commending Reverend Dr. Joseph L. Williams on the occasion of his 25th pastoral anniversary; and for other purposes.",0,,2023-12-07,"House Read and Adopted",https://legiscan.com/GA/bill/HR36/2023/X1,https://www.legis.ga.gov/legislation/65915
1791065,2114,HR37,4,Passed,2023-12-07,"Kinney, Dr. A. Demoine; commend","A RESOLUTION commending and congratulating Dr. A. Demoine Kinney; and for other purposes.",0,,2023-12-07,"House Read and Adopted",https://legiscan.com/GA/bill/HR37/2023/X1,https://www.legis.ga.gov/legislation/65916
1791091,2114,HR38,4,Passed,2023-12-07,"Georgia Haitian-American Chamber of Commerce Inc.; commend","A RESOLUTION recognizing and commending the Georgia Haitian-American Chamber of Commerce Inc.; and for other purposes.",0,,2023-12-07,"House Read and Adopted",https://legiscan.com/GA/bill/HR38/2023/X1,https://www.legis.ga.gov/legislation/65917
1791076,2114,HR39,4,Passed,2023-12-07,"Decatur, City of; bicentennial; commend","A RESOLUTION commending and celebrating the City of Decatur on its bicentennial; and for other purposes",0,,2023-12-07,"House Read and Adopted",https://legiscan.com/GA/bill/HR39/2023/X1,https://www.legis.ga.gov/legislation/65918
1791071,2114,HR40,4,Passed,2023-12-07,"Horton, Steve; Mayor of Covington; commend","A RESOLUTION recognizing and commending Steve Horton on his outstanding public service as the Mayor of Covington; and for other purposes.",0,,2023-12-07,"House Read and Adopted",https://legiscan.com/GA/bill/HR40/2023/X1,https://www.legis.ga.gov/legislation/65919
1785233,2114,SB1,4,Passed,2023-12-08,"""Georgia Senate Redistricting Act of 2023""; enact","A BILL to be entitled an Act to provide for the composition and number of state senatorial districts; to provide for a short title; to provide for the contingent nature of this Act and the circumstances under which it shall or shall not apply, according to the enforceability of prior provisions under federal law; to provide for the continuation of present Senators; to provide an effective date; to repeal conflicting laws; and for other purposes.",0,,2023-12-08,"Effective Date 2023-12-08",https://legiscan.com/GA/bill/SB1/2023/X1,https://www.legis.ga.gov/legislation/65851
1785244,2114,SB2,1,Introduced,2023-11-29,"""Georgia Senate Redistricting Act of 2023""; enact","A BILL to be entitled an Act to provide for the composition and number of state senatorial districts; to provide for a short title; to provide for the contingent nature of this Act and the circumstances under which it shall or shall not apply, according to the enforceability of prior provisions under federal law; to provide for the continuation of present Senators; to provide an effective date; to repeal conflicting laws; and for other purposes.",623,"Senate Reapportionment and Redistricting",2023-11-29,"Senate Read and Referred",https://legiscan.com/GA/bill/SB2/2023/X1,https://www.legis.ga.gov/legislation/65852
1785242,2114,SB3,4,Passed,2023-12-08,"""Georgia Congressional Redistricting Act of 2023""; enact","A BILL to be entitled an Act to provide for the composition and number of congressional districts; to provide for a short title; to provide for the contingent nature of this Act and the circumstances under which it shall or shall not apply, according to the enforceability of prior provisions under federal law; to provide for the continuation of present members of the United States House of Representatives; to provide an effective date; to repeal conflicting laws; and for other purposes.",0,,2023-12-08,"Effective Date 2023-12-08",https://legiscan.com/GA/bill/SB3/2023/X1,https://www.legis.ga.gov/legislation/65853
1785200,2114,SB4,1,Introduced,2023-11-29,"""Georgia Senate Redistricting Act of 2023""; enact","A BILL to be entitled an Act to provide for the composition and number of state senatorial districts; to provide for a short title; to provide for the continuation of present members of the Senate; to provide that the provisions of this Act shall supersede and replace a districting plan and certain changes thereto; to provide for related matters; to provide an effective date; to repeal a specific Act; to repeal conflicting laws; and for other purposes.",623,"Senate Reapportionment and Redistricting",2023-11-29,"Senate Read and Referred",https://legiscan.com/GA/bill/SB4/2023/X1,https://www.legis.ga.gov/legislation/65855
1785196,2114,SB5,4,Passed,2023-12-18,"State Court of Turner County; district attorney of the judicial circuit shall represent the state in all criminal prosecutions on or after January 1, 2024; perform the duties of the office of solicitor-general","A BILL to be entitled an Act to amend an Act creating the State Court of Turner County, approved April 18, 2002 (Ga. L. 2002, p. 4074), so as to provide that on and after January 1, 2024, the district attorney of the judicial circuit within which Turner County is located shall represent the state in all criminal prosecutions brought in the State Court of Turner County and shall perform the duties of the office of solicitor-general of the state court; to provide that no election shall be held for the office of solicitor-general of the state court; to provide for related matters; to repeal conflicting laws; and for other purposes.",0,,2023-12-18,"Effective Date 2023-12-18",https://legiscan.com/GA/bill/SB5/2023/X1,https://www.legis.ga.gov/legislation/65867
1785190,2114,SR1,4,Passed,2023-11-29,"Senate Rules; adopt","A RESOLUTION adopting the Rules of the Georgia Senate for the 2023 special session of the General Assembly of Georgia; and for other purposes.",0,,2023-11-29,"Senate Passed/Adopted",https://legiscan.com/GA/bill/SR1/2023/X1,https://www.legis.ga.gov/legislation/65846
1785206,2114,SR2,4,Passed,2023-11-29,"Senate Convened; notify House of Representatives","A RESOLUTION to notify the House of Representatives that the Senate has convened; and for other purposes.",0,,2023-11-29,"Senate Read and Adopted",https://legiscan.com/GA/bill/SR2/2023/X1,https://www.legis.ga.gov/legislation/65847
1785187,2114,SR3,4,Passed,2023-11-29,"General Assembly Convened; notify the Governor","A RESOLUTION to notify the Governor that the General Assembly has convened; and for other purposes.",0,,2023-11-29,"House Immediately Transmitted to Senate",https://legiscan.com/GA/bill/SR3/2023/X1,https://www.legis.ga.gov/legislation/65848
1785239,2114,SR4,4,Passed,2023-11-29,"Nation of Israel and the Jewish People; express support","A RESOLUTION expressing support for the Nation of Israel and the Jewish people as well as condemning terroristic attacks upon the Nation of Israel and antisemitic acts and speech in the United States; and for other purposes.",0,,2023-11-29,"Senate Passed/Adopted",https://legiscan.com/GA/bill/SR4/2023/X1,https://www.legis.ga.gov/legislation/65854
1785223,2114,SR5,4,Passed,2023-11-30,"Carter, Rosalynn; condolences","A RESOLUTION honoring the life and memory of Rosalynn Carter; and for other purposes.",0,,2023-11-30,"Senate Read and Adopted",https://legiscan.com/GA/bill/SR5/2023/X1,https://www.legis.ga.gov/legislation/65866
1785767,2114,SR6,4,Passed,2023-12-06,"Atlanta Public Safety Training Center; express support","A RESOLUTION expressing support for the Atlanta Public Safety Training Center and condemning acts of violence and domestic terrorism; and for other purposes.",0,,2023-12-06,"House Passed/Adopted",https://legiscan.com/GA/bill/SR6/2023/X1,https://www.legis.ga.gov/legislation/65874
1785896,2114,SR7,4,Passed,2023-12-04,"Adedeji Adeleke, David; recognize","A RESOLUTION recognizing and commending David Adedeji Adeleke; and for other purposes.",0,,2023-12-04,"Senate Read and Adopted",https://legiscan.com/GA/bill/SR7/2023/X1,https://www.legis.ga.gov/legislation/65877
1785900,2114,SR8,4,Passed,2023-12-04,"Association of Nigerian Physicians in the Americas and the Nigerian Physicians Advocacy Group; commend","A RESOLUTION commending the Association of Nigerian Physicians in the Americas and the Nigerian Physicians Advocacy Group; and for other purposes.",0,,2023-12-04,"Senate Read and Adopted",https://legiscan.com/GA/bill/SR8/2023/X1,https://www.legis.ga.gov/legislation/65878
1785902,2114,SR9,4,Passed,2023-12-04,"Wisenbaker, Ms. Sandra Nadeau; recognize","A RESOLUTION recognizing and commending Ms. Sandra Nadeau Wisenbaker for her dedicated service to the citizens of the State of Georgia as the Solicitor-General of Coweta County; and for other purposes.",0,,2023-12-04,"Senate Read and Adopted",https://legiscan.com/GA/bill/SR9/2023/X1,https://www.legis.ga.gov/legislation/65887
1785894,2114,SR10,4,Passed,2023-12-04,"Wilush, Diane; recognize","A RESOLUTION recognizing and commending Diane Wilush on her outstanding service; and for other purposes.",0,,2023-12-04,"Senate Read and Adopted",https://legiscan.com/GA/bill/SR10/2023/X1,https://www.legis.ga.gov/legislation/65888
1789191,2114,SR11,4,Passed,2023-12-05,"Ida Lubin, Rose; condolences","A RESOLUTION honoring the life and memory of Rose Ida Lubin; and for other purposes.",0,,2023-12-05,"Senate Read and Adopted",https://legiscan.com/GA/bill/SR11/2023/X1,https://www.legis.ga.gov/legislation/65890
1789190,2114,SR12,4,Passed,2023-12-05,"Flowers, Liz; recognize","A RESOLUTION recognizing and commending Liz Flowers; and for other purposes.",0,,2023-12-05,"Senate Read and Adopted",https://legiscan.com/GA/bill/SR12/2023/X1,https://www.legis.ga.gov/legislation/65895
1789195,2114,SR13,4,Passed,2023-12-05,"Bailey, Radcliffe; condolences","A RESOLUTION celebrating the life and artistic legacy of Radcliffe Bailey; and for other purposes.",0,,2023-12-05,"Senate Read and Adopted",https://legiscan.com/GA/bill/SR13/2023/X1,https://www.legis.ga.gov/legislation/65896
1789505,2114,SR14,1,Introduced,2023-12-05,"Smith-Dixon, Ms. Lois; commend","A RESOLUTION commending and congratulating Ms. Lois Smith-Dixon; and for other purposes.",0,,2023-12-05,"Senate Hopper",https://legiscan.com/GA/bill/SR14/2023/X1,https://www.legis.ga.gov/legislation/65903
1789503,2114,SR15,1,Introduced,2023-12-05,"Williams, Reverend Dr. Joseph L.; recognize","A RESOLUTION recognizing and commending Reverend Dr. Joseph L. Williams on the occasion of his 25th pastoral anniversary; and for other purposes.",0,,2023-12-05,"Senate Hopper",https://legiscan.com/GA/bill/SR15/2023/X1,https://www.legis.ga.gov/legislation/65904
1789807,2114,SR16,1,Introduced,2023-12-06,"Riley, Herman Lee; condolences","A RESOLUTION honoring the life and memory of Herman Lee Riley; and for other purposes.",0,,2023-12-06,"Senate Hopper",https://legiscan.com/GA/bill/SR16/2023/X1,https://www.legis.ga.gov/legislation/65911
