bill_id,document_id,document_type,document_size,document_mime,document_desc,url,state_link
1785215,2852118,text,441934,application/pdf,Introduced,https://legiscan.com/GA/text/HB1/id/2852118,https://www.legis.ga.gov/api/legislation/document/2023EX/220573
1785215,2861155,text,443649,application/pdf,Enrolled,https://legiscan.com/GA/text/HB1/id/2861155,https://www.legis.ga.gov/api/legislation/document/2023EX/220745
1785202,2852112,text,68902,application/pdf,Introduced,https://legiscan.com/GA/text/HB2/id/2852112,https://www.legis.ga.gov/api/legislation/document/2023EX/220588
1785202,2852810,text,75594,application/pdf,"Comm Sub",https://legiscan.com/GA/text/HB2/id/2852810,https://www.legis.ga.gov/api/legislation/document/2023EX/220686
1785202,2859991,text,76238,application/pdf,"Comm Sub",https://legiscan.com/GA/text/HB2/id/2859991,https://www.legis.ga.gov/api/legislation/document/2023EX/220687
1785202,2862003,text,76329,application/pdf,Enrolled,https://legiscan.com/GA/text/HB2/id/2862003,https://www.legis.ga.gov/api/legislation/document/2023EX/220739
1785221,2852120,text,80644,application/pdf,Introduced,https://legiscan.com/GA/text/HB3/id/2852120,https://www.legis.ga.gov/api/legislation/document/2023EX/220589
1785221,2861992,text,81603,application/pdf,Enrolled,https://legiscan.com/GA/text/HB3/id/2861992,https://www.legis.ga.gov/api/legislation/document/2023EX/220740
1785231,2852124,text,84011,application/pdf,Introduced,https://legiscan.com/GA/text/HB4/id/2852124,https://www.legis.ga.gov/api/legislation/document/2023EX/220592
1785231,2861162,text,85830,application/pdf,Enrolled,https://legiscan.com/GA/text/HB4/id/2861162,https://www.legis.ga.gov/api/legislation/document/2023EX/220741
1789197,2859988,text,429686,application/pdf,Introduced,https://legiscan.com/GA/text/HB5/id/2859988,https://www.legis.ga.gov/api/legislation/document/2023EX/220707
1789192,2859983,text,175933,application/pdf,Introduced,https://legiscan.com/GA/text/HB6/id/2859983,https://www.legis.ga.gov/api/legislation/document/2023EX/220708
1785193,2852106,text,45067,application/pdf,Introduced,https://legiscan.com/GA/text/HR1/id/2852106,https://www.legis.ga.gov/api/legislation/document/2023EX/220562
1785218,2852119,text,57477,application/pdf,Introduced,https://legiscan.com/GA/text/HR2/id/2852119,https://www.legis.ga.gov/api/legislation/document/2023EX/220563
1785227,2852122,text,57268,application/pdf,Introduced,https://legiscan.com/GA/text/HR3/id/2852122,https://www.legis.ga.gov/api/legislation/document/2023EX/220571
1785211,2852116,text,54319,application/pdf,Introduced,https://legiscan.com/GA/text/HR4/id/2852116,https://www.legis.ga.gov/api/legislation/document/2023EX/220597
1785236,2852126,text,54264,application/pdf,Introduced,https://legiscan.com/GA/text/HR5/id/2852126,https://www.legis.ga.gov/api/legislation/document/2023EX/220598
1785208,2852115,text,57247,application/pdf,Introduced,https://legiscan.com/GA/text/HR6/id/2852115,https://www.legis.ga.gov/api/legislation/document/2023EX/220599
1785794,2852544,text,57407,application/pdf,Introduced,https://legiscan.com/GA/text/HR7/id/2852544,https://www.legis.ga.gov/api/legislation/document/2023EX/220626
1785757,2852538,text,59094,application/pdf,Introduced,https://legiscan.com/GA/text/HR8/id/2852538,https://www.legis.ga.gov/api/legislation/document/2023EX/220627
1785812,2852546,text,55567,application/pdf,Introduced,https://legiscan.com/GA/text/HR9/id/2852546,https://www.legis.ga.gov/api/legislation/document/2023EX/220628
1785804,2852545,text,57448,application/pdf,Introduced,https://legiscan.com/GA/text/HR10/id/2852545,https://www.legis.ga.gov/api/legislation/document/2023EX/220629
1785785,2852542,text,55651,application/pdf,Introduced,https://legiscan.com/GA/text/HR11/id/2852542,https://www.legis.ga.gov/api/legislation/document/2023EX/220630
1785776,2852541,text,54757,application/pdf,Introduced,https://legiscan.com/GA/text/HR12/id/2852541,https://www.legis.ga.gov/api/legislation/document/2023EX/220631
1785901,2852824,text,54133,application/pdf,Introduced,https://legiscan.com/GA/text/HR13/id/2852824,https://www.legis.ga.gov/api/legislation/document/2023EX/220666
1785895,2852818,text,55336,application/pdf,Introduced,https://legiscan.com/GA/text/HR14/id/2852818,https://www.legis.ga.gov/api/legislation/document/2023EX/220667
1785899,2852822,text,54120,application/pdf,Introduced,https://legiscan.com/GA/text/HR15/id/2852822,https://www.legis.ga.gov/api/legislation/document/2023EX/220668
1785892,2852815,text,56488,application/pdf,Introduced,https://legiscan.com/GA/text/HR16/id/2852815,https://www.legis.ga.gov/api/legislation/document/2023EX/220669
1785890,2852813,text,54408,application/pdf,Introduced,https://legiscan.com/GA/text/HR17/id/2852813,https://www.legis.ga.gov/api/legislation/document/2023EX/220670
1785893,2852816,text,53480,application/pdf,Introduced,https://legiscan.com/GA/text/HR18/id/2852816,https://www.legis.ga.gov/api/legislation/document/2023EX/220671
1785897,2852820,text,59207,application/pdf,Introduced,https://legiscan.com/GA/text/HR19/id/2852820,https://www.legis.ga.gov/api/legislation/document/2023EX/220672
1785891,2852814,text,56519,application/pdf,Introduced,https://legiscan.com/GA/text/HR20/id/2852814,https://www.legis.ga.gov/api/legislation/document/2023EX/220673
1785898,2852821,text,56292,application/pdf,Introduced,https://legiscan.com/GA/text/HR21/id/2852821,https://www.legis.ga.gov/api/legislation/document/2023EX/220693
1789193,2859984,text,57732,application/pdf,Introduced,https://legiscan.com/GA/text/HR22/id/2859984,https://www.legis.ga.gov/api/legislation/document/2023EX/220727
1789188,2859979,text,54731,application/pdf,Introduced,https://legiscan.com/GA/text/HR23/id/2859979,https://www.legis.ga.gov/api/legislation/document/2023EX/220728
1789194,2859985,text,56274,application/pdf,Introduced,https://legiscan.com/GA/text/HR24/id/2859985,https://www.legis.ga.gov/api/legislation/document/2023EX/220729
1789196,2859987,text,54266,application/pdf,Introduced,https://legiscan.com/GA/text/HR25/id/2859987,https://www.legis.ga.gov/api/legislation/document/2023EX/220730
1789187,2859978,text,57648,application/pdf,Introduced,https://legiscan.com/GA/text/HR26/id/2859978,https://www.legis.ga.gov/api/legislation/document/2023EX/220731
1789189,2859980,text,55079,application/pdf,Introduced,https://legiscan.com/GA/text/HR27/id/2859980,https://www.legis.ga.gov/api/legislation/document/2023EX/220732
1789509,2860774,text,55432,application/pdf,Introduced,https://legiscan.com/GA/text/HR28/id/2860774,https://www.legis.ga.gov/api/legislation/document/2023EX/220756
1789506,2860771,text,55488,application/pdf,Introduced,https://legiscan.com/GA/text/HR29/id/2860771,https://www.legis.ga.gov/api/legislation/document/2023EX/220758
1789507,2860772,text,54582,application/pdf,Introduced,https://legiscan.com/GA/text/HR30/id/2860772,https://www.legis.ga.gov/api/legislation/document/2023EX/220759
1789508,2860773,text,55694,application/pdf,Introduced,https://legiscan.com/GA/text/HR31/id/2860773,https://www.legis.ga.gov/api/legislation/document/2023EX/220760
1789504,2860769,text,55620,application/pdf,Introduced,https://legiscan.com/GA/text/HR32/id/2860769,https://www.legis.ga.gov/api/legislation/document/2023EX/220761
1790312,2861573,text,55181,application/pdf,Introduced,https://legiscan.com/GA/text/HR33/id/2861573,https://www.legis.ga.gov/api/legislation/document/2023EX/220768
1791081,2862166,text,55377,application/pdf,Introduced,https://legiscan.com/GA/text/HR34/id/2862166,https://www.legis.ga.gov/api/legislation/document/2023EX/220785
1791060,2862162,text,54952,application/pdf,Introduced,https://legiscan.com/GA/text/HR35/id/2862162,https://www.legis.ga.gov/api/legislation/document/2023EX/220786
1791087,2862167,text,55084,application/pdf,Introduced,https://legiscan.com/GA/text/HR36/id/2862167,https://www.legis.ga.gov/api/legislation/document/2023EX/220787
1791065,2862163,text,55183,application/pdf,Introduced,https://legiscan.com/GA/text/HR37/id/2862163,https://www.legis.ga.gov/api/legislation/document/2023EX/220788
1791091,2862168,text,61666,application/pdf,Introduced,https://legiscan.com/GA/text/HR38/id/2862168,https://www.legis.ga.gov/api/legislation/document/2023EX/220789
1791076,2862165,text,57288,application/pdf,Introduced,https://legiscan.com/GA/text/HR39/id/2862165,https://www.legis.ga.gov/api/legislation/document/2023EX/220790
1791071,2862164,text,54511,application/pdf,Introduced,https://legiscan.com/GA/text/HR40/id/2862164,https://www.legis.ga.gov/api/legislation/document/2023EX/220792
1785233,2852125,text,253564,application/pdf,Introduced,https://legiscan.com/GA/text/SB1/id/2852125,https://www.legis.ga.gov/api/legislation/document/2023EX/220575
1785233,2852809,text,254542,application/pdf,Engrossed,https://legiscan.com/GA/text/SB1/id/2852809,https://www.legis.ga.gov/api/legislation/document/2023EX/220648
1785233,2861538,text,254532,application/pdf,Engrossed,https://legiscan.com/GA/text/SB1/id/2861538,https://www.legis.ga.gov/api/legislation/document/2023EX/220702
1785244,2852129,text,83424,application/pdf,Introduced,https://legiscan.com/GA/text/SB2/id/2852129,https://www.legis.ga.gov/api/legislation/document/2023EX/220577
1785242,2852128,text,82496,application/pdf,Introduced,https://legiscan.com/GA/text/SB3/id/2852128,https://www.legis.ga.gov/api/legislation/document/2023EX/220579
1785242,2859977,text,162465,application/pdf,"Comm Sub",https://legiscan.com/GA/text/SB3/id/2859977,https://www.legis.ga.gov/api/legislation/document/2023EX/220701
1785242,2860776,text,184222,application/pdf,Engrossed,https://legiscan.com/GA/text/SB3/id/2860776,https://www.legis.ga.gov/api/legislation/document/2023EX/220710
1785242,2862161,text,183748,application/pdf,Enrolled,https://legiscan.com/GA/text/SB3/id/2862161,https://www.legis.ga.gov/api/legislation/document/2023EX/220776
1785200,2852111,text,246387,application/pdf,Introduced,https://legiscan.com/GA/text/SB4/id/2852111,https://www.legis.ga.gov/api/legislation/document/2023EX/220596
1785196,2852108,text,76785,application/pdf,Introduced,https://legiscan.com/GA/text/SB5/id/2852108,https://www.legis.ga.gov/api/legislation/document/2023EX/220617
1785196,2860430,text,77718,application/pdf,Engrossed,https://legiscan.com/GA/text/SB5/id/2860430,https://www.legis.ga.gov/api/legislation/document/2023EX/220695
1785196,2862178,text,78123,application/pdf,Enrolled,https://legiscan.com/GA/text/SB5/id/2862178,https://www.legis.ga.gov/api/legislation/document/2023EX/220791
1785190,2852105,text,96815,application/pdf,Introduced,https://legiscan.com/GA/text/SR1/id/2852105,https://www.legis.ga.gov/api/legislation/document/2023EX/220581
1785190,2860452,text,97084,application/pdf,Enrolled,https://legiscan.com/GA/text/SR1/id/2860452,https://www.legis.ga.gov/api/legislation/document/2023EX/220644
1785206,2852114,text,44777,application/pdf,Introduced,https://legiscan.com/GA/text/SR2/id/2852114,https://www.legis.ga.gov/api/legislation/document/2023EX/220568
1785206,2860479,text,63230,application/pdf,Enrolled,https://legiscan.com/GA/text/SR2/id/2860479,https://www.legis.ga.gov/api/legislation/document/2023EX/220645
1785187,2852104,text,49152,application/pdf,Introduced,https://legiscan.com/GA/text/SR3/id/2852104,https://www.legis.ga.gov/api/legislation/document/2023EX/220569
1785187,2860453,text,67604,application/pdf,Enrolled,https://legiscan.com/GA/text/SR3/id/2860453,https://www.legis.ga.gov/api/legislation/document/2023EX/220646
1785187,2860454,text,66796,application/pdf,Enrolled,https://legiscan.com/GA/text/SR3/id/2860454,https://www.legis.ga.gov/api/legislation/document/2023EX/220647
1785239,2852127,text,60262,application/pdf,Introduced,https://legiscan.com/GA/text/SR4/id/2852127,https://www.legis.ga.gov/api/legislation/document/2023EX/220583
1785223,2852121,text,57810,application/pdf,Enrolled,https://legiscan.com/GA/text/SR5/id/2852121,https://www.legis.ga.gov/api/legislation/document/2023EX/220610
1785767,2852540,text,56434,application/pdf,Introduced,https://legiscan.com/GA/text/SR6/id/2852540,https://www.legis.ga.gov/api/legislation/document/2023EX/220633
1785767,2862710,text,74077,application/pdf,Engrossed,https://legiscan.com/GA/text/SR6/id/2862710,https://www.legis.ga.gov/api/legislation/document/2023EX/220801
1785767,2852808,text,74875,application/pdf,Enrolled,https://legiscan.com/GA/text/SR6/id/2852808,https://www.legis.ga.gov/api/legislation/document/2023EX/220651
1785896,2852819,text,57257,application/pdf,Enrolled,https://legiscan.com/GA/text/SR7/id/2852819,https://www.legis.ga.gov/api/legislation/document/2023EX/220655
1785900,2852823,text,59079,application/pdf,Enrolled,https://legiscan.com/GA/text/SR8/id/2852823,https://www.legis.ga.gov/api/legislation/document/2023EX/220656
1785902,2852825,text,55610,application/pdf,Enrolled,https://legiscan.com/GA/text/SR9/id/2852825,https://www.legis.ga.gov/api/legislation/document/2023EX/220674
1785894,2852817,text,56850,application/pdf,Enrolled,https://legiscan.com/GA/text/SR10/id/2852817,https://www.legis.ga.gov/api/legislation/document/2023EX/220690
1789191,2859982,text,55963,application/pdf,Enrolled,https://legiscan.com/GA/text/SR11/id/2859982,https://www.legis.ga.gov/api/legislation/document/2023EX/220698
1789190,2859981,text,53533,application/pdf,Enrolled,https://legiscan.com/GA/text/SR12/id/2859981,https://www.legis.ga.gov/api/legislation/document/2023EX/220717
1789195,2859986,text,56381,application/pdf,Enrolled,https://legiscan.com/GA/text/SR13/id/2859986,https://www.legis.ga.gov/api/legislation/document/2023EX/220718
1789505,2860770,text,54914,application/pdf,Enrolled,https://legiscan.com/GA/text/SR14/id/2860770,https://www.legis.ga.gov/api/legislation/document/2023EX/220747
1789503,2860768,text,56224,application/pdf,Enrolled,https://legiscan.com/GA/text/SR15/id/2860768,https://www.legis.ga.gov/api/legislation/document/2023EX/220749
1789807,2861169,text,54732,application/pdf,Enrolled,https://legiscan.com/GA/text/SR16/id/2861169,https://www.legis.ga.gov/api/legislation/document/2023EX/220771
1785767,188345,amendment,62577,application/pdf,"House Floor Amendment",https://legiscan.com/GA/amendment/SR6/id/188345,https://www.legis.ga.gov/api/legislation/document/2023EX/220650
