bill_id,date,chamber,sequence,action
1785187,2023-11-28,Senate,1,"Senate Hopper"
1785187,2023-11-29,Senate,2,"Senate Read and Adopted"
1785187,2023-11-29,House,3,"House First Readers"
1785187,2023-11-29,House,4,"House Read and Adopted"
1785187,2023-11-29,House,5,"House Immediately Transmitted to Senate"
1785190,2023-11-28,Senate,1,"Senate Hopper"
1785190,2023-11-29,Senate,2,"Senate Engrossed"
1785190,2023-11-29,Senate,3,"Senate Passed/Adopted"
1785193,2023-11-28,House,1,"House Hopper"
1785193,2023-11-29,House,2,"House First Readers"
1785193,2023-11-29,House,3,"House Read and Adopted"
1785193,2023-11-29,House,4,"House Immediately Transmitted to Senate"
1785196,2023-11-29,Senate,1,"Senate Hopper"
1785196,2023-11-30,Senate,2,"Senate Read and Referred"
1785196,2023-12-04,Senate,3,"Senate Committee Favorably Reported"
1785196,2023-12-04,Senate,4,"Senate Passed/Adopted"
1785196,2023-12-05,House,5,"House First Readers"
1785196,2023-12-06,House,6,"House Second Readers"
1785196,2023-12-07,House,7,"House Committee Favorably Reported"
1785196,2023-12-07,House,8,"House Third Readers"
1785196,2023-12-07,House,9,"House Passed/Adopted"
1785196,2023-12-07,Senate,10,"Senate Sent to Governor"
1785196,2023-12-18,Senate,11,"Senate Date Signed by Governor"
1785196,2023-12-18,,12,"Act 6 EX"
1785196,2023-12-18,,13,"Effective Date 2023-12-18"
1785200,2023-11-29,Senate,1,"Senate Hopper"
1785200,2023-11-29,Senate,2,"Senate Read and Referred"
1785202,2023-11-29,House,1,"House Hopper"
1785202,2023-11-29,House,2,"House First Readers"
1785202,2023-11-30,House,3,"House Second Readers"
1785202,2023-12-04,House,4,"House Committee Favorably Reported By Substitute"
1785202,2023-12-04,House,5,"House Third Readers"
1785202,2023-12-04,House,6,"House Passed/Adopted By Substitute"
1785202,2023-12-04,Senate,7,"Senate Read and Referred"
1785202,2023-12-05,Senate,8,"Senate Committee Favorably Reported"
1785202,2023-12-05,Senate,9,"Senate Passed/Adopted"
1785202,2023-12-07,House,10,"House Sent to Governor"
1785202,2023-12-18,House,11,"House Date Signed by Governor"
1785202,2023-12-18,,12,"Act 4EX"
1785202,2023-12-18,,13,"Effective Date 2023-12-18"
1785206,2023-11-28,Senate,1,"Senate Hopper"
1785206,2023-11-29,Senate,2,"Senate Read and Adopted"
1785208,2023-11-29,House,1,"House Hopper"
1785208,2023-11-29,House,2,"House First Readers"
1785208,2023-11-29,House,3,"House Read and Adopted"
1785211,2023-11-29,House,1,"House Hopper"
1785211,2023-11-29,House,2,"House First Readers"
1785211,2023-11-30,House,3,"House Second Readers"
1785211,2023-12-01,House,4,"House Committee Favorably Reported"
1785211,2023-12-04,House,5,"House Third Readers"
1785211,2023-12-04,House,6,"House Passed/Adopted"
1785215,2023-11-29,House,1,"House Hopper"
1785215,2023-11-29,House,2,"House First Readers"
1785215,2023-11-30,House,3,"House Second Readers"
1785215,2023-11-30,House,4,"House Committee Favorably Reported"
1785215,2023-12-01,House,5,"House Withdrawn, Recommitted"
1785215,2023-12-01,House,6,"House Committee Favorably Reported"
1785215,2023-12-01,House,7,"House Third Readers"
1785215,2023-12-01,House,8,"House Passed/Adopted"
1785215,2023-12-01,House,9,"House Immediately Transmitted to Senate"
1785215,2023-12-01,Senate,10,"Senate Read and Referred"
1785215,2023-12-04,Senate,11,"Senate Committee Favorably Reported"
1785215,2023-12-04,Senate,12,"Senate Read Second Time"
1785215,2023-12-05,Senate,13,"Senate Engrossed"
1785215,2023-12-05,Senate,14,"Senate Third Read"
1785215,2023-12-05,Senate,15,"Senate Passed/Adopted"
1785215,2023-12-07,House,16,"House Sent to Governor"
1785215,2023-12-08,House,17,"House Date Signed by Governor"
1785215,2023-12-08,,18,"Act 3EX"
1785215,2023-12-08,,19,"Effective Date 2023-12-08"
1785218,2023-11-28,House,1,"House Hopper"
1785218,2023-11-29,House,2,"House First Readers"
1785218,2023-11-29,House,3,"House Read and Adopted"
1785218,2023-11-29,House,4,"House Immediately Transmitted to Senate"
1785218,2023-11-29,Senate,5,"Senate Passed/Adopted"
1785221,2023-11-29,House,1,"House Hopper"
1785221,2023-11-29,House,2,"House First Readers"
1785221,2023-11-30,House,3,"House Second Readers"
1785221,2023-12-04,House,4,"House Committee Favorably Reported"
1785221,2023-12-04,House,5,"House Third Readers"
1785221,2023-12-04,House,6,"House Passed/Adopted"
1785221,2023-12-04,Senate,7,"Senate Read and Referred"
1785221,2023-12-05,Senate,8,"Senate Committee Favorably Reported"
1785221,2023-12-05,Senate,9,"Senate Passed/Adopted"
1785221,2023-12-07,House,10,"House Sent to Governor"
1785221,2023-12-18,House,11,"House Date Signed by Governor"
1785221,2023-12-18,,12,"Act 5EX"
1785221,2023-12-18,,13,"Effective Date 2023-12-18"
1785223,2023-11-29,Senate,1,"Senate Hopper"
1785223,2023-11-30,Senate,2,"Senate Read and Adopted"
1785227,2023-11-29,House,1,"House Hopper"
1785227,2023-11-29,House,2,"House First Readers"
1785227,2023-11-30,House,3,"House Second Readers"
1785227,2023-11-30,House,4,"House Committee Favorably Reported"
1785227,2023-12-01,House,5,"House Third Readers"
1785227,2023-12-01,House,6,"House Passed/Adopted"
1785227,2023-12-01,House,7,"House Immediately Transmitted to Senate"
1785227,2023-12-01,Senate,8,"Senate Read and Referred"
1785227,2023-12-04,Senate,9,"Senate Committee Favorably Reported"
1785227,2023-12-04,Senate,10,"Senate Read Second Time"
1785227,2023-12-05,Senate,11,"Senate Engrossed"
1785227,2023-12-05,Senate,12,"Senate Third Read"
1785227,2023-12-05,Senate,13,"Senate Passed/Adopted"
1785231,2023-11-29,House,1,"House Hopper"
1785231,2023-11-29,House,2,"House First Readers"
1785231,2023-11-30,House,3,"House Second Readers"
1785231,2023-12-04,House,4,"House Committee Favorably Reported"
1785231,2023-12-04,House,5,"House Third Readers"
1785231,2023-12-04,House,6,"House Passed/Adopted"
1785231,2023-12-04,Senate,7,"Senate Read and Referred"
1785231,2023-12-05,Senate,8,"Senate Committee Favorably Reported"
1785231,2023-12-05,Senate,9,"Senate Passed/Adopted"
1785231,2023-12-07,House,10,"House Sent to Governor"
1785231,2023-12-19,House,11,"House Date Signed by Governor"
1785231,2023-12-19,,12,"Veto V1"
1785233,2023-11-29,Senate,1,"Senate Hopper"
1785233,2023-11-29,Senate,2,"Senate Read and Referred"
1785233,2023-11-30,Senate,3,"Senate Committee Favorably Reported"
1785233,2023-11-30,Senate,4,"Senate Read Second Time"
1785233,2023-12-01,Senate,5,"Senate Engrossed"
1785233,2023-12-01,Senate,6,"Senate Third Read"
1785233,2023-12-01,Senate,7,"Senate Passed/Adopted"
1785233,2023-12-01,House,8,"House First Readers"
1785233,2023-12-04,House,9,"House Second Readers"
1785233,2023-12-04,House,10,"House Committee Favorably Reported"
1785233,2023-12-05,House,11,"House Third Readers"
1785233,2023-12-05,House,12,"House Passed/Adopted"
1785233,2023-12-07,Senate,13,"Senate Sent to Governor"
1785233,2023-12-08,Senate,14,"Senate Date Signed by Governor"
1785233,2023-12-08,,15,"Act 1EX"
1785233,2023-12-08,,16,"Effective Date 2023-12-08"
1785236,2023-11-29,House,1,"House Hopper"
1785236,2023-11-29,House,2,"House First Readers"
1785236,2023-11-30,House,3,"House Second Readers"
1785239,2023-11-29,Senate,1,"Senate Hopper"
1785239,2023-11-29,Senate,2,"Senate Passed/Adopted"
1785242,2023-11-29,Senate,1,"Senate Hopper"
1785242,2023-11-29,Senate,2,"Senate Read and Referred"
1785242,2023-12-04,Senate,3,"Senate Committee Favorably Reported By Substitute"
1785242,2023-12-04,Senate,4,"Senate Read Second Time"
1785242,2023-12-05,Senate,5,"Senate Engrossed"
1785242,2023-12-05,Senate,6,"Senate Third Read"
1785242,2023-12-05,Senate,7,"Senate Passed/Adopted By Substitute"
1785242,2023-12-05,House,8,"House First Readers"
1785242,2023-12-06,House,9,"House Second Readers"
1785242,2023-12-06,House,10,"House Committee Favorably Reported"
1785242,2023-12-07,House,11,"House Third Readers"
1785242,2023-12-07,House,12,"House Passed/Adopted"
1785242,2023-12-07,Senate,13,"Senate Sent to Governor"
1785242,2023-12-08,Senate,14,"Senate Date Signed by Governor"
1785242,2023-12-08,,15,"Act 2EX"
1785242,2023-12-08,,16,"Effective Date 2023-12-08"
1785244,2023-11-29,Senate,1,"Senate Hopper"
1785244,2023-11-29,Senate,2,"Senate Read and Referred"
1785757,2023-11-30,House,1,"House Hopper"
1785757,2023-11-30,House,2,"House First Readers"
1785757,2023-11-30,House,3,"House Read and Adopted"
1785767,2023-11-30,Senate,1,"Senate Hopper"
1785767,2023-12-01,Senate,2,"Senate Passed/Adopted"
1785767,2023-12-01,House,3,"House First Readers"
1785767,2023-12-04,House,4,"House Second Readers"
1785767,2023-12-05,House,5,"House Committee Favorably Reported"
1785767,2023-12-06,House,6,"House Third Readers"
1785767,2023-12-06,House,7,"House Passed/Adopted"
1785776,2023-11-30,House,1,"House Hopper"
1785776,2023-11-30,House,2,"House First Readers"
1785776,2023-11-30,House,3,"House Read and Adopted"
1785785,2023-11-30,House,1,"House Hopper"
1785785,2023-11-30,House,2,"House First Readers"
1785785,2023-11-30,House,3,"House Read and Adopted"
1785794,2023-11-30,House,1,"House Hopper"
1785794,2023-11-30,House,2,"House First Readers"
1785794,2023-11-30,House,3,"House Read and Adopted"
1785804,2023-11-30,House,1,"House Hopper"
1785804,2023-11-30,House,2,"House First Readers"
1785804,2023-11-30,House,3,"House Read and Adopted"
1785812,2023-11-30,House,1,"House Hopper"
1785812,2023-11-30,House,2,"House First Readers"
1785812,2023-11-30,House,3,"House Read and Adopted"
1785890,2023-12-01,House,1,"House Hopper"
1785890,2023-12-01,House,2,"House First Readers"
1785890,2023-12-01,House,3,"House Read and Adopted"
1785891,2023-12-01,House,1,"House Hopper"
1785891,2023-12-01,House,2,"House First Readers"
1785891,2023-12-01,House,3,"House Read and Adopted"
1785892,2023-12-01,House,1,"House Hopper"
1785892,2023-12-01,House,2,"House First Readers"
1785892,2023-12-01,House,3,"House Read and Adopted"
1785893,2023-12-01,House,1,"House Hopper"
1785893,2023-12-01,House,2,"House First Readers"
1785893,2023-12-01,House,3,"House Read and Adopted"
1785894,2023-12-01,Senate,1,"Senate Hopper"
1785894,2023-12-04,Senate,2,"Senate Read and Adopted"
1785895,2023-12-01,House,1,"House Hopper"
1785895,2023-12-01,House,2,"House First Readers"
1785895,2023-12-01,House,3,"House Read and Adopted"
1785896,2023-12-01,Senate,1,"Senate Hopper"
1785896,2023-12-04,Senate,2,"Senate Read and Adopted"
1785897,2023-12-01,House,1,"House Hopper"
1785897,2023-12-01,House,2,"House First Readers"
1785897,2023-12-01,House,3,"House Read and Adopted"
1785898,2023-12-01,House,1,"House Hopper"
1785898,2023-12-01,House,2,"House First Readers"
1785898,2023-12-04,House,3,"House Second Readers"
1785899,2023-12-01,House,1,"House Hopper"
1785899,2023-12-01,House,2,"House First Readers"
1785899,2023-12-01,House,3,"House Read and Adopted"
1785900,2023-12-01,Senate,1,"Senate Hopper"
1785900,2023-12-04,Senate,2,"Senate Read and Adopted"
1785901,2023-12-01,House,1,"House Hopper"
1785901,2023-12-01,House,2,"House First Readers"
1785901,2023-12-01,House,3,"House Read and Adopted"
1785902,2023-12-01,Senate,1,"Senate Hopper"
1785902,2023-12-04,Senate,2,"Senate Read and Adopted"
1789187,2023-12-04,House,1,"House Hopper"
1789187,2023-12-04,House,2,"House First Readers"
1789187,2023-12-04,House,3,"House Read and Adopted"
1789188,2023-12-04,House,1,"House Hopper"
1789188,2023-12-04,House,2,"House First Readers"
1789188,2023-12-04,House,3,"House Read and Adopted"
1789189,2023-12-04,House,1,"House Hopper"
1789189,2023-12-04,House,2,"House First Readers"
1789189,2023-12-04,House,3,"House Read and Adopted"
1789190,2023-12-04,Senate,1,"Senate Hopper"
1789190,2023-12-05,Senate,2,"Senate Read and Adopted"
1789191,2023-12-04,Senate,1,"Senate Hopper"
1789191,2023-12-05,Senate,2,"Senate Read and Adopted"
1789192,2023-12-04,House,1,"House Hopper"
1789192,2023-12-05,House,2,"House First Readers"
1789192,2023-12-06,House,3,"House Second Readers"
1789193,2023-12-04,House,1,"House Hopper"
1789193,2023-12-04,House,2,"House First Readers"
1789193,2023-12-04,House,3,"House Read and Adopted"
1789194,2023-12-04,House,1,"House Hopper"
1789194,2023-12-04,House,2,"House First Readers"
1789194,2023-12-04,House,3,"House Read and Adopted"
1789195,2023-12-04,Senate,1,"Senate Hopper"
1789195,2023-12-05,Senate,2,"Senate Read and Adopted"
1789196,2023-12-04,House,1,"House Hopper"
1789196,2023-12-04,House,2,"House First Readers"
1789196,2023-12-04,House,3,"House Read and Adopted"
1789197,2023-12-04,House,1,"House Hopper"
1789197,2023-12-05,House,2,"House First Readers"
1789197,2023-12-06,House,3,"House Second Readers"
1789503,2023-12-05,Senate,1,"Senate Hopper"
1789504,2023-12-05,House,1,"House Hopper"
1789504,2023-12-05,House,2,"House First Readers"
1789504,2023-12-05,House,3,"House Read and Adopted"
1789505,2023-12-05,Senate,1,"Senate Hopper"
1789506,2023-12-05,House,1,"House Hopper"
1789506,2023-12-05,House,2,"House First Readers"
1789506,2023-12-05,House,3,"House Read and Adopted"
1789507,2023-12-05,House,1,"House Hopper"
1789507,2023-12-05,House,2,"House First Readers"
1789507,2023-12-05,House,3,"House Read and Adopted"
1789508,2023-12-05,House,1,"House Hopper"
1789508,2023-12-05,House,2,"House First Readers"
1789508,2023-12-05,House,3,"House Read and Adopted"
1789509,2023-12-05,House,1,"House Hopper"
1789509,2023-12-05,House,2,"House First Readers"
1789509,2023-12-05,House,3,"House Read and Adopted"
1789807,2023-12-06,Senate,1,"Senate Hopper"
1790312,2023-12-06,House,1,"House Hopper"
1790312,2023-12-06,House,2,"House First Readers"
1790312,2023-12-06,House,3,"House Read and Adopted"
1791060,2023-12-07,House,1,"House Hopper"
1791060,2023-12-07,House,2,"House First Readers"
1791060,2023-12-07,House,3,"House Read and Adopted"
1791065,2023-12-07,House,1,"House Hopper"
1791065,2023-12-07,House,2,"House First Readers"
1791065,2023-12-07,House,3,"House Read and Adopted"
1791071,2023-12-07,House,1,"House Hopper"
1791071,2023-12-07,House,2,"House First Readers"
1791071,2023-12-07,House,3,"House Read and Adopted"
1791076,2023-12-07,House,1,"House Hopper"
1791076,2023-12-07,House,2,"House First Readers"
1791076,2023-12-07,House,3,"House Read and Adopted"
1791081,2023-12-07,House,1,"House Hopper"
1791081,2023-12-07,House,2,"House First Readers"
1791081,2023-12-07,House,3,"House Read and Adopted"
1791087,2023-12-07,House,1,"House Hopper"
1791087,2023-12-07,House,2,"House First Readers"
1791087,2023-12-07,House,3,"House Read and Adopted"
1791091,2023-12-07,House,1,"House Hopper"
1791091,2023-12-07,House,2,"House First Readers"
1791091,2023-12-07,House,3,"House Read and Adopted"
