bill_id,roll_call_id,date,chamber,description,yea,nay,nv,absent,total
1785190,1357964,2023-11-29,Senate,"Motion To Engross: Senate Vote #2",32,22,0,2,56
1785190,1357965,2023-11-29,Senate,"Adoption: Senate Vote #3",32,22,0,2,56
1785196,1361878,2023-12-04,Senate,"Local Consent Calendar: Senate Vote #14",52,0,2,2,56
1785196,1361879,2023-12-04,House,"Suspend The Rules: House Vote #11",80,49,36,15,180
1785196,1362083,2023-12-07,House,"Local Calendar : House Vote #17",157,0,19,4,180
1785202,1361654,2023-12-04,House,"Local Calendar : House Vote #9",164,0,7,9,180
1785202,1361978,2023-12-05,Senate,"Local Consent Calendar: Senate Vote #15",46,0,6,4,56
1785211,1361656,2023-12-04,House,"Adopt: House Vote #10",129,2,31,18,180
1785215,1358055,2023-12-01,House,"Passage: House Vote #6",101,77,2,0,180
1785215,1358056,2023-12-01,House,"Immediately Transmit: House Vote #7",101,76,3,0,180
1785215,1361974,2023-12-05,Senate,"Motion To Engross: Hb 1 Ex, Sb 3 Ex, And Hr 3 Ex: Senate Vote #17",30,20,1,5,56
1785215,1361975,2023-12-05,Senate,"Passage: Senate Vote #18",32,21,1,2,56
1785218,1357963,2023-11-29,Senate,"Adoption: Senate Vote #4",51,0,3,2,56
1785221,1361216,2023-12-04,House,"Local Calendar : House Vote #9",164,0,7,9,180
1785221,1361967,2023-12-05,Senate,"Local Consent Calendar: Senate Vote #15",46,0,6,4,56
1785227,1358057,2023-12-01,House,"Ex: House Vote #4",178,0,2,0,180
1785227,1358058,2023-12-01,House,"Immediately Transmit: House Vote #5",178,0,2,0,180
1785227,1361969,2023-12-05,Senate,"Motion To Engross: Hb 1 Ex, Sb 3 Ex, And Hr 3 Ex: Senate Vote #17",30,20,1,5,56
1785227,1361970,2023-12-05,Senate,"Adoption: Senate Vote #20",52,2,1,1,56
1785231,1361655,2023-12-04,House,"Local Calendar : House Vote #9",164,0,7,9,180
1785231,1361971,2023-12-05,Senate,"Local Consent Calendar: Senate Vote #15",46,0,6,4,56
1785233,1358053,2023-12-01,Senate,"Motion To Engross: Senate Vote #11",32,22,1,1,56
1785233,1358054,2023-12-01,Senate,"Passage: Senate Vote #12",32,23,1,0,56
1785233,1361973,2023-12-05,House,"Passage: House Vote #13",98,71,5,6,180
1785239,1357966,2023-11-29,Senate,"Motion To Adopt By Unanimous Consent: Senate Vote #5",17,32,2,5,56
1785239,1357967,2023-11-29,Senate,"Adoption: Senate Vote #6",46,0,5,5,56
1785242,1361976,2023-12-05,Senate,"Motion To Engross: Hb 1 Ex, Sb 3 Ex, And Hr 3 Ex: Senate Vote #17",30,20,1,5,56
1785242,1361977,2023-12-05,Senate,"Passage By Substitute: Senate Vote #19",32,22,1,1,56
1785242,1362080,2023-12-07,House,"Agree To Committee Report: House Vote #18",97,71,7,5,180
1785242,1362081,2023-12-07,House,"Passage: House Vote #19",98,71,6,5,180
1785767,1358051,2023-12-01,Senate,"Adoption Of Amendment #1 By The Senator From The 41st: Senate Vote #9",23,31,2,0,56
1785767,1358052,2023-12-01,Senate,"Adoption: Senate Vote #10",48,5,3,0,56
1785767,1362025,2023-12-06,House,"Adopt: House Vote #15",144,5,12,19,180
