bill_id,session_id,bill_number,status,status_desc,status_date,title,description,committee_id,committee,last_action_date,last_action,url,state_link
560624,1042,HB2001,4,Passed,2013-06-17,"2013-2014; general appropriations.","2013-2014; general appropriations.",0,,2013-06-17,"Governor Signed",https://legiscan.com/AZ/bill/HB2001/2013/X1,http://www.azleg.gov/DocumentsForBill.asp?Session_ID=111&Bill_Number=HB2001
560588,1042,HB2002,4,Passed,2013-06-17,"2013-2014; government; budget reconciliation.","2013-2014; government; budget reconciliation.",0,,2013-06-17,"Governor Signed",https://legiscan.com/AZ/bill/HB2002/2013/X1,http://www.azleg.gov/DocumentsForBill.asp?Session_ID=111&Bill_Number=HB2002
560615,1042,HB2003,4,Passed,2013-06-17,"2013-2014; K-12 education; budget reconciliation.","2013-2014; K-12 education; budget reconciliation.",0,,2013-06-17,"Governor Signed",https://legiscan.com/AZ/bill/HB2003/2013/X1,http://www.azleg.gov/DocumentsForBill.asp?Session_ID=111&Bill_Number=HB2003
560597,1042,HB2004,4,Passed,2013-06-17,"2013-2014; environment; budget reconciliation.","2013-2014; environment; budget reconciliation.",0,,2013-06-17,"Governor Signed",https://legiscan.com/AZ/bill/HB2004/2013/X1,http://www.azleg.gov/DocumentsForBill.asp?Session_ID=111&Bill_Number=HB2004
560640,1042,HB2005,4,Passed,2013-06-17,"2013-2014; criminal justice; budget reconciliation.","2013-2014; criminal justice; budget reconciliation.",0,,2013-06-17,"Governor Signed",https://legiscan.com/AZ/bill/HB2005/2013/X1,http://www.azleg.gov/DocumentsForBill.asp?Session_ID=111&Bill_Number=HB2005
560683,1042,HB2006,4,Passed,2013-06-17,"2013-2014; budget procedures.","2013-2014; budget procedures.",0,,2013-06-17,"Governor Signed",https://legiscan.com/AZ/bill/HB2006/2013/X1,http://www.azleg.gov/DocumentsForBill.asp?Session_ID=111&Bill_Number=HB2006
560631,1042,HB2007,4,Passed,2013-06-17,"2013-2014; higher education; budget reconciliation.","2013-2014; higher education; budget reconciliation.",0,,2013-06-17,"Governor Signed",https://legiscan.com/AZ/bill/HB2007/2013/X1,http://www.azleg.gov/DocumentsForBill.asp?Session_ID=111&Bill_Number=HB2007
560545,1042,HB2008,4,Passed,2013-06-17,"2013-2014; capital outlay.","2013-2014; capital outlay.",0,,2013-06-17,"Governor Signed",https://legiscan.com/AZ/bill/HB2008/2013/X1,http://www.azleg.gov/DocumentsForBill.asp?Session_ID=111&Bill_Number=HB2008
560691,1042,HB2009,4,Passed,2013-06-17,"2013-2014; revenue; budget reconciliation.","2013-2014; revenue; budget reconciliation.",0,,2013-06-17,"Governor Signed",https://legiscan.com/AZ/bill/HB2009/2013/X1,http://www.azleg.gov/DocumentsForBill.asp?Session_ID=111&Bill_Number=HB2009
560605,1042,HB2010,4,Passed,2013-06-17,"2013-2014; health; welfare; budget reconciliation.","2013-2014; health; welfare; budget reconciliation.",0,,2013-06-17,"Governor Signed",https://legiscan.com/AZ/bill/HB2010/2013/X1,http://www.azleg.gov/DocumentsForBill.asp?Session_ID=111&Bill_Number=HB2010
560665,1042,SB1001,1,Introduced,2013-06-11,"2013-2014; revenue; budget reconciliation","2013-2014; revenue; budget reconciliation",0,,2013-06-12,"Senate read second time",https://legiscan.com/AZ/bill/SB1001/2013/X1,http://www.azleg.gov/DocumentsForBill.asp?Session_ID=111&Bill_Number=SB1001
560554,1042,SB1002,1,Introduced,2013-06-11,"2013-2014; capital outlay","2013-2014; capital outlay",0,,2013-06-12,"Senate read second time",https://legiscan.com/AZ/bill/SB1002/2013/X1,http://www.azleg.gov/DocumentsForBill.asp?Session_ID=111&Bill_Number=SB1002
560571,1042,SB1003,1,Introduced,2013-06-11,"2013-2014; higher education; budget reconciliation","2013-2014; higher education; budget reconciliation",0,,2013-06-12,"Senate read second time",https://legiscan.com/AZ/bill/SB1003/2013/X1,http://www.azleg.gov/DocumentsForBill.asp?Session_ID=111&Bill_Number=SB1003
560674,1042,SB1004,1,Introduced,2013-06-11,"2013-2014; budget procedures","2013-2014; budget procedures",0,,2013-06-12,"Senate read second time",https://legiscan.com/AZ/bill/SB1004/2013/X1,http://www.azleg.gov/DocumentsForBill.asp?Session_ID=111&Bill_Number=SB1004
560706,1042,SB1005,1,Introduced,2013-06-11,"2013-2014; criminal justice; budget reconciliation","2013-2014; criminal justice; budget reconciliation",0,,2013-06-12,"Senate read second time",https://legiscan.com/AZ/bill/SB1005/2013/X1,http://www.azleg.gov/DocumentsForBill.asp?Session_ID=111&Bill_Number=SB1005
560700,1042,SB1006,1,Introduced,2013-06-11,"2013-2014; environment; budget reconciliation","2013-2014; environment; budget reconciliation",0,,2013-06-12,"Senate read second time",https://legiscan.com/AZ/bill/SB1006/2013/X1,http://www.azleg.gov/DocumentsForBill.asp?Session_ID=111&Bill_Number=SB1006
560657,1042,SB1007,1,Introduced,2013-06-11,"2013-2014; K-12 education; budget reconciliation","2013-2014; K-12 education; budget reconciliation",0,,2013-06-12,"Senate read second time",https://legiscan.com/AZ/bill/SB1007/2013/X1,http://www.azleg.gov/DocumentsForBill.asp?Session_ID=111&Bill_Number=SB1007
560562,1042,SB1008,1,Introduced,2013-06-11,"2013-2014; government; budget reconciliation","2013-2014; government; budget reconciliation",0,,2013-06-12,"Senate read second time",https://legiscan.com/AZ/bill/SB1008/2013/X1,http://www.azleg.gov/DocumentsForBill.asp?Session_ID=111&Bill_Number=SB1008
560648,1042,SB1009,1,Introduced,2013-06-11,"2013-2014; health; welfare; budget reconciliation","2013-2014; health; welfare; budget reconciliation",0,,2013-06-12,"Senate read second time",https://legiscan.com/AZ/bill/SB1009/2013/X1,http://www.azleg.gov/DocumentsForBill.asp?Session_ID=111&Bill_Number=SB1009
560580,1042,SB1010,1,Introduced,2013-06-11,"2013-2014; general appropriations","2013-2014; general appropriations",0,,2013-06-12,"Senate read second time",https://legiscan.com/AZ/bill/SB1010/2013/X1,http://www.azleg.gov/DocumentsForBill.asp?Session_ID=111&Bill_Number=SB1010
