bill_id,document_id,document_type,document_size,document_mime,document_desc,url,state_link
560624,868209,text,360264,text/html,Introduced,https://legiscan.com/AZ/text/HB2001/id/868209,http://www.azleg.gov/legtext/51leg/1s/bills/hb2001p.htm
560624,868210,text,367885,text/html,Engrossed,https://legiscan.com/AZ/text/HB2001/id/868210,http://www.azleg.gov/legtext/51leg/1s/bills/hb2001h.htm
560624,868212,text,358578,text/html,Chaptered,https://legiscan.com/AZ/text/HB2001/id/868212,http://www.azleg.gov/legtext/51leg/1s/laws/0001.htm
560588,868123,text,74531,text/html,Introduced,https://legiscan.com/AZ/text/HB2002/id/868123,http://www.azleg.gov/legtext/51leg/1s/bills/hb2002p.htm
560588,868124,text,65282,text/html,Engrossed,https://legiscan.com/AZ/text/HB2002/id/868124,http://www.azleg.gov/legtext/51leg/1s/bills/hb2002h.htm
560588,868125,text,65973,text/html,Chaptered,https://legiscan.com/AZ/text/HB2002/id/868125,http://www.azleg.gov/legtext/51leg/1s/laws/0002.htm
560615,868190,text,189008,text/html,Introduced,https://legiscan.com/AZ/text/HB2003/id/868190,http://www.azleg.gov/legtext/51leg/1s/bills/hb2003p.htm
560615,868191,text,547017,text/html,Engrossed,https://legiscan.com/AZ/text/HB2003/id/868191,http://www.azleg.gov/legtext/51leg/1s/bills/hb2003h.htm
560615,868192,text,547989,text/html,Chaptered,https://legiscan.com/AZ/text/HB2003/id/868192,http://www.azleg.gov/legtext/51leg/1s/laws/0003.htm
560597,868145,text,26475,text/html,Introduced,https://legiscan.com/AZ/text/HB2004/id/868145,http://www.azleg.gov/legtext/51leg/1s/bills/hb2004p.htm
560597,868146,text,28494,text/html,Engrossed,https://legiscan.com/AZ/text/HB2004/id/868146,http://www.azleg.gov/legtext/51leg/1s/bills/hb2004h.htm
560597,868147,text,29457,text/html,Chaptered,https://legiscan.com/AZ/text/HB2004/id/868147,http://www.azleg.gov/legtext/51leg/1s/laws/0004.htm
560640,868250,text,48653,text/html,Introduced,https://legiscan.com/AZ/text/HB2005/id/868250,http://www.azleg.gov/legtext/51leg/1s/bills/hb2005p.htm
560640,868251,text,82953,text/html,Engrossed,https://legiscan.com/AZ/text/HB2005/id/868251,http://www.azleg.gov/legtext/51leg/1s/bills/hb2005h.htm
560640,868252,text,83917,text/html,Chaptered,https://legiscan.com/AZ/text/HB2005/id/868252,http://www.azleg.gov/legtext/51leg/1s/laws/0005.htm
560683,868353,text,48443,text/html,Introduced,https://legiscan.com/AZ/text/HB2006/id/868353,http://www.azleg.gov/legtext/51leg/1s/bills/hb2006p.htm
560683,868354,text,40826,text/html,Engrossed,https://legiscan.com/AZ/text/HB2006/id/868354,http://www.azleg.gov/legtext/51leg/1s/bills/hb2006h.htm
560683,868355,text,41739,text/html,Chaptered,https://legiscan.com/AZ/text/HB2006/id/868355,http://www.azleg.gov/legtext/51leg/1s/laws/0006.htm
560631,868226,text,47407,text/html,Introduced,https://legiscan.com/AZ/text/HB2007/id/868226,http://www.azleg.gov/legtext/51leg/1s/bills/hb2007p.htm
560631,868227,text,47050,text/html,Engrossed,https://legiscan.com/AZ/text/HB2007/id/868227,http://www.azleg.gov/legtext/51leg/1s/bills/hb2007h.htm
560631,868228,text,47953,text/html,Chaptered,https://legiscan.com/AZ/text/HB2007/id/868228,http://www.azleg.gov/legtext/51leg/1s/laws/0007.htm
560545,868023,text,38929,text/html,Introduced,https://legiscan.com/AZ/text/HB2008/id/868023,http://www.azleg.gov/legtext/51leg/1s/bills/hb2008p.htm
560545,868024,text,39218,text/html,Engrossed,https://legiscan.com/AZ/text/HB2008/id/868024,http://www.azleg.gov/legtext/51leg/1s/bills/hb2008h.htm
560545,868025,text,39714,text/html,Chaptered,https://legiscan.com/AZ/text/HB2008/id/868025,http://www.azleg.gov/legtext/51leg/1s/laws/0008.htm
560691,868374,text,42383,text/html,Introduced,https://legiscan.com/AZ/text/HB2009/id/868374,http://www.azleg.gov/legtext/51leg/1s/bills/hb2009p.htm
560691,868375,text,226880,text/html,Engrossed,https://legiscan.com/AZ/text/HB2009/id/868375,http://www.azleg.gov/legtext/51leg/1s/bills/hb2009h.htm
560691,868376,text,227402,text/html,Chaptered,https://legiscan.com/AZ/text/HB2009/id/868376,http://www.azleg.gov/legtext/51leg/1s/laws/0009.htm
560605,868167,text,185203,text/html,Introduced,https://legiscan.com/AZ/text/HB2010/id/868167,http://www.azleg.gov/legtext/51leg/1s/bills/hb2010p.htm
560605,868168,text,185252,text/html,Engrossed,https://legiscan.com/AZ/text/HB2010/id/868168,http://www.azleg.gov/legtext/51leg/1s/bills/hb2010h.htm
560605,868169,text,186008,text/html,Chaptered,https://legiscan.com/AZ/text/HB2010/id/868169,http://www.azleg.gov/legtext/51leg/1s/laws/0010.htm
560665,868308,text,42359,text/html,Introduced,https://legiscan.com/AZ/text/SB1001/id/868308,http://www.azleg.gov/legtext/51leg/1s/bills/sb1001p.htm
560665,868309,text,226863,text/html,Engrossed,https://legiscan.com/AZ/text/SB1001/id/868309,http://www.azleg.gov/legtext/51leg/1s/bills/sb1001s.htm
560554,868041,text,38904,text/html,Introduced,https://legiscan.com/AZ/text/SB1002/id/868041,http://www.azleg.gov/legtext/51leg/1s/bills/sb1002p.htm
560554,868042,text,39211,text/html,Engrossed,https://legiscan.com/AZ/text/SB1002/id/868042,http://www.azleg.gov/legtext/51leg/1s/bills/sb1002s.htm
560571,868081,text,47380,text/html,Introduced,https://legiscan.com/AZ/text/SB1003/id/868081,http://www.azleg.gov/legtext/51leg/1s/bills/sb1003p.htm
560571,868082,text,47033,text/html,Engrossed,https://legiscan.com/AZ/text/SB1003/id/868082,http://www.azleg.gov/legtext/51leg/1s/bills/sb1003s.htm
560674,868332,text,48357,text/html,Introduced,https://legiscan.com/AZ/text/SB1004/id/868332,http://www.azleg.gov/legtext/51leg/1s/bills/sb1004p.htm
560674,868333,text,40810,text/html,Engrossed,https://legiscan.com/AZ/text/SB1004/id/868333,http://www.azleg.gov/legtext/51leg/1s/bills/sb1004s.htm
560706,868411,text,48627,text/html,Introduced,https://legiscan.com/AZ/text/SB1005/id/868411,http://www.azleg.gov/legtext/51leg/1s/bills/sb1005p.htm
560706,868412,text,82938,text/html,Engrossed,https://legiscan.com/AZ/text/SB1005/id/868412,http://www.azleg.gov/legtext/51leg/1s/bills/sb1005s.htm
560700,868396,text,26450,text/html,Introduced,https://legiscan.com/AZ/text/SB1006/id/868396,http://www.azleg.gov/legtext/51leg/1s/bills/sb1006p.htm
560700,868397,text,28478,text/html,Engrossed,https://legiscan.com/AZ/text/SB1006/id/868397,http://www.azleg.gov/legtext/51leg/1s/bills/sb1006s.htm
560657,868291,text,188987,text/html,Introduced,https://legiscan.com/AZ/text/SB1007/id/868291,http://www.azleg.gov/legtext/51leg/1s/bills/sb1007p.htm
560657,868292,text,547005,text/html,Engrossed,https://legiscan.com/AZ/text/SB1007/id/868292,http://www.azleg.gov/legtext/51leg/1s/bills/sb1007s.htm
560562,868062,text,74505,text/html,Introduced,https://legiscan.com/AZ/text/SB1008/id/868062,http://www.azleg.gov/legtext/51leg/1s/bills/sb1008p.htm
560562,868063,text,65266,text/html,Engrossed,https://legiscan.com/AZ/text/SB1008/id/868063,http://www.azleg.gov/legtext/51leg/1s/bills/sb1008s.htm
560648,868272,text,185116,text/html,Introduced,https://legiscan.com/AZ/text/SB1009/id/868272,http://www.azleg.gov/legtext/51leg/1s/bills/sb1009p.htm
560648,868273,text,185238,text/html,Engrossed,https://legiscan.com/AZ/text/SB1009/id/868273,http://www.azleg.gov/legtext/51leg/1s/bills/sb1009s.htm
560580,868101,text,360280,text/html,Introduced,https://legiscan.com/AZ/text/SB1010/id/868101,http://www.azleg.gov/legtext/51leg/1s/bills/sb1010p.htm
560580,868102,text,367872,text/html,Engrossed,https://legiscan.com/AZ/text/SB1010/id/868102,http://www.azleg.gov/legtext/51leg/1s/bills/sb1010s.htm
560624,5733,amendment,52108,text/html,"HOUSE ADOPTED AMENDMENT: Pratt Floor Amendment; Reference to printed bill",https://legiscan.com/AZ/amendment/HB2001/id/5733,http://www.azleg.gov/legtext/51leg/1s/adopted/h.2001-f1-pratt.doc.htm
560588,5729,amendment,33728,text/html,"HOUSE ADOPTED AMENDMENT: Pratt Floor Amendment; Reference to printed bill",https://legiscan.com/AZ/amendment/HB2002/id/5729,http://www.azleg.gov/legtext/51leg/1s/adopted/h.2002fp.doc.htm
560615,5732,amendment,448484,text/html,"HOUSE ADOPTED AMENDMENT: Pratt Floor Amendment; Reference to printed bill",https://legiscan.com/AZ/amendment/HB2003/id/5732,http://www.azleg.gov/legtext/51leg/1s/adopted/h.2003fp.doc.htm
560597,5730,amendment,28639,text/html,"HOUSE ADOPTED AMENDMENT: Pratt Floor Amendment; Reference to printed bill",https://legiscan.com/AZ/amendment/HB2004/id/5730,http://www.azleg.gov/legtext/51leg/1s/adopted/h.2004fp.doc.htm
560640,5735,amendment,62039,text/html,"HOUSE ADOPTED AMENDMENT: Pratt Floor Amendment; Reference to printed bill",https://legiscan.com/AZ/amendment/HB2005/id/5735,http://www.azleg.gov/legtext/51leg/1s/adopted/h.2005fp.doc.htm
560683,5740,amendment,27494,text/html,"HOUSE ADOPTED AMENDMENT: Pratt Floor Amendment; Reference to printed bill",https://legiscan.com/AZ/amendment/HB2006/id/5740,http://www.azleg.gov/legtext/51leg/1s/adopted/h.2006fp.doc.htm
560631,5734,amendment,26310,text/html,"HOUSE ADOPTED AMENDMENT: Pratt Floor Amendment; Reference to printed bill",https://legiscan.com/AZ/amendment/HB2007/id/5734,http://www.azleg.gov/legtext/51leg/1s/adopted/h.2007fp.doc.htm
560545,5724,amendment,26811,text/html,"HOUSE ADOPTED AMENDMENT: Pratt Floor Amendment; Reference to printed bill",https://legiscan.com/AZ/amendment/HB2008/id/5724,http://www.azleg.gov/legtext/51leg/1s/adopted/h.2008fp.doc.htm
560691,5741,amendment,237696,text/html,"HOUSE ADOPTED AMENDMENT: Pratt Floor Amendment; Reference to printed bill",https://legiscan.com/AZ/amendment/HB2009/id/5741,http://www.azleg.gov/legtext/51leg/1s/adopted/h.2009fp.doc.htm
560605,5731,amendment,81259,text/html,"HOUSE ADOPTED AMENDMENT: Pratt Floor Amendment; Reference to printed bill",https://legiscan.com/AZ/amendment/HB2010/id/5731,http://www.azleg.gov/legtext/51leg/1s/adopted/h.2010fp.doc.htm
560665,5738,amendment,248394,text/html,"SENATE ADOPTED AMENDMENT: Pierce flr amend (ref Bill) adopted",https://legiscan.com/AZ/amendment/SB1001/id/5738,http://www.azleg.gov/legtext/51leg/1s/adopted/1001pierce952.doc.htm
560554,5725,amendment,31550,text/html,"SENATE ADOPTED AMENDMENT: Pierce flr amend (ref Bill) adopted",https://legiscan.com/AZ/amendment/SB1002/id/5725,http://www.azleg.gov/legtext/51leg/1s/adopted/1002pierce813.doc.htm
560571,5727,amendment,29966,text/html,"SENATE ADOPTED AMENDMENT: Pierce flr amend (ref Bill) adopted",https://legiscan.com/AZ/amendment/SB1003/id/5727,http://www.azleg.gov/legtext/51leg/1s/adopted/1003pierce829.doc.htm
560674,5739,amendment,31895,text/html,"SENATE ADOPTED AMENDMENT: Pierce flr amend (ref Bill) adopted",https://legiscan.com/AZ/amendment/SB1004/id/5739,http://www.azleg.gov/legtext/51leg/1s/adopted/1004pierce954.doc.htm
560706,5743,amendment,80301,text/html,"SENATE ADOPTED AMENDMENT: Pierce flr amend (ref Bill) adopted",https://legiscan.com/AZ/amendment/SB1005/id/5743,http://www.azleg.gov/legtext/51leg/1s/adopted/1005pierce1059.doc.htm
560700,5742,amendment,33817,text/html,"SENATE ADOPTED AMENDMENT: Pierce flr amend (ref Bill) adopted",https://legiscan.com/AZ/amendment/SB1006/id/5742,http://www.azleg.gov/legtext/51leg/1s/adopted/1006pierce846.doc.htm
560657,5737,amendment,460959,text/html,"SENATE ADOPTED AMENDMENT: Pierce flr amend (ref Bill) adopted",https://legiscan.com/AZ/amendment/SB1007/id/5737,http://www.azleg.gov/legtext/51leg/1s/adopted/1007pierce935.doc.htm
560562,5726,amendment,41630,text/html,"SENATE ADOPTED AMENDMENT: Pierce flr amend (ref Bill) adopted",https://legiscan.com/AZ/amendment/SB1008/id/5726,http://www.azleg.gov/legtext/51leg/1s/adopted/1008pierce925.doc.htm
560648,5736,amendment,106152,text/html,"SENATE ADOPTED AMENDMENT: Pierce flr amend (ref Bill) adopted",https://legiscan.com/AZ/amendment/SB1009/id/5736,http://www.azleg.gov/legtext/51leg/1s/adopted/1009pierce1152.doc.htm
560580,5728,amendment,66124,text/html,"SENATE ADOPTED AMENDMENT: Pierce flr amend (ref Bill) adopted",https://legiscan.com/AZ/amendment/SB1010/id/5728,http://www.azleg.gov/legtext/51leg/1s/adopted/1010pierce1015.doc.htm
