people_id,name,first_name,middle_name,last_name,suffix,nickname,party_id,party,role_id,role,district,followthemoney_eid,votesmart_id,opensecrets_id,ballotpedia,knowwho_pid,committee_id
4228,"Andy Biggs",Andy,,Biggs,,,2,R,2,Sen,SD-012,6602301,28088,,Andy_Biggs,212155,0
4230,"Steve Montenegro",Steve,B.,Montenegro,,,2,R,1,Rep,HD-013,6676721,106507,,Steve_B._Montenegro,252127,0
4231,"Albert Melvin",Albert,Anthony,Melvin,,Al,2,R,2,Sen,SD-011,6671195,68078,,Al_Melvin,267691,0
4233,"David Gowan",David,,Gowan,,,2,R,1,Rep,SD-014,6662273,28241,,David_Gowan,267669,0
4234,"Stephen Pierce",Stephen,M.,Pierce,,Steve,2,R,2,Sen,HD-001,8430988,106395,,Steve_Pierce,271889,0
4235,"Franklin Pratt",Franklin,M.,Pratt,,Frank,2,R,1,Rep,HD-008,6662340,28269,,Frank_Pratt,267652,0
4236,"David Stevens",David,,Stevens,,,2,R,1,Rep,HD-014,6604460,28200,,David_Stevens_(Arizona),267656,0
4242,"Edward Ableser",Edward,Z.,Ableser,,Eddie,1,D,2,Sen,SD-026,6458957,28313,,Ed_Ableser,246046,0
4243,"Chad Campbell",Chad,Anthony,Campbell,,,1,D,1,Rep,HD-024,6479130,66157,,Chad_Campbell,248852,0
4249,"Lynne Pancrazi",Lynne,,Pancrazi,,,1,D,2,Sen,SD-004,6479234,68098,,Lynne_Pancrazi,248863,0
4252,"Judy Burges",Judy,M.,Burges,,,2,R,2,Sen,SD-022,12997769,28099,,Judy_Burges,227477,0
4262,"John Kavanagh",John,,Kavanagh,,,2,R,1,Rep,HD-023,6671185,68209,,John_Kavanagh,248845,0
4263,"Debbie Lesko",Debbie,,Lesko,,,2,R,1,Rep,SD-021,12997825,106483,,Debbie_Lesko,267627,0
4273,"Nancy Barto",Nancy,K.,Barto,,,2,R,2,Sen,SD-015,6671146,58371,,Nancy_K._Barto,242903,0
4274,"Rich Crandall",Rich,,Crandall,,,2,R,2,Sen,SD-016,6671157,66837,,Rich_Crandall,248860,0
4275,"Adam Driggs",Adam,D.,Driggs,,,2,R,2,Sen,SD-028,6671162,66237,,Adam_Driggs,248847,0
4276,"Doris Goodale",Doris,,Goodale,,,2,R,1,Rep,HD-005,6671169,66062,,Doris_Goodale,267616,0
4278,"John McComish",John,P.,McComish,,,2,R,2,Sen,SD-018,6653599,28306,,John_McComish,227850,0
4280,"Rick Murphy",Rick,,Murphy,,,2,R,2,Sen,SD-021,12997824,28372,,Rick_Murphy,227485,0
4284,"Carl Seel",Carl,,Seel,,,2,R,1,Rep,HD-020,6662365,66888,,Carl_Seel,267622,0
4286,"Andy Tobin",Andy,,Tobin,,,2,R,1,Rep,HD-001,6671218,68079,,Andy_Tobin,248839,0
4287,"Steven Yarbrough",Steven,B.,Yarbrough,,Steve,2,R,2,Sen,SD-017,6604438,28091,,Steven_B._Yarbrough,212154,0
4295,"Michele Reagan",Michele,,Reagan,,,2,R,2,Sen,SD-023,6611004,28505,,Michele_Reagan,212139,0
4297,"Steve Farley",Steve,,Farley,,,1,D,2,Sen,SD-009,6479163,68105,,Steve_Farley,248868,0
4301,"Barbara McGuire",Barbara,,McGuire,,,1,D,2,Sen,SD-008,6479211,68094,,Barbara_McGuire,251054,0
4302,"Eric Meyer",Eric,D.,Meyer,,,1,D,1,Rep,HD-028,6497390,110671,,Eric_Meyer_(Arizona),267633,0
4305,"Olivia Bedford",Olivia,Cajero,Bedford,,,1,D,2,Sen,SD-003,6400954,28198,,Olivia_Cajero_Bedford,212158,0
4309,"Anna Tovar",Anna,,Tovar,,,1,D,2,Sen,SD-019,6507385,110962,,Anna_Tovar,276216,0
4310,"Robert Meza",Robert,,Meza,,,1,D,2,Sen,HD-030,8531838,52960,,Robert_Meza,212148,0
4311,"David Bradley",David,T.,Bradley,,,1,D,2,Sen,SD-010,6400976,28472,,David_Bradley_(Arizona),212160,0
4317,"Albert Hale",Albert,,Hale,,,1,D,1,Rep,HD-007,6459019,28152,,Albert_Hale,222028,0
4320,"Leah Landrum-Taylor",Leah,,Landrum-Taylor,,,1,D,2,Sen,SD-027,6400896,16378,,Leah_Landrum_Taylor,192976,0
4323,"Debbie McCune-Davis",Debbie,,McCune-Davis,,,1,D,1,Rep,HD-030,6400890,28451,,Debbie_McCune-Davis,212147,0
4324,"Linda Lopez",Linda,,Lopez,,,1,D,2,Sen,SD-002,12997831,28453,,"Linda_Lopez,_Arizona_Senator",205846,0
4343,"Catherine Miranda",Catherine,H.,Miranda,,,1,D,2,Sen,SD-027,6507410,123736,,Catherine_Miranda,309013,0
10678,"Brenda Barton",Brenda,,Barton,,,2,R,1,Rep,HD-006,6690462,123659,,Brenda_Barton,293789,0
10680,"Justin Olson",Justin,,Olson,,,2,R,1,Rep,HD-025,6690603,123766,,Justin_Olson,241701,0
10683,"Chester Crandell",Chester,,Crandell,,,2,R,2,Sen,SD-006,12997781,123661,,Chester_Crandell,514107,0
10684,"Karen Fann",Karen,Elizabeth,Fann,,,2,R,1,Rep,HD-001,6690448,123640,,Karen_Fann,293788,0
10685,"Rick Gray",Rick,,Gray,,,2,R,1,Rep,HD-021,6690553,123693,,Rick_Gray,293797,0
10686,"Bob Robson",Bob,,Robson,,,2,R,1,Rep,HD-018,12997787,28333,,Bob_Robson,205840,0
10687,"Jeff Dial",Jeff,,Dial,,,2,R,1,Rep,SD-018,6662244,28154,,Jeff_Dial,309238,0
10688,"John Allen",John,M.,Allen,,,2,R,1,Rep,HD-015,6602386,28098,,John_Allen_(Arizona_House_of_Representatives),212164,0
10689,"Steve Smith",Steve,,Smith,,,2,R,1,Rep,SD-011,6690727,123633,,Steve_Smith_(Arizona),309252,0
10690,"Kate Brophy McGee",Kate,,"Brophy McGee",,,2,R,1,Rep,SD-028,6690571,123701,,Kate_Brophy_McGee,308993,0
10692,"Michelle Ugenti-Rita",Michelle,R.,Ugenti-Rita,,,2,R,1,Rep,SD-023,6690537,123686,,Michelle_Ugenti-Rita,293796,0
10694,"Eddie Farnsworth",Edwin,W.,Farnsworth,,Eddie,2,R,1,Rep,SD-012,6381730,28101,,Eddie_Farnsworth,205858,0
10695,"Katie Hobbs",Katie,,Hobbs,,,1,D,2,Sen,SD-024,6507388,123724,,Katie_Hobbs,293800,0
10696,"Javan Mesnard",Javan,D.,Mesnard,,,2,R,1,Rep,HD-017,6690618,123791,,J.D._Mesnard,293809,0
10699,"Lela Alston",Lela,,Alston,,,1,D,1,Rep,HD-024,6412623,123722,,Lela_Alston,293799,0
10701,"Heather Carter",Heather,,Carter,,,2,R,1,Rep,HD-015,6690503,123672,,Heather_Carter,308951,0
10702,"Tom Forese",Tom,,Forese,,,2,R,1,Rep,HD-017,6690615,123782,,Tom_Forese,293808,0
10703,"Ruben Gallego",Ruben,,Gallego,,,1,D,1,Rep,HD-027,6507394,123732,,Ruben_Gallego,293802,0
10704,"Sally Gonzales",Sally,Ann,Gonzales,,,1,D,1,Rep,HD-003,12997768,12275,,Sally_Ann_Gonzales,192949,0
10705,"Macario Saldate",Macario,,Saldate,IV,,1,D,1,Rep,HD-003,6507476,123857,,Macario_Saldate,293814,0
10706,"Kimberly Yee",Kimberly,,Yee,,,2,R,2,Sen,SD-020,6690560,123695,,Kimberly_Yee,299974,0
10707,"Jack Jackson",Jack,C.,Jackson,Jr.,,1,D,2,Sen,SD-007,6400788,28142,,"Jack_C._Jackson,_Jr.",212128,0
10708,"Gail Griffin",Gail,,Griffin,,,2,R,2,Sen,SD-014,12997808,12274,,Gail_Griffin,192945,0
10711,"Don Shooter",Don,,Shooter,,,2,R,2,Sen,SD-013,1454071,1052,,Don_Shooter,309254,0
10714,"Steve Gallardo",Steve,M.,Gallardo,,,1,D,2,Sen,SD-029,6407065,28170,,Steve_Gallardo,212141,0
11659,"Bruce Wheeler",Bruce,,Wheeler,,,1,D,1,Rep,HD-010,6507489,123866,,Bruce_Wheeler,309418,0
13693,"Justin Pierce",Justin,,Pierce,,,2,R,1,Rep,HD-025,8493496,129974,,Justin_Pierce,342741,0
13890,"Phil Lovas",Phil,,Lovas,,,2,R,1,Rep,HD-022,4408282,136108,,Phil_Lovas,398088,0
13923,"Martin Quezada",Martin,J.,Quezada,,,1,D,1,Rep,SD-029,6507379,123716,,Martin_Quezada,399712,0
14554,"Lupe Contreras",Lupe,Chavira,Contreras,,,1,D,1,Rep,SD-019,12719919,141487,,Lupe_Contreras,668296,0
14555,"Lydia Hernandez",Lydia,,Hernandez,,,1,D,1,Rep,HD-029,12719943,123714,,Lydia_Hernandez,423738,0
14556,"Paul Boyer",Paul,,Boyer,,,2,R,1,Rep,SD-020,12719924,141493,,Paul_Boyer,423707,0
14698,"Sonny Borrelli",Sonny,,Borrelli,,,2,R,1,Rep,SD-005,12719889,129361,,Sonny_Borrelli,423615,0
14699,"Douglas Coleman",Douglas,,Coleman,,Doug,2,R,1,Rep,HD-016,12719912,111364,,Doug_Coleman,423666,0
14700,"Andrea Dalessandro",Andrea,D.,Dalessandro,,,1,D,2,Sen,SD-002,6492084,106730,,Andrea_Dalessandro,267668,0
14701,"Adam Kwasman",Adam,,Kwasman,,,2,R,1,Rep,HD-011,12719904,141376,,Adam_Kwasman,423636,0
14702,"Jonathan Larkin",Jonathan,R.,Larkin,,,1,D,1,Rep,HD-030,12719945,141510,,Jonathan_Larkin,423740,0
14703,"David Livingston",David,Alan,Livingston,,,2,R,1,Rep,SD-022,12719927,141496,,David_Livingston,423719,0
14704,"Juan Mendez",Juan,Jose,Mendez,,,1,D,1,Rep,SD-026,12719936,141502,,Juan_Mendez,423728,0
14705,"Darin Mitchell",Darin,,Mitchell,,,2,R,1,Rep,HD-013,12719907,141383,,Darin_Mitchell,423644,0
14706,"Ethan Orr",Ethan,,Orr,,,2,R,1,Rep,HD-009,8502082,141369,,Ethan_Orr,423632,0
14707,"Warren Petersen",Warren,H.,Petersen,,,2,R,1,Rep,SD-012,9691346,141381,,Warren_Petersen,423641,0
14708,"Andrew Sherwood",Andrew,C.,Sherwood,,,1,D,1,Rep,SD-026,6507547,123621,,Andrew_Sherwood,309248,0
14709,"Thomas Shope",Thomas,R.,Shope,,T.J.,2,R,1,Rep,HD-008,12719897,141366,,T.J._Shope,423629,0
14710,"Victoria Steele",Victoria,,Steele,,,1,D,1,Rep,SD-009,12719898,141367,,Victoria_Steele,423631,0
14711,"Bob Thorpe",Bob,,Thorpe,,,2,R,1,Rep,HD-006,12719892,141349,,Bob_Thorpe,423621,0
14712,"Kelly Townsend",Kelly,J.,Townsend,,,2,R,1,Rep,HD-016,6690635,123798,,Kelly_Townsend,423675,0
14713,"Kelli Ward",Kelli,,Ward,,,2,R,2,Sen,SD-005,12720153,141271,,Kelli_Ward,423527,0
15254,"Jamescita Peshlakai",Jamescita,,Peshlakai,,,1,D,1,Rep,SD-007,8508984,141360,,Jamescita_Peshlakai,423622,0
15255,"Juan Escamilla",Juan,Carlos,Escamilla,,Jc,1,D,1,Rep,HD-004,12719883,141339,,Juan_Carlos_Escamilla,423610,0
15256,"Lisa Otondo",Lisa,A.,Otondo,,,1,D,1,Rep,SD-004,8732538,28473,,Lisa_Otondo,423612,0
15257,"Mark Cardenas",Mark,A.,Cardenas,,,1,D,1,Rep,HD-019,12719918,141486,,Mark_Cardenas,423688,0
15258,"Rosanna Gabaldon",Rosanna,,Gabaldon,,,1,D,1,Rep,HD-002,12719881,141336,,Rosanna_Gabaldon,423590,0
15259,"Stefanie Mach",Stefanie,,Mach,,,1,D,1,Rep,HD-010,12719900,141370,,Stefanie_Mach,423633,0
15260,"Bob Worsley",Bob,,Worsley,,,2,R,2,Sen,SD-025,12252950,141302,,Bob_Worsley,423580,0
