people_id,name,first_name,middle_name,last_name,suffix,nickname,party_id,party,role_id,role,district,followthemoney_eid,votesmart_id,opensecrets_id,ballotpedia,knowwho_pid,committee_id
3275,"Daniel Kagan",Daniel,,Kagan,,,1,D,2,Sen,SD-026,18917813,111194,,Daniel_Kagan,277203,0
3301,"Lois Court",Lois,,Court,,,1,D,2,Sen,SD-031,3498102,106446,,Lois_Court,267841,0
3312,"Nancy Todd",Nancy,J.,Todd,,,1,D,2,Sen,SD-028,6030088,30073,,Nancy_Todd,227799,0
3323,"Kevin Priola",Kevin,G.,Priola,,,2,R,2,Sen,SD-025,5988512,106512,,Kevin_Priola,267874,0
3329,"Larry Liston",Larry,G.,Liston,,,2,R,1,Rep,HD-016,5988117,30002,,Larry_Liston,227780,0
3337,"Randy Baumgardner",Randy,L.,Baumgardner,,,2,R,2,Sen,SD-008,5991875,106641,,Randy_Baumgardner,267903,0
3343,"Jerry Sonnenberg",Jerry,,Sonnenberg,,,2,R,2,Sen,SD-001,6130447,66361,,Jerry_Sonnenberg,250463,0
10773,"Donald Coram",Donald,Lee,Coram,,Don,2,R,2,Sen,SD-006,12998104,125548,,Don_Coram,297722,0
10778,"Ray Scott",Ray,,Scott,,,2,R,2,Sen,SD-007,12998092,125544,,Ray_Scott,297850,0
10780,"Pete Lee",Sanford,E.,Lee,,Pete,1,D,2,Sen,SD-011,6011410,106254,,Pete_Lee,267916,0
10781,"Angela Williams",Angela,,Williams,,,1,D,2,Sen,SD-033,6506126,125479,,Angela_Williams,298001,0
10783,"James Wilson",James,Demont,Wilson,,Jim,2,R,1,Rep,HD-060,6588521,138794,,James_Wilson_(Colorado),408945,0
10788,"Chris Holbert",Chris,,Holbert,,,2,R,2,Sen,SD-030,6681166,125519,,Chris_Holbert,297843,0
11607,"Rhonda Fields",Rhonda,C.,Fields,,,1,D,2,Sen,SD-029,6338603,128419,,Rhonda_Fields,311469,0
13709,"Timothy Neville",Timothy,P.,Neville,,Tim,2,R,2,Sen,SD-016,6154829,135183,,Tim_Neville,375964,0
13847,"Jonathan Singer",Jonathan,Stuart,Singer,,,1,D,1,Rep,HD-011,10238447,135864,,Jonathan_Singer,387784,0
14265,"Mike Foote",Mike,,Foote,,,1,D,2,Sen,SD-017,6024654,138713,,Mike_Foote,386472,0
14266,"Leroy Garcia",Leroy,M.,Garcia,Jr.,,1,D,2,Sen,SD-003,6018735,130019,,Leroy_Garcia_Jr.,387874,0
14268,"Joann Ginal",Joann,,Ginal,,,1,D,2,Sen,SD-014,10238469,138784,,Joann_Ginal,387880,0
14269,"Stephen Humphrey",Stephen,A.,Humphrey,,,2,R,1,Rep,HD-048,11023465,138779,,Stephen_Humphrey,396922,0
14270,"Tracy Kraft-Tharp",Tracy,A.,Kraft-Tharp,,,1,D,1,Rep,HD-029,6324675,138747,,Tracy_Kraft-Tharp,386537,0
14271,"Lois Landgraf",Lois,,Landgraf,,,2,R,1,Rep,HD-021,11023440,138730,,Lois_Landgraf,408907,0
14275,"Jovan Melton",Jovan,Emerson,Melton,,,1,D,1,Rep,HD-041,10238462,138771,,Jovan_Melton,387869,0
14277,"Dominick Moreno",Dominick,,Moreno,,,1,D,2,Sen,SD-021,10238457,129994,,Dominick_Moreno,387825,0
14279,"Brittany Pettersen",Brittany,,Pettersen,,,1,D,2,Sen,SD-022,11022904,138744,,Brittany_Pettersen,408919,0
14281,"Lori Saine",Lori,,Saine,,,2,R,1,Rep,HD-063,10238791,138801,,Lori_Saine,396946,0
14288,"Owen Hill",Owen,,Hill,,,2,R,2,Sen,SD-010,13011221,125362,,Owen_Hill_(Colorado),297801,0
14293,"Vicki Marble",Vicki,,Marble,,,2,R,2,Sen,SD-023,10238763,138668,,Vicki_Marble,387878,0
14807,"Perry Buck",Perry,Lynn,Buck,,,2,R,1,Rep,HD-049,10238782,138781,,Perry_Buck,396924,0
14808,"Larry Crowder",Larry,W.,Crowder,,,2,R,2,Sen,SD-035,6650214,138695,,Larry_Crowder,408865,0
15133,"Thomas Exum",Thomas,,Exum,Sr.,Tony,1,D,1,Rep,HD-017,11022900,138722,,Thomas_Exum_Sr.,408896,0
15135,"Robert Rankin",Robert,E.,Rankin,,Bob,2,R,2,Sen,SD-008,6022806,138788,,Robert_Rankin,297800,0
16096,"Rachel Zenzinger",Rachel,,Zenzinger,,,1,D,2,Sen,SD-019,3708467,129975,,Rachel_Zenzinger,478946,0
16509,"Paul Lundeen",Paul,Harold,Lundeen,,,2,R,2,Sen,SD-009,6516823,125570,,Paul_Lundeen,331375,0
16511,"KC Becker",Kathleen,Collins,Becker,,KC,1,D,1,Rep,HD-013,6081257,129981,,KC_Becker,474148,0
16512,"John Tate",John,A.,Tate,,Jack,2,R,2,Sen,SD-027,23440950,149365,,Jack_Tate,486052,0
16513,"John Cooke",John,B.,Cooke,III,,2,R,2,Sen,SD-013,6041259,149321,,John_Cooke,486099,0
16567,"Jennifer Arndt",Jennifer,J.,Arndt,,Jeni,1,D,1,Rep,HD-053,12004747,149374,,Jennifer_Arndt,485971,0
16568,"Terri Carver",Terri,L.,Carver,,,2,R,1,Rep,HD-020,6502254,149346,,Terri_Carver,485976,0
16569,"Kerry Donovan",Kerry,,Donovan,,,1,D,2,Sen,SD-005,23407434,149316,,Kerry_Donovan,486100,0
16570,"Daneya Esgar",Daneya,,Esgar,,,1,D,1,Rep,HD-046,23440963,149371,,Daneya_Esgar,485981,0
16573,"Susan Lontine",Susan,,Lontine,,,1,D,1,Rep,HD-001,14227567,149328,,Susan_Lontine,486003,0
16575,"Patrick Neville",Patrick,,Neville,,,2,R,1,Rep,HD-045,6226301,149369,,Patrick_Neville,486011,0
16576,"Kim Ransom",Kim,,Ransom,,,2,R,1,Rep,HD-044,26394971,155262,,Kim_Ransom,507634,0
16578,"Kevin Van Winkle",Kevin,,"Van Winkle",,,2,R,1,Rep,HD-043,20825350,149366,,Kevin_Van_Winkle,486091,0
16581,"Faith Winter",Faith,,Winter,,,1,D,2,Sen,SD-024,14227540,105656,,Faith_Winter,486097,0
16582,"Alec Garnett",Alec,,Garnett,,,1,D,1,Rep,HD-002,15484982,149330,,Alec_Garnett,251843,0
16583,"Jessie Danielson",Jessie,,Danielson,,,1,D,2,Sen,SD-020,15729658,149351,,Jessie_Danielson,485978,0
18710,"Adrienne Benavidez",Adrienne,,Benavidez,,,1,D,1,Rep,HD-032,6393497,29901,,Adrienne_Benavidez,575569,0
18711,"Barbara McLachlan",Barbara,Hall,McLachlan,,,1,D,1,Rep,HD-059,40461515,170021,,Barbara_Hall_McLachlan,568182,0
18712,"Chris Kennedy",Chris,,Kennedy,,,1,D,1,Rep,HD-023,40461485,157545,,Christopher_Louis_Kennedy_(Colorado_state_representative),568162,0
18713,"Dafna Michaelson Jenet",Dafna,,"Michaelson Jenet",,,1,D,1,Rep,HD-030,39568600,169990,,Dafna_Michaelson_Jenet,568280,0
18714,"Dave Williams",Dave,,Williams,,,2,R,1,Rep,HD-015,15827268,149342,,Dave_Williams_(Colorado_House),486095,0
18715,"Dominique Jackson",Dominique,,Jackson,,,1,D,1,Rep,HD-042,39574394,170006,,Dominique_Jackson,568259,0
18716,"Donald Valdez",Donald,E.,Valdez,,,1,D,1,Rep,HD-062,40461579,170025,,Donald_Valdez,568172,0
18718,"Hugh McKean",Hugh,,McKean,,,2,R,1,Rep,HD-051,6764665,130011,,Hugh_McKean,568251,0
18719,"Janet Buckner",Janet,,Buckner,,,1,D,1,Rep,HD-040,13500792,166139,,Janet_Buckner,545490,0
18720,"Kimmi Lewis",Kimmi,Joan,Lewis,,,2,R,1,Rep,HD-064,40461499,170030,,Kimmi_Lewis,582024,0
18721,"Leslie Herod",Leslie,,Herod,,,1,D,1,Rep,HD-008,40461465,169974,,Leslie_Herod,242346,0
18722,"Matt Gray",Matt,,Gray,,,1,D,1,Rep,HD-033,6019508,169993,,Matt_Gray_(Colorado),568273,0
18723,"Michael Weissman",Michael,,Weissman,,Mike,1,D,1,Rep,HD-036,40461589,169997,,Mike_Williams_(Colorado),568268,0
18725,"Susan Beckman",Susan,,Beckman,,,2,R,1,Rep,HD-038,26456042,82079,,Susan_Beckman,575578,0
18726,"Bob Gardner",Bob,,Gardner,,,2,R,2,Sen,SD-012,12998016,65710,,Bob_Gardner,250352,0
18728,"Jim Smallwood",Jim,,Smallwood,,,2,R,2,Sen,SD-004,17725521,169952,,Jim_Smallwood,568080,0
18729,"Stephen Fenberg",Stephen,,Fenberg,,,1,D,2,Sen,SD-018,6257978,169954,,Stephen_Fenberg,568091,0
18939,"James Coleman",James,Rashad,Coleman,,,1,D,1,Rep,HD-007,40461420,169972,,James_Coleman_(Colorado),575555,0
19048,"Jeff Bridges",Jeff,,Bridges,,,1,D,2,Sen,SD-026,39563960,169966,,Jeff_Bridges,568119,0
19200,"Marc Catlin",Marc,,Catlin,,,2,R,1,Rep,HD-058,43396100,176449,,Marc_Allan_Feldman,609004,0
19205,"Chris Hansen",Chris,,Hansen,,,1,D,2,Sen,SD-031,39563975,169970,,Chris_Hansen,568134,0
19209,"Edith Hooton",Edith,Russell,Hooton,,Edie,1,D,1,Rep,HD-010,5994140,169977,,Edie_Hooton,406270,0
19512,"Dylan Roberts",Dylan,,Roberts,,,1,D,1,Rep,HD-026,44229951,179465,,Dylan_Roberts,644618,0
19536,"Shane Sandridge",Shane,,Sandridge,,,2,R,1,Rep,HD-014,6107407,179467,,Shane_Sandridge,651695,0
20024,"Emily Sirota",Emily,,Sirota,,,1,D,1,Rep,HD-009,13500849,181733,,Emily_Sirota,654773,0
20025,"Julie McCluskie",Julie,Lynn,McCluskie,,,1,D,1,Rep,HD-061,6300002,181795,,Julie_McCluskie,651665,0
20026,"Rod Pelton",Rodney,,Pelton,,Rod,2,R,1,Rep,HD-065,44885051,148937,,Rod_Pelton,659310,0
20027,"Sonya Jaquez Lewis",Sonya,,"Jaquez Lewis",,,1,D,1,Rep,HD-012,5995666,181737,,Sonya_Jaquez_Lewis,659284,0
20028,"Dennis Hisey",Dennis,,Hisey,,,2,R,2,Sen,SD-002,44884983,80789,,Dennis_Hisey,651421,0
20029,"Julie Gonzales",Julie,,Gonzales,,,1,D,2,Sen,SD-034,14229962,181717,,Julie_Gonzales,651420,0
20030,"Rob Woodward",Rob,,Woodward,,,2,R,2,Sen,SD-015,44885134,181710,,Rob_Woodward,651488,0
20031,"Robert Rodriguez",Robert,,Rodriguez,,,1,D,2,Sen,SD-032,5986862,181713,,Robert_Rodriguez_(Colorado),651459,0
20032,"Tammy Story",Tammy,,Story,,,1,D,2,Sen,SD-016,40461570,169987,,Tammy_Story,575563,0
20126,"Mark Baisley",Mark,,Baisley,,,2,R,1,Rep,HD-039,6451091,66344,,Mark_Baisley,651496,0
20127,"Shannon Bird",Shannon,,Bird,,,1,D,1,Rep,HD-035,44884921,173290,,Shannon_Bird,651501,0
20128,"Rod Bockenfeld",Rod,,Bockenfeld,,,2,R,1,Rep,HD-056,26440326,82081,,Rod_Bockenfeld,568248,0
20129,"Bri Buentello",Brianna,,Buentello,,Bri,1,D,1,Rep,HD-047,44207078,181783,,Bri_Buentello,651508,0
20130,"Yadira Caraveo",Yadira,,Caraveo,,,1,D,1,Rep,HD-031,42206169,181770,,Yadira_Caraveo,651512,0
20131,"Lisa Cutter",Lisa,,Cutter,,,1,D,1,Rep,HD-025,44884950,181764,,Lisa_Cutter,651515,0
20132,"Rochelle Galindo",Rochelle,,Galindo,,,1,D,1,Rep,HD-050,44884963,173263,,Rochelle_Galindo,651652,0
20133,"Tim Geitner",Tim,,Geitner,,,2,R,1,Rep,HD-019,44884965,181756,,Tim_Geitner,651653,0
20134,"Serena Gonzales-Gutierrez",Serena,,Gonzales-Gutierrez,,,1,D,1,Rep,HD-004,41823807,181724,,Serena_Gonzales-Gutierrez,651655,0
20135,"Colin Larson",Colin,,Larson,,,2,R,1,Rep,HD-022,42594501,181761,,Colin_Larson,651661,0
20136,"Kyle Mullica",Kyle,,Mullica,,,1,D,1,Rep,HD-034,44154746,148897,,Kyle_Mullica,651668,0
20137,"Janice Rich",Janice,,Rich,,,2,R,1,Rep,HD-055,44885061,181791,,Janice_Rich,651681,0
20138,"Marc Snyder",Marc,Alan,Snyder,,,1,D,1,Rep,HD-018,14219138,181752,,Marc_Snyder,651713,0
20139,"Matt Soper",Matt,,Soper,,,2,R,1,Rep,HD-054,44885096,181789,,Matt_Soper,651715,0
20140,"Tom Sullivan",Tom,,Sullivan,,,1,D,1,Rep,HD-037,20653952,169958,,Tom_Sullivan_(Colorado),575551,0
20141,"Kerry Tipper",Kerry,,Tipper,,,1,D,1,Rep,HD-028,44160088,181767,,Kerry_Tipper,651720,0
20142,"Brianna Titone",Brianna,,Titone,,,1,D,1,Rep,HD-027,44885109,181766,,Brianna_Titone,651723,0
20143,"Alex Valdez",Alex,,Valdez,,,1,D,1,Rep,HD-005,43804803,181727,,Alex_Valdez,623291,0
20148,"Monica Duran",Monica,I.,Duran,,,1,D,1,Rep,HD-024,13670127,173284,,Monica_Duran,651518,0
20159,"Cathy Kipp",Cathy,,Kipp,,,1,D,1,Rep,HD-052,14216523,21982,,Cathy_Kipp,693200,0
20739,"Meg Froelich",Meghan,Mulder,Froelich,,Meg,1,D,1,Rep,HD-003,6847047,169965,,Meg_Froelich,568123,0
21293,"Perry Will",Perry,,Will,,,2,R,1,Rep,HD-057,48905280,186259,,Perry_Will,696269,0
