people_id,name,first_name,middle_name,last_name,suffix,nickname,party_id,party,role_id,role,district,followthemoney_eid,votesmart_id,opensecrets_id,ballotpedia,knowwho_pid,committee_id
3249,"Max Tyler",Max,,Tyler,,,1,D,1,Rep,HD-023,6499325,111208,,Max_Tyler,278918,0
3250,"Gail Schwartz",Gail,,Schwartz,,,1,D,2,Sen,SD-005,6081658,65721,,Gail_Schwartz,250990,0
3251,"John Kefalas",John,,Kefalas,,,1,D,2,Sen,SD-014,6026299,29946,,John_Kefalas,250451,0
3253,"Frank McNulty",Frank,,McNulty,,,2,R,1,Rep,HD-043,6204380,65365,,Frank_McNulty,250439,0
3254,"Lois Tochtrop",Lois,A.,Tochtrop,,,1,D,2,Sen,SD-024,6018291,12714,,Lois_Tochtrop,193178,0
3255,"Thomas Massey",Thomas,,Massey,Jr.,Tom,2,R,1,Rep,HD-060,12998110,29796,,Thomas_Massey,227814,0
3256,"Joyce Foster",Joyce,E.,Foster,,,1,D,2,Sen,SD-035,234937,106429,,Joyce_Foster,267932,0
3258,"Greg Brophy",Greg,,Brophy,,,2,R,2,Sen,SD-001,6238647,30047,,Greg_Brophy,209562,0
3260,"Susan Schafer",Susan,P.,Schafer,,,1,D,1,Rep,HD-024,5998124,106490,,Sue_Schafer,387813,0
3261,"Morgan Carroll",Morgan,L.,Carroll,,,1,D,2,Sen,SD-029,6029780,30084,,Morgan_Carroll,227795,0
3262,"Joe Miklosi",Joe,,Miklosi,,,1,D,1,Rep,HD-009,6240808,106458,,Joe_Miklosi,267846,0
3263,"Mary Hodge",Mary,,Hodge,,,1,D,2,Sen,SD-025,6090649,30029,,Mary_Hodge,205651,0
3264,"Mark Ferrandino",Mark,,Ferrandino,,,1,D,1,Rep,HD-002,5986399,101871,,Mark_Ferrandino,259192,0
3265,"John Morse",John,P.,Morse,,,1,D,2,Sen,SD-011,6475497,65911,,"John_Morse_recall,_Colorado_State_Senate_(2013)",250340,0
3266,"Jim Kerr",Jim,,Kerr,,,2,R,1,Rep,HD-028,6087437,29936,,James_Kerr,229787,0
3268,"Sal Pace",Sal,,Pace,,,1,D,1,Rep,HD-046,6014462,106588,,Sal_Pace,230188,0
3272,"Nancy Spence",Nancy,,Spence,,,2,R,2,Sen,SD-027,12998051,16947,,Nancy_Spence,193183,0
3273,"K. King",K.,,King,,,2,R,2,Sen,,0,0,,,193165,0
3274,"Donald Waller",Donald,Mark,Waller,,,2,R,1,Rep,HD-015,12998000,106471,,Mark_Waller,267854,0
3275,"Daniel Kagan",Daniel,,Kagan,,,1,D,1,Rep,SD-026,18917813,111194,,Daniel_Kagan,277203,0
3276,"Betty Boyd",Betty,,Boyd,,,1,D,2,Sen,SD-021,5997968,16959,,Betty_Boyd_(Colorado),205648,0
3277,"Marsha Looper",Marsha,A.,Looper,,,2,R,1,Rep,HD-019,5988920,66179,,Marsha_Looper,250350,0
3280,"Suzanne Williams",Suzanne,S.,Williams,,,1,D,2,Sen,SD-028,6079853,12693,,Suzanne_Williams,193185,0
3282,"Kenneth Summers",Kenneth,,Summers,,,2,R,1,Rep,HD-022,6016637,65373,,Kenneth_Summers_(Colorado),250357,0
3283,"Evie Hudak",Evie,R.,Hudak,,,1,D,2,Sen,SD-019,5987121,106400,,Evie_Hudak,267921,0
3284,"David Balmer",David,G.,Balmer,,,2,R,1,Rep,SD-027,6286096,30135,,David_Balmer,227798,0
3285,"Ellen Roberts",Ellen,,Roberts,,,2,R,2,Sen,SD-006,6303569,66358,,Ellen_Roberts,250461,0
3286,"Linda Newell",Linda,M.,Newell,,,1,D,2,Sen,SD-026,6492985,107241,,Linda_Newell,267926,0
3287,"Judy Solano",Judy,,Solano,,,1,D,1,Rep,HD-031,5986574,29817,,Judith_Anne_Solano,227792,0
3289,"Cindy Acree",Cindy,,Acree,,,2,R,1,Rep,HD-040,6141130,106557,,Cindy_Acree,267887,0
3291,"Cherylin Peniston",Cherylin,,Peniston,,,1,D,1,Rep,HD-035,5986522,66084,,Cherylin_Peniston,250364,0
3292,"Pat Steadman",Pat,,Steadman,,,1,D,2,Sen,SD-031,6499387,125379,,Pat_Steadman,278819,0
3293,"Elizabeth McCann",Elizabeth,H.,McCann,,Beth,1,D,1,Rep,HD-008,3498205,106453,,Beth_McCann,267844,0
3296,"Andy Kerr",Andy,,Kerr,,,1,D,2,Sen,SD-022,6261856,56603,,Andrew_Kerr,246048,0
3298,"Shawn Mitchell",Shawn,,Mitchell,,,2,R,2,Sen,SD-023,12998038,16968,,Shawn_Mitchell,193177,0
3301,"Lois Court",Lois,,Court,,,1,D,1,Rep,SD-031,3498102,106446,,Lois_Court,267841,0
3302,"Al White",Al,,White,,Jean,2,R,2,Sen,SD-008,6121306,29871,,Al_White_(Colorado),328346,0
3307,"James Riesberg",James,,Riesberg,,,1,D,1,Rep,HD-050,6267751,15001,,James_Riesberg,227804,0
3308,"Steve King",Steve,,King,,,2,R,2,Sen,SD-007,12998091,66357,,Steve_King_(Colorado),250455,0
3309,"Su Ryden",Su,,Ryden,,,1,D,1,Rep,HD-036,6024588,106538,,Su_Ryden,267882,0
3312,"Nancy Todd",Nancy,J.,Todd,,,1,D,2,Sen,SD-028,6030088,30073,,Nancy_Todd,227799,0
3313,"Robert Bacon",Robert,L.,Bacon,,Rob,1,D,2,Sen,SD-014,5996649,12543,,Bob_Bacon,193197,0
3314,"Edward Vigil",Edward,,Vigil,,,1,D,1,Rep,HD-062,6093499,82278,,Edward_Vigil,267909,0
3315,"Edward Casso",Edward,,Casso,,,1,D,1,Rep,HD-032,12998037,66685,,Edward_Casso,250359,0
3316,"Jeanne Labuda",Jeanne,,Labuda,,,1,D,1,Rep,HD-001,6081078,65497,,Jeanne_Labuda,250342,0
3317,"Stratton Heath",Stratton,R.,Heath,Jr.,Rollie,1,D,2,Sen,SD-018,6003380,30162,,Rollie_Heath,267920,0
3318,"John Soper",John,F.,Soper,Sr.,,1,D,1,Rep,HD-034,5986898,30012,,John_Soper,229788,0
3319,"Brian DelGrosso",Brian,Mark,DelGrosso,,,2,R,1,Rep,HD-051,6681182,115668,,Brian_DelGrosso,280362,0
3320,"B.J. Nikkel",B.J.,,Nikkel,,,2,R,1,Rep,HD-049,12998078,110957,,B.J._Nikkel,213566,0
3321,"Michael Kopp",Michael,,Kopp,,Mike,2,R,2,Sen,SD-022,6488813,66273,,Mike_Kopp,250467,0
3322,"Kent Lambert",Kent,Douglas,Lambert,,,2,R,2,Sen,SD-009,6001480,29791,,Kent_Lambert,250346,0
3323,"Kevin Priola",Kevin,G.,Priola,,,2,R,2,Sen,SD-025,5988512,106512,,Kevin_Priola,267874,0
3326,"Spencer Swalm",Spencer,,Swalm,,,2,R,1,Rep,HD-037,6071374,65730,,Spencer_Swalm,250366,0
3327,"Bill Cadman",Bill,L.,Cadman,,,2,R,2,Sen,SD-012,12997998,29992,,Bill_Cadman,159826,0
3328,"Glenn Vaad",Glenn,,Vaad,,,2,R,1,Rep,HD-048,12998074,68029,,Glenn_Vaad,250444,0
3329,"Larry Liston",Larry,G.,Liston,,,2,R,1,Rep,HD-016,5988117,30002,,Larry_Liston,227780,0
3330,"Laura Bradford",Laura,,Bradford,,,2,R,1,Rep,HD-055,6299199,106629,,Laura_Bradford,267901,0
3331,"Ted Harvey",Ted,,Harvey,,,2,R,2,Sen,SD-030,6123083,17021,,Ted_Harvey,210446,0
3333,"Cheri Gerou",Cheri,,Gerou,,,2,R,1,Rep,HD-025,6677095,106496,,Cheri_Gerou,267866,0
3335,"Claire Levy",Claire,,Levy,,,1,D,1,Rep,HD-013,6014848,66046,,Claire_Levy,250344,0
3336,"Amy Stephens",Amy,G.,Stephens,,,2,R,1,Rep,HD-019,6022033,65850,,Amy_Stephens,250354,0
3337,"Randy Baumgardner",Randy,L.,Baumgardner,,,2,R,2,Sen,SD-008,5991875,106641,,Randy_Baumgardner,267903,0
3338,"Carole Murray",Carole,R.,Murray,,,2,R,1,Rep,HD-045,6077029,106587,,Carole_Murray,267894,0
3339,"Randolph Fischer",Randolph,C.,Fischer,,Randy,1,D,1,Rep,HD-053,5993706,68231,,Randy_Fischer,250454,0
3340,"Michael Johnston",Michael,,Johnston,,,1,D,2,Sen,SD-033,6499391,111204,,Michael_Johnston_(Colorado),278160,0
3341,"Mark Scheffel",Mark,,Scheffel,,,2,R,2,Sen,SD-004,6012509,106249,,Mark_Scheffel,267913,0
3342,"Brandon Shaffer",Brandon,C.,Shaffer,,,1,D,2,Sen,SD-017,13011230,29854,,Brandon_Shaffer,227768,0
3343,"Jerry Sonnenberg",Jerry,,Sonnenberg,,,2,R,1,Rep,SD-001,6130447,66361,,Jerry_Sonnenberg,250463,0
3344,"Scott Renfroe",Scott,W.,Renfroe,,,2,R,2,Sen,SD-013,6669645,66429,,Scott_Renfroe,250465,0
3345,"Wes McKinley",Wes,,McKinley,,,1,D,1,Rep,HD-064,12998124,1544,,Wesley_McKinley,227819,0
3346,"Dickey Hullinghorst",Dickey,Lee,Hullinghorst,,,1,D,1,Rep,HD-010,6019903,106463,,Dickey_Hullinghorst,267847,0
3348,"Kevin Lundberg",Kevin,,Lundberg,,,2,R,2,Sen,SD-015,6592769,16898,,Kevin_Lundberg,212203,0
10773,"Donald Coram",Donald,Lee,Coram,,Don,2,R,1,Rep,SD-006,12998104,125548,,Don_Coram,297722,0
10776,"Matt Jones",Matt,,Jones,,,1,D,2,Sen,SD-017,6166955,125489,,Matt_Jones_(Colorado),298002,0
10777,"Crisanta Duran",Crisanta,,Duran,,,1,D,1,Rep,HD-005,6375372,125477,,Crisanta_Duran,297815,0
10778,"Ray Scott",Ray,,Scott,,,2,R,1,Rep,SD-007,12998092,125544,,Ray_Scott,297850,0
10779,"Janak Joshi",Janak,,Joshi,,,2,R,1,Rep,HD-016,6681111,125491,,Janak_Joshi,297822,0
10780,"Pete Lee",Sanford,E.,Lee,,Pete,1,D,1,Rep,SD-011,6011410,106254,,Pete_Lee,267916,0
10781,"Angela Williams",Angela,,Williams,,,1,D,1,Rep,SD-033,6506126,125479,,Angela_Williams,298001,0
10782,"Cheri Jahn",Cheri,E.,Jahn,,,1,D,2,Sen,SD-020,6115114,29806,,Cheri_Jahn,205647,0
10783,"James Wilson",James,Demont,Wilson,,Jim,2,R,1,Rep,HD-060,6588521,138794,,James_Wilson_(Colorado),408945,0
10785,"Deb Gardner",Deb,,Gardner,,,1,D,1,Rep,HD-011,12997987,125486,,Deb_Gardner,297820,0
10786,"Paul Brown","J. Paul",,Brown,,,2,R,1,Rep,HD-059,12998108,125550,,J._Paul_Brown,297982,0
10787,"Jeanne Nicholson",Jeanne,,Nicholson,,,1,D,2,Sen,SD-016,6414884,30120,,Jeanne_Nicholson,297803,0
10788,"Chris Holbert",Chris,,Holbert,,,2,R,1,Rep,SD-030,6681166,125519,,Chris_Holbert,297843,0
10789,"Mark Barker",Mark,H.,Barker,,,2,R,1,Rep,HD-017,12998006,125494,,Mark_H._Barker,297825,0
10790,"Keith Swerdfeger",Keith,R.,Swerdfeger,,,2,R,1,Rep,HD-047,6365908,30150,,Keith_Swerdfeger,297717,0
10791,"Robert Ramirez",Robert,,Ramirez,,,2,R,1,Rep,HD-029,12998031,125502,,Robert_Ramirez_(Colorado),297833,0
10792,"Donald Beezley",Donald,,Beezley,,Don,2,R,1,Rep,HD-033,12998039,125506,,Donald_Beezley,297837,0
10793,"Daniel Pabon",Daniel,R.,Pabon,,Dan,1,D,1,Rep,HD-004,6499285,125473,,Dan_Pabon,297813,0
10794,"Lucia Guzman",Lucia,,Guzman,,,1,D,2,Sen,SD-034,6499395,121691,,Lucia_Guzman,288475,0
10795,"Kevin Grantham",Kevin,J.,Grantham,,,2,R,2,Sen,SD-002,6681198,125352,,Kevin_J._Grantham,297798,0
10796,"Jon Becker",Jon,,Becker,,,2,R,1,Rep,HD-065,6681194,81096,,Jon_Becker,297856,0
10797,"Angela Giron",Angela,,Giron,,,1,D,2,Sen,SD-003,6499351,125354,,Angela_Giron,277643,0
11368,"Millie Hamner",Millie,,Hamner,,,1,D,1,Rep,HD-061,10238471,128652,,Millie_Hamner,329099,0
11507,"Kathleen Conti",Kathleen,,Conti,,,2,R,1,Rep,HD-038,6689258,125511,,Kathleen_Conti,297840,0
11508,"Irene Aguilar",Irene,,Aguilar,,,1,D,2,Sen,SD-032,6266726,128648,,Irene_Aguilar,329576,0
11607,"Rhonda Fields",Rhonda,C.,Fields,,,1,D,1,Rep,SD-029,6338603,128419,,Rhonda_Fields,311469,0
11608,"Libby Szabo",Libby,,Szabo,,,2,R,1,Rep,HD-027,6086557,106402,,Libby_Szabo,267922,0
18726,"Bob Gardner",Bob,,Gardner,,,2,R,2,Sen,SD-012,12998016,65710,,Bob_Gardner,250352,0
