bill_id,session_id,bill_number,status,status_desc,status_date,title,description,committee_id,committee,last_action_date,last_action,url,state_link
1784235,2112,HB1001,3,Enrolled,2023-11-20,"Emergency Rental Assistance Grant Program","Concerning the creation of the emergency rental assistance grant program within the department of local affairs for the purpose of providing emergency rental assistance during the 2023-2024 state fiscal year.",0,,2023-11-21,"Senate Third Reading Passed - No Amendments",https://legiscan.com/CO/bill/HB1001/2023/X1,https://leg.colorado.gov/bills/hb23b-1001
1784241,2112,HB1002,3,Enrolled,2023-11-20,"Increased Earned Income Tax Credit 2023","Concerning an increase in the earned income tax credit for income tax year 2023, and, in connection therewith, making an appropriation.",0,,2023-11-20,"Sent to the Governor",https://legiscan.com/CO/bill/HB1002/2023/X1,https://leg.colorado.gov/bills/hb23b-1002
1784233,2112,HB1003,3,Enrolled,2023-11-20,"Property Tax Task Force","Concerning the creation of the commission on property tax, and, in connection therewith, making an appropriation.",0,,2023-11-20,"House Considered Senate Amendments - Result was to Concur - Repass",https://legiscan.com/CO/bill/HB1003/2023/X1,https://leg.colorado.gov/bills/hb23b-1003
1784236,2112,HB1004,6,Failed,2023-11-17,"2023 Property Tax Reduction Policy Study","Concerning property tax relief, and, in connection therewith, reducing property taxes for the 2023 property tax year and requiring the legislative oversight committee concerning tax policy to consider a long-term solution for property taxation in the state and to include any findings and recommendations regarding such a long-term solution in its annual report to the general assembly.",0,,2023-11-17,"House Committee on Transportation, Housing & Local Government Postpone Indefinitely",https://legiscan.com/CO/bill/HB1004/2023/X1,https://leg.colorado.gov/bills/hb23b-1004
1784239,2112,HB1005,6,Failed,2023-11-17,"Matters Related To Tax Relief For Tax Year 2023","Concerning tax relief, and, in connection therewith, providing temporary property tax reductions for the 2023 property tax year, providing temporary income tax reductions for the 2023 income tax year, and establishing a temporary task force to make recommendations concerning property taxation.",0,,2023-11-17,"House Committee on Transportation, Housing & Local Government Postpone Indefinitely",https://legiscan.com/CO/bill/HB1005/2023/X1,https://leg.colorado.gov/bills/hb23b-1005
1784234,2112,HB1006,6,Failed,2023-11-17,"Creation Of Tax Code Task Force","Concerning the creation of the tax code legislative task force.",0,,2023-11-17,"House Committee on State, Civic, Military, & Veterans Affairs Postpone Indefinitely",https://legiscan.com/CO/bill/HB1006/2023/X1,https://leg.colorado.gov/bills/hb23b-1006
1784237,2112,HB1007,6,Failed,2023-11-17,"Increase 2023 Homestead Property Tax Exemptions","Concerning the provision of property tax relief for the 2023 property tax year through a one-year increase in the maximum amount of existing homestead property tax exemptions, and, in connection therewith, increasing by a specified amount the maximum amount of actual value of the owner-occupied primary residence of a qualifying senior, veteran with a disability, or surviving spouse of such a veteran of which fifty percent is exempt.",0,,2023-11-17,"House Committee on State, Civic, Military, & Veterans Affairs Postpone Indefinitely",https://legiscan.com/CO/bill/HB1007/2023/X1,https://leg.colorado.gov/bills/hb23b-1007
1784243,2112,HB1008,3,Enrolled,2023-11-20,"Appropriation For Department Of Treasury","Concerning an appropriation to the department of the treasury to support the administration of the property tax deferral program during the 2023-24 state fiscal year.",0,,2023-11-20,"Sent to the Governor",https://legiscan.com/CO/bill/HB1008/2023/X1,https://leg.colorado.gov/bills/hb23b-1008
1784246,2112,SB001,1,Introduced,2023-11-17,"2023 Property Tax Relief","Concerning a reduction in 2023 residential property taxes.",0,,2023-11-18,"Senate Second Reading Special Order - Passed with Amendments - Committee, Floor",https://legiscan.com/CO/bill/SB001/2023/X1,https://leg.colorado.gov/bills/sb23b-001
1784242,2112,SB002,2,Engrossed,2023-11-18,"Summer Electronic BenefitsTransfer Program","Concerning creating a program to provide food benefits to students from low-income households during summer months, and, in connection therewith, making an appropriation.",0,,2023-11-19,"House Second Reading Special Order - Passed - No Amendments",https://legiscan.com/CO/bill/SB002/2023/X1,https://leg.colorado.gov/bills/sb23b-002
1784240,2112,SB003,3,Enrolled,2023-11-20,"Identical TABOR Refund","Concerning the creation of an identical refund payment of excess state revenues from all sources as a mechanism to refund a portion of the excess state revenues for the 2022-23 state fiscal year only.",0,,2023-11-20,"Sent to the Governor",https://legiscan.com/CO/bill/SB003/2023/X1,https://leg.colorado.gov/bills/sb23b-003
1784244,2112,SB004,6,Failed,2023-11-17,"Property Tax Relief","Concerning property tax relief, and, in connection therewith, providing temporary property tax reductions for the 2023 property tax year and establishing a temporary task force to make recommendations concerning property taxation.",0,,2023-11-17,"Senate Committee on Local Government & Housing Postpone Indefinitely",https://legiscan.com/CO/bill/SB004/2023/X1,https://leg.colorado.gov/bills/sb23b-004
1784245,2112,SB005,6,Failed,2023-11-17,"Expanding 2023 Property Tax Exemptions","Concerning the expansion of existing property tax exemptions for certain owner-occupied primary residences for the 2023 property tax year.",0,,2023-11-17,"Senate Committee on State, Veterans, & Military Affairs Postpone Indefinitely",https://legiscan.com/CO/bill/SB005/2023/X1,https://leg.colorado.gov/bills/sb23b-005
1784238,2112,SB006,6,Failed,2023-11-17,"Real Property Valuation Cap","Concerning a limit on the percentage by which the actual value of most classes of real property may increase for the 2023 property tax year.",0,,2023-11-17,"Senate Committee on Local Government & Housing Postpone Indefinitely",https://legiscan.com/CO/bill/SB006/2023/X1,https://leg.colorado.gov/bills/sb23b-006
1784535,2112,SJR001,1,Introduced,2023-11-20,"Adjournment Sine Die","Concerning adjournment sine die of the First Extraordinary Session of the Seventy-fourth General Assembly.",0,,2023-11-20,"Senate Third Reading Passed - No Amendments",https://legiscan.com/CO/bill/SJR001/2023/X1,https://leg.colorado.gov/bills/sjr23b-001
