bill_id,document_id,document_type,document_size,document_mime,document_desc,url,state_link
1784235,2850855,text,163686,application/pdf,Introduced,https://legiscan.com/CO/text/HB1001/id/2850855,https://leg.colorado.gov/sites/default/files/documents/2023B/bills/2023b_1001_01.pdf
1784235,2851050,text,174474,application/pdf,Amended,https://legiscan.com/CO/text/HB1001/id/2851050,https://leg.colorado.gov/sites/default/files/documents/2023B/bills/2023b_1001_rev.pdf
1784235,2851236,text,174443,application/pdf,Amended,https://legiscan.com/CO/text/HB1001/id/2851236,https://leg.colorado.gov/sites/default/files/documents/2023B/bills/2023b_1001_rer.pdf
1784235,2851044,text,173461,application/pdf,Engrossed,https://legiscan.com/CO/text/HB1001/id/2851044,https://leg.colorado.gov/sites/default/files/documents/2023B/bills/2023b_1001_eng.pdf
1784235,2851051,text,174042,application/pdf,Engrossed,https://legiscan.com/CO/text/HB1001/id/2851051,https://leg.colorado.gov/sites/default/files/documents/2023B/bills/2023b_1001_rn2.pdf
1784235,2851240,text,141437,application/pdf,Enrolled,https://legiscan.com/CO/text/HB1001/id/2851240,https://leg.colorado.gov/sites/default/files/documents/2023B/bills/2023b_1001_enr.pdf
1784241,2850861,text,143259,application/pdf,Introduced,https://legiscan.com/CO/text/HB1002/id/2850861,https://leg.colorado.gov/sites/default/files/documents/2023B/bills/2023b_1002_01.pdf
1784241,2851041,text,154987,application/pdf,Amended,https://legiscan.com/CO/text/HB1002/id/2851041,https://leg.colorado.gov/sites/default/files/documents/2023B/bills/2023b_1002_rev.pdf
1784241,2851046,text,155270,application/pdf,Amended,https://legiscan.com/CO/text/HB1002/id/2851046,https://leg.colorado.gov/sites/default/files/documents/2023B/bills/2023b_1002_rer.pdf
1784241,2851010,text,152047,application/pdf,Engrossed,https://legiscan.com/CO/text/HB1002/id/2851010,https://leg.colorado.gov/sites/default/files/documents/2023B/bills/2023b_1002_eng.pdf
1784241,2851031,text,154261,application/pdf,Engrossed,https://legiscan.com/CO/text/HB1002/id/2851031,https://leg.colorado.gov/sites/default/files/documents/2023B/bills/2023b_1002_ren.pdf
1784241,2851239,text,123992,application/pdf,Enrolled,https://legiscan.com/CO/text/HB1002/id/2851239,https://leg.colorado.gov/sites/default/files/documents/2023B/bills/2023b_1002_enr.pdf
1784233,2850853,text,165273,application/pdf,Introduced,https://legiscan.com/CO/text/HB1003/id/2850853,https://leg.colorado.gov/sites/default/files/documents/2023B/bills/2023b_1003_01.pdf
1784233,2851053,text,189564,application/pdf,Amended,https://legiscan.com/CO/text/HB1003/id/2851053,https://leg.colorado.gov/sites/default/files/documents/2023B/bills/2023b_1003_rev.pdf
1784233,2850992,text,189759,application/pdf,Engrossed,https://legiscan.com/CO/text/HB1003/id/2850992,https://leg.colorado.gov/sites/default/files/documents/2023B/bills/2023b_1003_eng.pdf
1784233,2851033,text,189807,application/pdf,Engrossed,https://legiscan.com/CO/text/HB1003/id/2851033,https://leg.colorado.gov/sites/default/files/documents/2023B/bills/2023b_1003_ren.pdf
1784236,2850856,text,161639,application/pdf,Introduced,https://legiscan.com/CO/text/HB1004/id/2850856,https://leg.colorado.gov/sites/default/files/documents/2023B/bills/2023b_1004_01.pdf
1784239,2850859,text,210022,application/pdf,Introduced,https://legiscan.com/CO/text/HB1005/id/2850859,https://leg.colorado.gov/sites/default/files/documents/2023B/bills/2023b_1005_01.pdf
1784234,2850854,text,159237,application/pdf,Introduced,https://legiscan.com/CO/text/HB1006/id/2850854,https://leg.colorado.gov/sites/default/files/documents/2023B/bills/2023b_1006_01.pdf
1784237,2850857,text,145011,application/pdf,Introduced,https://legiscan.com/CO/text/HB1007/id/2850857,https://leg.colorado.gov/sites/default/files/documents/2023B/bills/2023b_1007_01.pdf
1784243,2850863,text,129884,application/pdf,Introduced,https://legiscan.com/CO/text/HB1008/id/2850863,https://leg.colorado.gov/sites/default/files/documents/2023B/bills/2023b_1008_01.pdf
1784243,2851043,text,139441,application/pdf,Amended,https://legiscan.com/CO/text/HB1008/id/2851043,https://leg.colorado.gov/sites/default/files/documents/2023B/bills/2023b_1008_rv2.pdf
1784243,2851045,text,139651,application/pdf,Amended,https://legiscan.com/CO/text/HB1008/id/2851045,https://leg.colorado.gov/sites/default/files/documents/2023B/bills/2023b_1008_rer.pdf
1784243,2850990,text,132911,application/pdf,Engrossed,https://legiscan.com/CO/text/HB1008/id/2850990,https://leg.colorado.gov/sites/default/files/documents/2023B/bills/2023b_1008_eng.pdf
1784243,2851023,text,138671,application/pdf,Engrossed,https://legiscan.com/CO/text/HB1008/id/2851023,https://leg.colorado.gov/sites/default/files/documents/2023B/bills/2023b_1008_ren.pdf
1784243,2851049,text,120070,application/pdf,Enrolled,https://legiscan.com/CO/text/HB1008/id/2851049,https://leg.colorado.gov/sites/default/files/documents/2023B/bills/2023b_1008_enr.pdf
1784246,2850866,text,192823,application/pdf,Introduced,https://legiscan.com/CO/text/SB001/id/2850866,https://leg.colorado.gov/sites/default/files/documents/2023B/bills/2023b_001_01.pdf
1784246,2851037,text,215889,application/pdf,Engrossed,https://legiscan.com/CO/text/SB001/id/2851037,https://leg.colorado.gov/sites/default/files/documents/2023B/bills/2023b_001_eng.pdf
1784242,2850862,text,168700,application/pdf,Introduced,https://legiscan.com/CO/text/SB002/id/2850862,https://leg.colorado.gov/sites/default/files/documents/2023B/bills/2023b_002_01.pdf
1784242,2851054,text,179324,application/pdf,Amended,https://legiscan.com/CO/text/SB002/id/2851054,https://leg.colorado.gov/sites/default/files/documents/2023B/bills/2023b_002_rev.pdf
1784242,2850944,text,178978,application/pdf,Engrossed,https://legiscan.com/CO/text/SB002/id/2850944,https://leg.colorado.gov/sites/default/files/documents/2023B/bills/2023b_002_eng.pdf
1784242,2851024,text,178862,application/pdf,Engrossed,https://legiscan.com/CO/text/SB002/id/2851024,https://leg.colorado.gov/sites/default/files/documents/2023B/bills/2023b_002_ren.pdf
1784240,2850860,text,146003,application/pdf,Introduced,https://legiscan.com/CO/text/SB003/id/2850860,https://leg.colorado.gov/sites/default/files/documents/2023B/bills/2023b_003_01.pdf
1784240,2851052,text,152974,application/pdf,Amended,https://legiscan.com/CO/text/SB003/id/2851052,https://leg.colorado.gov/sites/default/files/documents/2023B/bills/2023b_003_rev.pdf
1784240,2851237,text,155191,application/pdf,Amended,https://legiscan.com/CO/text/SB003/id/2851237,https://leg.colorado.gov/sites/default/files/documents/2023B/bills/2023b_003_rer.pdf
1784240,2851040,text,152098,application/pdf,Engrossed,https://legiscan.com/CO/text/SB003/id/2851040,https://leg.colorado.gov/sites/default/files/documents/2023B/bills/2023b_003_eng.pdf
1784240,2851047,text,152508,application/pdf,Engrossed,https://legiscan.com/CO/text/SB003/id/2851047,https://leg.colorado.gov/sites/default/files/documents/2023B/bills/2023b_003_ren.pdf
1784240,2851241,text,126730,application/pdf,Enrolled,https://legiscan.com/CO/text/SB003/id/2851241,https://leg.colorado.gov/sites/default/files/documents/2023B/bills/2023b_003_enr.pdf
1784244,2850864,text,203926,application/pdf,Introduced,https://legiscan.com/CO/text/SB004/id/2850864,https://leg.colorado.gov/sites/default/files/documents/2023B/bills/2023b_004_01.pdf
1784245,2850865,text,154928,application/pdf,Introduced,https://legiscan.com/CO/text/SB005/id/2850865,https://leg.colorado.gov/sites/default/files/documents/2023B/bills/2023b_005_01.pdf
1784238,2850858,text,142886,application/pdf,Introduced,https://legiscan.com/CO/text/SB006/id/2850858,https://leg.colorado.gov/sites/default/files/documents/2023B/bills/2023b_006_01.pdf
1784535,2851242,text,127474,application/pdf,Introduced,https://legiscan.com/CO/text/SJR001/id/2851242,https://leg.colorado.gov/sites/default/files/documents/2023B/bills/2023b_sjr001_01.pdf
1784235,188285,amendment,37388,application/pdf,"House Transportation, Housing & Local Government Amendment L.001",https://legiscan.com/CO/amendment/HB1001/id/188285,https://s3-us-west-2.amazonaws.com/leg.colorado.gov/2023B/amendments/C6ED8CB0CCB2D91A87258A6A0057A528/HB1001_L.001.pdf
1784235,188286,amendment,25836,application/pdf,"House Appropriations Amendment L.003",https://legiscan.com/CO/amendment/HB1001/id/188286,https://s3-us-west-2.amazonaws.com/leg.colorado.gov/2023B/amendments/84E238F64C658EFF87258A6A0078A933/HB1001_L.003.pdf
1784241,188287,amendment,32317,application/pdf,"House Finance Amendment L.007",https://legiscan.com/CO/amendment/HB1002/id/188287,https://s3-us-west-2.amazonaws.com/leg.colorado.gov/2023B/amendments/C49C6FB8CD45F4D587258A6A005D0C2F/HB1002_L.007.pdf
1784241,188288,amendment,22356,application/pdf,"House Finance Amendment L.001",https://legiscan.com/CO/amendment/HB1002/id/188288,https://s3-us-west-2.amazonaws.com/leg.colorado.gov/2023B/amendments/969500704371E5E487258A6A00583641/HB1002_L.001.pdf
1784241,188289,amendment,27097,application/pdf,"House Finance Amendment L.009",https://legiscan.com/CO/amendment/HB1002/id/188289,https://s3-us-west-2.amazonaws.com/leg.colorado.gov/2023B/amendments/5B90E604E155CE6487258A6A0066FEF4/HB1002_L.009.pdf
1784241,188290,amendment,33948,application/pdf,"House Finance Amendment L.003",https://legiscan.com/CO/amendment/HB1002/id/188290,https://s3-us-west-2.amazonaws.com/leg.colorado.gov/2023B/amendments/14E08FD061BD301C87258A6A00583C9D/HB1002_L.003.pdf
1784241,188291,amendment,40480,application/pdf,"House Appropriations Amendment L.010",https://legiscan.com/CO/amendment/HB1002/id/188291,https://s3-us-west-2.amazonaws.com/leg.colorado.gov/2023B/amendments/0045334F7952FBB287258A6A007DFB3E/HB1002_L.010.pdf
1784241,188315,amendment,37524,application/pdf,"House Appropriations Amendment J.001",https://legiscan.com/CO/amendment/HB1002/id/188315,https://s3-us-west-2.amazonaws.com/leg.colorado.gov/2023B/amendments/DE6BF5F7A2F84BFB87258A6B0006AFBA/HB1002_J.001.pdf
1784233,188281,amendment,25507,application/pdf,"House State, Civic, Military, & Veterans Affairs Amendment L.002",https://legiscan.com/CO/amendment/HB1003/id/188281,https://s3-us-west-2.amazonaws.com/leg.colorado.gov/2023B/amendments/8FA612EA8D9305A087258A6A006B76C8/HB1003_L.002.pdf
1784233,188282,amendment,55488,application/pdf,"House State, Civic, Military, & Veterans Affairs Amendment L.001",https://legiscan.com/CO/amendment/HB1003/id/188282,https://s3-us-west-2.amazonaws.com/leg.colorado.gov/2023B/amendments/4C218F39B857B10387258A6A0056227A/HB1003_L.001.pdf
1784233,188283,amendment,37439,application/pdf,"House Appropriations Amendment J.001",https://legiscan.com/CO/amendment/HB1003/id/188283,https://s3-us-west-2.amazonaws.com/leg.colorado.gov/2023B/amendments/058D369C69E1506A87258A6B0001BC7D/HB1003_J.001.pdf
1784233,188284,amendment,27068,application/pdf,"House Appropriations Amendment L.003",https://legiscan.com/CO/amendment/HB1003/id/188284,https://s3-us-west-2.amazonaws.com/leg.colorado.gov/2023B/amendments/960DD7ED17A8FDBB87258A6A0078BD1F/HB1003_L.003.pdf
1784233,188292,amendment,26504,application/pdf,"Second Reading Amendment L.011",https://legiscan.com/CO/amendment/HB1003/id/188292,https://s3-us-west-2.amazonaws.com/leg.colorado.gov/2023B/amendments/FB83DAD90FB2786E87258A6B0007E8FF/HB1003_L.011.pdf
1784233,188293,amendment,29404,application/pdf,"Second Reading Amendment L.005",https://legiscan.com/CO/amendment/HB1003/id/188293,https://s3-us-west-2.amazonaws.com/leg.colorado.gov/2023B/amendments/E734E08590554F6787258A6A0080EF8C/HB1003_L.005.pdf
1784233,188294,amendment,23713,application/pdf,"Second Reading Amendment L.006",https://legiscan.com/CO/amendment/HB1003/id/188294,https://s3-us-west-2.amazonaws.com/leg.colorado.gov/2023B/amendments/C8BB38173B019A1087258A6B00045CCE/HB1003_L.006.pdf
1784233,188295,amendment,26044,application/pdf,"Second Reading Amendment L.004",https://legiscan.com/CO/amendment/HB1003/id/188295,https://s3-us-west-2.amazonaws.com/leg.colorado.gov/2023B/amendments/ACD69714C8C365DC87258A6B000705FF/HB1003_L.004.pdf
1784233,188296,amendment,23599,application/pdf,"Second Reading Amendment L.017",https://legiscan.com/CO/amendment/HB1003/id/188296,https://s3-us-west-2.amazonaws.com/leg.colorado.gov/2023B/amendments/AA75C68AF16B022F87258A6B001A11BC/HB1003_L.017.pdf
1784233,188297,amendment,24800,application/pdf,"Second Reading Amendment L.018",https://legiscan.com/CO/amendment/HB1003/id/188297,https://s3-us-west-2.amazonaws.com/leg.colorado.gov/2023B/amendments/93BFC42D633C9BB087258A6B001B305D/HB1003_L.018.pdf
1784233,188298,amendment,23957,application/pdf,"Second Reading Amendment L.019",https://legiscan.com/CO/amendment/HB1003/id/188298,https://s3-us-west-2.amazonaws.com/leg.colorado.gov/2023B/amendments/789F854E9A29E30E87258A6B001CDD4B/HB1003_L.019.pdf
1784233,188316,amendment,23988,application/pdf,"Senate Finance Amendment L.029",https://legiscan.com/CO/amendment/HB1003/id/188316,https://s3-us-west-2.amazonaws.com/leg.colorado.gov/2023B/amendments/0D7EA001BCBD4A6B87258A6B00812C36/HB1003_L.029.pdf
1784233,188317,amendment,26041,application/pdf,"Senate Finance Amendment L.030",https://legiscan.com/CO/amendment/HB1003/id/188317,https://s3-us-west-2.amazonaws.com/leg.colorado.gov/2023B/amendments/0C31A85989B1F74187258A6B0081E643/HB1003_L.030.pdf
1784233,188318,amendment,21782,application/pdf,"Senate Finance Amendment L.031",https://legiscan.com/CO/amendment/HB1003/id/188318,https://s3-us-west-2.amazonaws.com/leg.colorado.gov/2023B/amendments/7550B8D6A2C4D7F887258A6B00817E1A/HB1003_L.031.pdf
1784233,188319,amendment,23433,application/pdf,"Senate Finance Amendment L.032",https://legiscan.com/CO/amendment/HB1003/id/188319,https://s3-us-west-2.amazonaws.com/leg.colorado.gov/2023B/amendments/4225C9B3C6DFA93B87258A6B0081B909/HB1003_L.032.pdf
1784233,188320,amendment,22696,application/pdf,"Senate Finance Amendment L.037",https://legiscan.com/CO/amendment/HB1003/id/188320,https://s3-us-west-2.amazonaws.com/leg.colorado.gov/2023B/amendments/42A582DE2DBE11B087258A6C0003A613/HB1003_L.037.pdf
1784233,188321,amendment,33601,application/pdf,"Senate Finance Amendment L.036",https://legiscan.com/CO/amendment/HB1003/id/188321,https://s3-us-west-2.amazonaws.com/leg.colorado.gov/2023B/amendments/438F28D2B721946787258A6C0004EE4B/HB1003_L.036.pdf
1784233,188322,amendment,29939,application/pdf,"Senate Appropriations Amendment J.002",https://legiscan.com/CO/amendment/HB1003/id/188322,https://s3-us-west-2.amazonaws.com/leg.colorado.gov/2023B/amendments/060D9805CEF62AE687258A6C007619A4/HB1003_J.002.pdf
1784233,188323,amendment,31206,application/pdf,"Second Reading Amendment L.046",https://legiscan.com/CO/amendment/HB1003/id/188323,https://s3-us-west-2.amazonaws.com/leg.colorado.gov/2023B/amendments/20A71402891CF5CE87258A6D000A9176/HB1003_L.046.pdf
1784233,188325,amendment,26195,application/pdf,"Second Reading Amendment L.050",https://legiscan.com/CO/amendment/HB1003/id/188325,https://s3-us-west-2.amazonaws.com/leg.colorado.gov/2023B/amendments/7E58BA88BE80CF7A87258A6D00152416/HB1003_L.050.pdf
1784233,188326,amendment,35161,application/pdf,"Third Reading Amendment L.053",https://legiscan.com/CO/amendment/HB1003/id/188326,https://s3-us-west-2.amazonaws.com/leg.colorado.gov/2023B/amendments/A1415E9D800FD53A87258A6D0060323F/HB1003_L.053.pdf
1784239,188334,amendment,31980,application/pdf,"House Transportation, Housing & Local Government Amendment L.001",https://legiscan.com/CO/amendment/HB1005/id/188334,https://s3-us-west-2.amazonaws.com/leg.colorado.gov/2023B/amendments/08738C5A62366E8D87258A6A0053C68E/HB1005_L.001.pdf
1784239,188335,amendment,32676,application/pdf,"House Transportation, Housing & Local Government Amendment L.002",https://legiscan.com/CO/amendment/HB1005/id/188335,https://s3-us-west-2.amazonaws.com/leg.colorado.gov/2023B/amendments/3024218C2C3012DB87258A6A00569080/HB1005_L.002.pdf
1784243,188279,amendment,32673,application/pdf,"House Appropriations Amendment J.001",https://legiscan.com/CO/amendment/HB1008/id/188279,https://s3-us-west-2.amazonaws.com/leg.colorado.gov/2023B/amendments/6DA05F4AAD8965BF87258A6A007119A8/HB1008_J.001.pdf
1784243,188280,amendment,21469,application/pdf,"Second Reading Amendment L.001",https://legiscan.com/CO/amendment/HB1008/id/188280,https://s3-us-west-2.amazonaws.com/leg.colorado.gov/2023B/amendments/6A4E1968869DE6D187258A6A008030DE/HB1008_L.001.pdf
1784246,188259,amendment,30106,application/pdf,"Senate Finance Amendment L.001",https://legiscan.com/CO/amendment/SB001/id/188259,https://s3-us-west-2.amazonaws.com/leg.colorado.gov/2023B/amendments/75A4DAF42DB7706187258A6A00537175/SB001_L.001.pdf
1784246,188260,amendment,36438,application/pdf,"Senate Finance Amendment L.002",https://legiscan.com/CO/amendment/SB001/id/188260,https://s3-us-west-2.amazonaws.com/leg.colorado.gov/2023B/amendments/53454705296D0F4D87258A6A00541CC6/SB001_L.002.pdf
1784246,188261,amendment,24025,application/pdf,"Senate Finance Amendment L.003",https://legiscan.com/CO/amendment/SB001/id/188261,https://s3-us-west-2.amazonaws.com/leg.colorado.gov/2023B/amendments/F457D196F97617A287258A6A0058B145/SB001_L.003.pdf
1784246,188262,amendment,26548,application/pdf,"Senate Finance Amendment L.006",https://legiscan.com/CO/amendment/SB001/id/188262,https://s3-us-west-2.amazonaws.com/leg.colorado.gov/2023B/amendments/7C51C87D9143E44787258A6A005AFD55/SB001_L.006.pdf
1784246,188300,amendment,43384,application/pdf,"Second Reading Amendment L.016",https://legiscan.com/CO/amendment/SB001/id/188300,https://s3-us-west-2.amazonaws.com/leg.colorado.gov/2023B/amendments/5443528A536C69D087258A6B0001A887/SB001_L.016.pdf
1784246,188301,amendment,22298,application/pdf,"Second Reading Amendment L.032",https://legiscan.com/CO/amendment/SB001/id/188301,https://s3-us-west-2.amazonaws.com/leg.colorado.gov/2023B/amendments/159195F02FCB616787258A6B005D31DC/SB001_L.032.pdf
1784246,188302,amendment,21488,application/pdf,"Second Reading Amendment L.042",https://legiscan.com/CO/amendment/SB001/id/188302,https://s3-us-west-2.amazonaws.com/leg.colorado.gov/2023B/amendments/95139FD05B34466E87258A6B006C60CD/SB001_L.042.pdf
1784246,188303,amendment,7771,application/pdf,"Second Reading Amendment L.027",https://legiscan.com/CO/amendment/SB001/id/188303,https://s3-us-west-2.amazonaws.com/leg.colorado.gov/2023B/amendments/F98E1BA88E0ACA8087258A6B000E1C54/SB001_L.027.pdf
1784246,188304,amendment,27792,application/pdf,"Second Reading Amendment L.030",https://legiscan.com/CO/amendment/SB001/id/188304,https://s3-us-west-2.amazonaws.com/leg.colorado.gov/2023B/amendments/102D0E772079A90A87258A6B005D6F27/SB001_L.030.pdf
1784246,188305,amendment,24762,application/pdf,"Second Reading Amendment L.033",https://legiscan.com/CO/amendment/SB001/id/188305,https://s3-us-west-2.amazonaws.com/leg.colorado.gov/2023B/amendments/15DE8733C856707F87258A6B00619834/SB001_L.033.pdf
1784246,188307,amendment,31890,application/pdf,"Second Reading Amendment L.031",https://legiscan.com/CO/amendment/SB001/id/188307,https://s3-us-west-2.amazonaws.com/leg.colorado.gov/2023B/amendments/71F0967D775A6C0787258A6B006FC4E6/SB001_L.031.pdf
1784246,188308,amendment,24043,application/pdf,"Second Reading Amendment L.038",https://legiscan.com/CO/amendment/SB001/id/188308,https://s3-us-west-2.amazonaws.com/leg.colorado.gov/2023B/amendments/B5C0CFFD92EE1B6587258A6B00626BE6/SB001_L.038.pdf
1784246,188309,amendment,24622,application/pdf,"Second Reading Amendment L.036",https://legiscan.com/CO/amendment/SB001/id/188309,https://s3-us-west-2.amazonaws.com/leg.colorado.gov/2023B/amendments/8D660FADC92C645187258A6B00605B58/SB001_L.036.pdf
1784246,188310,amendment,39646,application/pdf,"Second Reading Amendment L.015",https://legiscan.com/CO/amendment/SB001/id/188310,https://s3-us-west-2.amazonaws.com/leg.colorado.gov/2023B/amendments/08B8E5BA1A4D025E87258A6A007239CC/SB001_L.015.pdf
1784246,188311,amendment,9816,application/pdf,"Second Reading Amendment L.043",https://legiscan.com/CO/amendment/SB001/id/188311,https://s3-us-west-2.amazonaws.com/leg.colorado.gov/2023B/amendments/45D2D7709C62B6D287258A6B006EA20C/SB001_L.043.pdf
1784246,188312,amendment,43387,application/pdf,"Second Reading Amendment L.026",https://legiscan.com/CO/amendment/SB001/id/188312,https://s3-us-west-2.amazonaws.com/leg.colorado.gov/2023B/amendments/BD867C79A3711B6E87258A6B000D0D0E/SB001_L.026.pdf
1784246,188313,amendment,43696,application/pdf,"Second Reading Amendment L.025",https://legiscan.com/CO/amendment/SB001/id/188313,https://s3-us-west-2.amazonaws.com/leg.colorado.gov/2023B/amendments/457AD7571734AA3087258A6B000CC635/SB001_L.025.pdf
1784246,188314,amendment,41622,application/pdf,"Second Reading Amendment L.020",https://legiscan.com/CO/amendment/SB001/id/188314,https://s3-us-west-2.amazonaws.com/leg.colorado.gov/2023B/amendments/EE9F6AC8AF65B38787258A6A0082E378/SB001_L.020.pdf
1784242,188275,amendment,25298,application/pdf,"Senate Appropriations Amendment L.001",https://legiscan.com/CO/amendment/SB002/id/188275,https://s3-us-west-2.amazonaws.com/leg.colorado.gov/2023B/amendments/2B22F8D1A81B791D87258A6A00624493/SB002_L.001.pdf
1784242,188276,amendment,25329,application/pdf,"Senate Appropriations Amendment L.006",https://legiscan.com/CO/amendment/SB002/id/188276,https://s3-us-west-2.amazonaws.com/leg.colorado.gov/2023B/amendments/F57E84584A1EE77B87258A6A007527E5/SB002_L.006.pdf
1784242,188277,amendment,27449,application/pdf,"Senate Appropriations Amendment L.003",https://legiscan.com/CO/amendment/SB002/id/188277,https://s3-us-west-2.amazonaws.com/leg.colorado.gov/2023B/amendments/BE65CE09C7C486CD87258A6A00649B93/SB002_L.003.pdf
1784242,188278,amendment,37235,application/pdf,"Senate Appropriations Amendment J.002",https://legiscan.com/CO/amendment/SB002/id/188278,https://s3-us-west-2.amazonaws.com/leg.colorado.gov/2023B/amendments/B1BCB7135400F5DA87258A6A0070AC81/SB002_J.002.pdf
1784240,188299,amendment,26836,application/pdf,"Second Reading Amendment L.003",https://legiscan.com/CO/amendment/SB003/id/188299,https://s3-us-west-2.amazonaws.com/leg.colorado.gov/2023B/amendments/85CEDB63E56D898487258A6B0010E643/SB003_L.003.pdf
1784240,188306,amendment,25627,application/pdf,"Second Reading Amendment L.005",https://legiscan.com/CO/amendment/SB003/id/188306,https://s3-us-west-2.amazonaws.com/leg.colorado.gov/2023B/amendments/63EFC86BCE970BAD87258A6B005E4B89/SB003_L.005.pdf
1784240,188324,amendment,21927,application/pdf,"Second Reading Amendment L.008",https://legiscan.com/CO/amendment/SB003/id/188324,https://s3-us-west-2.amazonaws.com/leg.colorado.gov/2023B/amendments/AE55940D0083AEFF87258A6D00020C17/SB003_L.008.pdf
1784244,188273,amendment,25137,application/pdf,"Senate Local Government & Housing Amendment L.003",https://legiscan.com/CO/amendment/SB004/id/188273,https://s3-us-west-2.amazonaws.com/leg.colorado.gov/2023B/amendments/57493C6649538F0287258A6A00737876/SB004_L.003.pdf
1784244,188274,amendment,32354,application/pdf,"Senate Local Government & Housing Amendment L.001",https://legiscan.com/CO/amendment/SB004/id/188274,https://s3-us-west-2.amazonaws.com/leg.colorado.gov/2023B/amendments/DA47E4AF620F3AE187258A6A00549ABB/SB004_L.001.pdf
1784238,188263,amendment,61298,application/pdf,"Senate Local Government & Housing Amendment L.001",https://legiscan.com/CO/amendment/SB006/id/188263,https://s3-us-west-2.amazonaws.com/leg.colorado.gov/2023B/amendments/9ACC926F2C52C89287258A6A00684338/SB006_L.001.pdf
1784235,393993,supplement,315177,application/pdf,"Fiscal Note",https://legiscan.com/CO/supplement/HB1001/id/393993,https://leg.colorado.gov/sites/default/files/documents/2023B/bills/fn/2023b_hb23b-1001_00.pdf
1784235,394018,supplement,119027,application/pdf,"Fiscal Note/Analysis",https://legiscan.com/CO/supplement/HB1001/id/394018,https://leg.colorado.gov/sites/default/files/documents/2023B/bills/fn/2023b_hb1001_hse.pdf
1784235,394026,supplement,314762,application/pdf,"Fiscal Note",https://legiscan.com/CO/supplement/HB1001/id/394026,https://leg.colorado.gov/sites/default/files/documents/2023B/bills/fn/2023b_hb23b-1001_r1.pdf
1784235,394033,supplement,112189,application/pdf,"Fiscal Note/Analysis",https://legiscan.com/CO/supplement/HB1001/id/394033,https://leg.colorado.gov/sites/default/files/documents/2023B/bills/fn/2023b_hb1001_sen.pdf
1784241,393998,supplement,309808,application/pdf,"Fiscal Note",https://legiscan.com/CO/supplement/HB1002/id/393998,https://leg.colorado.gov/sites/default/files/documents/2023B/bills/fn/2023b_hb23b-1002_00.pdf
1784241,394019,supplement,365994,application/pdf,"Fiscal Note",https://legiscan.com/CO/supplement/HB1002/id/394019,https://leg.colorado.gov/sites/default/files/documents/2023B/bills/fn/2023b_hb23b-1002_r1.pdf
1784241,394024,supplement,366115,application/pdf,"Fiscal Note",https://legiscan.com/CO/supplement/HB1002/id/394024,https://leg.colorado.gov/sites/default/files/documents/2023B/bills/fn/2023b_hb23b-1002_r2.pdf
1784233,393991,supplement,381622,application/pdf,"Fiscal Note",https://legiscan.com/CO/supplement/HB1003/id/393991,https://leg.colorado.gov/sites/default/files/documents/2023B/bills/fn/2023b_hb23b-1003_00.pdf
1784233,394016,supplement,114400,application/pdf,"Fiscal Note/Analysis",https://legiscan.com/CO/supplement/HB1003/id/394016,https://leg.colorado.gov/sites/default/files/documents/2023B/bills/fn/2023b_hb1003_hse.pdf
1784233,394017,supplement,381123,application/pdf,"Fiscal Note",https://legiscan.com/CO/supplement/HB1003/id/394017,https://leg.colorado.gov/sites/default/files/documents/2023B/bills/fn/2023b_hb23b-1003_r1.pdf
1784233,394027,supplement,374782,application/pdf,"Fiscal Note",https://legiscan.com/CO/supplement/HB1003/id/394027,https://leg.colorado.gov/sites/default/files/documents/2023B/bills/fn/2023b_hb23b-1003_r2.pdf
1784233,394028,supplement,375070,application/pdf,"Fiscal Note",https://legiscan.com/CO/supplement/HB1003/id/394028,https://leg.colorado.gov/sites/default/files/documents/2023B/bills/fn/2023b_hb23b-1003_r3.pdf
1784233,394031,supplement,111537,application/pdf,"Fiscal Note/Analysis",https://legiscan.com/CO/supplement/HB1003/id/394031,https://leg.colorado.gov/sites/default/files/documents/2023B/bills/fn/2023b_hb1003_sn2.pdf
1784233,394040,supplement,345237,application/pdf,"Fiscal Note",https://legiscan.com/CO/supplement/HB1003/id/394040,https://leg.colorado.gov/sites/default/files/documents/2023B/bills/fn/2023b_hb23b-1003_r5.pdf
1784236,393994,supplement,357639,application/pdf,"Fiscal Note",https://legiscan.com/CO/supplement/HB1004/id/393994,https://leg.colorado.gov/sites/default/files/documents/2023B/bills/fn/2023b_hb23b-1004_00.pdf
1784236,398513,supplement,358522,application/pdf,"Fiscal Note",https://legiscan.com/CO/supplement/HB1004/id/398513,https://leg.colorado.gov/sites/default/files/documents/2023B/bills/fn/2023b_hb23b-1004_f1.pdf
1784239,393997,supplement,462160,application/pdf,"Fiscal Note",https://legiscan.com/CO/supplement/HB1005/id/393997,https://leg.colorado.gov/sites/default/files/documents/2023B/bills/fn/2023b_hb23b-1005_00.pdf
1784239,398521,supplement,462809,application/pdf,"Fiscal Note",https://legiscan.com/CO/supplement/HB1005/id/398521,https://leg.colorado.gov/sites/default/files/documents/2023B/bills/fn/2023b_hb23b-1005_f1.pdf
1784234,393992,supplement,384294,application/pdf,"Fiscal Note",https://legiscan.com/CO/supplement/HB1006/id/393992,https://leg.colorado.gov/sites/default/files/documents/2023B/bills/fn/2023b_hb23b-1006_00.pdf
1784234,394354,supplement,385666,application/pdf,"Fiscal Note",https://legiscan.com/CO/supplement/HB1006/id/394354,https://leg.colorado.gov/sites/default/files/documents/2023B/bills/fn/2023b_hb23b-1006_f1.pdf
1784237,393995,supplement,325965,application/pdf,"Fiscal Note",https://legiscan.com/CO/supplement/HB1007/id/393995,https://leg.colorado.gov/sites/default/files/documents/2023B/bills/fn/2023b_hb23b-1007_00.pdf
1784237,394219,supplement,326908,application/pdf,"Fiscal Note",https://legiscan.com/CO/supplement/HB1007/id/394219,https://leg.colorado.gov/sites/default/files/documents/2023B/bills/fn/2023b_hb23b-1007_f1.pdf
1784243,394000,supplement,307640,application/pdf,"Fiscal Note",https://legiscan.com/CO/supplement/HB1008/id/394000,https://leg.colorado.gov/sites/default/files/documents/2023B/bills/fn/2023b_hb23b-1008_00.pdf
1784243,394015,supplement,114322,application/pdf,"Fiscal Note/Analysis",https://legiscan.com/CO/supplement/HB1008/id/394015,https://leg.colorado.gov/sites/default/files/documents/2023B/bills/fn/2023b_hb1008_hse.pdf
1784246,394008,supplement,463547,application/pdf,"Fiscal Note",https://legiscan.com/CO/supplement/SB001/id/394008,https://leg.colorado.gov/sites/default/files/documents/2023B/bills/fn/2023b_sb23b-001_00.pdf
1784246,394014,supplement,114945,application/pdf,"Fiscal Note/Analysis",https://legiscan.com/CO/supplement/SB001/id/394014,https://leg.colorado.gov/sites/default/files/documents/2023B/bills/fn/2023b_sb0001_sen.pdf
1784246,394029,supplement,434907,application/pdf,"Fiscal Note",https://legiscan.com/CO/supplement/SB001/id/394029,https://leg.colorado.gov/sites/default/files/documents/2023B/bills/fn/2023b_sb23b-001_r1.pdf
1784242,393999,supplement,401581,application/pdf,"Fiscal Note",https://legiscan.com/CO/supplement/SB002/id/393999,https://leg.colorado.gov/sites/default/files/documents/2023B/bills/fn/2023b_sb23b-002_00.pdf
1784242,394007,supplement,117957,application/pdf,"Fiscal Note/Analysis",https://legiscan.com/CO/supplement/SB002/id/394007,https://leg.colorado.gov/sites/default/files/documents/2023B/bills/fn/2023b_sb0002_sen.pdf
1784242,394025,supplement,402986,application/pdf,"Fiscal Note",https://legiscan.com/CO/supplement/SB002/id/394025,https://leg.colorado.gov/sites/default/files/documents/2023B/bills/fn/2023b_sb23b-002_r1.pdf
1784242,394032,supplement,113886,application/pdf,"Fiscal Note/Analysis",https://legiscan.com/CO/supplement/SB002/id/394032,https://leg.colorado.gov/sites/default/files/documents/2023B/bills/fn/2023b_sb0002_hse.pdf
1784240,394006,supplement,345196,application/pdf,"Fiscal Note",https://legiscan.com/CO/supplement/SB003/id/394006,https://leg.colorado.gov/sites/default/files/documents/2023B/bills/fn/2023b_sb23b-003_00.pdf
1784240,394030,supplement,485670,application/pdf,"Fiscal Note",https://legiscan.com/CO/supplement/SB003/id/394030,https://leg.colorado.gov/sites/default/files/documents/2023B/bills/fn/2023b_sb23b-003_r1.pdf
1784244,394001,supplement,482554,application/pdf,"Fiscal Note",https://legiscan.com/CO/supplement/SB004/id/394001,https://leg.colorado.gov/sites/default/files/documents/2023B/bills/fn/2023b_sb23b-004_00.pdf
1784244,398571,supplement,482955,application/pdf,"Fiscal Note",https://legiscan.com/CO/supplement/SB004/id/398571,https://leg.colorado.gov/sites/default/files/documents/2023B/bills/fn/2023b_sb23b-004_f1.pdf
1784245,394002,supplement,325642,application/pdf,"Fiscal Note",https://legiscan.com/CO/supplement/SB005/id/394002,https://leg.colorado.gov/sites/default/files/documents/2023B/bills/fn/2023b_sb23b-005_00.pdf
1784245,394221,supplement,326410,application/pdf,"Fiscal Note",https://legiscan.com/CO/supplement/SB005/id/394221,https://leg.colorado.gov/sites/default/files/documents/2023B/bills/fn/2023b_sb23b-005_f1.pdf
1784238,393996,supplement,424214,application/pdf,"Fiscal Note",https://legiscan.com/CO/supplement/SB006/id/393996,https://leg.colorado.gov/sites/default/files/documents/2023B/bills/fn/2023b_sb23b-006_00.pdf
1784238,398570,supplement,424368,application/pdf,"Fiscal Note",https://legiscan.com/CO/supplement/SB006/id/398570,https://leg.colorado.gov/sites/default/files/documents/2023B/bills/fn/2023b_sb23b-006_f1.pdf
