bill_id,date,chamber,sequence,action
1784233,2023-11-17,House,1,"House Committee on State, Civic, Military, & Veterans Affairs Refer Amended to Appropriations"
1784233,2023-11-17,House,2,"House Committee on Appropriations Refer Amended to House Committee of the Whole"
1784233,2023-11-17,House,3,"House Second Reading Special Order - Passed with Amendments - Committee, Floor"
1784233,2023-11-18,House,4,"House Third Reading Passed - No Amendments"
1784233,2023-11-18,Senate,5,"Introduced In Senate - Assigned to Finance"
1784233,2023-11-18,Senate,6,"Senate Committee on Finance Refer Amended to Appropriations"
1784233,2023-11-19,Senate,7,"Senate Committee on Appropriations Refer Amended to Senate Committee of the Whole"
1784233,2023-11-19,Senate,8,"Senate Second Reading Special Order - Passed with Amendments - Committee, Floor"
1784233,2023-11-20,Senate,9,"Senate Third Reading Passed with Amendments - Floor"
1784233,2023-11-20,House,10,"Introduced In House - Assigned to State, Civic, Military, & Veterans Affairs"
1784233,2023-11-20,Senate,11,"House Considered Senate Amendments - Result was to Concur - Repass"
1784234,2023-11-17,House,1,"Introduced In House - Assigned to State, Civic, Military, & Veterans Affairs"
1784234,2023-11-17,House,2,"House Committee on State, Civic, Military, & Veterans Affairs Postpone Indefinitely"
1784235,2023-11-17,House,1,"Introduced In House - Assigned to Transportation, Housing & Local Government"
1784235,2023-11-17,House,2,"House Committee on Transportation, Housing & Local Government Refer Amended to Appropriations"
1784235,2023-11-17,House,3,"House Committee on Appropriations Refer Amended to House Committee of the Whole"
1784235,2023-11-18,House,4,"House Second Reading Special Order - Passed with Amendments - Committee"
1784235,2023-11-19,House,5,"House Third Reading Passed - No Amendments"
1784235,2023-11-19,Senate,6,"Introduced In Senate - Assigned to Appropriations"
1784235,2023-11-19,Senate,7,"Senate Committee on Appropriations Refer Unamended to Senate Committee of the Whole"
1784235,2023-11-19,Senate,8,"Senate Second Reading Special Order - Passed - No Amendments"
1784235,2023-11-20,Senate,9,"Senate Third Reading Passed - No Amendments"
1784235,2023-11-20,House,10,"Signed by the Speaker of the House"
1784235,2023-11-20,Senate,11,"Signed by the President of the Senate"
1784235,2023-11-20,,12,"Sent to the Governor"
1784235,2023-11-21,Senate,13,"Senate Third Reading Reconsidered - No Amendments"
1784235,2023-11-21,Senate,14,"Senate Third Reading Passed - No Amendments"
1784236,2023-11-17,House,1,"Introduced In House - Assigned to Transportation, Housing & Local Government"
1784236,2023-11-17,House,2,"House Committee on Transportation, Housing & Local Government Postpone Indefinitely"
1784237,2023-11-17,House,1,"Introduced In House - Assigned to State, Civic, Military, & Veterans Affairs"
1784237,2023-11-17,House,2,"House Committee on State, Civic, Military, & Veterans Affairs Postpone Indefinitely"
1784238,2023-11-17,Senate,1,"Introduced In Senate - Assigned to Local Government & Housing"
1784238,2023-11-17,Senate,2,"Senate Committee on Local Government & Housing Postpone Indefinitely"
1784239,2023-11-17,House,1,"Introduced In House - Assigned to Transportation, Housing & Local Government"
1784239,2023-11-17,House,2,"House Committee on Transportation, Housing & Local Government Postpone Indefinitely"
1784240,2023-11-17,Senate,1,"Introduced In Senate - Assigned to State, Veterans, & Military Affairs"
1784240,2023-11-17,Senate,2,"Senate Committee on State, Veterans, & Military Affairs Refer Unamended to Senate Committee of the Whole"
1784240,2023-11-17,Senate,3,"Senate Second Reading Special Order - Laid Over Daily - No Amendments"
1784240,2023-11-18,Senate,4,"Senate Second Reading Special Order - Passed with Amendments - Floor"
1784240,2023-11-19,Senate,5,"Senate Third Reading Passed - No Amendments"
1784240,2023-11-19,House,6,"Introduced In House - Assigned to Finance"
1784240,2023-11-19,House,7,"House Committee on Finance Refer Unamended to House Committee of the Whole"
1784240,2023-11-19,House,8,"House Second Reading Special Order - Passed - No Amendments"
1784240,2023-11-20,House,9,"House Third Reading Passed - No Amendments"
1784240,2023-11-20,Senate,10,"Signed by the President of the Senate"
1784240,2023-11-20,House,11,"Signed by the Speaker of the House"
1784240,2023-11-20,,12,"Sent to the Governor"
1784241,2023-11-17,House,1,"Introduced In House - Assigned to Finance"
1784241,2023-11-17,House,2,"House Committee on Finance Refer Amended to Appropriations"
1784241,2023-11-17,House,3,"House Committee on Appropriations Refer Amended to House Committee of the Whole"
1784241,2023-11-17,House,4,"House Second Reading Special Order - Passed with Amendments - Committee"
1784241,2023-11-18,House,5,"House Third Reading Passed - No Amendments"
1784241,2023-11-18,Senate,6,"Introduced In Senate - Assigned to Finance"
1784241,2023-11-18,Senate,7,"Senate Committee on Finance Refer Unamended to Appropriations"
1784241,2023-11-18,Senate,8,"Senate Committee on Appropriations Refer Unamended to Senate Committee of the Whole"
1784241,2023-11-18,Senate,9,"Senate Second Reading Special Order - Passed - No Amendments"
1784241,2023-11-19,Senate,10,"Senate Third Reading Passed - No Amendments"
1784241,2023-11-20,Senate,11,"Signed by the President of the Senate"
1784241,2023-11-20,House,12,"Signed by the Speaker of the House"
1784241,2023-11-20,,13,"Sent to the Governor"
1784242,2023-11-17,Senate,1,"Introduced In Senate - Assigned to Appropriations"
1784242,2023-11-17,Senate,2,"Senate Committee on Appropriations Refer Amended - Consent Calendar to Senate Committee of the Whole"
1784242,2023-11-17,Senate,3,"Senate Second Reading Special Order - Passed with Amendments - Committee"
1784242,2023-11-18,Senate,4,"Senate Third Reading Passed - No Amendments"
1784242,2023-11-18,House,5,"Introduced In House - Assigned to Appropriations"
1784242,2023-11-19,House,6,"House Committee on Appropriations Refer Unamended to House Committee of the Whole"
1784242,2023-11-19,House,7,"House Second Reading Special Order - Passed - No Amendments"
1784243,2023-11-17,House,1,"Introduced In House - Assigned to Appropriations"
1784243,2023-11-17,House,2,"House Committee on Appropriations Refer Amended to House Committee of the Whole"
1784243,2023-11-17,House,3,"House Second Reading Special Order - Passed with Amendments - Committee"
1784243,2023-11-18,House,4,"House Third Reading Passed - No Amendments"
1784243,2023-11-18,Senate,5,"Introduced In Senate - Assigned to Appropriations"
1784243,2023-11-18,Senate,6,"Senate Committee on Appropriations Refer Unamended to Senate Committee of the Whole"
1784243,2023-11-18,Senate,7,"Senate Second Reading Special Order - Passed - No Amendments"
1784243,2023-11-19,Senate,8,"Senate Third Reading Passed - No Amendments"
1784243,2023-11-20,Senate,9,"Signed by the President of the Senate"
1784243,2023-11-20,House,10,"Signed by the Speaker of the House"
1784243,2023-11-20,,11,"Sent to the Governor"
1784244,2023-11-17,Senate,1,"Introduced In Senate - Assigned to Local Government & Housing"
1784244,2023-11-17,Senate,2,"Senate Committee on Local Government & Housing Postpone Indefinitely"
1784245,2023-11-17,Senate,1,"Introduced In Senate - Assigned to State, Veterans, & Military Affairs"
1784245,2023-11-17,Senate,2,"Senate Committee on State, Veterans, & Military Affairs Postpone Indefinitely"
1784246,2023-11-17,Senate,1,"Introduced In Senate - Assigned to Finance"
1784246,2023-11-17,Senate,2,"Senate Committee on Finance Refer Amended to Appropriations"
1784246,2023-11-17,Senate,3,"Senate Committee on Appropriations Refer Unamended to Senate Committee of the Whole"
1784246,2023-11-17,Senate,4,"Senate Second Reading Special Order - Laid Over Daily - No Amendments"
1784246,2023-11-18,Senate,5,"Senate Second Reading Special Order - Passed with Amendments - Committee, Floor"
1784535,2023-11-20,Senate,1,"Introduced In Senate - Assigned to"
1784535,2023-11-20,Senate,2,"Senate Third Reading Passed - No Amendments"
