bill_id,roll_call_id,date,chamber,description,yea,nay,nv,absent,total
1784233,1357801,2023-11-17,House,"House State, Civic, Military, & Veterans Affairs: Refer House Bill 23B-1003, as amended, to the Committee on Appropriations.",7,4,0,0,11
1784233,1357821,2023-11-17,House,"House Appropriations: Adopt amendment J.001",7,4,0,0,11
1784233,1357822,2023-11-17,House,"House Appropriations: Adopt amendment L.003",7,4,0,0,11
1784233,1357823,2023-11-17,House,"House Appropriations: Refer House Bill 23B-1003, as amended, to the Committee of the Whole.",7,4,0,0,11
1784233,1357841,2023-11-18,Senate,"Senate Finance: Refer House Bill 23B-1003, as amended, to the Committee on Appropriations.",4,3,0,0,7
1784233,1357845,2023-11-19,Senate,"Senate Appropriations: Adopt amendment J.002",6,3,0,0,9
1784233,1357846,2023-11-19,Senate,"Senate Appropriations: Refer House Bill 23B-1003, as amended, to the Committee of the Whole.",7,2,0,0,9
1784234,1357802,2023-11-17,House,"House State, Civic, Military, & Veterans Affairs: Postpone House Bill 23B-1006 indefinitely using a reversal of the previous roll call. There was no objection to the use of the reverse roll call, therefore, the bill was postponed indefinitely.",6,4,0,1,11
1784234,1363065,2023-11-17,House,"House State, Civic, Military, & Veterans Affairs: Postpone House Bill 23B-1006 indefinitely using a reversal of the previous roll call. There was no objection to the use of the reverse roll call, therefore, the bill was postponed indefinitely.",6,4,0,1,11
1784235,1357803,2023-11-17,House,"House Transportation, Housing & Local Government: Refer House Bill 23B-1001, as amended, to the Committee on Appropriations.",8,4,0,1,13
1784235,1357824,2023-11-17,House,"House Appropriations: Adopt amendment L.003",7,4,0,0,11
1784235,1357825,2023-11-17,House,"House Appropriations: Refer House Bill 23B-1001, as amended, to the Committee of the Whole.",7,4,0,0,11
1784235,1357848,2023-11-19,Senate,"Senate Appropriations: Refer House Bill 23B-1001 to the Committee of the Whole.",6,3,0,0,9
1784236,1357804,2023-11-17,House,"House Transportation, Housing & Local Government: Postpone House Bill 23B-1004 indefinitely using a reversal of the previous roll call. There was no objection to the use of the reverse roll call, therefore, the bill was postponed indefinitely.",13,0,0,0,13
1784236,1362354,2023-11-17,House,"House Transportation, Housing & Local Government: Postpone House Bill 23B-1004 indefinitely using a reversal of the previous roll call. There was no objection to the use of the reverse roll call, therefore, the bill was postponed indefinitely.",13,0,0,0,13
1784236,1362355,2023-11-17,House,"House Transportation, Housing & Local Government: Refer House Bill 23B-1004, as amended, to the Committee on Appropriations.",0,13,0,0,13
1784237,1357795,2023-11-17,House,"House State, Civic, Military, & Veterans Affairs: Postpone House Bill 23B-1007 indefinitely using a reversal of the previous roll call. There was no objection to the use of the reverse roll call, therefore, the bill was postponed indefinitely.",7,3,0,1,11
1784237,1363100,2023-11-17,House,"House State, Civic, Military, & Veterans Affairs: Postpone House Bill 23B-1007 indefinitely using a reversal of the previous roll call. There was no objection to the use of the reverse roll call, therefore, the bill was postponed indefinitely.",7,3,0,1,11
1784238,1357810,2023-11-17,Senate,"Senate Local Government & Housing: Postpone Senate Bill 23B-006 indefinitely using a reversal of the previous roll call. There was no objection to the use of the reverse roll call, therefore, the bill was postponed indefinitely.",4,3,0,0,7
1784238,1357928,2023-11-17,Senate,"Senate Local Government & Housing: Postpone Senate Bill 23B-006 indefinitely using a reversal of the previous roll call. There was no objection to the use of the reverse roll call, therefore, the bill was postponed indefinitely.",4,3,0,0,7
1784238,1357929,2023-11-17,Senate,"Senate Local Government & Housing: Refer Senate Bill 23B-006, as amended, to the Committee on Appropriations.",3,4,0,0,7
1784239,1357805,2023-11-17,House,"House Transportation, Housing & Local Government: Postpone House Bill 23B-1005 indefinitely using a reversal of the previous roll call. There was no objection to the use of the reverse roll call, therefore, the bill was postponed indefinitely.",9,4,0,0,13
1784239,1362369,2023-11-17,House,"House Transportation, Housing & Local Government: Postpone House Bill 23B-1005 indefinitely using a reversal of the previous roll call. There was no objection to the use of the reverse roll call, therefore, the bill was postponed indefinitely.",9,4,0,0,13
1784239,1362370,2023-11-17,House,"House Transportation, Housing & Local Government: Refer House Bill 23B-1005, as amended, to the Committee on Finance.",4,9,0,0,13
1784240,1357806,2023-11-17,Senate,"Senate State, Veterans, & Military Affairs: Refer Senate Bill 23B-003 to the Committee of the Whole.",3,2,0,0,5
1784240,1357849,2023-11-19,House,"House Finance: Refer Senate Bill 23B-003 to the Committee of the Whole.",7,4,0,0,11
1784241,1357807,2023-11-17,House,"House Finance: Refer House Bill 23B-1002, as amended, to the Committee on Appropriations.",7,4,0,0,11
1784241,1357826,2023-11-17,House,"House Appropriations: Adopt amendment J.001",6,4,0,1,11
1784241,1357827,2023-11-17,House,"House Appropriations: Adopt amendment L.010 as amended by J.001",6,4,0,1,11
1784241,1357828,2023-11-17,House,"House Appropriations: Refer House Bill 23B-1002, as amended, to the Committee of the Whole.",6,4,0,1,11
1784241,1357843,2023-11-18,Senate,"Senate Appropriations: Refer House Bill 23B-1002 to the Committee of the Whole.",6,3,0,0,9
1784241,1357844,2023-11-18,Senate,"Senate Finance: Refer House Bill 23B-1002 to the Committee on Appropriations.",4,3,0,0,7
1784242,1357818,2023-11-17,Senate,"Senate Appropriations: Refer Senate Bill 23B-002, as amended, to the Committee of the Whole.",9,0,0,0,9
1784242,1357829,2023-11-17,Senate,"Senate Appropriations: Adopt amendment J.002",9,0,0,0,9
1784242,1357830,2023-11-17,Senate,"Senate Appropriations: Adopt amendment L.003",9,0,0,0,9
1784242,1357831,2023-11-17,Senate,"Senate Appropriations: Adopt amendment L.006",9,0,0,0,9
1784242,1357832,2023-11-17,Senate,"Senate Appropriations: Refer Senate Bill 23B-002, as amended, to the Committee of the Whole and with a recommendation that it be placed on the consent calendar.",9,0,0,0,9
1784242,1357847,2023-11-19,House,"House Appropriations: Refer Senate Bill 23B-002 to the Committee of the Whole.",7,4,0,0,11
1784243,1357819,2023-11-17,House,"House Appropriations: Adopt amendment J.001",7,4,0,0,11
1784243,1357820,2023-11-17,House,"House Appropriations: Refer House Bill 23B-1008, as amended, to the Committee of the Whole.",7,4,0,0,11
1784243,1357842,2023-11-18,Senate,"Senate Appropriations: Refer House Bill 23B-1008 to the Committee of the Whole.",5,4,0,0,9
1784244,1357817,2023-11-17,Senate,"Senate Local Government & Housing: Postpone Senate Bill 23B-004 indefinitely using a reversal of the previous roll call. There was no objection to the use of the reverse roll call, therefore, the bill was postponed indefinitely.",4,3,0,0,7
1784244,1357930,2023-11-17,Senate,"Senate Local Government & Housing: Adopt amendment L.003 (Attachment B)",7,0,0,0,7
1784244,1357931,2023-11-17,Senate,"Senate Local Government & Housing: Postpone Senate Bill 23B-004 indefinitely using a reversal of the previous roll call. There was no objection to the use of the reverse roll call, therefore, the bill was postponed indefinitely.",4,3,0,0,7
1784244,1357932,2023-11-17,Senate,"Senate Local Government & Housing: Refer Senate Bill 23B-004, as amended, to the Committee on Appropriations.",3,4,0,0,7
1784245,1357808,2023-11-17,Senate,"Senate State, Veterans, & Military Affairs: Postpone Senate Bill 23B-005 indefinitely.",3,2,0,0,5
1784245,1357898,2023-11-17,Senate,"Senate State, Veterans, & Military Affairs: Postpone Senate Bill 23B-005 indefinitely.",3,2,0,0,5
1784245,1357899,2023-11-17,Senate,"Senate State, Veterans, & Military Affairs: Refer Senate Bill 23B-005 to the Committee of the Whole.",2,3,0,0,5
1784246,1357833,2023-11-17,Senate,"Senate Appropriations: Refer Senate Bill 23B-001 to the Committee of the Whole.",6,3,0,0,9
1784246,1357835,2023-11-17,Senate,"Senate Finance: Refer Senate Bill 23B-001, as amended, to the Committee on Appropriations.",4,3,0,0,7
1784246,1357837,2023-11-17,Senate,"Senate Finance: Adopt amendment L.002 (Attachment B)",7,0,0,0,7
1784246,1357838,2023-11-17,Senate,"Senate Finance: Adopt amendment L.003 (Attachment C)",7,0,0,0,7
1784246,1357839,2023-11-17,Senate,"Senate Finance: Adopt amendment L.006 (Attachment D)",7,0,0,0,7
1784246,1357840,2023-11-17,Senate,"Senate Finance: Refer Senate Bill 23B-001, as amended, to the Committee on Appropriations.",4,3,0,0,7
