bill_id,session_id,bill_number,status,status_desc,status_date,title,description,committee_id,committee,last_action_date,last_action,url,state_link
882798,1245,HB2001,4,Passed,2016-06-24,"Making appropriations for FY17 and FY18 for various state agencies.","Making appropriations for FY17 and FY18 for various state agencies.",0,,2016-06-24,"House Approved by Governor on Monday, June 27 , 2016",https://legiscan.com/KS/bill/HB2001/2016/X1,http://www.kslegislature.org/li/b2015_16/measures/hb2001/
882799,1245,HB2002,6,Failed,2016-06-01,"Sexual exploitation of a child; definition of ""sexually explicit conduct"".","Sexual exploitation of a child; definition of ""sexually explicit conduct"".",0,,2016-06-01,"House Died in Committee",https://legiscan.com/KS/bill/HB2002/2016/X1,http://www.kslegislature.org/li_2016/b2015_16/measures/hb2002/
882800,1245,HB2003,1,Introduced,2016-06-23,"Amendments to the CLASS act regarding supplemental general state aid.","Amendments to the CLASS act regarding supplemental general state aid.",1369,"House Appropriations",2016-06-23,"House Referred to Committee on Appropriations",https://legiscan.com/KS/bill/HB2003/2016/X1,http://www.kslegislature.org/li/b2015_16/measures/hb2003/
882801,1245,HR6001,4,Passed,2016-06-24,"Organization of the House of Representatives, special session, 2016.","Organization of the House of Representatives, special session, 2016.",0,,2016-06-24,"House Enrolled on Friday, June 24, 2016",https://legiscan.com/KS/bill/HR6001/2016/X1,http://www.kslegislature.org/li/b2015_16/measures/hr6001/
882802,1245,HR6002,4,Passed,2015-01-20,"Assignment of seats in House of Representatives, 2015.","Assignment of seats in House of Representatives, 2015.",0,,2015-01-20,"House Enrolled on Tuesday, January 20, 2015",https://legiscan.com/KS/bill/HR6002/2016/X1,http://www.kslegislature.org/li_2016/b2015_16/measures/hr6002/
882803,1245,HCR5001,1,Introduced,2016-06-23,"Constitutional amendment establishing requirements for the finance of public elementary and secondary schools and defining legal remedies for violations of article 6.","Constitutional amendment establishing requirements for the finance of public elementary and secondary schools and defining legal remedies for violations of article 6.",1386,"House Judiciary",2016-06-23,"House Referred to Committee on Judiciary",https://legiscan.com/KS/bill/HCR5001/2016/X1,http://www.kslegislature.org/li/b2015_16/measures/hcr5001/
882804,1245,SB1,6,Failed,2016-06-01,"Increasing criminal penalties for hate crimes and establishing reporting requirements for law enforcement agencies.","Increasing criminal penalties for hate crimes and establishing reporting requirements for law enforcement agencies.",0,,2016-06-01,"Senate Died in Committee",https://legiscan.com/KS/bill/SB1/2016/X1,http://www.kslegislature.org/li_2016/b2015_16/measures/sb1/
882805,1245,SB2,6,Failed,2016-06-01,"Authorizing school districts to offer multi-year contracts to teachers.","Authorizing school districts to offer multi-year contracts to teachers.",0,,2016-06-01,"Senate Died in Committee",https://legiscan.com/KS/bill/SB2/2016/X1,http://www.kslegislature.org/li_2016/b2015_16/measures/sb2/
882806,1245,SB3,1,Introduced,2016-06-23,"Amendments to the CLASS act regarding supplemental general state aid.","Amendments to the CLASS act regarding supplemental general state aid.",1414,"Senate Ways and Means",2016-06-23,"Senate Referred to Committee on Ways and Means",https://legiscan.com/KS/bill/SB3/2016/X1,http://www.kslegislature.org/li/b2015_16/measures/sb3/
882807,1245,SR1701,4,Passed,2016-06-24,"Organization of the Senate, special session, 2016.","Organization of the Senate, special session, 2016.",0,,2016-06-24,"Senate Enrolled on Friday, June 24, 2016",https://legiscan.com/KS/bill/SR1701/2016/X1,http://www.kslegislature.org/li/b2015_16/measures/sr1701/
882808,1245,SCR1601,4,Passed,2016-06-24,"Committee to inform the governor that the legislature is organized, special session, 2016.","Committee to inform the governor that the legislature is organized, special session, 2016.",0,,2016-06-24,"Senate Enrolled and presented to Secretary of State on Friday, June 24, 2016",https://legiscan.com/KS/bill/SCR1601/2016/X1,http://www.kslegislature.org/li/b2015_16/measures/scr1601/
882809,1245,SCR1602,1,Introduced,2016-06-23,"Constitutional amendment prohibiting the closure of schools when statute held unconstitutional.","Constitutional amendment prohibiting the closure of schools when statute held unconstitutional.",0,,2016-06-24,"Senate Final Action - Not adopted by required 2/3 majority;  Yea: 26 Nay: 13",https://legiscan.com/KS/bill/SCR1602/2016/X1,http://www.kslegislature.org/li/b2015_16/measures/scr1602/
882810,1245,SCR1603,1,Introduced,2016-06-23,"Constitutional amendment prohibiting action by any court or the legislature that would deny public education to the students of this state.","Constitutional amendment prohibiting action by any court or the legislature that would deny public education to the students of this state.",1407,"Senate Judiciary",2016-06-23,"Senate Referred to Committee on Judiciary",https://legiscan.com/KS/bill/SCR1603/2016/X1,http://www.kslegislature.org/li/b2015_16/measures/scr1603/
882811,1245,SCR1604,4,Passed,2016-06-24,"Relating to the adjournment of the 2016 special session of the legislature.","Relating to the adjournment of the 2016 special session of the legislature.",0,,2016-06-24,"Senate Enrolled and presented to Secretary of State on Monday, June 27, 2016",https://legiscan.com/KS/bill/SCR1604/2016/X1,http://www.kslegislature.org/li/b2015_16/measures/scr1604/
