bill_id,document_id,document_type,document_size,document_mime,document_desc,url,state_link
882798,1421138,text,85254,application/pdf,Introduced,https://legiscan.com/KS/text/HB2001/id/1421138,http://www.kslegislature.org/li_2016/b2015_16/measures/documents/hb2001_00_0000.pdf
882799,1421139,text,71582,application/pdf,Introduced,https://legiscan.com/KS/text/HB2002/id/1421139,http://www.kslegislature.org/li_2016/b2015_16/measures/documents/hb2002_00_0000.pdf
882799,1421140,text,81531,application/pdf,Amended,https://legiscan.com/KS/text/HB2002/id/1421140,http://www.kslegislature.org/li_2016/b2015_16/measures/documents/hb2002_01_0000.pdf
882800,1421142,text,102795,application/pdf,Introduced,https://legiscan.com/KS/text/HB2003/id/1421142,http://www.kslegislature.org/li/b2015_16/measures/documents/hb2003_00_0000.pdf
882803,1421143,text,86009,application/pdf,Introduced,https://legiscan.com/KS/text/HCR5001/id/1421143,http://www.kslegislature.org/li/b2015_16/measures/documents/hcr5001_00_0000.pdf
882804,1421144,text,285442,application/pdf,Introduced,https://legiscan.com/KS/text/SB1/id/1421144,http://www.kslegislature.org/li/b2015_16/measures/documents/sb1_00_0000.pdf
882807,1421145,text,41765,application/pdf,Enrolled,https://legiscan.com/KS/text/SR1701/id/1421145,http://www.kslegislature.org/li/b2015_16/measures/documents/sr1701_enrolled.pdf
882809,1421151,text,74280,application/pdf,Introduced,https://legiscan.com/KS/text/SCR1602/id/1421151,http://www.kslegislature.org/li/b2015_16/measures/documents/scr1602_00_0000.pdf
882809,1421152,text,92858,application/pdf,Amended,https://legiscan.com/KS/text/SCR1602/id/1421152,http://www.kslegislature.org/li/b2015_16/measures/documents/scr1602_01_0000.pdf
882810,1421146,text,72500,application/pdf,Introduced,https://legiscan.com/KS/text/SCR1603/id/1421146,http://www.kslegislature.org/li/b2015_16/measures/documents/scr1603_00_0000.pdf
882811,1421147,text,46561,application/pdf,Enrolled,https://legiscan.com/KS/text/SCR1604/id/1421147,http://www.kslegislature.org/li/b2015_16/measures/documents/scr1604_enrolled.pdf
