people_id,name,first_name,middle_name,last_name,suffix,nickname,party_id,party,role_id,role,district,followthemoney_eid,votesmart_id,opensecrets_id,ballotpedia,knowwho_pid,committee_id
6674,Appropriations,,,,,,0,,1,Rep,,0,0,,,0,1369
6687,"Tom Sloan",Tom,,Sloan,,,2,R,1,Rep,HD-045,6612697,171897,,Thomas_Sloan,194637,0
6692,"Kay Wolf",Kay,,Wolf,,,2,R,2,Sen,SD-007,6669164,57520,,Kay_Wolf,240022,0
6694,"Elaine Bowers",Elaine,S.,Bowers,,,2,R,2,Sen,SD-036,13000542,68331,,Elaine_Bowers,249060,0
6697,"Tom Burroughs",Tom,,Burroughs,,,1,D,1,Rep,HD-033,13000487,12598,,Tom_Burroughs,194625,0
6711,"Tom Hawk",Tom,,Hawk,,,1,D,2,Sen,SD-022,6409063,34539,,Tom_Hawk_(Kansas),226772,0
6754,Judiciary,,,,,,0,,1,Rep,,0,0,,,0,1386
6764,"Mitch Holmes",Mitch,,Holmes,,,2,R,2,Sen,SD-033,6665658,34619,,Mitch_Holmes,226786,0
6767,"Dan Kerschen",Dan,,Kerschen,,,2,R,2,Sen,SD-026,6677569,107298,,Dan_Kerschen,268167,0
6772,"Robert Olson",Robert,,Olson,,Rob,2,R,2,Sen,SD-023,6612577,34452,,Robert_Olson,226762,0
6780,"Forrest Knox",Forrest,J.,Knox,,,2,R,2,Sen,SD-014,6665696,34758,,Forrest_Knox,226759,0
6782,"Larry Powell",Larry,R.,Powell,,,2,R,2,Sen,SD-039,13000549,34801,,Larry_Powell,208826,0
6795,"Ray Merrick",Ray,,Merrick,,,2,R,1,Rep,HD-027,13000481,1881,,Ray_Merrick,208514,0
6810,"Jeff King",Jeff,,King,,,2,R,2,Sen,SD-015,6669144,67788,,Jeff_King,248947,0
6830,"Anthony Hensley",Anthony,,Hensley,,,1,D,2,Sen,SD-019,6421385,6898,,Anthony_Hensley,194571,0
6831,"David Haley",David,,Haley,,,1,D,2,Sen,SD-004,6409048,6965,,David_Haley,194626,0
6835,"Ways and Means",,,,,,0,,2,Sen,,0,0,,,0,1414
6836,"Oletha Faust-Goudeau",Oletha,,Faust-Goudeau,,,1,D,2,Sen,SD-029,6409034,34890,,Oletha_Faust-Goudeau,268213,0
6838,"Ty Masterson",Ty,,Masterson,,,2,R,2,Sen,SD-016,6671671,57517,,Ty_Masterson,241430,0
6840,Judiciary,,,,,,0,,2,Sen,,0,0,,,0,1407
6855,"Steve Abrams",Steve,E.,Abrams,,,2,R,2,Sen,SD-032,6665592,107072,,Steve_Abrams,268222,0
6856,"Marci Francisco",Marci,,Francisco,,,1,D,2,Sen,SD-002,6464512,34489,,Marci_Francisco,226794,0
6857,"Thomas Holland",Thomas,,Holland,,,1,D,2,Sen,SD-003,6409084,34760,,Tom_Holland,212293,0
6858,"Laura Kelly",Laura,J.,Kelly,,,1,D,2,Sen,SD-018,6464585,34496,,Laura_Kelly_(Kansas),226804,0
6862,"Ralph Ostmeyer",Ralph,,Ostmeyer,,,2,R,2,Sen,SD-040,6612591,34553,,Ralph_Ostmeyer,208827,0
6863,"Carolyn McGinn",Carolyn,,McGinn,,,2,R,2,Sen,SD-031,8850968,34688,,Carolyn_McGinn,226811,0
6864,"Mary Pilcher-Cook",Mary,,Pilcher-Cook,,,2,R,2,Sen,SD-010,6612194,34468,,Mary_Pilcher-Cook,268190,0
6866,"Dennis Pyle",Dennis,D.,Pyle,,,2,R,2,Sen,SD-001,13000500,12606,,Dennis_Pyle,208519,0
6868,"Susan Wagle",Susan,,Wagle,,,2,R,2,Sen,SD-030,6626103,7038,,Susan_Wagle,208585,0
6871,"Mike Petersen",Mike,,Petersen,,,2,R,2,Sen,SD-028,6625947,12657,,Mike_Petersen_(Kansas),226809,0
6874,"Terry Bruce",Terry,,Bruce,,,2,R,2,Sen,SD-034,6665614,34605,,Terry_Bruce,226813,0
6876,"Vicki Schmidt",Vicki,,Schmidt,,,2,R,2,Sen,SD-020,6665772,34584,,Vicki_Schmidt,226806,0
6884,"Julia Lynn",Julia,,Lynn,,,2,R,2,Sen,SD-009,8886114,69488,,Julia_Lynn,251948,0
6894,"Leslie Donovan",Leslie,D.,Donovan,Sr.,Les,2,R,2,Sen,SD-027,6625632,6943,,Leslie_Donovan,194579,0
12661,"Tom Arpke",Tom,,Arpke,,,2,R,2,Sen,SD-024,6677492,107052,,Tom_Arpke,311292,0
12672,"Jim Denning",Jim,,Denning,,,2,R,2,Sen,SD-008,3847828,125044,,Jim_Denning,293841,0
12697,"Greg Smith",Greg,A.,Smith,,,2,R,2,Sen,SD-021,6690828,171682,,Greg_Smith_(Kansas),293847,0
12698,"Caryn Tyson",Caryn,,Tyson,,,2,R,2,Sen,SD-012,6665784,34467,,Caryn_Tyson,293826,0
12703,"Jeff Longbine",Jeff,,Longbine,,,2,R,2,Sen,SD-017,13011945,128208,,Jeff_Longbine,310269,0
12704,"Garrett Love",Garrett,,Love,,,2,R,2,Sen,SD-038,6690977,125230,,Garrett_Love,311321,0
14853,"Steve Fitzgerald",Steve,,Fitzgerald,,,2,R,2,Sen,SD-005,6665641,34765,,Steve_Fitzgerald,268185,0
14858,"Jacob LaTurner",Jacob,,LaTurner,,,2,R,2,Sen,SD-013,6677579,107024,,Jacob_LaTurner,298236,0
14859,"Jeff Melcher",Jeff,,Melcher,,,2,R,2,Sen,SD-011,13703897,138068,,Jeff_Melcher,410285,0
14860,"Michael O'Donnell",Michael,,O'Donnell,,,2,R,2,Sen,SD-025,13703911,140733,,Michael_O%27Donnell_(Kansas),425157,0
14861,"Pat Pettey",Pat,Huggins,Pettey,,,1,D,2,Sen,SD-006,6421497,7013,,Pat_Pettey,424106,0
16248,"Molly Baumgardner",Molly,,Baumgardner,,,2,R,2,Sen,SD-037,24844712,152463,,Molly_Baumgardner,498534,0
17011,"Richard Wilborn",Richard,,Wilborn,,,2,R,2,Sen,SD-035,7911683,152461,,Rick_Wilborn,523796,0
