people_id,name,first_name,middle_name,last_name,suffix,nickname,party_id,party,role_id,role,district,followthemoney_eid,votesmart_id,opensecrets_id,ballotpedia,knowwho_pid,committee_id
6199,"Sal Esquivel",Sal,,Esquivel,,,2,R,1,Rep,HD-006,5111659,46545,,Sal_Esquivel,222212,0
6200,"Judith Stiegler",Judith,F.,Stiegler,,,1,D,1,Rep,HD-054,5009975,46612,,Judy_Stiegler,271248,0
6201,"Jeff Barker",Jeff,,Barker,,,1,D,1,Rep,HD-028,13005315,46386,,Jeff_Barker,212109,0
6202,"Brian Clem",Brian,L.,Clem,,,1,D,1,Rep,HD-021,13005274,57392,,Brian_Clem,249749,0
6203,"Christopher Garrett",Christopher,,Garrett,,Chris,1,D,1,Rep,HD-038,4984016,103187,,Chris_Garrett,238288,0
6204,"Sara Gelser Blouin",Sara,,"Gelser Blouin",,,1,D,2,Sen,SD-008,13005239,46496,,Sara_Gelser,242297,0
6205,"John Huffman",John,E.,Huffman,,,2,R,1,Rep,HD-059,6674832,93112,,John_Huffman,258850,0
6207,"Betty Komp",Betty,,Komp,,,1,D,1,Rep,HD-022,5027243,46688,,Betty_Komp,227705,0
6208,"Arnie Roblan",Arnie,,Roblan,,,1,D,2,Sen,SD-005,5173908,46654,,Arnie_Roblan,227697,0
6209,"Michael Schaufler",Michael,,Schaufler,,,1,D,1,Rep,HD-048,5031461,46677,,Michael_Schaufler,212098,0
6210,"Jefferson Smith",Jefferson,,Smith,,,1,D,1,Rep,HD-047,13005418,103196,,Jefferson_Smith,271240,0
6212,"Gene Whisnant",Gene,,Whisnant,,,2,R,1,Rep,HD-053,6656850,46541,,Gene_Whisnant,219661,0
6213,"Robert Jenson",Robert,,Jenson,,Bob,2,R,1,Rep,HD-058,5538947,11049,,Bob_Jenson,198169,0
6214,"Jim Weidner",Jim,,Weidner,,,2,R,1,Rep,HD-024,5063452,103173,,Jim_Weidner,271218,0
6215,"Cliff Bentz",Cliff,,Bentz,,,2,R,2,Sen,SD-030,4964521,102400,,Cliff_Bentz,262468,0
6216,"Bruce Hanna",Bruce,,Hanna,,,2,R,1,Rep,HD-007,5006413,46391,,Bruce_Hanna,224969,0
6217,"Wayne Krieger",Wayne,,Krieger,,,2,R,1,Rep,HD-001,6580102,46447,,Wayne_Krieger,205694,0
6219,"Dennis Richardson",Dennis,M.,Richardson,,,2,R,1,Rep,HD-004,5142739,46611,,Dennis_Richardson,212105,0
6220,"Sherrie Sprenger",Sherrie,,Sprenger,,,2,R,1,Rep,HD-017,6674863,102399,,Sherrie_Sprenger,262578,0
6221,"Kim Thatcher",Lona,Kim,Thatcher,,Kim,2,R,1,Rep,HD-025,5092523,46657,,Kim_Thatcher,227709,0
6222,"Jim Thompson",Jim,,Thompson,,,2,R,1,Rep,HD-023,6653989,46364,,Jim_Thompson_(Oregon),224007,0
6223,"Matthew Wingard",Matthew,,Wingard,,Matt,2,R,1,Rep,HD-026,6674885,103176,,Matt_Wingard,238555,0
6224,"Jules Kopel-Bailey",Jules,,Kopel-Bailey,,,1,D,1,Rep,HD-042,4986413,103190,,Jules_Kopel_Bailey,271237,0
6225,"Margaret Doherty",Margaret,,Doherty,,,1,D,1,Rep,HD-035,4977174,116337,,Margaret_Doherty,281495,0
6226,"Suzanne Bonamici",Suzanne,,Bonamici,,,1,D,2,Sen,SD-017,339835,59641,,Suzanne_Bonamici,249764,0
6227,"Elizabeth Beyer",Elizabeth,Terry,Beyer,,,1,D,1,Rep,HD-012,4976969,46578,,Elizabeth_Terry_Beyer,209989,0
6228,"Michael Dembrow",Michael,E.,Dembrow,,,1,D,2,Sen,SD-023,13005408,103193,,Michael_Dembrow,271238,0
6229,"Lew Frederick",Lew,,Frederick,,,1,D,2,Sen,SD-022,13005395,116854,,Lew_Frederick,282474,0
6230,"Val Hoyle",Val,,Hoyle,,,1,D,1,Rep,HD-014,5000425,116336,,Val_Hoyle,282137,0
6231,"Tina Kotek",Tina,,Kotek,,,1,D,1,Rep,HD-044,5212761,46559,,Tina_Kotek,249769,0
6232,"Carolyn Tomei",Carolyn,,Tomei,,,1,D,1,Rep,HD-041,1349526,46486,,Carolyn_Tomei,205682,0
6234,"Bill Kennemer",Bill,,Kennemer,,,2,R,1,Rep,HD-039,6642601,2968,,Bill_Kennemer,271234,0
6236,"Deborah Boone",Deborah,,Boone,,,1,D,1,Rep,HD-032,5072508,46368,,Deborah_Boone,224970,0
6237,"Kevin Cameron",Kevin,M.,Cameron,,,2,R,1,Rep,HD-019,6667417,46518,,Kevin_Cameron_(Oregon),232619,0
6238,"Tim Freeman",Tim,J.,Freeman,,,2,R,1,Rep,HD-002,13005147,103156,,Tim_Freeman,271201,0
6239,"Bill Garrard",Bill,,Garrard,,,2,R,1,Rep,HD-056,6579965,46513,,William_Garrard,205697,0
6240,"Vic Gilliam",Vic,,Gilliam,,,2,R,1,Rep,HD-018,4999569,69518,,Victor_Gilliam,251364,0
6241,"Gregory Smith",Gregory,V.,Smith,,,2,R,1,Rep,HD-057,13005467,46752,,Greg_Smith_(Oregon),205700,0
6242,"Andy Olson",Andy,,Olson,,,2,R,1,Rep,HD-015,13005231,46636,,Andy_Olson,227701,0
6243,"Franklin Morse",Franklin,,Morse,,Frank,2,R,2,Sen,SD-008,5000475,46554,,Frank_Morse,212110,0
6244,"Peter Buckley",Peter,,Buckley,,,1,D,1,Rep,HD-005,5046822,46377,,Peter_Buckley,227695,0
6245,"Alan Bates",Alan,C.,Bates,,,1,D,2,Sen,SD-003,5262947,46589,,Alan_Bates_(Oregon),205696,0
6246,"Ben Cannon",Ben,,Cannon,,,1,D,1,Rep,HD-046,13005414,59653,,Ben_Cannon,249774,0
6247,"Philip Barnhart",Philip,N.,Barnhart,,,1,D,1,Rep,HD-011,1049234,46726,,Phil_Barnhart,205691,0
6248,"Jean Cowan",Jean,,Cowan,,,1,D,1,Rep,HD-010,5002595,46647,,Jean_Cowan,249737,0
6249,"Mitch Greenlick",Mitch,,Greenlick,,,1,D,1,Rep,HD-033,1348860,46503,,Mitch_Greenlick,212090,0
6250,"Chris Harker",Chris,,Harker,,,1,D,1,Rep,HD-034,4975286,109777,,Chris_Harker,265414,0
6251,"Paul Holvey",Paul,R.,Holvey,,,1,D,1,Rep,HD-008,5005046,46670,,Paul_Holvey,222091,0
6252,"Mary Nolan",Mary,T.,Nolan,,,1,D,1,Rep,HD-036,948258,46392,,Mary_Nolan,205679,0
6253,"Bradley Witt",Bradley,K.,Witt,,Brad,1,D,1,Rep,HD-031,5514759,46474,,Bradley_Witt,230341,0
6254,"Jackie Dingfelder",Jackie,,Dingfelder,,,1,D,2,Sen,SD-023,4979132,55653,,Jackie_Dingfelder,209207,0
6255,"Diane Rosenbaum",Diane,,Rosenbaum,,,1,D,2,Sen,SD-021,4979707,23660,,Diane_Rosenbaum,198127,0
6256,"Chris Edwards",Chris,,Edwards,,,1,D,2,Sen,SD-007,13005224,57072,,Chris_Edwards_(Oregon),249741,0
6258,"William Shields",William,,Shields,,Chip,1,D,2,Sen,SD-022,13005394,46560,,William_Bayard_Shields,227717,0
6259,"Dave Hunt",Dave,,Hunt,,,1,D,1,Rep,HD-040,13005377,46446,,Dave_Hunt,212099,0
6260,"Tobias Read",Tobias,,Read,,,1,D,1,Rep,HD-027,396878,56530,,Tobias_Read,249753,0
6263,"Greg Matthews",Greg,,Matthews,,,1,D,1,Rep,HD-050,6487623,103200,,Greg_Matthews,271243,0
6264,"Richard Devlin",Richard,,Devlin,,,1,D,2,Sen,SD-019,13005296,10815,,Richard_Devlin,198137,0
6265,"Rod Monroe",Rod,,Monroe,,,1,D,2,Sen,SD-024,13013320,56601,,Rod_Monroe,249788,0
6267,"Nancy Nathanson",Nancy,,Nathanson,,,1,D,1,Rep,HD-013,6469164,58128,,Nancy_Nathanson,249739,0
6268,"Mark Hass",Mark,,Hass,,,1,D,2,Sen,SD-014,13005181,46683,,Mark_Hass,205677,0
6269,"Elizabeth Johnson",Elizabeth,K.,Johnson,,Betsy,1,D,2,Sen,SD-016,4971693,46663,,Betsy_Johnson,205674,0
6271,"Peter Courtney",Peter,,Courtney,,,1,D,2,Sen,SD-011,4998708,2985,,Peter_Courtney,198100,0
6272,"Laurie Monnes Anderson",Laurie,Monnes,"Monnes Anderson",,,1,D,2,Sen,SD-025,4992699,23811,,Laurie_Monnes_Anderson,205681,0
6273,"Jackie Winters",Jackie,,Winters,,,2,R,2,Sen,SD-010,6580008,10832,,Jackie_Winters,198144,0
6274,"Ted Ferrioli",Ted,,Ferrioli,,,2,R,2,Sen,SD-030,784698,10720,,Ted_Ferrioli,198111,0
6275,"Fred Girod",Fred,,Girod,,,2,R,2,Sen,SD-009,5281005,69243,,Fred_Girod,249743,0
6276,"David Nelson",David,,Nelson,,,2,R,2,Sen,SD-029,13013331,10721,,David_Nelson_(Oregon),198112,0
6277,"Joanne Verger",Joanne,R.,Verger,,,1,D,2,Sen,SD-005,4974721,46356,,Joanne_Verger,205693,0
6278,"Jason Atkinson",Jason,A.,Atkinson,,,2,R,2,Sen,SD-002,6643316,23687,,Jason_Atkinson,198163,0
6279,"Brian Boquist",Brian,J.,Boquist,,,2,R,2,Sen,SD-012,2584901,46475,,Brian_Boquist,227707,0
6280,"Ginny Burdick",Ginny,,Burdick,,,1,D,2,Sen,SD-018,5052769,10706,,Ginny_Burdick,198089,0
6281,"Lawrence George",Lawrence,B.,George,,Larry,2,R,2,Sen,SD-013,4986730,60318,,Larry_George,249785,0
6282,"Jeff Kruse",Jeff,,Kruse,,,2,R,2,Sen,SD-001,5492479,10873,,Jeff_Kruse,198158,0
6283,"Floyd Prozanski",Floyd,F.,Prozanski,,,1,D,2,Sen,SD-004,13005177,3024,,Floyd_Prozanski,212095,0
6284,"Bruce Starr",Bruce,,Starr,,,2,R,2,Sen,SD-015,5128710,23802,,Bruce_Starr,198116,0
6285,"Chris Telfer",Chris,,Telfer,,,2,R,2,Sen,SD-027,5010641,77418,,Chris_Telfer,271260,0
6286,"Douglas Whitsett",Douglas,K.,Whitsett,,,2,R,2,Sen,SD-028,5282320,46736,,Doug_Whitsett,227694,0
10751,"Vicki Berger",Vicki,,Berger,,,2,R,1,Rep,HD-020,13005260,46609,,Vicki_Berger,212092,0
10752,"Mike McLane",Mike,,McLane,,,2,R,1,Rep,HD-055,5066170,117352,,Mike_McLane,292501,0
10753,"Leslee Beyer",Leslee,,Beyer,,Lee,1,D,2,Sen,SD-006,5389806,2987,,Lee_Beyer,292457,0
10755,"Shawn Lindsay",Shawn,,Lindsay,,,2,R,1,Rep,HD-030,6684348,117349,,Shawn_Lindsay,292483,0
10756,"Katerina Brewer",Katerina,E.,Brewer,,,2,R,1,Rep,HD-029,6684344,120698,,Katie_Eyre,292482,0
10757,"Matthew Wand",Matthew,,Wand,,Matt,2,R,1,Rep,HD-049,6684411,117359,,Matthew_Wand,290366,0
12022,"Mark Johnson",Mark,,Johnson,,,2,R,1,Rep,HD-052,6684426,119260,,Mark_Johnson_(Oregon),293513,0
12023,"Julie Parrish",Julie,N.,Parrish,,,2,R,1,Rep,HD-037,6697848,127223,,Julie_Parrish,298367,0
12024,"Chuck Thomsen",Chuck,,Thomsen,,,2,R,2,Sen,SD-026,6684525,119275,,Chuck_Thomsen,292464,0
12026,"Matthew Hicks",Matthew,,Hicks,,Wally,2,R,1,Rep,HD-003,6684291,117537,,,298363,0
12027,"Patrick Sheehan",Patrick,D.,Sheehan,,,2,R,1,Rep,HD-051,4985032,117357,,Patrick_Sheehan,293512,0
12062,"Jason Conger",Jason,,Conger,,,2,R,1,Rep,HD-054,5009616,117344,,Jason_Conger,292500,0
12104,Barnes,,,Barnes,,,0,,1,Rep,,0,0,,,0,0
12145,"Committee On Judiciary",,,,,,0,,2,Sen,,0,0,,,0,1846
12155,"Committee On Health Care",,,,,,0,,1,Rep,,0,0,,,0,1840
12157,"Committee On Judiciary",,,,,,0,,1,Rep,,0,0,,,0,1844
12160,"Committee On General Government, Consumer And Small Business Protection",,,,,,0,,2,Sen,,0,0,,,0,1853
12164,"Committee On Business And Labor",,,,,,0,,1,Rep,,0,0,,,0,1832
12166,"Alan Olsen",Alan,R.,Olsen,,,2,R,2,Sen,SD-020,6684506,119272,,Alan_Olsen,292463,0
12168,"Committee On Education And Workforce Development",,,,,,0,,2,Sen,,0,0,,,0,1847
12169,"Committee On Energy, Environment And Water",,,,,,0,,1,Rep,,0,0,,,0,1836
12177,"Committee On Health Care, Human Services And Rural Health Policy",,,,,,0,,2,Sen,,0,0,,,0,1855
12178,"Committee On Revenue",,,,,,0,,1,Rep,,0,0,,,0,1833
12190,"Committee On Finance And Revenue",,,,,,0,,2,Sen,,0,0,,,0,1851
12216,"Committee On Business, Transportation And Economic Development",,,,,,0,,2,Sen,,0,0,,,0,1845
12243,"Committee On Environment And Natural Resources",,,,,,0,,2,Sen,,0,0,,,0,1849
12252,"Committee On Ways And Means",,,,,,0,,1,Rep,,0,0,,,0,1856
12421,"Committee On General Government And Consumer Protection",,,,,,0,,1,Rep,,0,0,,,0,1838
12422,"Committee On Agriculture And Natural Resources",,,,,,0,,1,Rep,,0,0,,,0,1830
12423,"Committee On Education",,,,,,0,,1,Rep,,0,0,,,0,1834
12424,"Committee On Veterans Affairs",,,,,,0,,1,Rep,,0,0,,,0,1841
12425,"Committee On Rules",,,,,,0,,1,Rep,,0,0,,,0,1835
12463,"Committee On Rules",,,,,,0,,2,Sen,,0,0,,,0,1850
12571,"Cameron morris",Cameron,angie,morris,,,0,,1,Rep,,0,0,,,0,0
12580,"Committee On Human Services",,,,,,0,,1,Rep,,0,0,,,0,1842
13146,"Committee On Tax Credits",,,,,,0,,1,Rep,,0,0,,,0,1857
13179,"Committee On Health Care Transformation",,,,,,0,,1,Rep,,0,0,,,0,2600
