people_id,name,first_name,middle_name,last_name,suffix,nickname,party_id,party,role_id,role,district,followthemoney_eid,votesmart_id,opensecrets_id,ballotpedia,knowwho_pid,committee_id
6666,"Jerry Henry",Jerry,,Henry,,,1,D,1,Rep,HD-063,6409078,6971,,Jerry_Henry,194640,0
6669,"Mike Kiegerl",Mike,,Kiegerl,,,2,R,1,Rep,HD-121,6665683,34513,,Mike_Kiegerl,228499,0
6673,Taxation,,,,,,0,,1,Rep,,0,0,,,0,1392
6674,Appropriations,,,,,,0,,1,Rep,,0,0,,,0,1369
6675,Transportation,,,,,,0,,1,Rep,,0,0,,,0,1393
6676,"Peggy Long-Mast",Peggy,,Long-Mast,,,2,R,1,Rep,HD-076,6422027,12632,,Peggy_Mast,194668,0
6677,"Local Government",,,,,,0,,1,Rep,,0,0,,,0,1388
6679,"Scott Schwab",Scott,,Schwab,,,2,R,1,Rep,HD-049,6612651,34505,,Scott_Schwab,214280,0
6682,"Richard Proehl",Richard,J.,Proehl,,,2,R,1,Rep,HD-007,13000464,59419,,Richard_Proehl,242219,0
6683,"Agriculture and Natural Resources",,,,,,0,,1,Rep,,0,0,,,0,1367
6684,Insurance,,,,,,0,,1,Rep,,0,0,,,0,1384
6686,"Corrections and Juvenile Justice",,,,,,0,,1,Rep,,0,0,,,0,1372
6687,"Tom Sloan",Tom,,Sloan,,,2,R,1,Rep,HD-045,6612697,171897,,Thomas_Sloan,194637,0
6688,"Federal and State Affairs",,,,,,0,,1,Rep,,0,0,,,0,1378
6689,Elections,,,,,,0,,1,Rep,,0,0,,,0,1376
6692,"Kay Wolf",Kay,,Wolf,,,2,R,2,Sen,SD-007,6669164,57520,,Kay_Wolf,240022,0
6694,"Elaine Bowers",Elaine,S.,Bowers,,,2,R,2,Sen,SD-036,13000542,68331,,Elaine_Bowers,249060,0
6697,"Tom Burroughs",Tom,,Burroughs,,,1,D,1,Rep,HD-033,13000487,12598,,Tom_Burroughs,194625,0
6698,"Sydney Carlin",Sydney,,Carlin,,,1,D,1,Rep,HD-066,6408970,18618,,Sydney_Carlin,212289,0
6703,"Stan Frownfelter",Stan,,Frownfelter,,,1,D,1,Rep,HD-037,6464519,34448,,Stan_Frownfelter,248953,0
6711,"Tom Hawk",Tom,,Hawk,,,1,D,2,Sen,SD-022,6409063,34539,,Tom_Hawk_(Kansas),226772,0
6712,"Don Hill",Don,,Hill,,,2,R,1,Rep,HD-060,6612316,34439,,Don_Hill_(Kansas),212292,0
6713,"Don Hineman",Don,,Hineman,,,2,R,1,Rep,HD-118,6677560,107336,,Don_Hineman,268180,0
6716,"Marvin Kleeb",Marvin,G.,Kleeb,,,2,R,1,Rep,HD-048,6677574,107205,,Marvin_Kleeb,268127,0
6717,"Harold Lane",Harold,,Lane,,,1,D,1,Rep,HD-058,6464604,34424,,Harold_Lane,221590,0
6723,"Tom Moxley",Tom,,Moxley,,,2,R,1,Rep,HD-068,6671679,67446,,Tom_Moxley,249011,0
6726,"Janice Pauls",Janice,L.,Pauls,,,2,R,1,Rep,HD-102,6409193,7012,,Janice_Pauls,194694,0
6732,"Louis Ruiz",Louis,E.,Ruiz,,,1,D,1,Rep,HD-031,6464705,34820,,Louis_Ruiz,226766,0
6733,"Tom Sawyer",Tom,,Sawyer,,,1,D,1,Rep,HD-095,6409235,7023,,Tom_Sawyer_(Kansas),212277,0
6738,"Anna Tietze",Anna,M.,Tietze,,Annie,1,D,1,Rep,HD-053,6480668,67696,,Annie_Tietze,248980,0
6739,"Ed Trimmer",Ed,,Trimmer,,,1,D,1,Rep,HD-079,6480672,59455,,Ed_Trimmer,241431,0
6740,"Jene Vickrey",Jene,,Vickrey,,,2,R,1,Rep,HD-006,8827851,7037,,Jene_Vickrey,194598,0
6743,"Valdenia Winn",Valdenia,C.,Winn,,,1,D,1,Rep,HD-034,6409411,34866,,Valdenia_Winn,208517,0
6748,"Pete DeGraaf",Pete,,DeGraaf,,,2,R,1,Rep,HD-082,6677523,106813,,Peter_DeGraaf,265315,0
6750,"Financial Institutions",,,,,,0,,1,Rep,,0,0,,,0,1379
6751,Education,,,,,,0,,1,Rep,,0,0,,,0,1374
6754,Judiciary,,,,,,0,,1,Rep,,0,0,,,0,1386
6755,"Health and Human Services",,,,,,0,,1,Rep,,0,0,,,0,1382
6757,"Steven Brunk",Steven,R.,Brunk,,,2,R,1,Rep,HD-085,6614357,34567,,Steven_Brunk,212290,0
6762,"Mario Goico",Mario,,Goico,,,2,R,1,Rep,HD-094,6612280,34727,,Mario_Goico,212286,0
6764,"Mitch Holmes",Mitch,,Holmes,,,2,R,2,Sen,SD-033,6665658,34619,,Mitch_Holmes,226786,0
6765,"Steven Huebert",Steven,C.,Huebert,,,2,R,1,Rep,HD-090,6612345,18585,,Steve_Huebert,208821,0
6767,"Dan Kerschen",Dan,,Kerschen,,,2,R,2,Sen,SD-026,6677569,107298,,Dan_Kerschen,268167,0
6771,"Connie O'Brien",Connie,,O'Brien,,,2,R,1,Rep,HD-042,6422059,34895,,Connie_O%27Brien,268122,0
6772,"Robert Olson",Robert,,Olson,,Rob,2,R,2,Sen,SD-023,6612577,34452,,Robert_Olson,226762,0
6774,"Virgil Peck",Virgil,,Peck,Jr.,,2,R,1,Rep,HD-012,6612606,34716,,"Virgil_Peck,_Jr.",226757,0
6775,"Marc Rhoades",Marc,,Rhoades,,,2,R,1,Rep,HD-072,6671685,66067,,Marc_Rhoades,250706,0
6780,"Forrest Knox",Forrest,J.,Knox,,,2,R,2,Sen,SD-014,6665696,34758,,Forrest_Knox,226759,0
6782,"Larry Powell",Larry,R.,Powell,,,2,R,2,Sen,SD-039,13000549,34801,,Larry_Powell,208826,0
6787,"Broderick Henderson",Broderick,,Henderson,,,1,D,1,Rep,HD-035,6409071,6970,,Broderick_Henderson,194627,0
6788,"Annie Kuether",Annie,,Kuether,,,1,D,1,Rep,HD-055,6409119,12612,,Annie_Kuether,194647,0
6789,"Kasha Kelley",Kasha,,Kelley,,,2,R,1,Rep,HD-080,6665673,34550,,Kasha_Kelley,226776,0
6793,"Vision 2020",,,,,,0,,1,Rep,,0,0,,,0,1396
6794,"Sharon Schwartz",Sharon,,Schwartz,,,2,R,1,Rep,HD-106,6612655,12665,,Sharon_Schwartz,194698,0
6795,"Ray Merrick",Ray,,Merrick,,,2,R,1,Rep,HD-027,13000481,1881,,Ray_Merrick,208514,0
6798,"Education Budget",,,,,,0,,1,Rep,,0,0,,,0,1375
6802,"Jim Ward",Jim,,Ward,,,1,D,1,Rep,HD-086,6409346,12557,,Jim_Ward_(Kansas),212297,0
6803,"Barbara Ballard",Barbara,W.,Ballard,,,1,D,1,Rep,HD-044,6408945,6927,,Barbara_Ballard,194636,0
6806,"Gail Finney",Gail,,Finney,,,1,D,1,Rep,HD-084,6421740,18621,,Gail_Finney,268156,0
6809,"Steven Johnson",Steven,C.,Johnson,,,2,R,1,Rep,HD-108,6690956,125189,,Steven_C._Johnson,311319,0
6810,"Jeff King",Jeff,,King,,,2,R,2,Sen,SD-015,6669144,67788,,Jeff_King,248947,0
6815,"Don Schroeder",Don,,Schroeder,,,2,R,1,Rep,HD-074,6671691,67448,,Don_Schroeder,251969,0
6816,"Joe Seiwert",Joe,,Seiwert,,,2,R,1,Rep,HD-101,6677634,107323,,Joe_Seiwert,268174,0
6821,"Gene Suellentrop",Gene,,Suellentrop,,,2,R,1,Rep,SD-027,6690952,119707,,Gene_Suellentrop,283499,0
6822,"Barbara Bollier",Barbara,Goolsbee,Bollier,,,2,R,1,Rep,SD-007,13000480,119434,,Barbara_Bollier,283558,0
6830,"Anthony Hensley",Anthony,,Hensley,,,1,D,2,Sen,SD-019,6421385,6898,,Anthony_Hensley,194571,0
6831,"David Haley",David,,Haley,,,1,D,2,Sen,SD-004,6409048,6965,,David_Haley,194626,0
6835,"Ways and Means",,,,,,0,,2,Sen,,0,0,,,0,1414
6836,"Oletha Faust-Goudeau",Oletha,,Faust-Goudeau,,,1,D,2,Sen,SD-029,6409034,34890,,Oletha_Faust-Goudeau,268213,0
6838,"Ty Masterson",Ty,,Masterson,,,2,R,2,Sen,SD-016,6671671,57517,,Ty_Masterson,241430,0
6839,"Public Health and Welfare",,,,,,0,,2,Sen,,0,0,,,0,1411
6840,Judiciary,,,,,,0,,2,Sen,,0,0,,,0,1407
6841,"Federal and State Affairs",,,,,,0,,2,Sen,,0,0,,,0,1404
6842,Commerce,,,,,,0,,2,Sen,,0,0,,,0,1400
6844,"Ethics and Elections",,,,,,0,,2,Sen,,0,0,,,0,1403
6845,Education,,,,,,0,,2,Sen,,0,0,,,0,1402
6846,Transportation,,,,,,0,,2,Sen,,0,0,,,0,1412
6847,Utilities,,,,,,0,,2,Sen,,0,0,,,0,1413
6848,"Financial Institutions and Insurance",,,,,,0,,2,Sen,,0,0,,,0,1405
6849,"Natural Resources",,,,,,0,,2,Sen,,0,0,,,0,1409
6851,"Local Government",,,,,,0,,2,Sen,,0,0,,,0,1408
6853,"Assessment and Taxation",,,,,,0,,2,Sen,,0,0,,,0,1398
6855,"Steve Abrams",Steve,E.,Abrams,,,2,R,2,Sen,SD-032,6665592,107072,,Steve_Abrams,268222,0
6856,"Marci Francisco",Marci,,Francisco,,,1,D,2,Sen,SD-002,6464512,34489,,Marci_Francisco,226794,0
6857,"Thomas Holland",Thomas,,Holland,,,1,D,2,Sen,SD-003,6409084,34760,,Tom_Holland,212293,0
6858,"Laura Kelly",Laura,J.,Kelly,,,1,D,2,Sen,SD-018,6464585,34496,,Laura_Kelly_(Kansas),226804,0
6862,"Ralph Ostmeyer",Ralph,,Ostmeyer,,,2,R,2,Sen,SD-040,6612591,34553,,Ralph_Ostmeyer,208827,0
6863,"Carolyn McGinn",Carolyn,,McGinn,,,2,R,2,Sen,SD-031,8850968,34688,,Carolyn_McGinn,226811,0
6864,"Mary Pilcher-Cook",Mary,,Pilcher-Cook,,,2,R,2,Sen,SD-010,6612194,34468,,Mary_Pilcher-Cook,268190,0
6865,Agriculture,,,,,,0,,2,Sen,,0,0,,,0,1397
6866,"Dennis Pyle",Dennis,D.,Pyle,,,2,R,2,Sen,SD-001,13000500,12606,,Dennis_Pyle,208519,0
6868,"Susan Wagle",Susan,,Wagle,,,2,R,2,Sen,SD-030,6626103,7038,,Susan_Wagle,208585,0
6871,"Mike Petersen",Mike,,Petersen,,,2,R,2,Sen,SD-028,6625947,12657,,Mike_Petersen_(Kansas),226809,0
6874,"Terry Bruce",Terry,,Bruce,,,2,R,2,Sen,SD-034,6665614,34605,,Terry_Bruce,226813,0
6876,"Vicki Schmidt",Vicki,,Schmidt,,,2,R,2,Sen,SD-020,6665772,34584,,Vicki_Schmidt,226806,0
6884,"Julia Lynn",Julia,,Lynn,,,2,R,2,Sen,SD-009,8886114,69488,,Julia_Lynn,251948,0
6894,"Leslie Donovan",Leslie,D.,Donovan,Sr.,Les,2,R,2,Sen,SD-027,6625632,6943,,Leslie_Donovan,194579,0
12065,"Veterans, Military and Homeland Security",,,,,,0,,1,Rep,,0,0,,,0,1395
12086,"Agriculture and Natural Resources Budget",,,,,,0,,1,Rep,,0,0,,,0,1368
12241,"Pensions and Benefits",,,,,,0,,1,Rep,,0,0,,,0,2378
12660,"Stephen Alford",Stephen,,Alford,,Steve,2,R,1,Rep,HD-124,6691001,125237,,J._Stephen_Alford,311325,0
12661,"Tom Arpke",Tom,,Arpke,,,2,R,2,Sen,SD-024,6677492,107052,,Tom_Arpke,311292,0
12663,"Richard Billinger",Richard,,Billinger,,Rick,2,R,1,Rep,SD-040,6700179,128532,,Rick_Billinger,329063,0
12666,"Rob Bruchman",Rob,,Bruchman,,,2,R,1,Rep,HD-020,13000474,125046,,Rob_Bruchman,293842,0
12672,"Jim Denning",Jim,,Denning,,,2,R,2,Sen,SD-008,3847828,125044,,Jim_Denning,293841,0
12674,"Randy Garber",Randy,,Garber,,,2,R,1,Rep,HD-062,6690879,125129,,Randy_Garber,311288,0
12675,"Ramon Gonzalez",Ramon,,Gonzalez,Jr.,,2,R,1,Rep,HD-047,13000499,128534,,Ramon_Gonzalez,330118,0
12678,"Amanda Grosserode",Amanda,,Grosserode,,,2,R,1,Rep,HD-016,6690803,125041,,Amanda_Grosserode,293837,0
12679,"Dennis Hedke",Dennis,E.,Hedke,,,2,R,1,Rep,HD-099,13000538,128727,,Dennis_Hedke,331092,0
12680,"Brett Hildabrand",Brett,,Hildabrand,,,2,R,1,Rep,HD-017,6690831,125052,,Brett_Hildabrand,293848,0
12681,"Kyle Hoffman",Kyle,D.,Hoffman,,,2,R,1,Rep,HD-116,6690980,125232,,Kyle_Hoffman,293943,0
12684,"Jim Kelly",Jim,,Kelly,,,2,R,1,Rep,HD-011,8768443,128535,,Jim_Kelly_(Kansas),330121,0
12692,"Leslie Osterman",Leslie,,Osterman,,,2,R,1,Rep,HD-097,6422068,34735,,Leslie_Osterman,311310,0
12693,"John Rubin",John,,Rubin,,,2,R,1,Rep,HD-018,6677631,107135,,John_Rubin,293840,0
12694,"Ron Ryckman",Ron,,Ryckman,Jr.,,2,R,1,Rep,HD-078,13703465,142868,,Ron_Ryckman,425350,0
12696,"Joseph Scapa",Joseph,,Scapa,,,2,R,1,Rep,HD-088,13000528,125171,,Joseph_Scapa,293905,0
12697,"Greg Smith",Greg,A.,Smith,,,2,R,2,Sen,SD-021,6690828,171682,,Greg_Smith_(Kansas),293847,0
12698,"Caryn Tyson",Caryn,,Tyson,,,2,R,2,Sen,SD-012,6665784,34467,,Caryn_Tyson,293826,0
12699,"Ponka-We Victors",Ponka-We,,Victors,,,1,D,1,Rep,HD-103,6507741,125186,,Ponka-We_Victors,311316,0
12700,"Brian Weber",Brian,,Weber,,,2,R,1,Rep,HD-119,6700195,128531,,Brian_Weber,329059,0
12701,"Kathy Wolfe Moore",Kathy,,"Wolfe Moore",,,1,D,1,Rep,HD-036,6507626,125070,,Kathy_Wolfe_Moore,311188,0
12703,"Jeff Longbine",Jeff,,Longbine,,,2,R,2,Sen,SD-017,13011945,128208,,Jeff_Longbine,310269,0
12704,"Garrett Love",Garrett,,Love,,,2,R,2,Sen,SD-038,6690977,125230,,Garrett_Love,311321,0
12904,"Joint Committee on Special Claims Against the State",,,,,,0,,3,Jnt,,0,0,,,0,1432
12921,"KPERS Select",,,,,,0,,2,Sen,,0,0,,,0,2377
13823,"Legislative Post Audit",,,,,,0,,3,Jnt,,0,0,,,0,1429
13850,"Tom Phillips",Tom,,Phillips,,,2,R,1,Rep,HD-067,13703458,74033,,Tom_Phillips_(Kansas),395414,0
14853,"Steve Fitzgerald",Steve,,Fitzgerald,,,2,R,2,Sen,SD-005,6665641,34765,,Steve_Fitzgerald,268185,0
14858,"Jacob LaTurner",Jacob,,LaTurner,,,2,R,2,Sen,SD-013,6677579,107024,,Jacob_LaTurner,298236,0
14859,"Jeff Melcher",Jeff,,Melcher,,,2,R,2,Sen,SD-011,13703897,138068,,Jeff_Melcher,410285,0
14860,"Michael O'Donnell",Michael,,O'Donnell,,,2,R,2,Sen,SD-025,13703911,140733,,Michael_O%27Donnell_(Kansas),425157,0
14861,"Pat Pettey",Pat,Huggins,Pettey,,,1,D,2,Sen,SD-006,6421497,7013,,Pat_Pettey,424106,0
15056,"Commerce, Labor and Economic Development",,,,,,0,,1,Rep,,0,0,,,0,2782
15372,"John Bradford",John,,Bradford,,,2,R,1,Rep,HD-040,13703423,140787,,John_Bradford_(Kansas),425273,0
15375,"Utilities and Telecommunications",,,,,,0,,1,Rep,,0,0,,,0,2805
15376,"Energy and Environment",,,,,,0,,1,Rep,,0,0,,,0,2844
15377,"Brandon Whipple",Brandon,,Whipple,,,1,D,1,Rep,HD-096,6507719,125179,,Brandon_Whipple,293915,0
15637,"John Alcala",John,,Alcala,,,1,D,1,Rep,HD-057,13703446,73317,,John_Alcala,425289,0
15638,"John Barker",John,E.,Barker,,,2,R,1,Rep,HD-070,13703459,140810,,John_E._Barker,420120,0
15639,"Steven Becker",Steven,R.,Becker,,,2,R,1,Rep,HD-104,13703496,140845,,Steven_Becker_(Kansas),420123,0
15641,"Sue Boldra",Sue,E.,Boldra,,,2,R,1,Rep,HD-111,11954321,125005,,Sue_E._Boldra,284639,0
15642,"Carolyn Bridges",Carolyn,,Bridges,,,1,D,1,Rep,HD-083,13703467,140818,,Carolyn_Bridges,425315,0
15643,"Larry Campbell",Larry,L.,Campbell,,,2,R,1,Rep,HD-026,6612171,12592,,Larry_Campbell,194618,0
15644,"Will Carpenter",Will,G.,Carpenter,,,2,R,1,Rep,HD-075,13011943,86398,,Will_Carpenter,425312,0
15645,"J.R. Claeys","J. R.",,Claeys,,,2,R,1,Rep,HD-069,13010833,125027,,J.R._Claeys,425304,0
15646,"Stephanie Clayton",Stephanie,Sawyer,Clayton,,,2,R,1,Rep,HD-019,6690817,125047,,Stephanie_Clayton,293843,0
15647,"Susan Concannon",Susan,L.,Concannon,,,2,R,1,Rep,HD-107,13703500,140849,,Susan_L._Concannon,425342,0
15648,"Ken Corbet",Ken,,Corbet,,,2,R,1,Rep,HD-054,13703442,138058,,Ken_Corbet,410321,0
15649,"Travis Couture-Lovelady",Travis,,Couture-Lovelady,,,2,R,1,Rep,HD-110,13703502,140854,,Travis_Couture-Lovelady,277756,0
15650,"Diana Dierks",Diana,,Dierks,,,2,R,1,Rep,HD-071,6421273,12566,,Diana_Dierks,425308,0
15651,"John Doll",John,,Doll,,,2,R,1,Rep,SD-039,8806784,67769,,John_Doll_(Kansas),424137,0
15652,"Willie Dove",Willie,,Dove,,,2,R,1,Rep,HD-038,6665633,34689,,Willie_Dove,410306,0
15653,"John Edmonds",John,,Edmonds,,,2,R,1,Rep,HD-112,6612250,6945,,John_Edmonds,194704,0
15654,"Keith Esau",Keith,A.,Esau,,,2,R,1,Rep,HD-014,13703391,140756,,Keith_Esau,425217,0
15655,"John Ewy",John,L.,Ewy,,,2,R,1,Rep,HD-117,13703514,140863,,John_L._Ewy,425351,0
15656,"Blaine Finch",Blaine,,Finch,,,2,R,1,Rep,HD-059,13703449,140802,,Blaine_Finch,425292,0
15658,"Dan Hawkins",Dan,,Hawkins,,,2,R,1,Rep,HD-100,13703488,140839,,Daniel_Hawkins_(Kansas),425334,0
15659,"Larry Hibbard",Larry,Paul,Hibbard,,,2,R,1,Rep,HD-013,4067009,140753,,Larry_Paul_Hibbard,425211,0
15660,"Ron Highland",Ron,,Highland,,,2,R,1,Rep,HD-051,13703434,140793,,Ron_Highland,425281,0
15661,"Michael Houser",Michael,,Houser,,,2,R,1,Rep,HD-001,6690781,125035,,Michael_Houser_(Kansas),311160,0
15662,"Roderick Houston",Roderick,A.,Houston,,,1,D,1,Rep,HD-089,13703479,140830,,Roderick_A._Houston,425326,0
15663,"Mark Hutton",Mark,E.,Hutton,,,2,R,1,Rep,HD-105,8769266,140847,,Mark_E._Hutton,425340,0
15664,"Russell Jennings",Russell,,Jennings,,Russ,2,R,1,Rep,HD-122,8813253,172061,,Russ_Jennings,425365,0
15665,"Kevin Jones",Kevin,,Jones,,,2,R,1,Rep,HD-005,13703377,140747,,Kevin_Jones_(Kansas),425194,0
15666,"Mark Kahrs",Mark,,Kahrs,,,2,R,1,Rep,HD-087,13703474,140825,,Mark_Kahrs,425321,0
15667,"Jerry Lunn",Jerry,,Lunn,,,2,R,1,Rep,HD-028,13703414,140777,,Jerry_Lunn,425240,0
15668,"Nancy Lusk",Nancy,,Lusk,,,1,D,1,Rep,HD-022,13703401,140764,,Nancy_Lusk,425225,0
15669,"Charles Macheers",Charles,,Macheers,,,2,R,1,Rep,HD-039,13703420,140783,,Charles_Macheers,425256,0
15670,"Craig McPherson",Craig,,McPherson,,,2,R,1,Rep,HD-008,13703380,125017,,Craig_McPherson,288048,0
15673,"Marty Read",Marty,,Read,,,2,R,1,Rep,HD-004,8781800,140746,,Marty_Read,425192,0
15674,"Melissa Rooker",Melissa,A.,Rooker,,,2,R,1,Rep,HD-025,13703409,140773,,Melissa_Rooker,425235,0
15677,"Ronald Ryckman",Ronald,,Ryckman,Sr.,,2,R,1,Rep,HD-115,13703512,113957,,Ronald_Ryckman,330119,0
15679,"Bill Sutton",Bill,,Sutton,,,2,R,1,Rep,HD-043,13703429,138061,,Bill_Sutton,410309,0
15680,"Jack Thimesch",Jack,,Thimesch,,,2,R,1,Rep,HD-114,13703510,140861,,Jack_Thimesch,425348,0
15681,"James Todd",James,,Todd,,,2,R,1,Rep,HD-029,13703415,138062,,James_Todd_(Kansas),410305,0
15682,"Troy Waymaster",Troy,L.,Waymaster,,,2,R,1,Rep,HD-109,8920028,140852,,Troy_L._Waymaster,420124,0
15684,"John Wilson",John,,Wilson,,,1,D,1,Rep,HD-010,13703384,107202,,John_Wilson_(Kansas),268125,0
15710,"General Government Budget",,,,,,0,,1,Rep,,0,0,,,0,1380
15717,"Children and Seniors",,,,,,0,,1,Rep,,0,0,,,0,2916
16125,"Joint Committee on Corrections and Juvenile Justice Oversight",,,,,,0,,3,Jnt,,0,0,,,0,1419
16166,"Steven Anthimides",Steven,,Anthimides,,,2,R,1,Rep,HD-098,6671625,68306,,Steven_Anthimides,482526,0
16167,"Kent Thompson",Kent,L.,Thompson,,,2,R,1,Rep,HD-009,24844595,85985,,Kent_Thompson,473487,0
16168,"Erin Davis",Erin,L.,Davis,,,2,R,1,Rep,HD-015,16367315,151212,,Erin_Davis,483190,0
16169,"Adam Lusker",Adam,J.,Lusker,Sr.,,1,D,1,Rep,HD-002,24844588,151217,,Adam_Lusker,483220,0
16170,"Bud Estes",Bud,,Estes,,,2,R,1,Rep,SD-038,24844701,151216,,Bud_Estes,462590,0
16173,"John Carmichael",John,,Carmichael,,,1,D,1,Rep,HD-092,8770083,151210,,John_Carmichael_(Kansas),471426,0
16223,"Les Mason",Les,,Mason,,,2,R,1,Rep,HD-073,24844652,151222,,Les_Mason,485185,0
16233,"Pam Curtis",Pam,,Curtis,,,1,D,1,Rep,HD-032,24844618,151914,,Pam_Curtis,490032,0
16248,"Molly Baumgardner",Molly,,Baumgardner,,,2,R,2,Sen,SD-037,24844712,152463,,Molly_Baumgardner,498534,0
16897,"Corrections and Juvenile Justice",,,,,,0,,2,Sen,,0,0,,,0,3158
17011,"Richard Wilborn",Richard,,Wilborn,,,2,R,2,Sen,SD-035,7911683,152461,,Rick_Wilborn,523796,0
17098,"Jeremy Dannebohm",Jeremy,,Dannebohm,,Basil,2,R,1,Rep,HD-113,24844695,152444,,J._Basil_Dannebohm,498545,0
17221,"2014 Special Committee on Judiciary",,,,,,0,,3,Jnt,,0,0,,,0,3192
17258,"Tony Barton",Tony,,Barton,,,2,R,1,Rep,HD-041,24844622,152386,,Tony_Barton,496163,0
17259,"Blake Carpenter",Blake,,Carpenter,,,2,R,1,Rep,HD-081,24844661,152996,,Blake_Carpenter,500386,0
17260,"Dick Jones",Dick,,Jones,,,2,R,1,Rep,HD-052,13703440,140797,,Dick_Jones,425285,0
17261,"John Whitmer",John,,Whitmer,,,2,R,1,Rep,HD-093,24844673,153003,,John_Whitmer,420121,0
17384,"Becky Hutchins",Becky,J.,Hutchins,,,2,R,1,Rep,HD-061,6612370,6977,,Becky_Hutchins,194642,0
17388,"Lonnie Clark",Lonnie,G.,Clark,,,2,R,1,Rep,HD-065,24844647,152989,,Lonnie_Clark,500854,0
17389,"Shannon Francis",Shannon,G.,Francis,,,2,R,1,Rep,HD-125,24844706,85931,,Shannon_Francis,499612,0
17390,"Linda Gallagher",Linda,,Gallagher,,,2,R,1,Rep,HD-023,24844611,152369,,Linda_Gallagher,498532,0
17391,"Lane Hemsley",Lane,,Hemsley,,,2,R,1,Rep,HD-056,8777804,152982,,Lane_Hemsley,500373,0
17392,"Dennis Highberger",Dennis,,Highberger,,Boog,1,D,1,Rep,HD-046,24844628,73994,,Dennis_Highberger,494758,0
17393,"Jarrod Ousley",Jarrod,,Ousley,,,1,D,1,Rep,HD-024,24844614,152963,,Jarrod_Ousley,500838,0
17577,"Susie Swanson",Susie,,Swanson,,,2,R,1,Rep,HD-064,24844646,152411,,Susie_Swanson,498536,0
17578,"Fred Patton",Fred,C.,Patton,,,2,R,1,Rep,HD-050,24844635,152398,,Fred_Patton,485172,0
17579,"Kristey Williams",Kristey,S.,Williams,,,2,R,1,Rep,HD-077,8812946,152437,,Kristey_Williams,499611,0
17601,"Randy Powell",Randy,,Powell,,,2,R,1,Rep,HD-030,15310068,152969,,Randy_Powell,500842,0
17602,"Charles Smith",Charles,,Smith,,Chuck,2,R,1,Rep,HD-003,24844589,171752,,Charles_Smith_(Maryland),500350,0
17696,"Greg Lewis",Greg,,Lewis,,,2,R,1,Rep,HD-113,40609412,156576,,Greg_Lewis_(Kansas),530960,0
17794,"Special Committee on Insurance",,,,,,0,,1,Rep,,0,0,,,0,3419
17816,"Insurance and Financial Institutions",,,,,,0,,1,Rep,,0,0,,,0,3418
17846,"Ben Scott",Ben,,Scott,,,1,D,1,Rep,HD-058,40609450,167215,,Ben_Scott,560873,0
17847,"Ken Rahjes",Ken,,Rahjes,,,2,R,1,Rep,HD-110,40609442,167130,,Ken_Rahjes,408869,0
17848,"Henry Helgerson",Henry,,Helgerson,,,1,D,1,Rep,HD-083,6421376,6969,,Henry_Helgerson,194678,0
