people_id,name,first_name,middle_name,last_name,suffix,nickname,party_id,party,role_id,role,district,followthemoney_eid,votesmart_id,opensecrets_id,ballotpedia,knowwho_pid,committee_id
4527,"Pamela Beidle",Pamela,G,Beidle,,,1,D,2,Sen,SD-032,4885979,65432,,Pamela_Beidle,248793,0
4528,"Wendell Beitzel",Wendell,R,Beitzel,,,2,R,1,Rep,HD-001A,4714065,66729,,Wendell_Beitzel,248759,0
4531,"Frank Conaway",Frank,M,Conaway,Jr.,,1,D,1,Rep,HD-040,6482180,68583,,Frank_Conaway_Jr.,248803,0
4534,"Kriselda Valderrama",Kriselda,,Valderrama,,Kris,1,D,1,Rep,HD-026,6482576,67683,,Kris_Valderrama,248787,0
4536,"Kumar Barve",Kumar,P,Barve,,,1,D,1,Rep,HD-017,6370738,6104,,Kumar_Barve,195293,0
4547,"Alfred Carr",Alfred,C,Carr,Jr.,,1,D,1,Rep,HD-018,6482169,66414,,Alfred_Carr,261785,0
4549,"Adelaide Eckardt",Adelaide,C,Eckardt,,,2,R,2,Sen,SD-037,4601003,6136,,Adelaide_Eckardt,195354,0
4553,"Jeff Waldstreicher",Jeff,D.,Waldstreicher,,,1,D,2,Sen,SD-018,7842604,68561,,Jeff_Waldstreicher,248767,0
4554,"Veronica Turner",Veronica,,Turner,,,1,D,1,Rep,HD-026,13001678,36495,,Veronica_Turner,213277,0
4561,"Joseline Pena-Melnyk",Joseline,A,Pena-Melnyk,,,1,D,1,Rep,HD-021,4940313,68578,,Joseline_Pena-Melnyk,248779,0
4562,"Joanne Benson",Joanne,C.,Benson,,,1,D,2,Sen,SD-024,13001668,6106,,Joanne_Benson,195314,0
4575,"Brian Feldman",Brian,J.,Feldman,,,1,D,2,Sen,SD-015,4909168,36097,,Brian_Feldman,213296,0
4580,"Kathleen Dumais",Kathleen,M,Dumais,,,1,D,1,Rep,HD-015,13001616,36454,,Kathleen_Dumais,213282,0
4581,"Samuel Rosenberg",Samuel,I,Rosenberg,,Sandy,1,D,1,Rep,HD-041,6375117,6222,,Samuel_Rosenberg,195370,0
4582,"Curtis Anderson",Curtis,S.,Anderson,,Curt,1,D,1,Rep,HD-043,13001793,36285,,Curt_Anderson_(Maryland),213270,0
4583,"Ben Barnes",Ben,,Barnes,,,1,D,1,Rep,HD-021,4899693,65935,,Ben_Barnes,248777,0
4584,"Jill Carter",Jill,P,Carter,,,1,D,2,Sen,SD-041,13001781,36107,,Jill_Carter,213274,0
4588,"Anne Kaiser",Anne,R,Kaiser,,,1,D,1,Rep,HD-014,1095318,36115,,Anne_Kaiser,213295,0
4596,"J.B. Jennings",J.B.,,Jennings,,,2,R,2,Sen,SD-007,13001565,36305,,J.B._Jennings,213293,0
4597,"Benjamin Kramer",Benjamin,Fred,Kramer,,Ben,1,D,2,Sen,SD-019,4744246,68569,,Benjamin_Kramer,248769,0
4598,"Jon Cardin",Jon,S,Cardin,,,1,D,1,Rep,HD-011,13001592,36439,,Jon_Cardin,213298,0
4602,"Talmadge Branch",Talmadge,,Branch,,,1,D,1,Rep,HD-045,6371137,6112,,Talmadge_Branch,195377,0
4606,"Nicholaus Kipke",Nicholaus,R,Kipke,,,2,R,1,Rep,HD-031B,13001717,67311,,Nicholaus_Kipke,251048,0
4607,"Adrienne Jones",Adrienne,A.,Jones,,,1,D,1,Rep,HD-010,3774918,2029,,Adrienne_Jones,195273,0
4609,"Kirill Reznik",Kirill,,Reznik,,,1,D,1,Rep,HD-039,13001768,101241,,Kirill_Reznik,259346,0
4614,"Joseph Boteler",Joseph,C,Boteler,III,,2,R,1,Rep,HD-008,6568348,19077,,Joseph_Boteler_III,213280,0
4623,"Marvin Holmes",Marvin,E,Holmes,Jr.,,1,D,1,Rep,HD-023B,5299572,19380,,Marvin_Holmes_Jr.,213290,0
4624,"Anne Healey",Anne,,Healey,,,1,D,1,Rep,HD-022,6372916,6158,,Anne_Healey,195309,0
4626,"Susan Lee",Susan,C,Lee,,,1,D,2,Sen,SD-016,4909165,36484,,Susan_Lee,210052,0
4627,"Dana Stein",Dana,M,Stein,,,1,D,1,Rep,HD-011,5002539,36190,,Dana_Stein,210429,0
4629,"Susan Krebs",Susan,W,Krebs,,,2,R,1,Rep,HD-005,5001168,36302,,Susan_Krebs,213289,0
4635,"Shane Pendergrass",Shane,E,Pendergrass,,,1,D,1,Rep,HD-013,5611769,6210,,Shane_Pendergrass,195282,0
4636,"Guy Guzzone",Guy,J,Guzzone,,,1,D,2,Sen,SD-013,4973689,66528,,Guy_Guzzone,248763,0
4638,"Richard Impallaria",Richard,K,Impallaria,,,2,R,1,Rep,HD-007,13001564,36332,,Rick_Impallaria,213300,0
4641,"Susan McComas",Susan,K,McComas,,,2,R,1,Rep,HD-034B,13001739,36351,,Susan_McComas,213286,0
4643,"Keith Haynes",Keith,E,Haynes,,,1,D,1,Rep,HD-044A,13001797,36137,,Keith_Haynes,213278,0
4646,"Jay Walker",Jay,,Walker,,,1,D,1,Rep,HD-026,4988529,68581,,Jay_Walker_(Maryland),248785,0
4649,"Maggie McIntosh",Maggie,L.,McIntosh,,,1,D,1,Rep,HD-043,4822313,6188,,Maggie_McIntosh,195369,0
4654,"James Gilchrist",James,W,Gilchrist,,,1,D,1,Rep,HD-017,13001631,36271,,James_Gilchrist,248765,0
4659,"Dereck Davis",Dereck,Eugene,Davis,,,1,D,1,Rep,HD-025,6371893,6128,,Dereck_Davis,195318,0
4664,"Melony Griffith",Melony,G,Griffith,,,1,D,2,Sen,SD-025,4979069,19180,,Melony_Griffith,195319,0
4679,"Douglas Peters",Douglas,J.J.,Peters,,,1,D,2,Sen,SD-023,5434772,66382,,Douglas_Peters,248827,0
4682,"Bryan Simonaire",Bryan,Warner,Simonaire,,,2,R,2,Sen,SD-031,4955803,67628,,Bryan_Simonaire,251049,0
4686,"Katherine Klausmeier",Katherine,Ann,Klausmeier,,,1,D,2,Sen,SD-008,5467115,6175,,Katherine_Klausmeier,195266,0
4694,"George Edwards",George,C,Edwards,,,2,R,2,Sen,SD-001,5273749,6137,,George_Edwards_(Maryland),195245,0
4711,"Delores Kelley",Delores,G,Kelley,,,1,D,2,Sen,SD-010,5089602,6081,,Delores_Kelley,195207,0
4718,"Nancy King",Nancy,,King,,,1,D,2,Sen,SD-039,5304165,36382,,Nancy_King,213267,0
4725,"Paul Pinsky",Paul,G,Pinsky,,,1,D,2,Sen,SD-022,4817929,6090,,Paul_Pinsky,195219,0
4728,"Edward Reilly",Edward,R.,Reilly,,,2,R,2,Sen,SD-033,4595660,87327,,Edward_Reilly,279217,0
4731,"James Rosapepe",James,C,Rosapepe,,,1,D,2,Sen,SD-021,377045,6219,,Jim_Rosapepe,248825,0
11447,"Luke Clippinger",Luke,,Clippinger,,,1,D,1,Rep,HD-046,6510240,126006,,Luke_Clippinger,160610,0
11448,"Stephen Hershey",Stephen,S,Hershey,Jr.,,2,R,2,Sen,SD-036,4968365,127520,,Stephen_Hershey_Jr.,311804,0
11449,"Jay Jacobs",Jay,A.,Jacobs,,,2,R,1,Rep,HD-036,4595740,66537,,Jay_Jacobs,295593,0
11453,"William Ferguson",William,C.,Ferguson,IV,Bill,1,D,2,Sen,SD-046,6510362,127356,,William_Ferguson_IV,311839,0
11554,"Mark Fisher",Mark,N,Fisher,,,2,R,1,Rep,HD-027C,13001690,125911,,Mark_Fisher_(Maryland),295573,0
11634,"Ariana Kelly",Ariana,M.,Kelly,,,1,D,1,Rep,HD-016,13001626,127434,,Ariana_Kelly,311793,0
11711,"Ronald Young",Ronald,N,Young,,,1,D,2,Sen,SD-003,6510273,126013,,Ronald_Young,295520,0
11766,"Kathy Szeliga",Kathy,J,Szeliga,,,2,R,1,Rep,HD-007,4599660,127407,,Kathy_Szeliga,237104,0
11768,"Bonnie Cullison",Bonnie,L,Cullison,,,1,D,1,Rep,HD-019,4755003,125776,,Bonnie_Cullison,311795,0
11769,"Michael Hough",Michael,J,Hough,,,2,R,2,Sen,SD-004,6693720,117416,,Michael_Hough,236552,0
11917,"Mary Washington",Mary,,Washington,,,1,D,2,Sen,SD-043,5144322,68588,,Mary_Washington_(Maryland_State_Senate),295648,0
11972,"Justin Ready",Justin,D,Ready,,,2,R,2,Sen,SD-005,4937043,125717,,Justin_Ready,236907,0
11974,"Eric Luedtke",Eric,G,Luedtke,,,1,D,1,Rep,HD-014,13001613,125762,,Eric_Luedtke,295492,0
11975,"Craig Zucker",Craig,,Zucker,,,1,D,2,Sen,SD-014,13001611,36311,,Craig_Zucker,215610,0
12078,"Charles Otto",Charles,James,Otto,,,2,R,1,Rep,HD-038A,5404644,127524,,Charles_Otto,311805,0
12105,"Geraldine Valentino-Smith",Geraldine,,Valentino-Smith,,,1,D,1,Rep,HD-023A,4844802,75691,,Geraldine_Valentino-Smith,295499,0
12163,"C.T. Wilson",C.T.,,Wilson,,,1,D,1,Rep,HD-028,13001695,125914,,C.T._Wilson,295577,0
12189,"Neil Parrott",Neil,C,Parrott,,,2,R,1,Rep,HD-002A,933522,125708,,Neil_Parrott,295537,0
15140,"Alonzo Washington",Alonzo,T.,Washington,,,1,D,1,Rep,HD-022,20611071,144463,,Alonzo_Washington,446568,0
15412,Judiciary,,,,,,0,,1,Rep,,0,0,,,0,1927
15413,"Judicial Proceedings",,,,,,0,,2,Sen,,0,0,,,0,1934
15414,"Education, Health, and Environmental Affairs",,,,,,0,,2,Sen,,0,0,,,0,1931
15415,Finance,,,,,,0,,2,Sen,,0,0,,,0,1932
15416,"Budget and Taxation",,,,,,0,,2,Sen,,0,0,,,0,1929
15419,Appropriations,,,,,,0,,1,Rep,,0,0,,,0,1922
15420,"Economic Matters",,,,,,0,,1,Rep,,0,0,,,0,1923
15421,"Health and Government Operations",,,,,,0,,1,Rep,,0,0,,,0,1925
15479,"Allegany County Delegation",,,,,,0,,1,Rep,,0,0,,,0,2863
15482,"Caroline County Delegation",,,,,,0,,1,Rep,,0,0,,,0,2866
15483,"Carroll County Delegation",,,,,,0,,1,Rep,,0,0,,,0,2867
15484,"Charles County Delegation",,,,,,0,,1,Rep,,0,0,,,0,2868
15485,"Dorchester County Delegation",,,,,,0,,1,Rep,,0,0,,,0,2869
15486,"Frederick County Delegation",,,,,,0,,1,Rep,,0,0,,,0,2870
15487,"Howard County Delegation",,,,,,0,,1,Rep,,0,0,,,0,2871
15488,"St. Mary's County Delegation",,,,,,0,,1,Rep,,0,0,,,0,2872
15489,"Washington County Delegation",,,,,,0,,1,Rep,,0,0,,,0,2873
15490,"Ways and Means",,,,,,0,,1,Rep,,0,0,,,0,1928
15491,"Wicomico County Delegation",,,,,,0,,1,Rep,,0,0,,,0,2874
15731,"Montgomery County Delegation",,,,,,0,,1,Rep,,0,0,,,0,2923
15734,"Carroll County Senators",,,,,,0,,2,Sen,,0,0,,,0,2927
15739,"Prince George's County Delegation",,,,,,0,,1,Rep,,0,0,,,0,2926
15776,"Calvert County Delegation",,,,,,0,,1,Rep,,0,0,,,0,2965
15784,"Cecil County Delegation",,,,,,0,,1,Rep,,0,0,,,0,2969
15937,"Harford County Delegation",,,,,,0,,1,Rep,,0,0,,,0,2997
16083,"Steven Arentz",Steven,J.,Arentz,,Steve,2,R,1,Rep,HD-036,4600991,132033,,Steve_Arentz,476233,0
16100,"David Fraser-hidalgo",David,Vincent,Fraser-hidalgo,,,1,D,1,Rep,HD-015,13001618,127423,,David_Fraser-Hidalgo,471434,0
16162,"Garrett County Delegation",,,,,,0,,1,Rep,,0,0,,,0,3092
17167,"Terri Hill",Terri,,Hill,,,1,D,1,Rep,HD-012,4642403,149113,,Terri_Hill,497740,0
17169,"Jay Jalisi",Jay,,Jalisi,,,1,D,1,Rep,HD-010,4608535,149102,,Jay_Jalisi,497728,0
17170,"Clarence Lam",Clarence,K.,Lam,,,1,D,2,Sen,SD-012,19907268,149114,,Clarence_Lam,497741,0
17171,"William Smith",William,C.,Smith,Jr.,Will,1,D,2,Sen,SD-020,20611067,149141,,Will_Smith_(Maryland),497781,0
17231,"Jason Buckel",Jason,C.,Buckel,,,2,R,1,Rep,HD-001B,21265670,150091,,Jason_Buckel,497677,0
17232,"Ned Carey",Ned,,Carey,,,1,D,1,Rep,HD-031A,6510324,127345,,Edward_Carey,497918,0
17233,"Mark Chang",Mark,S.,Chang,,,1,D,1,Rep,HD-032,6672172,66409,,Mark_Chang,497930,0
17234,"Eric Ebersole",Eric,D.,Ebersole,,,1,D,1,Rep,HD-012,19907265,149111,,Eric_Ebersole,497738,0
17235,"Michael Jackson",Michael,A.,Jackson,,,1,D,2,Sen,SD-027,21266876,150136,,Michael_A._Jackson,497879,0
17236,"Carol Krimm",Carol,L.,Krimm,,,1,D,1,Rep,HD-003A,4638368,122623,,Carol_Krimm,497683,0
17237,"Brooke Lierman",Brooke,Elizabeth,Lierman,,,1,D,1,Rep,HD-046,20542365,149202,,Brooke_Elizabeth_Lierman,498067,0
17238,"David Moon",David,H.,Moon,,,1,D,1,Rep,HD-020,16291356,150121,,David_Moon,497777,0
17239,"Matt Morgan",Matt,,Morgan,,,2,R,1,Rep,HD-029A,4594337,125916,,Matt_Morgan_(Maryland),295578,0
17242,"Sid Saab",Sid,,Saab,,,2,R,1,Rep,HD-033,4955733,125977,,Sid_Saab,497957,0
17243,"Chris West",Chris,,West,,,2,R,2,Sen,SD-042,5796065,149196,,Chris_West_(Maryland),498036,0
17244,"Bob Cassilly",Bob,,Cassilly,,,2,R,2,Sen,SD-034,4828661,149068,,Bob_Cassilly,476960,0
17246,"Johnny Salling",Johnny,Ray,Salling,,,2,R,2,Sen,SD-006,19903322,149058,,Johnny_Ray_Salling,476906,0
17248,"Karen Young",Karen,Lewis,Young,,,1,D,1,Rep,HD-003A,21265676,122628,,Karen_Lewis_Young,497685,0
17249,"Pat Young",Pat,,Young,,,1,D,1,Rep,HD-044B,21273380,149200,,Pat_Young,498059,0
17313,"Cheryl Kagan",Cheryl,C.,Kagan,,,1,D,2,Sen,SD-017,4083663,6171,,Cheryl_Kagan,195295,0
17319,"Erek Barron",Erek,,Barron,,,1,D,1,Rep,HD-024,6510056,125907,,Erek_Barron,263214,0
17320,"Diana Fennell",Diana,M.,Fennell,,,1,D,1,Rep,HD-047A,6406541,36299,,Diana_Fennell,295601,0
17321,"Antonio Hayes",Antonio,,Hayes,,,1,D,2,Sen,SD-040,6482273,68584,,Antonio_Hayes,498017,0
17322,"Cory McCray",Cory,V.,McCray,,,1,D,2,Sen,SD-045,4882192,150176,,Cory_McCray,498062,0
17324,"Seth Howard",Seth,A.,Howard,,,2,R,1,Rep,HD-030B,4893508,127513,,Seth_Howard,311801,0
17325,"Darryl Barnes",Darryl,,Barnes,,,1,D,1,Rep,HD-025,20598609,150130,,Darryl_Barnes,497815,0
17375,"Benjamin Brooks",Benjamin,T.,Brooks,,,1,D,1,Rep,HD-010,14585065,149101,,Benjamin_Brooks_(Maryland),477004,0
17377,"Shelly Hettleman",Shelly,,Hettleman,,,1,D,2,Sen,SD-011,21266831,149592,,Shelly_Hettleman,389258,0
17378,"Trent Kittleman",Trent,Mitchell,Kittleman,,,2,R,1,Rep,HD-009A,14552777,149098,,Trent_Kittleman,477000,0
17380,"Charles Sydnor",Charles,E.,Sydnor,III,,1,D,2,Sen,SD-044,14588564,149199,,Charles_Sydnor_III,498056,0
17398,"Christopher Adams",Christopher,Troy,Adams,,,2,R,1,Rep,HD-037B,20318014,149180,,Christopher_Adams,497997,0
17399,"Jeff Ghrist",Jeff,,Ghrist,,,2,R,1,Rep,HD-036,21267302,87391,,Jeff_Ghrist,284706,0
17400,"Kevin Hornberger",Kevin,Bailey,Hornberger,,,2,R,1,Rep,HD-035A,21267032,149174,,Kevin_Hornberger,497979,0
17401,"Marc Korman",Marc,Alan,Korman,,,1,D,1,Rep,HD-016,4618760,149127,,Marc_Korman,477045,0
17402,"Mike Mckay",Mike,,Mckay,,,2,R,1,Rep,HD-001C,19903350,131924,,Mike_McKay,476978,0
17403,"Ric Metzgar",Ric,,Metzgar,,,2,R,1,Rep,HD-006,13001560,67429,,Ric_Metzgar,295542,0
17419,"Carl Anderton",Carl,,Anderton,Jr.,,2,R,1,Rep,HD-038B,21269533,149184,,Carl_Anderton_Jr.,498004,0
17420,"Vanessa Atterbeary",Vanessa,,Atterbeary,,,1,D,1,Rep,HD-013,12414904,117424,,Vanessa_Atterbeary,295498,0
17422,"Mary Carozza",Mary,Elizabeth,Carozza,,,2,R,2,Sen,SD-038,20571766,149187,,Mary_Beth_Carozza,238930,0
17423,"Robin Grammer",Robin,L.,Grammer,Jr.,,2,R,1,Rep,HD-006,19907118,149094,,Robin_Grammer_Jr.,476993,0
17424,"Bob Long",Bob,,Long,,,2,R,1,Rep,HD-006,6693761,127402,,Bob_Long,312009,0
17425,"Johnny Mautz",Johnny,,Mautz,,,2,R,1,Rep,HD-037B,21269405,149182,,Johnny_Mautz,498000,0
17426,"Teresa Reilly",Teresa,E.,Reilly,,,2,R,1,Rep,HD-035B,4594855,149176,,Teresa_Reilly,497984,0
17427,"Haven Shoemaker",Haven,Neely,Shoemaker,,,2,R,1,Rep,HD-005,4684758,68538,,Haven_Shoemaker,497696,0
17431,"Harford County Senators",,,,,,0,,2,Sen,,0,0,,,0,3267
17434,"Edith Patterson",Edith,Jerry,Patterson,,,1,D,1,Rep,HD-028,4764305,87469,,Edith_Patterson,497886,0
17435,"Sheree Sample-Hughes",Sheree,,Sample-Hughes,,,1,D,1,Rep,HD-037A,21268821,87638,,Sheree_Sample-Hughes,497992,0
17442,"Mary Ann Lisanti","Mary Ann",,Lisanti,,,1,D,1,Rep,HD-034A,14565694,87530,,Mary_Ann_Lisanti,497962,0
17553,"Barrie Ciliberti",Barrie,S.,Ciliberti,,,2,R,1,Rep,HD-004,3204857,6119,,Barrie_S._Ciliberti,497691,0
17629,"Environment and Transportation",,,,,,0,,1,Rep,,0,0,,,0,3266
17668,"Michael Malone",Michael,E.,Malone,,,2,R,1,Rep,HD-033,4596698,156402,,Michael_Malone_(Maryland),529678,0
17669,"William Wivell",William,J.,Wivell,,Bill,2,R,1,Rep,HD-002A,6693698,36506,,William_Wivell,529666,0
17670,"April Rose",April,,Rose,,,2,R,1,Rep,HD-005,4597708,156401,,April_Rose,529672,0
17833,"Elizabeth Proctor",Elizabeth,,Proctor,,Susie,1,D,1,Rep,HD-027A,4923653,166006,,Elizabeth_Proctor,558219,0
17917,"Pamela Queen",Pamela,,Queen,,,1,D,1,Rep,HD-014,16711290,167994,,Pamela_Queen,573403,0
18731,"Robbyn Lewis",Robbyn,,Lewis,,,1,D,1,Rep,HD-046,5143861,176076,,Robbyn_Lewis,609132,0
19026,"Jerry Clark",Jerry,,Clark,,,2,R,1,Rep,HD-029C,43140188,87366,,Jerry_Clark_(Maryland),597110,0
19132,"Charles County Senators",,,,,,0,,2,Sen,,0,0,,,0,3588
19199,"Jheanelle Wilkins",Jheanelle,K.,Wilkins,,,1,D,1,Rep,HD-020,43141555,176086,,Jheanelle_Wilkins,613167,0
19271,"Jazz Lewis",Jazz,,Lewis,,,1,D,1,Rep,HD-024,44268902,176107,,Jazz_Lewis,615740,0
19527,"Paul Corderman",Paul,,Corderman,,,2,R,2,Sen,SD-002,44268900,177618,,Paul_Corderman,648772,0
20529,"Jack Bailey",Jack,,Bailey,,,2,R,2,Sen,SD-029,28198915,178461,,Jack_Bailey_(Maryland),657109,0
20530,"Brian Chisholm",Brian,Alan,Chisholm,,,2,R,1,Rep,HD-031B,21266898,150148,,Brian_Chisholm,497925,0
20531,"Dan Cox",Dan,,Cox,,,2,R,1,Rep,HD-004,38601915,167340,,Dan_Cox_(Maryland),568345,0
20532,"Jason Gallion",Jason,C.,Gallion,,,2,R,2,Sen,SD-035,6694006,125985,,Jason_Gallion,295590,0
20533,"Wayne Hartman",Wayne,A.,Hartman,,,2,R,1,Rep,HD-038C,44433257,181649,,Wayne_Hartman,653601,0
20534,"Jesse Pippy",Jesse,Tyler,Pippy,,,2,R,1,Rep,HD-004,21265644,149060,,Jesse_Pippy,490456,0
20588,"Heather Bagnall",Heather,,Bagnall,,,1,D,1,Rep,HD-033,44433228,181628,,Heather_Bagnall,650616,0
20589,"Sandy Bartlett",Juanita,Sandra,Bartlett,,Sandy,1,D,1,Rep,HD-032,20546897,181622,,J._Sandy_Bartlett,643960,0
20591,"Mary Lehman",Mary,A.,Lehman,,,1,D,1,Rep,HD-021,4889016,132025,,Mary_Lehman,653578,0
20592,"Mike Rogers",Mike,,Rogers,,,1,D,1,Rep,HD-032,44433224,181625,,Mike_Rogers_(Maryland),650634,0
20685,"Sarah Elfreth",Sarah,K.,Elfreth,,,1,D,2,Sen,SD-030,39634166,178463,,Sarah_Elfreth,643760,0
20789,"Gabriel Acevero",Gabriel,,Acevero,,,1,D,1,Rep,HD-039,44433261,181651,,Gabriel_Acevero,643981,0
20790,"Harry Bhandari",Harry,,Bhandari,,,1,D,1,Rep,HD-008,21266821,150106,,Harry_Bhandari,497715,0
20791,"Julian Ivey",Julian,,Ivey,,,1,D,1,Rep,HD-047A,44433311,181698,,Julian_Ivey,655688,0
20792,"Ken Kerr",Ken,,Kerr,,,1,D,1,Rep,HD-003B,44433048,181467,,Ken_Kerr_(Maryland),650619,0
20793,"Lesley Lopez",Lesley,J.,Lopez,,,1,D,1,Rep,HD-039,44433264,181654,,Lesley_Lopez,643988,0
20794,"Julie Palakovich Carr",Julie,,"Palakovich Carr",,,1,D,1,Rep,HD-017,44433128,159380,,Julie_Palakovich_Carr,643814,0
20795,"Emily Shetty",Emily,Khoury,Shetty,,,1,D,1,Rep,HD-018,17044894,149134,,Emily_Shetty,275961,0
20796,"Jared Solomon",Jared,Scott,Solomon,,,1,D,1,Rep,HD-018,25111854,181549,,Jared_Solomon_(Maryland),647491,0
20797,"Vaughn Stewart",Vaughn,,Stewart,,,1,D,1,Rep,HD-019,44270793,181554,,Vaughn_Stewart,643828,0
20855,"Regina Boyce",Regina,T.,Boyce,,,1,D,1,Rep,HD-043,4882188,181675,,Regina_T._Boyce,650681,0
20856,"Tony Bridges",Tony,,Bridges,,,1,D,1,Rep,HD-041,25098678,181666,,Tony_Bridges,656714,0
20857,"Courtney Watson",Courtney,,Watson,,,1,D,1,Rep,HD-009B,44433086,87557,,Courtney_Watson,643797,0
20858,"Lorig Charkoudian",Lorig,,Charkoudian,,,1,D,1,Rep,HD-020,4733255,181558,,Lorig_Charkoudian,643833,0
20859,"Debra Davis",Debra,,Davis,,,1,D,1,Rep,HD-028,44433196,131981,,Debra_Davis,647507,0
20860,"Jessica Feldmark",Jessica,,Feldmark,,,1,D,1,Rep,HD-012,44433102,181509,,Jessica_Feldmark,657145,0
20861,"Michele Guyton",Michele,,Guyton,,,1,D,1,Rep,HD-042B,44433290,169220,,Michele_Guyton,653616,0
20862,"Sara Love",Sara,Norris,Love,,,1,D,1,Rep,HD-016,1479722,181538,,Sara_Love,643813,0
20863,"Wanika Fisher",Wanika,,Fisher,,,1,D,1,Rep,HD-047B,44433313,181700,,Wanika_Fisher,650689,0
20864,"Melissa Wells",Melissa,,Wells,,,1,D,1,Rep,HD-040,44433277,181663,,Melissa_Wells,643994,0
20865,"Malcolm Augustine",Malcolm,L.,Augustine,,,1,D,2,Sen,SD-047,4798307,149203,,Malcolm_Augustine,498073,0
20866,"Obie Patterson",Obie,,Patterson,,,1,D,2,Sen,SD-026,4617538,6209,,Obie_Patterson,195321,0
20867,"Charlotte Crutchfield",Charlotte,Agnes,Crutchfield,,,1,D,1,Rep,HD-019,21266855,149135,,Charlotte_Crutchfield,497770,0
20868,"Jen Terrasa",Jennifer,,Terrasa,,Jen,1,D,1,Rep,HD-013,41562613,87563,,Jen_Terrasa,653509,0
20930,"Dalya Attar",Dalya,,Attar,,,1,D,1,Rep,HD-041,44433279,181665,,Dalya_Attar,643996,0
20931,"Nick Charles",Nick,,Charles,,,1,D,1,Rep,HD-025,20611074,149146,,Nick_Charles_(Maryland),497818,0
20932,"Brian Crosby",Brian,M.,Crosby,,,1,D,1,Rep,HD-029B,44433198,181601,,Brian_Crosby,643945,0
20933,"Nino Mangione",Nino,,Mangione,,,2,R,1,Rep,HD-042B,44433288,181672,,Nino_Mangione,644006,0
20934,"Ron Watson",Ronald,Lorenzo,Watson,,Ron,1,D,1,Rep,HD-023B,4926404,150124,,Ron_Watson,497795,0
20955,"Arthur Ellis",Arthur,,Ellis,,,1,D,2,Sen,SD-028,21258159,178460,,Arthur_Ellis,657108,0
20956,"Katie Hester",Katie,Fry,Hester,,,1,D,2,Sen,SD-009,44432998,178442,,Katie_Hester,643718,0
20964,"Lauren Arikan",Lauren,,Arikan,,,2,R,1,Rep,HD-007,44433059,181476,,Lauren_Arikan,655631,0
20965,"Steve Johnson",Steven,Craig,Johnson,,Steve,1,D,1,Rep,HD-034A,4873202,150154,,Steve_Johnson_(Maryland),497960,0
20966,"Lily Qi",Lily,,Qi,,,1,D,1,Rep,HD-015,14603818,181532,,Lily_Qi,650624,0
21255,"Stephanie Smith",Stephanie,,Smith,,,1,D,1,Rep,HD-045,44433307,181690,,Stephanie_Smith_(Maryland),653638,0
21279,"Andrea Harrison",Andrea,Fletcher,Harrison,,,1,D,1,Rep,HD-024,6406578,36102,,Andrea_Harrison,643924,0
21294,"Wicomico County Senators",,,,,,0,,2,Sen,,0,0,,,0,4063
21425,"Catherine Forbes",Catherine,M.,Forbes,,Cathi,1,D,1,Rep,HD-042A,48691393,187196,,Cathy_Forbes,720326,0
21426,"Nicole Williams",Nicole,A.,Williams,,,1,D,1,Rep,HD-022,6510025,125779,,Nicole_Williams,295643,0
21427,"Shaneka Henson",Shaneka,,Henson,,,1,D,1,Rep,HD-030A,48691391,186498,,Shaneka_Henson,706427,0
21442,"Carl Jackson",Carl,W.,Jackson,Jr.,,1,D,1,Rep,HD-008,44433079,181491,,Carl_Jackson_(Maryland),643794,0
21504,Pensions,,,Pensions,,,0,,3,Jnt,,0,0,,,0,4218
21509,"Audit and Evaluation",,,,,,0,,3,Jnt,,0,0,,,0,4228
21540,"Chanel Branch",Chanel,,Branch,,,1,D,1,Rep,HD-045,6371137,189620,,Chanel_Branch,730990,0
21541,"Sheila Ruth",Sheila,,Ruth,,,1,D,1,Rep,HD-044B,41543227,189619,,Sheila_Ruth,730992,0
21545,"Ending Homelessness",,,,,,0,,3,Jnt,,0,0,,,0,4248
21591,"Michael Griffith",Michael,J.,Griffith,,Mike,2,R,1,Rep,HD-035B,13012208,189621,,Mike_Griffith_(Maryland),728163,0
21621,"Lisa Belcastro",Lisa,,Belcastro,,,1,D,1,Rep,HD-011,0,0,,,735086,0
21906,"Dana Jones",Dana,,Jones,,,1,D,1,Rep,HD-030A,0,193212,,Dana_Jones,739724,0
21907,"Brenda Thiam",Brenda,J.,Thiam,,,2,R,1,Rep,HD-002B,0,195489,,Brenda_Thiam,752714,0
22517,"Cybersecurity, Information Technology, and Biotechnology",,,,,,0,,3,Jnt,,0,0,,,0,4369
22635,"Reid Novotny",Reid,Justin,Novotny,,,2,R,1,Rep,HD-009A,44433018,178441,,Reid_Novotny,584323,0
22755,"Marlon Amprey",Marlon,,Amprey,,,1,D,1,Rep,HD-040,0,0,,Marlon_Amprey,762687,0
22800,"Unemployment Insurance Oversight",,,,,,0,,3,Jnt,,0,0,,,0,4448
22802,"Workers' Compensation Benefit and Insurance Oversight",,,,,,0,,3,Jnt,,0,0,,,0,4453
22879,"Rachel Jones",Rachel,,Jones,,,1,D,1,Rep,HD-027B,0,195843,,Rachel_Jones,467933,0
