bill_id,session_id,bill_number,status,status_desc,status_date,title,description,committee_id,committee,last_action_date,last_action,url,state_link
434732,436,HF1,1,Introduced,2011-07-19,"Special Session Public Safety/Judiciary bill.","Special Session Public Safety/Judiciary bill.",0,,2011-07-19,"House: Introduction and first reading",https://legiscan.com/MN/bill/HF1/2011/X1,https://www.revisor.mn.gov/revisor/pages/search_status/status_detail.php?b=House&f=HF0001&ssn=1&y=2011
434733,436,HF2,3,Enrolled,2011-07-19,"Special Session Transportation bill.","Special Session Transportation bill.",0,,2011-07-20,"Governor's action Approval",https://legiscan.com/MN/bill/HF2/2011/X1,https://www.revisor.mn.gov/revisor/pages/search_status/status_detail.php?b=House&f=HF0002&ssn=1&y=2011
434734,436,HF3,1,Introduced,2011-07-19,"Special Session Jobs bill.","Special Session Jobs bill.",0,,2011-07-19,"House: Introduction and first reading",https://legiscan.com/MN/bill/HF3/2011/X1,https://www.revisor.mn.gov/revisor/pages/search_status/status_detail.php?b=House&f=HF0003&ssn=1&y=2011
434735,436,HF4,3,Enrolled,2011-07-19,"Special Session Higher Education bill.","Special Session Higher Education bill.",0,,2011-07-20,"Governor's action Approval",https://legiscan.com/MN/bill/HF4/2011/X1,https://www.revisor.mn.gov/revisor/pages/search_status/status_detail.php?b=House&f=HF0004&ssn=1&y=2011
434736,436,HF5,1,Introduced,2011-07-19,"Special Session Environment bill.","Special Session Environment bill.",0,,2011-07-19,"House: Introduction and first reading",https://legiscan.com/MN/bill/HF5/2011/X1,https://www.revisor.mn.gov/revisor/pages/search_status/status_detail.php?b=House&f=HF0005&ssn=1&y=2011
434737,436,HF6,1,Introduced,2011-07-19,"Special Session Legacy bill.","Special Session Legacy bill.",0,,2011-07-19,"House: Introduction and first reading",https://legiscan.com/MN/bill/HF6/2011/X1,https://www.revisor.mn.gov/revisor/pages/search_status/status_detail.php?b=House&f=HF0006&ssn=1&y=2011
434738,436,HF7,1,Introduced,2011-07-19,"Nonprofit health plan companies maximum financial surplus specified.","Nonprofit health plan companies maximum financial surplus specified.",0,,2011-07-19,"House: Introduction and first reading",https://legiscan.com/MN/bill/HF7/2011/X1,https://www.revisor.mn.gov/revisor/pages/search_status/status_detail.php?b=House&f=HF0007&ssn=1&y=2011
434739,436,HF8,1,Introduced,2011-07-19,"Heart of the Earth Interpretive Center, Minneapolis funding provided, bonds issued, and money appropriated.","Heart of the Earth Interpretive Center, Minneapolis funding provided, bonds issued, and money appropriated.",0,,2011-07-19,"House: Introduction and first reading",https://legiscan.com/MN/bill/HF8/2011/X1,https://www.revisor.mn.gov/revisor/pages/search_status/status_detail.php?b=House&f=HF0008&ssn=1&y=2011
434740,436,HF9,1,Introduced,2011-07-19,"Alcohol judicial and health impact fund established to provide property tax relief, and alcohol judicial and health impact fee imposed.","Alcohol judicial and health impact fund established to provide property tax relief, and alcohol judicial and health impact fee imposed.",0,,2011-07-19,"House: Introduction and first reading",https://legiscan.com/MN/bill/HF9/2011/X1,https://www.revisor.mn.gov/revisor/pages/search_status/status_detail.php?b=House&f=HF0009&ssn=1&y=2011
434741,436,HF10,1,Introduced,2011-07-19,"Minneapolis; Phillips Community Center swimming pool funding provided, bonds issued, and money appropriated.","Minneapolis; Phillips Community Center swimming pool funding provided, bonds issued, and money appropriated.",0,,2011-07-19,"House: Introduction and first reading",https://legiscan.com/MN/bill/HF10/2011/X1,https://www.revisor.mn.gov/revisor/pages/search_status/status_detail.php?b=House&f=HF0010&ssn=1&y=2011
434742,436,HF11,1,Introduced,2011-07-19,"Minneapolis; Minnesota African American History Museum funding provided, bonds issued, and money appropriated.","Minneapolis; Minnesota African American History Museum funding provided, bonds issued, and money appropriated.",0,,2011-07-19,"House: Introduction and first reading",https://legiscan.com/MN/bill/HF11/2011/X1,https://www.revisor.mn.gov/revisor/pages/search_status/status_detail.php?b=House&f=HF0011&ssn=1&y=2011
434743,436,HF12,1,Introduced,2011-07-19,"Lottery facility games established; tax imposed on and providing for facility revenues; powers and duties provided to the director; and clarifying, conforming, and technical changes made","Lottery facility games established; tax imposed on and providing for facility revenues; powers and duties provided to the director; and clarifying, conforming, and technical changes made",0,,2011-07-19,"House: Introduction and first reading",https://legiscan.com/MN/bill/HF12/2011/X1,https://www.revisor.mn.gov/revisor/pages/search_status/status_detail.php?b=House&f=HF0012&ssn=1&y=2011
434744,436,HF13,1,Introduced,2011-07-19,"Budget negotiations required to be open to the public.","Budget negotiations required to be open to the public.",0,,2011-07-19,"House: Introduction and first reading",https://legiscan.com/MN/bill/HF13/2011/X1,https://www.revisor.mn.gov/revisor/pages/search_status/status_detail.php?b=House&f=HF0013&ssn=1&y=2011
434745,436,HF14,3,Enrolled,2011-07-20,"Special Session Pensions bill.","Special Session Pensions bill.",0,,2011-07-20,"Governor's action Approval",https://legiscan.com/MN/bill/HF14/2011/X1,https://www.revisor.mn.gov/revisor/pages/search_status/status_detail.php?b=House&f=HF0014&ssn=1&y=2011
434746,436,HF15,1,Introduced,2011-07-19,"Minneapolis; storm and tornado damaged areas within FEMA-1990-DR assistance provided, spending authorized to acquire and better public land and buildings and other improvements of a capital nature, bonds issued, and money appropriated.","Minneapolis; storm and tornado damaged areas within FEMA-1990-DR assistance provided, spending authorized to acquire and better public land and buildings and other improvements of a capital nature, bonds issued, and money appropriated.",0,,2011-07-19,"House: Introduction and first reading",https://legiscan.com/MN/bill/HF15/2011/X1,https://www.revisor.mn.gov/revisor/pages/search_status/status_detail.php?b=House&f=HF0015&ssn=1&y=2011
434747,436,HF16,1,Introduced,2011-07-19,"Officers of major political parties prohibited from being employed by the legislature.","Officers of major political parties prohibited from being employed by the legislature.",0,,2011-07-19,"House: Author added Hornstein",https://legiscan.com/MN/bill/HF16/2011/X1,https://www.revisor.mn.gov/revisor/pages/search_status/status_detail.php?b=House&f=HF0016&ssn=1&y=2011
434748,436,HF17,1,Introduced,2011-07-19,"State use of appropriation bonds prohibited and constitutional amendment proposed.","State use of appropriation bonds prohibited and constitutional amendment proposed.",0,,2011-07-19,"House: Author added Hornstein",https://legiscan.com/MN/bill/HF17/2011/X1,https://www.revisor.mn.gov/revisor/pages/search_status/status_detail.php?b=House&f=HF0017&ssn=1&y=2011
434749,436,HF18,1,Introduced,2011-07-19,"State Lottery director authorized to establish gaming machines, fee imposed on gaming machine revenue, and power and duties to the director provided.","State Lottery director authorized to establish gaming machines, fee imposed on gaming machine revenue, and power and duties to the director provided.",0,,2011-07-19,"House: Introduction and first reading",https://legiscan.com/MN/bill/HF18/2011/X1,https://www.revisor.mn.gov/revisor/pages/search_status/status_detail.php?b=House&f=HF0018&ssn=1&y=2011
434750,436,HF19,1,Introduced,2011-07-19,"State Lottery director authorized to establish gaming machines, gaming machine revenue fee imposed, and powers and duties provided to the director.","State Lottery director authorized to establish gaming machines, gaming machine revenue fee imposed, and powers and duties provided to the director.",0,,2011-07-19,"House: Introduction and first reading",https://legiscan.com/MN/bill/HF19/2011/X1,https://www.revisor.mn.gov/revisor/pages/search_status/status_detail.php?b=House&f=HF0019&ssn=1&y=2011
434751,436,HF20,3,Enrolled,2011-07-20,"Special Session Tax bill.","Special Session Tax bill.",0,,2011-07-20,"Governor's action Approval",https://legiscan.com/MN/bill/HF20/2011/X1,https://www.revisor.mn.gov/revisor/pages/search_status/status_detail.php?b=House&f=HF0020&ssn=1&y=2011
434752,436,HF21,1,Introduced,2011-07-19,"Legislators prohibited from receiving compensation during a period of government shutdown.","Legislators prohibited from receiving compensation during a period of government shutdown.",0,,2011-07-19,"House: Author added Hortman",https://legiscan.com/MN/bill/HF21/2011/X1,https://www.revisor.mn.gov/revisor/pages/search_status/status_detail.php?b=House&f=HF0021&ssn=1&y=2011
434753,436,HF22,1,Introduced,2011-07-19,"Civil and criminal penalties and citations prohibited for certain conduct when state agencies were not issuing required licenses and permits.","Civil and criminal penalties and citations prohibited for certain conduct when state agencies were not issuing required licenses and permits.",0,,2011-07-19,"House: Introduction and first reading",https://legiscan.com/MN/bill/HF22/2011/X1,https://www.revisor.mn.gov/revisor/pages/search_status/status_detail.php?b=House&f=HF0022&ssn=1&y=2011
434754,436,HF23,3,Enrolled,2011-07-20,"Special Session Bonding bill.","Special Session Bonding bill.",0,,2011-07-20,"Governor's action Approval",https://legiscan.com/MN/bill/HF23/2011/X1,https://www.revisor.mn.gov/revisor/pages/search_status/status_detail.php?b=House&f=HF0023&ssn=1&y=2011
434755,436,HF24,1,Introduced,2011-07-19,"Special Session Health and Human Services bill.","Special Session Health and Human Services bill.",0,,2011-07-19,"House: Introduction and first reading",https://legiscan.com/MN/bill/HF24/2011/X1,https://www.revisor.mn.gov/revisor/pages/search_status/status_detail.php?b=House&f=HF0024&ssn=1&y=2011
434756,436,HF25,3,Enrolled,2011-07-20,"Special Session Health and Human Services budget bill.","Special Session Health and Human Services budget bill.",0,,2011-07-20,"Governor's action Approval",https://legiscan.com/MN/bill/HF25/2011/X1,https://www.revisor.mn.gov/revisor/pages/search_status/status_detail.php?b=House&f=HF0025&ssn=1&y=2011
434757,436,HF26,3,Enrolled,2011-07-20,"Special Session Education bill.","Special Session Education bill.",0,,2011-07-20,"Governor's action Approval",https://legiscan.com/MN/bill/HF26/2011/X1,https://www.revisor.mn.gov/revisor/pages/search_status/status_detail.php?b=House&f=HF0026&ssn=1&y=2011
434758,436,HF27,1,Introduced,2011-07-19,"State Government Finance bill.","State Government Finance bill.",0,,2011-07-19,"House: Introduction and first reading",https://legiscan.com/MN/bill/HF27/2011/X1,https://www.revisor.mn.gov/revisor/pages/search_status/status_detail.php?b=House&f=HF0027&ssn=1&y=2011
434759,436,SF1,2,Engrossed,2011-07-19,"Judiciary and public safety omnibus bill","Judiciary and public safety omnibus bill",0,,2011-07-20,"Governor's action Approval",https://legiscan.com/MN/bill/SF1/2011/X1,https://www.revisor.mn.gov/revisor/pages/search_status/status_detail.php?b=Senate&f=SF0001&ssn=1&y=2011
434760,436,SF2,2,Engrossed,2011-07-19,"Jobs and economic growth omnibus bill","Jobs and economic growth omnibus bill",0,,2011-07-20,"Governor's action Approval",https://legiscan.com/MN/bill/SF2/2011/X1,https://www.revisor.mn.gov/revisor/pages/search_status/status_detail.php?b=Senate&f=SF0002&ssn=1&y=2011
434761,436,SF3,2,Engrossed,2011-07-19,"Environment, energy and commerce omnibus bill","Environment, energy and commerce omnibus bill",0,,2011-07-20,"Governor's action Approval",https://legiscan.com/MN/bill/SF3/2011/X1,https://www.revisor.mn.gov/revisor/pages/search_status/status_detail.php?b=Senate&f=SF0003&ssn=1&y=2011
434762,436,SF4,1,Introduced,2011-07-19,"Transportation omnibus bill","Transportation omnibus bill",0,,2011-07-19,"Senate: Laid on table",https://legiscan.com/MN/bill/SF4/2011/X1,https://www.revisor.mn.gov/revisor/pages/search_status/status_detail.php?b=Senate&f=SF0004&ssn=1&y=2011
434763,436,SF5,1,Introduced,2011-07-19,"Higher education omnibus bill","Higher education omnibus bill",0,,2011-07-19,"Senate: Laid on table",https://legiscan.com/MN/bill/SF5/2011/X1,https://www.revisor.mn.gov/revisor/pages/search_status/status_detail.php?b=Senate&f=SF0005&ssn=1&y=2011
434764,436,SF6,3,Enrolled,2011-07-20,"Legacy bill","Legacy bill",0,,2011-07-20,"Governor's action Approval",https://legiscan.com/MN/bill/SF6/2011/X1,https://www.revisor.mn.gov/revisor/pages/search_status/status_detail.php?b=Senate&f=SF0006&ssn=1&y=2011
434765,436,SF7,1,Introduced,2011-07-19,"Omnibus pensions bill","Omnibus pensions bill",0,,2011-07-19,"Senate: Introduction and first reading",https://legiscan.com/MN/bill/SF7/2011/X1,https://www.revisor.mn.gov/revisor/pages/search_status/status_detail.php?b=Senate&f=SF0007&ssn=1&y=2011
434766,436,SF8,1,Introduced,2011-07-19,"Omnibus tax bill","Omnibus tax bill",0,,2011-07-19,"Senate: Laid on table",https://legiscan.com/MN/bill/SF8/2011/X1,https://www.revisor.mn.gov/revisor/pages/search_status/status_detail.php?b=Senate&f=SF0008&ssn=1&y=2011
434767,436,SF9,1,Introduced,2011-07-19,"Omnibus bonding bill","Omnibus bonding bill",0,,2011-07-19,"Senate: Laid on table",https://legiscan.com/MN/bill/SF9/2011/X1,https://www.revisor.mn.gov/revisor/pages/search_status/status_detail.php?b=Senate&f=SF0009&ssn=1&y=2011
434768,436,SF10,1,Introduced,2011-07-19,"Health and human services omnibus bill","Health and human services omnibus bill",0,,2011-07-19,"Senate: Laid on table",https://legiscan.com/MN/bill/SF10/2011/X1,https://www.revisor.mn.gov/revisor/pages/search_status/status_detail.php?b=Senate&f=SF0010&ssn=1&y=2011
434769,436,SF11,1,Introduced,2011-07-19,"Education omnibus bill","Education omnibus bill",0,,2011-07-19,"Senate: Laid on table",https://legiscan.com/MN/bill/SF11/2011/X1,https://www.revisor.mn.gov/revisor/pages/search_status/status_detail.php?b=Senate&f=SF0011&ssn=1&y=2011
434770,436,SF12,3,Enrolled,2011-07-20,"State government, innovations and veterans omnibus bill","State government, innovations and veterans omnibus bill",0,,2011-07-20,"Governor's action Approval",https://legiscan.com/MN/bill/SF12/2011/X1,https://www.revisor.mn.gov/revisor/pages/search_status/status_detail.php?b=Senate&f=SF0012&ssn=1&y=2011
434771,436,SF13,1,Introduced,2011-07-19,"Budget negotiations open to the public requirement","Budget negotiations open to the public requirement",1750,"Senate Rules and Administration",2011-07-19,"Senate: Introduction and first reading",https://legiscan.com/MN/bill/SF13/2011/X1,https://www.revisor.mn.gov/revisor/pages/search_status/status_detail.php?b=Senate&f=SF0013&ssn=1&y=2011
434772,436,SF14,1,Introduced,2011-07-19,"Lottery facility gaming operations establishment","Lottery facility gaming operations establishment",1750,"Senate Rules and Administration",2011-07-19,"Senate: Introduction and first reading",https://legiscan.com/MN/bill/SF14/2011/X1,https://www.revisor.mn.gov/revisor/pages/search_status/status_detail.php?b=Senate&f=SF0014&ssn=1&y=2011
434773,436,SF15,1,Introduced,2011-07-19,"Passing on the right resulting in bodily injury or death penalties increase","Passing on the right resulting in bodily injury or death penalties increase",1750,"Senate Rules and Administration",2011-07-19,"Senate: Introduction and first reading",https://legiscan.com/MN/bill/SF15/2011/X1,https://www.revisor.mn.gov/revisor/pages/search_status/status_detail.php?b=Senate&f=SF0015&ssn=1&y=2011
434774,436,SF16,1,Introduced,2011-07-19,"Constitutional amendment to present photographic identification requirement ","Constitutional amendment to present photographic identification requirement ",1750,"Senate Rules and Administration",2011-07-19,"Senate: Introduction and first reading",https://legiscan.com/MN/bill/SF16/2011/X1,https://www.revisor.mn.gov/revisor/pages/search_status/status_detail.php?b=Senate&f=SF0016&ssn=1&y=2011
434775,436,SF17,1,Introduced,2011-07-19,"Minneapolis storm and tornado damaged areas assistance bond issue and appropriations ","Minneapolis storm and tornado damaged areas assistance bond issue and appropriations ",1750,"Senate Rules and Administration",2011-07-19,"Senate: Introduction and first reading",https://legiscan.com/MN/bill/SF17/2011/X1,https://www.revisor.mn.gov/revisor/pages/search_status/status_detail.php?b=Senate&f=SF0017&ssn=1&y=2011
434776,436,SF18,1,Introduced,2011-07-19,"Minneapolis Phillips community center bond issue and appropriation ","Minneapolis Phillips community center bond issue and appropriation ",1750,"Senate Rules and Administration",2011-07-19,"Senate: Introduction and first reading",https://legiscan.com/MN/bill/SF18/2011/X1,https://www.revisor.mn.gov/revisor/pages/search_status/status_detail.php?b=Senate&f=SF0018&ssn=1&y=2011
434777,436,SF19,1,Introduced,2011-07-19,"Minneapolis Heart of the Earth center bond issue and appropriation ","Minneapolis Heart of the Earth center bond issue and appropriation ",1750,"Senate Rules and Administration",2011-07-19,"Senate: Introduction and first reading",https://legiscan.com/MN/bill/SF19/2011/X1,https://www.revisor.mn.gov/revisor/pages/search_status/status_detail.php?b=Senate&f=SF0019&ssn=1&y=2011
434778,436,SF20,1,Introduced,2011-07-19,"African American History museum bond issue and appropriation ","African American History museum bond issue and appropriation ",1750,"Senate Rules and Administration",2011-07-19,"Senate: Introduction and first reading",https://legiscan.com/MN/bill/SF20/2011/X1,https://www.revisor.mn.gov/revisor/pages/search_status/status_detail.php?b=Senate&f=SF0020&ssn=1&y=2011
434779,436,SF21,1,Introduced,2011-07-19,"Racino and industry improvement fund","Racino and industry improvement fund",1750,"Senate Rules and Administration",2011-07-19,"Senate: Introduction and first reading",https://legiscan.com/MN/bill/SF21/2011/X1,https://www.revisor.mn.gov/revisor/pages/search_status/status_detail.php?b=Senate&f=SF0021&ssn=1&y=2011
434780,436,SR1,4,Passed,2011-07-19,"A Senate resolution relating to organization and operation of the Senate during the Special Session","A Senate resolution relating to organization and operation of the Senate during the Special Session",0,,2011-07-19,"Senate: Adopted",https://legiscan.com/MN/bill/SR1/2011/X1,https://www.revisor.mn.gov/revisor/pages/search_status/status_detail.php?b=Senate&f=SR0001&ssn=1&y=2011
434781,436,SR2,4,Passed,2011-07-19,"A Senate resolution relating to notifying the House of Representatives and the Governor that the Senate is organized","A Senate resolution relating to notifying the House of Representatives and the Governor that the Senate is organized",0,,2011-07-19,"Senate: Adopted (voice vote)",https://legiscan.com/MN/bill/SR2/2011/X1,https://www.revisor.mn.gov/revisor/pages/search_status/status_detail.php?b=Senate&f=SR0002&ssn=1&y=2011
434782,436,SR3,4,Passed,2011-07-19,"A Senate resolution relating to adjournment of the Special Session","A Senate resolution relating to adjournment of the Special Session",0,,2011-07-19,"Senate: Adopted (voice vote)",https://legiscan.com/MN/bill/SR3/2011/X1,https://www.revisor.mn.gov/revisor/pages/search_status/status_detail.php?b=Senate&f=SR0003&ssn=1&y=2011
