bill_id,document_id,document_type,document_size,document_mime,document_desc,url,state_link
434732,666252,text,158877,text/html,Introduced,https://legiscan.com/MN/text/HF1/id/666252,https://www.revisor.mn.gov/bin/getbill.php?number=HF1&version=0&session_year=2011&session_number=1
434732,666253,text,267470,text/html,Chaptered,https://legiscan.com/MN/text/HF1/id/666253,https://www.revisor.mn.gov/laws/?id=4&year=2011&type=1
434733,666254,text,184483,text/html,Introduced,https://legiscan.com/MN/text/HF2/id/666254,https://www.revisor.mn.gov/bin/getbill.php?number=HF2&version=0&session_year=2011&session_number=1
434733,666255,text,150143,text/html,Chaptered,https://legiscan.com/MN/text/HF2/id/666255,https://www.revisor.mn.gov/laws/?id=3&year=2011&type=1
434734,666256,text,346897,text/html,Introduced,https://legiscan.com/MN/text/HF3/id/666256,https://www.revisor.mn.gov/bin/getbill.php?number=HF3&version=0&session_year=2011&session_number=1
434735,666257,text,121154,text/html,Introduced,https://legiscan.com/MN/text/HF4/id/666257,https://www.revisor.mn.gov/bin/getbill.php?number=HF4&version=0&session_year=2011&session_number=1
434735,666258,text,98878,text/html,Chaptered,https://legiscan.com/MN/text/HF4/id/666258,https://www.revisor.mn.gov/laws/?id=5&year=2011&type=1
434736,666259,text,619430,text/html,Introduced,https://legiscan.com/MN/text/HF5/id/666259,https://www.revisor.mn.gov/bin/getbill.php?number=HF5&version=0&session_year=2011&session_number=1
434737,666260,text,425188,text/html,Introduced,https://legiscan.com/MN/text/HF6/id/666260,https://www.revisor.mn.gov/bin/getbill.php?number=HF6&version=0&session_year=2011&session_number=1
434738,666261,text,3070,text/html,Introduced,https://legiscan.com/MN/text/HF7/id/666261,https://www.revisor.mn.gov/bin/getbill.php?number=HF7&version=0&session_year=2011&session_number=1
434739,666262,text,2851,text/html,Introduced,https://legiscan.com/MN/text/HF8/id/666262,https://www.revisor.mn.gov/bin/getbill.php?number=HF8&version=0&session_year=2011&session_number=1
434740,666263,text,13940,text/html,Introduced,https://legiscan.com/MN/text/HF9/id/666263,https://www.revisor.mn.gov/bin/getbill.php?number=HF9&version=0&session_year=2011&session_number=1
434741,666264,text,2990,text/html,Introduced,https://legiscan.com/MN/text/HF10/id/666264,https://www.revisor.mn.gov/bin/getbill.php?number=HF10&version=0&session_year=2011&session_number=1
434742,666265,text,2859,text/html,Introduced,https://legiscan.com/MN/text/HF11/id/666265,https://www.revisor.mn.gov/bin/getbill.php?number=HF11&version=0&session_year=2011&session_number=1
434743,666266,text,120498,text/html,Introduced,https://legiscan.com/MN/text/HF12/id/666266,https://www.revisor.mn.gov/bin/getbill.php?number=HF12&version=0&session_year=2011&session_number=1
434744,666267,text,4773,text/html,Introduced,https://legiscan.com/MN/text/HF13/id/666267,https://www.revisor.mn.gov/bin/getbill.php?number=HF13&version=0&session_year=2011&session_number=1
434745,666268,text,532560,text/html,Introduced,https://legiscan.com/MN/text/HF14/id/666268,https://www.revisor.mn.gov/bin/getbill.php?number=HF14&version=0&session_year=2011&session_number=1
434745,666269,text,427336,text/html,Chaptered,https://legiscan.com/MN/text/HF14/id/666269,https://www.revisor.mn.gov/laws/?id=8&year=2011&type=1
434746,666270,text,24109,text/html,Introduced,https://legiscan.com/MN/text/HF15/id/666270,https://www.revisor.mn.gov/bin/getbill.php?number=HF15&version=0&session_year=2011&session_number=1
434747,666271,text,2400,text/html,Introduced,https://legiscan.com/MN/text/HF16/id/666271,https://www.revisor.mn.gov/bin/getbill.php?number=HF16&version=0&session_year=2011&session_number=1
434748,666272,text,4201,text/html,Introduced,https://legiscan.com/MN/text/HF17/id/666272,https://www.revisor.mn.gov/bin/getbill.php?number=HF17&version=0&session_year=2011&session_number=1
434749,666273,text,46735,text/html,Introduced,https://legiscan.com/MN/text/HF18/id/666273,https://www.revisor.mn.gov/bin/getbill.php?number=HF18&version=0&session_year=2011&session_number=1
434750,666274,text,46735,text/html,Introduced,https://legiscan.com/MN/text/HF19/id/666274,https://www.revisor.mn.gov/bin/getbill.php?number=HF19&version=0&session_year=2011&session_number=1
434751,666275,text,643352,text/html,Introduced,https://legiscan.com/MN/text/HF20/id/666275,https://www.revisor.mn.gov/bin/getbill.php?number=HF20&version=0&session_year=2011&session_number=1
434751,666276,text,484489,text/html,Chaptered,https://legiscan.com/MN/text/HF20/id/666276,https://www.revisor.mn.gov/laws/?id=7&year=2011&type=1
434752,666277,text,3282,text/html,Introduced,https://legiscan.com/MN/text/HF21/id/666277,https://www.revisor.mn.gov/bin/getbill.php?number=HF21&version=0&session_year=2011&session_number=1
434753,666278,text,3563,text/html,Introduced,https://legiscan.com/MN/text/HF22/id/666278,https://www.revisor.mn.gov/bin/getbill.php?number=HF22&version=0&session_year=2011&session_number=1
434754,666279,text,249807,text/html,Introduced,https://legiscan.com/MN/text/HF23/id/666279,https://www.revisor.mn.gov/bin/getbill.php?number=HF23&version=0&session_year=2011&session_number=1
434754,666280,text,198928,text/html,Chaptered,https://legiscan.com/MN/text/HF23/id/666280,https://www.revisor.mn.gov/laws/?id=12&year=2011&type=1
434755,666281,text,1440356,text/html,Introduced,https://legiscan.com/MN/text/HF24/id/666281,https://www.revisor.mn.gov/bin/getbill.php?number=HF24&version=0&session_year=2011&session_number=1
434756,666282,text,1440102,text/html,Introduced,https://legiscan.com/MN/text/HF25/id/666282,https://www.revisor.mn.gov/bin/getbill.php?number=HF25&version=0&session_year=2011&session_number=1
434756,666283,text,1069864,text/html,Chaptered,https://legiscan.com/MN/text/HF25/id/666283,https://www.revisor.mn.gov/laws/?id=9&year=2011&type=1
434757,666284,text,771428,text/html,Introduced,https://legiscan.com/MN/text/HF26/id/666284,https://www.revisor.mn.gov/bin/getbill.php?number=HF26&version=0&session_year=2011&session_number=1
434757,666285,text,595029,text/html,Chaptered,https://legiscan.com/MN/text/HF26/id/666285,https://www.revisor.mn.gov/laws/?id=11&year=2011&type=1
434758,666286,text,328692,text/html,Introduced,https://legiscan.com/MN/text/HF27/id/666286,https://www.revisor.mn.gov/bin/getbill.php?number=HF27&version=0&session_year=2011&session_number=1
434759,666287,text,158877,text/html,Introduced,https://legiscan.com/MN/text/SF1/id/666287,https://www.revisor.mn.gov/bin/getbill.php?number=SF1&version=0&session_year=2011&session_number=1
434759,666288,text,123287,text/html,Chaptered,https://legiscan.com/MN/text/SF1/id/666288,https://www.revisor.mn.gov/laws/?id=1&year=2011&type=1
434760,666289,text,346897,text/html,Introduced,https://legiscan.com/MN/text/SF2/id/666289,https://www.revisor.mn.gov/bin/getbill.php?number=SF2&version=0&session_year=2011&session_number=1
434760,666290,text,267470,text/html,Chaptered,https://legiscan.com/MN/text/SF2/id/666290,https://www.revisor.mn.gov/laws/?id=4&year=2011&type=1
434761,666291,text,619430,text/html,Introduced,https://legiscan.com/MN/text/SF3/id/666291,https://www.revisor.mn.gov/bin/getbill.php?number=SF3&version=0&session_year=2011&session_number=1
434761,666292,text,461720,text/html,Chaptered,https://legiscan.com/MN/text/SF3/id/666292,https://www.revisor.mn.gov/laws/?id=2&year=2011&type=1
434762,666293,text,184483,text/html,Introduced,https://legiscan.com/MN/text/SF4/id/666293,https://www.revisor.mn.gov/bin/getbill.php?number=SF4&version=0&session_year=2011&session_number=1
434763,666294,text,121154,text/html,Introduced,https://legiscan.com/MN/text/SF5/id/666294,https://www.revisor.mn.gov/bin/getbill.php?number=SF5&version=0&session_year=2011&session_number=1
434764,666295,text,425188,text/html,Introduced,https://legiscan.com/MN/text/SF6/id/666295,https://www.revisor.mn.gov/bin/getbill.php?number=SF6&version=0&session_year=2011&session_number=1
434764,666296,text,306800,text/html,Chaptered,https://legiscan.com/MN/text/SF6/id/666296,https://www.revisor.mn.gov/laws/?id=6&year=2011&type=1
434765,666297,text,532560,text/html,Introduced,https://legiscan.com/MN/text/SF7/id/666297,https://www.revisor.mn.gov/bin/getbill.php?number=SF7&version=0&session_year=2011&session_number=1
434766,666298,text,643352,text/html,Introduced,https://legiscan.com/MN/text/SF8/id/666298,https://www.revisor.mn.gov/bin/getbill.php?number=SF8&version=0&session_year=2011&session_number=1
434767,666299,text,249807,text/html,Introduced,https://legiscan.com/MN/text/SF9/id/666299,https://www.revisor.mn.gov/bin/getbill.php?number=SF9&version=0&session_year=2011&session_number=1
434768,666300,text,1440102,text/html,Introduced,https://legiscan.com/MN/text/SF10/id/666300,https://www.revisor.mn.gov/bin/getbill.php?number=SF10&version=0&session_year=2011&session_number=1
434769,666301,text,771428,text/html,Introduced,https://legiscan.com/MN/text/SF11/id/666301,https://www.revisor.mn.gov/bin/getbill.php?number=SF11&version=0&session_year=2011&session_number=1
434770,666302,text,328692,text/html,Introduced,https://legiscan.com/MN/text/SF12/id/666302,https://www.revisor.mn.gov/bin/getbill.php?number=SF12&version=0&session_year=2011&session_number=1
434770,666303,text,260424,text/html,Chaptered,https://legiscan.com/MN/text/SF12/id/666303,https://www.revisor.mn.gov/laws/?id=10&year=2011&type=1
434771,666304,text,4773,text/html,Introduced,https://legiscan.com/MN/text/SF13/id/666304,https://www.revisor.mn.gov/bin/getbill.php?number=SF13&version=0&session_year=2011&session_number=1
434772,666305,text,120498,text/html,Introduced,https://legiscan.com/MN/text/SF14/id/666305,https://www.revisor.mn.gov/bin/getbill.php?number=SF14&version=0&session_year=2011&session_number=1
434773,666306,text,3251,text/html,Introduced,https://legiscan.com/MN/text/SF15/id/666306,https://www.revisor.mn.gov/bin/getbill.php?number=SF15&version=0&session_year=2011&session_number=1
434774,666307,text,5092,text/html,Introduced,https://legiscan.com/MN/text/SF16/id/666307,https://www.revisor.mn.gov/bin/getbill.php?number=SF16&version=0&session_year=2011&session_number=1
434775,666308,text,24109,text/html,Introduced,https://legiscan.com/MN/text/SF17/id/666308,https://www.revisor.mn.gov/bin/getbill.php?number=SF17&version=0&session_year=2011&session_number=1
434776,666309,text,2990,text/html,Introduced,https://legiscan.com/MN/text/SF18/id/666309,https://www.revisor.mn.gov/bin/getbill.php?number=SF18&version=0&session_year=2011&session_number=1
434777,666310,text,2851,text/html,Introduced,https://legiscan.com/MN/text/SF19/id/666310,https://www.revisor.mn.gov/bin/getbill.php?number=SF19&version=0&session_year=2011&session_number=1
434778,666311,text,2859,text/html,Introduced,https://legiscan.com/MN/text/SF20/id/666311,https://www.revisor.mn.gov/bin/getbill.php?number=SF20&version=0&session_year=2011&session_number=1
434779,666312,text,46735,text/html,Introduced,https://legiscan.com/MN/text/SF21/id/666312,https://www.revisor.mn.gov/bin/getbill.php?number=SF21&version=0&session_year=2011&session_number=1
434780,666313,text,2100,text/html,Draft,https://legiscan.com/MN/text/SR1/id/666313,https://www.revisor.mn.gov/bin/getbill.php?number=SR0001&session=ls87&version=latest&session_number=1&session_year=2011
434781,666314,text,1292,text/html,Draft,https://legiscan.com/MN/text/SR2/id/666314,https://www.revisor.mn.gov/bin/getbill.php?number=SR0002&session=ls87&version=latest&session_number=1&session_year=2011
434782,666315,text,1395,text/html,Draft,https://legiscan.com/MN/text/SR3/id/666315,https://www.revisor.mn.gov/bin/getbill.php?number=SR0003&session=ls87&version=latest&session_number=1&session_year=2011
