bill_id,date,chamber,sequence,action
434732,2011-07-19,,1,"House: Introduction and first reading"
434733,2011-07-19,,1,"Presented to Governor"
434733,2011-07-19,,2,"Presentment date"
434733,2011-07-19,,3,"House: Rules suspended, urgency declared"
434733,2011-07-19,,4,"House: Second reading"
434733,2011-07-19,,5,"House: Third reading"
434733,2011-07-19,,6,"House: Bill was passed"
434733,2011-07-19,,7,"Senate: Received from House"
434733,2011-07-19,,8,"Senate: Introduction and first reading"
434733,2011-07-19,,9,"Senate: Urgency declared rules suspended"
434733,2011-07-19,,10,"Senate: Second reading"
434733,2011-07-19,,11,"Senate: Third reading Passed"
434733,2011-07-19,,12,"House: Returned from Senate"
434733,2011-07-19,,13,"House: Introduction and first reading"
434733,2011-07-20,,14,"Governor's action Approval"
434734,2011-07-19,,1,"House: Introduction and first reading"
434735,2011-07-19,,1,"Presented to Governor"
434735,2011-07-19,,2,"Presentment date"
434735,2011-07-19,,3,"House: Rules suspended, urgency declared"
434735,2011-07-19,,4,"House: Second reading"
434735,2011-07-19,,5,"House: Third reading"
434735,2011-07-19,,6,"House: Bill was passed"
434735,2011-07-19,,7,"Senate: Received from House"
434735,2011-07-19,,8,"Senate: Introduction and first reading"
434735,2011-07-19,,9,"Senate: Urgency declared rules suspended"
434735,2011-07-19,,10,"Senate: Second reading"
434735,2011-07-19,,11,"Senate: Third reading Passed"
434735,2011-07-19,,12,"House: Returned from Senate"
434735,2011-07-19,,13,"House: Introduction and first reading"
434735,2011-07-20,,14,"Governor's action Approval"
434736,2011-07-19,,1,"House: Introduction and first reading"
434737,2011-07-19,,1,"House: Introduction and first reading"
434738,2011-07-19,,1,"House: Introduction and first reading"
434739,2011-07-19,,1,"House: Introduction and first reading"
434740,2011-07-19,,1,"House: Introduction and first reading"
434741,2011-07-19,,1,"House: Introduction and first reading"
434742,2011-07-19,,1,"House: Introduction and first reading"
434743,2011-07-19,,1,"House: Introduction and first reading"
434744,2011-07-19,,1,"House: Author added Scalze"
434744,2011-07-19,,2,"House: Introduction and first reading"
434745,2011-07-19,,1,"Senate: Received from House"
434745,2011-07-19,,2,"Senate: Introduction and first reading"
434745,2011-07-19,,3,"Senate: Urgency declared rules suspended"
434745,2011-07-19,,4,"Senate: Second reading"
434745,2011-07-19,,5,"Senate: Third reading Passed"
434745,2011-07-19,,6,"House: Rules suspended, urgency declared"
434745,2011-07-19,,7,"House: Second reading"
434745,2011-07-19,,8,"House: Third reading"
434745,2011-07-19,,9,"House: Bill was passed"
434745,2011-07-19,,10,"House: Returned from Senate"
434745,2011-07-19,,11,"House: Authors added Kahn; Murphy, M.; Smith"
434745,2011-07-19,,12,"House: Introduction and first reading"
434745,2011-07-20,,13,"Presented to Governor"
434745,2011-07-20,,14,"Presentment date"
434745,2011-07-20,,15,"Governor's action Approval"
434746,2011-07-19,,1,"House: Introduction and first reading"
434747,2011-07-19,,1,"House: Introduction and first reading"
434747,2011-07-19,,2,"House: Author added Hornstein"
434748,2011-07-19,,1,"House: Introduction and first reading"
434748,2011-07-19,,2,"House: Author added Hornstein"
434749,2011-07-19,,1,"House: Introduction and first reading"
434750,2011-07-19,,1,"House: Introduction and first reading"
434751,2011-07-19,,1,"House: Introduction and first reading"
434751,2011-07-19,,2,"House: Rules suspended, urgency declared"
434751,2011-07-19,,3,"House: Second reading"
434751,2011-07-19,,4,"House: Third reading"
434751,2011-07-19,,5,"House: Bill was passed"
434751,2011-07-19,,6,"Senate: Received from House"
434751,2011-07-19,,7,"Senate: Introduction and first reading"
434751,2011-07-19,,8,"Senate: Urgency declared rules suspended"
434751,2011-07-19,,9,"Senate: Second reading"
434751,2011-07-19,,10,"Senate: Third reading Passed"
434751,2011-07-19,,11,"House: Returned from Senate"
434751,2011-07-19,,12,"House: Author added Runbeck"
434751,2011-07-20,,13,"Presented to Governor"
434751,2011-07-20,,14,"Presentment date"
434751,2011-07-20,,15,"Governor's action Approval"
434752,2011-07-19,,1,"House: Introduction and first reading"
434752,2011-07-19,,2,"House: Author added Hortman"
434753,2011-07-19,,1,"House: Introduction and first reading"
434754,2011-07-19,,1,"House: Introduction and first reading"
434754,2011-07-19,,2,"House: Rules suspended, urgency declared"
434754,2011-07-19,,3,"House: Second reading"
434754,2011-07-19,,4,"House: Third reading"
434754,2011-07-19,,5,"House: Bill was passed"
434754,2011-07-19,,6,"Senate: Received from House"
434754,2011-07-19,,7,"Senate: Introduction and first reading"
434754,2011-07-19,,8,"Senate: Urgency declared rules suspended"
434754,2011-07-19,,9,"Senate: Second reading"
434754,2011-07-19,,10,"Senate: Third reading Passed"
434754,2011-07-19,,11,"House: Authors added Hansen, Poppe"
434754,2011-07-19,,12,"House: Returned from Senate"
434754,2011-07-20,,13,"Presented to Governor"
434754,2011-07-20,,14,"Presentment date"
434754,2011-07-20,,15,"Governor's action Approval"
434755,2011-07-19,,1,"House: Introduction and first reading"
434756,2011-07-19,,1,"Senate: Received from House"
434756,2011-07-19,,2,"Senate: Introduction and first reading"
434756,2011-07-19,,3,"Senate: Urgency declared rules suspended"
434756,2011-07-19,,4,"Senate: Second reading"
434756,2011-07-19,,5,"Senate: Third reading Passed"
434756,2011-07-19,,6,"House: Introduction and first reading"
434756,2011-07-19,,7,"House: Rules suspended, urgency declared"
434756,2011-07-19,,8,"House: Second reading"
434756,2011-07-19,,9,"House: Third reading"
434756,2011-07-19,,10,"House: Bill was passed"
434756,2011-07-19,,11,"House: Returned from Senate"
434756,2011-07-20,,12,"Presented to Governor"
434756,2011-07-20,,13,"Presentment date"
434756,2011-07-20,,14,"Governor's action Approval"
434757,2011-07-19,,1,"House: Introduction and first reading"
434757,2011-07-19,,2,"Senate: Received from House"
434757,2011-07-19,,3,"House: Rules suspended, urgency declared"
434757,2011-07-19,,4,"House: Second reading"
434757,2011-07-19,,5,"House: Third reading"
434757,2011-07-19,,6,"House: Bill was passed"
434757,2011-07-19,,7,"Senate: Introduction and first reading"
434757,2011-07-19,,8,"Senate: Urgency declared rules suspended"
434757,2011-07-19,,9,"Senate: Second reading"
434757,2011-07-19,,10,"Senate: Third reading Passed"
434757,2011-07-19,,11,"House: Returned from Senate"
434757,2011-07-20,,12,"Presented to Governor"
434757,2011-07-20,,13,"Presentment date"
434757,2011-07-20,,14,"Governor's action Approval"
434758,2011-07-19,,1,"House: Introduction and first reading"
434759,2011-07-19,,1,"Senate: Urgency declared rules suspended"
434759,2011-07-19,,2,"Senate: Taken from table"
434759,2011-07-19,,3,"Senate: Second reading"
434759,2011-07-19,,4,"Senate: Third reading Passed"
434759,2011-07-19,,5,"House: Received from Senate"
434759,2011-07-19,,6,"House: Senate file first reading"
434759,2011-07-19,,7,"House: Rules suspended, urgency declared"
434759,2011-07-19,,8,"House: Second reading"
434759,2011-07-19,,9,"House: Third reading"
434759,2011-07-19,,10,"House: Bill was passed"
434759,2011-07-19,,11,"Senate: Returned from House"
434759,2011-07-19,,12,"Senate: Introduction and first reading"
434759,2011-07-19,,13,"Senate: Laid on table"
434759,2011-07-20,,14,"Governor's action Approval"
434760,2011-07-19,,1,"Senate: Urgency declared rules suspended"
434760,2011-07-19,,2,"Senate: Taken from table"
434760,2011-07-19,,3,"Senate: Second reading"
434760,2011-07-19,,4,"Senate: Third reading Passed"
434760,2011-07-19,,5,"House: Received from Senate"
434760,2011-07-19,,6,"House: Senate file first reading"
434760,2011-07-19,,7,"House: Rules suspended, urgency declared"
434760,2011-07-19,,8,"House: Second reading"
434760,2011-07-19,,9,"House: Third reading"
434760,2011-07-19,,10,"House: Bill was passed"
434760,2011-07-19,,11,"Senate: Returned from House"
434760,2011-07-19,,12,"Senate: Introduction and first reading"
434760,2011-07-19,,13,"Senate: Laid on table"
434760,2011-07-20,,14,"Governor's action Approval"
434761,2011-07-19,,1,"Senate: Urgency declared rules suspended"
434761,2011-07-19,,2,"Senate: Taken from table"
434761,2011-07-19,,3,"Senate: Second reading"
434761,2011-07-19,,4,"Senate: Third reading Passed"
434761,2011-07-19,,5,"House: Received from Senate"
434761,2011-07-19,,6,"House: Senate file first reading"
434761,2011-07-19,,7,"House: Rules suspended, urgency declared"
434761,2011-07-19,,8,"House: Second reading"
434761,2011-07-19,,9,"House: Third reading"
434761,2011-07-19,,10,"House: Bill was passed"
434761,2011-07-19,,11,"Senate: Returned from House"
434761,2011-07-19,,12,"Senate: Introduction and first reading"
434761,2011-07-19,,13,"Senate: Laid on table"
434761,2011-07-20,,14,"Governor's action Approval"
434762,2011-07-19,,1,"Senate: Introduction and first reading"
434762,2011-07-19,,2,"Senate: Laid on table"
434763,2011-07-19,,1,"Senate: Introduction and first reading"
434763,2011-07-19,,2,"Senate: Laid on table"
434764,2011-07-19,,1,"Senate: Urgency declared rules suspended"
434764,2011-07-19,,2,"Senate: Taken from table"
434764,2011-07-19,,3,"Senate: Second reading"
434764,2011-07-19,,4,"Senate: Third reading Passed"
434764,2011-07-19,,5,"Senate: Returned from House"
434764,2011-07-19,,6,"House: Received from Senate"
434764,2011-07-19,,7,"House: Senate file first reading"
434764,2011-07-19,,8,"House: Rules suspended, urgency declared"
434764,2011-07-19,,9,"House: Second reading"
434764,2011-07-19,,10,"House: Third reading"
434764,2011-07-19,,11,"House: Bill was passed"
434764,2011-07-19,,12,"Senate: Introduction and first reading"
434764,2011-07-19,,13,"Senate: Laid on table"
434764,2011-07-20,,14,"Presentment date"
434764,2011-07-20,,15,"Presented to Governor"
434764,2011-07-20,,16,"Governor's action Approval"
434765,2011-07-19,,1,"Senate: Laid on table"
434765,2011-07-19,,2,"Senate: Introduction and first reading"
434766,2011-07-19,,1,"Senate: Introduction and first reading"
434766,2011-07-19,,2,"Senate: Laid on table"
434767,2011-07-19,,1,"Senate: Introduction and first reading"
434767,2011-07-19,,2,"Senate: Laid on table"
434768,2011-07-19,,1,"Senate: Introduction and first reading"
434768,2011-07-19,,2,"Senate: Laid on table"
434769,2011-07-19,,1,"Senate: Introduction and first reading"
434769,2011-07-19,,2,"Senate: Laid on table"
434770,2011-07-19,,1,"Senate: Urgency declared rules suspended"
434770,2011-07-19,,2,"Senate: Introduction and first reading"
434770,2011-07-19,,3,"Senate: Laid on table"
434770,2011-07-19,,4,"Senate: Taken from table"
434770,2011-07-19,,5,"Senate: Second reading"
434770,2011-07-19,,6,"Senate: Third reading Passed"
434770,2011-07-19,,7,"Senate: Returned from House"
434770,2011-07-19,,8,"House: Received from Senate"
434770,2011-07-19,,9,"House: Senate file first reading"
434770,2011-07-19,,10,"House: Rules suspended, urgency declared"
434770,2011-07-19,,11,"House: Second reading"
434770,2011-07-19,,12,"House: Third reading"
434770,2011-07-19,,13,"House: Bill was passed"
434770,2011-07-20,,14,"Presentment date"
434770,2011-07-20,,15,"Presented to Governor"
434770,2011-07-20,,16,"Governor's action Approval"
434771,2011-07-19,,1,"Senate: Referred to Rules and Administration"
434771,2011-07-19,,2,"Senate: Introduction and first reading"
434772,2011-07-19,,1,"Senate: Referred to Rules and Administration"
434772,2011-07-19,,2,"Senate: Introduction and first reading"
434773,2011-07-19,,1,"Senate: Referred to Rules and Administration"
434773,2011-07-19,,2,"Senate: Introduction and first reading"
434774,2011-07-19,,1,"Senate: Referred to Rules and Administration"
434774,2011-07-19,,2,"Senate: Introduction and first reading"
434775,2011-07-19,,1,"Senate: Referred to Rules and Administration"
434775,2011-07-19,,2,"Senate: Introduction and first reading"
434776,2011-07-19,,1,"Senate: Referred to Rules and Administration"
434776,2011-07-19,,2,"Senate: Introduction and first reading"
434777,2011-07-19,,1,"Senate: Referred to Rules and Administration"
434777,2011-07-19,,2,"Senate: Introduction and first reading"
434778,2011-07-19,,1,"Senate: Referred to Rules and Administration"
434778,2011-07-19,,2,"Senate: Introduction and first reading"
434779,2011-07-19,,1,"Senate: Referred to Rules and Administration"
434779,2011-07-19,,2,"Senate: Introduction and first reading"
434780,2011-07-19,,1,"Senate: Introduction"
434780,2011-07-19,,2,"Senate: Adopted"
434781,2011-07-19,,1,"Senate: Introduction"
434781,2011-07-19,,2,"Senate: Adopted (voice vote)"
434782,2011-07-19,,1,"Senate: Introduction"
434782,2011-07-19,,2,"Senate: Adopted (voice vote)"
