people_id,name,first_name,middle_name,last_name,suffix,nickname,party_id,party,role_id,role,district,followthemoney_eid,votesmart_id,opensecrets_id,ballotpedia,knowwho_pid,committee_id
6288,"Alice Hausman",Alice,,Hausman,,,1,D,1,Rep,HD-066A,6428142,3778,,Alice_Hausman,195954,0
6295,"Frank Hornstein",Frank,,Hornstein,,,1,D,1,Rep,HD-061A,338052,38589,,Frank_Hornstein,212973,0
6296,"Mary Murphy",Mary,,Murphy,,,1,D,1,Rep,HD-003B,6428480,3820,,Mary_Murphy_(Minnesota),195837,0
6300,"Jeff Hayden",Jeff,,Hayden,,,1,D,2,Sen,SD-062,6517840,109116,,Jeff_Hayden,271032,0
6301,"Erin Murphy",Erin,P.,Murphy,,,1,D,1,Rep,HD-064A,6517326,65842,,Erin_Murphy_(Minnesota),249338,0
6302,"Paul Thissen",Paul,C.,Thissen,,,1,D,1,Rep,HD-061B,13003043,38748,,Paul_Thissen,212974,0
6303,"Jeanne Poppe",Jeanne,E.,Poppe,,,1,D,1,Rep,HD-027B,6515650,38609,,Jeanne_Poppe,227790,0
6306,"Bobby Champion",Bobby,Joe,Champion,,,1,D,2,Sen,SD-059,13003030,109081,,Bobby_Joe_Champion,271019,0
6307,"Rick Hansen",Rick,,Hansen,,,1,D,1,Rep,HD-052A,13002934,38981,,Rick_Hansen_(Minnesota),227824,0
6310,"Mike Nelson",Mike,V.,Nelson,,,1,D,1,Rep,HD-040A,6515845,38885,,Michael_V._Nelson,212965,0
6315,"Jean Wagenius",Jean,,Wagenius,,,1,D,1,Rep,HD-063B,6428775,3869,,Jean_Wagenius,195949,0
6318,"Diane Loeffler",Diane,,Loeffler,,,1,D,1,Rep,HD-060A,6516985,38631,,Diane_Loeffler,227846,0
6321,"Leon Lillie",Leon,Michael,Lillie,,,1,D,1,Rep,HD-043B,13002960,38900,,Leon_Lillie,227842,0
6322,"Mindy Greiling",Mindy,,Greiling,,,1,D,1,Rep,HD-054A,6428117,3787,,Mindy_Greiling,195930,0
6323,"Terry Morrow",Terry,,Morrow,,,1,D,1,Rep,HD-019A,6517321,68742,,Terry_Morrow,424763,0
6324,"Carlos Mariani",Carlos,,Mariani,,,1,D,1,Rep,HD-065B,6428388,3801,,Carlos_Mariani,195953,0
6325,"Jim Davnie",Jim,,Davnie,,,1,D,1,Rep,HD-063A,6516035,54646,,Jim_Davnie,208320,0
6331,"Debra Hilstrom",Debra,,Hilstrom,,,1,D,1,Rep,HD-040B,6515854,54536,,Debra_Hilstrom,208310,0
6337,"Ryan Winkler",Ryan,P.,Winkler,,,1,D,1,Rep,HD-046A,6517453,67641,,Ryan_Winkler,249309,0
6340,"John Persell",John,,Persell,,,1,D,1,Rep,HD-005A,6517916,109088,,John_Persell,270866,0
6342,"Karen Clark",Karen,J.,Clark,,,1,D,1,Rep,HD-062A,6427991,3746,,Karen_Clark,195944,0
6344,"Melissa Hortman",Melissa,,Hortman,,,1,D,1,Rep,HD-036B,6462446,20295,,Melissa_Hortman,227836,0
6345,"Steve Gottwalt",Steve,,Gottwalt,,,2,R,1,Rep,HD-014A,13002816,66950,,Steve_Gottwalt,249261,0
6347,"Carolyn Laine",Carolyn,,Laine,,,1,D,2,Sen,SD-041,6517281,66645,,Carolyn_Laine,249312,0
6351,"Bob Gunther",Bob,,Gunther,,,2,R,1,Rep,HD-023A,6597674,13483,,Bob_Gunther,195875,0
6353,"Phyllis Kahn",Phyllis,,Kahn,,,1,D,1,Rep,HD-060B,6163807,3797,,Phyllis_Kahn,195941,0
6354,"Steve Smith",Steve,,Smith,,,2,R,1,Rep,HD-033A,13002906,3855,,Steve_Smith_(Minnesota),195891,0
6355,"Joe Mullery",Joe,,Mullery,,,1,D,1,Rep,HD-059A,6428470,13696,,Joe_Mullery,195939,0
6356,"Kathy Brynaert",Kathy,,Brynaert,,,1,D,1,Rep,HD-019B,6517506,68743,,Kathy_Brynaert,249267,0
6358,"Michael Paymar",Michael,,Paymar,,,1,D,1,Rep,HD-064B,6428551,13753,,Michael_Paymar,195951,0
6364,"Bev Scalze",Bev,,Scalze,,,1,D,2,Sen,SD-042,13003014,38852,,Bev_Scalze,227840,0
6368,"Mary Kiffmeyer",Mary,E.,Kiffmeyer,,,2,R,2,Sen,SD-030,6598154,2078,,Mary_Kiffmeyer,218920,0
6370,"Dean Urdahl",Dean,,Urdahl,,,2,R,1,Rep,HD-018A,6597622,38738,,Dean_Urdahl,212938,0
6373,"Rod Hamilton",Rod,,Hamilton,,,2,R,1,Rep,HD-022B,6666071,38507,,Rod_Hamilton,227777,0
6374,"Paul Torkelson",Paul,,Torkelson,,,2,R,1,Rep,HD-016B,6678649,109197,,Paul_Torkelson,270918,0
6375,"Bud Nornes",Bud,,Nornes,,,2,R,1,Rep,HD-008A,6597529,13437,,Bud_Nornes,195841,0
6378,"Carol McFarlane",Carol,,McFarlane,,,2,R,1,Rep,HD-053B,6673021,66660,,Carol_McFarlane,249326,0
6379,"Dennis McNamara",Dennis,,McNamara,,Denny,2,R,1,Rep,HD-054B,6598043,38580,,Denny_McNamara,212971,0
6380,"Ann Lenczewski",Ann,,Lenczewski,,,1,D,1,Rep,HD-050B,6515781,20315,,Ann_Lenczewski,195904,0
6382,"Joyce Peppin",Joyce,,Peppin,,,2,R,1,Rep,HD-034A,6666112,38825,,Joyce_Peppin,227810,0
6385,"Morrie Lanning",Morrie,,Lanning,,,2,R,1,Rep,HD-009A,6597516,38887,,Morrie_Lanning,212933,0
6390,"Pat Garofalo",Pat,,Garofalo,,,2,R,1,Rep,HD-058B,6666056,38499,,Pat_Garofalo,227821,0
6392,"Gregory Davids",Gregory,M.,Davids,,Greg,2,R,1,Rep,HD-028B,13002881,3761,,Greg_Davids,195885,0
6393,"Michael Beard",Michael,,Beard,,,2,R,1,Rep,HD-055A,6597836,38756,,Michael_Beard,212953,0
6394,"Mark Murdock",Mark,,Murdock,,,2,R,1,Rep,HD-010B,6678610,109155,,Mark_Murdock,270888,0
6398,"Joe Hoppe",Joe,,Hoppe,,,2,R,1,Rep,HD-047B,6597827,38902,,Joe_Hoppe,212952,0
6408,"Jim Abeler",Jim,J.,Abeler,,,2,R,2,Sen,SD-035,6597958,20208,,Jim_Abeler,195846,0
6410,"Jenifer Loon",Jenifer,,Loon,,,2,R,1,Rep,HD-048B,13002951,109180,,Jenifer_Loon,270971,0
6411,"Larry Howes",Larry,,Howes,,,2,R,1,Rep,HD-004B,6597490,20254,,Larry_Howes,195830,0
6414,"Doug Magnus",Doug,,Magnus,,,2,R,2,Sen,SD-022,6597655,38792,,Doug_Magnus,212944,0
6415,"Tom Hackbarth",Tom,,Hackbarth,,,2,R,1,Rep,HD-031B,13002897,3779,,Tom_Hackbarth,195922,0
6416,"Tony Cornish",Tony,,Cornish,,,2,R,1,Rep,HD-023B,13002856,38575,,Tony_Cornish,212945,0
6425,"Keith Langseth",Keith,,Langseth,,,1,D,2,Sen,SD-009,13012368,3904,,Keith_Langseth,195764,0
6426,"Linda Berglin",Linda,,Berglin,,,1,D,2,Sen,SD-061,6427913,3881,,Linda_Berglin,195816,0
6432,"James Metzen",James,P,Metzen,,,1,D,2,Sen,SD-052,6428438,3911,,James_Metzen,195794,0
6433,"Daniel Sparks",Daniel,,Sparks,,Dan,1,D,2,Sen,SD-027,6485403,38471,,Dan_Sparks_(Minnesota),212985,0
6444,"John Marty",John,J.,Marty,,,1,D,2,Sen,SD-066,6428402,3909,,John_Marty,195809,0
6447,"James Carlson",James,,Carlson,,Jim,1,D,2,Sen,SD-051,6516817,38829,,Jim_Carlson,249358,0
6450,"Gen Olson",Gen,,Olson,,,2,R,2,Sen,SD-033,12996951,3919,,Gen_Olson,195789,0
6456,"Amy Koch",Amy,T,Koch,,,2,R,2,Sen,SD-019,13012391,38649,,Amy_Koch,241922,0
6458,"Warren Limmer",Warren,,Limmer,,,2,R,2,Sen,SD-034,13012418,3908,,Warren_Limmer,195788,0
6460,"Geoffrey Michel",Geoffrey,,Michel,,Geoff,2,R,2,Sen,SD-041,6597347,38934,,Geoff_Michel,212989,0
6463,"William Ingebrigtsen",William,G.,Ingebrigtsen,,Bill,2,R,2,Sen,SD-008,13012366,67041,,Bill_Ingebrigtsen,249346,0
6464,"David Hann",David,W,Hann,,,2,R,2,Sen,SD-048,13012435,38741,,David_Hann,212990,0
6465,"David Senjem",David,H,Senjem,,,2,R,2,Sen,SD-025,6597291,38497,,David_Senjem,212986,0
6466,"Thomas Bakk",Thomas,M,Bakk,,Tom,1,D,2,Sen,SD-003,6427897,3749,,Thomas_Bakk,212979,0
6469,"Linda Higgins",Linda,,Higgins,,,1,D,2,Sen,SD-058,13012468,13255,,Linda_Higgins,195813,0
6470,"Julie Rosen",Julie,A,Rosen,,,2,R,2,Sen,SD-023,6597268,38540,,Julie_Rosen,212984,0
6472,"Chris Gerlach",Chris,,Gerlach,,,2,R,2,Sen,SD-037,6597853,20283,,Chris_Gerlach,195895,0
6473,"Sondra Erickson",Sondra,,Erickson,,,2,R,1,Rep,HD-015A,6597584,2089,,Sondra_Erickson,195857,0
6474,"Michelle Fischbach",Michelle,L,Fischbach,,,2,R,2,Sen,SD-013,13012379,3882,,Michelle_Fischbach,195769,0
6479,"Joseph Gimse",Joseph,,Gimse,,Joe,2,R,2,Sen,SD-013,6631823,20221,,Joe_Gimse,250678,0
6483,"Sandra Pappas",Sandra,L,Pappas,,,1,D,2,Sen,SD-065,6428546,3921,,Sandra_Pappas,195820,0
6488,"Lawrence Pogemiller",Lawrence,J,Pogemiller,,,1,D,2,Sen,SD-059,6428585,3924,,Lawrence_Pogemiller,195814,0
6490,"Julianne Ortman",Julianne,,Ortman,,,2,R,2,Sen,SD-047,6597314,38935,,Julianne_Ortman,212987,0
6491,"Mike Parry",Mike,,Parry,,,2,R,2,Sen,SD-026,6694668,117855,,Mike_Parry,283994,0
10502,"Kurt Daudt",Kurt,,Daudt,,,2,R,1,Rep,HD-031A,2745155,88185,,Kurt_Daudt,299246,0
10506,"Kelby Woodard",Kelby,,Woodard,,,2,R,1,Rep,HD-020A,13002846,123211,,Kelby_Woodard,299681,0
10507,"John Kriesel",John,,Kriesel,,,2,R,1,Rep,HD-057A,6694512,123335,,John_Kriesel,299274,0
10515,"Chris Swedzinski",Chris,,Swedzinski,,,2,R,1,Rep,HD-016A,6694353,123175,,Chris_Swedzinski,221055,0
10516,"Rich Murray",Rich,,Murray,,,2,R,1,Rep,HD-027A,6694388,123221,,Rich_Murray,299638,0
10518,"Andrea Kieffer",Andrea,,Kieffer,,,2,R,1,Rep,HD-053B,13003010,123327,,Andrea_Kieffer,299612,0
10519,"Kathy Lohmer",Kathy,,Lohmer,,,2,R,1,Rep,HD-039B,6678590,109288,,Kathy_Lohmer,299282,0
10521,"Carolyn McElfatrick",Carolyn,J.,McElfatrick,,,2,R,1,Rep,HD-003B,6678603,109069,,Carolyn_McElfatrick,299289,0
10525,"Rena Moran",Rena,,Moran,,,1,D,1,Rep,HD-065A,6518228,123361,,Rena_Moran,299635,0
10526,"Marion Greene",Marion,C.,Greene,,,1,D,1,Rep,HD-060A,6518219,123348,,Marion_Greene,299582,0
10527,"Linda Runbeck",Linda,,Runbeck,,,2,R,1,Rep,HD-038A,13002927,3930,,Linda_Runbeck,195808,0
10531,"Al DeKruif",Al,,DeKruif,,,2,R,2,Sen,SD-025,6694663,122984,,Al_DeKruif,299247,0
10532,"Sean Nienow",Sean,R,Nienow,,,2,R,2,Sen,SD-032,13012388,38498,,Sean_Nienow,212982,0
10533,"Paul Gazelka",Paul,E,Gazelka,,,2,R,2,Sen,SD-009,6666062,38621,,Paul_Gazelka,227760,0
10534,"Dan Hall",Dan,D,Hall,,,2,R,2,Sen,SD-056,6694700,123001,,Dan_Hall,299588,0
10535,"Ted Lillie",Ted,H.,Lillie,,,2,R,2,Sen,SD-056,6694744,123020,,Ted_Lillie,299627,0
10536,"Michelle Benson",Michelle,,Benson,,,2,R,2,Sen,SD-031,13012417,123011,,Michelle_Benson,299547,0
10537,"Dave Brown",Dave,,Brown,,,2,R,2,Sen,SD-015,13012384,122972,,Dave_Brown_(Minnesota),299559,0
10539,"Benjamin Kruse",Benjamin,A,Kruse,,,2,R,2,Sen,SD-047,6694724,123008,,Benjamin_Kruse,299618,0
10864,"Roger Chamberlain",Roger,C,Chamberlain,,,2,R,2,Sen,SD-038,6694735,123016,,Roger_Chamberlain,299562,0
10865,"Dave Thompson",Dave,,Thompson,,,2,R,2,Sen,SD-058,13012427,122997,,Dave_Thompson,299672,0
10866,"John Hoffman",John,A.,Hoffman,,,1,D,2,Sen,SD-036,12745973,140901,,John_Hoffman_(Minnesota),424303,0
10867,"John Howe",John,S.,Howe,,,2,R,2,Sen,SD-028,13012398,122990,,John_Howe_(Minnesota),299601,0
10869,"Gary Dahms",Gary,H,Dahms,,,2,R,2,Sen,SD-016,13012387,111351,,Gary_Dahms,299245,0
10870,"Carla Nelson",Carla,J.,Nelson,,,2,R,2,Sen,SD-026,13002891,38565,,Carla_Nelson,212950,0
10872,"Theodore Daley",Theodore,J.,Daley,,Ted,2,R,2,Sen,SD-038,6694689,122999,,Ted_Daley,299568,0
10873,"John Pederson",John,C,Pederson,,,2,R,2,Sen,SD-014,6694636,76245,,John_Pederson_(Minnesota),299649,0
10874,"Jeremy Miller",Jeremy,,Miller,,,2,R,2,Sen,SD-028,10885453,136730,,Jeremy_Miller_(Minnesota),299890,0
10946,"Kerry Gauthier",Kerry,,Gauthier,,,1,D,1,Rep,HD-007B,6518023,123087,,Kerry_Gauthier,299579,0
11147,"Scott Newman",Scott,J,Newman,,,2,R,2,Sen,SD-018,6666103,2093,,Scott_Newman,222794,0
11476,"Pam Wolf",Pam,,Wolf,,,2,R,2,Sen,SD-051,6666162,38842,,Pam_Wolf,299680,0
12478,"Carly Melin",Carly,,Melin,,,1,D,1,Rep,HD-006A,13002777,128765,,Carly_Melin,332043,0
13068,"Mary Jo McGuire","Mary Jo",,McGuire,,,1,D,2,Sen,SD-066,6428415,3821,,Mary_Jo_McGuire,195931,0
