bill_id,session_id,bill_number,status,status_desc,status_date,title,description,committee_id,committee,last_action_date,last_action,url,state_link
1371326,1752,HB4201,4,Passed,2020-07-07,"Relating to the use of force by police officers; and declaring an emergency.","Establishes Joint Committee on Transparent Policing and Use of Force Reform. Requires law enforcement agency to notify Attorney General when police officer uses physical force resulting in death or qualifying physical injury. Requires Attorney General to appoint special investigator to lead investigation upon receipt of notification. Directs Attorney General to prosecute violations of law related to use of physical force. Directs Attorney General to release reports from investigation if criminal proceedings are not initiated.] Establishes Joint Committee on Transparent Policing and Use of Force Reform. Directs committee to examine policies related to use of force and transparency in policing and recommend legislation to committees of Legislative Assembly related to judiciary on or before December 31, 2020. Sunsets committee on December 31, 2020. Declares emergency, effective on passage.",0,,2020-07-07,"Chapter 1, (2020 Laws): Effective date June 30, 2020.",https://legiscan.com/OR/bill/HB4201/2020/X1,https://olis.oregonlegislature.gov/liz/2020S1/Measures/Overview/HB4201
1371312,1752,HB4202,4,Passed,2020-07-07,"Relating to taxation; and prescribing an effective date.","Modifies administrative provisions of corporate activity tax. Modifies administrative provisions of corporate activity tax. Exempts from taxation certain sales of milk and manufactured dwelling park nonprofit cooperatives. Allows unitary group taxpayer to exclude members lacking ties to state. Defines ""cost inputs"" for taxpayer engaged in farming operation, for purpose of calculating subtraction. Establishes methods for taxpayer engaged in farming operation to demonstrate percentage of goods sold in state compared to outside state for purposes of determining commercial activity. Specifies that taxpayer is required to register only one time. Provides that returns and allowances are allowed as offset against commercial activity in year that returns or allowances are made. Prescribes methods for apportionment of subtraction. Establishes penalties for failure to file annual return or failure to pay tax by due date of annual return. Requires minimum payment per quarter but bars penalty if taxpayer makes payment equal to required installment for corresponding quarter of prior year. Applies to tax years beginning on or after January 1, 2020. Takes effect on 91st day following adjournment sine die.",0,,2020-07-07,"Chapter 2, (2020 Laws): Effective date September 25, 2020.",https://legiscan.com/OR/bill/HB4202/2020/X1,https://olis.oregonlegislature.gov/liz/2020S1/Measures/Overview/HB4202
1371311,1752,HB4203,4,Passed,2020-07-07,"Relating to use of force by peace officers; and declaring an emergency.","Provides that peace officer may not use force that impedes normal breathing or circulation of blood of another person by applying pressure on throat or neck, unless peace officer may use deadly physical force. Provides that peace officer may not use force that limits ability of person to breathe, including but not limited to choke holds] impedes normal breathing or circulation of blood of another person by applying pressure on throat or neck, unless peace officer may use deadly physical force. Directs Board on Public Safety Standards and Training to adopt rules prohibiting training of police officers and reserve officers to use force that impedes normal breathing or circulation of blood of another person by applying pressure on throat or neck, except as defensive maneuver. Declares emergency, effective on passage.",0,,2020-07-07,"Chapter 3, (2020 Laws): Effective date June 30, 2020.",https://legiscan.com/OR/bill/HB4203/2020/X1,https://olis.oregonlegislature.gov/liz/2020S1/Measures/Overview/HB4203
1371306,1752,HB4204,4,Passed,2020-07-07,"Relating to strategies to protect Oregonians from the effects of the COVID-19 pandemic; and declaring an emergency.","Establishes temporary limitations on lenders being able to enforce default remedies on obligations secured by mortgages, trust deeds, land sale contracts or other instruments. Establishes temporary limitations on lenders being able to enforce default remedies on obligations secured by mortgages, trust deeds, land sale contracts or other instruments. Provides for certain exemptions. Requires lenders to defer payments if lender and borrower do not otherwise agree on loan mitigation, deferral or other foreclosure avoidance measure and permits borrower to pay deferred amounts at end of loan term. Provides that lender may adjust escrow impound payment and take into account deficiencies or shortages that result from deferring borrower's payments. Requires borrower to provide notice to lenders if borrower cannot make periodic installment payment. Specifies notice requirements for residential and commercial borrowers. Prohibits lenders from collecting various fees, penalties and charges during emergency period and from undertaking specified practices. Requires courts to dismiss foreclosure proceedings brought during emergency period without prejudice. Permits borrower that suffers ascertainable loss of money or property because lender took prohibited action to bring action for actual damages. Requires lender to provide written notice to borrower of borrower's rights for accommodation under Act. Declares emergency, effective on passage.",0,,2020-07-07,"Chapter 4, (2020 Laws): Effective date June 30, 2020.",https://legiscan.com/OR/bill/HB4204/2020/X1,https://olis.oregonlegislature.gov/liz/2020S1/Measures/Overview/HB4204
1371322,1752,HB4205,4,Passed,2020-07-07,"Relating to duties of police officers regarding prohibited behavior; and declaring an emergency.","Requires police officer or reserve officer to intervene to prevent or stop another officer engaged in certain misconduct, unless intervening officer cannot intervene safely. Directs Department of Public Safety Standards and Training to adopt rules requiring police officer to intervene to stop another police officer from engaging in act that is unethical or that violates law, rules or policy. Directs department to adopt rules requiring police officer to report to appropriate authority when any police officer engages in act that is unethical or that violates law, rules or policy.] Requires police officer or reserve officer to intervene to prevent or stop another officer engaged in certain misconduct, unless intervening officer cannot intervene safely. Requires police officer or reserve officer who witnesses another officer engaged in certain misconduct to report misconduct to supervisor within 72 hours after witnessing misconduct. Prohibits discrimination or retaliation against officer who intervenes or reports as required. Directs Department of Public Safety Standards and Training to report annually to appropriate committee of Legislative Assembly on rules adopted by department to implement requirements. Declares emergency, effective on passage.",0,,2020-07-07,"Chapter 5, (2020 Laws): Effective date June 30, 2020.",https://legiscan.com/OR/bill/HB4205/2020/X1,https://olis.oregonlegislature.gov/liz/2020S1/Measures/Overview/HB4205
1371325,1752,HB4206,4,Passed,2020-07-07,"Relating to meat.","Authorizes State Department of Agriculture to adopt rules establishing program of state inspection for processing and sale of meat products from amenable species, including but not limited to cattle and sheep. Authorizes State Department of Agriculture to adopt rules establishing program of state inspection for processing and sale of meat products from amenable species, including but not limited to cattle and sheep. Authorizes department to adopt rules establishing program of state inspection for processing and sale of meat products from nonamenable species, as defined by department by rule. Provides that authorization excludes program for inspection for processing or sale of meat products from equines.",0,,2020-07-07,"Chapter 6, (2020 Laws): Effective date January 1, 2021.",https://legiscan.com/OR/bill/HB4206/2020/X1,https://olis.oregonlegislature.gov/liz/2020S1/Measures/Overview/HB4206
1371324,1752,HB4207,4,Passed,2020-07-07,"Relating to records of discipline of police officers; and declaring an emergency.","Directs Department of Public Safety Standards and Training to establish public statewide online database of suspensions and revocations of certifications of police officers. Directs Department of Public Safety Standards and Training to establish statewide database of police officer discipline records. Directs department to publish online information about disciplinary proceedings against police officers.] Directs Department of Public Safety Standards and Training to establish public statewide online database of suspensions and revocations of certifications of police officers. Directs department to submit annual report to appropriate committee of Legislative Assembly on complaints against police officers] database. Requires law enforcement agency, before extending offer of employment to police officer applicant, to request and review personnel records of applicant from law enforcement agencies that previously employed applicant. Requires law enforcement agencies to maintain and share personnel records. Limits liability of agency that complies with requirements. Requires department to deny application for training or deny, suspend or revoke certification of police officer based upon certain findings. Declares emergency, effective on passage.",0,,2020-07-07,"Chapter 7, (2020 Laws): Effective date June 30, 2020.",https://legiscan.com/OR/bill/HB4207/2020/X1,https://olis.oregonlegislature.gov/liz/2020S1/Measures/Overview/HB4207
1371323,1752,HB4208,4,Passed,2020-07-07,"Relating to the use of tools by law enforcement agencies; and declaring an emergency.","Prohibits law enforcement agencies from using tear gas for purposes of crowd control except in circumstances constituting riot. Prohibits law enforcement agencies from using tear gas or from using long range acoustic devices or sound cannons.] for purposes of crowd control except in circumstances constituting riot. Requires law enforcement agency to follow certain procedure when using tear gas in circumstances constituting riot. Declares emergency, effective on passage.",0,,2020-07-07,"Chapter 8, (2020 Laws): Effective date June 30, 2020.",https://legiscan.com/OR/bill/HB4208/2020/X1,https://olis.oregonlegislature.gov/liz/2020S1/Measures/Overview/HB4208
1371305,1752,HB4209,4,Passed,2020-07-07,"Relating to awarding moneys through programs in the eastern Oregon border region; and declaring an emergency.","Allows Eastern Oregon Border Economic Development Board to enter into agreement with third-party administrator to operate programs for awarding grants and making loans that enhance and expand workforce development and economic development in Eastern Oregon Border Economic Development Region. Allows Eastern Oregon Border Economic Development Board to enter into agreement with third-party administrator to operate programs for awarding grants and making loans that enhance and expand workforce development and economic development in Eastern Oregon Border Economic Development Region. Requires that board submit proposed agreement to Oregon Business Development Department for review. Declares emergency, effective on passage.",0,,2020-07-07,"Chapter 9, (2020 Laws): Effective date June 30, 2020.",https://legiscan.com/OR/bill/HB4209/2020/X1,https://olis.oregonlegislature.gov/liz/2020S1/Measures/Overview/HB4209
1371318,1752,HB4210,4,Passed,2020-07-07,"Relating to driving privileges; and declaring an emergency.","Repeals driving privilege suspension and eliminates imposition of driving privilege restrictions for failure to pay fine. Repeals driving privilege suspension and eliminates imposition of driving privilege restrictions for failure to pay fine. Becomes operative October 1, 2020. Authorizes Department of Transportation to take certain actions before operative date of Act. Declares emergency, effective on passage.",0,,2020-07-07,"Chapter 10, (2020 Laws): Effective date June 30, 2020.",https://legiscan.com/OR/bill/HB4210/2020/X1,https://olis.oregonlegislature.gov/liz/2020S1/Measures/Overview/HB4210
1371321,1752,HB4211,4,Passed,2020-07-07,"Relating to the Fund for Student Success; and declaring an emergency.","Clarifies timing of when Department of Education is required to make transfers from Fund for Student Success. Clarifies timing of when Department of Education is required to make transfers from Fund for Student Success. Declares emergency, effective on passage.",0,,2020-07-07,"Chapter 11, (2020 Laws): Effective date June 30, 2020.",https://legiscan.com/OR/bill/HB4211/2020/X1,https://olis.oregonlegislature.gov/liz/2020S1/Measures/Overview/HB4211
1371309,1752,HB4212,4,Passed,2020-07-07,"Relating to strategies to protect Oregonians from the effects of the COVID-19 pandemic; and declaring an emergency.","Authorizes governing bodies of public bodies, other than State of Oregon, to conduct all public meetings using telephone or video conferencing technology or through other electronic or virtual means. Authorizes governing bodies of public bodies, other than State of Oregon, to conduct all public meetings using telephone or video conferencing technology or through other electronic or virtual means. Requires public body, in cases in which governing body elects to conduct virtual public meeting, to supply means by which public can listen to or observe meeting. Provides exceptions. Modifies quorum requirements of local governing bodies to exclude members who are unable to attend because of illness due to COVID-19. Provides that recovery rebate payments made under Coronavirus Aid, Relief, and Economic Security Act (CARES Act) and deposited in debtor's account in financial institution are not subject to garnishment. Provides exceptions. Applies to garnishments issued on or before date 90 days after expiration of state of emergency declared March 8, 2020, and any extension of declaration] September 30, 2020. Authorizes Chief Justice of Supreme Court, during emergency period and for 60 days thereafter, and upon finding of good cause, to extend or suspend time period or time requirement in rule or statute in specified court proceedings. Authorizes presiding judge of circuit court to extend custody and postpone trials upon finding of good cause, and within specified limits. Authorizes Chief Justice to direct or permit electronic court appearances. Extends time to commence civil action or give notice of civil claim if expiration of time falls within emergency period or within 90 days after end of emergency period. Sunsets authority of judicial officers to modify time periods and other procedures on December 31, 2021. Requires local governments to allow siting of qualifying emergency shelters by qualifying entities notwithstanding land use laws. Removes certain limits on motor vehicle camping. Sunsets 90 days after taking effect. Directs Housing and Community Services Department to distribute fund moneys so as to provide energy bill payment assistance to low-income households, prioritizing low-income households affected by pandemic.] Temporarily allows notary public to perform notarial act using communication technology for remotely located individual under certain circumstances. Immunizes owner, officer, operator, employee or agent of isolation shelter, or public entity, from civil liability that is predicated on claim of illness, injury or death from COVID-19. Exempts from immunity conduct that constitutes gross negligence, malice or fraud, that is willful, intentional or reckless, that is criminal or that is unrelated to COVID-19.] Delays termination of enterprise zone that would otherwise terminate on June 30, 2020, to December 31, 2020. Authorizes redesignation of enterprise zone that terminates on December 31, 2020, on any date before January 1, 2021. Allows individual development accounts to be established for emergency savings. Requires Director of Department of Consumer and Business Services to adopt temporary and permanent rules establishing emergency temporary infectious disease standards.] Directs Oregon Health Authority to adopt rules regarding race and ethnicity data collection by health care providers. Allows physician assistant to perform services and provide patient care without first entering into practice agreement, subject to limitations, and streamlines certain requirements during emergency period. Declares emergency, effective on passage.",0,,2020-07-07,"Chapter 12, (2020 Laws): Effective date June 30, 2020.",https://legiscan.com/OR/bill/HB4212/2020/X1,https://olis.oregonlegislature.gov/liz/2020S1/Measures/Overview/HB4212
1371307,1752,HB4213,4,Passed,2020-07-07,"Relating to evictions; and declaring an emergency.","Prohibits during emergency period and grace period residential and commercial evictions for nonpayment during emergency period. Prohibits residential and commercial evictions under specified conditions during emergency period.] Prohibits during emergency period and grace period residential and commercial evictions for nonpayment during emergency period. Tolls statute of limitations for claims for residential nonpayment during emergency period and grace period. Prohibits residential evictions without cause during emergency period. Declares emergency, effective on passage.",0,,2020-07-07,"Chapter 13, (2020 Laws): Effective date June 30, 2020.",https://legiscan.com/OR/bill/HB4213/2020/X1,https://olis.oregonlegislature.gov/liz/2020S1/Measures/Overview/HB4213
1371522,1752,HB4214,4,Passed,2020-07-07,"Relating to Indian children.","Declares Oregon policy regarding Indian children. Declares Oregon policy regarding Indian children. Modifies Oregon child welfare laws regarding Indian children to reconcile with provisions of federal Indian Child Welfare Act.",0,,2020-07-07,"Chapter 14, (2020 Laws): Effective date January 1, 2021.",https://legiscan.com/OR/bill/HB4214/2020/X1,https://olis.oregonlegislature.gov/liz/2020S1/Measures/Overview/HB4214
1371315,1752,HB5211,6,Failed,2020-06-26,"Relating to state financial administration; declaring an emergency.","Appropriates moneys from General Fund to _____ for biennial expenses. Appropriates moneys from General Fund to _____ for biennial expenses. Limits biennial expenditures from fees, moneys or other revenues, including Miscellaneous Receipts, but excluding lottery funds and federal funds, collected or received by _______. Limits biennial expenditures of _____ from federal funds. Declares emergency, effective on passage.",0,,2020-06-26,"In committee upon adjournment.",https://legiscan.com/OR/bill/HB5211/2020/X1,https://olis.oregonlegislature.gov/liz/2020S1/Measures/Overview/HB5211
1371327,1752,HCR211,6,Failed,2020-06-26,"Adjourning sine die the 2020 special session of the Eightieth Legislative Assembly.","Adjourns sine die 2020 special session of Eightieth Legislative Assembly. Adjourns sine die 2020 special session of Eightieth Legislative Assembly.",0,,2020-06-26,"In committee upon adjournment.",https://legiscan.com/OR/bill/HCR211/2020/X1,https://olis.oregonlegislature.gov/liz/2020S1/Measures/Overview/HCR211
1371313,1752,HCR212,4,Passed,2020-06-30,"Establishing deadlines for presession-filed legislative measures for 2021 regular session.","Establishes deadlines for presession-filed legislative measures for 2021 regular session of Eighty-first Legislative Assembly. Establishes deadlines for presession-filed legislative measures for 2021 regular session of Eighty-first Legislative Assembly.",0,,2020-06-30,"Filed with Secretary of State.",https://legiscan.com/OR/bill/HCR212/2020/X1,https://olis.oregonlegislature.gov/liz/2020S1/Measures/Overview/HCR212
1371316,1752,SB1601,4,Passed,2020-07-13,"Relating to transportation; and declaring an emergency.","Upon passage, allows Statewide Transportation Improvement Fund moneys to be used to maintain existing public transportation services. Upon passage, allows Statewide Transportation Improvement Fund moneys to be used to maintain existing public transportation services. Merges Elderly and Disabled Transportation Fund with Statewide Transportation Improvement Fund. Repeals provisions related to Elderly and Disabled Transportation Fund and transfers moneys in Elderly and Disabled Transportation Fund to Statewide Transportation Improvement Fund. Specifies that moneys in Statewide Transportation Improvement Fund may not be used to supplant local and regional agency moneys directed to public transportation service providers. Allows use of moneys in fund to support program administration, fund projects of statewide significance and manage operation of public transportation services. Dedicates portion of formula distributions in fund to transit services for older adults and individuals with disabilities. Provides each qualified entity annual target amount and directs Oregon Transportation Commission to adjust target amount depending on rate of growth in fund. Becomes operative July 1, 2023. Imposes moratorium on issuing citations for certain traffic offenses beginning on March 1, 2020, and ending on December 31, 2020. Becomes operative on passage. Declares emergency, effective on passage.",0,,2020-07-13,"Effective date, July 7, 2020.",https://legiscan.com/OR/bill/SB1601/2020/X1,https://olis.oregonlegislature.gov/liz/2020S1/Measures/Overview/SB1601
1371320,1752,SB1602,4,Passed,2020-07-13,"Relating to forests; and declaring an emergency.","Requires Governor to facilitate mediation sessions between forest industry and environmental interest representatives. Requires Governor to facilitate mediation sessions between forest industry and environmental interest representatives. Identifies purposes and completion goal for, and provides for confidentiality of, mediation sessions. Requires joint legislative committee hearing during 2021 regular session regarding mediation process. Allows person to register with State Forestry Department to receive notice of pesticide applications by helicopter to forestland near person's residence or water intake used by person. Requires notice to department of proposed or imminent pesticide application by helicopter to forestland. Requires department to give notice of application to persons registered to receive notice. Requires notice to department upon completion or partial completion of pesticide application. Provides escalating penalties for failures to report. Caps penalties at $5,000 per day. Requires Pesticide Analytical and Response Center to accept requests from certain entities for records and data concerning pesticide application by helicopter to forestland. Imposes fine of $1,000 for pesticide operator failure to timely supply records or data. Prohibits interfering with pesticide application by helicopter to forestland. Makes violation subject to fine of $1,000 for first offense, or $5,000 for repeat offense, within five years. Prohibits pesticide application by helicopter to forestland in proximity to certain locations. Requires that certain rules apply in Siskiyou Georegion. Requires that inventoried points of diversion for water use qualifying for spray buffer be entered in department reporting system. Requires report to Legislative Assembly regarding inventory progress. Appropriates moneys to Office of Governor for biennium ending June 30, 2021, for paying expenses related to mediation sessions.] Appropriates moneys to State Forestry Department for biennium ending June 30, 2021, for department duties, functions and powers under Act with regard to private forests.] Increases limitation on expenditures for biennium ending June 30, 2021, by State Forestry Department for carrying out department duties, functions and powers under Act with regard to private forests.] Declares emergency, effective on passage.",0,,2020-07-13,"Effective date, July 7, 2020.",https://legiscan.com/OR/bill/SB1602/2020/X1,https://olis.oregonlegislature.gov/liz/2020S1/Measures/Overview/SB1602
1371310,1752,SB1603,4,Passed,2020-07-13,"Relating to the universal service fund; and prescribing an effective date.","Modifies definitions applicable for purposes of universal service surcharge. Modifies definitions applicable for purposes of universal service surcharge. Subjects sale of retail commercial mobile radio services and retail interconnected voice over internet protocol services to universal service surcharge. Reduces rate cap to six percent of sale of services subject to surcharge. Directs Public Utility Commission to transfer up to $5 million per year of moneys deposited in universal service fund to Broadband Fund. Establishes Broadband Fund. Continuously appropriates moneys in Broadband Fund to Oregon Business Development Department to provide grants and loans through, and to administer, program related to broadband. Directs department to adopt program for providing grants and loans by rule. Directs department to report annually to interim committee of Legislative Assembly related to telecommunications on status of Broadband Fund. Sunsets Broadband Fund, transfer of moneys from universal service fund to Broadband Fund and grant program on January 2, 2030. Becomes operative on January 1, 2021. Takes effect on 91st day following adjournment sine die.",0,,2020-07-13,"Effective date, September 25, 2020.",https://legiscan.com/OR/bill/SB1603/2020/X1,https://olis.oregonlegislature.gov/liz/2020S1/Measures/Overview/SB1603
1371317,1752,SB1604,4,Passed,2020-07-13,"Relating to arbitration awards; and declaring an emergency.","Restricts arbitration award from ordering disciplinary action that differs from disciplinary action imposed by law enforcement agency if arbitrator makes finding that misconduct occurred consistent with agency's finding of misconduct, and disciplinary action imposed by agency is consistent with provisions of discipline guide or discipline matrix adopted by agency as result of collective bargaining and incorporated into agency's disciplinary policies. Restricts arbitration award from ordering disciplinary action that differs from disciplinary action imposed by law enforcement agency if arbitrator makes finding that misconduct occurred consistent with agency's finding of misconduct, and disciplinary action imposed by agency is consistent with provisions of discipline guide or discipline matrix adopted by agency as result of collective bargaining and incorporated into agency's disciplinary policies. Specifies that for purposes of collective bargaining involving sworn law enforcement officers of law enforcement agency, ""employment relations"" includes development of discipline guide or discipline matrix. Declares emergency, effective on passage.",0,,2020-07-13,"Effective date, July 7, 2020.",https://legiscan.com/OR/bill/SB1604/2020/X1,https://olis.oregonlegislature.gov/liz/2020S1/Measures/Overview/SB1604
1371308,1752,SB1605,4,Passed,2020-07-13,"Relating to children; and declaring an emergency.","Modifies Oregon Promise program to extend eligibility to certain Oregon foster children who attain their highest level of education while in out-of-state placements. Modifies Oregon Promise program to extend eligibility to certain Oregon foster children who attain their highest level of education while in out-of-state placements. Temporarily permits Department of Human Services to close at screening reports of third party child abuse not involving child's parent or caregiver, member of child's household, person responsible for child's care, provider of child care or school employee, contractor, agent or volunteer. Directs department to report to interim committees of Legislative Assembly related to child welfare regarding reports closed at screening and to identify resources required to investigate all allegations of third party abuse. Sunsets March 31, 2021. Directs Department of Human Services to adopt rules allowing up to two family-based group homes to provide services to certain children. Directs department to report to interim committees of Legislative Assembly related to child welfare regarding success of placements in family-based group homes. Sunsets January 2, 2024. Prohibits placement of Oregon children in out-of-state child-caring agency unless child-caring agency is licensed by Department of Human Services. Establishes certain contract requirements and department duties regarding placements of children in out-of-state child-caring agencies. Delays operation of laws regarding placement of children in qualified residential treatment programs to December 1, 2020. Requires qualified residential treatment programs and psychiatric residential treatment programs to maintain site-specific accreditation from nationally recognized organization. Prohibits colocation of children and youth committed to custody of Oregon Youth Authority without court order. Declares emergency, effective July 1, 2020.",0,,2020-07-13,"Effective date, July 7, 2020.",https://legiscan.com/OR/bill/SB1605/2020/X1,https://olis.oregonlegislature.gov/liz/2020S1/Measures/Overview/SB1605
1371328,1752,SB1606,4,Passed,2020-07-13,"Relating to health care; and declaring an emergency.","Prohibits hospital from conditioning admission or treatment, or suggesting that treatment is conditioned, on patient having POLST or executing advance directive or other instruction regarding administration, withholding or withdrawing of life-sustaining procedures or artificially administered nutrition and hydration. Prohibits hospital from conditioning admission or treatment, or suggesting that treatment is conditioned, on patient having POLST or executing advance directive or other instruction regarding administration, withholding or withdrawing of life-sustaining procedures or artificially administered nutrition and hydration. Requires hospital to permit presence of support person for person with disability in emergency department and during hospital stay under specified conditions. Allows hospital to impose conditions to ensure safety of patient, support person and staff. Authorizes civil penalty or revocation or suspension of license] for violations of specified provisions. Requires health care provider to immediately notify state protection and advocacy organization if, during state of emergency or public health emergency, person acting on behalf of patient with intellectual or developmental disability authorizes withholding or withdrawing of life-sustaining procedures or artificially administered nutrition and hydration or transfer of patient to hospice care or if patient is denied services, care, equipment or treatment based on crisis care guidance.] Requires notification to Department of Human Services case manager, if any, and state protection and advocacy organization] before withholding or withdrawing from person with intellectual or developmental disability life-sustaining procedures or artificially administered nutrition and hydration during state of emergency or state of public health emergency]. Creates unlawful practice of denying medical treatment or restricting or limiting allocation of medical resources to protected class or based on patient's race, color, national origin, sex, sexual orientation, gender identity, age or disability.] Declares emergency, effective on passage.",0,,2020-07-13,"Effective date, July 7, 2020.",https://legiscan.com/OR/bill/SB1606/2020/X1,https://olis.oregonlegislature.gov/liz/2020S1/Measures/Overview/SB1606
1371319,1752,SB1607,4,Passed,2020-07-13,"Relating to State School Fund distributions; and declaring an emergency.","Extends for one year small school district grants and school district funding for foreign exchange students. Extends for one year small school district grants and school district funding for foreign exchange students. Declares emergency, effective on passage.",0,,2020-07-13,"Effective date, July 7, 2020.",https://legiscan.com/OR/bill/SB1607/2020/X1,https://olis.oregonlegislature.gov/liz/2020S1/Measures/Overview/SB1607
1371314,1752,SB5711,4,Passed,2020-07-13,"Relating to state financial administration; and declaring an emergency.","Appropriates moneys from General Fund to specified state agencies for certain biennial expenses. Appropriates moneys from General Fund to _____ for biennial expenses.] Limits biennial expenditures from fees, moneys or other revenues, including Miscellaneous Receipts, but excluding lottery funds and federal funds, collected or received by _______.] Limits biennial expenditures of _____ from federal funds.] Appropriates moneys from General Fund to specified state agencies for certain biennial expenses. Modifies certain biennial appropriations made from General Fund to Emergency Board and specified state agencies. Establishes and modifies limitations on expenditures for certain biennial expenses for specified state agencies. Declares emergency, effective on passage.",0,,2020-07-13,"Effective date, July 7, 2020.",https://legiscan.com/OR/bill/SB5711/2020/X1,https://olis.oregonlegislature.gov/liz/2020S1/Measures/Overview/SB5711
1371304,1752,SCR211,4,Passed,2020-07-07,"Adjourning sine die the 2020 special session of the Eightieth Legislative Assembly.","Adjourns sine die 2020 special session of Eightieth Legislative Assembly. Adjourns sine die 2020 special session of Eightieth Legislative Assembly.",0,,2020-07-07,"Filed With Secretary of State.",https://legiscan.com/OR/bill/SCR211/2020/X1,https://olis.oregonlegislature.gov/liz/2020S1/Measures/Overview/SCR211
