bill_id,document_id,document_type,document_size,document_mime,document_desc,url,state_link
1371326,2196116,text,50929,application/pdf,Introduced,https://legiscan.com/OR/text/HB4201/id/2196116,https://olis.oregonlegislature.gov/liz/2020S1/Downloads/MeasureDocument/HB4201/Introduced
1371326,2197251,text,28739,application/pdf,Introduced,https://legiscan.com/OR/text/HB4201/id/2197251,https://olis.oregonlegislature.gov/liz/2020S1/Downloads/MeasureDocument/HB4201/House%20Amendments%20to%20Introduced
1371326,2197252,text,34743,application/pdf,Engrossed,https://legiscan.com/OR/text/HB4201/id/2197252,https://olis.oregonlegislature.gov/liz/2020S1/Downloads/MeasureDocument/HB4201/A-Engrossed
1371326,2197893,text,28366,application/pdf,Enrolled,https://legiscan.com/OR/text/HB4201/id/2197893,https://olis.oregonlegislature.gov/liz/2020S1/Downloads/MeasureDocument/HB4201/Enrolled
1371312,2196102,text,65938,application/pdf,Introduced,https://legiscan.com/OR/text/HB4202/id/2196102,https://olis.oregonlegislature.gov/liz/2020S1/Downloads/MeasureDocument/HB4202/Introduced
1371312,2197922,text,63735,application/pdf,Enrolled,https://legiscan.com/OR/text/HB4202/id/2197922,https://olis.oregonlegislature.gov/liz/2020S1/Downloads/MeasureDocument/HB4202/Enrolled
1371311,2196101,text,29731,application/pdf,Introduced,https://legiscan.com/OR/text/HB4203/id/2196101,https://olis.oregonlegislature.gov/liz/2020S1/Downloads/MeasureDocument/HB4203/Introduced
1371311,2197189,text,27476,application/pdf,Introduced,https://legiscan.com/OR/text/HB4203/id/2197189,https://olis.oregonlegislature.gov/liz/2020S1/Downloads/MeasureDocument/HB4203/House%20Amendments%20to%20Introduced
1371311,2197190,text,31730,application/pdf,Engrossed,https://legiscan.com/OR/text/HB4203/id/2197190,https://olis.oregonlegislature.gov/liz/2020S1/Downloads/MeasureDocument/HB4203/A-Engrossed
1371311,2197931,text,27725,application/pdf,Enrolled,https://legiscan.com/OR/text/HB4203/id/2197931,https://olis.oregonlegislature.gov/liz/2020S1/Downloads/MeasureDocument/HB4203/Enrolled
1371306,2196096,text,36203,application/pdf,Introduced,https://legiscan.com/OR/text/HB4204/id/2196096,https://olis.oregonlegislature.gov/liz/2020S1/Downloads/MeasureDocument/HB4204/Introduced
1371306,2197168,text,33852,application/pdf,Introduced,https://legiscan.com/OR/text/HB4204/id/2197168,https://olis.oregonlegislature.gov/liz/2020S1/Downloads/MeasureDocument/HB4204/House%20Amendments%20to%20Introduced
1371306,2197169,text,39360,application/pdf,Engrossed,https://legiscan.com/OR/text/HB4204/id/2197169,https://olis.oregonlegislature.gov/liz/2020S1/Downloads/MeasureDocument/HB4204/A-Engrossed
1371306,2197900,text,34367,application/pdf,Enrolled,https://legiscan.com/OR/text/HB4204/id/2197900,https://olis.oregonlegislature.gov/liz/2020S1/Downloads/MeasureDocument/HB4204/Enrolled
1371322,2196112,text,30632,application/pdf,Introduced,https://legiscan.com/OR/text/HB4205/id/2196112,https://olis.oregonlegislature.gov/liz/2020S1/Downloads/MeasureDocument/HB4205/Introduced
1371322,2197195,text,28099,application/pdf,Introduced,https://legiscan.com/OR/text/HB4205/id/2197195,https://olis.oregonlegislature.gov/liz/2020S1/Downloads/MeasureDocument/HB4205/House%20Amendments%20to%20Introduced
1371322,2197196,text,34113,application/pdf,Engrossed,https://legiscan.com/OR/text/HB4205/id/2197196,https://olis.oregonlegislature.gov/liz/2020S1/Downloads/MeasureDocument/HB4205/A-Engrossed
1371322,2197907,text,28658,application/pdf,Enrolled,https://legiscan.com/OR/text/HB4205/id/2197907,https://olis.oregonlegislature.gov/liz/2020S1/Downloads/MeasureDocument/HB4205/Enrolled
1371325,2196115,text,31331,application/pdf,Introduced,https://legiscan.com/OR/text/HB4206/id/2196115,https://olis.oregonlegislature.gov/liz/2020S1/Downloads/MeasureDocument/HB4206/Introduced
1371325,2196631,text,27310,application/pdf,Introduced,https://legiscan.com/OR/text/HB4206/id/2196631,https://olis.oregonlegislature.gov/liz/2020S1/Downloads/MeasureDocument/HB4206/House%20Amendments%20to%20Introduced
1371325,2196632,text,28780,application/pdf,Engrossed,https://legiscan.com/OR/text/HB4206/id/2196632,https://olis.oregonlegislature.gov/liz/2020S1/Downloads/MeasureDocument/HB4206/A-Engrossed
1371325,2197932,text,24772,application/pdf,Enrolled,https://legiscan.com/OR/text/HB4206/id/2197932,https://olis.oregonlegislature.gov/liz/2020S1/Downloads/MeasureDocument/HB4206/Enrolled
1371324,2196114,text,30956,application/pdf,Introduced,https://legiscan.com/OR/text/HB4207/id/2196114,https://olis.oregonlegislature.gov/liz/2020S1/Downloads/MeasureDocument/HB4207/Introduced
1371324,2197185,text,41393,application/pdf,Introduced,https://legiscan.com/OR/text/HB4207/id/2197185,https://olis.oregonlegislature.gov/liz/2020S1/Downloads/MeasureDocument/HB4207/House%20Amendments%20to%20Introduced
1371324,2197186,text,46929,application/pdf,Engrossed,https://legiscan.com/OR/text/HB4207/id/2197186,https://olis.oregonlegislature.gov/liz/2020S1/Downloads/MeasureDocument/HB4207/A-Engrossed
1371324,2197912,text,41651,application/pdf,Enrolled,https://legiscan.com/OR/text/HB4207/id/2197912,https://olis.oregonlegislature.gov/liz/2020S1/Downloads/MeasureDocument/HB4207/Enrolled
1371323,2196113,text,30415,application/pdf,Introduced,https://legiscan.com/OR/text/HB4208/id/2196113,https://olis.oregonlegislature.gov/liz/2020S1/Downloads/MeasureDocument/HB4208/Introduced
1371323,2197172,text,26837,application/pdf,Introduced,https://legiscan.com/OR/text/HB4208/id/2197172,https://olis.oregonlegislature.gov/liz/2020S1/Downloads/MeasureDocument/HB4208/House%20Amendments%20to%20Introduced
1371323,2197173,text,33366,application/pdf,Engrossed,https://legiscan.com/OR/text/HB4208/id/2197173,https://olis.oregonlegislature.gov/liz/2020S1/Downloads/MeasureDocument/HB4208/A-Engrossed
1371323,2197926,text,24630,application/pdf,Enrolled,https://legiscan.com/OR/text/HB4208/id/2197926,https://olis.oregonlegislature.gov/liz/2020S1/Downloads/MeasureDocument/HB4208/Enrolled
1371305,2196095,text,62058,application/pdf,Introduced,https://legiscan.com/OR/text/HB4209/id/2196095,https://olis.oregonlegislature.gov/liz/2020S1/Downloads/MeasureDocument/HB4209/Introduced
1371305,2197925,text,59895,application/pdf,Enrolled,https://legiscan.com/OR/text/HB4209/id/2197925,https://olis.oregonlegislature.gov/liz/2020S1/Downloads/MeasureDocument/HB4209/Enrolled
1371318,2196108,text,60799,application/pdf,Introduced,https://legiscan.com/OR/text/HB4210/id/2196108,https://olis.oregonlegislature.gov/liz/2020S1/Downloads/MeasureDocument/HB4210/Introduced
1371318,2197862,text,60001,application/pdf,Enrolled,https://legiscan.com/OR/text/HB4210/id/2197862,https://olis.oregonlegislature.gov/liz/2020S1/Downloads/MeasureDocument/HB4210/Enrolled
1371321,2196111,text,28225,application/pdf,Introduced,https://legiscan.com/OR/text/HB4211/id/2196111,https://olis.oregonlegislature.gov/liz/2020S1/Downloads/MeasureDocument/HB4211/Introduced
1371321,2197920,text,26876,application/pdf,Enrolled,https://legiscan.com/OR/text/HB4211/id/2197920,https://olis.oregonlegislature.gov/liz/2020S1/Downloads/MeasureDocument/HB4211/Enrolled
1371309,2196099,text,103987,application/pdf,Introduced,https://legiscan.com/OR/text/HB4212/id/2196099,https://olis.oregonlegislature.gov/liz/2020S1/Downloads/MeasureDocument/HB4212/Introduced
1371309,2197246,text,70083,application/pdf,Introduced,https://legiscan.com/OR/text/HB4212/id/2197246,https://olis.oregonlegislature.gov/liz/2020S1/Downloads/MeasureDocument/HB4212/House%20Amendments%20to%20Introduced
1371309,2197247,text,100807,application/pdf,Engrossed,https://legiscan.com/OR/text/HB4212/id/2197247,https://olis.oregonlegislature.gov/liz/2020S1/Downloads/MeasureDocument/HB4212/A-Engrossed
1371309,2197874,text,93486,application/pdf,Enrolled,https://legiscan.com/OR/text/HB4212/id/2197874,https://olis.oregonlegislature.gov/liz/2020S1/Downloads/MeasureDocument/HB4212/Enrolled
1371307,2196097,text,39132,application/pdf,Introduced,https://legiscan.com/OR/text/HB4213/id/2196097,https://olis.oregonlegislature.gov/liz/2020S1/Downloads/MeasureDocument/HB4213/Introduced
1371307,2197183,text,33685,application/pdf,Introduced,https://legiscan.com/OR/text/HB4213/id/2197183,https://olis.oregonlegislature.gov/liz/2020S1/Downloads/MeasureDocument/HB4213/House%20Amendments%20to%20Introduced
1371307,2197184,text,40337,application/pdf,Engrossed,https://legiscan.com/OR/text/HB4213/id/2197184,https://olis.oregonlegislature.gov/liz/2020S1/Downloads/MeasureDocument/HB4213/A-Engrossed
1371307,2197923,text,34884,application/pdf,Enrolled,https://legiscan.com/OR/text/HB4213/id/2197923,https://olis.oregonlegislature.gov/liz/2020S1/Downloads/MeasureDocument/HB4213/Enrolled
1371522,2196565,text,203718,application/pdf,Introduced,https://legiscan.com/OR/text/HB4214/id/2196565,https://olis.oregonlegislature.gov/liz/2020S1/Downloads/MeasureDocument/HB4214/Introduced
1371522,2197179,text,25194,application/pdf,Introduced,https://legiscan.com/OR/text/HB4214/id/2197179,https://olis.oregonlegislature.gov/liz/2020S1/Downloads/MeasureDocument/HB4214/House%20Amendments%20to%20Introduced
1371522,2197180,text,204010,application/pdf,Engrossed,https://legiscan.com/OR/text/HB4214/id/2197180,https://olis.oregonlegislature.gov/liz/2020S1/Downloads/MeasureDocument/HB4214/A-Engrossed
1371522,2198034,text,194189,application/pdf,Enrolled,https://legiscan.com/OR/text/HB4214/id/2198034,https://olis.oregonlegislature.gov/liz/2020S1/Downloads/MeasureDocument/HB4214/Enrolled
1371315,2196105,text,28796,application/pdf,Introduced,https://legiscan.com/OR/text/HB5211/id/2196105,https://olis.oregonlegislature.gov/liz/2020S1/Downloads/MeasureDocument/HB5211/Introduced
1371327,2196117,text,25677,application/pdf,Introduced,https://legiscan.com/OR/text/HCR211/id/2196117,https://olis.oregonlegislature.gov/liz/2020S1/Downloads/MeasureDocument/HCR211/Introduced
1371313,2196103,text,27515,application/pdf,Introduced,https://legiscan.com/OR/text/HCR212/id/2196103,https://olis.oregonlegislature.gov/liz/2020S1/Downloads/MeasureDocument/HCR212/Introduced
1371313,2197933,text,21704,application/pdf,Enrolled,https://legiscan.com/OR/text/HCR212/id/2197933,https://olis.oregonlegislature.gov/liz/2020S1/Downloads/MeasureDocument/HCR212/Enrolled
1371316,2196106,text,72046,application/pdf,Introduced,https://legiscan.com/OR/text/SB1601/id/2196106,https://olis.oregonlegislature.gov/liz/2020S1/Downloads/MeasureDocument/SB1601/Introduced
1371316,2197243,text,27370,application/pdf,Introduced,https://legiscan.com/OR/text/SB1601/id/2197243,https://olis.oregonlegislature.gov/liz/2020S1/Downloads/MeasureDocument/SB1601/Senate%20Amendments%20to%20Introduced
1371316,2197244,text,74704,application/pdf,Engrossed,https://legiscan.com/OR/text/SB1601/id/2197244,https://olis.oregonlegislature.gov/liz/2020S1/Downloads/MeasureDocument/SB1601/A-Engrossed
1371316,2197882,text,71069,application/pdf,Enrolled,https://legiscan.com/OR/text/SB1601/id/2197882,https://olis.oregonlegislature.gov/liz/2020S1/Downloads/MeasureDocument/SB1601/Enrolled
1371320,2196110,text,55186,application/pdf,Introduced,https://legiscan.com/OR/text/SB1602/id/2196110,https://olis.oregonlegislature.gov/liz/2020S1/Downloads/MeasureDocument/SB1602/Introduced
1371320,2196613,text,19306,application/pdf,Introduced,https://legiscan.com/OR/text/SB1602/id/2196613,https://olis.oregonlegislature.gov/liz/2020S1/Downloads/MeasureDocument/SB1602/Senate%20Amendments%20to%20Introduced
1371320,2196614,text,56615,application/pdf,Engrossed,https://legiscan.com/OR/text/SB1602/id/2196614,https://olis.oregonlegislature.gov/liz/2020S1/Downloads/MeasureDocument/SB1602/A-Engrossed
1371320,2197902,text,47459,application/pdf,Enrolled,https://legiscan.com/OR/text/SB1602/id/2197902,https://olis.oregonlegislature.gov/liz/2020S1/Downloads/MeasureDocument/SB1602/Enrolled
1371310,2196100,text,62049,application/pdf,Introduced,https://legiscan.com/OR/text/SB1603/id/2196100,https://olis.oregonlegislature.gov/liz/2020S1/Downloads/MeasureDocument/SB1603/Introduced
1371310,2197896,text,60066,application/pdf,Enrolled,https://legiscan.com/OR/text/SB1603/id/2197896,https://olis.oregonlegislature.gov/liz/2020S1/Downloads/MeasureDocument/SB1603/Enrolled
1371317,2196107,text,57943,application/pdf,Introduced,https://legiscan.com/OR/text/SB1604/id/2196107,https://olis.oregonlegislature.gov/liz/2020S1/Downloads/MeasureDocument/SB1604/Introduced
1371317,2197915,text,56355,application/pdf,Enrolled,https://legiscan.com/OR/text/SB1604/id/2197915,https://olis.oregonlegislature.gov/liz/2020S1/Downloads/MeasureDocument/SB1604/Enrolled
1371308,2196098,text,144268,application/pdf,Introduced,https://legiscan.com/OR/text/SB1605/id/2196098,https://olis.oregonlegislature.gov/liz/2020S1/Downloads/MeasureDocument/SB1605/Introduced
1371308,2197878,text,135808,application/pdf,Enrolled,https://legiscan.com/OR/text/SB1605/id/2197878,https://olis.oregonlegislature.gov/liz/2020S1/Downloads/MeasureDocument/SB1605/Enrolled
1371328,2196118,text,44159,application/pdf,Introduced,https://legiscan.com/OR/text/SB1606/id/2196118,https://olis.oregonlegislature.gov/liz/2020S1/Downloads/MeasureDocument/SB1606/Introduced
1371328,2197238,text,36191,application/pdf,Introduced,https://legiscan.com/OR/text/SB1606/id/2197238,https://olis.oregonlegislature.gov/liz/2020S1/Downloads/MeasureDocument/SB1606/Senate%20Amendments%20to%20Introduced
1371328,2197239,text,43582,application/pdf,Engrossed,https://legiscan.com/OR/text/SB1606/id/2197239,https://olis.oregonlegislature.gov/liz/2020S1/Downloads/MeasureDocument/SB1606/A-Engrossed
1371328,2197867,text,36835,application/pdf,Enrolled,https://legiscan.com/OR/text/SB1606/id/2197867,https://olis.oregonlegislature.gov/liz/2020S1/Downloads/MeasureDocument/SB1606/Enrolled
1371319,2196109,text,45344,application/pdf,Introduced,https://legiscan.com/OR/text/SB1607/id/2196109,https://olis.oregonlegislature.gov/liz/2020S1/Downloads/MeasureDocument/SB1607/Introduced
1371319,2197898,text,44258,application/pdf,Enrolled,https://legiscan.com/OR/text/SB1607/id/2197898,https://olis.oregonlegislature.gov/liz/2020S1/Downloads/MeasureDocument/SB1607/Enrolled
1371314,2196104,text,28819,application/pdf,Introduced,https://legiscan.com/OR/text/SB5711/id/2196104,https://olis.oregonlegislature.gov/liz/2020S1/Downloads/MeasureDocument/SB5711/Introduced
1371314,2197193,text,25026,application/pdf,Introduced,https://legiscan.com/OR/text/SB5711/id/2197193,https://olis.oregonlegislature.gov/liz/2020S1/Downloads/MeasureDocument/SB5711/Senate%20Amendments%20to%20Introduced
1371314,2197194,text,31880,application/pdf,Engrossed,https://legiscan.com/OR/text/SB5711/id/2197194,https://olis.oregonlegislature.gov/liz/2020S1/Downloads/MeasureDocument/SB5711/A-Engrossed
1371314,2197869,text,25338,application/pdf,Enrolled,https://legiscan.com/OR/text/SB5711/id/2197869,https://olis.oregonlegislature.gov/liz/2020S1/Downloads/MeasureDocument/SB5711/Enrolled
1371304,2196094,text,25768,application/pdf,Introduced,https://legiscan.com/OR/text/SCR211/id/2196094,https://olis.oregonlegislature.gov/liz/2020S1/Downloads/MeasureDocument/SCR211/Introduced
1371304,2197909,text,20078,application/pdf,Enrolled,https://legiscan.com/OR/text/SCR211/id/2197909,https://olis.oregonlegislature.gov/liz/2020S1/Downloads/MeasureDocument/SCR211/Enrolled
