bill_id,date,chamber,sequence,action
1371304,2020-06-24,Senate,1,"Introduction and first reading. Referred to President's desk."
1371304,2020-06-24,Senate,2,"Referred to The First Special Session of 2020."
1371304,2020-06-25,Senate,3,"Public Hearing and Work Session held."
1371304,2020-06-26,Senate,4,"Recommendation: Do adopt."
1371304,2020-06-26,Senate,5,"Rules suspended. Second reading."
1371304,2020-06-26,Senate,6,"Rules suspended. Final reading. Carried by Wagner. Adopted. Ayes, 24; Excused, 6--Baertschiger Jr, Boquist, Hansell, Linthicum, Olsen, Thomsen."
1371304,2020-06-26,House,7,"First reading. Referred to Speaker's desk."
1371304,2020-06-26,House,8,"Rules suspended. Read. Carried by Holvey. Adopted. Ayes, 56; Excused, 4--Barker, Barreto, Clem, McKeown."
1371304,2020-06-30,Senate,9,"President signed."
1371304,2020-07-07,House,10,"Speaker signed."
1371304,2020-07-07,Senate,11,"Filed With Secretary of State."
1371305,2020-06-24,House,1,"First reading. Referred to Speaker's desk."
1371305,2020-06-24,House,2,"Referred to The First Special Session of 2020."
1371305,2020-06-24,House,3,"Public Hearing and Work Session held."
1371305,2020-06-24,House,4,"Recommendation: Do pass."
1371305,2020-06-25,House,5,"Second reading."
1371305,2020-06-25,House,6,"Rules suspended. Third reading. Carried by Owens. Passed. Ayes, 56; Excused, 4--Barker, Barreto, Boshart Davis, Holvey."
1371305,2020-06-26,Senate,7,"First reading. Referred to President's desk."
1371305,2020-06-26,Senate,8,"Referred to The First Special Session of 2020."
1371305,2020-06-26,Senate,9,"Recommendation: Do pass."
1371305,2020-06-26,Senate,10,"Rules suspended. Second reading."
1371305,2020-06-26,Senate,11,"Rules suspended. Third reading. Carried by Findley. Passed. Ayes, 27; Excused, 3--Hansell, Linthicum, Olsen."
1371305,2020-06-29,House,12,"Speaker signed."
1371305,2020-06-30,Senate,13,"President signed."
1371305,2020-06-30,House,14,"Governor signed."
1371305,2020-07-07,House,15,"Chapter 9, (2020 Laws): Effective date June 30, 2020."
1371306,2020-06-24,House,1,"First reading. Referred to Speaker's desk."
1371306,2020-06-24,House,2,"Referred to The First Special Session of 2020."
1371306,2020-06-25,House,3,"Public Hearing and Work Session held."
1371306,2020-06-26,House,4,"Recommendation: Do pass with amendments and be printed A-Engrossed."
1371306,2020-06-26,House,5,"Second reading."
1371306,2020-06-26,House,6,"Potential conflict(s) of interest declared by Hayden."
1371306,2020-06-26,House,7,"Rules suspended. Third reading. Carried by Holvey. Passed. Ayes, 39; Nays, 18--Bonham, Boshart Davis, Breese-Iverson, Drazan, Leif, Lewis, Moore-Green, Nearman, Owens, Post, Reschke, Smith DB, Smith G, Sprenger, Stark, Wallan, Wilson, Zika; Excused, 3--Barker, Barreto, Clem."
1371306,2020-06-26,House,8,"Vote explanation(s) filed by Lewis, Smith DB, Wilde."
1371306,2020-06-26,Senate,9,"First reading. Referred to President's desk."
1371306,2020-06-26,Senate,10,"Referred to The First Special Session of 2020."
1371306,2020-06-26,Senate,11,"Recommendation: Do pass the A-Eng. bill."
1371306,2020-06-26,Senate,12,"Rules Suspended. Second reading."
1371306,2020-06-26,Senate,13,"Rules suspended. Third reading. Carried by Beyer. Passed. Ayes, 19; Nays, 8--Baertschiger Jr, Boquist, Findley, Girod, Heard, Johnson, Thatcher, Thomsen; Excused, 3--Hansell, Linthicum, Olsen."
1371306,2020-06-26,Senate,14,"Baertschiger Jr, Burdick, Girod, Golden, Hass, Monnes Anderson, Thatcher, Wagner declared potential conflict of interest."
1371306,2020-06-26,Senate,15,"Vote explanation filed by Boquist."
1371306,2020-06-29,House,16,"Speaker signed."
1371306,2020-06-30,Senate,17,"President signed."
1371306,2020-06-30,House,18,"Governor signed."
1371306,2020-07-07,House,19,"Chapter 4, (2020 Laws): Effective date June 30, 2020."
1371307,2020-06-24,House,1,"First reading. Referred to Speaker's desk."
1371307,2020-06-24,House,2,"Referred to The First Special Session of 2020."
1371307,2020-06-24,House,3,"Public Hearing held."
1371307,2020-06-25,House,4,"Public Hearing and Work Session held."
1371307,2020-06-26,House,5,"Recommendation: Do pass with amendments and be printed A-Engrossed."
1371307,2020-06-26,House,6,"Second reading."
1371307,2020-06-26,House,7,"Rules suspended. Third reading. Carried by Fahey. Passed. Ayes, 43; Nays, 14--Bonham, Boshart Davis, Breese-Iverson, Nearman, Owens, Post, Reschke, Smith DB, Smith G, Sprenger, Stark, Wallan, Wilson, Zika; Excused, 3--Barker, Barreto, Clem."
1371307,2020-06-26,House,8,"Vote explanation(s) filed by Smith DB."
1371307,2020-06-26,Senate,9,"First reading. Referred to President's desk."
1371307,2020-06-26,Senate,10,"Referred to The First Special Session of 2020."
1371307,2020-06-26,Senate,11,"Recommendation: Do pass the A-Eng. bill."
1371307,2020-06-26,Senate,12,"Rules suspended. Second reading."
1371307,2020-06-26,Senate,13,"Rules suspended. Third reading. Carried by Burdick. Passed. Ayes, 19; Nays, 8--Baertschiger Jr, Boquist, Findley, Girod, Heard, Johnson, Thatcher, Thomsen; Excused, 3--Hansell, Linthicum, Olsen."
1371307,2020-06-26,Senate,14,"Baertschiger Jr, Burdick, Fagan, Girod, Golden, Hass, Monnes Anderson, Thatcher, Wagner declared potential conflict of interest."
1371307,2020-06-26,Senate,15,"Vote explanations filed by Boquist, Golden."
1371307,2020-06-29,House,16,"Speaker signed."
1371307,2020-06-29,Senate,17,"President signed."
1371307,2020-06-30,House,18,"Governor signed."
1371307,2020-07-07,House,19,"Chapter 13, (2020 Laws): Effective date June 30, 2020."
1371308,2020-06-24,Senate,1,"Introduction and first reading. Referred to President's desk."
1371308,2020-06-24,Senate,2,"Referred to The First Special Session of 2020."
1371308,2020-06-25,Senate,3,"Public Hearing and Work Session held."
1371308,2020-06-26,Senate,4,"Recommendation: Do pass."
1371308,2020-06-26,Senate,5,"Rules suspended. Second reading."
1371308,2020-06-26,Senate,6,"Rules suspended. Third reading. Carried by Gelser. Passed. Ayes, 26; Excused, 4--Boles, Hansell, Linthicum, Olsen."
1371308,2020-06-26,Senate,7,"Vote explanation filed by Boquist."
1371308,2020-06-26,House,8,"First reading. Referred to Speaker's desk."
1371308,2020-06-26,House,9,"Referred to The First Special Session of 2020."
1371308,2020-06-26,House,10,"Recommendation: Do pass."
1371308,2020-06-26,House,11,"Rules suspended. Second reading."
1371308,2020-06-26,House,12,"Rules suspended. Third reading. Carried by Keny-Guyer. Passed. Ayes, 57; Excused, 3--Barker, Barreto, Clem."
1371308,2020-06-30,Senate,13,"President signed."
1371308,2020-07-07,House,14,"Speaker signed."
1371308,2020-07-07,Senate,15,"Governor signed."
1371308,2020-07-13,Senate,16,"Chapter 19, 2020 Laws."
1371308,2020-07-13,Senate,17,"Effective date, July 7, 2020."
1371309,2020-06-24,House,1,"First reading. Referred to Speaker's desk."
1371309,2020-06-24,House,2,"Referred to The First Special Session of 2020."
1371309,2020-06-25,House,3,"Public Hearing and Work Session held."
1371309,2020-06-26,House,4,"Recommendation: Do pass with amendments and be printed A-Engrossed."
1371309,2020-06-26,House,5,"Second reading."
1371309,2020-06-26,House,6,"Rules suspended. Third reading. Carried by Holvey. Passed. Ayes, 47; Nays, 10--Bonham, Boshart Davis, Breese-Iverson, Drazan, Hayden, Nearman, Owens, Post, Reschke, Wallan; Excused, 3--Barker, Barreto, Clem."
1371309,2020-06-26,House,7,"Vote explanation(s) filed by Leif."
1371309,2020-06-26,Senate,8,"First reading. Referred to President's desk."
1371309,2020-06-26,Senate,9,"Referred to The First Special Session of 2020."
1371309,2020-06-26,Senate,10,"Recommendation: Do pass the A-Eng. bill."
1371309,2020-06-26,Senate,11,"Rules suspended. Second reading."
1371309,2020-06-26,Senate,12,"Rules suspended. Third reading. Carried by Prozanski. Passed. Ayes, 21; Nays, 4--Boquist, Findley, Girod, Heard; Excused, 5--Baertschiger Jr, Hansell, Linthicum, Olsen, Thomsen."
1371309,2020-06-26,Senate,13,"Vote explanation filed by Boquist."
1371309,2020-06-29,House,14,"Speaker signed."
1371309,2020-06-30,Senate,15,"President signed."
1371309,2020-06-30,House,16,"Governor signed."
1371309,2020-07-07,House,17,"Chapter 12, (2020 Laws): Effective date June 30, 2020."
1371310,2020-06-24,Senate,1,"Introduction and first reading. Referred to President's desk."
1371310,2020-06-24,Senate,2,"Referred to The First Special Session of 2020."
1371310,2020-06-24,Senate,3,"Public Hearing held."
1371310,2020-06-24,Senate,4,"Work Session held."
1371310,2020-06-26,Senate,5,"Recommendation: Do pass."
1371310,2020-06-26,Senate,6,"Rules suspended. Second reading."
1371310,2020-06-26,Senate,7,"Rules suspended. Third reading. Carried by Roblan. Passed. Ayes, 16; Nays, 10--Baertschiger Jr, Beyer, Boquist, Findley, Girod, Heard, Johnson, Knopp, Thatcher, Thomsen; Excused, 4--Boles, Hansell, Linthicum, Olsen."
1371310,2020-06-26,Senate,8,"Vote explanation filed by Boquist."
1371310,2020-06-26,House,9,"First reading. Referred to Speaker's desk."
1371310,2020-06-26,House,10,"Referred to The First Special Session of 2020."
1371310,2020-06-26,House,11,"Recommendation: Do pass."
1371310,2020-06-26,House,12,"Rules suspended. Second reading."
1371310,2020-06-26,House,13,"Rules suspended. Third reading. Carried by Marsh. Passed. Ayes, 38; Nays, 19--Bonham, Boshart Davis, Breese-Iverson, Drazan, Hayden, Helt, Leif, Lewis, Moore-Green, Nearman, Owens, Post, Reschke, Smith DB, Sprenger, Stark, Wallan, Wilson, Zika; Excused, 3--Barker, Barreto, Clem."
1371310,2020-06-26,House,14,"Vote explanation(s) filed by Leif, Moore-Green, Smith DB, Sollman."
1371310,2020-06-30,Senate,15,"President signed."
1371310,2020-07-07,House,16,"Speaker signed."
1371310,2020-07-07,Senate,17,"Governor signed."
1371310,2020-07-13,Senate,18,"Chapter 17, 2020 Laws."
1371310,2020-07-13,Senate,19,"Effective date, September 25, 2020."
1371311,2020-06-24,House,1,"First reading. Referred to Speaker's desk."
1371311,2020-06-24,House,2,"Referred to The First Special Session of 2020."
1371311,2020-06-25,House,3,"Public Hearing and Work Session held."
1371311,2020-06-26,House,4,"Recommendation: Do pass with amendments and be printed A-Engrossed."
1371311,2020-06-26,House,5,"Second reading."
1371311,2020-06-26,House,6,"Rules suspended. Third reading. Carried by Meek. Passed. Ayes, 52; Nays, 5--Bonham, Breese-Iverson, Nearman, Reschke, Smith G; Excused, 3--Barker, Barreto, Clem."
1371311,2020-06-26,House,7,"Vote explanation(s) filed by Breese-Iverson, Leif, Smith DB, Wallan, Williams."
1371311,2020-06-26,Senate,8,"First reading. Referred to President's desk."
1371311,2020-06-26,Senate,9,"Referred to The First Special Session of 2020."
1371311,2020-06-26,Senate,10,"Recommendation: Do pass the A-Eng. bill."
1371311,2020-06-26,Senate,11,"Rules Suspended. Second reading."
1371311,2020-06-26,Senate,12,"Rules suspended. Third reading. Carried by Manning Jr. Passed. Ayes, 25; Nays, 1--Boquist; Excused, 4--Baertschiger Jr, Hansell, Linthicum, Olsen."
1371311,2020-06-26,Senate,13,"Vote explanations filed by Boquist, Knopp, Prozanski, Taylor, Thatcher."
1371311,2020-06-29,House,14,"Speaker signed."
1371311,2020-06-30,Senate,15,"President signed."
1371311,2020-06-30,House,16,"Governor signed."
1371311,2020-07-07,House,17,"Chapter 3, (2020 Laws): Effective date June 30, 2020."
1371312,2020-06-24,House,1,"First reading. Referred to Speaker's desk."
1371312,2020-06-24,House,2,"Referred to The First Special Session of 2020."
1371312,2020-06-24,House,3,"Public Hearing held."
1371312,2020-06-24,House,4,"Work Session held."
1371312,2020-06-24,House,5,"Recommendation: Do pass."
1371312,2020-06-25,House,6,"Second reading."
1371312,2020-06-25,House,7,"Rules suspended. Third reading. Carried by Nathanson. Passed. Ayes, 56; Excused, 4--Barker, Barreto, Boshart Davis, Holvey."
1371312,2020-06-26,Senate,8,"First reading. Referred to President's desk."
1371312,2020-06-26,Senate,9,"Referred to The First Special Session of 2020."
1371312,2020-06-26,Senate,10,"Recommendation: Do pass."
1371312,2020-06-26,Senate,11,"Rules suspended. Second reading."
1371312,2020-06-26,Senate,12,"Rules suspended. Third reading. Carried by Hass. Passed. Ayes, 26; Nays, 1--Boquist; Excused, 3--Hansell, Linthicum, Olsen."
1371312,2020-06-26,Senate,13,"Vote explanation filed by Boquist."
1371312,2020-06-29,House,14,"Speaker signed."
1371312,2020-06-30,Senate,15,"President signed."
1371312,2020-06-30,House,16,"Governor signed."
1371312,2020-07-07,House,17,"Chapter 2, (2020 Laws): Effective date September 25, 2020."
1371313,2020-06-24,House,1,"First reading. Referred to Speaker's desk."
1371313,2020-06-24,House,2,"Referred to The First Special Session of 2020."
1371313,2020-06-25,House,3,"Work Session held."
1371313,2020-06-26,House,4,"Recommendation: Be adopted."
1371313,2020-06-26,House,5,"Read. Carried by Holvey. Adopted. Ayes, 55; Nays, 2--Evans, Smith DB; Excused, 3--Barker, Barreto, Clem."
1371313,2020-06-26,Senate,6,"First reading. Referred to President's desk."
1371313,2020-06-26,Senate,7,"Referred to The First Special Session of 2020."
1371313,2020-06-26,Senate,8,"Recommendation: Do adopt."
1371313,2020-06-26,Senate,9,"Rules suspended. Second reading."
1371313,2020-06-26,Senate,10,"Rules suspended. Final reading. Carried by Dembrow. Adopted. Ayes, 26; Nays, 1--Boquist; Excused, 3--Hansell, Linthicum, Olsen."
1371313,2020-06-26,Senate,11,"Vote explanation filed by Boquist."
1371313,2020-06-29,House,12,"Speaker signed."
1371313,2020-06-30,Senate,13,"President signed."
1371313,2020-06-30,House,14,"Filed with Secretary of State."
1371314,2020-06-24,Senate,1,"Introduction and first reading. Referred to President's desk."
1371314,2020-06-24,Senate,2,"Referred to The First Special Session of 2020."
1371314,2020-06-25,Senate,3,"Public Hearing and Work Session held."
1371314,2020-06-26,Senate,4,"Recommendation: Do pass with amendments. (Printed A-Eng.)"
1371314,2020-06-26,Senate,5,"Rules suspended. Second reading."
1371314,2020-06-26,Senate,6,"Rules suspended. Third reading. Carried by Girod. Passed. Ayes, 25; Nays, 1--Boquist; Excused, 4--Boles, Hansell, Linthicum, Olsen."
1371314,2020-06-26,Senate,7,"Vote explanation filed by Boquist."
1371314,2020-06-26,House,8,"First reading. Referred to Speaker's desk."
1371314,2020-06-26,House,9,"Referred to The First Special Session of 2020."
1371314,2020-06-26,House,10,"Recommendation: Do pass."
1371314,2020-06-26,House,11,"Rules suspended. Second reading."
1371314,2020-06-26,House,12,"Rules suspended. Third reading. Carried by Rayfield. Passed. Ayes, 57; Excused, 3--Barker, Barreto, Clem."
1371314,2020-06-30,Senate,13,"President signed."
1371314,2020-07-07,House,14,"Speaker signed."
1371314,2020-07-07,Senate,15,"Governor signed."
1371314,2020-07-13,Senate,16,"Chapter 22, 2020 Laws."
1371314,2020-07-13,Senate,17,"Effective date, July 7, 2020."
1371315,2020-06-24,House,1,"First reading. Referred to Speaker's desk."
1371315,2020-06-24,House,2,"Referred to The First Special Session of 2020."
1371315,2020-06-26,House,3,"In committee upon adjournment."
1371316,2020-06-24,Senate,1,"Introduction and first reading. Referred to President's desk."
1371316,2020-06-24,Senate,2,"Referred to The First Special Session of 2020."
1371316,2020-06-25,Senate,3,"Public Hearing and Work Session held."
1371316,2020-06-26,Senate,4,"Recommendation: Do pass with amendments. (Printed A-Eng.)"
1371316,2020-06-26,Senate,5,"Rules suspended. Second reading."
1371316,2020-06-26,Senate,6,"Rules suspended. Third reading. Carried by Beyer. Passed. Ayes, 27; Excused, 3--Hansell, Linthicum, Olsen."
1371316,2020-06-26,Senate,7,"Vote explanation filed by Boquist."
1371316,2020-06-26,House,8,"First reading. Referred to Speaker's desk."
1371316,2020-06-26,House,9,"Referred to The First Special Session of 2020."
1371316,2020-06-26,House,10,"Recommendation: Do pass."
1371316,2020-06-26,House,11,"Rules suspended. Second reading."
1371316,2020-06-26,House,12,"Rules suspended. Third reading. Carried by McLain. Passed. Ayes, 55; Nays, 2--Nearman, Reschke; Excused, 3--Barker, Barreto, Clem."
1371316,2020-06-30,Senate,13,"President signed."
1371316,2020-07-07,House,14,"Speaker signed."
1371316,2020-07-07,Senate,15,"Governor signed."
1371316,2020-07-13,Senate,16,"Chapter 15, 2020 Laws."
1371316,2020-07-13,Senate,17,"Effective date, July 7, 2020."
1371317,2020-06-24,Senate,1,"Introduction and first reading. Referred to President's desk."
1371317,2020-06-24,Senate,2,"Referred to The First Special Session of 2020."
1371317,2020-06-25,Senate,3,"Public Hearing and Work Session held."
1371317,2020-06-26,Senate,4,"Recommendation: Do pass."
1371317,2020-06-26,Senate,5,"Rules suspended. Second reading."
1371317,2020-06-26,Senate,6,"Rules suspended. Third reading. Carried by Frederick. Passed. Ayes, 26; Excused, 4--Boles, Hansell, Linthicum, Olsen."
1371317,2020-06-26,Senate,7,"Vote explanations filed by Boquist, Prozanski, Taylor."
1371317,2020-06-26,House,8,"First reading. Referred to Speaker's desk."
1371317,2020-06-26,House,9,"Referred to The First Special Session of 2020."
1371317,2020-06-26,House,10,"Recommendation: Do pass."
1371317,2020-06-26,House,11,"Rules suspended. Second reading."
1371317,2020-06-26,House,12,"Rules suspended. Third reading. Carried by Salinas. Passed. Ayes, 57; Excused, 3--Barker, Barreto, Clem."
1371317,2020-06-26,House,13,"Vote explanation(s) filed by Leif, Wilde."
1371317,2020-06-30,Senate,14,"President signed."
1371317,2020-07-07,House,15,"Speaker signed."
1371317,2020-07-07,Senate,16,"Governor signed."
1371317,2020-07-13,Senate,17,"Chapter 18, 2020 Laws."
1371317,2020-07-13,Senate,18,"Effective date, July 7, 2020."
1371318,2020-06-24,House,1,"First reading. Referred to Speaker's desk."
1371318,2020-06-24,House,2,"Referred to The First Special Session of 2020."
1371318,2020-06-24,House,3,"Public Hearing and Work Session held."
1371318,2020-06-24,House,4,"Recommendation: Do pass."
1371318,2020-06-25,House,5,"Second reading."
1371318,2020-06-25,House,6,"Rules suspended. Third reading. Carried by Gorsek. Passed. Ayes, 44; Nays, 13--Bonham, Boshart Davis, Breese-Iverson, Leif, Lewis, Moore-Green, Nearman, Owens, Post, Reschke, Smith G, Wallan, Wilson; Excused, 3--Barker, Barreto, Sprenger."
1371318,2020-06-25,House,7,"Vote explanation(s) filed by Boshart Davis, Mitchell, Moore-Green."
1371318,2020-06-26,Senate,8,"First reading. Referred to President's desk."
1371318,2020-06-26,Senate,9,"Referred to The First Special Session of 2020."
1371318,2020-06-26,Senate,10,"Recommendation: Do pass."
1371318,2020-06-26,Senate,11,"Rules suspended. Second reading."
1371318,2020-06-26,Senate,12,"Rules suspended. Third reading. Carried by Manning Jr. Passed. Ayes, 20; Nays, 7--Baertschiger Jr, Boquist, Findley, Girod, Heard, Johnson, Thomsen; Excused, 3--Hansell, Linthicum, Olsen."
1371318,2020-06-26,Senate,13,"Vote explanations filed by Boquist, Prozanski."
1371318,2020-06-29,House,14,"Speaker signed."
1371318,2020-06-30,Senate,15,"President signed."
1371318,2020-06-30,House,16,"Governor signed."
1371318,2020-07-07,House,17,"Chapter 10, (2020 Laws): Effective date June 30, 2020."
1371319,2020-06-24,Senate,1,"Introduction and first reading. Referred to President's desk."
1371319,2020-06-24,Senate,2,"Referred to The First Special Session of 2020."
1371319,2020-06-24,Senate,3,"Public Hearing and Work Session held."
1371319,2020-06-26,Senate,4,"Recommendation: Do pass."
1371319,2020-06-26,Senate,5,"Rules suspended. Second reading."
1371319,2020-06-26,Senate,6,"Rules suspended. Third reading. Carried by Findley. Passed. Ayes, 26; Excused, 4--Boles, Hansell, Linthicum, Olsen."
1371319,2020-06-26,Senate,7,"Vote explanation filed by Boquist."
1371319,2020-06-26,House,8,"First reading. Referred to Speaker's desk."
1371319,2020-06-26,House,9,"Referred to The First Special Session of 2020."
1371319,2020-06-26,House,10,"Recommendation: Do pass."
1371319,2020-06-26,House,11,"Rules suspended. Second reading."
1371319,2020-06-26,House,12,"Rules suspended. Third reading. Carried by Stark. Passed. Ayes, 56; Excused, 4--Barker, Barreto, Clem, McKeown."
1371319,2020-06-30,Senate,13,"President signed."
1371319,2020-07-07,House,14,"Speaker signed."
1371319,2020-07-07,Senate,15,"Governor signed."
1371319,2020-07-13,Senate,16,"Chapter 21, 2020 Laws."
1371319,2020-07-13,Senate,17,"Effective date, July 7, 2020."
1371320,2020-06-24,Senate,1,"Introduction and first reading. Referred to President's desk."
1371320,2020-06-24,Senate,2,"Referred to The First Special Session of 2020."
1371320,2020-06-24,Senate,3,"Public Hearing and Work Session held."
1371320,2020-06-24,Senate,4,"Recommendation: Do pass with amendments. (Printed A-Eng.)"
1371320,2020-06-24,Senate,5,"Rules suspended. Second reading."
1371320,2020-06-26,Senate,6,"Rules suspended. Third reading. Carried by Girod. Passed. Ayes, 24; Nays, 2--Baertschiger Jr, Thomsen; Excused, 4--Boles, Hansell, Linthicum, Olsen."
1371320,2020-06-26,Senate,7,"Vote explanation filed by Boquist."
1371320,2020-06-26,House,8,"First reading. Referred to Speaker's desk."
1371320,2020-06-26,House,9,"Referred to The First Special Session of 2020."
1371320,2020-06-26,House,10,"Recommendation: Do pass."
1371320,2020-06-26,House,11,"Rules suspended. Second reading."
1371320,2020-06-26,House,12,"Rules suspended. Third reading. Carried by Holvey, Witt. Passed. Ayes, 57; Excused, 3--Barker, Barreto, Clem."
1371320,2020-06-26,House,13,"Vote explanation(s) filed by Mitchell."
1371320,2020-06-30,Senate,14,"President signed."
1371320,2020-07-07,House,15,"Speaker signed."
1371320,2020-07-07,Senate,16,"Governor signed."
1371320,2020-07-13,Senate,17,"Chapter 16, 2020 Laws."
1371320,2020-07-13,Senate,18,"Effective date, July 7, 2020."
1371321,2020-06-24,House,1,"First reading. Referred to Speaker's desk."
1371321,2020-06-24,House,2,"Referred to The First Special Session of 2020."
1371321,2020-06-24,House,3,"Work Session held."
1371321,2020-06-24,House,4,"Recommendation: Do pass."
1371321,2020-06-25,House,5,"Second reading."
1371321,2020-06-25,House,6,"Rules suspended. Third reading. Carried by Rayfield. Passed. Ayes, 52; Nays, 5--Drazan, Nearman, Owens, Reschke, Wallan; Excused, 3--Barker, Barreto, Boshart Davis."
1371321,2020-06-26,Senate,7,"First reading. Referred to President's desk."
1371321,2020-06-26,Senate,8,"Referred to The First Special Session of 2020."
1371321,2020-06-26,Senate,9,"Recommendation: Do pass."
1371321,2020-06-26,Senate,10,"Rules suspended. Second reading."
1371321,2020-06-26,Senate,11,"Rules suspended. Third reading. Carried by Taylor. Passed. Ayes, 27; Excused, 3--Hansell, Linthicum, Olsen."
1371321,2020-06-26,Senate,12,"Vote explanation filed by Boquist."
1371321,2020-06-29,House,13,"Speaker signed."
1371321,2020-06-30,Senate,14,"President signed."
1371321,2020-06-30,House,15,"Governor signed."
1371321,2020-07-07,House,16,"Chapter 11, (2020 Laws): Effective date June 30, 2020."
1371322,2020-06-24,House,1,"First reading. Referred to Speaker's desk."
1371322,2020-06-24,House,2,"Referred to The First Special Session of 2020."
1371322,2020-06-25,House,3,"Public Hearing and Work Session held."
1371322,2020-06-26,House,4,"Recommendation: Do pass with amendments and be printed A-Engrossed."
1371322,2020-06-26,House,5,"Second reading."
1371322,2020-06-26,House,6,"Rules suspended. Third reading. Carried by Alonso Leon. Passed. Ayes, 55; Nays, 2--Nearman, Reschke; Excused, 3--Barker, Barreto, Clem."
1371322,2020-06-26,House,7,"Vote explanation(s) filed by Leif, Smith DB, Wallan, Williams."
1371322,2020-06-26,Senate,8,"First reading. Referred to President's desk."
1371322,2020-06-26,Senate,9,"Referred to The First Special Session of 2020."
1371322,2020-06-26,Senate,10,"Recommendation: Do pass the A-Eng. bill."
1371322,2020-06-26,Senate,11,"Rules Suspended. Second reading."
1371322,2020-06-26,Senate,12,"Rules suspended. Third reading. Carried by Prozanski. Passed. Ayes, 26; Excused, 4--Hansell, Johnson, Linthicum, Olsen."
1371322,2020-06-26,Senate,13,"Vote explanations filed by Boquist, Prozanski, Taylor, Thatcher."
1371322,2020-06-29,House,14,"Speaker signed."
1371322,2020-06-30,Senate,15,"President signed."
1371322,2020-06-30,House,16,"Governor signed."
1371322,2020-07-07,House,17,"Chapter 5, (2020 Laws): Effective date June 30, 2020."
1371323,2020-06-24,House,1,"First reading. Referred to Speaker's desk."
1371323,2020-06-24,House,2,"Referred to The First Special Session of 2020."
1371323,2020-06-25,House,3,"Public Hearing and Work Session held."
1371323,2020-06-26,House,4,"Recommendation: Do pass with amendments and be printed A-Engrossed."
1371323,2020-06-26,House,5,"Second reading."
1371323,2020-06-26,House,6,"Rules suspended. Third reading. Carried by Hernandez. Passed. Ayes, 53; Nays, 4--Nearman, Reschke, Smith G, Wilson; Excused, 3--Barker, Barreto, Clem."
1371323,2020-06-26,House,7,"Vote explanation(s) filed by Leif, Smith DB, Sollman, Williams."
1371323,2020-06-26,Senate,8,"First reading. Referred to President's desk."
1371323,2020-06-26,Senate,9,"Referred to The First Special Session of 2020."
1371323,2020-06-26,Senate,10,"Recommendation: Do pass the A-Eng. bill."
1371323,2020-06-26,Senate,11,"Rules suspended. Second reading."
1371323,2020-06-26,Senate,12,"Rules suspended. Third reading. Carried by Manning Jr. Passed. Ayes, 25; Nays, 2--Boquist, Johnson; Excused, 3--Hansell, Linthicum, Olsen."
1371323,2020-06-26,Senate,13,"Boquist, excused, granted unanimous consent to vote nay."
1371323,2020-06-26,Senate,14,"Vote explanations filed by Boquist, Prozanski, Taylor, Thatcher."
1371323,2020-06-29,House,15,"Speaker signed."
1371323,2020-06-30,Senate,16,"President signed."
1371323,2020-06-30,House,17,"Governor signed."
1371323,2020-07-07,House,18,"Chapter 8, (2020 Laws): Effective date June 30, 2020."
1371324,2020-06-24,House,1,"First reading. Referred to Speaker's desk."
1371324,2020-06-24,House,2,"Referred to The First Special Session of 2020."
1371324,2020-06-25,House,3,"Public Hearing and Work Session held."
1371324,2020-06-26,House,4,"Recommendation: Do pass with amendments and be printed A-Engrossed."
1371324,2020-06-26,House,5,"Second reading."
1371324,2020-06-26,House,6,"Rules suspended. Third reading. Carried by Lawrence Spence. Passed. Ayes, 54; Nays, 3--Nearman, Reschke, Sprenger; Excused, 3--Barker, Barreto, Clem."
1371324,2020-06-26,House,7,"Vote explanation(s) filed by Leif, Smith DB, Wallan."
1371324,2020-06-26,Senate,8,"First reading. Referred to President's desk."
1371324,2020-06-26,Senate,9,"Referred to The First Special Session of 2020."
1371324,2020-06-26,Senate,10,"Recommendation: Do pass the A-Eng. bill."
1371324,2020-06-26,Senate,11,"Rules suspended. Second reading."
1371324,2020-06-26,Senate,12,"Rules suspended. Third reading. Carried by Frederick. Passed. Ayes, 26; Nays, 1--Boquist; Excused, 3--Hansell, Linthicum, Olsen."
1371324,2020-06-26,Senate,13,"Boquist, excused, granted unanimous consent to vote nay."
1371324,2020-06-26,Senate,14,"Vote explanations filed by Boquist, Prozanski, Taylor, Thatcher."
1371324,2020-06-29,House,15,"Speaker signed."
1371324,2020-06-30,Senate,16,"President signed."
1371324,2020-06-30,House,17,"Governor signed."
1371324,2020-07-07,House,18,"Chapter 7, (2020 Laws): Effective date June 30, 2020."
1371325,2020-06-24,House,1,"First reading. Referred to Speaker's desk."
1371325,2020-06-24,House,2,"Referred to The First Special Session of 2020."
1371325,2020-06-24,House,3,"Work Session held."
1371325,2020-06-24,House,4,"Recommendation: Do pass with amendments and be printed A-Engrossed."
1371325,2020-06-25,House,5,"Second reading."
1371325,2020-06-25,House,6,"Rules suspended. Third reading. Carried by Smith DB. Passed. Ayes, 56; Excused, 4--Barker, Barreto, Boshart Davis, Holvey."
1371325,2020-06-25,House,7,"Vote explanation(s) filed by Smith DB."
1371325,2020-06-26,Senate,8,"First reading. Referred to President's desk."
1371325,2020-06-26,Senate,9,"Referred to The First Special Session of 2020."
1371325,2020-06-26,Senate,10,"Recommendation: Do pass the A-Eng. bill."
1371325,2020-06-26,Senate,11,"Rules suspended. Second reading."
1371325,2020-06-26,Senate,12,"Rules suspended. Third reading. Carried by Heard. Passed. Ayes, 27; Excused, 3--Hansell, Linthicum, Olsen."
1371325,2020-06-26,Senate,13,"Vote explanation filed by Boquist."
1371325,2020-06-29,House,14,"Speaker signed."
1371325,2020-06-30,Senate,15,"President signed."
1371325,2020-06-30,House,16,"Governor signed."
1371325,2020-07-07,House,17,"Chapter 6, (2020 Laws): Effective date January 1, 2021."
1371326,2020-06-24,House,1,"First reading. Referred to Speaker's desk."
1371326,2020-06-24,House,2,"Referred to The First Special Session of 2020."
1371326,2020-06-25,House,3,"Public Hearing and Work Session held."
1371326,2020-06-26,House,4,"Recommendation: Do pass with amendments and be printed A-Engrossed."
1371326,2020-06-26,House,5,"Second reading."
1371326,2020-06-26,House,6,"Rules suspended. Third reading. Carried by Salinas. Passed. Ayes, 55; Nays, 2--Nearman, Reschke; Excused, 3--Barker, Barreto, Clem."
1371326,2020-06-26,House,7,"Vote explanation(s) filed by Leif, Smith DB, Wallan."
1371326,2020-06-26,Senate,8,"First reading. Referred to President's desk."
1371326,2020-06-26,Senate,9,"Referred to The First Special Session of 2020."
1371326,2020-06-26,Senate,10,"Recommendation: Do pass the A-Eng. bill."
1371326,2020-06-26,Senate,11,"Rules Suspended. Second reading."
1371326,2020-06-26,Senate,12,"Rules suspended. Third reading. Carried by Prozanski. Passed. Ayes, 25; Nays, 1--Boquist; Excused, 4--Baertschiger Jr, Hansell, Linthicum, Olsen."
1371326,2020-06-26,Senate,13,"Heard, excused, granted unanimous consent to vote aye."
1371326,2020-06-26,Senate,14,"Vote explanations filed by Boquist, Prozanski, Taylor, Thatcher."
1371326,2020-06-29,House,15,"Speaker signed."
1371326,2020-06-30,Senate,16,"President signed."
1371326,2020-06-30,House,17,"Governor signed."
1371326,2020-07-07,House,18,"Chapter 1, (2020 Laws): Effective date June 30, 2020."
1371327,2020-06-24,House,1,"First reading. Referred to Speaker's desk."
1371327,2020-06-24,House,2,"Referred to The First Special Session of 2020."
1371327,2020-06-26,House,3,"In committee upon adjournment."
1371328,2020-06-24,Senate,1,"Introduction and first reading. Referred to President's desk."
1371328,2020-06-24,Senate,2,"Referred to The First Special Session of 2020."
1371328,2020-06-25,Senate,3,"Public Hearing and Work Session held."
1371328,2020-06-26,Senate,4,"Recommendation: Do pass with amendments. (Printed A-Eng.)"
1371328,2020-06-26,Senate,5,"Rules suspended. Second reading."
1371328,2020-06-26,Senate,6,"Rules suspended. Third reading. Carried by Gelser. Passed. Ayes, 27; Excused, 3--Hansell, Linthicum, Olsen."
1371328,2020-06-26,Senate,7,"Vote explanation filed by Boquist."
1371328,2020-06-26,House,8,"First reading. Referred to Speaker's desk."
1371328,2020-06-26,House,9,"Referred to The First Special Session of 2020."
1371328,2020-06-26,House,10,"Recommendation: Do pass."
1371328,2020-06-26,House,11,"Rules suspended. Second reading."
1371328,2020-06-26,House,12,"Rules suspended. Third reading. Carried by Prusak. Passed. Ayes, 56; Excused, 4--Barker, Barreto, Clem, McKeown."
1371328,2020-06-30,Senate,13,"President signed."
1371328,2020-07-07,House,14,"Speaker signed."
1371328,2020-07-07,Senate,15,"Governor signed."
1371328,2020-07-13,Senate,16,"Chapter 20, 2020 Laws."
1371328,2020-07-13,Senate,17,"Effective date, July 7, 2020."
1371522,2020-06-25,House,1,"First reading. Referred to Speaker's desk."
1371522,2020-06-25,House,2,"Referred to The First Special Session of 2020."
1371522,2020-06-25,House,3,"Public Hearing and Work Session held."
1371522,2020-06-26,House,4,"Recommendation: Do pass with amendments and be printed A-Engrossed."
1371522,2020-06-26,House,5,"Second reading."
1371522,2020-06-26,House,6,"Rules suspended. Third reading. Carried by Sanchez. Passed. Ayes, 57; Excused, 3--Barker, Barreto, Clem."
1371522,2020-06-26,Senate,7,"First reading. Referred to President's desk."
1371522,2020-06-26,Senate,8,"Referred to The First Special Session of 2020."
1371522,2020-06-26,Senate,9,"Recommendation: Do pass the A-Eng. bill."
1371522,2020-06-26,Senate,10,"Rules suspended. Second reading."
1371522,2020-06-26,Senate,11,"Rules suspended. Third reading. Carried by Roblan. Passed. Ayes, 26; Excused, 4--Hansell, Linthicum, Olsen, Thomsen."
1371522,2020-06-26,Senate,12,"Vote explanation filed by Boquist."
1371522,2020-06-29,House,13,"Speaker signed."
1371522,2020-06-30,Senate,14,"President signed."
1371522,2020-06-30,House,15,"Governor signed."
1371522,2020-07-07,House,16,"Chapter 14, (2020 Laws): Effective date January 1, 2021."
