bill_id,roll_call_id,date,chamber,description,yea,nay,nv,absent,total
1371304,969016,2020-06-25,Senate,"Senate Committee Do adopt",14,0,0,0,14
1371304,969340,2020-06-26,Senate,"Senate Final Reading",24,0,0,6,30
1371304,969436,2020-06-26,House,"House Read and Adopted",56,0,0,4,60
1371305,968571,2020-06-24,House,"House Committee Do Pass",14,0,0,0,14
1371305,968877,2020-06-25,House,"House Third Reading",56,0,0,4,60
1371305,969289,2020-06-26,Senate,"Senate Third Reading",27,0,0,3,30
1371306,969015,2020-06-25,House,"House Committee Do pass with amendments. (Printed A-Eng.)",9,5,0,0,14
1371306,969274,2020-06-26,House,"House Third Reading",39,18,0,3,60
1371306,969327,2020-06-26,Senate,"Senate Third Reading",19,8,0,3,30
1371307,969027,2020-06-25,House,"House Committee Do pass with amendments. (Printed A-Eng.)",14,0,0,0,14
1371307,969353,2020-06-24,House,"House Committee Do pass the A-Eng bill",11,3,0,0,14
1371307,969354,2020-06-26,House,"House Third Reading",43,14,0,3,60
1371307,969355,2020-06-26,Senate,"Senate Third Reading",19,8,0,3,30
1371308,969001,2020-06-25,Senate,"Senate Committee Do pass",14,0,0,0,14
1371308,969257,2020-06-26,Senate,"Senate Third Reading",26,0,0,4,30
1371308,969362,2020-06-26,House,"House Third Reading",57,0,0,3,60
1371309,968999,2020-06-25,House,"House Committee Do pass with amendments. (Printed A-Eng.)",13,1,0,0,14
1371309,969318,2020-06-26,House,"House Third Reading",47,10,0,3,60
1371309,969376,2020-06-26,Senate,"Senate Third Reading",21,4,0,5,30
1371310,968540,2020-06-24,Senate,"Senate Committee Do pass",8,6,0,0,14
1371310,969221,2020-06-26,Senate,"Senate Third Reading",16,10,0,4,30
1371310,969281,2020-06-24,Senate,"Senate Committee Do Pass",8,6,0,0,14
1371310,969329,2020-06-26,House,"House Third Reading",38,19,0,3,60
1371311,969052,2020-06-25,House,"House Committee Do pass with amendments. (Printed A-Eng.)",14,0,0,0,14
1371311,969303,2020-06-26,House,"House Third Reading",52,5,0,3,60
1371311,969304,2020-06-26,Senate,"Senate Third Reading",25,1,0,4,30
1371312,968531,2020-06-24,House,"House Committee Do Pass",14,0,0,0,14
1371312,968894,2020-06-25,House,"House Third Reading",56,0,0,4,60
1371312,969264,2020-06-24,House,"House Committee Do pass",14,0,0,0,14
1371312,969265,2020-06-26,Senate,"Senate Third Reading",26,1,0,3,30
1371313,969036,2020-06-25,House,"House Committee Be Adopted",14,0,0,0,14
1371313,969345,2020-06-26,House,"House Read and Adopted",55,2,0,3,60
1371313,969346,2020-06-26,Senate,"Senate Final Reading",26,1,0,3,30
1371314,968977,2020-06-25,Senate,"Senate Committee Do pass with amendments. (Printed A-Eng.)",14,0,0,0,14
1371314,969252,2020-06-26,Senate,"Senate Third Reading",25,1,0,4,30
1371314,969361,2020-06-26,House,"House Third Reading",57,0,0,3,60
1371316,968998,2020-06-25,Senate,"Senate Committee Do pass with amendments. (Printed A-Eng.)",14,0,0,0,14
1371316,969263,2020-06-26,Senate,"Senate Third Reading",27,0,0,3,30
1371316,969316,2020-06-26,House,"House Third Reading",55,2,0,3,60
1371317,969003,2020-06-25,Senate,"Senate Committee Do pass",14,0,0,0,14
1371317,969260,2020-06-26,Senate,"Senate Third Reading",26,0,0,4,30
1371317,969370,2020-06-26,House,"House Third Reading",57,0,0,3,60
1371318,968475,2020-06-24,House,"House Committee Do Pass",8,6,0,0,14
1371318,968986,2020-06-25,House,"House Third Reading",44,13,0,3,60
1371318,969296,2020-06-26,Senate,"Senate Third Reading",20,7,0,3,30
1371319,968581,2020-06-24,Senate,"Senate Committee Do pass",14,0,0,0,14
1371319,969259,2020-06-26,Senate,"Senate Third Reading",26,0,0,4,30
1371319,969365,2020-06-26,House,"House Third Reading",56,0,0,4,60
1371320,968508,2020-06-24,Senate,"Senate Committee Do pass with amendments. (Printed A-Eng.)",14,0,0,0,14
1371320,969213,2020-06-26,Senate,"Senate Third Reading",24,2,0,4,30
1371320,969326,2020-06-26,House,"House Third Reading",57,0,0,3,60
1371321,968541,2020-06-24,House,"House Committee Do Pass",14,0,0,0,14
1371321,968907,2020-06-25,House,"House Third Reading",52,5,0,3,60
1371321,969276,2020-06-26,Senate,"Senate Third Reading",27,0,0,3,30
1371322,969072,2020-06-25,House,"House Committee Do pass with amendments. (Printed A-Eng.)",14,0,0,0,14
1371322,969308,2020-06-26,House,"House Third Reading",55,2,0,3,60
1371322,969309,2020-06-26,Senate,"Senate Third Reading",26,0,0,4,30
1371323,969028,2020-06-25,House,"House Committee Do pass with amendments. (Printed A-Eng.)",14,0,0,0,14
1371323,969282,2020-06-26,House,"House Third Reading",53,4,0,3,60
1371323,969330,2020-06-26,Senate,"Senate Third Reading",25,2,0,3,30
1371324,969051,2020-06-25,House,"House Committee Do pass with amendments. (Printed A-Eng.)",14,0,0,0,14
1371324,969301,2020-06-26,House,"House Third Reading",54,3,0,3,60
1371324,969302,2020-06-26,Senate,"Senate Third Reading",26,0,0,4,30
1371325,968553,2020-06-24,House,"House Committee Do pass with amendments. (Printed A-Eng.)",14,0,0,0,14
1371325,968867,2020-06-25,House,"House Third Reading",56,0,0,4,60
1371325,969288,2020-06-26,Senate,"Senate Third Reading",27,0,0,3,30
1371326,969017,2020-06-25,House,"House Committee Do pass with amendments. (Printed A-Eng.)",14,0,0,0,14
1371326,969267,2020-06-26,House,"House Third Reading",55,2,0,3,60
1371326,969325,2020-06-26,Senate,"Senate Third Reading",25,1,0,4,30
1371328,969012,2020-06-25,Senate,"Senate Committee Do pass with amendments. (Printed A-Eng.)",14,0,0,0,14
1371328,969261,2020-06-26,Senate,"Senate Third Reading",27,0,0,3,30
1371328,969364,2020-06-26,House,"House Third Reading",56,0,0,4,60
1371522,969084,2020-06-25,House,"House Committee Do pass with amendments. (Printed A-Eng.)",14,0,0,0,14
1371522,969356,2020-06-26,House,"House Third Reading",57,0,0,3,60
1371522,969357,2020-06-26,Senate,"Senate Third Reading",26,0,0,4,30
