bill_id,roll_call_id,date,chamber,description,yea,nay,nv,absent,total
1068175,694753,2018-02-05,House,"House Committee Do pass with amendments. (Printed A-Eng.)",11,0,0,0,11
1068175,698033,2018-02-09,House,"House Third Reading",58,0,0,2,60
1068175,704658,2018-02-19,Senate,"Senate Committee Do pass",5,0,0,0,5
1068175,708062,2018-02-22,Senate,"Senate Third Reading",29,0,0,1,30
1068177,700872,2018-02-13,Senate,"Senate Committee Do pass and refer to Ways and Means by prior reference",5,0,0,0,5
1068180,701783,2018-02-14,House,"House Committee Do pass with amendments and be referred to Ways and Means by prior reference. (Printed A-Eng.)",11,0,0,0,11
1068181,707791,2018-02-22,House,"House Committee Do pass with amendments. (Printed A-Eng.)",9,0,0,0,9
1068181,712912,2018-02-28,House,"House Third Reading",60,0,0,0,60
1068181,714839,2018-03-02,Senate,"Senate Committee Do pass with amendments to the A-Eng bill. (Printed B-Eng.)",4,0,0,1,5
1068181,715409,2018-03-03,Senate,"Senate Third Reading",28,1,0,1,30
1068181,715570,2018-03-03,House,"House Third Reading in Concurrence",58,0,0,2,60
1068182,702479,2018-02-15,House,"House Committee Do pass with amendments. (Printed A-Eng.)",11,0,0,0,11
1068182,706331,2018-02-21,House,"House Third Reading",55,0,0,5,60
1068182,710715,2018-02-27,Senate,"Senate Committee Do pass the A-Eng bill",7,0,0,0,7
1068182,714328,2018-03-01,Senate,"Senate Third Reading",29,0,0,1,30
1068184,694754,2018-02-05,House,"House Committee Do pass with amendments. (Printed A-Eng.)",10,0,0,1,11
1068184,697142,2018-02-08,House,"House Third Reading",59,0,0,1,60
1068184,709930,2018-02-26,Senate,"Senate Committee Do pass with amendments to the A-Eng bill. (Printed B-Eng.)",5,0,0,0,5
1068184,714006,2018-03-01,Senate,"Senate Third Reading",29,0,0,1,30
1068184,715520,2018-03-03,House,"House Third Reading in Concurrence",59,0,0,1,60
1068185,701652,2018-02-14,House,"House Committee Do pass with amendments and be referred to Rules. (Printed A-Eng.)",6,5,0,0,11
1068186,702281,2018-02-15,Senate,"Senate Committee Do pass with amendments. (Printed A-Eng.)",7,0,0,0,7
1068186,704819,2018-02-20,Senate,"Senate Third Reading",28,0,0,2,30
1068186,710676,2018-02-27,House,"House Committee Do pass with amendments to the A-Eng bill. (Printed B-Eng.)",10,0,0,1,11
1068186,715115,2018-03-02,House,"House Third Reading",59,0,0,1,60
1068186,715478,2018-03-03,Senate,"Senate Third Reading in Concurrence",29,0,0,1,30
1068187,701663,2018-02-14,Senate,"Senate Committee Do pass with amendments. (Printed A-Eng.)",7,0,0,0,7
1068187,704235,2018-02-19,Senate,"Senate Third Reading",27,0,0,3,30
1068187,710174,2018-02-26,House,"House Committee Do pass with amendments to the A-Eng bill, and be referred to Rules. (Printed B-Eng)",6,5,0,0,11
1068189,699156,2018-02-12,Senate,"Senate Committee Do pass with amendments. (Printed A-Eng.)",7,0,0,0,7
1068189,703654,2018-02-16,Senate,"Senate Motion to Refer",14,11,0,5,30
1068191,700091,2018-02-13,House,"House Committee Do pass and be referred to Ways and Means by prior reference",7,2,0,0,9
1068191,712509,2018-02-28,House,"House Committee Do Pass",21,0,0,2,23
1068191,713783,2018-03-01,House,"House Third Reading",51,7,0,2,60
1068191,714946,2018-03-02,Senate,"Senate Third Reading",22,6,0,2,30
1068192,701502,2018-02-14,House,"House Committee Do pass with amendments. (Printed A-Eng.)",6,2,0,1,9
1068192,705310,2018-02-20,House,"House Third Reading",35,24,0,1,60
1068192,709760,2018-02-26,Senate,"Senate Committee Without recommendation as to passage and request referral to Rules",7,0,0,0,7
1068193,694756,2018-02-05,House,"House Committee Do pass with amendments. (Printed A-Eng.)",11,0,0,0,11
1068193,697127,2018-02-08,House,"House Third Reading",59,0,0,1,60
1068193,704550,2018-02-19,Senate,"Senate Committee Do pass the A-Eng bill",4,0,0,1,5
1068193,707885,2018-02-22,Senate,"Senate Third Reading",29,0,0,1,30
1068194,696524,2018-02-07,Senate,"Senate Committee Do pass with amendments. (Printed A-Eng.)",4,0,0,1,5
1068194,700426,2018-02-13,Senate,"Senate Third Reading",28,0,0,2,30
1068194,704094,2018-02-19,House,"House Committee Do Pass the A-Eng bill",9,0,0,0,9
1068194,707168,2018-02-21,House,"House Third Reading",42,14,0,4,60
1068197,701562,2018-02-14,House,"House Committee Without recommendation as to passage, with amendments, and be referred to Rules. (Printed A-Eng.)",6,5,0,0,11
1068198,699166,2018-02-12,House,"House Committee Do Pass",8,3,0,0,11
1068198,703528,2018-02-16,House,"House Third Reading",57,2,0,1,60
1068198,706447,2018-02-21,Senate,"Senate Committee Do pass",5,0,0,0,5
1068198,709601,2018-02-26,Senate,"Senate Third Reading",27,0,0,3,30
1068201,698731,2018-02-12,House,"House Committee Do pass with amendments and rescind subsequent referral to Ways and Means. (Printed A-Eng.)",9,0,0,0,9
1068201,703254,2018-02-15,House,"House Third Reading",51,6,0,3,60
1068201,709936,2018-02-26,Senate,"Senate Committee Do pass the A-Eng bill",9,0,0,1,10
1068201,714154,2018-03-01,Senate,"Senate Third Reading",24,5,0,1,30
1068202,696748,2018-02-07,Senate,"Senate Committee Do pass",5,0,0,0,5
1068202,699224,2018-02-12,Senate,"Senate Third Reading",27,0,0,3,30
1068202,706830,2018-02-21,House,"House Committee Do Pass",8,0,0,3,11
1068202,708892,2018-02-23,House,"House Third Reading",56,0,0,4,60
1068204,699078,2018-02-12,House,"House Committee Do pass with amendments. (Printed A-Eng.)",7,2,0,0,9
1068204,703028,2018-02-15,House,"House Third Reading",50,8,0,2,60
1068204,709874,2018-02-26,Senate,"Senate Committee Do pass the A-Eng bill",5,2,0,0,7
1068204,713624,2018-03-01,Senate,"Senate Third Reading",21,8,0,1,30
1068205,702729,2018-02-15,House,"House Committee Do pass with amendments and be referred to Ways and Means by prior reference. (Printed A-Eng.)",9,0,0,0,9
1068205,715332,2018-03-02,House,"House Committee Do pass with amendments. (Printed B-Eng.)",22,0,0,1,23
1068205,715427,2018-03-03,House,"House Third Reading",58,0,0,2,60
1068205,715504,2018-03-03,Senate,"Senate Third Reading",29,0,0,1,30
1068206,699174,2018-02-12,Senate,"Senate Committee Do pass with amendments. (Printed A-Eng.)",7,0,0,0,7
1068206,702993,2018-02-15,Senate,"Senate Third Reading",24,0,0,6,30
1068206,711029,2018-02-27,House,"House Committee Do Pass the A-Eng bill",9,0,0,0,9
1068206,715350,2018-03-02,House,"House Third Reading",49,0,0,11,60
1068209,695394,2018-02-06,House,"House Committee Do Pass",9,0,0,0,9
1068209,698249,2018-02-09,House,"House Third Reading",58,0,0,2,60
1068209,708161,2018-02-22,Senate,"Senate Committee Do pass",5,0,0,0,5
1068209,710042,2018-02-26,Senate,"Senate Third Reading",28,0,0,2,30
1068210,701091,2018-02-14,House,"House Committee Do pass and be referred to Ways and Means by prior reference",11,0,0,0,11
1068213,702544,2018-02-15,House,"House Committee Do pass with amendments. (Printed A-Eng.)",11,0,0,0,11
1068213,706272,2018-02-21,House,"House Third Reading",55,0,0,5,60
1068213,710644,2018-02-27,Senate,"Senate Committee Do pass with amendments to the A-Eng bill. (Printed B-Eng.)",5,0,0,0,5
1068213,714165,2018-03-01,Senate,"Senate Third Reading",29,0,0,1,30
1068213,715445,2018-03-03,House,"House Third Reading in Concurrence",59,0,0,1,60
1068214,701680,2018-02-14,Senate,"Senate Committee Do pass with amendments. Refer to Rules then to Ways and Means by prior reference. (Printed A-Eng.)",4,3,0,0,7
1068215,699458,2018-02-12,House,"House Committee Do pass with amendments. (Printed A-Eng.)",11,0,0,0,11
1068215,702843,2018-02-15,House,"House Third Reading",58,0,0,2,60
1068215,711106,2018-02-27,Senate,"Senate Committee Do pass the A-Eng bill",7,0,0,0,7
1068215,713835,2018-03-01,Senate,"Senate Third Reading",29,0,0,1,30
1068216,699102,2018-02-12,House,"House Committee Do Pass",9,0,0,0,9
1068216,703506,2018-02-16,House,"House Third Reading",57,3,0,0,60
1068216,707569,2018-02-22,Senate,"Senate Committee Do pass",5,0,0,0,5
1068216,709699,2018-02-26,Senate,"Senate Third Reading",24,4,0,2,30
1068217,703318,2018-02-15,House,"House Committee Do pass with amendments. (Printed A-Eng.)",9,0,0,0,9
1068217,705960,2018-02-20,House,"House Third Reading",57,2,0,1,60
1068217,709932,2018-02-26,Senate,"Senate Committee Do pass with amendments to the A-Eng bill. (Printed B-Eng.)",7,0,0,0,7
1068217,713690,2018-03-01,Senate,"Senate Third Reading",29,0,0,1,30
1068217,715538,2018-03-03,House,"House Third Reading in Concurrence",56,2,0,2,60
1068219,698275,2018-02-09,House,"House Committee Do pass with amendments. (Printed A-Eng.)",8,0,0,3,11
1068219,701526,2018-02-14,House,"House Third Reading",59,0,0,1,60
1068219,707505,2018-02-22,Senate,"Senate Committee Do pass with amendments. (Printed B-Eng.)",7,0,0,0,7
1068219,709941,2018-02-26,Senate,"Senate Third Reading",27,0,0,3,30
1068219,711107,2018-02-27,House,"House Third Reading in Concurrence",58,0,0,2,60
1068220,695508,2018-02-06,House,"House Committee Be adopted with amendments. (Printed A-Eng.)",8,0,0,1,9
1068220,703598,2018-02-16,House,"House Special Order",60,0,0,0,60
1068220,709541,2018-02-26,Senate,"Senate Committee Be adopted",4,0,0,0,4
1068220,712166,2018-02-28,Senate,"Senate Final Reading",27,0,0,3,30
1068222,701114,2018-02-14,House,"House Committee Do pass with amendments. (Printed A-Eng.)",8,0,0,1,9
1068222,704231,2018-02-19,House,"House Third Reading",58,0,0,2,60
1068222,706941,2018-02-21,Senate,"Senate Committee Do pass the A-Eng bill",4,0,0,1,5
1068222,709591,2018-02-26,Senate,"Senate Third Reading",27,0,0,3,30
1068224,701370,2018-02-14,House,"House Committee Do pass with amendments and be referred to Ways and Means by prior reference. (Printed A-Eng.)",10,1,0,0,11
1068225,702015,2018-02-14,House,"House Committee Do pass with amendments. (Printed A-Eng.)",11,0,0,0,11
1068225,704602,2018-02-19,House,"House Third Reading",58,0,0,2,60
1068225,707968,2018-02-22,Senate,"Senate Committee Do pass the A-Eng bill",5,0,0,0,5
1068225,711013,2018-02-27,Senate,"Senate Third Reading",28,0,0,2,30
1068227,701671,2018-02-14,Senate,"Senate Committee Do pass with amendments. (Printed A-Eng.)",7,0,0,0,7
1068227,704453,2018-02-19,Senate,"Senate Third Reading",27,0,0,3,30
1068227,707557,2018-02-22,House,"House Committee Do Pass",9,0,0,0,9
1068227,710945,2018-02-27,House,"House Third Reading",57,0,0,3,60
1068228,696477,2018-02-07,House,"House Committee Do pass and be referred to Ways and Means by prior reference",11,0,0,0,11
1068229,696227,2018-02-07,Senate,"Senate Committee Be adopted with amendments. (Printed A-Eng.)",4,0,0,0,4
1068229,702404,2018-02-15,Senate,"Senate Final Reading",24,0,0,6,30
1068229,711440,2018-02-27,House,"House Committee Do adopt the A-Eng measure",7,0,0,1,8
1068229,714657,2018-03-02,House,"House Special Order",60,0,0,0,60
1068231,702274,2018-02-14,House,"House Committee Do pass. Refer to Rules, then to Ways and Means by prior reference",5,4,0,0,9
1068232,695753,2018-02-06,House,"House Committee Do pass with amendments. (Printed A-Eng.)",11,0,0,0,11
1068232,698303,2018-02-09,House,"House Third Reading",58,0,0,2,60
1068232,703493,2018-02-16,Senate,"Senate Committee Do pass the A-Eng bill",7,0,0,0,7
1068232,705340,2018-02-20,Senate,"Senate Third Reading",28,0,0,2,30
1068234,700133,2018-02-13,House,"House Committee Do Pass",7,0,0,1,8
1068234,703968,2018-02-16,House,"House Third Reading",56,0,0,4,60
1068234,709535,2018-02-26,Senate,"Senate Committee Do pass",4,0,0,0,4
1068234,712027,2018-02-28,Senate,"Senate Third Reading",28,0,0,2,30
1068236,697491,2018-02-08,Senate,"Senate Committee Do pass",5,0,0,0,5
1068236,699328,2018-02-12,Senate,"Senate Third Reading",27,0,0,3,30
1068236,709739,2018-02-26,House,"House Committee Do Pass",11,0,0,0,11
1068236,714356,2018-03-01,House,"House Third Reading",56,3,0,1,60
1068237,700888,2018-02-13,Senate,"Senate Committee Be adopted",5,0,0,0,5
1068237,707989,2018-02-22,Senate,"Senate Final Reading",29,0,0,1,30
1068237,711015,2018-02-27,House,"House Committee Be Adopted",9,0,0,0,9
1068237,713499,2018-03-01,House,"House Read and Adopted",59,0,0,1,60
1068238,695518,2018-02-06,House,"House Committee Be Adopted",8,0,0,1,9
1068238,702847,2018-02-15,House,"House Special Order",60,0,0,0,60
1068238,706534,2018-02-21,Senate,"Senate Committee Be adopted",7,0,0,0,7
1068238,710002,2018-02-26,Senate,"Senate Final Reading",28,0,0,2,30
1068240,703044,2018-02-15,House,"House Committee Do pass with amendments and rescind subsequent referral to Ways and Means. (Printed A-Eng.)",9,0,0,0,9
1068240,707131,2018-02-21,House,"House Third Reading",55,0,0,5,60
1068240,709460,2018-02-23,Senate,"Senate Committee Do pass the A-Eng bill",6,0,0,1,7
1068240,712799,2018-02-28,Senate,"Senate Third Reading",28,0,0,2,30
1068241,695510,2018-02-06,House,"House Committee Be Adopted",8,0,0,1,9
1068241,700003,2018-02-13,House,"House Special Order",60,0,0,0,60
1068241,702932,2018-02-15,Senate,"Senate Committee Be adopted",4,0,0,1,5
1068241,705788,2018-02-20,Senate,"Senate Final Reading",28,0,0,2,30
1068242,701100,2018-02-14,House,"House Committee Do pass with amendments and be referred to Ways and Means by prior reference. (Printed A-Eng.)",8,0,0,1,9
1068243,702163,2018-02-14,House,"House Committee Do pass with amendments. (Printed A-Eng.)",8,3,0,0,11
1068243,705632,2018-02-20,House,"House Third Reading",35,23,0,2,60
1068243,712092,2018-02-27,Senate,"Senate Committee Without recommendation as to passage and request referral to Rules",4,1,0,0,5
1068244,700214,2018-02-13,Senate,"Senate Committee Do pass with amendments. Refer to Ways and Means by prior reference. (Printed A-Eng)",5,0,0,0,5
1068244,715086,2018-03-02,Senate,"Senate Committee Do pass with amendments to the A-Eng bill. (Printed B-Eng.)",22,0,0,1,23
1068244,715522,2018-03-03,Senate,"Senate Third Reading",29,0,0,1,30
1068244,715523,2018-03-03,House,"House Third Reading",58,0,0,2,60
1068245,695520,2018-02-06,House,"House Committee Be Adopted",8,0,0,1,9
1068245,699899,2018-02-13,House,"House Special Order",60,0,0,0,60
1068245,709555,2018-02-26,Senate,"Senate Committee Be adopted",4,0,0,0,4
1068245,712217,2018-02-28,Senate,"Senate Final Reading",27,0,0,3,30
1068246,702279,2018-02-15,House,"House Committee Do pass with amendments and be referred to Ways and Means by prior reference. (Printed A-Eng.)",8,1,0,0,9
1068247,700163,2018-02-13,House,"House Committee Do pass with amendments and rescind subsequent referral to Ways and Means. (Printed A-Eng.)",9,0,0,0,9
1068247,704218,2018-02-19,House,"House Third Reading",57,0,0,3,60
1068247,706790,2018-02-21,Senate,"Senate Committee Do pass the A-Eng bill",5,0,0,2,7
1068247,709763,2018-02-26,Senate,"Senate Third Reading",27,1,0,2,30
1068248,695523,2018-02-06,House,"House Committee Be Adopted",8,0,0,1,9
1068248,698924,2018-02-12,House,"House Special Order",60,0,0,0,60
1068248,709559,2018-02-26,Senate,"Senate Committee Be adopted",4,0,0,0,4
1068248,712202,2018-02-28,Senate,"Senate Final Reading",28,0,0,2,30
1068249,694314,2018-02-05,House,"House Committee Do Pass",10,0,0,1,11
1068249,697354,2018-02-08,House,"House Third Reading",59,0,0,1,60
1068249,703467,2018-02-16,Senate,"Senate Committee Do pass",7,0,0,0,7
1068249,706788,2018-02-21,Senate,"Senate Third Reading",29,0,0,1,30
1068250,703221,2018-02-15,House,"House Committee Do pass with amendments and rescind subsequent referral to Ways and Means. (Printed A-Eng.)",11,0,0,0,11
1068250,707043,2018-02-21,House,"House Third Reading",55,0,0,5,60
1068250,711055,2018-02-27,Senate,"Senate Committee Do pass the A-Eng bill",5,2,0,0,7
1068250,714182,2018-03-01,Senate,"Senate Third Reading",23,5,0,2,30
1068251,702320,2018-02-13,Senate,"Senate Committee Do pass with amendments. Refer to Ways and Means by prior reference. (Printed A-Eng)",5,0,0,0,5
1068251,715139,2018-03-02,Senate,"Senate Committee Do pass with amendments to the A-Eng bill. (Printed B-Eng.)",21,1,0,1,23
1068251,715428,2018-03-03,Senate,"Senate Third Reading",29,0,0,1,30
1068251,715530,2018-03-03,House,"House Third Reading",40,18,0,2,60
1068252,695371,2018-02-06,Senate,"Senate Committee Do pass with amendments. (Printed A-Eng.)",4,0,0,1,5
1068252,698781,2018-02-12,Senate,"Senate Third Reading",16,11,0,3,30
1068252,707472,2018-02-22,House,"House Committee Do Pass the A-Eng bill",5,4,0,0,9
1068252,712447,2018-02-28,House,"House Committee Do pass with amendments to the A-Eng bill. (Printed B-Eng.)",9,0,0,0,9
1068252,714963,2018-03-02,House,"House Third Reading",49,0,0,11,60
1068252,715494,2018-03-03,Senate,"Senate Third Reading in Concurrence",25,4,0,1,30
1068253,696218,2018-02-07,House,"House Committee Do pass and rescind subsequent referral to Ways and Means",8,0,0,1,9
1068253,699212,2018-02-12,House,"House Third Reading",58,0,0,2,60
1068253,709929,2018-02-26,Senate,"Senate Committee Do pass with amendments. (Printed A-Eng.)",4,1,0,0,5
1068253,714012,2018-03-01,Senate,"Senate Third Reading",20,8,0,2,30
1068253,715499,2018-03-03,House,"House Third Reading in Concurrence",36,22,0,2,60
1068257,701666,2018-02-14,House,"House Committee Do pass with amendments and be referred to Information Management and Technology, then to Ways and Means. (Printed A-Eng.)",11,0,0,0,11
1068257,709383,2018-02-23,House,"House Committee Do pass with amendments to the A-Eng bill, and be referred to Ways and Means by prior reference. (Printed B-Eng)",4,2,0,0,6
1068257,715096,2018-03-02,House,"House Committee Do pass with amendments. (Printed C-Eng.)",20,2,0,1,23
1068257,715524,2018-03-03,House,"House Third Reading",58,0,0,2,60
1068257,715525,2018-03-03,Senate,"Senate Third Reading",21,8,0,1,30
1068259,696517,2018-02-07,Senate,"Senate Committee Do pass with amendments. (Printed A-Eng.)",4,0,0,1,5
1068259,698837,2018-02-12,Senate,"Senate Third Reading",27,0,0,3,30
1068259,704103,2018-02-19,House,"House Committee Do Pass the A-Eng bill",9,0,0,0,9
1068259,706958,2018-02-21,House,"House Third Reading",56,0,0,4,60
1068260,699155,2018-02-12,House,"House Committee Do Pass",11,0,0,0,11
1068260,702860,2018-02-15,House,"House Third Reading",58,0,0,2,60
1068260,706474,2018-02-21,Senate,"Senate Committee Do pass",5,0,0,0,5
1068260,709860,2018-02-26,Senate,"Senate Third Reading",25,2,0,3,30
1068261,700072,2018-02-13,House,"House Committee Do pass with amendments. (Printed A-Eng.)",9,0,0,0,9
1068261,704597,2018-02-19,House,"House Third Reading",57,0,0,3,60
1068261,709301,2018-02-23,Senate,"Senate Committee Do pass with amendments to the A-Eng bill. (Printed B-Eng.)",6,0,0,1,7
1068261,711981,2018-02-28,Senate,"Senate Third Reading",27,1,0,2,30
1068261,714486,2018-03-01,House,"House Third Reading in Concurrence",40,19,0,1,60
1068262,703029,2018-02-15,Senate,"Senate Committee Do pass with amendments. (Printed A-Eng.)",6,0,0,1,7
1068262,706427,2018-02-21,Senate,"Senate Third Reading",29,0,0,1,30
1068262,709745,2018-02-26,House,"House Committee Do pass with amendments. (Printed B-Eng.)",11,0,0,0,11
1068262,714023,2018-03-01,House,"House Third Reading",58,1,0,1,60
1068262,714688,2018-03-02,Senate,"Senate Third Reading in Concurrence",29,0,0,1,30
1068263,695511,2018-02-06,House,"House Committee Be adopted with amendments. (Printed A-Eng.)",8,0,0,1,9
1068263,703757,2018-02-16,House,"House Special Order",60,0,0,0,60
1068263,709562,2018-02-26,Senate,"Senate Committee Be adopted",4,0,0,0,4
1068263,712145,2018-02-28,Senate,"Senate Final Reading",27,0,0,3,30
1068265,696537,2018-02-07,Senate,"Senate Committee Do pass with amendments. Refer to Ways and Means by prior reference. (Printed A-Eng)",4,0,0,1,5
1068265,713108,2018-02-28,Senate,"Senate Committee Do pass with amendments to the A-Eng bill. (Printed B-Eng.)",18,1,0,4,23
1068265,713771,2018-03-01,Senate,"Senate Third Reading",29,0,0,1,30
1068265,715536,2018-03-03,House,"House Third Reading",55,3,0,2,60
1068266,701332,2018-02-14,Senate,"Senate Committee Do pass with amendments. (Printed A-Eng.)",5,0,0,0,5
1068266,704895,2018-02-20,Senate,"Senate Third Reading",27,0,0,3,30
1068266,708887,2018-02-23,House,"House Committee Do pass with amendments to the A-Eng bill. (Printed B-Eng.)",11,0,0,0,11
1068266,713943,2018-03-01,House,"House Third Reading",59,0,0,1,60
1068266,714651,2018-03-02,Senate,"Senate Third Reading in Concurrence",27,1,0,2,30
1068267,711099,2018-02-27,House,"House Committee Do pass with amendments. (Printed A-Eng.)",7,2,0,0,9
1068267,714018,2018-03-01,House,"House Third Reading",35,23,0,2,60
1068267,714694,2018-03-02,Senate,"Senate Committee Do pass the A-Eng bill",4,0,0,1,5
1068267,715334,2018-03-02,Senate,"Senate Third Reading",23,4,0,3,30
1068268,700658,2018-02-13,Senate,"Senate Committee Do pass",5,0,0,0,5
1068268,703479,2018-02-16,Senate,"Senate Third Reading",25,0,0,5,30
1068268,707531,2018-02-22,House,"House Committee Do Pass",9,0,0,0,9
1068268,711116,2018-02-27,House,"House Third Reading",57,0,0,3,60
1068270,701582,2018-02-14,Senate,"Senate Committee Do pass with amendments and requesting referral to Finance and Revenue. (Printed A-Engrossed.)",6,1,0,0,7
1068270,704765,2018-02-20,Senate,"Senate Committee Do pass",4,0,0,2,6
1068270,709012,2018-02-23,Senate,"Senate Third Reading",26,3,0,1,30
1068270,714022,2018-03-01,House,"House Committee Do Pass the A-Eng bill",8,0,0,1,9
1068270,715480,2018-03-03,House,"House Third Reading",56,2,0,2,60
1068271,697481,2018-02-08,House,"House Committee Do Pass",8,0,0,1,9
1068271,703176,2018-02-15,House,"House Third Reading",60,0,0,0,60
1068271,706543,2018-02-21,Senate,"Senate Committee Do pass",7,0,0,0,7
1068271,710013,2018-02-26,Senate,"Senate Third Reading",28,0,0,2,30
1068272,697952,2018-02-09,Senate,"Senate Committee Do pass with amendments. (Printed A-Eng.)",3,2,0,0,5
1068272,700036,2018-02-13,Senate,Senate,12,16,0,2,30
1068272,700037,2018-02-13,Senate,"Senate Third Reading",28,0,0,2,30
1068272,712126,2018-02-28,House,"House Committee Do pass with amendments. (Printed B-Eng.)",5,4,0,0,9
1068272,714980,2018-03-02,House,"House Motion to substitute Minority Report",25,35,0,0,60
1068272,714981,2018-03-02,House,"House Third Reading",39,21,0,0,60
1068272,715411,2018-03-03,Senate,"Senate Third Reading in Concurrence",29,0,0,1,30
1068273,700809,2018-02-13,House,"House Committee Do pass with amendments. (Printed A-Eng.)",8,0,0,1,9
1068273,704184,2018-02-19,House,"House Third Reading",57,0,0,3,60
1068273,708650,2018-02-22,Senate,"Senate Committee Do pass the A-Eng bill",5,0,0,0,5
1068273,711196,2018-02-27,Senate,"Senate Third Reading",28,0,0,2,30
1068275,702590,2018-02-14,House,"House Committee Do pass with amendments and be referred to Rules. (Printed A-Eng.)",5,4,0,0,9
1068276,701690,2018-02-14,Senate,"Senate Committee Do pass with amendments. (Printed A-Eng.)",7,0,0,0,7
1068276,704581,2018-02-19,Senate,"Senate Third Reading",27,0,0,3,30
1068276,707536,2018-02-22,House,"House Committee Do Pass",9,0,0,0,9
1068276,711531,2018-02-27,House,"House Third Reading",57,0,0,3,60
1068277,701635,2018-02-14,House,"House Committee Without recommendation as to passage, with amendments, and be referred to Rules. (Printed A-Eng.)",7,4,0,0,11
1068277,705772,2018-02-20,House,"House Committee Do pass with amendments to the A-Eng bill. (Printed B-Eng.)",5,4,0,0,9
1068277,710053,2018-02-26,House,"House Third Reading",31,26,0,3,60
1068279,700105,2018-02-13,House,"House Committee Be adopted with amendments and rescind subsequent referral to Rules. (Printed A-Eng.)",9,0,0,0,9
1068279,704615,2018-02-19,House,"House Read and Adopted",54,0,0,6,60
1068279,708573,2018-02-22,Senate,"Senate Committee Be adopted and refer to Rules by prior reference",5,0,0,0,5
1068279,711076,2018-02-27,Senate,"Senate Committee Do adopt the A-Eng measure",5,0,0,0,5
1068279,713909,2018-03-01,Senate,"Senate Final Reading",24,5,0,1,30
1068280,697954,2018-02-09,Senate,"Senate Committee Do pass",5,0,0,0,5
1068280,699911,2018-02-13,Senate,"Senate Third Reading",28,0,0,2,30
1068280,712115,2018-02-28,House,"House Committee Do pass with amendments. (Printed A-Eng.)",9,0,0,0,9
1068280,715010,2018-03-02,House,"House Third Reading",57,1,0,2,60
1068280,715420,2018-03-03,Senate,"Senate Third Reading in Concurrence",29,0,0,1,30
1068281,699157,2018-02-12,House,"House Committee Do pass and be referred to Ways and Means by prior reference",8,0,0,1,9
1068281,715108,2018-03-02,House,"House Committee Do Pass",22,0,0,1,23
1068281,715528,2018-03-03,House,"House Third Reading",55,3,0,2,60
1068281,715529,2018-03-03,Senate,"Senate Third Reading",26,3,0,1,30
1068282,703286,2018-02-15,House,"House Committee Do pass with amendments and be referred to Ways and Means by prior reference. (Printed A-Eng.)",8,0,0,0,8
1068283,696300,2018-02-07,Senate,"Senate Committee Do pass and refer to Ways and Means by prior reference",5,0,0,0,5
1068284,701367,2018-02-14,Senate,"Senate Committee Do pass with amendments. (Printed A-Eng.)",5,0,0,0,5
1068284,704359,2018-02-19,Senate,"Senate Third Reading",27,0,0,3,30
1068284,709242,2018-02-23,House,"House Committee Do Pass the A-Eng bill",9,2,0,0,11
1068284,713636,2018-03-01,House,"House Committee Do pass with amendments to the A-Eng bill. (Printed B-Eng.)",9,0,0,0,9
1068284,714930,2018-03-02,House,"House Third Reading",53,7,0,0,60
1068284,715406,2018-03-03,Senate,"Senate Third Reading in Concurrence",26,3,0,1,30
1068285,702598,2018-02-15,Senate,"Senate Committee Do pass with amendments and requesting referral to Rules. (Printed A-Engrossed.)",5,0,0,0,5
1068285,712927,2018-02-28,Senate,"Senate Committee Do pass with amendments to the A-Eng bill. (Printed B-Eng.)",5,0,0,0,5
1068285,714441,2018-03-01,Senate,"Senate Third Reading",29,0,0,1,30
1068285,715509,2018-03-03,House,"House Committee Do Pass the B-Eng bill",9,0,0,0,9
1068285,715510,2018-03-03,House,"House Third Reading",57,1,0,2,60
1068286,695065,2018-02-05,Senate,"Senate Final Reading",30,0,0,0,30
1068286,695066,2018-02-05,House,"House Read and Adopted",59,0,0,1,60
1068287,701534,2018-02-14,House,"House Committee Do pass with amendments. (Printed A-Eng.)",11,0,0,0,11
1068287,705137,2018-02-20,House,"House Third Reading",52,0,0,8,60
1068287,712043,2018-02-27,Senate,"Senate Committee Do pass the A-Eng bill",5,0,0,0,5
1068287,714696,2018-03-02,Senate,"Senate Third Reading",29,0,0,1,30
1068288,703218,2018-02-15,House,"House Committee Do pass with amendments. (Printed A-Eng.)",11,0,0,0,11
1068288,706519,2018-02-21,House,"House Third Reading",56,0,0,4,60
1068288,710475,2018-02-27,Senate,"Senate Committee Do pass the A-Eng bill",7,0,0,0,7
1068288,714190,2018-03-01,Senate,"Senate Third Reading",27,1,0,2,30
1068289,698953,2018-02-09,House,"House Committee Do pass with amendments. (Printed A-Eng.)",10,0,0,1,11
1068289,703949,2018-02-16,House,"House Third Reading",59,0,0,1,60
1068289,708388,2018-02-22,Senate,"Senate Committee Do pass the A-Eng bill",5,0,0,0,5
1068289,711429,2018-02-27,Senate,"Senate Third Reading",21,8,0,1,30
1068290,696951,2018-02-07,House,"House Committee Be adopted with amendments and rescind subsequent referral to Rules. (Printed A-Eng.)",6,3,0,2,11
1068290,700123,2018-02-13,House,"House Read and Adopted",35,25,0,0,60
1068291,700558,2018-02-13,House,"House Committee Do pass with amendments. (Printed A-Eng.)",11,0,0,0,11
1068291,704608,2018-02-19,House,"House Third Reading",57,0,0,3,60
1068291,711097,2018-02-27,Senate,"Senate Committee Do pass with amendments to the A-Eng bill. (Printed B-Eng.)",4,3,0,0,7
1068291,714206,2018-03-01,Senate,"Senate Third Reading",18,10,0,2,30
1068291,715550,2018-03-03,House,"House Third Reading in Concurrence",48,10,0,2,60
1068292,702528,2018-02-15,Senate,"Senate Committee Do pass with amendments. (Printed A-Eng.)",7,0,0,0,7
1068292,706508,2018-02-21,Senate,"Senate Third Reading",26,3,0,1,30
1068292,710770,2018-02-27,House,"House Committee Do pass with amendments to the A-Eng bill. (Printed B-Eng.)",10,0,0,1,11
1068292,715539,2018-03-03,House,"House Third Reading",59,0,0,1,60
1068292,715540,2018-03-03,Senate,"Senate Third Reading in Concurrence",29,0,0,1,30
1068293,712406,2018-02-28,House,"House Committee Do pass with amendments. (Printed A-Eng.)",9,0,0,1,10
1068293,714939,2018-03-02,House,"House Third Reading",45,3,0,12,60
1068293,715443,2018-02-26,House,"House Committee Do pass the A-Eng bill",9,0,0,1,10
1068293,715488,2018-03-03,Senate,"Senate Third Reading",25,4,0,1,30
1068294,703068,2018-02-15,House,"House Committee Do Pass",9,0,0,0,9
1068294,705379,2018-02-20,House,"House Third Reading",53,0,0,7,60
1068294,709273,2018-02-23,Senate,"Senate Committee Do pass",6,0,0,1,7
1068294,712752,2018-02-28,Senate,"Senate Third Reading",28,0,0,2,30
1068295,701437,2018-02-14,Senate,"Senate Committee Do pass with amendments and requesting referral to Ways and Means. (Printed A-Engrossed.)",4,0,0,0,4
1068296,702127,2018-02-14,House,"House Committee Without recommendation as to passage and be referred to Rules",11,0,0,0,11
1068296,705806,2018-02-20,House,"House Committee Do pass with amendments. (Printed A-Eng.)",7,2,0,0,9
1068296,709366,2018-02-23,House,"House Third Reading",33,23,0,4,60
1068298,701082,2018-02-14,House,"House Committee Without recommendation as to passage, with amendments, and be referred to Rules. (Printed A-Eng.)",8,0,0,1,9
1068299,711351,2018-02-27,House,"House Committee Do pass with amendments. (Printed A-Eng.)",9,0,0,0,9
1068299,713841,2018-03-01,House,"House Third Reading",59,0,0,1,60
1068299,715103,2018-03-02,Senate,"Senate Committee Do pass the A-Eng bill",4,0,0,1,5
1068299,715104,2018-03-02,Senate,"Senate Third Reading",27,0,0,3,30
1068305,702513,2018-02-15,House,"House Committee Do pass with amendments and be referred to Ways and Means by prior reference. (Printed A-Eng.)",9,0,0,0,9
1068306,697476,2018-02-08,House,"House Committee Do pass with amendments. (Printed A-Eng.)",9,0,0,0,9
1068306,701878,2018-02-14,House,"House Third Reading",59,0,0,1,60
1068306,704238,2018-02-19,Senate,"Senate Committee Do pass the A-Eng bill",7,0,0,0,7
1068306,707734,2018-02-22,Senate,"Senate Third Reading",29,0,0,1,30
1068307,703086,2018-02-15,House,"House Committee Do pass and be referred to Ways and Means by prior reference",8,1,0,0,9
1068308,698934,2018-02-12,Senate,"Senate Committee Do pass with amendments. (Printed A-Eng.)",7,0,0,0,7
1068308,703554,2018-02-16,Senate,"Senate Third Reading",25,0,0,5,30
1068308,709869,2018-02-26,House,"House Committee Do Pass the A-Eng bill",7,0,0,2,9
1068308,714129,2018-03-01,House,"House Third Reading",59,0,0,1,60
1068309,702372,2018-02-15,House,"House Committee Do pass with amendments and be referred to Ways and Means by prior reference. (Printed A-Eng.)",8,1,0,0,9
1068309,713120,2018-02-28,House,"House Committee Do pass with amendments to the A-Eng bill. (Printed B-Eng.)",23,0,0,0,23
1068309,713821,2018-03-01,House,"House Third Reading",56,2,0,2,60
1068309,715293,2018-03-02,Senate,"Senate Third Reading",28,0,0,2,30
1068310,694757,2018-02-05,House,"House Committee Do pass with amendments and be referred to Ways and Means by prior reference. (Printed A-Eng.)",11,0,0,0,11
1068310,712569,2018-02-28,House,"House Committee Do Pass the A-Eng bill",23,0,0,0,23
1068310,713816,2018-03-01,House,"House Third Reading",59,0,0,1,60
1068310,714994,2018-03-02,Senate,"Senate Third Reading",27,0,0,3,30
1068311,696515,2018-02-07,Senate,"Senate Committee Do pass and refer to Ways and Means by prior reference",4,0,0,1,5
1068311,712990,2018-02-28,Senate,"Senate Committee Do pass",20,0,0,3,23
1068311,714466,2018-03-01,Senate,"Senate Third Reading",29,0,0,1,30
1068311,715571,2018-03-03,House,"House Third Reading",58,0,0,2,60
1068312,697949,2018-02-09,House,"House Committee Do pass with amendments and be referred to Ways and Means by prior reference. (Printed A-Eng.)",8,2,0,1,11
1068312,708946,2018-02-23,House,"House Committee Do pass with amendments to the A-Eng bill. (Printed B-Eng.)",16,6,0,1,23
1068312,712188,2018-02-28,House,"House Third Reading",46,14,0,0,60
1068312,715005,2018-03-02,Senate,"Senate Third Reading",25,4,0,1,30
1068313,701179,2018-02-13,Senate,"Senate Committee Do pass with amendments. (Printed A-Eng.)",5,0,0,0,5
1068313,704162,2018-02-19,Senate,"Senate Third Reading",27,0,0,3,30
1068313,709747,2018-02-26,House,"House Committee Do Pass",11,0,0,0,11
1068313,714086,2018-03-01,House,"House Third Reading",57,2,0,1,60
1068314,695506,2018-02-06,House,"House Committee Be Adopted",8,0,0,1,9
1068314,698894,2018-02-12,House,"House Special Order",60,0,0,0,60
1068314,709547,2018-02-26,Senate,"Senate Committee Be adopted",4,0,0,0,4
1068314,712243,2018-02-28,Senate,"Senate Final Reading",27,0,0,3,30
1068316,702125,2018-02-14,House,"House Committee Do Pass",7,4,0,0,11
1068316,705907,2018-02-20,House,"House Third Reading",33,25,0,2,60
1068317,700576,2018-02-13,House,"House Committee Do pass with amendments and be referred to Ways and Means by prior reference. (Printed A-Eng.)",9,0,0,0,9
1068317,712933,2018-02-28,House,"House Committee Do pass with amendments to the A-Eng bill. (Printed B-Eng.)",21,0,0,2,23
1068317,714442,2018-03-01,House,"House Third Reading",59,0,0,1,60
1068317,715345,2018-03-02,Senate,"Senate Third Reading",28,0,0,2,30
1068318,701076,2018-02-14,House,"House Committee Do Pass",6,2,0,1,9
1068318,704353,2018-02-19,House,"House Third Reading",35,20,0,5,60
1068321,698271,2018-02-09,House,"House Committee Do pass with amendments. (Printed A-Eng.)",9,0,0,0,9
1068321,701802,2018-02-14,House,"House Third Reading",59,0,0,1,60
1068321,707800,2018-02-22,Senate,"Senate Committee Do pass",5,0,0,0,5
1068321,709643,2018-02-26,Senate,"Senate Third Reading",28,0,0,2,30
1068322,700180,2018-02-13,House,"House Committee Do pass with amendments and be referred to Ways and Means. (Printed A-Eng.)",9,0,0,0,9
1068323,702638,2018-02-14,House,"House Committee Do pass and be referred to Ways and Means by prior reference",5,4,0,0,9
1068324,701744,2018-02-14,House,"House Committee Without recommendation as to passage, with amendments, and be referred to Rules by prior reference. (Printed A-Eng.)",11,0,0,0,11
1068324,711977,2018-02-16,House,"House Withdraw from Committee",29,31,0,0,60
1068325,702999,2018-02-15,House,"House Committee Do pass with amendments, rescind subsequent referral to Legislative Audits, and be referred to Ways and Means. (Printed A-Eng.)",9,0,0,0,9
1068325,715116,2018-03-02,House,"House Committee Do pass with amendments. (Printed B-Eng.)",22,0,0,1,23
1068325,715458,2018-03-03,House,"House Third Reading",57,1,0,2,60
1068325,715557,2018-03-03,Senate,"Senate Third Reading",29,0,0,1,30
1068327,695514,2018-02-06,House,"House Committee Be Adopted",8,0,0,1,9
1068327,701289,2018-02-14,House,"House Special Order",59,0,0,1,60
1068327,709563,2018-02-26,Senate,"Senate Committee Be adopted",4,0,0,0,4
1068327,712165,2018-02-28,Senate,"Senate Final Reading",27,0,0,3,30
1068329,696220,2018-02-07,House,"House Committee Do pass with amendments and rescind subsequent referral to Ways and Means. (Printed A-Eng.)",8,0,0,1,9
1068329,698864,2018-02-12,House,"House Third Reading",42,17,0,1,60
1068329,709931,2018-02-26,Senate,"Senate Committee Do pass with amendments. (Printed B-Eng.)",7,2,0,1,10
1068329,714166,2018-03-01,Senate,"Senate Third Reading",19,10,0,1,30
1068329,715551,2018-03-03,House,"House Third Reading in Concurrence",38,21,0,1,60
1068330,698238,2018-02-09,House,"House Committee Do pass with amendments. (Printed A-Eng.)",7,2,0,2,11
1068330,702331,2018-02-15,House,"House Third Reading",37,23,0,0,60
1068330,706167,2018-02-21,Senate,"Senate Committee Do pass the A-Eng bill",4,2,0,1,7
1068330,707761,2018-02-22,Senate,"Senate Third Reading",16,13,0,1,30
1068333,702595,2018-02-15,House,"House Committee Do pass with amendments. (Printed A-Eng.)",11,0,0,0,11
1068333,706465,2018-02-21,House,"House Third Reading",56,0,0,4,60
1068333,710488,2018-02-27,Senate,"Senate Committee Do pass the A-Eng bill",7,0,0,0,7
1068333,714146,2018-03-01,Senate,"Senate Third Reading",28,0,0,2,30
1068339,695233,2018-02-06,Senate,"Senate Committee Do pass",5,0,0,0,5
1068339,698188,2018-02-09,Senate,"Senate Third Reading",25,0,0,5,30
1068339,707789,2018-02-22,House,"House Committee Do Pass",9,0,0,0,9
1068339,711303,2018-02-27,House,"House Third Reading",57,0,0,3,60
1068341,700401,2018-02-13,House,"House Committee Do pass with amendments and be referred to Ways and Means by prior reference. (Printed A-Eng.)",9,0,0,0,9
1068342,708461,2018-02-22,Senate,"Senate Committee Do pass with amendments. (Printed A-Eng.)",5,0,0,0,5
1068342,711138,2018-02-27,Senate,"Senate Third Reading",21,8,0,1,30
1068342,712459,2018-02-28,House,"House Committee Do Pass the A-Eng bill",5,4,0,0,9
1068342,715535,2018-03-03,House,"House Third Reading",35,23,0,2,60
1068343,699087,2018-02-12,Senate,"Senate Committee Do pass with amendments. (Printed A-Eng.)",4,3,0,0,7
1068343,704254,2018-02-19,Senate,"Senate Third Reading",17,10,0,3,30
1068343,710958,2018-02-27,House,"House Committee Do Pass the A-Eng bill",5,4,0,0,9
1068343,715485,2018-03-03,House,"House Third Reading",36,22,0,2,60
1068344,695502,2018-02-06,House,"House Committee Be Adopted",8,0,0,1,9
1068344,703566,2018-02-16,House,"House Special Order",60,0,0,0,60
1068344,709560,2018-02-26,Senate,"Senate Committee Be adopted",4,0,0,0,4
1068344,712170,2018-02-28,Senate,"Senate Final Reading",28,0,0,2,30
1068345,715310,2018-03-02,Senate,"Senate Committee Be adopted",4,0,0,1,5
1068345,715415,2018-03-03,Senate,"Senate Final Reading",29,0,0,1,30
1068345,715566,2018-03-03,Senate,"Senate Final Reading",29,0,0,1,30
1068345,715567,2018-03-03,House,"House Rules suspended",58,0,0,2,60
1068346,702520,2018-02-15,House,"House Committee Do pass with amendments and be referred to Ways and Means by prior reference. (Printed A-Eng.)",10,0,0,1,11
1068346,712493,2018-02-28,House,"House Committee Do pass with amendments to the A-Eng bill. (Printed B-Eng.)",21,0,0,2,23
1068346,714376,2018-03-01,House,"House Third Reading",59,0,0,1,60
1068346,714862,2018-03-02,Senate,"Senate Third Reading",29,0,0,1,30
1068347,702800,2018-02-15,House,"House Committee Do pass with amendments and be referred to Ways and Means by prior reference. (Printed A-Eng.)",8,0,0,0,8
1068347,715092,2018-03-02,House,"House Committee Do pass with amendments. (Printed B-Eng.)",22,0,0,1,23
1068347,715457,2018-03-03,House,"House Third Reading",59,0,0,1,60
1068347,715556,2018-03-03,Senate,"Senate Third Reading",29,0,0,1,30
1068348,710311,2018-02-26,Senate,Senate,5,0,0,0,5
1068348,715110,2018-03-02,Senate,Senate,21,1,0,1,23
1068348,715526,2018-03-03,Senate,"Senate Third Reading",26,3,0,1,30
1068348,715527,2018-03-03,House,"House Third Reading",49,8,0,3,60
1068349,698292,2018-02-09,House,"House Committee Do pass with amendments and be referred to Ways and Means by prior reference. (Printed A-Eng.)",8,1,0,0,9
1068349,712806,2018-02-28,House,"House Committee Do Pass the A-Eng bill",21,0,0,2,23
1068349,714467,2018-03-01,House,"House Third Reading",56,3,0,1,60
1068349,715102,2018-03-02,Senate,"Senate Third Reading",29,0,0,1,30
1068350,697006,2018-02-08,House,"House Committee Do Pass",9,0,0,0,9
1068350,700035,2018-02-13,House,"House Third Reading",59,0,0,1,60
1068350,704635,2018-02-19,Senate,"Senate Committee Do pass",4,0,0,1,5
1068350,708425,2018-02-22,Senate,"Senate Third Reading",29,0,0,1,30
1068352,706832,2018-02-21,House,"House Committee Do pass with amendments. (Printed A-Eng.)",8,0,0,1,9
1068352,710681,2018-02-27,House,"House Third Reading",36,21,0,3,60
1068353,699138,2018-02-12,House,"House Committee Do Pass",6,5,0,0,11
1068353,703721,2018-02-16,House,"House Third Reading",35,25,0,0,60
1068353,706285,2018-02-21,Senate,"Senate Committee Do pass",4,2,0,1,7
1068353,710496,2018-02-27,Senate,"Senate Third Reading",17,12,0,1,30
1068354,701515,2018-02-14,House,"House Committee Do pass with amendments and rescind subsequent referral to Ways and Means. (Printed A-Eng.)",8,0,0,1,9
1068354,705121,2018-02-20,House,"House Third Reading",51,0,0,9,60
1068354,709880,2018-02-26,Senate,"Senate Committee Do pass the A-Eng bill",7,0,0,0,7
1068354,713506,2018-03-01,Senate,"Senate Third Reading",29,0,0,1,30
1068355,701755,2018-02-14,House,"House Committee Do pass with amendments. (Printed A-Eng.)",9,0,0,2,11
1068355,707091,2018-02-21,House,"House Third Reading",55,0,0,5,60
1068355,711032,2018-02-27,Senate,"Senate Committee Do pass the A-Eng bill",7,0,0,0,7
1068355,714152,2018-03-01,Senate,"Senate Third Reading",28,1,0,1,30
1068356,699751,2018-02-12,House,"House Committee Do pass and be referred to Ways and Means by prior reference",10,0,0,1,11
1068358,695387,2018-02-06,Senate,"Senate Committee Do pass with amendments. (Printed A-Eng.)",5,0,0,0,5
1068358,698035,2018-02-09,Senate,"Senate Third Reading",25,0,0,5,30
1068358,707480,2018-02-22,House,"House Committee Do Pass the A-Eng bill",9,0,0,0,9
1068358,710895,2018-02-27,House,"House Third Reading",57,0,0,3,60
1068359,699020,2018-02-12,House,"House Committee Do pass with amendments and be referred to Ways and Means by prior reference. (Printed A-Eng.)",9,0,0,0,9
1068360,702505,2018-02-15,House,"House Committee Do pass and be referred to Ways and Means by prior reference",9,0,0,0,9
1068361,700838,2018-02-13,House,"House Committee Do pass and be referred to Ways and Means by prior reference",7,0,0,1,8
1068362,704450,2018-02-19,House,"House Committee Do pass with amendments. (Printed A-Eng.)",8,1,0,0,9
1068362,708418,2018-02-22,House,"House Third Reading",52,8,0,0,60
1068362,710457,2018-02-27,Senate,"Senate Committee Do pass",5,0,0,0,5
1068362,714340,2018-03-01,Senate,"Senate Third Reading",26,1,0,3,30
1068363,696668,2018-02-07,House,"House Committee Do Pass",11,0,0,0,11
1068363,698910,2018-02-12,House,"House Third Reading",56,3,0,1,60
1068363,708150,2018-02-22,Senate,"Senate Committee Do pass",5,0,0,0,5
1068363,710980,2018-02-27,Senate,"Senate Third Reading",28,0,0,2,30
1068364,701915,2018-02-14,Senate,"Senate Committee Do pass with amendments. (Printed A-Eng.)",7,0,0,0,7
1068364,704144,2018-02-19,Senate,"Senate Third Reading",27,0,0,3,30
1068364,708470,2018-02-22,House,"House Committee Do pass with amendments to the A-Eng bill. (Printed B-Eng.)",9,0,0,0,9
1068364,710826,2018-02-27,House,"House Third Reading",57,0,0,3,60
1068364,713569,2018-03-01,Senate,"Senate Third Reading in Concurrence",28,0,0,2,30
1068366,703319,2018-02-15,Senate,"Senate Committee Do pass with amendments. (Printed A-Eng.)",6,0,0,1,7
1068366,707044,2018-02-21,Senate,"Senate Third Reading",22,7,0,1,30
1068366,710781,2018-02-27,House,"House Committee Do pass with amendments to resolve conflicts. (Printed B-Eng.)",10,0,0,1,11
1068366,715340,2018-03-02,House,"House Third Reading",49,0,0,11,60
1068366,715441,2018-03-03,Senate,"Senate Third Reading in Concurrence",26,3,0,1,30
1068367,702555,2018-02-14,House,"House Committee Do pass with amendments and be referred to Rules. (Printed A-Eng.)",9,0,0,0,9
1068369,695748,2018-02-06,Senate,"Senate Committee Do pass with amendments. Refer to Ways and Means by prior reference. (Printed A-Eng)",5,0,0,0,5
1068369,698464,2018-02-09,Senate,"Senate Third Reading",25,0,0,5,30
1068369,710175,2018-02-26,House,"House Committee Do Pass",6,2,0,1,9
1068369,715301,2018-03-02,House,"House Third Reading",28,21,0,11,60
1068369,715564,2018-03-03,House,House,35,23,0,2,60
1068369,715565,2018-03-03,House,"House Third Reading",35,22,0,3,60
1068370,700653,2018-02-13,House,"House Committee Do pass with amendments and be referred to Ways and Means by prior reference. (Printed A-Eng.)",9,0,0,0,9
1068371,700867,2018-02-13,House,"House Committee Do pass with amendments and be referred to Ways and Means by prior reference. (Printed A-Eng.)",9,0,0,0,9
1068371,715307,2018-03-02,House,"House Committee Do pass with amendments. (Printed B-Eng.)",22,0,0,1,23
1068371,715419,2018-03-03,House,"House Third Reading",58,0,0,2,60
1068371,715498,2018-03-03,Senate,"Senate Third Reading",29,0,0,1,30
1068372,703314,2018-02-15,House,"House Committee Do pass with amendments and be referred to Ways and Means by prior reference. (Printed A-Eng.)",9,0,0,0,9
1068372,712464,2018-02-28,House,"House Committee Do pass with amendments to the A-Eng bill. (Printed B-Eng.)",21,0,0,2,23
1068372,713851,2018-03-01,House,"House Third Reading",59,0,0,1,60
1068372,715243,2018-03-02,Senate,"Senate Third Reading",29,0,0,1,30
1068373,697550,2018-02-08,House,"House Committee Do pass and be referred to Ways and Means by prior reference",11,0,0,0,11
1068374,702585,2018-02-15,Senate,"Senate Committee Without recommendation as to passage and request referral to Rules",7,0,0,0,7
1068374,711606,2018-02-27,Senate,"Senate Committee Do pass with amendments. (Printed A-Eng.)",5,0,0,0,5
1068374,714215,2018-03-01,Senate,"Senate Third Reading",29,0,0,1,30
1068376,701681,2018-02-14,Senate,"Senate Committee Do pass with amendments. Refer to Ways and Means by prior reference. (Printed A-Eng)",7,0,0,0,7
1068376,713061,2018-02-28,Senate,"Senate Committee Do pass with amendments to the A-Eng bill. (Printed B-Eng.)",20,0,0,3,23
1068376,714510,2018-03-01,Senate,"Senate Third Reading",29,0,0,1,30
1068376,715517,2018-03-03,House,"House Third Reading",55,3,0,2,60
1068377,694785,2018-02-05,House,"House Committee Do Pass",9,0,0,0,9
1068377,697166,2018-02-08,House,"House Third Reading",59,0,0,1,60
1068377,704246,2018-02-19,Senate,"Senate Committee Do pass",7,0,0,0,7
1068377,707843,2018-02-22,Senate,"Senate Third Reading",29,0,0,1,30
1068378,699091,2018-02-12,House,"House Committee Do pass and be referred to Ways and Means by prior reference",9,0,0,0,9
1068379,714567,2018-03-02,Senate,"Senate Committee Do pass with amendments. (Printed A-Eng.)",4,0,0,1,5
1068379,714934,2018-03-02,Senate,"Senate Third Reading",29,0,0,1,30
1068379,715505,2018-03-03,House,"House Committee Do Pass the A-Eng bill",9,0,0,0,9
1068379,715506,2018-03-03,House,"House Third Reading",58,0,0,2,60
1068380,701572,2018-02-14,Senate,"Senate Committee Do pass with amendments and requesting referral to Ways and Means. (Printed A-Engrossed.)",4,0,0,1,5
1068383,701475,2018-02-14,Senate,"Senate Committee Do pass",4,0,0,0,4
1068383,704340,2018-02-19,Senate,"Senate Third Reading",27,0,0,3,30
1068383,711470,2018-02-27,House,"House Committee Do Pass",7,0,0,1,8
1068383,715343,2018-03-02,House,"House Third Reading",49,0,0,11,60
1068384,701577,2018-02-14,House,"House Committee Do pass with amendments. (Printed A-Eng.)",6,5,0,0,11
1068384,704785,2018-02-20,House,"House Motion to substitute Minority Report",23,35,0,2,60
1068384,705022,2018-02-20,House,"House Third Reading",32,26,0,2,60
1068384,709741,2018-02-26,Senate,"Senate Committee Do pass the A-Eng bill",3,2,0,0,5
1068384,712448,2018-02-28,Senate,"Senate Committee Do pass with amendments to the A-Eng bill. (Printed B-Eng.)",3,2,0,0,5
1068384,714076,2018-03-01,Senate,"Senate Third Reading",28,1,0,1,30
1068384,715430,2018-03-03,House,"House Third Reading in Concurrence",59,0,0,1,60
1068385,703060,2018-02-15,House,"House Committee Do pass with amendments and be referred to Ways and Means by prior reference. (Printed A-Eng.)",9,0,0,0,9
1068386,703291,2018-02-15,House,"House Committee Do pass with amendments. (Printed A-Eng.)",11,0,0,0,11
1068386,706649,2018-02-21,House,"House Third Reading",56,0,0,4,60
1068386,709935,2018-02-26,Senate,"Senate Committee Do pass the A-Eng bill",7,0,0,0,7
1068386,713818,2018-03-01,Senate,"Senate Third Reading",29,0,0,1,30
1068387,694755,2018-02-05,House,"House Committee Do pass with amendments. (Printed A-Eng.)",11,0,0,0,11
1068387,697146,2018-02-08,House,"House Third Reading",56,3,0,1,60
1068387,711071,2018-02-27,Senate,"Senate Committee Do pass with amendments to the A-Eng bill. (Printed B-Eng.)",7,0,0,0,7
1068387,713839,2018-03-01,Senate,"Senate Third Reading",28,1,0,1,30
1068387,715495,2018-03-03,House,"House Third Reading in Concurrence",56,2,0,2,60
1068388,703032,2018-02-14,House,"House Committee Do pass with amendments and be referred to Ways and Means by prior reference. (Printed A-Eng.)",6,3,0,0,9
1068389,703255,2018-02-15,House,"House Committee Do Pass",5,3,0,1,9
1068390,697958,2018-02-09,House,"House Committee Do pass with amendments and be referred to Ways and Means by prior reference. (Printed A-Eng.)",10,0,0,1,11
1068390,715090,2018-03-02,House,"House Committee Do pass with amendments. (Printed B-Eng.)",22,0,0,1,23
1068390,715418,2018-03-03,House,"House Third Reading",59,0,0,1,60
1068390,715514,2018-03-03,Senate,"Senate Third Reading",29,0,0,1,30
1068392,702945,2018-02-15,House,"House Committee Do pass with amendments and be referred to Revenue by prior reference. (Printed A-Eng.)",5,4,0,0,9
1068392,707785,2018-02-22,House,"House Committee Do pass with amendments and be referred to Ways and Means. (Printed B-Eng.)",5,4,0,0,9
1068392,715133,2018-03-02,House,"House Committee Do pass with amendments. (Printed C-Eng.)",15,7,0,1,23
1068392,715533,2018-03-03,House,"House Third Reading",39,20,0,1,60
1068392,715534,2018-03-03,Senate,"Senate Third Reading",20,9,0,1,30
1068394,702115,2018-02-14,House,"House Committee Do pass with amendments and be referred to Ways and Means by prior reference. (Printed A-Eng.)",11,0,0,0,11
1068394,712470,2018-02-28,House,"House Committee Do pass with amendments to the A-Eng bill. (Printed B-Eng.)",21,0,0,2,23
1068394,713826,2018-03-01,House,"House Third Reading",59,0,0,1,60
1068394,714978,2018-03-02,Senate,"Senate Third Reading",29,0,0,1,30
1068395,699375,2018-02-12,House,"House Committee Do Pass",9,0,0,0,9
1068395,702903,2018-02-15,House,"House Third Reading",53,5,0,2,60
1068395,708648,2018-02-22,Senate,"Senate Committee Do pass with amendments. (Printed A-Eng.)",4,1,0,0,5
1068395,714389,2018-03-01,Senate,"Senate Third Reading",22,7,0,1,30
1068395,715487,2018-03-03,House,"House Third Reading in Concurrence",53,6,0,1,60
1068398,697951,2018-02-09,Senate,"Senate Committee Do pass with amendments. (Printed A-Eng.)",3,2,0,0,5
1068398,704789,2018-02-20,Senate,"Senate Committee Do pass with amendments. (Printed B-Eng.)",3,2,0,1,6
1068398,708893,2018-02-23,Senate,"Senate Third Reading",16,13,0,1,30
1068398,712209,2018-02-28,House,"House Committee Do pass the B-Eng bill",5,4,0,0,9
1068398,714925,2018-03-02,House,"House Motion to substitute Minority Report",29,31,0,0,60
1068398,714926,2018-03-02,House,"House Third Reading",32,28,0,0,60
1068399,698745,2018-02-12,House,"House Committee Do pass with amendments and rescind subsequent referral to Ways and Means. (Printed A-Eng.)",10,0,0,1,11
1068399,702981,2018-02-15,House,"House Third Reading",57,0,0,3,60
1068399,708656,2018-02-22,Senate,"Senate Committee Do pass the A-Eng bill",5,0,0,0,5
1068399,711207,2018-02-27,Senate,"Senate Third Reading",28,0,0,2,30
1068400,701362,2018-02-14,House,"House Committee Do pass with amendments and be referred to Ways and Means. (Printed A-Eng.)",8,0,0,1,9
1068400,712536,2018-02-28,House,"House Committee Do pass with amendments to the A-Eng bill. (Printed B-Eng.)",21,0,0,2,23
1068400,714135,2018-03-01,House,"House Third Reading",59,0,0,1,60
1068400,715185,2018-03-02,Senate,"Senate Third Reading",28,0,0,2,30
1068401,695501,2018-02-06,House,"House Committee Be Adopted",8,0,0,1,9
1068401,700669,2018-02-13,House,"House Special Order",60,0,0,0,60
1068401,702938,2018-02-15,Senate,"Senate Committee Be adopted",4,0,0,1,5
1068401,705092,2018-02-20,Senate,"Senate Final Reading",28,0,0,2,30
1068402,706203,2018-02-20,House,"House Committee Do pass with amendments and rescind subsequent referral to Ways and Means. (Printed A-Eng)",5,4,0,0,9
1068402,709656,2018-02-26,House,"House Motion to substitute Minority Report",24,32,0,4,60
1068402,709657,2018-02-26,House,"House Third Reading",40,17,0,3,60
1068402,713595,2018-03-01,Senate,"Senate Committee Do pass the A-Eng bill",3,1,0,1,5
1068402,714025,2018-03-01,Senate,"Senate Third Reading",21,7,0,2,30
1068403,703266,2018-02-15,House,"House Committee Do pass with amendments and be referred to Ways and Means by prior reference. (Printed A-Eng.)",8,0,0,0,8
1068403,715107,2018-03-02,House,"House Committee Do pass with amendments. (Printed B-Eng.)",22,0,0,1,23
1068403,715531,2018-03-03,House,"House Third Reading",58,0,0,2,60
1068403,715532,2018-03-03,Senate,"Senate Third Reading",29,0,0,1,30
1068404,701084,2018-02-14,House,House,8,0,0,1,9
1068404,712621,2018-02-28,House,House,23,0,0,0,23
1068404,713824,2018-03-01,House,"House Third Reading",59,0,0,1,60
1068404,714989,2018-03-02,Senate,"Senate Third Reading",28,0,0,2,30
1068405,700542,2018-02-13,House,"House Committee Do pass with amendments and be referred to Ways and Means by prior reference. (Printed A-Eng.)",9,0,0,0,9
1068406,707815,2018-02-22,House,"House Committee Do pass with amendments and be referred to Ways and Means by prior reference. (Printed A-Eng.)",9,0,0,0,9
1068406,715390,2018-03-02,House,"House Committee Do Pass the A-Eng bill",22,0,0,1,23
1068406,715476,2018-03-03,House,"House Third Reading",57,1,0,2,60
1068406,715477,2018-03-03,Senate,"Senate Third Reading",29,0,0,1,30
1068409,711621,2018-02-27,Senate,"Senate Committee Do pass",3,0,0,2,5
1068409,713803,2018-03-01,Senate,"Senate Third Reading",27,2,0,1,30
1068409,715515,2018-03-03,House,"House Committee Do Pass",9,0,0,0,9
1068409,715516,2018-03-03,House,"House Third Reading",57,1,0,2,60
1068410,701703,2018-02-14,House,"House Committee Do pass with amendments and be referred to Ways and Means by prior reference. (Printed A-Eng.)",11,0,0,0,11
1068410,712552,2018-02-28,House,"House Committee Do pass with amendments to the A-Eng bill. (Printed B-Eng.)",23,0,0,0,23
1068410,713879,2018-03-01,House,"House Third Reading",59,0,0,1,60
1068410,715017,2018-03-02,Senate,"Senate Third Reading",27,0,0,3,30
1068411,699857,2018-02-13,House,"House Committee Do pass with amendments and be referred to Ways and Means. (Printed A-Eng.)",9,0,0,0,9
1068411,712602,2018-02-28,House,"House Committee Do pass with amendments to the A-Eng bill. (Printed B-Eng.)",21,0,0,2,23
1068411,713858,2018-03-01,House,"House Third Reading",59,0,0,1,60
1068411,715022,2018-03-02,Senate,"Senate Third Reading",29,0,0,1,30
1068412,702156,2018-02-14,House,"House Committee Do pass with amendments. (Printed A-Eng.)",8,3,0,0,11
1068412,705284,2018-02-20,House,"House Third Reading",41,18,0,1,60
1068412,710998,2018-02-27,Senate,"Senate Committee Without recommendation as to passage and request referral to Rules",5,0,0,0,5
1080322,700869,2018-02-13,Senate,Senate,5,0,0,0,5
1080322,702445,2018-02-15,Senate,"Senate Third Reading",18,6,0,6,30
1080322,713632,2018-03-01,House,House,8,1,0,0,9
1080322,715572,2018-03-03,House,"House Third Reading",57,0,0,3,60
1083792,700893,2018-02-13,House,"House Committee Be Adopted",8,0,0,1,9
1083792,704204,2018-02-19,House,"House Special Order",57,0,0,3,60
1083792,708171,2018-02-22,Senate,"Senate Committee Be adopted",4,0,0,1,5
1083792,711177,2018-02-27,Senate,"Senate Final Reading",28,0,0,2,30
1083831,700894,2018-02-13,House,"House Committee Be Adopted",8,0,0,1,9
1083831,714094,2018-03-01,House,"House Special Order",60,0,0,0,60
1083831,714095,2018-03-01,Senate,"Senate Final Reading",29,0,0,1,30
1083871,701622,2018-02-14,House,"House Committee Without recommendation as to passage, with amendments, and be referred to Ways and Means. (Printed A-Eng.)",11,0,0,0,11
1083871,712502,2018-02-28,House,"House Committee Do Pass the A-Eng bill",23,0,0,0,23
1083871,714085,2018-03-01,House,"House Third Reading",59,0,0,1,60
1083871,715154,2018-03-02,Senate,"Senate Third Reading",27,0,0,3,30
1084795,700979,2018-02-14,Senate,"Senate Committee Be adopted and requesting referral to Rules",4,3,0,0,7
1085976,705091,2018-02-20,House,"House Committee Do pass with amendments. (Printed A-Eng.)",6,0,0,3,9
1085976,709377,2018-02-23,House,"House Third Reading",53,3,0,4,60
1085976,710462,2018-02-27,Senate,"Senate Committee Do pass",5,0,0,0,5
1085976,714443,2018-03-01,Senate,"Senate Third Reading",27,1,0,2,30
1085977,715376,2018-03-02,House,"House Committee Do Pass",18,4,0,1,23
1085977,715461,2018-03-03,House,"House Third Reading",37,22,0,1,60
1085977,715462,2018-03-03,Senate,"Senate Third Reading",22,7,0,1,30
1085978,715378,2018-03-02,Senate,"Senate Committee Do pass with amendments. (Printed A-Eng.)",22,0,0,1,23
1085978,715465,2018-03-03,Senate,"Senate Third Reading",25,4,0,1,30
1085978,715573,2018-03-03,House,"House Third Reading",58,0,0,2,60
1085979,715463,2018-03-02,Senate,"Senate Committee Do pass with amendments. (Printed A-Eng.)",22,0,0,1,23
1085979,715464,2018-03-03,Senate,"Senate Third Reading",25,4,0,1,30
1085979,715574,2018-03-03,House,"House Third Reading",55,3,0,2,60
1085980,715377,2018-03-02,House,"House Committee Do pass with amendments. (Printed A-Eng.)",21,0,0,2,23
1085980,715459,2018-03-03,House,"House Third Reading",56,3,0,1,60
1085980,715460,2018-03-03,Senate,"Senate Third Reading",29,0,0,1,30
1085981,715379,2018-03-02,Senate,"Senate Committee Do pass with amendments. (Printed A-Eng.)",22,0,0,1,23
1085981,715466,2018-03-03,Senate,"Senate Third Reading",28,1,0,1,30
1085981,715575,2018-03-03,House,"House Third Reading",55,3,0,2,60
1085982,715335,2018-03-02,House,"House Committee Do pass with amendments. (Printed A-Eng.)",22,0,0,1,23
1085982,715429,2018-03-03,House,"House Third Reading",55,4,0,1,60
1085982,715568,2018-03-03,Senate,"Senate Third Reading",20,9,0,1,30
1088048,705663,2018-02-20,Senate,"Senate Committee Be adopted",5,0,0,0,5
1088048,708176,2018-02-22,Senate,"Senate Final Reading",29,0,0,1,30
1088048,710921,2018-02-27,House,"House Committee Be Adopted",9,0,0,0,9
1088048,714368,2018-03-01,House,"House Read and Adopted",58,0,0,2,60
1098779,712323,2018-04-06,Senate,"Senate Committee Do pass with amendments. Refer to Ways and Means by prior reference. (Printed A-Eng)",5,0,0,0,5
1098779,712325,2018-06-23,Senate,"Senate Committee Do pass the A-Eng bill",20,0,0,3,23
1098779,712326,2018-06-28,Senate,"Senate Third Reading",30,0,0,0,30
1098779,712327,2018-07-06,House,"House Third Reading",58,0,0,2,60
1098779,713920,2018-03-01,Senate,"Senate Motion to Table",27,1,0,2,30
1098811,715069,2018-03-02,Senate,"Senate Committee Be adopted",4,0,0,1,5
1098811,715070,2018-03-02,Senate,"Senate Final Reading",29,0,0,1,30
1098811,715511,2018-03-03,House,"House Committee Be Adopted",9,0,0,0,9
1098811,715512,2018-03-03,House,"House Read and Adopted",56,2,0,2,60
1098811,715513,2018-03-03,House,"House Rules suspended",56,2,0,2,60
1098841,715507,2018-03-03,House,"House Committee Be Adopted",9,0,0,0,9
