people_id,name,first_name,middle_name,last_name,suffix,nickname,party_id,party,role_id,role,district,followthemoney_eid,votesmart_id,opensecrets_id,ballotpedia,knowwho_pid,committee_id
6666,"Jerry Henry",Jerry,,Henry,,,1,D,1,Rep,HD-063,6409078,6971,,Jerry_Henry,194640,0
6668,"Doug Gatewood",Doug,,Gatewood,,,1,D,1,Rep,HD-001,6409015,18597,,Doug_Gatewood,194593,0
6669,"Mike Kiegerl",Mike,,Kiegerl,,,2,R,1,Rep,HD-121,6665683,34513,,Mike_Kiegerl,228499,0
6670,"Arlen Siegfreid",Arlen,H.,Siegfreid,,,2,R,1,Rep,HD-121,6612692,34588,,Arlen_Siegfreid,212294,0
6671,"Energy and Utilities",,,,,,0,,1,Rep,,0,0,,,0,1377
6673,Taxation,,,,,,0,,1,Rep,,0,0,,,0,1392
6674,Appropriations,,,,,,0,,1,Rep,,0,0,,,0,1369
6675,Transportation,,,,,,0,,1,Rep,,0,0,,,0,1393
6676,"Peggy Long-Mast",Peggy,,Long-Mast,,,2,R,1,Rep,HD-076,6422027,12632,,Peggy_Mast,194668,0
6677,"Local Government",,,,,,0,,1,Rep,,0,0,,,0,1388
6679,"Scott Schwab",Scott,,Schwab,,,2,R,1,Rep,HD-049,6612651,34505,,Scott_Schwab,214280,0
6682,"Richard Proehl",Richard,J.,Proehl,,,2,R,1,Rep,HD-007,13000464,59419,,Richard_Proehl,242219,0
6683,"Agriculture and Natural Resources",,,,,,0,,1,Rep,,0,0,,,0,1367
6684,Insurance,,,,,,0,,1,Rep,,0,0,,,0,1384
6685,"Aging and Long-term Care",,,,,,0,,1,Rep,,0,0,,,0,1366
6686,"Corrections and Juvenile Justice",,,,,,0,,1,Rep,,0,0,,,0,1372
6687,"Tom Sloan",Tom,,Sloan,,,2,R,1,Rep,HD-045,6612697,171897,,Thomas_Sloan,194637,0
6688,"Federal and State Affairs",,,,,,0,,1,Rep,,0,0,,,0,1378
6689,Elections,,,,,,0,,1,Rep,,0,0,,,0,1376
6690,"Bill Otto",Bill,,Otto,,,2,R,1,Rep,HD-009,6665746,34885,,Bill_Otto_(Kansas),228489,0
6692,"Kay Wolf",Kay,,Wolf,,,2,R,1,Rep,SD-007,6669164,57520,,Kay_Wolf,240022,0
6694,"Elaine Bowers",Elaine,S.,Bowers,,,2,R,1,Rep,SD-036,13000542,68331,,Elaine_Bowers,249060,0
6695,"Robert Brookens",Robert,,Brookens,,Bob,2,R,1,Rep,HD-070,6677502,107257,,J._Robert_Brookens,268143,0
6696,"Mike Burgess",Mike,,Burgess,,,2,R,1,Rep,HD-051,6612160,18607,,Mike_Burgess,212282,0
6697,"Tom Burroughs",Tom,,Burroughs,,,1,D,1,Rep,HD-033,13000487,12598,,Tom_Burroughs,194625,0
6698,"Sydney Carlin",Sydney,,Carlin,,,1,D,1,Rep,HD-066,6408970,18618,,Sydney_Carlin,212289,0
6699,"Pat Colloton",Pat,,Colloton,,,2,R,1,Rep,HD-028,6612181,34737,,Pat_Colloton,228493,0
6702,"Bill Feuerborn",Bill,,Feuerborn,,,1,D,1,Rep,HD-005,6408995,6948,,Bill_Feuerborn,194597,0
6703,"Stan Frownfelter",Stan,,Frownfelter,,,1,D,1,Rep,HD-037,6464519,34448,,Stan_Frownfelter,248953,0
6706,"Sean Gatewood",Sean,,Gatewood,,,1,D,1,Rep,HD-057,6493960,107236,,Sean_Gatewood,268133,0
6709,"John Grange",John,C.,Grange,,,2,R,1,Rep,HD-075,6665646,34495,,John_Grange,226774,0
6710,"Robert Grant",Robert,,Grant,,Bob,1,D,1,Rep,HD-002,13000459,12575,,Robert_Grant_(Kansas),194594,0
6712,"Don Hill",Don,,Hill,,,2,R,1,Rep,HD-060,6612316,34439,,Don_Hill_(Kansas),212292,0
6713,"Don Hineman",Don,,Hineman,,,2,R,1,Rep,HD-118,6677560,107336,,Don_Hineman,268180,0
6715,"Terrie Huntington",Terrie,W.,Huntington,,,2,R,2,Sen,SD-007,6612362,34898,,Terrie_Huntington,212283,0
6716,"Marvin Kleeb",Marvin,G.,Kleeb,,,2,R,1,Rep,HD-048,6677574,107205,,Marvin_Kleeb,268127,0
6717,"Harold Lane",Harold,,Lane,,,1,D,1,Rep,HD-058,6464604,34424,,Harold_Lane,221590,0
6718,"Judith Loganbill",Judith,,Loganbill,,,1,D,1,Rep,HD-086,2724352,34884,,Judith_Loganbill,208819,0
6721,"Melody McCray-Miller",Melody,,McCray-Miller,,,1,D,1,Rep,HD-089,6464646,34561,,Melody_McCray-Miller,226778,0
6723,"Tom Moxley",Tom,,Moxley,,,2,R,1,Rep,HD-068,6671679,67446,,Tom_Moxley,249011,0
6726,"Janice Pauls",Janice,L.,Pauls,,,2,R,1,Rep,HD-102,6409193,7012,,Janice_Pauls,194694,0
6727,"Eber Phelps",Eber,,Phelps,,,1,D,1,Rep,HD-111,6409205,12669,,Eber_Phelps,194703,0
6728,"Jo Ann Pottorff","Jo Ann",,Pottorff,,,2,R,1,Rep,HD-083,6612617,7014,,Jo_Ann_Pottorff,194675,0
6729,"William Prescott",William,R.,Prescott,,,2,R,1,Rep,HD-059,6677620,85335,,William_Prescott,268136,0
6732,"Louis Ruiz",Louis,E.,Ruiz,,,1,D,1,Rep,HD-031,6464705,34820,,Louis_Ruiz,226766,0
6734,"Sheryl Spalding",Sheryl,,Spalding,,,2,R,1,Rep,HD-029,6669157,68024,,Sheryl_Spalding,248949,0
6736,"Vern Swanson",Vern,,Swanson,,,2,R,1,Rep,HD-064,6671701,67837,,Vern_Swanson,249001,0
6738,"Anna Tietze",Anna,M.,Tietze,,Annie,1,D,1,Rep,HD-053,6480668,67696,,Annie_Tietze,248980,0
6739,"Ed Trimmer",Ed,,Trimmer,,,1,D,1,Rep,HD-079,6480672,59455,,Ed_Trimmer,241431,0
6740,"Jene Vickrey",Jene,,Vickrey,,,2,R,1,Rep,HD-006,8827851,7037,,Jene_Vickrey,194598,0
6741,"Vincent Wetta",Vincent,,Wetta,,,1,D,1,Rep,HD-080,13000525,12638,,Vincent_Wetta,249042,0
6742,"Jerry Williams",Jerry,D.,Williams,,,1,D,1,Rep,HD-008,6409386,34487,,Jerry_Williams_(Kansas),208505,0
6743,"Valdenia Winn",Valdenia,C.,Winn,,,1,D,1,Rep,HD-034,6409411,34866,,Valdenia_Winn,208517,0
6744,"Bill Wolf",Bill,,Wolf,,,2,R,1,Rep,HD-112,6671704,68336,,William_Wolf,251984,0
6745,"Ron Worley",Ron,,Worley,,,2,R,1,Rep,HD-030,6669167,68020,,Ron_Worley,248951,0
6746,"Lance Kinzer",Lance,,Kinzer,,,2,R,1,Rep,HD-030,6665690,34645,,Lance_Kinzer,225009,0
6748,"Pete DeGraaf",Pete,,DeGraaf,,,2,R,1,Rep,HD-082,6677523,106813,,Peter_DeGraaf,265315,0
6750,"Financial Institutions",,,,,,0,,1,Rep,,0,0,,,0,1379
6751,Education,,,,,,0,,1,Rep,,0,0,,,0,1374
6752,"Clay Aurand",Clay,,Aurand,,,2,R,1,Rep,HD-109,6612085,6926,,Clay_Aurand,194701,0
6754,Judiciary,,,,,,0,,1,Rep,,0,0,,,0,1386
6755,"Health and Human Services",,,,,,0,,1,Rep,,0,0,,,0,1382
6757,"Steven Brunk",Steven,R.,Brunk,,,2,R,1,Rep,HD-085,6614357,34567,,Steven_Brunk,212290,0
6758,"Anthony Brown",Anthony,R.,Brown,,,2,R,1,Rep,HD-038,13000490,34834,,Anthony_Brown_(Kansas),228497,0
6759,"Richard Carlson",Richard,,Carlson,,,2,R,1,Rep,HD-061,6665618,34729,,Richard_Carlson,226770,0
6760,"Dave Crum",Dave,,Crum,,,2,R,1,Rep,HD-077,6671645,67486,,J._David_Crum,249034,0
6761,"Owen Donohoe",Owen,,Donohoe,,,2,R,1,Rep,HD-039,6671651,107184,,Owen_Donohoe,248955,0
6762,"Mario Goico",Mario,,Goico,,,2,R,1,Rep,HD-094,6612280,34727,,Mario_Goico,212286,0
6763,"Phil Hermanson",Phil,,Hermanson,,,2,R,1,Rep,HD-098,6677556,107311,,Phil_Hermanson,268169,0
6764,"Mitch Holmes",Mitch,,Holmes,,,2,R,1,Rep,SD-033,6665658,34619,,Mitch_Holmes,226786,0
6765,"Steven Huebert",Steven,C.,Huebert,,,2,R,1,Rep,HD-090,6612345,18585,,Steve_Huebert,208821,0
6767,"Dan Kerschen",Dan,,Kerschen,,,2,R,1,Rep,SD-026,6677569,107298,,Dan_Kerschen,268167,0
6768,"Brenda Landwehr",Brenda,,Landwehr,,,2,R,1,Rep,HD-091,6612446,6985,,Brenda_Landwehr,194683,0
6769,"Joe McLeland",Joe,,McLeland,,,2,R,1,Rep,HD-094,13000533,34615,,Joe_McLeland,208823,0
6771,"Connie O'Brien",Connie,,O'Brien,,,2,R,1,Rep,HD-042,6422059,34895,,Connie_O%27Brien,268122,0
6772,"Robert Olson",Robert,,Olson,,Rob,2,R,2,Sen,SD-023,6612577,34452,,Robert_Olson,226762,0
6773,"Joe Patton",Joe,,Patton,,,2,R,1,Rep,HD-054,6665753,34675,,Joe_Patton,248976,0
6774,"Virgil Peck",Virgil,,Peck,Jr.,,2,R,1,Rep,HD-012,6612606,34716,,"Virgil_Peck,_Jr.",226757,0
6775,"Marc Rhoades",Marc,,Rhoades,,,2,R,1,Rep,HD-072,6671685,66067,,Marc_Rhoades,250706,0
6780,"Forrest Knox",Forrest,J.,Knox,,,2,R,1,Rep,SD-014,6665696,34758,,Forrest_Knox,226759,0
6781,"Melanie Meier",Melanie,Sanders,Meier,,,1,D,1,Rep,HD-041,6494055,107186,,Melanie_Meier,268119,0
6782,"Larry Powell",Larry,R.,Powell,,,2,R,1,Rep,SD-039,13000549,34801,,Larry_Powell,208826,0
6783,"Social Services Budget",,,,,,0,,1,Rep,,0,0,,,0,1391
6784,"Paul Davis",Paul,T.,Davis,,,1,D,1,Rep,HD-046,13000497,34518,,Paul_Davis_(Kansas),214281,0
6785,"Geraldine Flaharty",Geraldine,,Flaharty,,,1,D,1,Rep,HD-098,13000536,7021,,Geraldine_Flaharty,194690,0
6786,"Ann Mah",Ann,E.,Mah,,,1,D,1,Rep,HD-053,6464624,34408,,Ann_Mah,226768,0
6787,"Broderick Henderson",Broderick,,Henderson,,,1,D,1,Rep,HD-035,6409071,6970,,Broderick_Henderson,194627,0
6788,"Annie Kuether",Annie,,Kuether,,,1,D,1,Rep,HD-055,6409119,12612,,Annie_Kuether,194647,0
6789,"Kasha Kelley",Kasha,,Kelley,,,2,R,1,Rep,HD-080,6665673,34550,,Kasha_Kelley,226776,0
6793,"Vision 2020",,,,,,0,,1,Rep,,0,0,,,0,1396
6794,"Sharon Schwartz",Sharon,,Schwartz,,,2,R,1,Rep,HD-106,6612655,12665,,Sharon_Schwartz,194698,0
6795,"Ray Merrick",Ray,,Merrick,,,2,R,2,Sen,HD-027,13000481,1881,,Ray_Merrick,208514,0
6796,"Michael O'Neal",Michael,R.,O'Neal,,Mike,2,R,1,Rep,HD-104,6612583,7009,,Michael_O%27Neal,194696,0
6798,"Education Budget",,,,,,0,,1,Rep,,0,0,,,0,1375
6799,"Lana Gordon",Lana,,Gordon,,,2,R,1,Rep,HD-052,6612286,34483,,Lana_Gordon,208817,0
6801,"Mike Slattery",Mike,,Slattery,,,1,D,1,Rep,HD-024,6494103,107167,,Mike_Slattery,268108,0
6802,"Jim Ward",Jim,,Ward,,,1,D,1,Rep,HD-086,6409346,12557,,Jim_Ward_(Kansas),212297,0
6803,"Barbara Ballard",Barbara,W.,Ballard,,,1,D,1,Rep,HD-044,6408945,6927,,Barbara_Ballard,194636,0
6804,"Bob Bethell",Bob,Lorene,Bethell,,,2,R,1,Rep,HD-113,6612129,18570,,Bob_Bethell,194705,0
6806,"Gail Finney",Gail,,Finney,,,1,D,1,Rep,HD-084,6421740,18621,,Gail_Finney,268156,0
6807,"Rocky Fund",Rocky,,Fund,,,2,R,1,Rep,HD-050,6671656,65762,,Rocky_Fund,248970,0
6808,"Carl Holmes",Carl,D.,Holmes,,,2,R,1,Rep,HD-125,13000554,6973,,Carl_Holmes,194717,0
6809,"Steven Johnson",Steven,C.,Johnson,,,2,R,1,Rep,HD-108,6690956,125189,,Steven_C._Johnson,311319,0
6810,"Jeff King",Jeff,,King,,,2,R,2,Sen,SD-015,6669144,67788,,Jeff_King,248947,0
6814,"Charles Roth",Charles,B.,Roth,,,2,R,1,Rep,HD-071,6671689,34412,,Charles_Roth,232645,0
6815,"Don Schroeder",Don,,Schroeder,,,2,R,1,Rep,HD-074,6671691,67448,,Don_Schroeder,251969,0
6816,"Joe Seiwert",Joe,,Seiwert,,,2,R,1,Rep,HD-101,6677634,107323,,Joe_Seiwert,268174,0
6817,"Clark Shultz",Clark,,Shultz,,,2,R,1,Rep,HD-073,6612685,12630,,Clark_Shultz,194665,0
6821,"Gene Suellentrop",Gene,,Suellentrop,,,2,R,1,Rep,SD-027,6690952,119707,,Gene_Suellentrop,283499,0
6822,"Barbara Bollier",Barbara,Goolsbee,Bollier,,,2,R,1,Rep,SD-007,13000480,119434,,Barbara_Bollier,283558,0
6823,"Gary Hayzlett",Gary,K.,Hayzlett,,,2,R,1,Rep,HD-122,6612301,6967,,Gary_Hayzlett,194714,0
6824,"Nile Dillmore",Nile,,Dillmore,,,1,D,1,Rep,HD-092,6408991,34504,,Nile_Dillmore,208822,0
6825,"Michael Peterson",Michael,J.,Peterson,,Mike,1,D,1,Rep,HD-032,6464684,34775,,Michael_Peterson,228495,0
6830,"Anthony Hensley",Anthony,,Hensley,,,1,D,2,Sen,SD-019,6421385,6898,,Anthony_Hensley,194571,0
6831,"David Haley",David,,Haley,,,1,D,2,Sen,SD-004,6409048,6965,,David_Haley,194626,0
6835,"Ways and Means",,,,,,0,,2,Sen,,0,0,,,0,1414
6836,"Oletha Faust-Goudeau",Oletha,,Faust-Goudeau,,,1,D,2,Sen,SD-029,6409034,34890,,Oletha_Faust-Goudeau,268213,0
6837,"Dick Kelsey",Dick,,Kelsey,,,2,R,2,Sen,SD-026,13000531,34692,,Dick_Kelsey,268209,0
6838,"Ty Masterson",Ty,,Masterson,,,2,R,2,Sen,SD-016,6671671,57517,,Ty_Masterson,241430,0
6839,"Public Health and Welfare",,,,,,0,,2,Sen,,0,0,,,0,1411
6840,Judiciary,,,,,,0,,2,Sen,,0,0,,,0,1407
6841,"Federal and State Affairs",,,,,,0,,2,Sen,,0,0,,,0,1404
6842,Commerce,,,,,,0,,2,Sen,,0,0,,,0,1400
6843,"Janis Lee",Janis,K.,Lee,,,1,D,2,Sen,SD-036,6421436,6904,,Janis_Lee,194588,0
6844,"Ethics and Elections",,,,,,0,,2,Sen,,0,0,,,0,1403
6845,Education,,,,,,0,,2,Sen,,0,0,,,0,1402
6846,Transportation,,,,,,0,,2,Sen,,0,0,,,0,1412
6847,Utilities,,,,,,0,,2,Sen,,0,0,,,0,1413
6848,"Financial Institutions and Insurance",,,,,,0,,2,Sen,,0,0,,,0,1405
6849,"Natural Resources",,,,,,0,,2,Sen,,0,0,,,0,1409
6851,"Local Government",,,,,,0,,2,Sen,,0,0,,,0,1408
6853,"Assessment and Taxation",,,,,,0,,2,Sen,,0,0,,,0,1398
6854,"Chris Steineger",Chris,,Steineger,,,1,D,2,Sen,SD-006,6421572,12187,,Chris_Steineger,194558,0
6855,"Steve Abrams",Steve,E.,Abrams,,,2,R,2,Sen,SD-032,6665592,107072,,Steve_Abrams,268222,0
6856,"Marci Francisco",Marci,,Francisco,,,1,D,2,Sen,SD-002,6464512,34489,,Marci_Francisco,226794,0
6857,"Thomas Holland",Thomas,,Holland,,,1,D,2,Sen,SD-003,6409084,34760,,Tom_Holland,212293,0
6858,"Laura Kelly",Laura,J.,Kelly,,,1,D,2,Sen,SD-018,6464585,34496,,Laura_Kelly_(Kansas),226804,0
6859,"Kelly Kultala",Kelly,,Kultala,,,1,D,2,Sen,SD-005,6409093,107000,,Kelly_Kultala,268186,0
6860,"Roger Reitz",Roger,P.,Reitz,,,2,R,2,Sen,SD-022,6612640,34715,,Roger_Reitz,212276,0
6862,"Ralph Ostmeyer",Ralph,,Ostmeyer,,,2,R,2,Sen,SD-040,6612591,34553,,Ralph_Ostmeyer,208827,0
6863,"Carolyn McGinn",Carolyn,,McGinn,,,2,R,2,Sen,SD-031,8850968,34688,,Carolyn_McGinn,226811,0
6864,"Mary Pilcher-Cook",Mary,,Pilcher-Cook,,,2,R,2,Sen,SD-010,6612194,34468,,Mary_Pilcher-Cook,268190,0
6865,Agriculture,,,,,,0,,2,Sen,,0,0,,,0,1397
6866,"Dennis Pyle",Dennis,D.,Pyle,,,2,R,2,Sen,SD-001,13000500,12606,,Dennis_Pyle,208519,0
6868,"Susan Wagle",Susan,,Wagle,,,2,R,2,Sen,SD-030,6626103,7038,,Susan_Wagle,208585,0
6871,"Mike Petersen",Mike,,Petersen,,,2,R,2,Sen,SD-028,6625947,12657,,Mike_Petersen_(Kansas),226809,0
6872,"Pat Apple",Pat,,Apple,,,2,R,2,Sen,SD-037,13011941,34798,,Pat_Apple,226800,0
6874,"Terry Bruce",Terry,,Bruce,,,2,R,2,Sen,SD-034,6665614,34605,,Terry_Bruce,226813,0
6875,"Bob Marshall",Bob,,Marshall,,,2,R,2,Sen,SD-013,13011942,107025,,"Bob_Marshall,_Kansas_Senator",268195,0
6876,"Vicki Schmidt",Vicki,,Schmidt,,,2,R,2,Sen,SD-020,6665772,34584,,Vicki_Schmidt,226806,0
6878,"Mark Taddiken",Mark,,Taddiken,,,2,R,2,Sen,SD-021,6626626,34595,,Mark_Taddiken,208582,0
6880,"John Vratil",John,,Vratil,,,2,R,2,Sen,SD-011,6626332,1875,,John_Vratil,194563,0
6884,"Julia Lynn",Julia,,Lynn,,,2,R,2,Sen,SD-009,8886114,69488,,Julia_Lynn,251948,0
6889,"Jean Schodorf",Jean,Kurtis,Schodorf,,,2,R,2,Sen,SD-025,6626580,34701,,Jean_Schodorf,208584,0
6890,"Stephen Morris",Stephen,R.,Morris,,Steve,2,R,2,Sen,SD-039,6625898,6906,,Stephen_Morris,194591,0
6892,"Pete Brungardt",Pete,,Brungardt,,,2,R,2,Sen,SD-024,6626364,34646,,Pete_Brungardt,208583,0
6894,"Leslie Donovan",Leslie,D.,Donovan,Sr.,Les,2,R,2,Sen,SD-027,6625632,6943,,Leslie_Donovan,194579,0
6895,"Jay Emler",Jay,,Emler,,,2,R,2,Sen,SD-035,6626379,34818,,Jay_Emler,208829,0
6896,"Thomas Owens",Thomas,C.,Owens,,Tim,2,R,2,Sen,SD-008,6612597,34613,,Thomas_Ken_Owens,136209,0
6898,"Ruth Teichman",Ruth,,Teichman,,,2,R,2,Sen,SD-033,13011955,34651,,Ruth_Teichman,208586,0
6899,"Dwayne Umbarger",Dwayne,,Umbarger,,,2,R,2,Sen,SD-014,6626083,12202,,Dwayne_Umbarger,194566,0
12065,"Veterans, Military and Homeland Security",,,,,,0,,1,Rep,,0,0,,,0,1395
12086,"Agriculture and Natural Resources Budget",,,,,,0,,1,Rep,,0,0,,,0,1368
12181,"Government Efficiency",,,,,,0,,1,Rep,,0,0,,,0,1381
12197,"Commerce and Economic Development",,,,,,0,,1,Rep,,0,0,,,0,2204
12241,"Pensions and Benefits",,,,,,0,,1,Rep,,0,0,,,0,2378
12660,"Stephen Alford",Stephen,,Alford,,Steve,2,R,1,Rep,HD-124,6691001,125237,,J._Stephen_Alford,311325,0
12661,"Tom Arpke",Tom,,Arpke,,,2,R,1,Rep,SD-024,6677492,107052,,Tom_Arpke,311292,0
12663,"Richard Billinger",Richard,,Billinger,,Rick,2,R,1,Rep,SD-040,6700179,128532,,Rick_Billinger,329063,0
12664,"Benny Boman",Benny,L.,Boman,,,2,R,1,Rep,HD-095,6671629,68315,,Benny_L._Boman,311309,0
12666,"Rob Bruchman",Rob,,Bruchman,,,2,R,1,Rep,HD-020,13000474,125046,,Rob_Bruchman,293842,0
12668,"Terry Calloway",Terry,L.,Calloway,,,2,R,1,Rep,HD-003,6626179,18580,,Terry_Calloway,293824,0
12669,"Ward Cassidy",Ward,,Cassidy,,,2,R,1,Rep,HD-120,6690984,125233,,Ward_Cassidy,293945,0
12670,"Dan Collins",Dan,L.,Collins,,,2,R,1,Rep,HD-110,6690965,125193,,Dan_Collins,311320,0
12672,"Jim Denning",Jim,,Denning,,,2,R,1,Rep,SD-008,3847828,125044,,Jim_Denning,293841,0
12673,"James Fawcett",James,P.,Fawcett,,,2,R,1,Rep,HD-065,13000514,125133,,James_P._Fawcett,311289,0
12674,"Randy Garber",Randy,,Garber,,,2,R,1,Rep,HD-062,6690879,125129,,Randy_Garber,311288,0
12675,"Ramon Gonzalez",Ramon,,Gonzalez,Jr.,,2,R,1,Rep,HD-047,13000499,128534,,Ramon_Gonzalez,330118,0
12676,"Jana Goodman",Jana,Taylor,Goodman,,,2,R,1,Rep,HD-041,13000494,107197,,Jana_Taylor_Goodman,293862,0
12677,"TerriLois Gregory",TerriLois,,Gregory,,,2,R,1,Rep,HD-010,6690796,125039,,Terri_Lois_Gregory,293832,0
12678,"Amanda Grosserode",Amanda,,Grosserode,,,2,R,1,Rep,HD-016,6690803,125041,,Amanda_Grosserode,293837,0
12679,"Dennis Hedke",Dennis,E.,Hedke,,,2,R,1,Rep,HD-099,13000538,128727,,Dennis_Hedke,331092,0
12680,"Brett Hildabrand",Brett,,Hildabrand,,,2,R,1,Rep,HD-017,6690831,125052,,Brett_Hildabrand,293848,0
12681,"Kyle Hoffman",Kyle,D.,Hoffman,,,2,R,1,Rep,HD-116,6690980,125232,,Kyle_Hoffman,293943,0
12682,"Jim Howell",Jim,,Howell,,,2,R,1,Rep,HD-081,6690925,125165,,Jim_Howell_(Kansas),311302,0
12684,"Jim Kelly",Jim,,Kelly,,,2,R,1,Rep,HD-011,8768443,128535,,Jim_Kelly_(Kansas),330121,0
12686,"Kelly Meigs",Kelly,,Meigs,,,2,R,1,Rep,HD-023,6690807,125043,,Kelly_Meigs,311175,0
12687,"Reynaldo Mesa",Reynaldo,R.,Mesa,,,2,R,1,Rep,HD-123,6690999,125236,,Reynaldo_R._Mesa,311324,0
12688,"Susan Mosier",Susan,,Mosier,,,2,R,1,Rep,HD-067,6690899,125141,,Susan_Mosier,293886,0
12690,"Charlotte O'Hara",Charlotte,,O'Hara,,,2,R,1,Rep,HD-027,8833476,128533,,Charlotte_O%27Hara,329036,0
12692,"Leslie Osterman",Leslie,,Osterman,,,2,R,1,Rep,HD-097,6422068,34735,,Leslie_Osterman,311310,0
12693,"John Rubin",John,,Rubin,,,2,R,1,Rep,HD-018,6677631,107135,,John_Rubin,293840,0
12694,"Ron Ryckman",Ron,,Ryckman,Jr.,,2,R,1,Rep,HD-078,13703465,142868,,Ron_Ryckman,425350,0
12696,"Joseph Scapa",Joseph,,Scapa,,,2,R,1,Rep,HD-088,13000528,125171,,Joseph_Scapa,293905,0
12697,"Greg Smith",Greg,A.,Smith,,,2,R,1,Rep,SD-021,6690828,171682,,Greg_Smith_(Kansas),293847,0
12698,"Caryn Tyson",Caryn,,Tyson,,,2,R,1,Rep,SD-012,6665784,34467,,Caryn_Tyson,293826,0
12699,"Ponka-We Victors",Ponka-We,,Victors,,,1,D,1,Rep,HD-103,6507741,125186,,Ponka-We_Victors,311316,0
12700,"Brian Weber",Brian,,Weber,,,2,R,1,Rep,HD-119,6700195,128531,,Brian_Weber,329059,0
12701,"Kathy Wolfe Moore",Kathy,,"Wolfe Moore",,,1,D,1,Rep,HD-036,6507626,125070,,Kathy_Wolfe_Moore,311188,0
12703,"Jeff Longbine",Jeff,,Longbine,,,2,R,2,Sen,SD-017,13011945,128208,,Jeff_Longbine,310269,0
12704,"Garrett Love",Garrett,,Love,,,2,R,2,Sen,SD-038,6690977,125230,,Garrett_Love,311321,0
12707,"Allen Schmidt",Allen,,Schmidt,,,1,D,2,Sen,SD-036,6514587,128751,,Allen_Schmidt,331597,0
12709,"Robert Montgomery",Robert,,Montgomery,,,2,R,1,Rep,HD-015,6700187,140758,,Bob_Montgomery,329635,0
12721,"Children and Families",,,,,,0,,1,Rep,,0,0,,,0,2525
12901,"Joint Committee on Energy and Environmental Policy",,,,,,0,,3,Jnt,,0,0,,,0,1421
12905,"Special Committee on Education",,,,,,0,,3,Jnt,,0,0,,,0,2579
12914,"Joint Committee on Pensions, Investments, and Benefits",,,,,,0,,3,Jnt,,0,0,,,0,1431
12915,"Rules and Journal",,,,,,0,,1,Rep,,0,0,,,0,1389
12916,"Special Committee on Legislative Streamlining",,,,,,0,,3,Jnt,,0,0,,,0,2581
12919,"Special Committee on Judiciary",,,,,,0,,3,Jnt,,0,0,,,0,2582
12920,"Joint Committee on State Building Construction",,,,,,0,,3,Jnt,,0,0,,,0,1433
12921,"KPERS Select",,,,,,0,,2,Sen,,0,0,,,0,2377
13013,"Special Committee on Natural Gas Storage Fields and Facilities",,,,,,0,,3,Jnt,,0,0,,,0,2599
13181,"Legislative Educational Planning",,,,,,0,,3,Jnt,,0,0,,,0,1426
13819,"Joint Committee on Arts and Cultural Resources",,,,,,0,,3,Jnt,,0,0,,,0,1417
13820,"Trent LeDoux",Trent,,LeDoux,,,2,R,1,Rep,HD-050,6665704,34686,,Trent_LeDoux,343439,0
13821,"Joint Committee on Administrative Rules and Regulations",,,,,,0,,3,Jnt,,0,0,,,0,1416
13823,"Legislative Post Audit",,,,,,0,,3,Jnt,,0,0,,,0,1429
13845,"Joint Committee on Heath Policy Oversight",,,,,,0,,3,Jnt,,0,0,,,0,1422
13849,"Joint Committee on Kansas Security",,,,,,0,,3,Jnt,,0,0,,,0,1425
13850,"Tom Phillips",Tom,,Phillips,,,2,R,1,Rep,HD-067,13703458,74033,,Tom_Phillips_(Kansas),395414,0
13857,Redistricting,,,,,,0,,1,Rep,,0,0,,,0,2658
13880,"Calendar and Printing",,,,,,0,,1,Rep,,0,0,,,0,1370
13958,Reapportionment,,,,,,0,,2,Sen,,0,0,,,0,2666
