bill_id,roll_call_id,date,chamber,description,yea,nay,nv,absent,total
448214,222572,2013-01-24,House,"House: AND DIVISIONS",67,59,0,0,126
448214,240923,2013-03-04,House,"House: Daudt motion - Re-Referral",59,70,0,0,129
448214,240924,2013-03-04,House,"House: Amendment",57,71,0,0,128
448214,240925,2013-03-04,House,"House: Amendment",58,70,0,0,128
448214,240926,2013-03-04,House,"House: Amendment",59,69,0,0,128
448214,240927,2013-03-04,House,"House: Amendment",71,58,0,0,129
448214,240928,2013-03-04,House,"House: Amendment",58,70,0,0,128
448214,240929,2013-03-04,House,"House: Amendment",59,70,0,0,129
448214,240930,2013-03-04,House,"House: Amendment",59,70,0,0,129
448214,240931,2013-03-04,House,"House: Amendment",58,70,0,0,128
448214,240932,2013-03-04,House,"House: Amendment",59,69,0,0,128
448214,240933,2013-03-04,House,"House: Amendment",129,0,0,0,129
448214,240934,2013-03-04,House,"House: Amendment to Amendment",123,2,0,0,125
448214,240935,2013-03-04,House,"House: Amendment",123,4,0,0,127
448214,240936,2013-03-04,House,"House: Amendment",58,70,0,0,128
448214,240937,2013-03-04,House,"House: Amendment",59,70,0,0,129
448214,240938,2013-03-04,House,"House: Amendment",58,71,0,0,129
448214,240939,2013-03-04,House,"House: Amendment to Amendment",58,71,0,0,129
448214,240940,2013-03-04,House,"House: Amendment to Amendment",59,70,0,0,129
448214,240941,2013-03-04,House,"House: Amendment",58,71,0,0,129
448214,240942,2013-03-04,House,"House: Amendment",58,70,0,0,128
448214,240943,2013-03-04,House,"House: Passage",72,58,0,0,130
448214,241194,2013-03-04,House,"House: ",69,58,0,0,127
448214,241195,2013-03-04,House,"House: ",70,58,0,0,128
448214,241196,2013-03-04,House,"House: ",71,58,0,0,129
448214,248871,2013-03-14,House,"House: Motion to Reconsider",65,68,0,0,133
448214,248872,2013-03-14,House,"House: Adoption",70,63,0,0,133
448214,248873,2013-03-14,House,"House: Repassage",72,61,0,0,133
448292,230801,2013-02-11,House,"House: Amendment",58,68,0,0,126
448292,230802,2013-02-11,House,"House: Amendment",61,66,0,0,127
448292,230803,2013-02-11,House,"House: Passage",127,0,0,0,127
448292,233160,2013-02-11,House,"House: ",71,54,0,0,125
448292,233936,2013-02-18,House,"House: Davids motion - Refuse to Concur",60,68,0,0,128
448292,233937,2013-02-18,House,"House: Repassage as amended by the Senate",109,19,0,0,128
448319,230808,2013-02-11,House,"House: Amendment",56,71,0,0,127
448319,230809,2013-02-11,House,"House: Passage",71,56,0,0,127
448363,266728,2013-04-16,House,"House: Passage",132,0,0,0,132
448363,272651,2013-04-26,House,"House: Repassage as amended by the Senate",126,0,0,0,126
450699,233378,2013-02-18,House,"House: Passage",120,4,0,0,124
450699,250818,2013-03-18,House,"House: Repassage",125,2,0,0,127
450748,232860,2013-02-14,House,"House: Adoption",66,61,0,0,127
450762,233451,2013-02-18,House,"House: Adoption",67,61,0,0,128
450810,276886,2013-05-07,House,"House: Passage, as amended",131,0,0,0,131
450810,280749,2013-05-17,House,"House: Repassage, as amended by the Senate",134,0,0,0,134
450886,259789,2013-04-04,House,"House: Passage",129,1,0,0,130
451026,232998,2013-02-14,House,"House: Passage",128,0,0,0,128
456759,232825,2013-02-14,House,"House: ",70,58,0,0,128
456759,232826,2013-02-14,House,"House: ",70,59,0,0,129
456759,232827,2013-02-14,House,"House: Amendment",58,70,0,0,128
456759,232828,2013-02-14,House,"House: ",70,58,0,0,128
456759,232829,2013-02-14,House,"House: ",70,59,0,0,129
456759,232830,2013-02-14,House,"House: ",70,58,0,0,128
456759,232831,2013-02-14,House,"House: Passage",83,44,0,0,127
458505,224668,2013-01-31,House,"House: Recall and Re-Referral",58,70,0,0,128
458548,241027,2013-03-04,House,"House: Adoption",69,58,0,0,127
458548,275980,2013-05-03,House,"House: Amendment to Amendment",59,71,0,0,130
458548,275981,2013-05-03,House,"House: Amendment",99,30,0,0,129
458548,275982,2013-05-03,House,"House: Amendment",59,71,0,0,130
458548,275983,2013-05-03,House,"House: Amendment",64,65,0,0,129
458548,275984,2013-05-03,House,"House: Motion to Reconsider",69,61,0,0,130
458548,275985,2013-05-03,House,"House: Amendment",65,65,0,0,130
458548,275986,2013-05-03,House,"House: Passage",68,62,0,0,130
458548,328980,2014-02-25,House,"House: Take from Table",73,58,0,0,131
458576,233916,2013-02-18,House,"House: ",73,50,0,0,123
458576,233917,2013-02-18,House,"House: ",72,51,0,0,123
458576,233918,2013-02-18,House,"House: Passage",122,0,0,0,122
461976,263528,2013-04-11,House,"House: Passage",130,0,0,0,130
464949,263593,2013-04-11,House,"House: Passage",129,0,0,0,129
464949,269499,2013-04-20,House,"House: Repassage, as amended by the Senate",127,0,0,0,127
464992,233897,2013-02-18,House,"House: Amendment",50,73,0,0,123
464992,233898,2013-02-18,House,"House: Amendment",51,73,0,0,124
464992,233899,2013-02-18,House,"House: Amendment",50,72,0,0,122
464992,233900,2013-02-18,House,"House: Amendment",48,74,0,0,122
464992,233901,2013-02-18,House,"House: Amendment",47,76,0,0,123
464992,233902,2013-02-18,House,"House: Amendment",50,73,0,0,123
464992,233903,2013-02-18,House,"House: ",73,50,0,0,123
464992,233904,2013-02-18,House,"House: Amendment",51,72,0,0,123
464992,233905,2013-02-18,House,"House: Passage",122,2,0,0,124
465228,263644,2013-04-11,House,"House: Passage",90,40,0,0,130
465228,277447,2013-05-08,House,"House: ",97,37,0,0,134
465274,260994,2013-04-08,House,"House: Passage",132,0,0,0,132
472059,259584,2013-04-04,House,"House: Amendment",30,100,0,0,130
472059,259585,2013-04-04,House,"House: Amendment",42,88,0,0,130
472059,259586,2013-04-04,House,"House: Amendment",46,85,0,0,131
472059,259587,2013-04-04,House,"House: Passage",102,28,0,0,130
472211,276337,2013-05-06,House,"House: Passage",128,0,0,0,128
472411,279935,2013-05-15,House,"House: Passage, as amended",74,59,0,0,133
472512,364429,2014-05-13,House,"House: Passage",84,45,0,0,129
472512,365069,2014-05-16,House,"House: Repassage, as amended by the Senate",82,47,0,0,129
475899,280663,2013-05-17,House,"House: Amendment",75,52,0,0,127
475899,280664,2013-05-17,House,"House: Passage",132,0,0,0,132
475899,364968,2014-05-15,House,"House: Repassage, as amended by Conference",131,0,0,0,131
476132,260999,2013-04-08,House,"House: Passage",123,10,0,0,133
476132,276339,2013-05-06,House,"House: Repassage, as amended by the Senate",124,7,0,0,131
476156,275722,2013-05-02,House,"House: Passage",121,1,0,0,122
480520,263707,2013-04-11,House,"House: Passage",130,0,0,0,130
481951,266786,2013-04-16,House,"House: Passage",117,14,0,0,131
481994,233818,2013-02-18,House,"House: Fabian motion - Re-Referral",51,71,0,0,122
482006,236260,2013-02-21,House,"House: Passage",124,0,0,0,124
482105,280651,2013-05-17,House,"House: Amendment to Amendment",110,21,0,0,131
482105,280652,2013-05-17,House,"House: Amendment",86,46,0,0,132
482105,280653,2013-05-17,House,"House: Passage",76,56,0,0,132
482191,362061,2014-05-02,House,"House: Passage",120,0,0,0,120
482191,364424,2014-05-13,House,"House: Repassage",129,0,0,0,129
482345,233093,2013-02-14,House,"House: Passage",124,5,0,0,129
482592,263839,2013-04-11,House,"House: Passage",130,0,0,0,130
482592,269203,2013-04-20,House,"House: Repassage, as amended by the Senate",129,0,0,0,129
482643,276875,2013-05-07,House,"House: Passage",111,19,0,0,130
482643,282116,2013-05-20,House,"House: Repassage, as amended by the Senate",121,12,0,0,133
482815,276335,2013-05-06,House,"House: Passage",129,0,0,0,129
484138,278399,2013-05-10,House,"House: Passage",123,5,0,0,128
485201,278495,2013-05-13,House,"House: Passage",128,0,0,0,128
485286,236261,2013-02-21,House,"House: Torkelson motion - Re-Referral",56,69,0,0,125
485286,237089,2013-02-25,House,"House: Amendment",57,71,0,0,128
485286,237090,2013-02-25,House,"House: Amendment",57,71,0,0,128
485286,237091,2013-02-25,House,"House: Amendment",57,71,0,0,128
485286,237092,2013-02-25,House,"House: Amendment",84,44,0,0,128
485286,237093,2013-02-25,House,"House: Amendment",57,71,0,0,128
485286,237094,2013-02-25,House,"House: Amendment",57,71,0,0,128
485286,237095,2013-02-25,House,"House: Amendment",86,43,0,0,129
485286,237096,2013-02-25,House,"House: Amendment",59,69,0,0,128
485286,237097,2013-02-25,House,"House: Amendment",58,71,0,0,129
485286,237098,2013-02-25,House,"House: Amendment to Franson Amendment",58,70,0,0,128
485286,237099,2013-02-25,House,"House: Passage",123,2,0,0,125
485315,277662,2013-05-08,House,"House: Passage",110,23,0,0,133
485315,282436,2013-05-20,House,"House: Repassage, as amended by the Senate",132,2,0,0,134
485464,261000,2013-04-08,House,"House: Passage",133,0,0,0,133
488356,237650,2013-02-25,House,"House: Passage",127,0,0,0,127
488414,266889,2013-04-16,House,"House: Passage",132,0,0,0,132
488737,280388,2013-05-16,House,"House: Passage, as amended",120,13,0,0,133
488960,279807,2013-05-15,House,"House: Passage",132,0,0,0,132
488973,273572,2013-04-29,House,"House: Passage, as amended",128,0,0,0,128
489063,278380,2013-05-10,House,"House: Passage",128,0,0,0,128
489337,272892,2013-04-26,House,"House: ",71,56,0,0,127
489337,272893,2013-04-26,House,"House: Passage",127,0,0,0,127
492250,276121,2013-05-03,House,"House: Passage",125,3,0,0,128
492339,271097,2013-04-23,House,"House: Passage, as amended",133,0,0,0,133
492817,236262,2013-02-20,House,"House: Adoption",68,57,0,0,125
492830,263094,2013-04-10,House,"House: Passage",124,7,0,0,131
492998,280687,2013-05-17,House,"House: Amendment",38,90,0,0,128
492998,280688,2013-05-17,House,"House: Passage",128,4,0,0,132
493072,276331,2013-05-06,House,"House: Passage",111,17,0,0,128
493072,279335,2013-05-14,House,"House: Repassage, as amended by the Senate",108,20,0,0,128
493091,272679,2013-04-26,House,"House: Passage",115,11,0,0,126
493091,278469,2013-05-10,House,"House: Repassage, as amended by Conference",114,13,0,0,127
493099,272722,2013-04-26,House,"House: Passage",113,13,0,0,126
493099,277664,2013-05-08,House,"House: Repassage, as amended by the Senate",126,7,0,0,133
493139,266556,2013-04-16,House,"House: Passage",131,0,0,0,131
494450,272407,2013-04-25,House,"House: Passage",131,0,0,0,131
496389,277072,2013-05-07,House,"House: Passage",79,52,0,0,131
496389,280382,2013-05-16,House,"House: Repassage, as amended by the Senate",76,56,0,0,132
496765,261361,2013-04-08,House,"House: Passage",133,0,0,0,133
497181,272575,2013-04-25,House,"House: Passage",131,0,0,0,131
497470,275978,2013-05-03,House,"House: Amendment",57,70,0,0,127
497470,275979,2013-05-03,House,"House: Passage",75,53,0,0,128
497470,280731,2013-05-18,House,"House: Muprhy M., Adoption",78,51,0,0,129
497470,280732,2013-05-18,House,"House: Repassage, as amended by Conference",78,53,0,0,131
498361,270914,2013-04-23,House,"House: Amendment",61,71,0,0,132
498361,270915,2013-04-23,House,"House: Amendment",56,78,0,0,134
498361,270916,2013-04-23,House,"House: Amendment to Amendment",61,73,0,0,134
498361,270917,2013-04-23,House,"House: Amendment to Amendment",62,72,0,0,134
498361,270918,2013-04-23,House,"House: Amendment to Amendment",59,75,0,0,134
498361,270919,2013-04-23,House,"House: Amendment to Amendment",66,68,0,0,134
498361,270920,2013-04-23,House,"House: Amendment to Amendment",62,72,0,0,134
498361,270921,2013-04-23,House,"House: Amendment to Amendment",63,71,0,0,134
498361,270922,2013-04-23,House,"House: Amendment",61,73,0,0,134
498361,270923,2013-04-23,House,"House: Amendment to Amendment",64,70,0,0,134
498361,270924,2013-04-23,House,"House: Amendment",62,72,0,0,134
498361,270925,2013-04-23,House,"House: Amendment",60,74,0,0,134
498361,270926,2013-04-23,House,"House: Amendment",60,74,0,0,134
498361,270927,2013-04-23,House,"House: Amendment",64,70,0,0,134
498361,270928,2013-04-23,House,"House: Amendment",61,73,0,0,134
498361,270929,2013-04-23,House,"House: Amendment to Amendment",61,73,0,0,134
498361,270930,2013-04-23,House,"House: Amendment",62,72,0,0,134
498361,270931,2013-04-23,House,"House: Amendment",67,67,0,0,134
498361,270932,2013-04-23,House,"House: Amendment to Amendment",60,73,0,0,133
498361,270933,2013-04-23,House,"House: Amendment",57,77,0,0,134
498361,270934,2013-04-23,House,"House: Amendment",61,73,0,0,134
498361,270935,2013-04-23,House,"House: Amendment",63,71,0,0,134
498361,270936,2013-04-23,House,"House: Amendment",61,73,0,0,134
498361,270937,2013-04-23,House,"House: Amendment",61,72,0,0,133
498361,270938,2013-04-23,House,"House: Amendment",63,70,0,0,133
498361,270939,2013-04-23,House,"House: Amendment to Amendment",61,72,0,0,133
498361,270940,2013-04-23,House,"House: Amendment",51,82,0,0,133
498361,270941,2013-04-23,House,"House: Amendment",60,73,0,0,133
498361,270942,2013-04-23,House,"House: Passage",83,50,0,0,133
498361,271405,2013-04-23,House,"House: ",73,60,0,0,133
498361,280746,2013-05-18,House,"House: Refuse to Adopt",61,71,0,0,132
498361,280747,2013-05-18,House,"House: Adoption",71,61,0,0,132
498361,280748,2013-05-18,House,"House: Repassage, as amended by Conference",78,56,0,0,134
498917,259609,2013-04-04,House,"House: Passage",128,0,0,0,128
498917,282430,2013-05-20,House,"House: Repassage, as amended by the Senate",134,0,0,0,134
499341,275846,2013-05-02,House,"House: Amendment",49,73,0,0,122
499341,275847,2013-05-02,House,"House: Passage, as amended",119,5,0,0,124
499341,282159,2013-05-20,House,"House: Repassage, as amended by the Senate",130,4,0,0,134
499374,267523,2013-04-17,House,"House: Passage",73,57,0,0,130
499374,276356,2013-05-06,House,"House: Motion to Concur",75,57,0,0,132
499374,276357,2013-05-06,House,"House: Repassage, as amended by the Senate",76,56,0,0,132
499427,243783,2013-03-07,House,"House: Passage",126,0,0,0,126
499449,272901,2013-04-26,House,"House: Passage, as amended",127,0,0,0,127
499449,279404,2013-05-14,House,"House: Repassage, as amended by the Senate",128,0,0,0,128
500612,275624,2013-05-02,House,"House: Passage",104,18,0,0,122
500629,363512,2014-05-08,House,"House: Amendment",18,110,0,0,128
500629,363513,2014-05-08,House,"House: Amendment",48,81,0,0,129
500629,363514,2014-05-08,House,"House: Amendment",21,107,0,0,128
500629,363515,2014-05-08,House,"House: Amendment",10,119,0,0,129
500629,363516,2014-05-08,House,"House: Amendment",14,116,0,0,130
500629,363517,2014-05-08,House,"House: Amendment",26,104,0,0,130
500629,363518,2014-05-08,House,"House: Passage",119,13,0,0,132
500764,276978,2013-05-07,House,"House: Passage, as amended",76,55,0,0,131
500788,277456,2013-05-08,House,"House: Passage",107,26,0,0,133
501017,275324,2013-05-01,House,"House: Amendment to Amendment",5,122,0,0,127
501017,275325,2013-05-01,House,"House: Amendment",21,106,0,0,127
501017,275326,2013-05-01,House,"House: Passage, as amended",103,24,0,0,127
501275,280650,2013-05-17,House,"House: Passage",128,0,0,0,128
507063,245026,2013-03-11,House,"House: Adoption",71,59,0,0,130
507135,278451,2013-05-10,House,"House: Passage",128,0,0,0,128
507187,278376,2013-05-10,House,"House: Amendment",51,74,0,0,125
507187,278377,2013-05-10,House,"House: Passage",72,51,0,0,123
507196,274887,2013-05-01,House,"House: Amendment",67,58,0,0,125
507196,274888,2013-05-01,House,"House: Holberg motion Re-Referral",54,70,0,0,124
507196,274889,2013-05-01,House,"House: Passage",115,7,0,0,122
507196,280660,2013-05-17,House,"House: Repassage",123,3,0,0,126
507217,236263,2013-02-20,House,"House: Adoption",71,58,0,0,129
507217,271685,2013-04-24,House,"House: Amendment",59,73,0,0,132
507217,271686,2013-04-24,House,"House: Amendment to Amendment",60,72,0,0,132
507217,271687,2013-04-24,House,"House: Amendment to Amendment",64,68,0,0,132
507217,271688,2013-04-24,House,"House: Amendment to Amendment",66,66,0,0,132
507217,271689,2013-04-24,House,"House: Amendment to Amendment",65,67,0,0,132
507217,271690,2013-04-24,House,"House: ",73,59,0,0,132
507217,271691,2013-04-24,House,"House: Passage, as amended",69,64,0,0,133
507217,280834,2013-05-19,House,"House: Adoption",69,65,0,0,134
507217,280835,2013-05-19,House,"House: Repassage, as amended by Conference",69,65,0,0,134
507217,485181,2013-04-29,Senate,"Senate: Motion did not prevail To strike and re-refer to Taxes",28,38,0,0,66
507217,485182,2013-04-29,Senate,"Senate: Bill passed As amended",28,38,0,0,66
507217,485183,2013-04-29,Senate,"Senate: Third reading Failed to pass",32,34,0,0,66
507217,485184,2013-04-29,Senate,"Senate: Reconsidered Vote",28,39,0,0,67
507217,485185,2013-04-29,Senate,"Senate: Motion did not prevail To strike and re-refer to Finance",31,36,0,0,67
507217,485186,2013-05-20,Senate,"Senate: Third reading",36,30,0,0,66
507217,485187,2013-05-20,Senate,"Senate: Senate adopted CC report and repassed bill",36,30,0,0,66
507256,267561,2013-04-17,House,"House: Passage",119,9,0,0,128
507256,272528,2013-04-26,House,"House: Repassage as amended by the Senate",107,18,0,0,125
507282,280026,2013-05-15,House,"House: Passage",126,5,0,0,131
507323,347205,2014-03-24,House,"House: Passage",131,0,0,0,131
507323,362679,2014-05-06,House,"House: Repassage",125,0,0,0,125
507357,261024,2013-04-08,House,"House: Passage",106,27,0,0,133
507364,280360,2013-05-16,House,"House: Passage, as amended",92,41,0,0,133
507425,276136,2013-05-03,House,"House: Passage, as amended",118,10,0,0,128
509369,263540,2013-04-11,House,"House: Passage",131,0,0,0,131
509480,277078,2013-05-07,House,"House: Amendment",78,53,0,0,131
509480,277079,2013-05-07,House,"House: Passage, as amended",113,17,0,0,130
509480,278484,2013-05-13,House,"House: Repassage, as amended by the Senate",126,3,0,0,129
509510,271580,2013-04-24,House,"House: Passage",118,13,0,0,131
509520,249034,2013-03-14,House,"House: Adoption",72,60,0,0,132
509628,262952,2013-04-10,House,"House: Motion to lay over",60,70,0,0,130
509628,265596,2013-04-15,House,"House: Amendment to Amendment",132,2,0,0,134
509628,265597,2013-04-15,House,"House: Amendment",87,45,0,0,132
509628,265598,2013-04-15,House,"House: Amendment",58,75,0,0,133
509628,265599,2013-04-15,House,"House: Amendment",60,74,0,0,134
509628,265600,2013-04-15,House,"House: Amendment to Amendment",60,74,0,0,134
509628,265601,2013-04-15,House,"House: Amendment to Amendment",68,65,0,0,133
509628,265602,2013-04-15,House,"House: Amendment to Amendment",118,15,0,0,133
509628,265603,2013-04-15,House,"House: Amendment",62,72,0,0,134
509628,265604,2013-04-15,House,"House: Amendment to Amendment",67,66,0,0,133
509628,265605,2013-04-15,House,"House: Amendment",60,73,0,0,133
509628,265606,2013-04-15,House,"House: ",73,60,0,0,133
509628,265607,2013-04-15,House,"House: ",73,59,0,0,132
509628,265608,2013-04-15,House,"House: Amendment to Amendment",127,3,0,0,130
509628,265609,2013-04-15,House,"House: Amendment",60,72,0,0,132
509628,265610,2013-04-15,House,"House: Passage, as amended",75,57,0,0,132
509628,280012,2013-05-15,House,"House: Garofalo motion to Refuse to Adopt",61,71,0,0,132
509628,280013,2013-05-15,House,"House: Mahoney motion - Adoption",72,59,0,0,131
509628,280014,2013-05-15,House,"House: Repassage, as amended by Conference",73,59,0,0,132
509735,239256,2013-02-28,House,"House: Adoption",68,56,0,0,124
510012,336734,2014-03-06,House,"House: Passage",85,42,0,0,127
510107,279828,2013-05-15,House,"House: Amendment",57,76,0,0,133
510107,279829,2013-05-15,House,"House: Passage",130,2,0,0,132
510134,279792,2013-05-15,House,"House: Passage, as amended",111,22,0,0,133
510134,281926,2013-05-20,House,"House: Repassage, as amended by Conference",85,49,0,0,134
510141,359662,2014-04-24,House,"House: Amendment",72,59,0,0,131
510141,359663,2014-04-24,House,"House: Passage",76,55,0,0,131
510141,362738,2014-05-06,House,"House: Repassage",76,53,0,0,129
510141,485167,2013-04-15,Senate,"Senate: Third reading Passed",62,0,0,0,62
510141,485168,2014-05-05,Senate,"Senate: Third reading",25,38,0,0,63
510175,269158,2013-04-19,House,"House: Amendment to Amendment",58,71,0,0,129
510175,269159,2013-04-19,House,"House: Amendment",60,68,0,0,128
510175,269160,2013-04-19,House,"House: Amendment",60,69,0,0,129
510175,269161,2013-04-19,House,"House: Amendment",59,70,0,0,129
510175,269162,2013-04-19,House,"House: Amendment",59,70,0,0,129
510175,269163,2013-04-19,House,"House: Amendment",61,68,0,0,129
510175,269164,2013-04-19,House,"House: Passage",122,7,0,0,129
510175,280433,2013-05-16,House,"House: Repassage, as amended by Conference",121,12,0,0,133
510220,278381,2013-05-10,House,"House: Passage",124,0,0,0,124
510226,358852,2014-04-23,House,"House: Passage",130,0,0,0,130
510255,279789,2013-05-15,House,"House: Passage",75,58,0,0,133
511214,276884,2013-05-07,House,"House: Passage, as amended",118,12,0,0,130
511214,282422,2013-05-20,House,"House: Repassage, as amended by the Senate",114,18,0,0,132
511219,263709,2013-04-11,House,"House: Amendment",49,81,0,0,130
511219,263710,2013-04-11,House,"House: Amendment to Amendment",59,72,0,0,131
511219,263711,2013-04-11,House,"House: Amendment to Amendment",59,72,0,0,131
511219,263712,2013-04-11,House,"House: Amendment",58,73,0,0,131
511219,263713,2013-04-11,House,"House: Passage",111,19,0,0,130
511306,272817,2013-04-25,House,"House: Passage",131,0,0,0,131
511360,263719,2013-04-11,House,"House: Passage",78,53,0,0,131
511396,273611,2013-04-29,House,"House: ",70,59,0,0,129
511396,273612,2013-04-29,House,"House: Passage",71,59,0,0,130
511421,276473,2013-05-06,House,"House: Amendment",123,7,0,0,130
511421,276474,2013-05-06,House,"House: Amendment",131,0,0,0,131
511421,276475,2013-05-06,House,"House: Amendment to Amendment",62,69,0,0,131
511421,276476,2013-05-06,House,"House: Amendment to Amendment",59,72,0,0,131
511421,276477,2013-05-06,House,"House: Amendment",59,72,0,0,131
511421,276478,2013-05-06,House,"House: Amendment",58,72,0,0,130
511421,276479,2013-05-06,House,"House: Amendment to Amendment",57,72,0,0,129
511421,276480,2013-05-06,House,"House: Amendment",58,72,0,0,130
511421,276481,2013-05-06,House,"House: Amendment",63,66,0,0,129
511421,276482,2013-05-06,House,"House: Amendment to Amendment",55,74,0,0,129
511421,276483,2013-05-06,House,"House: Amendment",60,69,0,0,129
511421,276484,2013-05-06,House,"House: Amendment to Amendment",59,71,0,0,130
511421,276485,2013-05-06,House,"House: Amendment",58,71,0,0,129
511421,276486,2013-05-06,House,"House: Amendment to Amendment",73,57,0,0,130
511421,276487,2013-05-06,House,"House: Amendment",66,63,0,0,129
511421,276488,2013-05-06,House,"House: Amendment to Amendment",56,72,0,0,128
511421,276489,2013-05-06,House,"House: Amendment",56,72,0,0,128
511421,276490,2013-05-06,House,"House: Passage, as amended",72,57,0,0,129
511421,353260,2014-04-08,House,"House: Motion to Concur",69,63,0,0,132
511421,353261,2014-04-09,House,"House: Repassage",69,63,0,0,132
511473,269171,2013-04-19,House,"House: Passage",130,0,0,0,130
511473,280729,2013-05-18,House,"House: Repassage, as amended by the Senate",126,0,0,0,126
511511,267503,2013-04-17,House,"House: Re-Referral, as amended",60,70,0,0,130
511511,267504,2013-04-17,House,"House: Re-Referral",59,70,0,0,129
511511,267505,2013-04-17,House,"House: Re-Referral",60,69,0,0,129
511511,272890,2013-04-26,House,"House: Passage",125,1,0,0,126
511623,277649,2013-05-08,House,"House: Passage",62,71,0,0,133
511675,280374,2013-05-16,House,"House: Passage, as amended",117,16,0,0,133
511681,271044,2013-04-23,House,"House: Amendment to Amendment",24,108,0,0,132
511681,271045,2013-04-23,House,"House: Passage",126,7,0,0,133
511696,272818,2013-04-25,House,"House: Passage, as amended",131,0,0,0,131
511776,248990,2013-03-14,House,"House: Adoption",71,61,0,0,132
511776,270024,2013-04-22,House,"House: Amendment",61,73,0,0,134
511776,270025,2013-04-22,House,"House: Amendment",70,64,0,0,134
511776,270026,2013-04-22,House,"House: Amendment",71,63,0,0,134
511776,270027,2013-04-22,House,"House: Passage",74,60,0,0,134
511776,280365,2013-05-16,House,"House: Atkins Motion to Concur",72,60,0,0,132
511776,280366,2013-05-16,House,"House: Repassage, as amended by the Senate",73,59,0,0,132
511864,272886,2013-04-26,House,"House: Passage",121,2,0,0,123
511864,278378,2013-05-10,House,"House: Repassage",125,3,0,0,128
511915,270059,2013-04-22,House,"House: Passage",134,0,0,0,134
511915,278379,2013-05-10,House,"House: Repassage, as amended by the Senate",128,0,0,0,128
512731,280758,2013-05-19,House,"House: Passage, as amended",123,0,0,0,123
513094,272387,2013-04-25,House,"House: Passage, as amended",73,58,0,0,131
513094,279838,2013-05-15,House,"House: Repassage, as amended by Conference",133,0,0,0,133
513116,277123,2013-05-07,House,"House: Passage",131,0,0,0,131
513234,272505,2013-04-25,House,"House: Passage, as amended",131,0,0,0,131
513286,280735,2013-05-18,House,"House: Amendment",61,69,0,0,130
513286,280736,2013-05-18,House,"House: Amendment",60,69,0,0,129
513286,280737,2013-05-18,House,"House: Amendment",60,70,0,0,130
513286,280738,2013-05-18,House,"House: Amendment",61,70,0,0,131
513286,280739,2013-05-18,House,"House: Amendment",60,71,0,0,131
513286,280740,2013-05-18,House,"House: Amendment",60,71,0,0,131
513286,280741,2013-05-18,House,"House: Amendment",60,70,0,0,130
513286,280742,2013-05-18,House,"House: Amendment",60,69,0,0,129
513286,280743,2013-05-18,House,"House: Murphy, E. motion to Lay on the Table",111,17,0,0,128
513286,280759,2013-05-19,House,"House: Take from Table",69,59,0,0,128
513286,280760,2013-05-19,House,"House: Amendment",58,72,0,0,130
513286,280761,2013-05-19,House,"House: Amendment",60,71,0,0,131
513286,280762,2013-05-19,House,"House: Lay on the Table",118,13,0,0,131
513286,281328,2013-05-20,House,"House: Taken from Table",71,59,0,0,130
513286,281329,2013-05-20,House,"House: Amendment to Amendment",60,70,0,0,130
513286,281330,2013-05-20,House,"House: Amendment to Amendment",63,67,0,0,130
513286,281331,2013-05-20,House,"House: Amendment",62,68,0,0,130
513286,281332,2013-05-20,House,"House: Amendment",62,71,0,0,133
513286,281333,2013-05-20,House,"House: Amendment to Amendment",61,72,0,0,133
513286,281334,2013-05-20,House,"House: Amendment to Amendment",61,72,0,0,133
513286,281335,2013-05-20,House,"House: Amendment",62,71,0,0,133
513286,281336,2013-05-20,House,"House: Passage",68,66,0,0,134
514590,354532,2014-04-09,House,"House: Passage, as amended",130,0,0,0,130
514756,359070,2014-04-23,House,"House: Passage",129,0,0,0,129
514764,277442,2013-05-08,House,"House: Passage, as amended",74,60,0,0,134
514764,280756,2013-05-19,House,"House: Adoption",118,14,0,0,132
514764,282727,2013-05-20,House,"House: Repassage, as amended by Conference",99,32,0,0,131
514806,276133,2013-05-03,House,"House: Passage",79,49,0,0,128
514983,273962,2013-04-29,House,"House: Passage, as amended",73,57,0,0,130
515024,280430,2013-05-16,House,"House: Passage",124,8,0,0,132
515030,275205,2013-05-01,House,"House: Daudt motion Re-Referral",55,71,0,0,126
515030,275206,2013-05-01,House,"House: Passage",76,50,0,0,126
515044,244511,2013-03-11,House,"House: Adoption",71,58,0,0,129
515044,251640,2013-03-20,House,"House: Adoption",65,61,0,0,126
515044,251641,2013-03-20,House,"House: Scott motiont to Recall and Re-refer",61,66,0,0,127
515070,250028,2013-03-18,House,"House: Adoption",70,58,0,0,128
515070,269204,2013-04-20,House,"House: Recall and Re-refer",58,69,0,0,127
515070,276849,2013-05-07,House,"House: Amendment",57,73,0,0,130
515070,276850,2013-05-07,House,"House: Amendment to Amendment",58,72,0,0,130
515070,276851,2013-05-07,House,"House: Amendment to Amendment",59,71,0,0,130
515070,276852,2013-05-07,House,"House: Amendment",58,72,0,0,130
515070,276853,2013-05-07,House,"House: Amendment",56,74,0,0,130
515070,276854,2013-05-07,House,"House: Amendment",58,72,0,0,130
515070,276855,2013-05-07,House,"House: Amendment",57,73,0,0,130
515070,276856,2013-05-07,House,"House: Amendment",61,67,0,0,128
515070,276857,2013-05-07,House,"House: Amendment",57,73,0,0,130
515070,276858,2013-05-07,House,"House: Amendment",57,73,0,0,130
515070,276859,2013-05-07,House,"House: Amendment",60,70,0,0,130
515070,276860,2013-05-07,House,"House: Amendment",60,70,0,0,130
515070,276861,2013-05-07,House,"House: Amendment",55,75,0,0,130
515070,276862,2013-05-07,House,"House: Amendment to Amendment",63,69,0,0,132
515070,276863,2013-05-07,House,"House: Amendment to Amendment",57,75,0,0,132
515070,276864,2013-05-07,House,"House: Amendment to Amendment",3,129,0,0,132
515070,276865,2013-05-07,House,"House: Amendment",65,67,0,0,132
515070,276866,2013-05-07,House,"House: Amendment to Amendment",71,60,0,0,131
515070,276867,2013-05-07,House,"House: Amendment to Amendment",60,71,0,0,131
515070,276868,2013-05-07,House,"House: Amendment",72,59,0,0,131
515070,276869,2013-05-07,House,"House: Passage, as amended",70,63,0,0,133
518980,275638,2013-05-02,House,"House: Passage",125,0,0,0,125
518986,281304,2013-05-20,House,"House: Passage",123,0,0,0,123
519011,272899,2013-04-26,House,"House: Passage, as amended",77,49,0,0,126
519029,272720,2013-04-25,House,"House: Passage, as amended",100,31,0,0,131
519029,280576,2013-05-16,House,"House: Hansen motion - Adoption",93,40,0,0,133
519029,280577,2013-05-16,House,"House: Repassage, as amended by Conference",99,35,0,0,134
519038,275687,2013-05-02,House,"House: Passage, as amended",100,22,0,0,122
519143,362110,2014-05-02,House,"House: Passage",120,0,0,0,120
519187,274838,2013-05-01,House,"House: Dean, M. motion Re-Referral",56,71,0,0,127
519187,274839,2013-05-01,House,"House: Passage, as amended",79,47,0,0,126
519210,338979,2014-03-10,House,"House: Passage",126,0,0,0,126
519593,272900,2013-04-26,House,"House: Passage, as amended",125,0,0,0,125
519593,277436,2013-05-08,House,"House: Repassage, as amended by the Senate",134,0,0,0,134
519623,272891,2013-04-26,House,"House: Passage",111,14,0,0,125
519623,280753,2013-05-18,House,"House: Repassage, as amended by the Senate",101,28,0,0,129
519628,268728,2013-04-18,House,"House: Amendment",66,63,0,0,129
519628,268729,2013-04-18,House,"House: Amendment",60,70,0,0,130
519628,268730,2013-04-18,House,"House: Amendment",62,60,0,0,122
519628,268731,2013-04-18,House,"House: Passage, as amended",69,61,0,0,130
519628,280725,2013-05-18,House,"House: Adoption",73,59,0,0,132
519628,280726,2013-05-18,House,"House: Repassage, as amended by Conference",71,60,0,0,131
519635,343636,2014-03-13,House,"House: Passage",128,0,0,0,128
519635,352345,2014-04-04,House,"House: Repassage, as amended by the Senate",124,0,0,0,124
519748,276887,2013-05-07,House,"House: Passage, as amended",132,0,0,0,132
520404,277588,2013-05-09,House,"House: Amendment",22,111,0,0,133
520404,277589,2013-05-09,House,"House: Passage, as amended",75,59,0,0,134
520417,249305,2013-03-14,House,"House: Adoption",71,61,0,0,132
521703,270050,2013-04-22,House,"House: Passage",134,0,0,0,134
521828,272379,2013-04-25,House,"House: Passage",131,0,0,0,131
522277,270082,2013-04-22,House,"House: ",60,70,0,0,130
522277,270083,2013-04-22,House,"House: Amendment to Amendment",134,0,0,0,134
522277,270084,2013-04-22,House,"House: Amendment",133,0,0,0,133
522277,270085,2013-04-22,House,"House: Amendment",59,73,0,0,132
522277,270086,2013-04-22,House,"House: Amendment",58,74,0,0,132
522277,270087,2013-04-22,House,"House: Amendment",63,70,0,0,133
522277,270088,2013-04-22,House,"House: Amendment",60,73,0,0,133
522277,270089,2013-04-22,House,"House: Amendment",60,73,0,0,133
522277,270090,2013-04-22,House,"House: Amendment",65,68,0,0,133
522277,270091,2013-04-22,House,"House: Amendment",66,67,0,0,133
522277,270092,2013-04-22,House,"House: Amendment",60,73,0,0,133
522277,270093,2013-04-22,House,"House: Amendment",60,73,0,0,133
522277,270094,2013-04-22,House,"House: Amendment",59,74,0,0,133
522277,270095,2013-04-22,House,"House: Amendment to Amendment",62,71,0,0,133
522277,270096,2013-04-22,House,"House: Amendment",64,69,0,0,133
522277,270097,2013-04-22,House,"House: Amendment",60,73,0,0,133
522277,270098,2013-04-22,House,"House: Amendment",61,72,0,0,133
522277,270099,2013-04-22,House,"House: Amendment",60,73,0,0,133
522277,270100,2013-04-22,House,"House: Amendment to Amendment",60,73,0,0,133
522277,270101,2013-04-22,House,"House: Amendment",58,74,0,0,132
522277,270102,2013-04-22,House,"House: Amendment",62,70,0,0,132
522277,270103,2013-04-22,House,"House: Amendment",64,69,0,0,133
522277,270104,2013-04-22,House,"House: Amendment",64,68,0,0,132
522277,270105,2013-04-22,House,"House: Amendment",80,53,0,0,133
522277,270106,2013-04-22,House,"House: Amendment",62,71,0,0,133
522277,270107,2013-04-22,House,"House: Amendment to Amendment",71,62,0,0,133
522277,270108,2013-04-22,House,"House: Amendment, as amended",71,62,0,0,133
522277,270109,2013-04-22,House,"House: Amendment",60,73,0,0,133
522277,270110,2013-04-22,House,"House: Amendment",60,73,0,0,133
522277,270111,2013-04-22,House,"House: Amendment",65,68,0,0,133
522277,270112,2013-04-22,House,"House: Amendment",66,66,0,0,132
522277,270113,2013-04-22,House,"House: Amendment",59,74,0,0,133
522277,270114,2013-04-22,House,"House: Amendment",60,73,0,0,133
522277,270115,2013-04-22,House,"House: Amendment",60,73,0,0,133
522277,270116,2013-04-22,House,"House: Amendment",47,80,0,0,127
522277,270117,2013-04-22,House,"House: Amendment",92,39,0,0,131
522277,270118,2013-04-22,House,"House: Amendment to Amendment",5,120,0,0,125
522277,270119,2013-04-22,House,"House: Amendment",101,31,0,0,132
522277,270120,2013-04-22,House,"House: Amendment to Amendment",119,12,0,0,131
522277,270121,2013-04-22,House,"House: Amendment, as amended",83,49,0,0,132
522277,270122,2013-04-22,House,"House: Amendment",67,67,0,0,134
522277,270123,2013-04-22,House,"House: Amendment",68,66,0,0,134
522277,270124,2013-04-22,House,"House: Passage, as amended",70,64,0,0,134
522277,280754,2013-05-17,House,"House: Adoption",73,57,0,0,130
522277,280755,2013-05-17,House,"House: Repassage, as amended by Conference",73,61,0,0,134
522301,363658,2014-05-09,House,"House: Passage",120,0,0,0,120
522301,365068,2014-05-16,House,"House: Repassage, as amended by the Senate",128,1,0,0,129
522314,273956,2013-04-29,House,"House: Passage",75,55,0,0,130
522314,282757,2013-05-20,House,"House: Repassage, as amended by the Senate",115,18,0,0,133
522337,280750,2013-05-18,House,"House: Passage, as amended",103,27,0,0,130
522401,269183,2013-04-19,House,"House: Passage",81,49,0,0,130
522438,278383,2013-05-10,House,"House: Passage, as amended",70,55,0,0,125
522438,279883,2013-05-15,House,"House: Kahn motion to Refuse to Concur",73,59,0,0,132
522438,282765,2013-05-20,House,"House: Adoption",75,59,0,0,134
522438,282766,2013-05-20,House,"House: Repassage, as amended by Conference",77,57,0,0,134
522516,269146,2013-04-19,House,"House: Amendment",57,69,0,0,126
522516,269147,2013-04-19,House,"House: Amendment",57,71,0,0,128
522516,269148,2013-04-19,House,"House: Amendment to Amendment",59,69,0,0,128
522516,269149,2013-04-19,House,"House: Amendment",55,73,0,0,128
522516,269150,2013-04-19,House,"House: Amendment",60,69,0,0,129
522516,269151,2013-04-19,House,"House: Amendment",55,70,0,0,125
522516,269152,2013-04-19,House,"House: Passage",71,59,0,0,130
522590,273618,2013-04-29,House,"House: Passage",130,0,0,0,130
522594,277629,2013-05-08,House,"House: Passage, as amended",133,1,0,0,134
522650,275176,2013-05-01,House,"House: Amendment",58,69,0,0,127
522650,275177,2013-05-01,House,"House: Passage",111,16,0,0,127
522655,272761,2013-04-25,House,"House: Passage",119,11,0,0,130
522661,276089,2013-05-03,House,"House: Passage, as amended",128,0,0,0,128
522673,275141,2013-05-01,House,"House: Passage, as amended",113,14,0,0,127
522677,277458,2013-05-08,House,"House: Passage,as amended",134,0,0,0,134
522811,282286,2013-05-20,House,"House: Passage, as amended",121,10,0,0,131
522815,265352,2013-04-15,House,"House: Passage",83,49,0,0,132
522815,279354,2013-05-14,House,"House: Peppin motion to Refuse to Concur",57,73,0,0,130
522815,279355,2013-05-14,House,"House: Lillie Motion to Concur",80,50,0,0,130
522815,279356,2013-05-14,House,"House: Repassage, as amended by the Senate",77,52,0,0,129
522816,365037,2014-05-15,House,"House: Passage, as amended",82,50,0,0,132
522877,266794,2013-04-16,House,"House: Passage",131,0,0,0,131
523449,263701,2013-04-11,House,"House: Passage",81,49,0,0,130
523449,280730,2013-05-18,House,"House: Repassage, as amended by the Senate",81,44,0,0,125
523706,275741,2013-05-02,House,"House: Amendment",27,93,0,0,120
523706,275742,2013-05-02,House,"House: Passage",109,13,0,0,122
525288,271061,2013-04-23,House,"House: Passage",132,0,0,0,132
525794,269131,2013-04-19,House,"House: Passage",130,0,0,0,130
526482,262907,2013-04-10,House,"House: Passage",129,2,0,0,131
526482,273088,2013-04-26,House,"House: Repassage as amended by the Senate",123,3,0,0,126
526677,248356,2013-03-13,House,"House: Adoption",72,57,0,0,129
526685,248894,2013-03-13,House,"House: Adoption",71,57,0,0,128
529087,273940,2013-04-29,House,"House: Passage",130,0,0,0,130
529162,280918,2013-05-19,House,"House: Passage",123,0,0,0,123
529192,275650,2013-05-02,House,"House: Amendment",52,73,0,0,125
529192,275651,2013-05-02,House,"House: Amendment",57,68,0,0,125
529192,275652,2013-05-02,House,"House: Amendment",79,45,0,0,124
529192,275653,2013-05-02,House,"House: Amendment",56,70,0,0,126
529192,275654,2013-05-02,House,"House: Amendment",51,75,0,0,126
529192,275655,2013-05-02,House,"House: Amendment",56,70,0,0,126
529192,275656,2013-05-02,House,"House: Amendment",53,72,0,0,125
529192,275657,2013-05-02,House,"House: Amendment",53,72,0,0,125
529192,275658,2013-05-02,House,"House: Amendment",58,66,0,0,124
529192,275659,2013-05-02,House,"House: Passage, as amended",77,47,0,0,124
529192,282458,2013-05-20,House,"House: Adoption",77,51,0,0,128
529192,282459,2013-05-20,House,"House: Repassage, as amended by Conference",80,49,0,0,129
529314,360941,2014-04-29,House,"House: Passage",124,3,0,0,127
529364,272731,2013-04-25,House,"House: Amendment to Amendment",56,74,0,0,130
529364,272732,2013-04-25,House,"House: Amendment",59,70,0,0,129
529364,272733,2013-04-25,House,"House: Amendment",59,71,0,0,130
529364,272734,2013-04-25,House,"House: Passage, as amended",86,44,0,0,130
529364,280683,2013-05-17,House,"House: Repassage",76,56,0,0,132
529374,278404,2013-05-10,House,"House: Passage",128,0,0,0,128
529864,251820,2013-03-20,House,"House: Scott motion - Re-referred",59,68,0,0,127
529864,273568,2013-04-29,House,"House: Passage, as amended",72,56,0,0,128
529953,338900,2014-03-10,House,"House: Passage",119,6,0,0,125
529979,276341,2013-05-06,House,"House: Passage",129,0,0,0,129
529996,248287,2013-03-13,House,"House: Adoption",72,57,0,0,129
530019,271570,2013-04-24,House,"House: Amendment",61,69,0,0,130
530019,271571,2013-04-24,House,"House: Amendment",61,70,0,0,131
530019,271572,2013-04-24,House,"House: Amendment",64,67,0,0,131
530019,271573,2013-04-24,House,"House: Amendment",60,71,0,0,131
530019,271574,2013-04-24,House,"House: Amendment",65,66,0,0,131
530019,271575,2013-04-24,House,"House: Amendment",57,74,0,0,131
530019,271576,2013-04-24,House,"House: Amendment",65,66,0,0,131
530019,271577,2013-04-24,House,"House: Amendment",57,74,0,0,131
530019,271578,2013-04-24,House,"House: Amendment",58,73,0,0,131
530019,271579,2013-04-24,House,"House: Passage",101,30,0,0,131
530019,280836,2013-05-19,House,"House: Adoption",79,48,0,0,127
530019,280837,2013-05-19,House,"House: Repassage, as amended by Conference",77,53,0,0,130
530135,359633,2014-04-24,House,"House: Passage",132,0,0,0,132
530135,362753,2014-05-06,House,"House: Repassage",125,0,0,0,125
530290,273622,2013-04-29,House,"House: Passage",128,0,0,0,128
530345,248337,2013-03-13,House,"House: Adoption",72,58,0,0,130
530345,275692,2013-05-02,House,"House: Amendment",60,66,0,0,126
530345,275693,2013-05-02,House,"House: Passage",70,56,0,0,126
530349,248335,2013-03-13,House,"House: Adoption",70,57,0,0,127
530349,273953,2013-04-29,House,"House: Amendment",60,70,0,0,130
530349,273954,2013-04-29,House,"House: Passage",74,56,0,0,130
530349,282142,2013-05-20,House,"House: Repassage, as amended by the Senate",77,56,0,0,133
531754,278594,2013-05-13,House,"House: Passage",128,0,0,0,128
531813,362732,2014-05-06,House,"House: Amendment",121,5,0,0,126
531813,362733,2014-05-06,House,"House: Passage",129,0,0,0,129
531845,365134,2014-05-16,House,"House: Passage",132,0,0,0,132
532617,277191,2013-04-24,House,"House: Amendment",58,73,0,0,131
532617,277192,2013-04-24,House,"House: Amendment",51,79,0,0,130
532617,277460,2013-05-08,House,"House: Passage",133,1,0,0,134
534222,261336,2013-04-08,House,"House: Passage",108,25,0,0,133
534222,282364,2013-05-20,House,"House: Repassage, as amended by the Senate",107,26,0,0,133
535421,278482,2013-05-13,House,"House: Passage, as amended",131,0,0,0,131
536877,352937,2014-04-07,House,"House: ",125,8,0,0,133
536877,352938,2014-04-07,House,"House: Passage",83,45,0,0,128
542930,278454,2013-05-10,House,"House: Amendment",60,68,0,0,128
542930,278455,2013-05-10,House,"House: Passage",70,57,0,0,127
544120,269276,2013-04-20,House,"House: Amendment",58,70,0,0,128
544120,269277,2013-04-20,House,"House: ",71,57,0,0,128
544120,269278,2013-04-20,House,"House: Amendment",65,64,0,0,129
544120,269279,2013-04-20,House,"House: Amendment",121,6,0,0,127
544120,269280,2013-04-20,House,"House: ",72,56,0,0,128
544120,269281,2013-04-20,House,"House: Amendment to Amendment",67,62,0,0,129
544120,269282,2013-04-20,House,"House: Amendment",56,73,0,0,129
544120,269283,2013-04-20,House,"House: Amendment",57,72,0,0,129
544120,269284,2013-04-20,House,"House: ",73,56,0,0,129
544120,269285,2013-04-20,House,"House: Passage, as amended",74,54,0,0,128
544120,269286,2013-04-20,House,"House: ",73,56,0,0,129
544120,269872,2013-04-20,House,"House: Amendment",58,71,0,0,129
544120,282751,2013-05-20,House,"House: Adoption",73,60,0,0,133
544120,282752,2013-05-20,House,"House: Repassage, as amended by Conference",73,60,0,0,133
545722,337194,2014-03-06,House,"House: Amendment",58,69,0,0,127
545722,337195,2014-03-06,House,"House: Amendment to Amendment",58,69,0,0,127
545722,337196,2014-03-06,House,"House: Amendment to Amendment",59,68,0,0,127
545722,337197,2014-03-06,House,"House: Passage",126,2,0,0,128
545722,346799,2014-03-21,House,"House: Repassage",126,2,0,0,128
545722,485178,2014-03-10,Senate,"Senate: Motion did not prevail To suspend rules and declare urgency",26,38,0,0,64
545722,485179,2014-03-20,Senate,"Senate: Motion did not prevail To suspend rules and declare urgency",38,28,0,0,66
545722,485180,2014-03-21,Senate,"Senate: Third reading Passed",58,5,0,0,63
547610,278453,2013-05-10,House,"House: Passage",126,1,0,0,127
550904,280654,2013-05-17,House,"House: Appeal",72,57,0,0,129
550904,280655,2013-05-17,House,"House: Appeal",71,57,0,0,128
550904,280656,2013-05-17,House,"House: Lay on the Table",57,72,0,0,129
550904,280657,2013-05-17,House,"House: Amendment to Amendment",128,0,0,0,128
550904,280658,2013-05-17,House,"House: Amendment",72,56,0,0,128
550904,280659,2013-05-17,House,"House: Passage",69,62,0,0,131
552081,281946,2013-05-20,House,"House: Passage, as amended",129,2,0,0,131
552106,281315,2013-05-20,House,"House: Passage",127,3,0,0,130
554413,360285,2014-04-28,House,"House: Amendment",123,0,0,0,123
554413,360286,2014-04-28,House,"House: Passage, as amended",123,0,0,0,123
554413,363777,2014-05-12,House,"House: Repassage",129,0,0,0,129
586656,354574,2014-04-09,House,"House: Passage, as amended",100,31,0,0,131
586656,363139,2014-05-07,House,"House: Repassage, as amended by the Senate",99,29,0,0,128
586660,354741,2014-04-09,House,"House: Passage",95,36,0,0,131
586660,362851,2014-05-06,House,"House: Repassage",90,39,0,0,129
586676,354870,2014-04-09,House,"House: Passage",129,2,0,0,131
586732,358526,2014-04-22,House,"House: Passage",130,0,0,0,130
586732,365065,2014-05-16,House,"House: Repassage, as amended by the Senate",126,0,0,0,126
586774,360172,2014-04-28,House,"House: Passage",118,0,0,0,118
586785,347247,2014-03-24,House,"House: Passage",131,0,0,0,131
586785,355172,2014-04-10,House,"House: Winkler - Motion to Concur",71,59,0,0,130
586785,355173,2014-04-10,House,"House: Repassage, as amended by the Senate",71,60,0,0,131
586785,485177,2014-04-09,Senate,"Senate: Third reading Passed",35,31,0,0,66
586835,355291,2014-04-10,House,"House: Amendment",51,79,0,0,130
586835,355292,2014-04-10,House,"House: Amendment to Amendment",58,73,0,0,131
586835,355293,2014-04-10,House,"House: Passage",79,52,0,0,131
586835,365039,2014-05-16,House,"House: Murphy, M. motion - Adoption",79,52,0,0,131
586835,365040,2014-05-15,House,"House: Repassage, as amended by Conference",79,52,0,0,131
586892,352722,2014-04-07,House,"House: Passage",130,0,0,0,130
586892,362716,2014-05-06,House,"House: Repassage",128,0,0,0,128
586900,362751,2014-05-06,House,"House: Passage",129,0,0,0,129
586929,338660,2014-03-10,House,"House: Passage",123,3,0,0,126
586944,361010,2014-04-29,House,"House: Passage, as amended",88,39,0,0,127
586944,363601,2014-05-09,House,"House: Repassage",84,38,0,0,122
586992,355221,2014-04-10,House,"House: Passage",128,0,0,0,128
586992,364693,2014-05-14,House,"House: Repassage, as amended by Conference",129,0,0,0,129
587078,359800,2014-04-25,House,"House: Lay on the Table",54,69,0,0,123
587078,359801,2014-04-25,House,"House: Amendment",54,70,0,0,124
587078,359802,2014-04-25,House,"House: Passage",76,48,0,0,124
587088,355210,2014-04-10,House,"House: Amendment",67,60,0,0,127
587088,355211,2014-04-10,House,"House: Amendment to Amendment",56,74,0,0,130
587088,355212,2014-04-10,House,"House: Passage, as amended",103,28,0,0,131
587088,364439,2014-05-14,House,"House: Adoption",98,31,0,0,129
587088,364440,2014-05-14,House,"House: Repassage",103,26,0,0,129
587089,354606,2014-04-09,House,"House: Passage",130,0,0,0,130
626353,359161,2014-04-23,House,"House: Passage",115,15,0,0,130
626366,349676,2014-03-31,House,"House: Passage",127,0,0,0,127
626456,352727,2014-04-07,House,"House: Passage",129,0,0,0,129
626488,359774,2014-04-25,House,"House: Passage",125,0,0,0,125
626535,361016,2014-04-29,House,"House: Passage, as amended",103,23,0,0,126
626557,363080,2014-05-07,House,"House: Passage",130,0,0,0,130
626573,365009,2014-05-15,House,"House: Amendment to Amendment",117,14,0,0,131
626573,365010,2014-05-15,House,"House: Amendment to Amendment",39,92,0,0,131
626573,365011,2014-05-15,House,"House: Amendment",70,57,0,0,127
626573,365012,2014-05-15,House,"House: Amendment to Amendment",106,21,0,0,127
626573,365013,2014-05-15,House,"House: Passage, as amended",130,0,0,0,130
626680,363448,2014-05-08,House,"House: Passage",73,58,0,0,131
626773,354524,2014-04-09,House,"House: Passage",127,2,0,0,129
626780,363740,2014-05-12,House,"House: Amendment",53,74,0,0,127
626780,363741,2014-05-12,House,"House: Amendment",52,76,0,0,128
626780,363742,2014-05-12,House,"House: Passage",76,53,0,0,129
627599,359850,2014-04-25,House,"House: Amendment",53,72,0,0,125
627599,359851,2014-04-25,House,"House: Passage",125,0,0,0,125
627599,364516,2014-05-14,House,"House: Repassage, as amended by Conference",130,0,0,0,130
627610,360967,2014-04-29,House,"House: Amendment",58,67,0,0,125
627610,360968,2014-04-29,House,"House: Amendment",56,70,0,0,126
627610,360969,2014-04-29,House,"House: Passage, as amended",108,18,0,0,126
627610,364609,2014-05-14,House,"House: McNamara motion - Refuse to Adopt",54,76,0,0,130
627610,364610,2014-05-14,House,"House: Sawatzky motion - Adoption",83,46,0,0,129
627610,364611,2014-05-14,House,"House: Repassage, as amended by Conference",111,19,0,0,130
627611,359808,2014-04-24,House,"House: Passage",132,0,0,0,132
627611,364430,2014-05-14,House,"House: Motion to Concur",71,56,0,0,127
627611,364431,2014-05-14,House,"House: Repassage",75,52,0,0,127
627636,352704,2014-04-07,House,"House: Passage",127,1,0,0,128
627644,354663,2014-04-09,House,"House: Amendment",60,71,0,0,131
627644,354664,2014-04-09,House,"House: Amendment",61,70,0,0,131
627644,354665,2014-04-09,House,"House: Amendment",59,72,0,0,131
627644,354666,2014-04-09,House,"House: Amendment",58,72,0,0,130
627644,354667,2014-04-09,House,"House: Amendment",59,71,0,0,130
627644,354668,2014-04-09,House,"House: Passage",77,53,0,0,130
627644,362776,2014-05-06,House,"House: Repassage",79,46,0,0,125
627658,352709,2014-04-07,House,"House: Amendment",133,0,0,0,133
627658,352710,2014-04-07,House,"House: Amendment",61,72,0,0,133
627658,352711,2014-04-07,House,"House: Amendment",61,72,0,0,133
627658,352712,2014-04-07,House,"House: Passage",76,57,0,0,133
627658,364624,2014-05-14,House,"House: Repassage, as amended by Conference",78,50,0,0,128
627695,352725,2014-04-07,House,"House: Passage",133,0,0,0,133
627718,359788,2014-04-24,House,"House: Amendment",132,0,0,0,132
627718,359789,2014-04-24,House,"House: Amendment",131,0,0,0,131
627718,359790,2014-04-24,House,"House: Passage",73,58,0,0,131
627754,355307,2014-04-10,House,"House: Passage, as amended by the Senate",126,1,0,0,127
627773,359860,2014-04-25,House,"House: Passage",123,0,0,0,123
627798,349623,2014-03-31,House,"House: Passage",129,0,0,0,129
627803,328992,2014-02-25,House,"House: Passage",133,0,0,0,133
627803,331736,2014-02-27,House,"House: Repassage",129,0,0,0,129
627834,355294,2014-04-10,House,"House: Passage",132,0,0,0,132
627837,349542,2014-03-31,House,"House: Passage",128,0,0,0,128
627848,358505,2014-04-22,House,"House: Passage",130,0,0,0,130
627866,362765,2014-05-06,House,"House: Passage",71,55,0,0,126
627866,365132,2014-05-16,House,"House: Repassage, as amended by the Senate",71,57,0,0,128
627868,354615,2014-04-09,House,"House: Passage",129,0,0,0,129
627904,354620,2014-04-09,House,"House: Zellers motion - Suspension of Rules",100,28,0,0,128
627904,354621,2014-04-09,House,"House: Zellers motion - Declare an Urgency",96,33,0,0,129
627904,354622,2014-04-09,House,"House: Passage, as amended",115,13,0,0,128
627910,349765,2014-03-31,House,"House: Passage",95,32,0,0,127
627912,362399,2014-05-05,House,"House: Amendment",65,68,0,0,133
627912,362400,2014-05-05,House,"House: Amendment",59,72,0,0,131
627912,362401,2014-05-05,House,"House: Amendment",60,71,0,0,131
627912,362402,2014-05-05,House,"House: Amendment",62,69,0,0,131
627912,362403,2014-05-05,House,"House: Amendment",61,72,0,0,133
627912,362404,2014-05-05,House,"House: Passage, as amended",117,16,0,0,133
627939,348712,2014-03-27,House,"House: Re-Referral",59,71,0,0,130
628751,363123,2014-05-07,House,"House: Amendment",56,73,0,0,129
628751,363124,2014-05-07,House,"House: Passage, as amended",80,49,0,0,129
628751,365091,2014-05-16,House,"House: Repassage, as amended by Conference",82,48,0,0,130
628787,361663,2014-05-01,House,"House: Amendment",127,0,0,0,127
628787,361664,2014-05-01,House,"House: Passage",69,58,0,0,127
628908,355280,2014-04-10,House,"House: Passage",126,0,0,0,126
628933,354588,2014-04-09,House,"House: Passage, as amended",129,0,0,0,129
628981,358839,2014-04-22,House,"House: Amendment",51,76,0,0,127
628981,358840,2014-04-22,House,"House: Passage",109,18,0,0,127
629037,349671,2014-03-31,House,"House: Passage",131,0,0,0,131
629083,361844,2014-05-01,House,"House: Passage",126,0,0,0,126
629223,361332,2014-04-30,House,"House: Passage",124,3,0,0,127
629261,352274,2014-04-04,House,"House: Passage",116,0,0,0,116
629284,347224,2014-03-24,House,"House: Passage",84,48,0,0,132
629790,343643,2014-03-13,House,"House: Amendment",130,0,0,0,130
629790,343644,2014-03-13,House,"House: Amendment to Amendment",65,65,0,0,130
629790,343645,2014-03-13,House,"House: Passage",130,0,0,0,130
629831,362266,2014-05-05,House,"House: Amendment",62,68,0,0,130
629831,362267,2014-05-05,House,"House: Amendment",125,7,0,0,132
629831,362268,2014-05-05,House,"House: Amendment",50,80,0,0,130
629831,362269,2014-05-05,House,"House: Amendment",62,69,0,0,131
629831,362270,2014-05-05,House,"House: Amendment",61,70,0,0,131
629831,362271,2014-05-05,House,"House: Passage",86,46,0,0,132
629831,362362,2014-05-05,House,"House: ",71,61,0,0,132
629831,362363,2014-05-05,House,"House: ",71,61,0,0,132
629831,362364,2014-05-05,House,"House: ",71,61,0,0,132
629831,364963,2014-05-15,House,"House: Repassage, as amended by Conference",93,35,0,0,128
629836,352223,2014-04-04,House,"House: Amendment to Amendment",121,0,0,0,121
629836,352224,2014-04-04,House,"House: Amendment",50,69,0,0,119
629836,352225,2014-04-04,House,"House: Amendment to Amendment",50,69,0,0,119
629836,352226,2014-04-04,House,"House: Amendment",49,70,0,0,119
629836,352227,2014-04-04,House,"House: Amendment",50,69,0,0,119
629836,352228,2014-04-04,House,"House: Amendment",49,70,0,0,119
629836,352229,2014-04-04,House,"House: Amendment",50,71,0,0,121
629836,352230,2014-04-04,House,"House: Amendment",52,69,0,0,121
629836,352231,2014-04-04,House,"House: Amendment",51,70,0,0,121
629836,352232,2014-04-04,House,"House: Amendment",54,67,0,0,121
629836,352233,2014-04-04,House,"House: Passage, as amended",82,39,0,0,121
629836,362749,2014-05-06,House,"House: Repassage",80,49,0,0,129
629836,485175,2014-04-22,Senate,"Senate: Third reading Passed",39,21,0,0,60
629836,485176,2014-05-13,Senate,"Senate: Third reading",37,27,0,0,64
629872,362086,2014-05-02,House,"House: Passage",120,0,0,0,120
629874,346614,2014-03-20,House,"House: Recall and Re-refer",74,58,0,0,132
629889,364936,2014-05-15,House,"House: Passage, as amended",92,40,0,0,132
629913,362686,2014-05-06,House,"House: Passage",126,0,0,0,126
630149,345885,2014-03-19,House,"House: Recall",120,10,0,0,130
630149,346753,2014-03-20,House,"House: Suspension of Rules",71,59,0,0,130
630149,351076,2014-04-02,House,"House: Suspension of Rules",59,68,0,0,127
630178,360792,2014-04-29,House,"House: Passage",127,0,0,0,127
630292,359853,2014-04-25,House,"House: Amendment",52,72,0,0,124
630292,359854,2014-04-25,House,"House: Amendment to Amendment",125,0,0,0,125
630292,359855,2014-04-25,House,"House: Amendment",54,71,0,0,125
630292,359856,2014-04-25,House,"House: Passage",125,0,0,0,125
630292,364926,2014-05-15,House,"House: Peppin motion - Refuse to Adopt",59,73,0,0,132
630292,364927,2014-05-15,House,"House: Laine motion - Adoption",70,62,0,0,132
630292,364928,2014-05-15,House,"House: Repassage, as amended by Conference",70,61,0,0,131
630301,358764,2014-04-22,House,"House: Passage",130,0,0,0,130
630345,358799,2014-04-22,House,"House: Amendment",63,69,0,0,132
630345,358800,2014-04-22,House,"House: Amendment",1,130,0,0,131
630345,358801,2014-04-22,House,"House: Amendment",49,79,0,0,128
630345,358802,2014-04-22,House,"House: Amendment",62,70,0,0,132
630345,358803,2014-04-22,House,"House: Passage",95,37,0,0,132
630367,354641,2014-04-09,House,"House: Passage",130,0,0,0,130
630367,364605,2014-05-14,House,"House: Repassage, as amended by Conference",129,0,0,0,129
630383,333355,2014-03-03,House,"House: Davids Motion to Recall",59,69,0,0,128
630445,362374,2014-05-05,House,"House: Amendment, as amended",65,67,0,0,132
630445,362375,2014-05-05,House,"House: Passage, as amended",92,39,0,0,131
630445,485173,2014-05-08,Senate,"Senate: Third reading Passed",61,1,0,0,62
630445,485174,2014-05-08,Senate,"Senate: Special Order: Rule 45 amendment stricken",37,26,0,0,63
630492,363665,2014-05-09,House,"House: Passage",122,0,0,0,122
630508,347277,2014-03-24,House,"House: Passage",131,0,0,0,131
630562,365090,2014-05-16,House,"House: Passage",111,17,0,0,128
630575,354737,2014-04-09,House,"House: Amendment to Amendment",110,19,0,0,129
630575,354738,2014-04-09,House,"House: Amendment, as amended",61,69,0,0,130
630575,354739,2014-04-09,House,"House: Passage, as amended",106,24,0,0,130
630575,363166,2014-05-07,House,"House: Anderson, S. motion Refuse to Adopt",59,70,0,0,129
630575,363167,2014-05-07,House,"House: Melin motion Adoption",80,48,0,0,128
630575,363168,2014-05-07,House,"House: Repassage, as amended by Conference",104,24,0,0,128
631734,360315,2014-04-28,House,"House: Passage",110,10,0,0,120
632012,363235,2014-05-07,House,"House: Amendment to Amendment",57,73,0,0,130
632012,363236,2014-05-07,House,"House: Amendment",57,74,0,0,131
632012,363237,2014-05-07,House,"House: Amendment",59,72,0,0,131
632012,363238,2014-05-07,House,"House: Amendment",55,74,0,0,129
632012,363239,2014-05-07,House,"House: Drazkowski motion Re-Referral",56,74,0,0,130
632012,363240,2014-05-07,House,"House: Passage",75,55,0,0,130
632019,355287,2014-04-10,House,"House: Passage",127,0,0,0,127
632034,363519,2014-05-08,House,"House: Amendment",101,29,0,0,130
632034,363520,2014-05-08,House,"House: Passage",92,38,0,0,130
632034,364482,2014-05-14,House,"House: Repassage, as amended by Conference",110,19,0,0,129
632088,365001,2014-05-15,House,"House: Amendment to Amendment",56,74,0,0,130
632088,365002,2014-05-15,House,"House: Amendment to Amendment",56,74,0,0,130
632088,365003,2014-05-15,House,"House: Amendment to Amendment",56,74,0,0,130
632088,365004,2014-05-15,House,"House: Amendment",60,70,0,0,130
632088,365005,2014-05-15,House,"House: Passage, as amended",73,57,0,0,130
632112,363189,2014-05-07,House,"House: Passage, as amended",124,7,0,0,131
632112,365112,2014-05-16,House,"House: Repassage, as amended by Conference",122,10,0,0,132
632513,359676,2014-04-24,House,"House: ",132,0,0,0,132
632513,362756,2014-05-06,House,"House: Repassage",125,0,0,0,125
632520,352805,2014-04-07,House,"House: Passage",130,0,0,0,130
632520,360865,2014-04-29,House,"House: Repassage, as amended by the Senate",123,0,0,0,123
632527,353374,2014-04-08,House,"House: Amendment to Amendment",75,55,0,0,130
632527,353375,2014-04-08,House,"House: Passage, as amended",85,47,0,0,132
632527,363492,2014-05-08,House,"House: Repassage",84,48,0,0,132
632534,355185,2014-04-10,House,"House: Passage",110,16,0,0,126
632541,354857,2014-04-09,House,"House: ",80,48,0,0,128
632566,343775,2014-03-13,House,"House: Passage",129,0,0,0,129
632602,360127,2014-04-28,House,"House: Passage, as amended",97,26,0,0,123
632602,363599,2014-05-09,House,"House: Repassage",100,22,0,0,122
632620,361226,2014-04-30,House,"House: Passage",111,14,0,0,125
632629,343642,2014-03-13,House,"House: Passage",128,0,0,0,128
632645,362096,2014-05-02,House,"House: Passage",101,19,0,0,120
632660,362414,2014-05-05,House,"House: Amendment",47,86,0,0,133
632660,362415,2014-05-05,House,"House: Amendment",62,71,0,0,133
632660,362416,2014-05-05,House,"House: Passage",85,48,0,0,133
632660,364462,2014-05-13,House,"House: Repassage, as amended by the Senate",84,45,0,0,129
632671,359183,2014-04-23,House,"House: Passage, as amended",113,17,0,0,130
632682,358887,2014-04-22,House,"House: Passage",130,0,0,0,130
632694,364442,2014-05-14,House,"House: Amendment",56,73,0,0,129
632694,364443,2014-05-14,House,"House: Passage",83,46,0,0,129
632726,362123,2014-05-02,House,"House: Passage",111,8,0,0,119
632727,352933,2014-04-07,House,"House: Passage",129,0,0,0,129
632742,359074,2014-04-23,House,"House: Passage, as amended",128,0,0,0,128
632748,359184,2014-04-23,House,"House: Amendment to Amendment",58,71,0,0,129
632748,359185,2014-04-23,House,"House: Passage",130,0,0,0,130
632757,355191,2014-04-10,House,"House: Passage",130,0,0,0,130
633433,352275,2014-04-04,House,"House: Passage",124,0,0,0,124
634025,361798,2014-05-01,House,"House: Passage",126,0,0,0,126
634033,365059,2014-05-16,House,"House: Passage",132,0,0,0,132
634034,363543,2014-05-08,House,"House: Passage",133,0,0,0,133
634122,363408,2014-05-08,House,"House: Amendment to Amendment",114,16,0,0,130
634122,363409,2014-05-08,House,"House: Passage",120,10,0,0,130
634122,363783,2014-05-08,House,"House: ",65,65,0,0,130
634122,363784,2014-05-08,House,"House: ",62,69,0,0,131
634191,363559,2014-05-08,House,"House: Passage",79,51,0,0,130
634206,362322,2014-05-05,House,"House: Passage, as amended",132,0,0,0,132
634231,361444,2014-04-30,House,"House: Amendment to Amendment",57,71,0,0,128
634231,361445,2014-04-30,House,"House: Amendment to Amendment",56,71,0,0,127
634231,361446,2014-04-30,House,"House: Amendment to Amendment",40,84,0,0,124
634231,361447,2014-04-30,House,"House: Amendment to Amendment",57,71,0,0,128
634231,361448,2014-04-30,House,"House: Passage, as amended",128,0,0,0,128
634231,364464,2014-05-13,House,"House: Repassage, as amended by Conference",130,0,0,0,130
634253,359734,2014-04-24,House,"House: Passage",132,0,0,0,132
634581,359815,2014-04-24,House,"House: Passage",132,0,0,0,132
634584,360947,2014-04-29,House,"House: Passage, as amended",118,10,0,0,128
634584,365058,2014-05-16,House,"House: Repassage",111,17,0,0,128
634617,360106,2014-04-28,House,"House: Passage",122,0,0,0,122
634634,353333,2014-04-08,House,"House: Amendment",61,70,0,0,131
634634,353334,2014-04-08,House,"House: Amendment to Amendment",96,30,0,0,126
634634,353335,2014-04-08,House,"House: Amendment",97,30,0,0,127
634634,353336,2014-04-08,House,"House: Passage, as amended",129,0,0,0,129
634634,364514,2014-05-14,House,"House: Repassage, as amended by Conference",106,24,0,0,130
634680,359130,2014-04-23,House,"House: Passage",130,0,0,0,130
634680,362829,2014-05-06,House,"House: Repassage",125,0,0,0,125
634685,361680,2014-05-01,House,"House: Amendment",104,25,0,0,129
634685,361681,2014-05-01,House,"House: Amendment",59,70,0,0,129
634685,361682,2014-05-01,House,"House: Amendment",60,69,0,0,129
634685,361683,2014-05-01,House,"House: Amendment",56,72,0,0,128
634685,361684,2014-05-01,House,"House: Amendment",58,70,0,0,128
634685,361685,2014-05-01,House,"House: Amendment",56,72,0,0,128
634685,361686,2014-05-01,House,"House: Amendment",56,72,0,0,128
634685,361687,2014-05-01,House,"House: Passage, as amended",73,55,0,0,128
634703,349758,2014-03-31,House,"House: Re-Referral",57,73,0,0,130
634703,349759,2014-03-31,House,"House: Passage",74,56,0,0,130
634724,358610,2014-04-22,House,"House: Amendment to Amendment",57,74,0,0,131
634724,358611,2014-04-22,House,"House: Passage",85,45,0,0,130
634724,363671,2014-05-09,House,"House: Repassage",82,40,0,0,122
634742,359760,2014-04-25,House,"House: Passage",90,33,0,0,123
634752,360143,2014-04-28,House,"House: Amendment",121,0,0,0,121
634752,360144,2014-04-28,House,"House: Passage, as amended",114,7,0,0,121
634759,355192,2014-04-10,House,"House: Passage",131,0,0,0,131
634789,362472,2014-05-05,House,"House: Amendment",116,16,0,0,132
634789,362473,2014-05-05,House,"House: Amendment",18,113,0,0,131
634789,362474,2014-05-05,House,"House: Passage, as amended",130,0,0,0,130
634789,364543,2014-05-14,House,"House: Repassage, as amended by Conference",129,1,0,0,130
634790,359698,2014-04-24,House,"House: Re-Referral",59,73,0,0,132
634790,359699,2014-04-24,House,"House: Passage",106,26,0,0,132
634790,360178,2014-04-24,House,"House: ",73,59,0,0,132
634790,361870,2014-05-01,House,"House: Repassage, as amended by the Senate",102,23,0,0,125
634792,360257,2014-04-28,House,"House: Passage",122,0,0,0,122
634798,353398,2014-04-08,House,"House: Passage",131,1,0,0,132
634800,353427,2014-04-08,House,"House: Passage",132,0,0,0,132
634800,360089,2014-04-28,House,"House: Repassage",116,0,0,0,116
635296,363613,2014-05-09,House,"House: Passage",123,0,0,0,123
635381,363615,2014-05-09,House,"House: Amendment to Amendment",54,71,0,0,125
635381,363616,2014-05-09,House,"House: Amendment",76,44,0,0,120
635381,363617,2014-05-09,House,"House: Amendment to Amendment",87,35,0,0,122
635381,363618,2014-05-09,House,"House: Amendment",74,48,0,0,122
635381,363619,2014-05-09,House,"House: Amendment to Amendment",71,51,0,0,122
635381,363620,2014-05-09,House,"House: Amendment",49,73,0,0,122
635381,363621,2014-05-09,House,"House: Amendment",52,71,0,0,123
635381,363622,2014-05-09,House,"House: Amendment to Amendment",48,71,0,0,119
635381,363623,2014-05-09,House,"House: Amendment",46,75,0,0,121
635381,363624,2014-05-09,House,"House: Amendment",38,83,0,0,121
635381,363625,2014-05-09,House,"House: Amendment",32,89,0,0,121
635381,363626,2014-05-09,House,"House: Amendment to Amendment",48,72,0,0,120
635381,363627,2014-05-09,House,"House: Amendment",47,75,0,0,122
635381,363628,2014-05-09,House,"House: Amendment",53,70,0,0,123
635381,363629,2014-05-09,House,"House: Amendment",47,73,0,0,120
635381,363630,2014-05-09,House,"House: Amendment",28,97,0,0,125
635381,363631,2014-05-09,House,"House: Passage",86,39,0,0,125
635381,365057,2014-05-16,House,"House: Repassage",89,40,0,0,129
635391,362094,2014-05-02,House,"House: Passage",120,0,0,0,120
635391,364552,2014-05-14,House,"House: Repassage, as amended by Conference",130,0,0,0,130
635399,362759,2014-05-06,House,"House: Amendment to Amendment",57,69,0,0,126
635399,362760,2014-05-06,House,"House: Amendment to Amendment",55,71,0,0,126
635399,362761,2014-05-06,House,"House: Amendment to Amendment",54,72,0,0,126
635399,362762,2014-05-06,House,"House: Amendment",54,72,0,0,126
635399,362763,2014-05-06,House,"House: Passage",77,49,0,0,126
635409,362340,2014-05-05,House,"House: Passage",133,0,0,0,133
635891,352757,2014-04-07,House,"House: Passage",130,0,0,0,130
635891,363210,2014-05-07,House,"House: Mahoney Adoption",114,12,0,0,126
635891,363211,2014-05-07,House,"House: Repassage, as amended by Conference",114,15,0,0,129
635893,352718,2014-04-07,House,"House: Passage",130,0,0,0,130
635897,360128,2014-04-28,House,"House: Amendment",51,72,0,0,123
635897,360129,2014-04-28,House,"House: Passage, as amended",121,2,0,0,123
635897,363785,2014-05-12,House,"House: Repassage, as amended by Conference",126,3,0,0,129
635904,349434,2014-03-31,House,"House: Passage",120,9,0,0,129
635904,359824,2014-04-25,House,"House: Repassage",100,21,0,0,121
635907,362689,2014-05-06,House,"House: Passage",79,47,0,0,126
635907,365108,2014-05-16,House,"House: Repassage, as amended by the Senate",77,50,0,0,127
635909,354475,2014-04-09,House,"House: Passage",130,0,0,0,130
635936,362735,2014-05-06,House,"House: Passage",126,0,0,0,126
635936,364534,2014-05-13,House,"House: Repassage, as amended by the Senate",130,0,0,0,130
636017,360877,2014-04-29,House,"House: Passage",119,7,0,0,126
636018,362097,2014-05-02,House,"House: Passage",120,0,0,0,120
636767,362711,2014-05-06,House,"House: Passage",129,0,0,0,129
636854,363602,2014-05-09,House,"House: Passage",122,0,0,0,122
636864,364473,2014-05-13,House,"House: Passage",131,0,0,0,131
636869,360187,2014-04-28,House,"House: Passage",120,0,0,0,120
636907,361835,2014-05-01,House,"House: Passage",125,1,0,0,126
636915,353674,2014-04-08,House,"House: Passage",129,3,0,0,132
637029,353459,2014-04-08,House,"House: Passagee, as amended",131,0,0,0,131
637029,362355,2014-05-05,House,"House: Repassage, as amended by the Senate",133,0,0,0,133
637030,352949,2014-04-07,House,"House: Amendment",61,70,0,0,131
637030,352950,2014-04-07,House,"House: Amendment",60,70,0,0,130
637030,352951,2014-04-07,House,"House: Amendment",105,26,0,0,131
637030,352952,2014-04-07,House,"House: Amendment",61,70,0,0,131
637030,352953,2014-04-07,House,"House: Amendment",62,71,0,0,133
637030,352954,2014-04-07,House,"House: Amendment",61,71,0,0,132
637030,352955,2014-04-07,House,"House: Amendment",62,71,0,0,133
637030,352956,2014-04-07,House,"House: Amendment",61,71,0,0,132
637030,352957,2014-04-07,House,"House: Amendment",61,72,0,0,133
637030,352958,2014-04-07,House,"House: Amendment",61,72,0,0,133
637030,352959,2014-04-07,House,"House: Amendment",59,73,0,0,132
637030,352960,2014-04-07,House,"House: Amendment",122,10,0,0,132
637030,352961,2014-04-07,House,"House: Amendment",61,69,0,0,130
637030,352962,2014-04-07,House,"House: Amendment",60,72,0,0,132
637030,352963,2014-04-07,House,"House: Amendment",60,72,0,0,132
637030,352964,2014-04-07,House,"House: Passage, as amended",74,59,0,0,133
637030,362446,2014-05-05,House,"House: Carlson Motion to Concur",73,60,0,0,133
637030,362447,2014-05-05,House,"House: Repassage, as amended by the Senate",74,59,0,0,133
637077,362058,2014-05-02,House,"House: Passage",119,0,0,0,119
637105,364445,2014-05-13,House,"House: Passage",131,0,0,0,131
637118,353528,2014-04-08,House,"House: Passage",126,6,0,0,132
637226,362723,2014-05-06,House,"House: Passage",116,13,0,0,129
637226,365071,2014-05-16,House,"House: Repassage, as amended by Conference",126,2,0,0,128
637571,352844,2014-04-07,House,"House: Amendment",68,62,0,0,130
637571,352845,2014-04-07,House,"House: Amendment",67,64,0,0,131
637571,352846,2014-04-07,House,"House: Passage, as amended",130,1,0,0,131
637571,363672,2014-05-09,House,"House: Repassage",123,0,0,0,123
637596,359708,2014-04-24,House,"House: Passage",77,55,0,0,132
637596,365061,2014-05-16,House,"House: Repassage, as amended by the Conference",72,55,0,0,127
637604,358706,2014-04-22,House,"House: Amendment",64,67,0,0,131
637604,358707,2014-04-22,House,"House: Passage",118,12,0,0,130
637604,363065,2014-05-07,House,"House: Repassage",116,13,0,0,129
637694,361285,2014-04-30,House,"House: Passage",125,0,0,0,125
638060,362069,2014-05-02,House,"House: Passage",120,0,0,0,120
638119,361411,2014-04-30,House,"House: Passage",126,0,0,0,126
638119,364687,2014-05-13,House,"House: Repassage, as amended by Conference",131,0,0,0,131
638127,363600,2014-05-09,House,"House: Passage",123,0,0,0,123
638263,352248,2014-04-04,House,"House: Amendment",54,70,0,0,124
638263,352249,2014-04-04,House,"House: Amendment",68,55,0,0,123
638263,352250,2014-04-04,House,"House: Amendment",51,73,0,0,124
638263,352251,2014-04-04,House,"House: Amendment to Loon Amendment",53,71,0,0,124
638263,352252,2014-04-04,House,"House: Amendment to Amendment",58,66,0,0,124
638263,352253,2014-04-04,House,"House: Amendment to Amendment",57,67,0,0,124
638263,352254,2014-04-04,House,"House: Amendment to Amendment",58,65,0,0,123
638263,352255,2014-04-04,House,"House: Amendment to Amendment",57,68,0,0,125
638263,352256,2014-04-04,House,"House: Amendment to Amendment",60,65,0,0,125
638263,352257,2014-04-04,House,"House: Amendment to Amendment",101,22,0,0,123
638263,352258,2014-04-04,House,"House: Amendment to Amendment",77,48,0,0,125
638263,352259,2014-04-04,House,"House: Passage, as amended",125,0,0,0,125
638263,365073,2014-05-16,House,"House: Repassage, as amended by Conference",131,0,0,0,131
638287,348624,2014-03-27,House,"House: Recall and Re-refer",63,67,0,0,130
638296,351783,2014-04-03,House,"House: Amendment to Amendment",61,70,0,0,131
638296,351784,2014-04-03,House,"House: Amendment",61,71,0,0,132
638296,351785,2014-04-03,House,"House: Amendment",62,68,0,0,130
638296,351786,2014-04-03,House,"House: Amendment",61,70,0,0,131
638296,351787,2014-04-03,House,"House: Amendment",66,65,0,0,131
638296,351788,2014-04-03,House,"House: Amendment",129,0,0,0,129
638296,351789,2014-04-03,House,"House: Amendment",79,51,0,0,130
638296,351790,2014-04-03,House,"House: Amendment",61,71,0,0,132
638296,351791,2014-04-03,House,"House: Amendment",58,74,0,0,132
638296,351792,2014-04-03,House,"House: Amendment",60,70,0,0,130
638296,351793,2014-04-03,House,"House: Amendment",69,61,0,0,130
638296,351794,2014-04-03,House,"House: Amendment",70,60,0,0,130
638296,351795,2014-04-03,House,"House: Amendment",100,28,0,0,128
638296,351796,2014-04-03,House,"House: Passage",70,59,0,0,129
638296,352053,2014-04-03,House,"House: ",71,60,0,0,131
638296,352054,2014-04-03,House,"House: ",71,60,0,0,131
638296,352055,2014-04-03,House,"House: ",72,59,0,0,131
638296,352056,2014-04-03,House,"House: ",72,59,0,0,131
638296,352057,2014-04-03,House,"House: ",70,59,0,0,129
638296,365056,2014-05-16,House,"House: Repassage",75,55,0,0,130
638296,485170,2014-04-08,Senate,"Senate: Third reading Passed",37,27,0,0,64
638296,485171,2014-04-08,Senate,"Senate: Motion did not prevail To re-refer to Finance",27,38,0,0,65
638296,485172,2014-05-16,Senate,"Senate: Third reading",37,22,0,0,59
638352,359841,2014-04-25,House,"House: Passage",123,0,0,0,123
638392,363521,2014-05-08,House,"House: Amendment",63,69,0,0,132
638392,363522,2014-05-08,House,"House: Passage",69,63,0,0,132
638392,364983,2014-05-15,House,"House: Metsa Motion to Concur",68,60,0,0,128
638392,364984,2014-05-15,House,"House: Repassage, as amended by the Senate",68,62,0,0,130
638947,362426,2014-05-05,House,"House: Passage, as amended",121,11,0,0,132
638947,364481,2014-05-13,House,"House: Repassage, as amended by Conference",121,10,0,0,131
639688,361299,2014-04-30,House,"House: Passage, as amended",111,15,0,0,126
639718,361808,2014-05-01,House,"House: Passage",83,42,0,0,125
640278,365017,2014-05-15,House,"House: Passage",119,10,0,0,129
641448,365060,2014-05-16,House,"House: Passage",128,2,0,0,130
647133,364507,2014-05-13,House,"House: Passage",116,0,0,0,116
