bill_id,session_id,bill_number,status,status_desc,status_date,title,description,committee_id,committee,last_action_date,last_action,url,state_link
415308,212,HB2001,1,Introduced,2011-01-19,"AHCCCS; waiver request.","AHCCCS; waiver request.",0,,2011-01-20,"House Committee of the Whole action: Do Pass Amended",https://legiscan.com/AZ/bill/HB2001/2011/X1,http://www.azleg.gov/DocumentsForBill.asp?Session_ID=104&Bill_Number=HB2001
415292,212,HB2002,1,Introduced,2011-01-19,"AHCCCS; transplants","AHCCCS; transplants",0,,2011-01-19,Introduced,https://legiscan.com/AZ/bill/HB2002/2011/X1,http://www.azleg.gov/DocumentsForBill.asp?Session_ID=104&Bill_Number=HB2002
415279,212,HCR2001,1,Introduced,2011-01-19,"AHCCCS; coverage","AHCCCS; coverage",0,,2011-01-19,Introduced,https://legiscan.com/AZ/bill/HCR2001/2011/X1,http://www.azleg.gov/DocumentsForBill.asp?Session_ID=104&Bill_Number=HCR2001
415265,212,HCR2002,1,Introduced,2011-01-19,"AHCCCS; scope of coverage","AHCCCS; scope of coverage",0,,2011-01-19,Introduced,https://legiscan.com/AZ/bill/HCR2002/2011/X1,http://www.azleg.gov/DocumentsForBill.asp?Session_ID=104&Bill_Number=HCR2002
415249,212,SB1001,4,Passed,2011-01-21,"AHCCCS; waiver request","AHCCCS; waiver request",0,,2011-01-21,"Governor Signed",https://legiscan.com/AZ/bill/SB1001/2011/X1,http://www.azleg.gov/DocumentsForBill.asp?Session_ID=104&Bill_Number=SB1001
415236,212,SB1002,1,Introduced,2011-01-19,"AHCCCS; organ transplants","AHCCCS; organ transplants",1105,"Senate Appropriations",2011-01-20,"Referred to Senate APPROP Committee",https://legiscan.com/AZ/bill/SB1002/2011/X1,http://www.azleg.gov/DocumentsForBill.asp?Session_ID=104&Bill_Number=SB1002
415222,212,SB1003,1,Introduced,2011-01-20,"AHCCCS; services; restoration","AHCCCS; services; restoration",1105,"Senate Appropriations",2011-01-20,"Referred to Senate APPROP Committee",https://legiscan.com/AZ/bill/SB1003/2011/X1,http://www.azleg.gov/DocumentsForBill.asp?Session_ID=104&Bill_Number=SB1003
415212,212,SB1004,1,Introduced,2011-01-20,"Accounting tax credit; repeal","Accounting tax credit; repeal",1108,"Senate Finance",2011-01-20,"Referred to Senate FIN Committee",https://legiscan.com/AZ/bill/SB1004/2011/X1,http://www.azleg.gov/DocumentsForBill.asp?Session_ID=104&Bill_Number=SB1004
