bill_id,document_id,document_type,document_size,document_mime,document_desc,url,state_link
415308,609043,text,25386,text/html,Introduced,https://legiscan.com/AZ/text/HB2001/id/609043,http://www.azleg.gov/legtext/50leg/1s/bills/hb2001p.htm
415308,609044,text,25046,text/html,Engrossed,https://legiscan.com/AZ/text/HB2001/id/609044,http://www.azleg.gov/legtext/50leg/1s/bills/hb2001h.htm
415292,609019,text,36880,text/html,Introduced,https://legiscan.com/AZ/text/HB2002/id/609019,http://www.azleg.gov/legtext/50leg/1s/bills/hb2002p.htm
415279,608997,text,23948,text/html,Introduced,https://legiscan.com/AZ/text/HCR2001/id/608997,http://www.azleg.gov/legtext/50leg/1s/bills/hcr2001p.htm
415265,608980,text,23909,text/html,Introduced,https://legiscan.com/AZ/text/HCR2002/id/608980,http://www.azleg.gov/legtext/50leg/1s/bills/hcr2002p.htm
415249,608952,text,25535,text/html,Introduced,https://legiscan.com/AZ/text/SB1001/id/608952,http://www.azleg.gov/legtext/50leg/1s/bills/sb1001p.htm
415249,608953,text,25030,text/html,Chaptered,https://legiscan.com/AZ/text/SB1001/id/608953,http://www.azleg.gov/legtext/50leg/1s/bills/sb1001s.htm
415236,608931,text,37822,text/html,Introduced,https://legiscan.com/AZ/text/SB1002/id/608931,http://www.azleg.gov/legtext/50leg/1s/bills/sb1002p.htm
415222,608909,text,38219,text/html,Introduced,https://legiscan.com/AZ/text/SB1003/id/608909,http://www.azleg.gov/legtext/50leg/1s/bills/sb1003p.htm
415212,608893,text,23765,text/html,Introduced,https://legiscan.com/AZ/text/SB1004/id/608893,http://www.azleg.gov/legtext/50leg/1s/bills/sb1004p.htm
