bill_id,date,chamber,sequence,action
415212,2011-01-20,,1,"Introduced in Senate and read first time"
415212,2011-01-20,,2,"Assigned to Senate FIN Committee"
415212,2011-01-20,,3,"Assigned to Senate APPROP Committee"
415212,2011-01-20,,4,"Assigned to Senate RULES Committee"
415212,2011-01-20,,5,"Referred to Senate FIN Committee"
415222,2011-01-20,,1,"Introduced in Senate and read first time"
415222,2011-01-20,,2,"Assigned to Senate APPROP Committee"
415222,2011-01-20,,3,"Assigned to Senate HMLR Committee"
415222,2011-01-20,,4,"Assigned to Senate RULES Committee"
415222,2011-01-20,,5,"Referred to Senate APPROP Committee"
415236,2011-01-19,,1,"Introduced in Senate and read first time"
415236,2011-01-19,,2,"Assigned to Senate APPROP Committee"
415236,2011-01-19,,3,"Assigned to Senate RULES Committee"
415236,2011-01-20,,4,"Senate read second time"
415236,2011-01-20,,5,"Referred to Senate APPROP Committee"
415249,2011-01-19,,1,"Introduced in Senate and read first time"
415249,2011-01-19,,2,"Assigned to Senate APPROP Committee"
415249,2011-01-19,,3,"Assigned to Senate RULES Committee"
415249,2011-01-19,,4,"Senate read second time"
415249,2011-01-19,,5,"Referred to Senate APPROP Committee"
415249,2011-01-19,,6,"Senate APPROP Committee action: Do Pass, voting: (9-4-0-0)"
415249,2011-01-19,,7,"Referred to Senate RULES Committee"
415249,2011-01-20,,8,"Senate RULES Committee action: Proper For Consideration Amended"
415249,2011-01-20,,9,"Senate minority caucus: Do pass"
415249,2011-01-20,,10,"Senate majority caucus: Do pass"
415249,2011-01-20,,11,"Senate Committee of the Whole action: Do Pass Amended"
415249,2011-01-20,,12,"Senate third reading PASSED voting: (21-9-0-0)"
415249,2011-01-20,,13,"Transmit to House"
415249,2011-01-20,,14,"Transmitted to Governor"
415249,2011-01-21,,15,"Governor Signed"
415265,2011-01-19,,1,Introduced
415279,2011-01-19,,1,Introduced
415292,2011-01-19,,1,Introduced
415308,2011-01-19,,1,"Introduced in House and read first time"
415308,2011-01-19,,2,"Assigned to House APPROP Committee"
415308,2011-01-19,,3,"Assigned to House RULES Committee"
415308,2011-01-20,,4,"House read second time"
415308,2011-01-20,,5,"Referred to House APPROP Committee"
415308,2011-01-19,,6,"House APPROP Committee action: Do Pass Amended, voting: (9-4-0-0-0)"
415308,2011-01-19,,7,"Referred to House RULES Committee"
415308,2011-01-20,,8,"House RULES Committee action: constitutional and in proper form, voting: (6-3-0-0-0)"
415308,2011-01-20,,9,"House minority caucus: Do pass"
415308,2011-01-20,,10,"House majority caucus: Do pass"
415308,2011-01-20,,11,"House Committee of the Whole action: Do Pass Amended"
