bill_id,session_id,bill_number,status,status_desc,status_date,title,description,committee_id,committee,last_action_date,last_action,url,state_link
1376086,1764,HF1,1,Introduced,2020-08-12,"COVID-19; day services; customized living quality improvement grants modified, peacetime emergency modification portions extended to economic assistance program application requirements, retention and public health grants established, and money appropriated.","COVID-19; day services; customized living quality improvement grants modified, peacetime emergency modification portions extended to economic assistance program application requirements, retention and public health grants established, and money appropriated.",1777,"House Ways and Means",2020-08-12,"Authors added Brand, Moller, Acomb, Masin, Lueck",https://legiscan.com/MN/bill/HF1/2020/X3,https://www.revisor.mn.gov/bills/bill.php?b=House&f=HF0001&ssn=3&y=2020
1376109,1764,HF2,4,Passed,2020-08-14,"Ensuring Police Excellence and Improving Community Relations Advisory Council first meeting effective date delayed. peace officer training requirement effective dates delayed, and Peace Officer Standards and Training Board appropriation modified to permit staff hiring.","Ensuring Police Excellence and Improving Community Relations Advisory Council first meeting effective date delayed. peace officer training requirement effective dates delayed, and Peace Officer Standards and Training Board appropriation modified to permit staff hiring.",0,,2020-08-14,"Secretary of State Chapter 2 ",https://legiscan.com/MN/bill/HF2/2020/X3,https://www.revisor.mn.gov/bills/bill.php?b=House&f=HF0002&ssn=3&y=2020
1376119,1764,HF3,1,Introduced,2020-08-12,"St. Paul; Southeast Asian Language Job Training Facility appropriation modified.","St. Paul; Southeast Asian Language Job Training Facility appropriation modified.",1755,"House Capital Investment",2020-08-12,"Introduction and first reading, referred to Capital Investment Division",https://legiscan.com/MN/bill/HF3/2020/X3,https://www.revisor.mn.gov/bills/bill.php?b=House&f=HF0003&ssn=3&y=2020
1376105,1764,HF4,1,Introduced,2020-08-12,"Notary public; video conferencing permitted to fulfill the requirement to personally appear before a notarial officer for conveyance, grant extensions provided, effective date extended, and report required.","Notary public; video conferencing permitted to fulfill the requirement to personally appear before a notarial officer for conveyance, grant extensions provided, effective date extended, and report required.",2702,"House Government Operations",2020-08-12,"Author added Masin",https://legiscan.com/MN/bill/HF4/2020/X3,https://www.revisor.mn.gov/bills/bill.php?b=House&f=HF0004&ssn=3&y=2020
1376100,1764,HF5,1,Introduced,2020-08-12,"COVID-19; grant extensions provided, and report required.","COVID-19; grant extensions provided, and report required.",1777,"House Ways and Means",2020-08-12,"Introduction and first reading, referred to Ways and Means",https://legiscan.com/MN/bill/HF5/2020/X3,https://www.revisor.mn.gov/bills/bill.php?b=House&f=HF0005&ssn=3&y=2020
1376128,1764,HF6,1,Introduced,2020-08-12,"Notary public; video conferencing permitted to fulfill the requirement to personally appear before a notarial officer for conveyance.","Notary public; video conferencing permitted to fulfill the requirement to personally appear before a notarial officer for conveyance.",2702,"House Government Operations",2020-08-12,"Introduction and first reading, referred to Government Operations",https://legiscan.com/MN/bill/HF6/2020/X3,https://www.revisor.mn.gov/bills/bill.php?b=House&f=HF0006&ssn=3&y=2020
1376089,1764,HF7,1,Introduced,2020-08-12,"Sentencing guidelines provided to courts for veterans for criminal offenses related to a service-related disorder.","Sentencing guidelines provided to courts for veterans for criminal offenses related to a service-related disorder.",3827,"House Veterans and Military Affairs Finance & Policy",2020-08-12,"Introduction and first reading, referred to Veterans and Military Affairs Finance and Policy Division",https://legiscan.com/MN/bill/HF7/2020/X3,https://www.revisor.mn.gov/bills/bill.php?b=House&f=HF0007&ssn=3&y=2020
1376124,1764,HF8,1,Introduced,2020-08-12,"COVID-19; local government allowed to distributed relief fund dollars to individuals, private business, and nonprofit organizations.","COVID-19; local government allowed to distributed relief fund dollars to individuals, private business, and nonprofit organizations.",1777,"House Ways and Means",2020-08-12,"Introduction and first reading, referred to Ways and Means",https://legiscan.com/MN/bill/HF8/2020/X3,https://www.revisor.mn.gov/bills/bill.php?b=House&f=HF0008&ssn=3&y=2020
1376120,1764,HF9,1,Introduced,2020-08-12,"Unemployment insurance benefits authorized for mining employees.","Unemployment insurance benefits authorized for mining employees.",1767,"House Jobs and Economic Development Finance",2020-08-12,"Introduction and first reading, referred to Jobs and Economic Development Finance Division",https://legiscan.com/MN/bill/HF9/2020/X3,https://www.revisor.mn.gov/bills/bill.php?b=House&f=HF0009&ssn=3&y=2020
1376114,1764,HF10,1,Introduced,2020-08-12,"COVID-19; facial covering required when in indoor and outdoor public spaces.","COVID-19; facial covering required when in indoor and outdoor public spaces.",2703,"House Health and Human Services Policy",2020-08-12,"Introduction and first reading, referred to Health and Human Services Policy",https://legiscan.com/MN/bill/HF10/2020/X3,https://www.revisor.mn.gov/bills/bill.php?b=House&f=HF0010&ssn=3&y=2020
1376091,1764,HF11,1,Introduced,2020-08-12,"Tribal Nations Education Committee inclusion required in state social standards review.","Tribal Nations Education Committee inclusion required in state social standards review.",2699,"House Education Policy",2020-08-12,"Introduction and first reading, referred to Education Policy",https://legiscan.com/MN/bill/HF11/2020/X3,https://www.revisor.mn.gov/bills/bill.php?b=House&f=HF0011&ssn=3&y=2020
1376087,1764,HF12,1,Introduced,2020-08-12,"Christopher Columbus memorials banned on State Capitol grounds.","Christopher Columbus memorials banned on State Capitol grounds.",2702,"House Government Operations",2020-08-12,"Introduction and first reading, referred to Government Operations",https://legiscan.com/MN/bill/HF12/2020/X3,https://www.revisor.mn.gov/bills/bill.php?b=House&f=HF0012&ssn=3&y=2020
1376107,1764,HF13,1,Introduced,2020-08-12,"Ramsey and Hennepin Counties; livable communities fund amount increased.","Ramsey and Hennepin Counties; livable communities fund amount increased.",1775,"House Property and Local Tax",2020-08-12,"Introduction and first reading, referred to Property and Local Tax Division",https://legiscan.com/MN/bill/HF13/2020/X3,https://www.revisor.mn.gov/bills/bill.php?b=House&f=HF0013&ssn=3&y=2020
1376079,1764,HF14,1,Introduced,2020-08-12,"Itasca County Jail facility sunset extended.","Itasca County Jail facility sunset extended.",4018,"House Corrections",2020-08-12,"Introduction and first reading, referred to Corrections Division",https://legiscan.com/MN/bill/HF14/2020/X3,https://www.revisor.mn.gov/bills/bill.php?b=House&f=HF0014&ssn=3&y=2020
1376098,1764,HF15,1,Introduced,2020-08-12,"Minnesota School Safety Center directed to develop school threat assessment policy, safe schools levy allowable uses modified, school resource officer requirements established, report required, and money appropriated.","Minnesota School Safety Center directed to develop school threat assessment policy, safe schools levy allowable uses modified, school resource officer requirements established, report required, and money appropriated.",2699,"House Education Policy",2020-08-12,"Introduction and first reading, referred to Education Policy",https://legiscan.com/MN/bill/HF15/2020/X3,https://www.revisor.mn.gov/bills/bill.php?b=House&f=HF0015&ssn=3&y=2020
1376127,1764,HF16,1,Introduced,2020-08-12,"Vehicles and property subject to forfeiture limited, innocent owner property recovery provided, federal equitable sharing program participation modified, reports required, and money appropriated.","Vehicles and property subject to forfeiture limited, innocent owner property recovery provided, federal equitable sharing program participation modified, reports required, and money appropriated.",3806,"House Judiciary Finance and Civil Law",2020-08-12,"Introduction and first reading, referred to Judiciary Finance and Civil Law Division",https://legiscan.com/MN/bill/HF16/2020/X3,https://www.revisor.mn.gov/bills/bill.php?b=House&f=HF0016&ssn=3&y=2020
1376133,1764,HF17,1,Introduced,2020-08-12,"Public safety commissioner authority to suspend drivers' licenses modified, retroactive driver's license reinstatement provided, technical changes making, and report required.","Public safety commissioner authority to suspend drivers' licenses modified, retroactive driver's license reinstatement provided, technical changes making, and report required.",3806,"House Judiciary Finance and Civil Law",2020-08-12,"Introduction and first reading, referred to Judiciary Finance and Civil Law Division",https://legiscan.com/MN/bill/HF17/2020/X3,https://www.revisor.mn.gov/bills/bill.php?b=House&f=HF0017&ssn=3&y=2020
1376126,1764,HF18,1,Introduced,2020-08-12,"Board of Nursing certified midwife licensure established, and criminal penalties provided.","Board of Nursing certified midwife licensure established, and criminal penalties provided.",2703,"House Health and Human Services Policy",2020-08-12,"Introduction and first reading, referred to Health and Human Services Policy",https://legiscan.com/MN/bill/HF18/2020/X3,https://www.revisor.mn.gov/bills/bill.php?b=House&f=HF0018&ssn=3&y=2020
1376140,1764,HF19,1,Introduced,2020-08-12,"Dry cleaner environmental response and reimbursement account expenditures prioritized, perchloroethylene banned, prior appropriation modified, cost-share program funding provided, and money appropriated.","Dry cleaner environmental response and reimbursement account expenditures prioritized, perchloroethylene banned, prior appropriation modified, cost-share program funding provided, and money appropriated.",1777,"House Ways and Means",2020-08-12,"Authors added Morrison, Fischer",https://legiscan.com/MN/bill/HF19/2020/X3,https://www.revisor.mn.gov/bills/bill.php?b=House&f=HF0019&ssn=3&y=2020
1376108,1764,HF20,1,Introduced,2020-08-12,"Priority qualified facility provisions modified, and property interest acquisition authority modified.","Priority qualified facility provisions modified, and property interest acquisition authority modified.",2701,"House Environment and Natural Resources Policy",2020-08-12,"Introduction and first reading, referred to Environment and Natural Resources Policy",https://legiscan.com/MN/bill/HF20/2020/X3,https://www.revisor.mn.gov/bills/bill.php?b=House&f=HF0020&ssn=3&y=2020
1376090,1764,HF21,1,Introduced,2020-08-12,"Environment and natural resources trust fund funding provided, previous appropriations modified, and money appropriated.","Environment and natural resources trust fund funding provided, previous appropriations modified, and money appropriated.",1777,"House Ways and Means",2020-08-12,"Authors added Lillie, Fischer",https://legiscan.com/MN/bill/HF21/2020/X3,https://www.revisor.mn.gov/bills/bill.php?b=House&f=HF0021&ssn=3&y=2020
1376106,1764,HF22,1,Introduced,2020-08-12,"Farmed Cervidae provisions modified, muzzleloader provisions modified, permanent portable stands in wildlife management areas, and Cervidae carcass transportation restrictions.","Farmed Cervidae provisions modified, muzzleloader provisions modified, permanent portable stands in wildlife management areas, and Cervidae carcass transportation restrictions.",1777,"House Ways and Means",2020-08-12,"Author added Morrison",https://legiscan.com/MN/bill/HF22/2020/X3,https://www.revisor.mn.gov/bills/bill.php?b=House&f=HF0022&ssn=3&y=2020
1376113,1764,HF23,1,Introduced,2020-08-12,"Minnesota secure choice retirement program established.","Minnesota secure choice retirement program established.",2702,"House Government Operations",2020-08-12,"Introduction and first reading, referred to Government Operations",https://legiscan.com/MN/bill/HF23/2020/X3,https://www.revisor.mn.gov/bills/bill.php?b=House&f=HF0023&ssn=3&y=2020
1376131,1764,HF24,1,Introduced,2020-08-12,"Equitable geographic distribution of state employee layoffs required.","Equitable geographic distribution of state employee layoffs required.",2702,"House Government Operations",2020-08-12,"Introduction and first reading, referred to Government Operations",https://legiscan.com/MN/bill/HF24/2020/X3,https://www.revisor.mn.gov/bills/bill.php?b=House&f=HF0024&ssn=3&y=2020
1376102,1764,HF25,1,Introduced,2020-08-12,"COVID-19; customized living quality improvement grants modified, peacetime emergency modification portions extended to economic assistance program application requirements, retention and public health grants established, and money appropriated.","COVID-19; customized living quality improvement grants modified, peacetime emergency modification portions extended to economic assistance program application requirements, retention and public health grants established, and money appropriated.",1764,"House Health and Human Services Finance",2020-08-12,"Introduction and first reading, referred to Health and Human Services Finance Division",https://legiscan.com/MN/bill/HF25/2020/X3,https://www.revisor.mn.gov/bills/bill.php?b=House&f=HF0025&ssn=3&y=2020
1376077,1764,HF26,1,Introduced,2020-08-12,"Annual curriculum audit required.","Annual curriculum audit required.",2699,"House Education Policy",2020-08-12,"Introduction and first reading, referred to Education Policy",https://legiscan.com/MN/bill/HF26/2020/X3,https://www.revisor.mn.gov/bills/bill.php?b=House&f=HF0026&ssn=3&y=2020
1376093,1764,HF27,1,Introduced,2020-08-12,"COVID-19; customized living quality improvement grants modified, peacetime emergency modification portions extended to economic assistance program application requirements, retention and public health grants established, and money appropriated.","COVID-19; customized living quality improvement grants modified, peacetime emergency modification portions extended to economic assistance program application requirements, retention and public health grants established, and money appropriated.",1764,"House Health and Human Services Finance",2020-08-12,"Introduction and first reading, referred to Health and Human Services Finance Division",https://legiscan.com/MN/bill/HF27/2020/X3,https://www.revisor.mn.gov/bills/bill.php?b=House&f=HF0027&ssn=3&y=2020
1376085,1764,HF28,1,Introduced,2020-08-12,"Togo Challenge Incarceration Program; commissioner of corrections prohibited from closing or reducing staff.","Togo Challenge Incarceration Program; commissioner of corrections prohibited from closing or reducing staff.",4018,"House Corrections",2020-08-12,"Author added Sundin",https://legiscan.com/MN/bill/HF28/2020/X3,https://www.revisor.mn.gov/bills/bill.php?b=House&f=HF0028&ssn=3&y=2020
1376129,1764,HF29,1,Introduced,2020-08-12,"Psychology interjurisdictional compact created, and money appropriated.","Psychology interjurisdictional compact created, and money appropriated.",2703,"House Health and Human Services Policy",2020-08-12,"Introduction and first reading, referred to Health and Human Services Policy",https://legiscan.com/MN/bill/HF29/2020/X3,https://www.revisor.mn.gov/bills/bill.php?b=House&f=HF0029&ssn=3&y=2020
1376143,1764,HC1,1,Introduced,2020-08-12,"A house concurrent resolution terminating the peacetime emergency.","A house concurrent resolution terminating the peacetime emergency.",1771,"House Rules and Legislative Administration",2020-08-12,"Resolution referred to Rules and Legislative Administration",https://legiscan.com/MN/bill/HC1/2020/X3,https://www.revisor.mn.gov/bills/bill.php?b=House&f=HC0001&ssn=3&y=2020
1376059,1764,SF1,4,Passed,2020-08-14,"Human services customized living quality improvement grants modification; COVID-19 peacetime emergency modifications extension to economic assistance program application requirements; retention and public health grants establishment; appropriation","Human services customized living quality improvement grants modification; COVID-19 peacetime emergency modifications extension to economic assistance program application requirements; retention and public health grants establishment; appropriation",0,,2020-08-14,"Secretary of State, Filed ",https://legiscan.com/MN/bill/SF1/2020/X3,https://www.revisor.mn.gov/bills/bill.php?b=Senate&f=SF0001&ssn=3&y=2020
1376069,1764,SF2,1,Introduced,2020-08-12,"Ensuring police excellence and improving community relations advisory council first meeting effective date delay; peace officers training requirements effective dates delay; peace officer standards and training (POST) board appropriation modification","Ensuring police excellence and improving community relations advisory council first meeting effective date delay; peace officers training requirements effective dates delay; peace officer standards and training (POST) board appropriation modification",0,,2020-08-12,"By Motion, Laid on Table",https://legiscan.com/MN/bill/SF2/2020/X3,https://www.revisor.mn.gov/bills/bill.php?b=Senate&f=SF0002&ssn=3&y=2020
1376055,1764,SF3,1,Introduced,2020-08-12,"Psychology interjurisdictional compact creation and appropriation","Psychology interjurisdictional compact creation and appropriation",1750,"Senate Rules and Administration",2020-08-12,"Author added Dibble",https://legiscan.com/MN/bill/SF3/2020/X3,https://www.revisor.mn.gov/bills/bill.php?b=Senate&f=SF0003&ssn=3&y=2020
1376065,1764,SF4,1,Introduced,2020-08-12,"Civil unrest investigatory commission creation","Civil unrest investigatory commission creation",1750,"Senate Rules and Administration",2020-08-12,"Referred to Rules and Administration",https://legiscan.com/MN/bill/SF4/2020/X3,https://www.revisor.mn.gov/bills/bill.php?b=Senate&f=SF0004&ssn=3&y=2020
1376058,1764,SF5,1,Introduced,2020-08-12,"Human services customized living quality improvement grants modification; COVID-19 peacetime emergency modifications extension to economic assistance program application requirements; retention and public health grants establishment; appropriation","Human services customized living quality improvement grants modification; COVID-19 peacetime emergency modifications extension to economic assistance program application requirements; retention and public health grants establishment; appropriation",1750,"Senate Rules and Administration",2020-08-12,"Referred to Rules and Administration",https://legiscan.com/MN/bill/SF5/2020/X3,https://www.revisor.mn.gov/bills/bill.php?b=Senate&f=SF0005&ssn=3&y=2020
1376063,1764,SF6,1,Introduced,2020-08-12,"Safe routes to school grant program bond issue and appropriation","Safe routes to school grant program bond issue and appropriation",1750,"Senate Rules and Administration",2020-08-12,"Referred to Rules and Administration",https://legiscan.com/MN/bill/SF6/2020/X3,https://www.revisor.mn.gov/bills/bill.php?b=Senate&f=SF0006&ssn=3&y=2020
1376060,1764,SF7,1,Introduced,2020-08-12,"Motor vehicle emissions standards moratorium adoption","Motor vehicle emissions standards moratorium adoption",1750,"Senate Rules and Administration",2020-08-12,"Referred to Rules and Administration",https://legiscan.com/MN/bill/SF7/2020/X3,https://www.revisor.mn.gov/bills/bill.php?b=Senate&f=SF0007&ssn=3&y=2020
1376057,1764,SF8,1,Introduced,2020-08-12,"Willow River challenge incarceration program closure or staff reductions prohibition","Willow River challenge incarceration program closure or staff reductions prohibition",1750,"Senate Rules and Administration",2020-08-12,"Referred to Rules and Administration",https://legiscan.com/MN/bill/SF8/2020/X3,https://www.revisor.mn.gov/bills/bill.php?b=Senate&f=SF0008&ssn=3&y=2020
1376052,1764,SF9,1,Introduced,2020-08-12,"Minnesota Secure Choice Retirement Program Act","Minnesota Secure Choice Retirement Program Act",1750,"Senate Rules and Administration",2020-08-12,"Referred to Rules and Administration",https://legiscan.com/MN/bill/SF9/2020/X3,https://www.revisor.mn.gov/bills/bill.php?b=Senate&f=SF0009&ssn=3&y=2020
1376068,1764,SF10,1,Introduced,2020-08-12,"Earned sick and safe time","Earned sick and safe time",1750,"Senate Rules and Administration",2020-08-12,"Referred to Rules and Administration",https://legiscan.com/MN/bill/SF10/2020/X3,https://www.revisor.mn.gov/bills/bill.php?b=Senate&f=SF0010&ssn=3&y=2020
1376053,1764,SF11,1,Introduced,2020-08-12,"Livable communities fund increase","Livable communities fund increase",1750,"Senate Rules and Administration",2020-08-12,"Referred to Rules and Administration",https://legiscan.com/MN/bill/SF11/2020/X3,https://www.revisor.mn.gov/bills/bill.php?b=Senate&f=SF0011&ssn=3&y=2020
1376064,1764,SF12,1,Introduced,2020-08-12,"Railroad property valuation and taxation provisions modification","Railroad property valuation and taxation provisions modification",1750,"Senate Rules and Administration",2020-08-12,"Authors added Eaton; Latz; Dibble; Hoffman",https://legiscan.com/MN/bill/SF12/2020/X3,https://www.revisor.mn.gov/bills/bill.php?b=Senate&f=SF0012&ssn=3&y=2020
1376082,1764,SF13,1,Introduced,2020-08-12,"St. Paul Southeast Asian language job training facility appropriation modification","St. Paul Southeast Asian language job training facility appropriation modification",0,,2020-08-13,"By Motion, Laid on Table",https://legiscan.com/MN/bill/SF13/2020/X3,https://www.revisor.mn.gov/bills/bill.php?b=Senate&f=SF0013&ssn=3&y=2020
1376103,1764,SF14,1,Introduced,2020-08-12,"Military veteran offenders restorative justice sentence guidance to courts provisions","Military veteran offenders restorative justice sentence guidance to courts provisions",0,,2020-08-12,"Third reading Passed",https://legiscan.com/MN/bill/SF14/2020/X3,https://www.revisor.mn.gov/bills/bill.php?b=Senate&f=SF0014&ssn=3&y=2020
1376095,1764,SF15,1,Introduced,2020-08-12,"Higher education additional fees and differential tuition for certain online courses restrictions","Higher education additional fees and differential tuition for certain online courses restrictions",1750,"Senate Rules and Administration",2020-08-12,"Referred to Rules and Administration",https://legiscan.com/MN/bill/SF15/2020/X3,https://www.revisor.mn.gov/bills/bill.php?b=Senate&f=SF0015&ssn=3&y=2020
1376081,1764,SF16,1,Introduced,2020-08-12,"Military veteran offenders restorative justice sentence guidance to courts provisions","Military veteran offenders restorative justice sentence guidance to courts provisions",1750,"Senate Rules and Administration",2020-08-12,"Referred to Rules and Administration",https://legiscan.com/MN/bill/SF16/2020/X3,https://www.revisor.mn.gov/bills/bill.php?b=Senate&f=SF0016&ssn=3&y=2020
1376121,1764,SF17,1,Introduced,2020-08-12,"Insulin registration fee establishment; Alec Smith Insulin Affordability Act modification and appropriation","Insulin registration fee establishment; Alec Smith Insulin Affordability Act modification and appropriation",1750,"Senate Rules and Administration",2020-08-12,"Referred to Rules and Administration",https://legiscan.com/MN/bill/SF17/2020/X3,https://www.revisor.mn.gov/bills/bill.php?b=Senate&f=SF0017&ssn=3&y=2020
1376084,1764,SF18,1,Introduced,2020-08-12,"Mining and related industry additional unemployment benefits program","Mining and related industry additional unemployment benefits program",1750,"Senate Rules and Administration",2020-08-12,"Referred to Rules and Administration",https://legiscan.com/MN/bill/SF18/2020/X3,https://www.revisor.mn.gov/bills/bill.php?b=Senate&f=SF0018&ssn=3&y=2020
1376135,1764,SF19,1,Introduced,2020-08-12,"State employee layoffs equitable geographic distribution requirement","State employee layoffs equitable geographic distribution requirement",1750,"Senate Rules and Administration",2020-08-12,"Referred to Rules and Administration",https://legiscan.com/MN/bill/SF19/2020/X3,https://www.revisor.mn.gov/bills/bill.php?b=Senate&f=SF0019&ssn=3&y=2020
1376078,1764,SF20,1,Introduced,2020-08-12,"Miscellaneous health provisions modification","Miscellaneous health provisions modification",1750,"Senate Rules and Administration",2020-08-12,"Referred to Rules and Administration",https://legiscan.com/MN/bill/SF20/2020/X3,https://www.revisor.mn.gov/bills/bill.php?b=Senate&f=SF0020&ssn=3&y=2020
1376125,1764,SF21,1,Introduced,2020-08-12,"Aid reductions for reductions in city expenditures on space officers","Aid reductions for reductions in city expenditures on space officers",1750,"Senate Rules and Administration",2020-08-12,"Referred to Rules and Administration",https://legiscan.com/MN/bill/SF21/2020/X3,https://www.revisor.mn.gov/bills/bill.php?b=Senate&f=SF0021&ssn=3&y=2020
1376137,1764,SF22,1,Introduced,2020-08-12,"School contractors unemployment eligibility requirements modification","School contractors unemployment eligibility requirements modification",1750,"Senate Rules and Administration",2020-08-12,"Referred to Rules and Administration",https://legiscan.com/MN/bill/SF22/2020/X3,https://www.revisor.mn.gov/bills/bill.php?b=Senate&f=SF0022&ssn=3&y=2020
1376101,1764,SF23,1,Introduced,2020-08-12,"Togo challenge incarceration program closure or staff reductions prohibition","Togo challenge incarceration program closure or staff reductions prohibition",1750,"Senate Rules and Administration",2020-08-12,"Referred to Rules and Administration",https://legiscan.com/MN/bill/SF23/2020/X3,https://www.revisor.mn.gov/bills/bill.php?b=Senate&f=SF0023&ssn=3&y=2020
1376112,1764,SF24,1,Introduced,2020-08-12,"Property taxes paid prior to removal of structures requirement limited waiver authorization","Property taxes paid prior to removal of structures requirement limited waiver authorization",1750,"Senate Rules and Administration",2020-08-12,"Referred to Rules and Administration",https://legiscan.com/MN/bill/SF24/2020/X3,https://www.revisor.mn.gov/bills/bill.php?b=Senate&f=SF0024&ssn=3&y=2020
1376071,1764,SR1,4,Passed,2020-08-12,"A Senate resolution relating to the organization and operation of the Senate during the Special Session","A Senate resolution relating to the organization and operation of the Senate during the Special Session",0,,2020-08-12,Adopted,https://legiscan.com/MN/bill/SR1/2020/X3,https://www.revisor.mn.gov/bills/bill.php?b=Senate&f=SR0001&ssn=3&y=2020
1376054,1764,SR2,4,Passed,2020-08-12,"A Senate resolution relating to notifying the House of Representatives and the Governor that the Senate is organized","A Senate resolution relating to notifying the House of Representatives and the Governor that the Senate is organized",0,,2020-08-12,"Adopted (voice vote)",https://legiscan.com/MN/bill/SR2/2020/X3,https://www.revisor.mn.gov/bills/bill.php?b=Senate&f=SR0002&ssn=3&y=2020
1376139,1764,SR3,1,Introduced,2020-08-12,"A Senate resolution honoring Dan and Cory Pearson Family of Anoka County for being named 2020 Farm Family of the Year","A Senate resolution honoring Dan and Cory Pearson Family of Anoka County for being named 2020 Farm Family of the Year",1750,"Senate Rules and Administration",2020-08-12,"Referred to Rules and Administration",https://legiscan.com/MN/bill/SR3/2020/X3,https://www.revisor.mn.gov/bills/bill.php?b=Senate&f=SR0003&ssn=3&y=2020
1376116,1764,SR4,1,Introduced,2020-08-12,"A Senate resolution recognizing Mayo clinic for ranking as the top hospital in the nation by U.S. News & World Report in 2020","A Senate resolution recognizing Mayo clinic for ranking as the top hospital in the nation by U.S. News & World Report in 2020",1750,"Senate Rules and Administration",2020-08-12,"Referred to Rules and Administration",https://legiscan.com/MN/bill/SR4/2020/X3,https://www.revisor.mn.gov/bills/bill.php?b=Senate&f=SR0004&ssn=3&y=2020
1376110,1764,SR5,1,Introduced,2020-08-12,"A Senate resolution congratulating Gianna Freking of Rosemount High School on winning the 2020 US Lacrosse Jackie Pitts Award for the Minnesota Chapter","A Senate resolution congratulating Gianna Freking of Rosemount High School on winning the 2020 US Lacrosse Jackie Pitts Award for the Minnesota Chapter",1750,"Senate Rules and Administration",2020-08-12,"Referred to Rules and Administration",https://legiscan.com/MN/bill/SR5/2020/X3,https://www.revisor.mn.gov/bills/bill.php?b=Senate&f=SR0005&ssn=3&y=2020
1376080,1764,SR6,1,Introduced,2020-08-12,"A Senate resolution honoring the Amelia and Nick Neaton Family of Wright County for being named a 2020 Farm Family of the Year","A Senate resolution honoring the Amelia and Nick Neaton Family of Wright County for being named a 2020 Farm Family of the Year",1750,"Senate Rules and Administration",2020-08-12,"Referred to Rules and Administration",https://legiscan.com/MN/bill/SR6/2020/X3,https://www.revisor.mn.gov/bills/bill.php?b=Senate&f=SR0006&ssn=3&y=2020
1376123,1764,SR7,4,Passed,2020-08-12,"A Senate resolution relating to adjournment of the Special Session","A Senate resolution relating to adjournment of the Special Session",0,,2020-08-12,"Adopted (voice vote)",https://legiscan.com/MN/bill/SR7/2020/X3,https://www.revisor.mn.gov/bills/bill.php?b=Senate&f=SR0007&ssn=3&y=2020
1376070,1764,SC1,4,Passed,2020-08-12,"Senate concurrent resolution relating to Minnesota's peacetime emergency; terminating the peacetime emergency pursuant to the authority granted under Minnesota Statutes, section 12.31, subdivision 2, paragraph (b)","Senate concurrent resolution relating to Minnesota's peacetime emergency; terminating the peacetime emergency pursuant to the authority granted under Minnesota Statutes, section 12.31, subdivision 2, paragraph (b)",0,,2020-08-12,Adopted,https://legiscan.com/MN/bill/SC1/2020/X3,https://www.revisor.mn.gov/bills/bill.php?b=Senate&f=SC0001&ssn=3&y=2020
