bill_id,document_id,document_type,document_size,document_mime,document_desc,url,state_link
1376086,2204585,text,353638,application/pdf,Introduced,https://legiscan.com/MN/text/HF1/id/2204585,https://www.revisor.mn.gov/bills/text.php?number=HF1&version=0&session=ls91&session_year=2020&session_number=3&format=pdf
1376109,2204606,text,247829,application/pdf,Introduced,https://legiscan.com/MN/text/HF2/id/2204606,https://www.revisor.mn.gov/bills/text.php?number=HF2&version=0&session=ls91&session_year=2020&session_number=3&format=pdf
1376119,2204615,text,210777,application/pdf,Introduced,https://legiscan.com/MN/text/HF3/id/2204615,https://www.revisor.mn.gov/bills/text.php?number=HF3&version=0&session=ls91&session_year=2020&session_number=3&format=pdf
1376105,2204602,text,235921,application/pdf,Introduced,https://legiscan.com/MN/text/HF4/id/2204602,https://www.revisor.mn.gov/bills/text.php?number=HF4&version=0&session=ls91&session_year=2020&session_number=3&format=pdf
1376100,2204597,text,211434,application/pdf,Introduced,https://legiscan.com/MN/text/HF5/id/2204597,https://www.revisor.mn.gov/bills/text.php?number=HF5&version=0&session=ls91&session_year=2020&session_number=3&format=pdf
1376128,2204625,text,212468,application/pdf,Introduced,https://legiscan.com/MN/text/HF6/id/2204625,https://www.revisor.mn.gov/bills/text.php?number=HF6&version=0&session=ls91&session_year=2020&session_number=3&format=pdf
1376089,2204588,text,274611,application/pdf,Introduced,https://legiscan.com/MN/text/HF7/id/2204588,https://www.revisor.mn.gov/bills/text.php?number=HF7&version=0&session=ls91&session_year=2020&session_number=3&format=pdf
1376124,2204620,text,198247,application/pdf,Introduced,https://legiscan.com/MN/text/HF8/id/2204620,https://www.revisor.mn.gov/bills/text.php?number=HF8&version=0&session=ls91&session_year=2020&session_number=3&format=pdf
1376120,2204616,text,236726,application/pdf,Introduced,https://legiscan.com/MN/text/HF9/id/2204616,https://www.revisor.mn.gov/bills/text.php?number=HF9&version=0&session=ls91&session_year=2020&session_number=3&format=pdf
1376114,2204611,text,218192,application/pdf,Introduced,https://legiscan.com/MN/text/HF10/id/2204611,https://www.revisor.mn.gov/bills/text.php?number=HF10&version=0&session=ls91&session_year=2020&session_number=3&format=pdf
1376091,2204590,text,194979,application/pdf,Introduced,https://legiscan.com/MN/text/HF11/id/2204590,https://www.revisor.mn.gov/bills/text.php?number=HF11&version=0&session=ls91&session_year=2020&session_number=3&format=pdf
1376087,2204586,text,193591,application/pdf,Introduced,https://legiscan.com/MN/text/HF12/id/2204586,https://www.revisor.mn.gov/bills/text.php?number=HF12&version=0&session=ls91&session_year=2020&session_number=3&format=pdf
1376107,2204604,text,209403,application/pdf,Introduced,https://legiscan.com/MN/text/HF13/id/2204604,https://www.revisor.mn.gov/bills/text.php?number=HF13&version=0&session=ls91&session_year=2020&session_number=3&format=pdf
1376079,2204578,text,197392,application/pdf,Introduced,https://legiscan.com/MN/text/HF14/id/2204578,https://www.revisor.mn.gov/bills/text.php?number=HF14&version=0&session=ls91&session_year=2020&session_number=3&format=pdf
1376098,2204595,text,269306,application/pdf,Introduced,https://legiscan.com/MN/text/HF15/id/2204595,https://www.revisor.mn.gov/bills/text.php?number=HF15&version=0&session=ls91&session_year=2020&session_number=3&format=pdf
1376127,2204623,text,552476,application/pdf,Introduced,https://legiscan.com/MN/text/HF16/id/2204623,https://www.revisor.mn.gov/bills/text.php?number=HF16&version=0&session=ls91&session_year=2020&session_number=3&format=pdf
1376133,2204630,text,276705,application/pdf,Introduced,https://legiscan.com/MN/text/HF17/id/2204630,https://www.revisor.mn.gov/bills/text.php?number=HF17&version=0&session=ls91&session_year=2020&session_number=3&format=pdf
1376126,2204622,text,482896,application/pdf,Introduced,https://legiscan.com/MN/text/HF18/id/2204622,https://www.revisor.mn.gov/bills/text.php?number=HF18&version=0&session=ls91&session_year=2020&session_number=3&format=pdf
1376140,2204636,text,237638,application/pdf,Introduced,https://legiscan.com/MN/text/HF19/id/2204636,https://www.revisor.mn.gov/bills/text.php?number=HF19&version=0&session=ls91&session_year=2020&session_number=3&format=pdf
1376108,2204605,text,277604,application/pdf,Introduced,https://legiscan.com/MN/text/HF20/id/2204605,https://www.revisor.mn.gov/bills/text.php?number=HF20&version=0&session=ls91&session_year=2020&session_number=3&format=pdf
1376090,2204589,text,851137,application/pdf,Introduced,https://legiscan.com/MN/text/HF21/id/2204589,https://www.revisor.mn.gov/bills/text.php?number=HF21&version=0&session=ls91&session_year=2020&session_number=3&format=pdf
1376106,2204603,text,259828,application/pdf,Introduced,https://legiscan.com/MN/text/HF22/id/2204603,https://www.revisor.mn.gov/bills/text.php?number=HF22&version=0&session=ls91&session_year=2020&session_number=3&format=pdf
1376113,2204610,text,379260,application/pdf,Introduced,https://legiscan.com/MN/text/HF23/id/2204610,https://www.revisor.mn.gov/bills/text.php?number=HF23&version=0&session=ls91&session_year=2020&session_number=3&format=pdf
1376131,2204628,text,199425,application/pdf,Introduced,https://legiscan.com/MN/text/HF24/id/2204628,https://www.revisor.mn.gov/bills/text.php?number=HF24&version=0&session=ls91&session_year=2020&session_number=3&format=pdf
1376102,2204599,text,355106,application/pdf,Introduced,https://legiscan.com/MN/text/HF25/id/2204599,https://www.revisor.mn.gov/bills/text.php?number=HF25&version=0&session=ls91&session_year=2020&session_number=3&format=pdf
1376077,2204576,text,208682,application/pdf,Introduced,https://legiscan.com/MN/text/HF26/id/2204576,https://www.revisor.mn.gov/bills/text.php?number=HF26&version=0&session=ls91&session_year=2020&session_number=3&format=pdf
1376093,2204592,text,357556,application/pdf,Introduced,https://legiscan.com/MN/text/HF27/id/2204592,https://www.revisor.mn.gov/bills/text.php?number=HF27&version=0&session=ls91&session_year=2020&session_number=3&format=pdf
1376085,2204584,text,201308,application/pdf,Introduced,https://legiscan.com/MN/text/HF28/id/2204584,https://www.revisor.mn.gov/bills/text.php?number=HF28&version=0&session=ls91&session_year=2020&session_number=3&format=pdf
1376129,2204626,text,518481,application/pdf,Introduced,https://legiscan.com/MN/text/HF29/id/2204626,https://www.revisor.mn.gov/bills/text.php?number=HF29&version=0&session=ls91&session_year=2020&session_number=3&format=pdf
1376143,2204643,text,61794,text/html,Draft,https://legiscan.com/MN/text/HC1/id/2204643,https://www.revisor.mn.gov/bills/text.php?number=HC1&session=ls91&version=latest&session_number=3&session_year=2020
1376059,2204553,text,355238,application/pdf,Introduced,https://legiscan.com/MN/text/SF1/id/2204553,https://www.revisor.mn.gov/bills/text.php?number=SF1&version=0&session=ls91&session_year=2020&session_number=3&format=pdf
1376059,2204639,text,356326,application/pdf,Engrossed,https://legiscan.com/MN/text/SF1/id/2204639,https://www.revisor.mn.gov/bills/text.php?number=SF1&version=1&session=ls91&session_year=2020&session_number=3&format=pdf
1376069,2204563,text,247266,application/pdf,Introduced,https://legiscan.com/MN/text/SF2/id/2204563,https://www.revisor.mn.gov/bills/text.php?number=SF2&version=0&session=ls91&session_year=2020&session_number=3&format=pdf
1376055,2204549,text,523685,application/pdf,Introduced,https://legiscan.com/MN/text/SF3/id/2204549,https://www.revisor.mn.gov/bills/text.php?number=SF3&version=0&session=ls91&session_year=2020&session_number=3&format=pdf
1376065,2204559,text,240392,application/pdf,Introduced,https://legiscan.com/MN/text/SF4/id/2204559,https://www.revisor.mn.gov/bills/text.php?number=SF4&version=0&session=ls91&session_year=2020&session_number=3&format=pdf
1376058,2204552,text,359314,application/pdf,Introduced,https://legiscan.com/MN/text/SF5/id/2204552,https://www.revisor.mn.gov/bills/text.php?number=SF5&version=0&session=ls91&session_year=2020&session_number=3&format=pdf
1376063,2204557,text,205023,application/pdf,Introduced,https://legiscan.com/MN/text/SF6/id/2204557,https://www.revisor.mn.gov/bills/text.php?number=SF6&version=0&session=ls91&session_year=2020&session_number=3&format=pdf
1376060,2204554,text,196464,application/pdf,Introduced,https://legiscan.com/MN/text/SF7/id/2204554,https://www.revisor.mn.gov/bills/text.php?number=SF7&version=0&session=ls91&session_year=2020&session_number=3&format=pdf
1376057,2204551,text,205113,application/pdf,Introduced,https://legiscan.com/MN/text/SF8/id/2204551,https://www.revisor.mn.gov/bills/text.php?number=SF8&version=0&session=ls91&session_year=2020&session_number=3&format=pdf
1376052,2204546,text,380855,application/pdf,Introduced,https://legiscan.com/MN/text/SF9/id/2204546,https://www.revisor.mn.gov/bills/text.php?number=SF9&version=0&session=ls91&session_year=2020&session_number=3&format=pdf
1376068,2204562,text,379261,application/pdf,Introduced,https://legiscan.com/MN/text/SF10/id/2204562,https://www.revisor.mn.gov/bills/text.php?number=SF10&version=0&session=ls91&session_year=2020&session_number=3&format=pdf
1376053,2204547,text,210195,application/pdf,Introduced,https://legiscan.com/MN/text/SF11/id/2204547,https://www.revisor.mn.gov/bills/text.php?number=SF11&version=0&session=ls91&session_year=2020&session_number=3&format=pdf
1376064,2204558,text,824563,application/pdf,Introduced,https://legiscan.com/MN/text/SF12/id/2204558,https://www.revisor.mn.gov/bills/text.php?number=SF12&version=0&session=ls91&session_year=2020&session_number=3&format=pdf
1376082,2204581,text,213774,application/pdf,Introduced,https://legiscan.com/MN/text/SF13/id/2204581,https://www.revisor.mn.gov/bills/text.php?number=SF13&version=0&session=ls91&session_year=2020&session_number=3&format=pdf
1376103,2204600,text,278318,application/pdf,Introduced,https://legiscan.com/MN/text/SF14/id/2204600,https://www.revisor.mn.gov/bills/text.php?number=SF14&version=0&session=ls91&session_year=2020&session_number=3&format=pdf
1376095,2204593,text,203503,application/pdf,Introduced,https://legiscan.com/MN/text/SF15/id/2204593,https://www.revisor.mn.gov/bills/text.php?number=SF15&version=0&session=ls91&session_year=2020&session_number=3&format=pdf
1376081,2204580,text,277252,application/pdf,Introduced,https://legiscan.com/MN/text/SF16/id/2204580,https://www.revisor.mn.gov/bills/text.php?number=SF16&version=0&session=ls91&session_year=2020&session_number=3&format=pdf
1376121,2204617,text,277732,application/pdf,Introduced,https://legiscan.com/MN/text/SF17/id/2204617,https://www.revisor.mn.gov/bills/text.php?number=SF17&version=0&session=ls91&session_year=2020&session_number=3&format=pdf
1376084,2204583,text,237437,application/pdf,Introduced,https://legiscan.com/MN/text/SF18/id/2204583,https://www.revisor.mn.gov/bills/text.php?number=SF18&version=0&session=ls91&session_year=2020&session_number=3&format=pdf
1376135,2204631,text,203417,application/pdf,Introduced,https://legiscan.com/MN/text/SF19/id/2204631,https://www.revisor.mn.gov/bills/text.php?number=SF19&version=0&session=ls91&session_year=2020&session_number=3&format=pdf
1376078,2204577,text,1111038,application/pdf,Introduced,https://legiscan.com/MN/text/SF20/id/2204577,https://www.revisor.mn.gov/bills/text.php?number=SF20&version=0&session=ls91&session_year=2020&session_number=3&format=pdf
1376125,2204621,text,214874,application/pdf,Introduced,https://legiscan.com/MN/text/SF21/id/2204621,https://www.revisor.mn.gov/bills/text.php?number=SF21&version=0&session=ls91&session_year=2020&session_number=3&format=pdf
1376137,2204633,text,205682,application/pdf,Introduced,https://legiscan.com/MN/text/SF22/id/2204633,https://www.revisor.mn.gov/bills/text.php?number=SF22&version=0&session=ls91&session_year=2020&session_number=3&format=pdf
1376101,2204598,text,203145,application/pdf,Introduced,https://legiscan.com/MN/text/SF23/id/2204598,https://www.revisor.mn.gov/bills/text.php?number=SF23&version=0&session=ls91&session_year=2020&session_number=3&format=pdf
1376112,2204609,text,205001,application/pdf,Introduced,https://legiscan.com/MN/text/SF24/id/2204609,https://www.revisor.mn.gov/bills/text.php?number=SF24&version=0&session=ls91&session_year=2020&session_number=3&format=pdf
1376071,2204565,text,2005,text/html,Draft,https://legiscan.com/MN/text/SR1/id/2204565,https://www.revisor.mn.gov/bills/text.php?number=SR1&session=ls91&version=latest&session_number=3&session_year=2020
1376054,2204548,text,1236,text/html,Draft,https://legiscan.com/MN/text/SR2/id/2204548,https://www.revisor.mn.gov/bills/text.php?number=SR2&session=ls91&version=latest&session_number=3&session_year=2020
1376139,2204635,text,430,text/html,Draft,https://legiscan.com/MN/text/SR3/id/2204635,https://www.revisor.mn.gov/bills/text.php?number=SR3&session=ls91&version=latest&session_number=3&session_year=2020
1376116,2204613,text,430,text/html,Draft,https://legiscan.com/MN/text/SR4/id/2204613,https://www.revisor.mn.gov/bills/text.php?number=SR4&session=ls91&version=latest&session_number=3&session_year=2020
1376110,2204607,text,430,text/html,Draft,https://legiscan.com/MN/text/SR5/id/2204607,https://www.revisor.mn.gov/bills/text.php?number=SR5&session=ls91&version=latest&session_number=3&session_year=2020
1376080,2204579,text,430,text/html,Draft,https://legiscan.com/MN/text/SR6/id/2204579,https://www.revisor.mn.gov/bills/text.php?number=SR6&session=ls91&version=latest&session_number=3&session_year=2020
1376123,2204619,text,1323,text/html,Draft,https://legiscan.com/MN/text/SR7/id/2204619,https://www.revisor.mn.gov/bills/text.php?number=SR7&session=ls91&version=latest&session_number=3&session_year=2020
1376070,2204564,text,4306,text/html,Draft,https://legiscan.com/MN/text/SC1/id/2204564,https://www.revisor.mn.gov/bills/text.php?number=SC1&session=ls91&version=latest&session_number=3&session_year=2020
