bill_id,date,chamber,sequence,action
1376052,2020-08-12,Senate,1,"Introduction and first reading"
1376052,2020-08-12,Senate,2,"Referred to Rules and Administration"
1376053,2020-08-12,Senate,1,"Introduction and first reading"
1376053,2020-08-12,Senate,2,"Referred to Rules and Administration"
1376054,2020-08-12,Senate,1,Introduction
1376054,2020-08-12,Senate,2,"Adopted (voice vote)"
1376055,2020-08-12,Senate,1,"Introduction and first reading"
1376055,2020-08-12,Senate,2,"Referred to Rules and Administration"
1376055,2020-08-12,Senate,3,"Author added Dibble"
1376057,2020-08-12,Senate,1,"Introduction and first reading"
1376057,2020-08-12,Senate,2,"Referred to Rules and Administration"
1376058,2020-08-12,Senate,1,"Introduction and first reading"
1376058,2020-08-12,Senate,2,"Referred to Rules and Administration"
1376059,2020-08-12,Senate,1,"Introduction and first reading"
1376059,2020-08-12,Senate,2,"By Motion, Laid on Table"
1376059,2020-08-12,Senate,3,"Taken from table"
1376059,2020-08-12,Senate,4,"Urgency declared rules suspended"
1376059,2020-08-12,Senate,5,"Second reading"
1376059,2020-08-12,Senate,6,"Third reading Passed as amended"
1376059,2020-08-12,Senate,7,"Returned from House"
1376059,2020-08-12,House,8,"Received from Senate"
1376059,2020-08-12,House,9,"Senate file first reading"
1376059,2020-08-12,House,10,"Motion to suspend rules"
1376059,2020-08-12,House,11,"Motion prevailed"
1376059,2020-08-12,House,12,"Second reading"
1376059,2020-08-12,House,13,"Third reading"
1376059,2020-08-12,House,14,"Bill was passed"
1376059,2020-08-12,,15,"Presented to Governor"
1376059,2020-08-14,,16,"Governor's action Approval "
1376059,2020-08-14,,17,"Secretary of State Chapter 1 "
1376059,2020-08-14,,18,"Governor approval "
1376059,2020-08-14,,19,"Secretary of State, Filed "
1376060,2020-08-12,Senate,1,"Introduction and first reading"
1376060,2020-08-12,Senate,2,"Referred to Rules and Administration"
1376063,2020-08-12,Senate,1,"Introduction and first reading"
1376063,2020-08-12,Senate,2,"Referred to Rules and Administration"
1376064,2020-08-12,Senate,1,"Introduction and first reading"
1376064,2020-08-12,Senate,2,"Referred to Rules and Administration"
1376064,2020-08-12,Senate,3,"Authors added Eaton; Latz; Dibble; Hoffman"
1376065,2020-08-12,Senate,1,"Introduction and first reading"
1376065,2020-08-12,Senate,2,"Referred to Rules and Administration"
1376068,2020-08-12,Senate,1,"Introduction and first reading"
1376068,2020-08-12,Senate,2,"Referred to Rules and Administration"
1376069,2020-08-12,Senate,1,"Introduction and first reading"
1376069,2020-08-12,Senate,2,"By Motion, Laid on Table"
1376070,2020-08-12,Senate,1,Introduction
1376070,2020-08-12,Senate,2,"Motion did not prevail to amend"
1376070,2020-08-12,Senate,3,Adopted
1376071,2020-08-12,Senate,1,Introduction
1376071,2020-08-12,Senate,2,Adopted
1376077,2020-08-12,House,1,"Introduction and first reading, referred to Education Policy"
1376078,2020-08-12,Senate,1,"Introduction and first reading"
1376078,2020-08-12,Senate,2,"Referred to Rules and Administration"
1376079,2020-08-12,House,1,"Introduction and first reading, referred to Corrections Division"
1376080,2020-08-12,Senate,1,Introduction
1376080,2020-08-12,Senate,2,"Referred to Rules and Administration"
1376081,2020-08-12,Senate,1,"Introduction and first reading"
1376081,2020-08-12,Senate,2,"Referred to Rules and Administration"
1376082,2020-08-12,Senate,1,"Introduction and first reading"
1376082,2020-08-13,Senate,2,"By Motion, Laid on Table"
1376084,2020-08-12,Senate,1,"Introduction and first reading"
1376084,2020-08-12,Senate,2,"Referred to Rules and Administration"
1376085,2020-08-12,House,1,"Introduction and first reading, referred to Corrections Division"
1376085,2020-08-12,House,2,"Author added Sundin"
1376086,2020-08-12,House,1,"Introduction and first reading, referred to Ways and Means"
1376086,2020-08-12,House,2,"Authors added Brand, Moller, Acomb, Masin, Lueck"
1376087,2020-08-12,House,1,"Introduction and first reading, referred to Government Operations"
1376089,2020-08-12,House,1,"Introduction and first reading, referred to Veterans and Military Affairs Finance and Policy Division"
1376090,2020-08-12,House,1,"Introduction and first reading, referred to Ways and Means"
1376090,2020-08-12,House,2,"Authors added Lillie, Fischer"
1376091,2020-08-12,House,1,"Introduction and first reading, referred to Education Policy"
1376093,2020-08-12,House,1,"Introduction and first reading, referred to Health and Human Services Finance Division"
1376095,2020-08-12,Senate,1,"Introduction and first reading"
1376095,2020-08-12,Senate,2,"Referred to Rules and Administration"
1376098,2020-08-12,House,1,"Introduction and first reading, referred to Education Policy"
1376100,2020-08-12,House,1,"Introduction and first reading, referred to Ways and Means"
1376101,2020-08-12,Senate,1,"Introduction and first reading"
1376101,2020-08-12,Senate,2,"Referred to Rules and Administration"
1376102,2020-08-12,House,1,"Introduction and first reading, referred to Health and Human Services Finance Division"
1376103,2020-08-12,Senate,1,"Introduction and first reading"
1376103,2020-08-12,Senate,2,"By Motion, Laid on Table"
1376103,2020-08-12,Senate,3,"Taken from table"
1376103,2020-08-12,Senate,4,"Urgency declared rules suspended"
1376103,2020-08-12,Senate,5,"Second reading"
1376103,2020-08-12,Senate,6,"Third reading Passed"
1376105,2020-08-12,House,1,"Introduction and first reading, referred to Government Operations"
1376105,2020-08-12,House,2,"Author added Masin"
1376106,2020-08-12,House,1,"Introduction and first reading, referred to Ways and Means"
1376106,2020-08-12,House,2,"Author added Morrison"
1376107,2020-08-12,House,1,"Introduction and first reading, referred to Property and Local Tax Division"
1376108,2020-08-12,House,1,"Introduction and first reading, referred to Environment and Natural Resources Policy"
1376109,2020-08-12,House,1,"Introduction and first reading, referred to Public Safety and Criminal Justice Reform Finance and Policy Division"
1376109,2020-08-12,House,2,"Motion to recall"
1376109,2020-08-12,House,3,"Motion prevailed"
1376109,2020-08-12,House,4,"Motion to suspend rules"
1376109,2020-08-12,House,5,"Motion prevailed"
1376109,2020-08-12,House,6,"Second reading"
1376109,2020-08-12,House,7,"Third reading"
1376109,2020-08-12,House,8,"Bill was passed"
1376109,2020-08-12,Senate,9,"Received from House"
1376109,2020-08-12,Senate,10,"Introduction and first reading"
1376109,2020-08-12,Senate,11,"Urgency declared rules suspended"
1376109,2020-08-12,Senate,12,"Second reading"
1376109,2020-08-12,Senate,13,"Third reading Passed"
1376109,2020-08-12,,14,"Presented to Governor"
1376109,2020-08-14,,15,"Governor approval "
1376109,2020-08-14,,16,"Secretary of State, Filed "
1376109,2020-08-14,,17,"Governor's action Approval "
1376109,2020-08-14,,18,"Secretary of State Chapter 2 "
1376110,2020-08-12,Senate,1,Introduction
1376110,2020-08-12,Senate,2,"Referred to Rules and Administration"
1376112,2020-08-12,Senate,1,"Introduction and first reading"
1376112,2020-08-12,Senate,2,"Referred to Rules and Administration"
1376113,2020-08-12,House,1,"Introduction and first reading, referred to Government Operations"
1376114,2020-08-12,House,1,"Introduction and first reading, referred to Health and Human Services Policy"
1376116,2020-08-12,Senate,1,Introduction
1376116,2020-08-12,Senate,2,"Referred to Rules and Administration"
1376119,2020-08-12,House,1,"Introduction and first reading, referred to Capital Investment Division"
1376120,2020-08-12,House,1,"Introduction and first reading, referred to Jobs and Economic Development Finance Division"
1376121,2020-08-12,Senate,1,"Introduction and first reading"
1376121,2020-08-12,Senate,2,"Referred to Rules and Administration"
1376123,2020-08-12,Senate,1,Introduction
1376123,2020-08-12,Senate,2,"Adopted (voice vote)"
1376124,2020-08-12,House,1,"Introduction and first reading, referred to Ways and Means"
1376125,2020-08-12,Senate,1,"Introduction and first reading"
1376125,2020-08-12,Senate,2,"Referred to Rules and Administration"
1376126,2020-08-12,House,1,"Introduction and first reading, referred to Health and Human Services Policy"
1376127,2020-08-12,House,1,"Introduction and first reading, referred to Judiciary Finance and Civil Law Division"
1376128,2020-08-12,House,1,"Introduction and first reading, referred to Government Operations"
1376129,2020-08-12,House,1,"Introduction and first reading, referred to Health and Human Services Policy"
1376131,2020-08-12,House,1,"Introduction and first reading, referred to Government Operations"
1376133,2020-08-12,House,1,"Introduction and first reading, referred to Judiciary Finance and Civil Law Division"
1376135,2020-08-12,Senate,1,"Introduction and first reading"
1376135,2020-08-12,Senate,2,"Referred to Rules and Administration"
1376137,2020-08-12,Senate,1,"Introduction and first reading"
1376137,2020-08-12,Senate,2,"Referred to Rules and Administration"
1376139,2020-08-12,Senate,1,Introduction
1376139,2020-08-12,Senate,2,"Referred to Rules and Administration"
1376140,2020-08-12,House,1,"Introduction and first reading, referred to Ways and Means"
1376140,2020-08-12,House,2,"Authors added Morrison, Fischer"
1376143,2020-08-12,House,1,"Resolution introduced"
1376143,2020-08-12,House,2,"Motion to suspend rules"
1376143,2020-08-12,House,3,"Motion did not prevail"
1376143,2020-08-12,House,4,"Resolution referred to Rules and Legislative Administration"
