bill_id,roll_call_id,date,chamber,description,yea,nay,nv,absent,total
1376059,975888,2020-08-12,House,"House: FIRST READING OF SENATE BILLS",130,1,0,0,131
1376059,975889,2020-08-12,House,"House: FIRST READING OF SENATE BILLS",129,1,0,0,130
1376070,975981,2020-08-12,Senate,"Senate: Adopted",14,53,0,0,67
1376070,975982,2020-08-12,Senate,"Senate: Motion did not prevail to amend",14,53,0,0,67
1376071,976023,2020-08-12,Senate,"Senate: Adopted",65,0,0,0,65
1376103,975721,2020-08-12,Senate,"Senate: Third reading Passed",67,0,0,0,67
1376109,975711,2020-08-12,Senate,"Senate: Third reading Passed",61,6,0,0,67
1376109,976123,2020-08-12,House,"House: MOTIONS AND RESOLUTIONS",123,6,0,0,129
1376109,976124,2020-08-12,House,"House: MOTIONS AND RESOLUTIONS",121,10,0,0,131
1376143,978573,2020-08-12,House,"House: MOTIONS AND RESOLUTIONS",61,71,0,0,132
