bill_id,roll_call_id,date,chamber,description,yea,nay,nv,absent,total
667112,485199,2015-01-06,Senate,"Senate: Adopted",66,0,0,0,66
667307,485200,2015-01-06,Senate,"Senate: Adopted",66,0,0,0,66
667344,485201,2015-01-06,Senate,"Senate: Adopted",66,0,0,0,66
667387,485202,2015-01-06,Senate,"Senate: Adopted",63,3,0,0,66
667508,485203,2015-01-06,Senate,"Senate: Adopted",66,0,0,0,66
669724,407811,2015-03-09,House,"House: Passage",129,0,0,0,129
669724,485204,2015-05-13,Senate,"Senate: Third reading Passed",62,0,0,0,62
669741,439509,2015-04-27,House,"House: Amendment",68,56,0,0,124
669741,439510,2015-04-27,House,"House: Amendment",122,2,0,0,124
669741,439511,2015-04-27,House,"House: Re-Referral",56,68,0,0,124
669741,439512,2015-04-27,House,"House: Passage",72,55,0,0,127
669741,447382,2015-05-17,House,"House: Refuse to Adopt",59,69,0,0,128
669741,447383,2015-05-17,House,"House: Adoption",70,58,0,0,128
669741,447384,2015-05-17,House,"House: Repassage",71,57,0,0,128
669741,485195,2015-04-20,Senate,"Senate: Third reading Passed",28,35,0,0,63
669741,485196,2015-05-17,Senate,"Senate: Third reading",57,8,0,0,65
669770,384247,2015-01-12,House,"House: Suspension of Rules",55,76,0,0,131
669770,429683,2015-04-09,House,"House: Recall and Re-refer",58,69,0,0,127
669770,432205,2015-01-12,House,"House: Suspension of Rules",1,1,0,0,2
669796,400165,2015-02-23,House,"House: Passage",130,0,0,0,130
669796,485205,2015-03-12,Senate,"Senate: Third reading Passed",60,0,0,0,60
669832,386263,2015-01-26,House,"House: Passage",132,0,0,0,132
669832,485206,2015-01-22,Senate,"Senate: Third reading Passed",65,0,0,0,65
669975,436094,2015-04-21,House,"House: Amendment",59,73,0,0,132
669975,436095,2015-04-21,House,"House: Amendment",61,70,0,0,131
669975,436096,2015-04-21,House,"House: Amendment to Amendment",69,62,0,0,131
669975,436097,2015-04-21,House,"House: Amendment to Amendment",60,71,0,0,131
669975,436098,2015-04-21,House,"House: Amendment",60,71,0,0,131
669975,436099,2015-04-21,House,"House: Amendment to Amendment",58,73,0,0,131
669975,436100,2015-04-21,House,"House: Amendment",59,72,0,0,131
669975,436101,2015-04-21,House,"House: Amendment",59,72,0,0,131
669975,436102,2015-04-21,House,"House: Passage",73,59,0,0,132
669975,485190,2015-04-27,Senate,"Senate: Third reading Passed",36,27,0,0,63
670027,403376,2015-03-02,House,"House: Re-Referral",60,70,0,0,130
670027,406274,2015-03-05,House,"House: Amendment to Amendment",132,0,0,0,132
670027,406275,2015-03-05,House,"House: Amendment to Amendment",132,0,0,0,132
670027,406276,2015-03-05,House,"House: Amendment to Amendment",69,62,0,0,131
670027,406277,2015-03-05,House,"House: Amendment to Amendment",71,62,0,0,133
670027,406278,2015-03-05,House,"House: Amendment",133,0,0,0,133
670027,406279,2015-03-05,House,"House: Amendment",133,0,0,0,133
670027,406280,2015-03-05,House,"House: Amendment",62,71,0,0,133
670027,406281,2015-03-05,House,"House: Amendment",12,120,0,0,132
670027,406282,2015-03-05,House,"House: Amendment to Amendment",64,69,0,0,133
670027,406283,2015-03-05,House,"House: Amendment to Amendment",56,77,0,0,133
670027,406284,2015-03-05,House,"House: Amendment to Amendment",62,71,0,0,133
670027,406285,2015-03-05,House,"House: Amendment",61,72,0,0,133
670027,406286,2015-03-05,House,"House: Amendment",60,73,0,0,133
670027,406287,2015-03-05,House,"House: Amendment",62,71,0,0,133
670027,406288,2015-03-05,House,"House: Passage",70,63,0,0,133
670134,384307,2015-01-15,House,"House: ",129,0,0,0,129
670134,485207,2015-01-22,Senate,"Senate: Third reading Passed",63,0,0,0,63
672854,446763,2015-05-14,House,"House: Passage",126,3,0,0,129
672854,447385,2015-05-17,House,"House: Adoption",87,43,0,0,130
672854,447386,2015-05-17,House,"House: Repassage",96,35,0,0,131
672854,485208,2015-05-07,Senate,"Senate: Third reading Passed",41,19,0,0,60
672854,485209,2015-05-07,Senate,"Senate: Motion did not prevail to lay bill on the table",19,33,0,0,52
672854,485210,2015-05-17,Senate,"Senate: Third reading",55,11,0,0,66
672854,485353,2015-05-15,Senate,"Senate: Senate not concur, conference committee of 3 requested",45,18,0,0,63
673141,485211,2015-01-15,Senate,"Senate: Adopted",61,0,0,0,61
673365,403410,2015-03-02,House,"House: Passage",130,0,0,0,130
673796,542603,2016-05-04,House,"House: Passage",120,0,0,0,120
673796,545156,2016-05-11,Senate,"Senate: Third reading Passed",61,0,0,0,61
678280,444177,2015-05-07,House,"House: Passage",127,0,0,0,127
678280,485212,2015-05-12,Senate,"Senate: Third reading Passed",63,1,0,0,64
680188,485213,2015-05-17,Senate,"Senate: Third reading Passed",55,6,0,0,61
680188,485354,2015-05-17,Senate,"Senate: Taken from table",39,24,0,0,63
680211,485214,2015-04-13,Senate,"Senate: Third reading Passed",59,2,0,0,61
680211,543036,2016-05-05,House,"House: Passage",129,0,0,0,129
680211,543995,2016-05-09,Senate,"Senate: Third reading",59,0,0,0,59
680244,442421,2015-05-01,House,"House: Passage",123,0,0,0,123
680244,485215,2015-04-21,Senate,"Senate: Third reading Passed",60,4,0,0,64
680432,485216,2015-03-23,Senate,"Senate: Third reading Passed",63,0,0,0,63
680567,485217,2015-03-04,Senate,"Senate: Third reading Passed",62,0,0,0,62
683634,398420,2015-02-19,House,"House: Amendment to Amendment",99,27,0,0,126
683634,398421,2015-02-19,House,"House: Passage",106,21,0,0,127
683634,402320,2015-02-26,House,"House: Repassage",108,20,0,0,128
683634,485218,2015-02-12,Senate,"Senate: Third reading Passed",49,16,0,0,65
683634,485219,2015-02-26,Senate,"Senate: Third reading Passed",35,29,0,0,64
683674,485220,2015-03-23,Senate,"Senate: Third reading Passed",61,0,0,0,61
683674,517537,2016-03-08,House,"House: Suspension of Rules",71,59,0,0,130
683674,521385,2016-03-17,House,"House: Amendment",50,79,0,0,129
683674,521386,2016-03-17,House,"House: Passage",104,25,0,0,129
683674,522765,2016-03-21,Senate,"Senate: Senate not concur, conference committee of 5 requested",40,25,0,0,65
683986,447389,2015-05-15,House,"House: Passage",126,0,0,0,126
683986,447773,2015-05-18,House,"House: Repassage",134,0,0,0,134
683986,485221,2015-05-17,Senate,"Senate: Third reading",37,27,0,0,64
686258,410458,2015-03-12,House,"House: Passage",125,1,0,0,126
686258,485222,2015-04-30,Senate,"Senate: Third reading Passed",58,0,0,0,58
686386,402518,2015-02-26,House,"House: Passage",128,0,0,0,128
686386,445398,2015-05-11,House,"House: Repassage",94,32,0,0,126
686386,485223,2015-05-05,Senate,"Senate: Third reading Passed",63,0,0,0,63
686724,446927,2015-05-14,House,"House: Passage",122,6,0,0,128
686724,485224,2015-05-07,Senate,"Senate: Third reading Passed",56,8,0,0,64
687035,485225,2015-05-05,Senate,"Senate: Third reading Passed",60,0,0,0,60
687099,485226,2015-05-06,Senate,"Senate: Third reading Passed",64,0,0,0,64
690126,447118,2015-05-14,House,"House: Passage",116,15,0,0,131
690126,485227,2015-05-11,Senate,"Senate: Third reading Passed",50,13,0,0,63
690189,447421,2015-05-15,House,"House: Passage",125,0,0,0,125
690189,485228,2015-04-30,Senate,"Senate: Third reading Passed",59,0,0,0,59
692353,429538,2015-04-09,House,"House: Passage",126,0,0,0,126
692353,443543,2015-05-06,House,"House: Repassage",129,0,0,0,129
692353,485229,2015-04-28,Senate,"Senate: Third reading Passed",59,0,0,0,59
692448,442415,2015-04-30,House,"House: Amendment",58,70,0,0,128
692448,442416,2015-04-30,House,"House: Amendment",61,68,0,0,129
692448,442417,2015-04-30,House,"House: Amendment",60,69,0,0,129
692448,442418,2015-04-30,House,"House: Amendment",60,69,0,0,129
692448,442419,2015-04-30,House,"House: Passage",97,31,0,0,128
692448,447917,2015-05-18,House,"House: Adoption",116,17,0,0,133
692448,447918,2015-05-18,House,"House: Repassage",123,11,0,0,134
692448,485230,2015-05-07,Senate,"Senate: Third reading Passed",44,9,0,0,53
692635,442379,2015-04-30,House,"House: Passage",91,38,0,0,129
693104,429682,2015-04-09,House,"House: Passage",127,0,0,0,127
693104,446786,2015-05-14,House,"House: Repassage",130,0,0,0,130
693104,485231,2015-05-11,Senate,"Senate: Third reading Passed",63,0,0,0,63
693104,485232,2015-05-15,Senate,"Senate: Third reading",60,0,0,0,60
696096,485233,2015-03-04,Senate,"Senate: Third reading Passed",62,0,0,0,62
698308,434231,2015-04-16,House,"House: Passage",92,38,0,0,130
698371,443763,2015-05-06,House,"House: Passage",129,0,0,0,129
698371,485234,2015-05-13,Senate,"Senate: Third reading Passed",62,0,0,0,62
698563,408759,2015-03-10,House,"House: Recall and Re-refer",55,73,0,0,128
703309,485235,2015-01-29,Senate,"Senate: Adopted",61,0,0,0,61
703309,485236,2015-01-29,Senate,"Senate: Introduction",61,0,0,0,61
703505,485237,2015-05-12,Senate,"Senate: Third reading Passed",61,2,0,0,63
703523,443461,2015-05-05,House,"House: Passage",127,0,0,0,127
703523,485238,2015-04-28,Senate,"Senate: Third reading Passed",63,0,0,0,63
703615,485239,2015-05-13,Senate,"Senate: Third reading Passed",61,0,0,0,61
703698,485240,2015-04-23,Senate,"Senate: Third reading Passed",44,20,0,0,64
704849,403483,2015-03-02,House,"House: Passage",130,0,0,0,130
704849,485241,2015-03-26,Senate,"Senate: Third reading Passed",63,0,0,0,63
705132,443597,2015-05-05,House,"House: Passage",128,0,0,0,128
705132,485242,2015-05-13,Senate,"Senate: Third reading Passed",62,0,0,0,62
705204,410642,2015-03-12,House,"House: Passage",125,0,0,0,125
705204,485243,2015-05-11,Senate,"Senate: Third reading Passed",62,0,0,0,62
706429,540873,2016-05-02,Senate,"Senate: Third reading Passed",47,14,0,0,61
706429,546260,2016-05-16,House,"House: Amendment to Amendment",15,111,0,0,126
706429,546261,2016-05-16,House,"House: Amendment",18,108,0,0,126
706429,546262,2016-05-16,House,"House: Amendment",62,64,0,0,126
706429,546263,2016-05-16,House,"House: Amendment",12,115,0,0,127
706429,546264,2016-05-16,House,"House: Amendment to Amendment",29,97,0,0,126
706429,546265,2016-05-16,House,"House: Amendment to Amendment",41,85,0,0,126
706429,546266,2016-05-16,House,"House: Amendment",51,76,0,0,127
706429,546267,2016-05-16,House,"House: Amendment",27,100,0,0,127
706429,546268,2016-05-16,House,"House: Passage",95,33,0,0,128
706429,547302,2016-05-21,Senate,"Senate: Third reading",41,17,0,0,58
706429,547700,2016-05-21,House,"House: Repassage",96,34,0,0,130
706536,447418,2015-05-15,House,"House: Passage",125,0,0,0,125
706536,485244,2015-04-21,Senate,"Senate: Third reading Passed",63,0,0,0,63
706674,485245,2015-04-30,Senate,"Senate: Third reading Passed",59,0,0,0,59
706716,447399,2015-05-15,House,"House: Passage",126,0,0,0,126
706716,447400,2015-05-17,House,"House: Repassage",131,0,0,0,131
706716,485246,2015-05-11,Senate,"Senate: Third reading Passed",39,28,0,0,67
706716,485247,2015-05-17,Senate,"Senate: Third reading",65,0,0,0,65
706716,485355,2015-05-16,Senate,"Senate: Senate not concur, conference committee of 3 requested",34,23,0,0,57
706813,444935,2015-05-08,House,"House: Passage",117,0,0,0,117
706813,485248,2015-04-30,Senate,"Senate: Third reading Passed",58,1,0,0,59
707983,442398,2015-05-01,House,"House: Passage",125,0,0,0,125
707983,485249,2015-05-17,Senate,"Senate: Third reading Passed",59,0,0,0,59
708110,402501,2015-02-26,House,"House: Passage",129,0,0,0,129
708110,485250,2015-04-30,Senate,"Senate: Third reading Passed",57,0,0,0,57
708263,446482,2015-05-13,House,"House: Passage",131,0,0,0,131
712220,485251,2015-05-08,Senate,"Senate: Third reading Passed",53,2,0,0,55
712264,411971,2015-03-16,House,"House: Passage",128,0,0,0,128
712264,485252,2015-03-04,Senate,"Senate: Third reading Passed",63,0,0,0,63
712791,547272,2016-05-19,Senate,"Senate: Third reading Passed",61,1,0,0,62
712791,547351,2016-05-22,House,"House: Amendment",61,68,0,0,129
712791,547352,2016-05-22,House,"House: Amendment",59,73,0,0,132
712791,547353,2016-05-22,House,"House: Passage",129,3,0,0,132
713190,547253,2016-05-19,House,"House: Passage",69,64,0,0,133
713190,547395,2016-05-22,Senate,"Senate: Reconsidered",50,13,0,0,63
713190,547396,2016-05-22,Senate,"Senate: Third reading Passed",53,12,0,0,65
713190,547397,2016-05-22,House,"House: ",57,75,0,0,132
713190,547398,2016-05-22,House,"House: ",91,39,0,0,130
713459,414084,2015-03-19,House,"House: ",68,60,0,0,128
713459,414085,2015-03-19,House,"House: Suspension of Rules",57,67,0,0,124
715000,485253,2015-04-28,Senate,"Senate: Third reading Passed",50,14,0,0,64
715011,485254,2015-05-05,Senate,"Senate: Third reading Passed",48,15,0,0,63
715034,485255,2015-03-25,Senate,"Senate: Third reading Passed",60,0,0,0,60
715132,446989,2015-05-14,House,"House: Passage",130,0,0,0,130
715132,485256,2015-05-07,Senate,"Senate: Third reading Passed",58,0,0,0,58
715215,447392,2015-05-16,House,"House: Amendment",72,57,0,0,129
715215,447393,2015-05-16,House,"House: Amendment to Amendment",70,60,0,0,130
715215,447394,2015-05-16,House,"House: Amendment",86,43,0,0,129
715215,447395,2015-05-16,House,"House: Passage",100,30,0,0,130
715215,448244,2015-05-18,House,"House: Repassage",106,26,0,0,132
715215,485257,2015-05-11,Senate,"Senate: Third reading Passed",44,19,0,0,63
715215,485258,2015-05-18,Senate,"Senate: Third reading",65,0,0,0,65
715631,438939,2015-04-23,House,"House: Motion to strike from",59,69,0,0,128
715732,434004,2015-04-16,House,"House: Amendment",45,85,0,0,130
715732,434005,2015-04-16,House,"House: Amendment",45,85,0,0,130
715732,434006,2015-04-16,House,"House: Passage",88,42,0,0,130
721423,485259,2015-05-12,Senate,"Senate: Third reading Passed",66,0,0,0,66
723065,435069,2015-04-20,House,"House: Recall and Re-refer",71,59,0,0,130
723065,439010,2015-04-24,House,"House: Amendment",53,78,0,0,131
723065,439011,2015-04-24,House,"House: Amendment",55,76,0,0,131
723065,439012,2015-04-24,House,"House: Amendment",52,79,0,0,131
723065,439013,2015-04-24,House,"House: Amendment",62,68,0,0,130
723065,439014,2015-04-24,House,"House: Amendment to Amendment",116,13,0,0,129
723065,439015,2015-04-24,House,"House: Amendment",56,74,0,0,130
723065,439016,2015-04-24,House,"House: Amendment",52,78,0,0,130
723065,439017,2015-04-24,House,"House: Amendment",54,76,0,0,130
723065,439018,2015-04-24,House,"House: Suspension of Rule 3.33",95,34,0,0,129
723065,439019,2015-04-24,House,"House: Amendment",114,16,0,0,130
723065,439020,2015-04-24,House,"House: Passage",78,52,0,0,130
723065,447840,2015-05-18,House,"House: Adoption",81,52,0,0,133
723065,447841,2015-05-18,House,"House: Repassage",83,50,0,0,133
723065,485188,2015-04-30,Senate,"Senate: Third reading Passed",37,25,0,0,62
723065,485189,2015-05-18,Senate,"Senate: Third reading",37,28,0,0,65
723205,433956,2015-04-16,House,"House: Passage",110,19,0,0,129
723267,412007,2015-03-16,House,"House: Passage",128,0,0,0,128
723267,434213,2015-04-16,House,"House: Repassage",130,0,0,0,130
723267,485260,2015-04-09,Senate,"Senate: Third reading Passed as amended",60,0,0,0,60
723300,439046,2015-04-25,House,"House: Adoption",72,55,0,0,127
723300,441513,2015-04-29,House,"House: Amendment",59,73,0,0,132
723300,441514,2015-04-29,House,"House: Amendment to Amendment",65,68,0,0,133
723300,441515,2015-04-29,House,"House: Amendment to Amendment",65,68,0,0,133
723300,441516,2015-04-29,House,"House: Amendment to Amendment",61,72,0,0,133
723300,441517,2015-04-29,House,"House: Amendment to Amendment",56,76,0,0,132
723300,441518,2015-04-29,House,"House: Amendment to Amendment",61,71,0,0,132
723300,441519,2015-04-29,House,"House: Amendment",61,70,0,0,131
723300,441520,2015-04-29,House,"House: Passage",74,58,0,0,132
723300,442504,2015-04-29,House,"House: Amendment to Amendment",0,132,0,0,132
723300,485197,2015-05-04,Senate,"Senate: Third reading Passed",42,25,0,0,67
723300,547332,2016-05-22,Senate,"Senate: Third reading",55,12,0,0,67
723300,547333,2016-05-22,House,"House: Adoption",87,43,0,0,130
723300,547334,2016-05-22,House,"House: Repassage",123,10,0,0,133
723540,437327,2015-04-22,House,"House: Amendment",85,43,0,0,128
723540,437328,2015-04-22,House,"House: Amendment",52,77,0,0,129
723540,437329,2015-04-22,House,"House: Amendment",58,70,0,0,128
723540,437330,2015-04-22,House,"House: Amendment",64,64,0,0,128
723540,437331,2015-04-22,House,"House: Amendment",47,83,0,0,130
723540,437332,2015-04-22,House,"House: Amendment",56,73,0,0,129
723540,437333,2015-04-22,House,"House: Amendment",56,73,0,0,129
723540,437334,2015-04-22,House,"House: Amendment to Amendment",58,71,0,0,129
723540,437335,2015-04-22,House,"House: Passage",73,56,0,0,129
723738,414136,2015-03-19,House,"House: Passage",130,0,0,0,130
723837,447401,2015-05-16,House,"House: Passage",129,2,0,0,131
723837,485261,2015-05-18,Senate,"Senate: Third reading Passed as amended",54,10,0,0,64
723888,438892,2015-04-23,House,"House: Adoption",69,59,0,0,128
723888,439044,2015-04-25,House,"House: Passage",69,61,0,0,130
723888,447405,2015-05-17,House,"House: Adoption",71,59,0,0,130
723888,447406,2015-05-17,House,"House: Repassage",71,59,0,0,130
723888,485193,2015-04-29,Senate,"Senate: Third reading Passed",39,28,0,0,67
723888,485194,2015-05-18,Senate,"Senate: Third reading",52,14,0,0,66
725743,547161,2016-05-19,Senate,"Senate: Third reading Passed",62,0,0,0,62
725743,547314,2016-05-22,Senate,"Senate: Third reading",65,0,0,0,65
725743,547427,2016-05-22,House,"House: Passage",125,1,0,0,126
725751,485262,2015-05-07,Senate,"Senate: Third reading Passed",61,0,0,0,61
725806,485263,2015-05-07,Senate,"Senate: Third reading Passed",59,0,0,0,59
725903,439027,2015-04-24,House,"House: Amendment",53,76,0,0,129
725903,439028,2015-04-24,House,"House: Amendment",53,76,0,0,129
725903,439029,2015-04-24,House,"House: Amendment",56,73,0,0,129
725903,439030,2015-04-24,House,"House: Amendment",57,72,0,0,129
725903,439031,2015-04-24,House,"House: Amendment to Amendment",74,55,0,0,129
725903,439032,2015-04-24,House,"House: Amendment to Amendment",57,72,0,0,129
725903,439033,2015-04-24,House,"House: Amendment",51,78,0,0,129
725903,439034,2015-04-24,House,"House: Amendment",129,0,0,0,129
725903,439035,2015-04-24,House,"House: Amendment",57,72,0,0,129
725903,439036,2015-04-25,House,"House: Passage",73,55,0,0,128
725903,448072,2015-05-18,House,"House: Adoption",72,61,0,0,133
725903,448073,2015-05-18,House,"House: Repassage",71,61,0,0,132
725903,485264,2015-04-20,Senate,"Senate: Third reading Passed",36,27,0,0,63
725903,485265,2015-05-18,Senate,"Senate: Third reading",45,20,0,0,65
725944,445691,2015-05-12,House,"House: Passage",129,0,0,0,129
725944,485266,2015-04-13,Senate,"Senate: Third reading Passed",59,4,0,0,63
725981,440397,2015-04-28,House,"House: Amendment to Amendment",60,72,0,0,132
725981,440398,2015-04-28,House,"House: Amendment to Amendment",60,72,0,0,132
725981,440399,2015-04-28,House,"House: Amendment to Amendment",63,68,0,0,131
725981,440400,2015-04-28,House,"House: Amendment to Amendment",60,72,0,0,132
725981,440401,2015-04-28,House,"House: Amendment to Amendment",60,72,0,0,132
725981,440402,2015-04-28,House,"House: Amendment",65,69,0,0,134
725981,440403,2015-04-28,House,"House: Passage",115,19,0,0,134
725981,447390,2015-05-17,House,"House: Adoption",108,23,0,0,131
725981,447391,2015-05-17,House,"House: Repassage",116,15,0,0,131
725981,485267,2015-04-23,Senate,"Senate: Third reading Passed",39,22,0,0,61
725981,485268,2015-05-17,Senate,"Senate: Third reading",55,9,0,0,64
726526,443557,2015-05-06,House,"House: Passage",92,34,0,0,126
726526,485269,2015-05-12,Senate,"Senate: Third reading Passed",45,21,0,0,66
728543,442404,2015-05-01,House,"House: Passage",123,2,0,0,125
728543,485270,2015-05-14,Senate,"Senate: Third reading Passed",60,0,0,0,60
728543,533564,2016-04-14,House,"House: Repassage",128,1,0,0,129
728543,537705,2016-04-21,Senate,"Senate: Third reading",58,0,0,0,58
728596,415006,2015-03-23,House,"House: Amendment to Amendment",60,72,0,0,132
728596,415007,2015-03-23,House,"House: Amendment to Amendment",56,77,0,0,133
728596,415008,2015-03-23,House,"House: Amendment",77,56,0,0,133
728596,415009,2015-03-23,House,"House: Passage",78,55,0,0,133
728625,414023,2015-03-19,House,"House: Recall and Re-refer",70,58,0,0,128
728650,443777,2015-05-06,House,"House: Passage",129,0,0,0,129
728650,485271,2015-05-12,Senate,"Senate: Third reading Passed",66,0,0,0,66
728650,545615,2016-05-13,House,"House: Repassage",123,5,0,0,128
728650,545921,2016-05-16,Senate,"Senate: Third reading",62,0,0,0,62
729259,485272,2015-04-28,Senate,"Senate: Third reading Passed",42,19,0,0,61
729350,444101,2015-05-07,House,"House: Passage",85,37,0,0,122
729350,447477,2015-05-16,House,"House: Repassage",124,0,0,0,124
729350,485273,2015-04-21,Senate,"Senate: Third reading Passed",66,0,0,0,66
729350,485274,2015-05-16,Senate,"Senate: Third reading",57,0,0,0,57
730109,542911,2016-05-05,House,"House: Passage",122,6,0,0,128
730109,545584,2016-05-12,Senate,"Senate: Third reading Passed",60,0,0,0,60
730170,530607,2016-04-11,House,"House: Passage",73,56,0,0,129
732324,485275,2015-04-14,Senate,"Senate: Third reading Passed",58,0,0,0,58
732380,544788,2016-05-10,Senate,"Senate: Third reading Passed",56,0,0,0,56
732380,546301,2016-05-17,House,"House: Passage",130,0,0,0,130
732428,518183,2016-03-10,Senate,"Senate: Third reading Passed",62,3,0,0,65
732428,525308,2016-03-24,House,"House: Passage",113,17,0,0,130
732434,447114,2015-05-14,House,"House: Passage",130,0,0,0,130
732434,485276,2015-05-07,Senate,"Senate: Third reading Passed",62,0,0,0,62
732565,485277,2015-04-21,Senate,"Senate: Third reading Passed",63,1,0,0,64
733289,442348,2015-04-30,House,"House: Passage",125,2,0,0,127
733289,485278,2015-05-08,Senate,"Senate: Third reading Passed",54,0,0,0,54
736133,443457,2015-05-05,House,"House: Passage",79,50,0,0,129
736133,485279,2015-05-12,Senate,"Senate: Third reading Passed",65,0,0,0,65
736527,446304,2015-05-13,House,"House: Passage",131,0,0,0,131
736527,485280,2015-05-17,Senate,"Senate: Third reading Passed",61,0,0,0,61
736688,442465,2015-04-30,House,"House: Passage",127,0,0,0,127
736688,485281,2015-04-14,Senate,"Senate: Third reading Passed",57,0,0,0,57
736782,443850,2015-05-06,House,"House: Passage",121,6,0,0,127
736782,485282,2015-04-28,Senate,"Senate: Third reading Passed",40,23,0,0,63
736784,444862,2015-05-08,House,"House: Passage",121,0,0,0,121
736784,485283,2015-04-30,Senate,"Senate: Third reading Passed",61,3,0,0,64
736875,541550,2016-05-03,Senate,"Senate: Third reading Passed",63,1,0,0,64
736875,545855,2016-05-13,House,"House: Amendment",66,58,0,0,124
736875,545856,2016-05-13,House,"House: Passage",94,35,0,0,129
736875,547301,2016-05-20,Senate,"Senate: Third reading",51,0,0,0,51
736875,547675,2016-05-21,House,"House: Repassage",131,0,0,0,131
736903,485284,2015-04-28,Senate,"Senate: Third reading Passed",63,0,0,0,63
737074,443045,2015-05-04,House,"House: Suspension of Rules",59,69,0,0,128
737074,447387,2015-05-16,House,"House: Passage",125,6,0,0,131
737074,485285,2015-04-28,Senate,"Senate: Third reading Passed",59,2,0,0,61
737074,485286,2015-05-17,Senate,"Senate: Third reading",57,0,0,0,57
740664,443495,2015-05-05,House,"House: Passage",128,0,0,0,128
740664,485287,2015-04-09,Senate,"Senate: Third reading Passed",60,0,0,0,60
740664,485288,2015-05-06,Senate,"Senate: Third reading",58,0,0,0,58
740691,443603,2015-05-06,House,"House: Passage",128,0,0,0,128
740691,447476,2015-05-16,House,"House: Repassage",126,0,0,0,126
740691,485289,2015-04-28,Senate,"Senate: Third reading Passed",64,0,0,0,64
740691,485290,2015-05-15,Senate,"Senate: Third reading",59,0,0,0,59
740717,485291,2015-04-28,Senate,"Senate: Third reading Passed",59,2,0,0,61
740754,485292,2015-04-23,Senate,"Senate: Third reading Passed",60,0,0,0,60
740755,485293,2015-05-05,Senate,"Senate: Third reading Passed",59,0,0,0,59
740806,485294,2015-05-06,Senate,"Senate: Third reading Passed",63,0,0,0,63
740843,440597,2015-04-28,House,"House: Amendment",57,75,0,0,132
740843,440598,2015-04-28,House,"House: Amendment",19,113,0,0,132
740843,440599,2015-04-28,House,"House: Amendment",48,84,0,0,132
740843,440600,2015-04-28,House,"House: Passage",127,4,0,0,131
740843,458446,2015-04-28,House,"House: ",113,17,0,0,130
740843,485295,2015-04-16,Senate,"Senate: Third reading Passed",28,35,0,0,63
740843,485296,2015-04-29,Senate,"Senate: Third reading",56,8,0,0,64
741940,415014,2015-03-23,House,"House: Recall and Re-refer",79,52,0,0,131
741945,442459,2015-05-01,House,"House: Passage",124,0,0,0,124
741945,485297,2015-05-06,Senate,"Senate: Third reading Passed",60,0,0,0,60
742012,546098,2016-05-16,House,"House: Passage",128,0,0,0,128
742440,545288,2016-05-11,House,"House: Passage",112,9,0,0,121
742440,546314,2016-05-17,Senate,"Senate: Third reading Passed",45,12,0,0,57
742470,443525,2015-05-06,House,"House: Passage",128,0,0,0,128
742470,447407,2015-05-16,House,"House: Repassage",126,0,0,0,126
742470,485298,2015-05-13,Senate,"Senate: Third reading Passed",59,0,0,0,59
742477,545578,2016-05-12,House,"House: Passage",123,0,0,0,123
742477,547001,2016-05-18,Senate,"Senate: Third reading Passed",55,0,0,0,55
743758,446795,2015-05-14,House,"House: Passage",130,0,0,0,130
743758,485299,2015-05-08,Senate,"Senate: Third reading Passed",52,0,0,0,52
744659,434066,2015-04-16,House,"House: Amendment to Amendment",42,85,0,0,127
744659,434067,2015-04-16,House,"House: Amendment",45,84,0,0,129
744659,434068,2015-04-16,House,"House: Passage",89,40,0,0,129
744669,443725,2015-05-06,House,"House: Passage",128,0,0,0,128
744669,485300,2015-05-12,Senate,"Senate: Third reading Passed",64,0,0,0,64
744682,436805,2015-04-21,House,"House: Suspension of Rules",76,55,0,0,131
744725,442941,2015-05-04,House,"House: Amendment to Amendment",111,15,0,0,126
744725,442942,2015-05-04,House,"House: Amendment",89,37,0,0,126
744725,442943,2015-05-04,House,"House: Amendment",45,82,0,0,127
744725,442944,2015-05-04,House,"House: Passage",110,18,0,0,128
744725,448523,2015-05-18,House,"House: Repassage",75,9,0,0,84
744725,485301,2015-05-18,Senate,"Senate: Third reading Passed",34,29,0,0,63
744725,485302,2015-05-18,Senate,"Senate: Special Order: Amended",30,33,0,0,63
745317,447416,2015-05-15,House,"House: Passage",78,44,0,0,122
745317,485303,2015-05-11,Senate,"Senate: Third reading Passed",64,0,0,0,64
745335,485304,2015-05-11,Senate,"Senate: Third reading Passed",55,9,0,0,64
745430,443564,2015-05-06,House,"House: Passage",128,0,0,0,128
745430,485305,2015-04-21,Senate,"Senate: Third reading Passed",65,0,0,0,65
745430,485306,2015-05-07,Senate,"Senate: Third reading",59,0,0,0,59
745431,447488,2015-05-17,House,"House: Passage",131,0,0,0,131
745431,485307,2015-05-11,Senate,"Senate: Third reading Passed",53,11,0,0,64
745431,485308,2015-05-17,Senate,"Senate: Third reading",53,4,0,0,57
745466,541183,2016-05-02,Senate,"Senate: Third reading Passed",64,0,0,0,64
745466,545614,2016-05-13,House,"House: Passage",129,0,0,0,129
745466,545897,2016-05-16,Senate,"Senate: Third reading",60,0,0,0,60
745471,485309,2015-05-11,Senate,"Senate: Third reading Passed",34,32,0,0,66
745489,442474,2015-04-30,House,"House: Passage",126,1,0,0,127
745489,485310,2015-04-13,Senate,"Senate: Third reading Passed",63,0,0,0,63
745526,540875,2016-05-02,Senate,"Senate: Third reading Passed",63,0,0,0,63
745526,546311,2016-05-17,House,"House: Passage",128,2,0,0,130
745538,544911,2016-05-10,Senate,"Senate: Third reading Passed",51,8,0,0,59
745538,546078,2016-05-16,House,"House: Passage",126,1,0,0,127
745538,547371,2016-05-22,Senate,"Senate: Third reading",60,2,0,0,62
745538,547372,2016-05-22,House,"House: Repassage",115,18,0,0,133
745569,444120,2015-05-07,House,"House: Passage",125,0,0,0,125
745569,485311,2015-04-30,Senate,"Senate: Third reading Passed",62,0,0,0,62
745628,485312,2015-05-05,Senate,"Senate: Third reading Passed",58,0,0,0,58
745677,447080,2015-05-14,House,"House: Passage",129,0,0,0,129
746591,485313,2015-03-19,Senate,"Senate: Motion did not prevail to withdraw and place on General Orders",28,37,0,0,65
746611,485314,2015-04-29,Senate,"Senate: Third reading Passed",53,13,0,0,66
746614,445617,2015-05-12,House,"House: Passage",127,2,0,0,129
746614,485315,2015-05-05,Senate,"Senate: Third reading Passed",60,0,0,0,60
746656,442424,2015-05-01,House,"House: Passage",125,0,0,0,125
746656,485316,2015-04-21,Senate,"Senate: Third reading Passed",66,0,0,0,66
746666,446386,2015-05-13,House,"House: Passage",113,18,0,0,131
746666,485317,2015-05-06,Senate,"Senate: Third reading Passed",61,3,0,0,64
746743,485318,2015-04-21,Senate,"Senate: Third reading Passed",65,0,0,0,65
746772,443518,2015-05-05,House,"House: Passage",129,0,0,0,129
746772,485319,2015-04-28,Senate,"Senate: Third reading Passed",62,1,0,0,63
746827,544957,2016-05-11,Senate,"Senate: Third reading Passed",52,6,0,0,58
746866,440766,2015-04-28,House,"House: Re-Referral",62,72,0,0,134
746866,440767,2015-04-28,House,"House: Amendment",76,57,0,0,133
746866,440768,2015-04-28,House,"House: Amendment",76,57,0,0,133
746866,440769,2015-04-28,House,"House: Amendment",133,0,0,0,133
746866,440770,2015-04-28,House,"House: Amendment",61,72,0,0,133
746866,440771,2015-04-28,House,"House: Amendment",60,72,0,0,132
746866,440772,2015-04-28,House,"House: Amendment",65,67,0,0,132
746866,440773,2015-04-29,House,"House: Passage",72,60,0,0,132
746866,442500,2015-04-28,House,"House: Amendment",0,133,0,0,133
746866,447396,2015-05-17,House,"House: Adoption",86,43,0,0,129
746866,447397,2015-05-17,House,"House: Repassage",99,31,0,0,130
746866,485191,2015-04-24,Senate,"Senate: Third reading Passed",23,37,0,0,60
746866,485192,2015-05-17,Senate,"Senate: Third reading",49,16,0,0,65
746891,485320,2015-04-30,Senate,"Senate: Third reading Passed",55,0,0,0,55
747304,443627,2015-05-05,House,"House: Passage",129,0,0,0,129
747304,485321,2015-05-13,Senate,"Senate: Third reading Passed",59,0,0,0,59
747464,436609,2015-04-21,House,"House: Suspension of Rules",63,68,0,0,131
747651,533485,2016-04-14,House,"House: Passage",129,0,0,0,129
747651,538238,2016-04-25,Senate,"Senate: Third reading Passed",59,0,0,0,59
747762,445210,2015-05-11,House,"House: Amendment",59,68,0,0,127
747762,445211,2015-05-11,House,"House: Passage",102,25,0,0,127
747762,485322,2015-05-14,Senate,"Senate: Third reading Passed",64,0,0,0,64
747855,444861,2015-05-08,House,"House: Passage",121,0,0,0,121
747855,447726,2015-05-18,House,"House: Repassage",134,0,0,0,134
747855,485323,2015-05-17,Senate,"Senate: Third reading Passed as amended",33,30,0,0,63
747855,485324,2015-05-18,Senate,"Senate: Third reading Passed as amended",61,1,0,0,62
749128,485325,2015-04-30,Senate,"Senate: Third reading Passed",58,0,0,0,58
749166,434727,2015-04-20,House,"House: Passage",129,0,0,0,129
749166,485326,2015-03-25,Senate,"Senate: Third reading Passed",60,0,0,0,60
749223,447388,2015-05-17,House,"House: Passage",70,59,0,0,129
749223,447738,2015-05-18,House,"House: Refuse to Adopt",61,72,0,0,133
749223,447739,2015-05-18,House,"House: Repassage",76,58,0,0,134
749223,485327,2015-04-27,Senate,"Senate: Third reading Passed",42,20,0,0,62
749223,485328,2015-05-18,Senate,"Senate: Third reading",65,0,0,0,65
749282,446940,2015-05-14,House,"House: Passage",105,25,0,0,130
749282,485329,2015-05-07,Senate,"Senate: Third reading Passed",49,0,0,0,49
749370,522305,2016-03-21,Senate,"Senate: Third reading Passed",63,2,0,0,65
749370,525854,2016-03-29,House,"House: Amendment",48,79,0,0,127
749370,525855,2016-03-29,House,"House: Passage",125,2,0,0,127
749370,526363,2016-03-30,Senate,"Senate: Third reading",58,2,0,0,60
749458,485330,2015-05-12,Senate,"Senate: Third reading Passed",62,1,0,0,63
749496,539189,2016-04-26,House,"House: Passage",129,0,0,0,129
749496,541790,2016-05-03,Senate,"Senate: Third reading Passed",63,0,0,0,63
749682,434978,2015-04-20,House,"House: Passage",130,0,0,0,130
749682,447398,2015-05-16,House,"House: Repassage",126,0,0,0,126
749682,485331,2015-05-08,Senate,"Senate: Third reading Passed",54,0,0,0,54
749682,485332,2015-05-17,Senate,"Senate: Third reading",60,0,0,0,60
752095,521384,2016-03-16,House,"House: Recall and Re-refer",56,70,0,0,126
752410,446773,2015-05-14,House,"House: Passage",131,0,0,0,131
752410,485333,2015-04-30,Senate,"Senate: Third reading Passed",49,12,0,0,61
752442,447420,2015-05-16,House,"House: Passage",128,3,0,0,131
752442,485334,2015-05-12,Senate,"Senate: Third reading Passed",64,0,0,0,64
752654,485335,2015-05-06,Senate,"Senate: Third reading Passed",61,0,0,0,61
754901,444909,2015-05-08,House,"House: Passage",118,0,0,0,118
754901,448090,2015-05-18,House,"House: Repassage",107,26,0,0,133
754901,485336,2015-05-13,Senate,"Senate: Third reading Passed",52,10,0,0,62
755013,431173,2015-04-13,House,"House: Recall and Re-refer",59,71,0,0,130
755192,442478,2015-05-01,House,"House: Passage",124,1,0,0,125
755192,485337,2015-05-07,Senate,"Senate: Third reading Passed",61,0,0,0,61
756822,485338,2015-05-06,Senate,"Senate: Third reading Passed",64,0,0,0,64
756841,485339,2015-05-13,Senate,"Senate: Third reading Passed",49,13,0,0,62
757026,443458,2015-05-05,House,"House: Passage",128,0,0,0,128
757026,485340,2015-04-14,Senate,"Senate: Third reading Passed",56,0,0,0,56
757051,485341,2015-05-12,Senate,"Senate: Third reading Passed",54,12,0,0,66
757057,443510,2015-05-05,House,"House: Passage",125,0,0,0,125
757057,485342,2015-04-28,Senate,"Senate: Third reading Passed",59,0,0,0,59
757211,485343,2015-05-07,Senate,"Senate: Third reading Passed",59,4,0,0,63
758773,445614,2015-05-12,House,"House: Passage",121,8,0,0,129
758896,447031,2015-05-14,House,"House: Passage",131,0,0,0,131
758896,485344,2015-05-08,Senate,"Senate: Third reading Passed",52,0,0,0,52
758963,485345,2015-05-12,Senate,"Senate: Third reading Passed",64,0,0,0,64
759219,544000,2016-05-09,House,"House: Passage",90,37,0,0,127
759677,543846,2016-05-09,Senate,"Senate: Third reading Passed",61,0,0,0,61
759677,546494,2016-05-17,House,"House: Passage",130,0,0,0,130
760156,418805,2015-03-26,House,"House: Suspension of Rules",58,71,0,0,129
762137,485346,2015-05-17,Senate,"Senate: Third reading Passed",61,0,0,0,61
762160,447404,2015-05-17,House,"House: Passage",128,0,0,0,128
762160,485347,2015-05-13,Senate,"Senate: Third reading Passed",60,0,0,0,60
762163,485348,2015-04-14,Senate,"Senate: Motion did not prevail to re-refer to Finance, pursuant to Rule 5.1",36,22,0,0,58
767039,485349,2015-04-13,Senate,"Senate: Adopted",10,51,0,0,61
768433,445443,2015-05-11,House,"House: Passage",126,1,0,0,127
768433,485198,2015-05-14,Senate,"Senate: Third reading Passed",60,0,0,0,60
769881,547300,2016-05-20,Senate,"Senate: Third reading Passed",52,0,0,0,52
772162,434190,2015-04-16,House,"House: Suspension of Rules",129,0,0,0,129
772162,434191,2015-04-16,House,"House: Passage",129,0,0,0,129
772162,436193,2015-04-21,House,"House: Refuse to Concur",73,58,0,0,131
772162,441265,2015-04-29,House,"House: Suspension of Joint Rule 2.06",129,0,0,0,129
772162,441266,2015-04-29,House,"House: Repassage",130,0,0,0,130
772162,485350,2015-04-30,Senate,"Senate: Third reading",64,0,0,0,64
772569,441195,2015-04-29,House,"House: Passage",125,0,0,0,125
772569,485351,2015-04-22,Senate,"Senate: Third reading Passed",37,22,0,0,59
776030,545705,2016-05-13,House,"House: Passage",114,15,0,0,129
776030,546701,2016-05-18,Senate,"Senate: Third reading Passed",49,4,0,0,53
776287,442995,2015-05-04,House,"House: Suspension of Rules",56,70,0,0,126
776287,445350,2015-05-11,House,"House: Suspension of Rules",59,68,0,0,127
776287,446313,2015-05-13,House,"House: Suspension of Rules",59,72,0,0,131
776287,446760,2015-05-14,House,"House: Suspension of Rules",62,68,0,0,130
776415,485352,2015-05-13,Senate,"Senate: Motion did not prevail to recall from committee, pursuant to Rule 5.1, and place on General Orders",28,36,0,0,64
839984,527929,2016-04-04,House,"House: Passage",131,0,0,0,131
839984,538027,2016-04-25,Senate,"Senate: Third reading Passed",58,0,0,0,58
840038,545532,2016-05-11,House,"House: Passage",82,47,0,0,129
840074,545392,2016-05-11,House,"House: Passage",125,0,0,0,125
840121,545504,2016-05-12,House,"House: Passage",126,0,0,0,126
840121,546886,2016-05-18,Senate,"Senate: Third reading Passed",57,0,0,0,57
840303,530614,2016-04-11,House,"House: Passage",100,28,0,0,128
840317,545385,2016-05-11,House,"House: Passage",130,0,0,0,130
840317,546874,2016-05-18,Senate,"Senate: Third reading Passed",61,0,0,0,61
840319,547157,2016-05-19,House,"House: Amendment",73,59,0,0,132
840319,547158,2016-05-19,House,"House: Passage",72,61,0,0,133
840372,545824,2016-05-13,House,"House: Passage",127,1,0,0,128
840379,537632,2016-04-21,House,"House: Passage",93,37,0,0,130
840379,542157,2016-05-03,Senate,"Senate: Third reading Passed",47,10,0,0,57
840401,540921,2016-05-02,House,"House: Passage",127,0,0,0,127
840401,544165,2016-05-09,Senate,"Senate: Third reading Passed",62,0,0,0,62
840401,545571,2016-05-12,House,"House: Repassage",127,0,0,0,127
840426,545567,2016-05-11,House,"House: Passage",130,0,0,0,130
840426,546276,2016-05-17,Senate,"Senate: Third reading Passed",61,0,0,0,61
840426,547438,2016-05-21,House,"House: Repassage",130,0,0,0,130
840426,547439,2016-05-22,Senate,"Senate: Third reading",61,0,0,0,61
840463,537373,2016-04-21,House,"House: Passage",130,0,0,0,130
840463,544929,2016-05-11,Senate,"Senate: Third reading Passed",65,0,0,0,65
860839,544530,2016-05-10,Senate,"Senate: Third reading Passed",41,19,0,0,60
860873,538910,2016-04-26,Senate,"Senate: Third reading Passed",37,26,0,0,63
860873,547306,2016-05-21,Senate,"Senate: Third reading",40,21,0,0,61
860873,547528,2016-05-20,House,"House: Passage",118,14,0,0,132
860939,542689,2016-05-04,Senate,"Senate: Third reading Passed",61,0,0,0,61
860939,547422,2016-05-21,House,"House: Passage",125,0,0,0,125
861114,544665,2016-05-10,Senate,"Senate: Third reading Passed",41,21,0,0,62
861161,544060,2016-05-09,Senate,"Senate: Third reading Passed",46,15,0,0,61
861229,539748,2016-04-27,Senate,"Senate: Third reading Passed",60,0,0,0,60
861229,545570,2016-05-12,House,"House: Passage",124,0,0,0,124
861324,538225,2016-04-25,Senate,"Senate: Third reading Passed",60,0,0,0,60
861324,541205,2016-05-02,House,"House: Passage",119,9,0,0,128
861367,539146,2016-04-26,House,"House: Passage",125,1,0,0,126
861367,542515,2016-05-04,Senate,"Senate: Third reading Passed",62,0,0,0,62
861383,539212,2016-04-26,House,"House: Passage",129,0,0,0,129
861383,541798,2016-05-03,Senate,"Senate: Third reading Passed",62,0,0,0,62
861383,546531,2016-05-17,House,"House: Repassage",130,0,0,0,130
861383,546907,2016-05-18,Senate,"Senate: Third reading",49,5,0,0,54
861440,516024,2016-03-08,Senate,"Senate: Adopted",63,3,0,0,66
861486,516031,2016-03-08,Senate,"Senate: Adopted",63,3,0,0,66
861566,538060,2016-04-25,House,"House: Amendment",131,0,0,0,131
861566,538061,2016-04-25,House,"House: Amendment",131,0,0,0,131
861566,538062,2016-04-25,House,"House: Amendment",131,0,0,0,131
861566,538063,2016-04-25,House,"House: Amendment",52,79,0,0,131
861566,538064,2016-04-25,House,"House: Appeal ruling of Speaker",73,55,0,0,128
861566,538065,2016-04-25,House,"House: Passage",84,46,0,0,130
861566,541344,2016-04-28,Senate,"Senate: Third reading Passed",39,24,0,0,63
861566,547403,2016-05-22,Senate,"Senate: Third reading",50,16,0,0,66
861566,547404,2016-05-22,House,"House: Repassage",95,39,0,0,134
861605,516092,2016-03-08,Senate,"Senate: Adopted",65,0,0,0,65
861640,545574,2016-05-11,House,"House: Passage",81,49,0,0,130
861640,547265,2016-05-19,Senate,"Senate: Third reading Passed",51,4,0,0,55
862129,541216,2016-05-02,Senate,"Senate: Third reading Passed",50,15,0,0,65
862129,545476,2016-05-11,House,"House: Passage",113,17,0,0,130
862139,538609,2016-04-25,Senate,"Senate: Third reading Passed",61,0,0,0,61
862139,542662,2016-05-05,House,"House: Passage",130,0,0,0,130
862143,541515,2016-05-02,Senate,"Senate: Third reading Passed",61,0,0,0,61
862143,545569,2016-05-11,House,"House: Passage",130,0,0,0,130
862173,541781,2016-05-03,Senate,"Senate: Third reading Passed",61,0,0,0,61
862173,545852,2016-05-13,House,"House: Passage",129,0,0,0,129
862222,546089,2016-05-16,Senate,"Senate: Third reading Passed",61,0,0,0,61
862272,538608,2016-04-26,Senate,"Senate: Third reading Passed",62,0,0,0,62
862279,538323,2016-04-25,Senate,"Senate: Third reading Passed",60,0,0,0,60
862279,543978,2016-05-09,House,"House: Passage",127,0,0,0,127
862298,533369,2016-04-14,Senate,"Senate: Third reading Passed",61,0,0,0,61
862298,537470,2016-04-21,House,"House: Passage",105,24,0,0,129
862338,541747,2016-05-03,Senate,"Senate: Third reading Passed",27,37,0,0,64
862338,544061,2016-05-09,House,"House: Amendment",55,74,0,0,129
862338,544062,2016-05-09,House,"House: Amendment",54,76,0,0,130
862338,544063,2016-05-09,House,"House: Amendment",57,73,0,0,130
862338,544064,2016-05-09,House,"House: Passage",87,42,0,0,129
862338,547305,2016-05-21,Senate,"Senate: Third reading",45,10,0,0,55
862338,547389,2016-05-21,House,"House: Repassage",100,29,0,0,129
862350,539477,2016-04-27,Senate,"Senate: Third reading Passed",64,0,0,0,64
862350,547308,2016-05-21,Senate,"Senate: Third reading",51,1,0,0,52
862350,547531,2016-05-20,House,"House: Passage",130,0,0,0,130
862360,542181,2016-05-03,Senate,"Senate: Third reading Passed",62,0,0,0,62
862360,544069,2016-05-09,House,"House: Passage",127,0,0,0,127
862369,538221,2016-04-25,Senate,"Senate: Third reading Passed",59,0,0,0,59
862375,542482,2016-05-04,Senate,"Senate: Third reading Passed",60,0,0,0,60
862377,542466,2016-05-04,Senate,"Senate: Third reading Passed",61,0,0,0,61
862377,545860,2016-05-13,House,"House: Passage",129,0,0,0,129
862377,547220,2016-05-19,Senate,"Senate: Third reading",58,0,0,0,58
862377,547221,2016-05-19,House,"House: Repassage",134,0,0,0,134
862381,547194,2016-05-19,Senate,"Senate: Third reading Passed",49,9,0,0,58
862637,539513,2016-04-26,House,"House: Passage",128,0,0,0,128
862637,543136,2016-05-05,Senate,"Senate: Third reading Passed",64,0,0,0,64
862655,537381,2016-04-21,House,"House: Passage",125,2,0,0,127
862655,544755,2016-05-10,Senate,"Senate: Third reading Passed",58,0,0,0,58
862664,541334,2016-05-02,House,"House: Passage",127,0,0,0,127
862664,544096,2016-05-09,Senate,"Senate: Third reading Passed",61,0,0,0,61
862664,545558,2016-05-12,House,"House: Repassage",126,0,0,0,126
862671,542972,2016-05-04,House,"House: Passage",128,0,0,0,128
862671,544706,2016-05-10,Senate,"Senate: Third reading Passed",56,0,0,0,56
862816,545875,2016-05-16,House,"House: Amendment",76,50,0,0,126
862816,545876,2016-05-16,House,"House: Amendment",57,70,0,0,127
862816,545877,2016-05-16,House,"House: Amendment",49,77,0,0,126
862816,545878,2016-05-16,House,"House: Amendment",62,63,0,0,125
862816,545879,2016-05-16,House,"House: Amendment to Amendment",62,61,0,0,123
862816,545880,2016-05-16,House,"House: Amendment",56,69,0,0,125
862816,545881,2016-05-16,House,"House: Amendment",40,86,0,0,126
862816,545882,2016-05-16,House,"House: Amendment",53,73,0,0,126
862816,545883,2016-05-16,House,"House: Amendment",41,85,0,0,126
862816,545884,2016-05-16,House,"House: Passage",85,42,0,0,127
862822,544077,2016-05-09,House,"House: Amendment to Amendment",50,77,0,0,127
862822,544078,2016-05-09,House,"House: Amendment",74,52,0,0,126
862822,544079,2016-05-09,House,"House: Amendment",53,74,0,0,127
862822,544080,2016-05-09,House,"House: Passage",82,45,0,0,127
862822,546730,2016-05-18,Senate,"Senate: Third reading Passed",58,0,0,0,58
862822,547424,2016-05-20,House,"House: Repassage",129,0,0,0,129
862845,527913,2016-04-04,House,"House: Passage",131,0,0,0,131
862845,538098,2016-04-25,Senate,"Senate: Third reading Passed",57,0,0,0,57
862845,540869,2016-05-02,House,"House: Repassage",126,0,0,0,126
862882,546234,2016-05-16,House,"House: Passage",121,6,0,0,127
862882,547219,2016-05-19,Senate,"Senate: Third reading Passed",52,0,0,0,52
862882,547420,2016-05-21,House,"House: Repassage",130,0,0,0,130
863364,545313,2016-05-12,Senate,"Senate: Third reading Passed",57,0,0,0,57
863364,547110,2016-05-19,House,"House: Passage",114,18,0,0,132
863377,546269,2016-05-17,Senate,"Senate: Third reading Passed",61,0,0,0,61
863415,538594,2016-04-26,Senate,"Senate: Third reading Passed",61,0,0,0,61
863450,543118,2016-05-05,Senate,"Senate: Third reading Passed",46,17,0,0,63
863450,547133,2016-05-19,House,"House: Passage",131,2,0,0,133
863461,540866,2016-05-02,Senate,"Senate: Third reading Passed",62,3,0,0,65
863461,546259,2016-05-16,House,"House: Passage",128,0,0,0,128
863467,539947,2016-04-27,Senate,"Senate: Third reading Passed",47,18,0,0,65
863467,546525,2016-05-17,House,"House: Passage",129,0,0,0,129
863471,545910,2016-05-16,Senate,"Senate: Third reading Passed",61,0,0,0,61
863476,545916,2016-05-16,Senate,"Senate: Third reading Passed",51,12,0,0,63
863476,547345,2016-05-20,House,"House: Passage",128,0,0,0,128
863494,546324,2016-05-17,Senate,"Senate: Third reading Passed",62,0,0,0,62
863500,546239,2016-05-16,Senate,"Senate: Third reading Passed",62,0,0,0,62
863516,542494,2016-05-04,Senate,"Senate: Third reading Passed",61,0,0,0,61
863516,546257,2016-05-17,House,"House: Passage",129,0,0,0,129
863536,545248,2016-05-11,Senate,"Senate: Third reading Passed",64,0,0,0,64
863536,547237,2016-05-19,House,"House: Passage",133,0,0,0,133
863548,544131,2016-05-09,Senate,"Senate: Third reading Passed",40,19,0,0,59
863566,539099,2016-04-27,Senate,"Senate: Third reading Passed",51,9,0,0,60
863566,539100,2016-04-27,Senate,"Senate: Third reading Passed",51,9,0,0,60
863577,545551,2016-05-12,Senate,"Senate: Third reading Passed",55,3,0,0,58
863577,547685,2016-05-21,House,"House: Amendment to Amendment",61,65,0,0,126
863577,547686,2016-05-21,House,"House: Amendment",76,49,0,0,125
863577,547687,2016-05-21,House,"House: Passage",80,44,0,0,124
863579,540975,2016-05-02,Senate,"Senate: Third reading Passed",48,15,0,0,63
863579,547689,2016-05-21,House,"House: Passage",104,25,0,0,129
863598,526333,2016-03-30,Senate,"Senate: Third reading Passed",57,4,0,0,61
863598,537518,2016-04-21,House,"House: Passage",93,36,0,0,129
863603,542654,2016-05-04,Senate,"Senate: Third reading Passed",62,0,0,0,62
863607,538521,2016-04-26,Senate,"Senate: Third reading Passed",60,0,0,0,60
863607,545290,2016-05-11,House,"House: Passage",99,28,0,0,127
863607,547154,2016-05-19,Senate,"Senate: Third reading",58,0,0,0,58
863607,547155,2016-05-19,House,"House: Repassage",134,0,0,0,134
864226,534400,2016-04-18,House,"House: Passage",125,0,0,0,125
864226,539522,2016-04-27,Senate,"Senate: Third reading Passed",61,0,0,0,61
864282,534641,2016-04-18,House,"House: Passage",126,0,0,0,126
864282,546706,2016-05-18,Senate,"Senate: Third reading Passed",51,0,0,0,51
864311,527912,2016-04-04,House,"House: Passage",131,0,0,0,131
864319,533420,2016-04-14,House,"House: Passage",129,1,0,0,130
864319,545583,2016-05-12,Senate,"Senate: Third reading Passed",58,0,0,0,58
865143,545550,2016-05-11,House,"House: Passage",124,2,0,0,126
865165,537559,2016-04-21,House,"House: Suspension of Rules",55,71,0,0,126
865184,546668,2016-05-18,House,"House: Passage",75,50,0,0,125
865210,545895,2016-05-16,House,"House: Passage",120,5,0,0,125
865210,547377,2016-05-22,Senate,"Senate: Third reading Passed",35,29,0,0,64
865235,545284,2016-05-11,House,"House: Passage",119,7,0,0,126
865237,537702,2016-04-21,House,"House: Passage",129,0,0,0,129
865237,545486,2016-05-12,Senate,"Senate: Third reading Passed",59,0,0,0,59
865256,542931,2016-05-04,House,"House: Passage",129,3,0,0,132
865268,546862,2016-05-18,House,"House: Passage",80,48,0,0,128
865276,545513,2016-05-12,House,"House: Passage",122,0,0,0,122
865276,546875,2016-05-18,Senate,"Senate: Third reading Passed",43,15,0,0,58
865276,547325,2016-05-22,Senate,"Senate: Third reading Passed",43,18,0,0,61
865276,547326,2016-05-22,Senate,"Senate: Third reading",43,18,0,0,61
865276,547327,2016-05-22,House,"House: Repassage",88,44,0,0,132
865332,527655,2016-03-31,House,"House: Recall and place on General",70,53,0,0,123
865461,526445,2016-03-30,Senate,"Senate: Third reading Passed",62,0,0,0,62
865461,533543,2016-04-14,House,"House: Passage",107,22,0,0,129
865469,542691,2016-05-04,Senate,"Senate: Third reading Passed",20,38,0,0,58
865487,545396,2016-05-12,Senate,"Senate: Third reading Passed",60,0,0,0,60
865487,547282,2016-05-19,House,"House: Passage",133,0,0,0,133
865498,539427,2016-04-27,Senate,"Senate: Third reading Passed",63,0,0,0,63
865498,546729,2016-05-18,House,"House: Passage",126,0,0,0,126
865501,524632,2016-03-24,Senate,"Senate: Third reading Passed",60,0,0,0,60
865501,525289,2016-03-24,House,"House: Passage",129,1,0,0,130
865502,541501,2016-05-03,Senate,"Senate: Third reading Passed",50,10,0,0,60
865502,545634,2016-05-13,House,"House: Amendment to Amendment",44,84,0,0,128
865502,545635,2016-05-13,House,"House: Amendment",70,58,0,0,128
865502,545636,2016-05-13,House,"House: Amendment",72,57,0,0,129
865502,545637,2016-05-13,House,"House: Amendment",59,71,0,0,130
865502,545638,2016-05-13,House,"House: Amendment to Amendment",56,74,0,0,130
865502,545639,2016-05-13,House,"House: Amendment",57,73,0,0,130
865502,545640,2016-05-13,House,"House: Amendment",56,74,0,0,130
865502,545641,2016-05-13,House,"House: Amendment",56,74,0,0,130
865502,545642,2016-05-13,House,"House: Passage",110,19,0,0,129
865502,547342,2016-05-22,Senate,"Senate: Third reading",41,21,0,0,62
865502,547343,2016-05-22,House,"House: Repassage",91,40,0,0,131
865567,544799,2016-05-10,Senate,"Senate: Third reading Passed",48,11,0,0,59
865567,545905,2016-05-16,House,"House: Passage",123,4,0,0,127
865568,538150,2016-04-25,Senate,"Senate: Third reading Passed",61,0,0,0,61
865568,542843,2016-05-05,House,"House: Passage",130,0,0,0,130
865573,538181,2016-04-25,Senate,"Senate: Third reading Passed",60,0,0,0,60
865588,538887,2016-04-26,Senate,"Senate: Third reading Passed",59,0,0,0,59
865629,544498,2016-05-10,Senate,"Senate: Third reading Passed",57,0,0,0,57
865629,546724,2016-05-18,House,"House: Passage",126,0,0,0,126
865640,546157,2016-05-16,Senate,"Senate: Third reading Passed",63,0,0,0,63
865654,541053,2016-05-02,Senate,"Senate: Third reading Passed",61,0,0,0,61
865654,542938,2016-05-05,House,"House: Passage",131,0,0,0,131
865692,539187,2016-04-27,Senate,"Senate: Third reading Passed",53,10,0,0,63
865938,544172,2016-05-09,House,"House: Passage",127,0,0,0,127
865938,546295,2016-05-17,Senate,"Senate: Third reading Passed",58,2,0,0,60
865938,547097,2016-05-19,House,"House: Repassage",133,0,0,0,133
865961,546731,2016-05-18,House,"House: Passage",126,0,0,0,126
865961,547313,2016-05-22,Senate,"Senate: Third reading Passed",62,2,0,0,64
865972,546249,2016-05-16,House,"House: Passage",128,0,0,0,128
865972,547408,2016-05-22,Senate,"Senate: Third reading Passed",65,0,0,0,65
865994,534270,2016-04-18,House,"House: Passage",126,0,0,0,126
865994,546967,2016-05-18,Senate,"Senate: Third reading Passed",55,0,0,0,55
866084,540919,2016-05-02,House,"House: Passage",127,0,0,0,127
866084,547130,2016-05-19,Senate,"Senate: Third reading Passed",48,10,0,0,58
866084,547673,2016-05-21,House,"House: Repassage",130,0,0,0,130
866125,547361,2016-05-20,House,"House: Amendment",59,72,0,0,131
866125,547362,2016-05-20,House,"House: Passage",124,7,0,0,131
866126,534589,2016-04-18,House,"House: Passage",125,0,0,0,125
866126,538779,2016-04-26,Senate,"Senate: Third reading Passed",63,0,0,0,63
866447,543947,2016-05-09,Senate,"Senate: Third reading Passed",61,0,0,0,61
866447,546187,2016-05-16,House,"House: Amendment to Amendment",55,71,0,0,126
866447,546188,2016-05-16,House,"House: Passage",127,0,0,0,127
866447,547338,2016-05-22,Senate,"Senate: Third reading",62,0,0,0,62
866447,547339,2016-05-22,House,"House: Repassage",131,2,0,0,133
866459,538559,2016-04-26,Senate,"Senate: Third reading Passed",59,4,0,0,63
866465,546211,2016-05-16,Senate,"Senate: Third reading Passed",64,0,0,0,64
866493,545580,2016-05-12,Senate,"Senate: Third reading Passed",49,15,0,0,64
866493,547307,2016-05-21,Senate,"Senate: Third reading",46,11,0,0,57
866493,547529,2016-05-20,House,"House: Passage",106,23,0,0,129
866494,538514,2016-04-26,Senate,"Senate: Third reading Passed",61,0,0,0,61
866494,542837,2016-05-04,House,"House: Passage",131,1,0,0,132
866496,539127,2016-04-27,Senate,"Senate: Third reading Passed",57,6,0,0,63
866496,543056,2016-05-05,House,"House: Passage",131,0,0,0,131
866523,545573,2016-05-12,Senate,"Senate: Third reading Passed",47,7,0,0,54
866539,544890,2016-05-10,Senate,"Senate: Third reading Passed",58,0,0,0,58
866539,547581,2016-05-20,House,"House: Passage",130,0,0,0,130
866845,542943,2016-05-04,House,"House: Passage",132,0,0,0,132
866845,545538,2016-05-12,Senate,"Senate: Third reading Passed",59,0,0,0,59
866846,539072,2016-04-26,House,"House: Passage",127,0,0,0,127
866846,546995,2016-05-18,Senate,"Senate: Third reading Passed",54,0,0,0,54
866920,545616,2016-05-13,House,"House: Passage",94,35,0,0,129
866920,546659,2016-05-18,Senate,"Senate: Third reading Passed",55,8,0,0,63
866920,547310,2016-05-22,Senate,"Senate: Third reading",60,1,0,0,61
866920,547694,2016-05-22,House,"House: Repassage",131,0,0,0,131
867423,547524,2016-05-20,House,"House: Passage",128,1,0,0,129
867582,546158,2016-05-16,Senate,"Senate: Third reading Passed",54,9,0,0,63
867590,545833,2016-05-13,House,"House: Passage",96,33,0,0,129
867622,542977,2016-05-04,Senate,"Senate: Third reading Passed",59,0,0,0,59
867622,547517,2016-05-20,House,"House: Passage",89,40,0,0,129
867651,540899,2016-04-28,Senate,"Senate: Third reading Passed",45,15,0,0,60
867697,545566,2016-05-12,House,"House: Passage",124,0,0,0,124
867697,546974,2016-05-18,Senate,"Senate: Third reading Passed",55,0,0,0,55
867697,547348,2016-05-21,House,"House: Repassage",130,0,0,0,130
867697,547349,2016-05-22,Senate,"Senate: Third reading",63,0,0,0,63
867764,539672,2016-04-28,House,"House: Amendment",128,0,0,0,128
867764,539673,2016-04-28,House,"House: Amendment",76,52,0,0,128
867764,539674,2016-04-28,House,"House: Amendment",76,53,0,0,129
867764,539675,2016-04-28,House,"House: Amendment",48,78,0,0,126
867764,539676,2016-04-28,House,"House: Amendment",116,12,0,0,128
867764,539677,2016-04-28,House,"House: Amendment",60,69,0,0,129
867764,539678,2016-04-28,House,"House: Amendment",76,52,0,0,128
867764,539679,2016-04-28,House,"House: Amendment",63,67,0,0,130
867764,539680,2016-04-28,House,"House: Amendment",62,68,0,0,130
867764,539681,2016-04-28,House,"House: Amendment",81,46,0,0,127
867764,539682,2016-04-28,House,"House: Amendment",51,80,0,0,131
867764,539683,2016-04-28,House,"House: Amendment",58,71,0,0,129
867764,539684,2016-04-28,House,"House: Amendment",58,72,0,0,130
867764,539685,2016-04-28,House,"House: Amendment to Amendment",60,70,0,0,130
867764,539686,2016-04-28,House,"House: Amendment",59,71,0,0,130
867764,539687,2016-04-28,House,"House: Amendment",60,69,0,0,129
867764,539688,2016-04-28,House,"House: Amendment",36,94,0,0,130
867764,539689,2016-04-28,House,"House: Amendment",70,58,0,0,128
867764,539690,2016-04-28,House,"House: Amendment",0,129,0,0,129
867764,539691,2016-04-28,House,"House: Amendment to Amendment",129,0,0,0,129
867764,539692,2016-04-28,House,"House: Passage",72,57,0,0,129
867773,546871,2016-05-18,House,"House: Passage",126,0,0,0,126
867773,547304,2016-05-21,Senate,"Senate: Third reading Passed",56,1,0,0,57
867776,541091,2016-05-02,House,"House: Passage",127,0,0,0,127
867776,544052,2016-05-09,Senate,"Senate: Third reading Passed",62,0,0,0,62
867776,545540,2016-05-12,House,"House: Repassage",127,0,0,0,127
867889,544538,2016-05-10,Senate,"Senate: Third reading Passed",49,9,0,0,58
867889,546450,2016-05-17,House,"House: Passage",68,60,0,0,128
867896,545541,2016-05-12,Senate,"Senate: Third reading Passed",45,13,0,0,58
867896,547476,2016-05-21,House,"House: Passage",126,4,0,0,130
867896,547477,2016-05-22,Senate,"Senate: Third reading",46,16,0,0,62
867941,544276,2016-05-09,Senate,"Senate: Third reading Passed",61,0,0,0,61
868290,545477,2016-05-11,House,"House: Passage",130,0,0,0,130
868290,547126,2016-05-19,Senate,"Senate: Third reading Passed",57,0,0,0,57
868338,547676,2016-05-20,House,"House: Amendment",61,68,0,0,129
868338,547677,2016-05-20,House,"House: Passage",129,0,0,0,129
868366,545553,2016-05-12,House,"House: Passage",116,10,0,0,126
868366,546951,2016-05-18,Senate,"Senate: Third reading Passed",55,0,0,0,55
868397,547697,2016-05-20,House,"House: Amendment",58,73,0,0,131
868397,547698,2016-05-20,House,"House: Amendment",60,71,0,0,131
868397,547699,2016-05-20,House,"House: Passage",69,61,0,0,130
868689,540969,2016-04-28,Senate,"Senate: Third reading Passed",60,0,0,0,60
868689,545431,2016-05-12,House,"House: Passage",124,0,0,0,124
868706,542492,2016-05-04,Senate,"Senate: Third reading Passed",62,0,0,0,62
868706,545847,2016-05-13,House,"House: Passage",128,0,0,0,128
868708,541219,2016-05-02,Senate,"Senate: Third reading Passed",61,0,0,0,61
868708,544065,2016-05-09,House,"House: Amendment",50,78,0,0,128
868708,544066,2016-05-09,House,"House: Passage",105,23,0,0,128
869096,542867,2016-05-04,Senate,"Senate: Third reading Passed",57,1,0,0,58
869172,545341,2016-05-12,House,"House: Amendment",56,70,0,0,126
869172,545342,2016-05-12,House,"House: Passage",126,0,0,0,126
869366,545575,2016-05-12,Senate,"Senate: Third reading Failed to pass",32,31,0,0,63
869366,547000,2016-05-18,Senate,"Senate: Third reading Passed",61,2,0,0,63
869366,547419,2016-05-21,House,"House: Passage",116,12,0,0,128
869371,544518,2016-05-10,Senate,"Senate: Third reading Passed",59,0,0,0,59
869371,546133,2016-05-16,House,"House: Amendment",70,57,0,0,127
869371,546134,2016-05-16,House,"House: Passage",72,55,0,0,127
869371,547309,2016-05-21,Senate,"Senate: Third reading",56,3,0,0,59
869371,547488,2016-05-21,House,"House: Adoption",82,48,0,0,130
869371,547489,2016-05-21,House,"House: Repassage",100,30,0,0,130
869415,547299,2016-05-20,Senate,"Senate: Third reading Passed",49,0,0,0,49
870965,536337,2016-04-20,House,"House: Recall and Re-refer",51,69,0,0,120
871198,546243,2016-05-16,Senate,"Senate: Third reading Passed",45,19,0,0,64
871198,547576,2016-05-20,House,"House: Passage",129,0,0,0,129
871201,546285,2016-05-17,Senate,"Senate: Third reading Passed",56,0,0,0,56
873089,545554,2016-05-12,House,"House: Passage",74,52,0,0,126
873138,539284,2016-04-27,House,"House: Amendment",54,74,0,0,128
873138,539285,2016-04-27,House,"House: Amendment to Amendment",55,74,0,0,129
873138,539286,2016-04-27,House,"House: Amendment",56,72,0,0,128
873138,539287,2016-04-27,House,"House: Amendment",58,72,0,0,130
873138,539288,2016-04-27,House,"House: Amendment to Amendment",58,72,0,0,130
873138,539289,2016-04-27,House,"House: Amendment",57,73,0,0,130
873138,539290,2016-04-27,House,"House: Amendment",62,69,0,0,131
873138,539291,2016-04-27,House,"House: Amendment to Amendment",127,4,0,0,131
873138,539292,2016-04-27,House,"House: Amendment",58,73,0,0,131
873138,539293,2016-04-27,House,"House: Passage",72,54,0,0,126
873138,541732,2016-04-27,House,"House: Appeal Ruling",71,56,0,0,127
873138,545063,2016-05-11,Senate,"Senate: Third reading Passed",37,30,0,0,67
873368,542761,2016-05-04,House,"House: Passage",131,0,0,0,131
873807,546225,2016-05-16,Senate,"Senate: Third reading Passed",50,13,0,0,63
874242,545552,2016-05-12,Senate,"Senate: Third reading Passed",48,16,0,0,64
874242,546244,2016-05-17,House,"House: Amendment",74,56,0,0,130
874242,546245,2016-05-17,House,"House: Amendment",55,76,0,0,131
874242,546246,2016-05-17,House,"House: Amendment to Amendment",96,32,0,0,128
874242,546247,2016-05-17,House,"House: Amendment",100,27,0,0,127
874242,546248,2016-05-17,House,"House: Passage",87,42,0,0,129
875487,547681,2016-05-22,Senate,"Senate: Third reading Passed",63,0,0,0,63
875487,547682,2016-05-22,House,"House: Passage",133,1,0,0,134
879169,547710,2016-05-23,Senate,"Senate: Adopted",61,0,0,0,61
