bill_id,session_id,bill_number,status,status_desc,status_date,title,description,committee_id,committee,last_action_date,last_action,url,state_link
564365,1050,HF1,1,Introduced,2013-09-09,"Disaster assistance; June 2013 severe storms and flooding federal aid match money appropriated, April 2013 winter storms money appropriated, and prior appropriations reduced. ","Disaster assistance; June 2013 severe storms and flooding federal aid match money appropriated, April 2013 winter storms money appropriated, and prior appropriations reduced. ",0,,2013-09-09,"Authors added Loeffler and Pelowski",https://legiscan.com/MN/bill/HF1/2013/X1,https://www.revisor.mn.gov/bills/bill.php?b=House&f=HF0001&ssn=1&y=2013
564345,1050,HF2,1,Introduced,2013-09-09,"Farm equipment repair services sales and use tax on labor repealed. ","Farm equipment repair services sales and use tax on labor repealed. ",1771,"House Rules and Legislative Administration",2013-09-09,"Author added Lien",https://legiscan.com/MN/bill/HF2/2013/X1,https://www.revisor.mn.gov/bills/bill.php?b=House&f=HF0002&ssn=1&y=2013
564359,1050,HF3,1,Introduced,2013-09-09,"USS Minnesota commissioning-related activities grant money appropriated. ","USS Minnesota commissioning-related activities grant money appropriated. ",1771,"House Rules and Legislative Administration",2013-09-09,"Authors added Leidiger; Myhra; Johnson, B.; Scott; Wills; Erickson, S.; Gruenhagen; Woodard; Pugh; Benson, M.; Franson and Drazkowski",https://legiscan.com/MN/bill/HF3/2013/X1,https://www.revisor.mn.gov/bills/bill.php?b=House&f=HF0003&ssn=1&y=2013
564349,1050,HF4,1,Introduced,2013-09-09,"Disaster response contingency account created to partially match federal disaster assistance when the legislature is not in session, and money appropriated. ","Disaster response contingency account created to partially match federal disaster assistance when the legislature is not in session, and money appropriated. ",1771,"House Rules and Legislative Administration",2013-09-09,"Authors added Gunther, Bly, Savick, Winkler, Radinovich, Fischer, Bernardy, Falk, Masin, Persell, Loeffler, Kahn and Gruenhagen",https://legiscan.com/MN/bill/HF4/2013/X1,https://www.revisor.mn.gov/bills/bill.php?b=House&f=HF0004&ssn=1&y=2013
564331,1050,HF5,1,Introduced,2013-09-09,"Storage and warehousing services sales and use tax repealed. ","Storage and warehousing services sales and use tax repealed. ",1771,"House Rules and Legislative Administration",2013-09-09,"Authors added Myhra, Rosenthal, Pugh, Loon and Leidiger",https://legiscan.com/MN/bill/HF5/2013/X1,https://www.revisor.mn.gov/bills/bill.php?b=House&f=HF0005&ssn=1&y=2013
564344,1050,HF6,1,Introduced,2013-09-09,"Storage and warehousing services sales and use tax delayed and repealed. ","Storage and warehousing services sales and use tax delayed and repealed. ",1771,"House Rules and Legislative Administration",2013-09-09,"Authors added Rosenthal, Dorholt and Sawatzky",https://legiscan.com/MN/bill/HF6/2013/X1,https://www.revisor.mn.gov/bills/bill.php?b=House&f=HF0006&ssn=1&y=2013
564368,1050,HF7,1,Introduced,2013-09-09,"Cigarette and tobacco product excise tax changes enacted in the 2013 regular session repealed. ","Cigarette and tobacco product excise tax changes enacted in the 2013 regular session repealed. ",1771,"House Rules and Legislative Administration",2013-09-09,"Authors added Scott, Pugh and Drazkowski",https://legiscan.com/MN/bill/HF7/2013/X1,https://www.revisor.mn.gov/bills/bill.php?b=House&f=HF0007&ssn=1&y=2013
564317,1050,HF8,1,Introduced,2013-09-09,"Collective bargaining among family child care providers authorization repealed. ","Collective bargaining among family child care providers authorization repealed. ",1771,"House Rules and Legislative Administration",2013-09-09,"Authors added Johnson, B.; Erickson, S.; Pugh; Drazkowski and Leidiger",https://legiscan.com/MN/bill/HF8/2013/X1,https://www.revisor.mn.gov/bills/bill.php?b=House&f=HF0008&ssn=1&y=2013
564372,1050,HF9,1,Introduced,2013-09-09,"Bullying prohibited, safe and supportive schools provided for, and rulemaking authorized. ","Bullying prohibited, safe and supportive schools provided for, and rulemaking authorized. ",1771,"House Rules and Legislative Administration",2013-09-09,"Introduction and first reading, referred to Rules and Legislative Administration",https://legiscan.com/MN/bill/HF9/2013/X1,https://www.revisor.mn.gov/bills/bill.php?b=House&f=HF0009&ssn=1&y=2013
564371,1050,HF10,1,Introduced,2013-09-09,"Commercial and industrial machinery and equipment repair and maintenance sales and use tax repealed. ","Commercial and industrial machinery and equipment repair and maintenance sales and use tax repealed. ",1771,"House Rules and Legislative Administration",2013-09-09,"Authors added Wills, Franson and Leidiger",https://legiscan.com/MN/bill/HF10/2013/X1,https://www.revisor.mn.gov/bills/bill.php?b=House&f=HF0010&ssn=1&y=2013
564358,1050,HF11,1,Introduced,2013-09-09,"Farm equipment repair service labor tax repealed.","Farm equipment repair service labor tax repealed.",1771,"House Rules and Legislative Administration",2013-09-09,"Introduction and first reading, referred to Rules and Legislative Administration",https://legiscan.com/MN/bill/HF11/2013/X1,https://www.revisor.mn.gov/bills/bill.php?b=House&f=HF0011&ssn=1&y=2013
564329,1050,HF12,1,Introduced,2013-09-09,"Private stadium revenues required to be paid into the state treasury, stand-alone owner payment required, and elements of stadium financing package amended.","Private stadium revenues required to be paid into the state treasury, stand-alone owner payment required, and elements of stadium financing package amended.",1771,"House Rules and Legislative Administration",2013-09-09,"Authors added Zellers; Erickson, S.; Pugh; O'Neill and Leidiger",https://legiscan.com/MN/bill/HF12/2013/X1,https://www.revisor.mn.gov/bills/bill.php?b=House&f=HF0012&ssn=1&y=2013
564357,1050,HF13,1,Introduced,2013-09-09,"Minnesota Sports Facilities Authority not public data classifications eliminated.","Minnesota Sports Facilities Authority not public data classifications eliminated.",1771,"House Rules and Legislative Administration",2013-09-09,"Authors added Hansen; Scott; Fabian; Loon; Myhra; Zellers; Erickson, S.; Pugh; Gruenhagen and Drazkowski",https://legiscan.com/MN/bill/HF13/2013/X1,https://www.revisor.mn.gov/bills/bill.php?b=House&f=HF0013&ssn=1&y=2013
564353,1050,HF14,1,Introduced,2013-09-09,"Tax repealed on transactions related to telecommunications and pay television machinery and equipment.","Tax repealed on transactions related to telecommunications and pay television machinery and equipment.",1771,"House Rules and Legislative Administration",2013-09-09,"Authors added Johnson, B.; Loon; Pugh; Gruenhagen and Barrett",https://legiscan.com/MN/bill/HF14/2013/X1,https://www.revisor.mn.gov/bills/bill.php?b=House&f=HF0014&ssn=1&y=2013
564351,1050,HF15,1,Introduced,2013-09-09,"Tax repealed on transactions related to telecommunications and pay television machinery and equipment.","Tax repealed on transactions related to telecommunications and pay television machinery and equipment.",1771,"House Rules and Legislative Administration",2013-09-09,"Authors added Loon; Runbeck; Erickson, S., and Franson",https://legiscan.com/MN/bill/HF15/2013/X1,https://www.revisor.mn.gov/bills/bill.php?b=House&f=HF0015&ssn=1&y=2013
564348,1050,HF16,1,Introduced,2013-09-09,"Commercial and industrial machinery and equipment repair and maintenance tax repealed. ","Commercial and industrial machinery and equipment repair and maintenance tax repealed. ",1771,"House Rules and Legislative Administration",2013-09-09,"Authors added Wills and Drazkowski",https://legiscan.com/MN/bill/HF16/2013/X1,https://www.revisor.mn.gov/bills/bill.php?b=House&f=HF0016&ssn=1&y=2013
564337,1050,HF17,1,Introduced,2013-09-09,"Electronic and precision equipment repair and maintenance tax repealed. ","Electronic and precision equipment repair and maintenance tax repealed. ",1771,"House Rules and Legislative Administration",2013-09-09,"Introduction and first reading, referred to Rules and Legislative Administration",https://legiscan.com/MN/bill/HF17/2013/X1,https://www.revisor.mn.gov/bills/bill.php?b=House&f=HF0017&ssn=1&y=2013
564328,1050,HF18,1,Introduced,2013-09-09,"Foreign operating corporation and exclusion of foreign royalties rules modified.","Foreign operating corporation and exclusion of foreign royalties rules modified.",1771,"House Rules and Legislative Administration",2013-09-09,"Introduction and first reading, referred to Rules and Legislative Administration",https://legiscan.com/MN/bill/HF18/2013/X1,https://www.revisor.mn.gov/bills/bill.php?b=House&f=HF0018&ssn=1&y=2013
564370,1050,HF19,1,Introduced,2013-09-09,"Storage and warehousing service tax repealed.","Storage and warehousing service tax repealed.",1771,"House Rules and Legislative Administration",2013-09-09,"Introduction and first reading, referred to Rules and Legislative Administration",https://legiscan.com/MN/bill/HF19/2013/X1,https://www.revisor.mn.gov/bills/bill.php?b=House&f=HF0019&ssn=1&y=2013
564339,1050,HF20,1,Introduced,2013-09-09,"Storage and warehousing service tax repealed.","Storage and warehousing service tax repealed.",1771,"House Rules and Legislative Administration",2013-09-09,"Authors added Loon, Barrett and Drazkowski",https://legiscan.com/MN/bill/HF20/2013/X1,https://www.revisor.mn.gov/bills/bill.php?b=House&f=HF0020&ssn=1&y=2013
564322,1050,SF1,4,Passed,2013-09-09,"Disaster relief appropriations","Disaster relief appropriations",0,,2013-09-09,"Secretary of State, Filed ",https://legiscan.com/MN/bill/SF1/2013/X1,https://www.revisor.mn.gov/bills/bill.php?b=Senate&f=SF0001&ssn=1&y=2013
564326,1050,SF2,1,Introduced,2013-09-09,"Disaster response contingency account to partially match federal disaster assistance when legislature not in session creation and appropriation","Disaster response contingency account to partially match federal disaster assistance when legislature not in session creation and appropriation",1750,"Senate Rules and Administration",2013-09-09,"Referred to Rules and Administration",https://legiscan.com/MN/bill/SF2/2013/X1,https://www.revisor.mn.gov/bills/bill.php?b=Senate&f=SF0002&ssn=1&y=2013
564319,1050,SF3,1,Introduced,2013-09-09,"Safe and supportive schools by prohibiting bullying provisions ","Safe and supportive schools by prohibiting bullying provisions ",1750,"Senate Rules and Administration",2013-09-09,"Referred to Rules and Administration",https://legiscan.com/MN/bill/SF3/2013/X1,https://www.revisor.mn.gov/bills/bill.php?b=Senate&f=SF0003&ssn=1&y=2013
564332,1050,SF4,1,Introduced,2013-09-09,"Storage and warehouse services sales tax repeal","Storage and warehouse services sales tax repeal",1750,"Senate Rules and Administration",2013-09-09,"Referred to Rules and Administration",https://legiscan.com/MN/bill/SF4/2013/X1,https://www.revisor.mn.gov/bills/bill.php?b=Senate&f=SF0004&ssn=1&y=2013
564367,1050,SF5,1,Introduced,2013-09-09,"Telecommunications and pay television equipment sales tax exemption reinstated","Telecommunications and pay television equipment sales tax exemption reinstated",1750,"Senate Rules and Administration",2013-09-09,"Referred to Rules and Administration",https://legiscan.com/MN/bill/SF5/2013/X1,https://www.revisor.mn.gov/bills/bill.php?b=Senate&f=SF0005&ssn=1&y=2013
564325,1050,SF6,1,Introduced,2013-09-09,"Storage and warehouse services sales tax repeal","Storage and warehouse services sales tax repeal",1750,"Senate Rules and Administration",2013-09-09,"Referred to Rules and Administration",https://legiscan.com/MN/bill/SF6/2013/X1,https://www.revisor.mn.gov/bills/bill.php?b=Senate&f=SF0006&ssn=1&y=2013
564321,1050,SF7,1,Introduced,2013-09-09,"Foreign operating corporations rules modification and foreign royalties exclusion","Foreign operating corporations rules modification and foreign royalties exclusion",1750,"Senate Rules and Administration",2013-09-09,"Referred to Rules and Administration",https://legiscan.com/MN/bill/SF7/2013/X1,https://www.revisor.mn.gov/bills/bill.php?b=Senate&f=SF0007&ssn=1&y=2013
564373,1050,SF8,1,Introduced,2013-09-09,"Electronic and precision equipment repair and maintenance sales tax repeal","Electronic and precision equipment repair and maintenance sales tax repeal",1750,"Senate Rules and Administration",2013-09-09,"Referred to Rules and Administration",https://legiscan.com/MN/bill/SF8/2013/X1,https://www.revisor.mn.gov/bills/bill.php?b=Senate&f=SF0008&ssn=1&y=2013
564356,1050,SF9,1,Introduced,2013-09-09,"Commercial and industrial machinery repair and maintenance sales tax repeal","Commercial and industrial machinery repair and maintenance sales tax repeal",1750,"Senate Rules and Administration",2013-09-09,"Referred to Rules and Administration",https://legiscan.com/MN/bill/SF9/2013/X1,https://www.revisor.mn.gov/bills/bill.php?b=Senate&f=SF0009&ssn=1&y=2013
564343,1050,SF10,1,Introduced,2013-09-09,"Telecommunications and pay television machinery and equipment transactions sales tax repeal","Telecommunications and pay television machinery and equipment transactions sales tax repeal",1750,"Senate Rules and Administration",2013-09-09,"Referred to Rules and Administration",https://legiscan.com/MN/bill/SF10/2013/X1,https://www.revisor.mn.gov/bills/bill.php?b=Senate&f=SF0010&ssn=1&y=2013
564355,1050,SF11,1,Introduced,2013-09-09,"Storage and warehouse services sales tax repeal","Storage and warehouse services sales tax repeal",1750,"Senate Rules and Administration",2013-09-09,"Referred to Rules and Administration",https://legiscan.com/MN/bill/SF11/2013/X1,https://www.revisor.mn.gov/bills/bill.php?b=Senate&f=SF0011&ssn=1&y=2013
564340,1050,SF12,1,Introduced,2013-09-09,"Telecommunications and pay television equipment sales tax exemption reinstated","Telecommunications and pay television equipment sales tax exemption reinstated",1750,"Senate Rules and Administration",2013-09-09,"Referred to Rules and Administration",https://legiscan.com/MN/bill/SF12/2013/X1,https://www.revisor.mn.gov/bills/bill.php?b=Senate&f=SF0012&ssn=1&y=2013
564350,1050,SF13,1,Introduced,2013-09-09,"Commercial and industrial machinery repair and maintenance sales tax repeal","Commercial and industrial machinery repair and maintenance sales tax repeal",1750,"Senate Rules and Administration",2013-09-09,"Referred to Rules and Administration",https://legiscan.com/MN/bill/SF13/2013/X1,https://www.revisor.mn.gov/bills/bill.php?b=Senate&f=SF0013&ssn=1&y=2013
564347,1050,SF14,1,Introduced,2013-09-09,"Electronic and precision equipment repair and maintenance sales tax repeal","Electronic and precision equipment repair and maintenance sales tax repeal",1750,"Senate Rules and Administration",2013-09-09,"Referred to Rules and Administration",https://legiscan.com/MN/bill/SF14/2013/X1,https://www.revisor.mn.gov/bills/bill.php?b=Senate&f=SF0014&ssn=1&y=2013
564334,1050,SF15,1,Introduced,2013-09-09,"Storage and warehouse services sales tax repeal","Storage and warehouse services sales tax repeal",1750,"Senate Rules and Administration",2013-09-09,"Referred to Rules and Administration",https://legiscan.com/MN/bill/SF15/2013/X1,https://www.revisor.mn.gov/bills/bill.php?b=Senate&f=SF0015&ssn=1&y=2013
564320,1050,SF16,1,Introduced,2013-09-09,"Storage and warehouse services sales tax repeal","Storage and warehouse services sales tax repeal",1750,"Senate Rules and Administration",2013-09-09,"Referred to Rules and Administration",https://legiscan.com/MN/bill/SF16/2013/X1,https://www.revisor.mn.gov/bills/bill.php?b=Senate&f=SF0016&ssn=1&y=2013
564342,1050,SF17,1,Introduced,2013-09-09,"Farm machinery and commercial logging equipment repair and maintenance services sales tax on labor repeal","Farm machinery and commercial logging equipment repair and maintenance services sales tax on labor repeal",1750,"Senate Rules and Administration",2013-09-09,"Referred to Rules and Administration",https://legiscan.com/MN/bill/SF17/2013/X1,https://www.revisor.mn.gov/bills/bill.php?b=Senate&f=SF0017&ssn=1&y=2013
564335,1050,SF18,1,Introduced,2013-09-09,"Storage and warehouse services sales tax repeal","Storage and warehouse services sales tax repeal",1750,"Senate Rules and Administration",2013-09-09,"Referred to Rules and Administration",https://legiscan.com/MN/bill/SF18/2013/X1,https://www.revisor.mn.gov/bills/bill.php?b=Senate&f=SF0018&ssn=1&y=2013
564364,1050,SF19,1,Introduced,2013-09-09,"Electronic and precision equipment repair and maintenance and commercial and industrial machinery equipment sales tax repeal; telecommunications and pay television equipment sales tax exemption reinstated","Electronic and precision equipment repair and maintenance and commercial and industrial machinery equipment sales tax repeal; telecommunications and pay television equipment sales tax exemption reinstated",1750,"Senate Rules and Administration",2013-09-09,"Referred to Rules and Administration",https://legiscan.com/MN/bill/SF19/2013/X1,https://www.revisor.mn.gov/bills/bill.php?b=Senate&f=SF0019&ssn=1&y=2013
564369,1050,SF20,1,Introduced,2013-09-09,"Telecommunications and pay television machinery and equipment sales tax exemption reinstated","Telecommunications and pay television machinery and equipment sales tax exemption reinstated",1750,"Senate Rules and Administration",2013-09-09,"Referred to Rules and Administration",https://legiscan.com/MN/bill/SF20/2013/X1,https://www.revisor.mn.gov/bills/bill.php?b=Senate&f=SF0020&ssn=1&y=2013
564361,1050,SF21,1,Introduced,2013-09-09,"Electronic and precision equipment and commercial and industrial machinery and equipment repair and maintenance services sales tax repeal","Electronic and precision equipment and commercial and industrial machinery and equipment repair and maintenance services sales tax repeal",1750,"Senate Rules and Administration",2013-09-09,"Referred to Rules and Administration",https://legiscan.com/MN/bill/SF21/2013/X1,https://www.revisor.mn.gov/bills/bill.php?b=Senate&f=SF0021&ssn=1&y=2013
564318,1050,SF22,1,Introduced,2013-09-09,"Storage and warehouse services sales tax repeal","Storage and warehouse services sales tax repeal",1750,"Senate Rules and Administration",2013-09-09,"Referred to Rules and Administration",https://legiscan.com/MN/bill/SF22/2013/X1,https://www.revisor.mn.gov/bills/bill.php?b=Senate&f=SF0022&ssn=1&y=2013
564333,1050,SF23,1,Introduced,2013-09-09,"USS Minnesota commissioning committee grant appropriation","USS Minnesota commissioning committee grant appropriation",1750,"Senate Rules and Administration",2013-09-09,"Referred to Rules and Administration",https://legiscan.com/MN/bill/SF23/2013/X1,https://www.revisor.mn.gov/bills/bill.php?b=Senate&f=SF0023&ssn=1&y=2013
564363,1050,SF24,1,Introduced,2013-09-09,"Commercial and industrial machinery and equipment repair and maintenance sales tax repeal","Commercial and industrial machinery and equipment repair and maintenance sales tax repeal",1750,"Senate Rules and Administration",2013-09-09,"Referred to Rules and Administration",https://legiscan.com/MN/bill/SF24/2013/X1,https://www.revisor.mn.gov/bills/bill.php?b=Senate&f=SF0024&ssn=1&y=2013
564346,1050,SF25,1,Introduced,2013-09-09,"Minnesota Vikings private stadium revenues paid to state treasury requirement; stand-alone owner payment requirement; stadium financing package modifications","Minnesota Vikings private stadium revenues paid to state treasury requirement; stand-alone owner payment requirement; stadium financing package modifications",1750,"Senate Rules and Administration",2013-09-09,"Referred to Rules and Administration",https://legiscan.com/MN/bill/SF25/2013/X1,https://www.revisor.mn.gov/bills/bill.php?b=Senate&f=SF0025&ssn=1&y=2013
564324,1050,SF26,1,Introduced,2013-09-09,"Family child care providers collective bargaining authorization repeal","Family child care providers collective bargaining authorization repeal",1750,"Senate Rules and Administration",2013-09-09,"Referred to Rules and Administration",https://legiscan.com/MN/bill/SF26/2013/X1,https://www.revisor.mn.gov/bills/bill.php?b=Senate&f=SF0026&ssn=1&y=2013
564327,1050,SF27,1,Introduced,2013-09-09,"Foreign operating corporations royalties exclusions rules modifications","Foreign operating corporations royalties exclusions rules modifications",1750,"Senate Rules and Administration",2013-09-09,"Referred to Rules and Administration",https://legiscan.com/MN/bill/SF27/2013/X1,https://www.revisor.mn.gov/bills/bill.php?b=Senate&f=SF0027&ssn=1&y=2013
564360,1050,SF28,1,Introduced,2013-09-09,"Commercial and industrial machinery repair and maintenance sales tax repeal","Commercial and industrial machinery repair and maintenance sales tax repeal",1750,"Senate Rules and Administration",2013-09-09,"Referred to Rules and Administration",https://legiscan.com/MN/bill/SF28/2013/X1,https://www.revisor.mn.gov/bills/bill.php?b=Senate&f=SF0028&ssn=1&y=2013
564366,1050,SF29,1,Introduced,2013-09-09,"Electronic and precision equipment repair and maintenance and commercial and industrial machinery equipment sales tax repeal","Electronic and precision equipment repair and maintenance and commercial and industrial machinery equipment sales tax repeal",1750,"Senate Rules and Administration",2013-09-09,"Referred to Rules and Administration",https://legiscan.com/MN/bill/SF29/2013/X1,https://www.revisor.mn.gov/bills/bill.php?b=Senate&f=SF0029&ssn=1&y=2013
564354,1050,SF30,1,Introduced,2013-09-09,"Electronic and precision equipment repair and maintenance and commercial and industrial machinery equipment sales tax repeal","Electronic and precision equipment repair and maintenance and commercial and industrial machinery equipment sales tax repeal",1750,"Senate Rules and Administration",2013-09-09,"Referred to Rules and Administration",https://legiscan.com/MN/bill/SF30/2013/X1,https://www.revisor.mn.gov/bills/bill.php?b=Senate&f=SF0030&ssn=1&y=2013
564362,1050,SF31,1,Introduced,2013-09-09,"Storage and warehouse services sales tax repeal","Storage and warehouse services sales tax repeal",1750,"Senate Rules and Administration",2013-09-09,"Referred to Rules and Administration",https://legiscan.com/MN/bill/SF31/2013/X1,https://www.revisor.mn.gov/bills/bill.php?b=Senate&f=SF0031&ssn=1&y=2013
564336,1050,SF32,1,Introduced,2013-09-09,"Telecommunications and pay television equipment sales tax exemption reinstated","Telecommunications and pay television equipment sales tax exemption reinstated",1750,"Senate Rules and Administration",2013-09-09,"Referred to Rules and Administration",https://legiscan.com/MN/bill/SF32/2013/X1,https://www.revisor.mn.gov/bills/bill.php?b=Senate&f=SF0032&ssn=1&y=2013
564338,1050,SF33,1,Introduced,2013-09-09,"Storage and warehouse services sales tax repeal","Storage and warehouse services sales tax repeal",1750,"Senate Rules and Administration",2013-09-09,"Referred to Rules and Administration",https://legiscan.com/MN/bill/SF33/2013/X1,https://www.revisor.mn.gov/bills/bill.php?b=Senate&f=SF0033&ssn=1&y=2013
564330,1050,SF34,1,Introduced,2013-09-09,"USS Minnesota commissioning committee grant appropriation","USS Minnesota commissioning committee grant appropriation",1750,"Senate Rules and Administration",2013-09-09,"Referred to Rules and Administration",https://legiscan.com/MN/bill/SF34/2013/X1,https://www.revisor.mn.gov/bills/bill.php?b=Senate&f=SF0034&ssn=1&y=2013
564383,1050,SF35,1,Introduced,2013-09-09,"Highway projects municipal consent local public hearings and noise abatement public participation requirements","Highway projects municipal consent local public hearings and noise abatement public participation requirements",1750,"Senate Rules and Administration",2013-09-09,"Referred to Rules and Administration",https://legiscan.com/MN/bill/SF35/2013/X1,https://www.revisor.mn.gov/bills/bill.php?b=Senate&f=SF0035&ssn=1&y=2013
564323,1050,SR1,4,Passed,2013-09-09,"A Senate resolution relating to organization and operation of the Senate during the Special Session","A Senate resolution relating to organization and operation of the Senate during the Special Session",0,,2013-09-09,"Adopted vote: 56-0",https://legiscan.com/MN/bill/SR1/2013/X1,https://www.revisor.mn.gov/bills/bill.php?b=Senate&f=SR0001&ssn=1&y=2013
564341,1050,SR2,4,Passed,2013-09-09,"A Senate resolution relating to notifying the House of Representatives and the Governor that the Senate is organized","A Senate resolution relating to notifying the House of Representatives and the Governor that the Senate is organized",0,,2013-09-09,"Adopted (voice vote)",https://legiscan.com/MN/bill/SR2/2013/X1,https://www.revisor.mn.gov/bills/bill.php?b=Senate&f=SR0002&ssn=1&y=2013
564352,1050,SR3,4,Passed,2013-09-09,"A Senate resolution relating to adjournment of the Special Session","A Senate resolution relating to adjournment of the Special Session",0,,2013-09-09,"Adopted (voice vote)",https://legiscan.com/MN/bill/SR3/2013/X1,https://www.revisor.mn.gov/bills/bill.php?b=Senate&f=SR0003&ssn=1&y=2013
