bill_id,document_id,document_type,document_size,document_mime,document_desc,url,state_link
564365,884665,text,5391,text/html,Introduced,https://legiscan.com/MN/text/HF1/id/884665,https://www.revisor.mn.gov/bills/text.php?number=HF1&version=0&session=ls88&session_year=2013&session_number=1
564345,884645,text,20718,text/html,Introduced,https://legiscan.com/MN/text/HF2/id/884645,https://www.revisor.mn.gov/bills/text.php?number=HF2&version=0&session=ls88&session_year=2013&session_number=1
564359,884659,text,2349,text/html,Introduced,https://legiscan.com/MN/text/HF3/id/884659,https://www.revisor.mn.gov/bills/text.php?number=HF3&version=0&session=ls88&session_year=2013&session_number=1
564349,884649,text,4554,text/html,Introduced,https://legiscan.com/MN/text/HF4/id/884649,https://www.revisor.mn.gov/bills/text.php?number=HF4&version=0&session=ls88&session_year=2013&session_number=1
564331,884631,text,20185,text/html,Introduced,https://legiscan.com/MN/text/HF5/id/884631,https://www.revisor.mn.gov/bills/text.php?number=HF5&version=0&session=ls88&session_year=2013&session_number=1
564344,884644,text,22294,text/html,Introduced,https://legiscan.com/MN/text/HF6/id/884644,https://www.revisor.mn.gov/bills/text.php?number=HF6&version=0&session=ls88&session_year=2013&session_number=1
564368,884668,text,2366,text/html,Introduced,https://legiscan.com/MN/text/HF7/id/884668,https://www.revisor.mn.gov/bills/text.php?number=HF7&version=0&session=ls88&session_year=2013&session_number=1
564317,884617,text,1470,text/html,Introduced,https://legiscan.com/MN/text/HF8/id/884617,https://www.revisor.mn.gov/bills/text.php?number=HF8&version=0&session=ls88&session_year=2013&session_number=1
564372,884672,text,86666,text/html,Introduced,https://legiscan.com/MN/text/HF9/id/884672,https://www.revisor.mn.gov/bills/text.php?number=HF9&version=0&session=ls88&session_year=2013&session_number=1
564371,884671,text,20609,text/html,Introduced,https://legiscan.com/MN/text/HF10/id/884671,https://www.revisor.mn.gov/bills/text.php?number=HF10&version=0&session=ls88&session_year=2013&session_number=1
564358,884658,text,20578,text/html,Introduced,https://legiscan.com/MN/text/HF11/id/884658,https://www.revisor.mn.gov/bills/text.php?number=HF11&version=0&session=ls88&session_year=2013&session_number=1
564329,884629,text,6649,text/html,Introduced,https://legiscan.com/MN/text/HF12/id/884629,https://www.revisor.mn.gov/bills/text.php?number=HF12&version=0&session=ls88&session_year=2013&session_number=1
564357,884657,text,18254,text/html,Introduced,https://legiscan.com/MN/text/HF13/id/884657,https://www.revisor.mn.gov/bills/text.php?number=HF13&version=0&session=ls88&session_year=2013&session_number=1
564353,884653,text,24408,text/html,Introduced,https://legiscan.com/MN/text/HF14/id/884653,https://www.revisor.mn.gov/bills/text.php?number=HF14&version=0&session=ls88&session_year=2013&session_number=1
564351,884651,text,24224,text/html,Introduced,https://legiscan.com/MN/text/HF15/id/884651,https://www.revisor.mn.gov/bills/text.php?number=HF15&version=0&session=ls88&session_year=2013&session_number=1
564348,884648,text,20312,text/html,Introduced,https://legiscan.com/MN/text/HF16/id/884648,https://www.revisor.mn.gov/bills/text.php?number=HF16&version=0&session=ls88&session_year=2013&session_number=1
564337,884637,text,20088,text/html,Introduced,https://legiscan.com/MN/text/HF17/id/884637,https://www.revisor.mn.gov/bills/text.php?number=HF17&version=0&session=ls88&session_year=2013&session_number=1
564328,884628,text,78419,text/html,Introduced,https://legiscan.com/MN/text/HF18/id/884628,https://www.revisor.mn.gov/bills/text.php?number=HF18&version=0&session=ls88&session_year=2013&session_number=1
564370,884670,text,20185,text/html,Introduced,https://legiscan.com/MN/text/HF19/id/884670,https://www.revisor.mn.gov/bills/text.php?number=HF19&version=0&session=ls88&session_year=2013&session_number=1
564339,884639,text,20191,text/html,Introduced,https://legiscan.com/MN/text/HF20/id/884639,https://www.revisor.mn.gov/bills/text.php?number=HF20&version=0&session=ls88&session_year=2013&session_number=1
564322,884622,text,5391,text/html,Introduced,https://legiscan.com/MN/text/SF1/id/884622,https://www.revisor.mn.gov/bills/text.php?number=SF1&version=0&session=ls88&session_year=2013&session_number=1
564326,884626,text,4554,text/html,Introduced,https://legiscan.com/MN/text/SF2/id/884626,https://www.revisor.mn.gov/bills/text.php?number=SF2&version=0&session=ls88&session_year=2013&session_number=1
564319,884619,text,86666,text/html,Introduced,https://legiscan.com/MN/text/SF3/id/884619,https://www.revisor.mn.gov/bills/text.php?number=SF3&version=0&session=ls88&session_year=2013&session_number=1
564332,884632,text,20191,text/html,Introduced,https://legiscan.com/MN/text/SF4/id/884632,https://www.revisor.mn.gov/bills/text.php?number=SF4&version=0&session=ls88&session_year=2013&session_number=1
564367,884667,text,4846,text/html,Introduced,https://legiscan.com/MN/text/SF5/id/884667,https://www.revisor.mn.gov/bills/text.php?number=SF5&version=0&session=ls88&session_year=2013&session_number=1
564325,884625,text,20185,text/html,Introduced,https://legiscan.com/MN/text/SF6/id/884625,https://www.revisor.mn.gov/bills/text.php?number=SF6&version=0&session=ls88&session_year=2013&session_number=1
564321,884621,text,78419,text/html,Introduced,https://legiscan.com/MN/text/SF7/id/884621,https://www.revisor.mn.gov/bills/text.php?number=SF7&version=0&session=ls88&session_year=2013&session_number=1
564373,884673,text,20088,text/html,Introduced,https://legiscan.com/MN/text/SF8/id/884673,https://www.revisor.mn.gov/bills/text.php?number=SF8&version=0&session=ls88&session_year=2013&session_number=1
564356,884656,text,20312,text/html,Introduced,https://legiscan.com/MN/text/SF9/id/884656,https://www.revisor.mn.gov/bills/text.php?number=SF9&version=0&session=ls88&session_year=2013&session_number=1
564343,884643,text,24224,text/html,Introduced,https://legiscan.com/MN/text/SF10/id/884643,https://www.revisor.mn.gov/bills/text.php?number=SF10&version=0&session=ls88&session_year=2013&session_number=1
564355,884655,text,20185,text/html,Introduced,https://legiscan.com/MN/text/SF11/id/884655,https://www.revisor.mn.gov/bills/text.php?number=SF11&version=0&session=ls88&session_year=2013&session_number=1
564340,884640,text,4846,text/html,Introduced,https://legiscan.com/MN/text/SF12/id/884640,https://www.revisor.mn.gov/bills/text.php?number=SF12&version=0&session=ls88&session_year=2013&session_number=1
564350,884650,text,20615,text/html,Introduced,https://legiscan.com/MN/text/SF13/id/884650,https://www.revisor.mn.gov/bills/text.php?number=SF13&version=0&session=ls88&session_year=2013&session_number=1
564347,884647,text,20237,text/html,Introduced,https://legiscan.com/MN/text/SF14/id/884647,https://www.revisor.mn.gov/bills/text.php?number=SF14&version=0&session=ls88&session_year=2013&session_number=1
564334,884634,text,20185,text/html,Introduced,https://legiscan.com/MN/text/SF15/id/884634,https://www.revisor.mn.gov/bills/text.php?number=SF15&version=0&session=ls88&session_year=2013&session_number=1
564320,884620,text,20191,text/html,Introduced,https://legiscan.com/MN/text/SF16/id/884620,https://www.revisor.mn.gov/bills/text.php?number=SF16&version=0&session=ls88&session_year=2013&session_number=1
564342,884642,text,20718,text/html,Introduced,https://legiscan.com/MN/text/SF17/id/884642,https://www.revisor.mn.gov/bills/text.php?number=SF17&version=0&session=ls88&session_year=2013&session_number=1
564335,884635,text,20185,text/html,Introduced,https://legiscan.com/MN/text/SF18/id/884635,https://www.revisor.mn.gov/bills/text.php?number=SF18&version=0&session=ls88&session_year=2013&session_number=1
564364,884664,text,24408,text/html,Introduced,https://legiscan.com/MN/text/SF19/id/884664,https://www.revisor.mn.gov/bills/text.php?number=SF19&version=0&session=ls88&session_year=2013&session_number=1
564369,884669,text,5161,text/html,Introduced,https://legiscan.com/MN/text/SF20/id/884669,https://www.revisor.mn.gov/bills/text.php?number=SF20&version=0&session=ls88&session_year=2013&session_number=1
564361,884661,text,21336,text/html,Introduced,https://legiscan.com/MN/text/SF21/id/884661,https://www.revisor.mn.gov/bills/text.php?number=SF21&version=0&session=ls88&session_year=2013&session_number=1
564318,884618,text,20191,text/html,Introduced,https://legiscan.com/MN/text/SF22/id/884618,https://www.revisor.mn.gov/bills/text.php?number=SF22&version=0&session=ls88&session_year=2013&session_number=1
564333,884633,text,2349,text/html,Introduced,https://legiscan.com/MN/text/SF23/id/884633,https://www.revisor.mn.gov/bills/text.php?number=SF23&version=0&session=ls88&session_year=2013&session_number=1
564363,884663,text,20609,text/html,Introduced,https://legiscan.com/MN/text/SF24/id/884663,https://www.revisor.mn.gov/bills/text.php?number=SF24&version=0&session=ls88&session_year=2013&session_number=1
564346,884646,text,6649,text/html,Introduced,https://legiscan.com/MN/text/SF25/id/884646,https://www.revisor.mn.gov/bills/text.php?number=SF25&version=0&session=ls88&session_year=2013&session_number=1
564324,884624,text,1470,text/html,Introduced,https://legiscan.com/MN/text/SF26/id/884624,https://www.revisor.mn.gov/bills/text.php?number=SF26&version=0&session=ls88&session_year=2013&session_number=1
564327,884627,text,52454,text/html,Introduced,https://legiscan.com/MN/text/SF27/id/884627,https://www.revisor.mn.gov/bills/text.php?number=SF27&version=0&session=ls88&session_year=2013&session_number=1
564360,884660,text,20615,text/html,Introduced,https://legiscan.com/MN/text/SF28/id/884660,https://www.revisor.mn.gov/bills/text.php?number=SF28&version=0&session=ls88&session_year=2013&session_number=1
564366,884666,text,21336,text/html,Introduced,https://legiscan.com/MN/text/SF29/id/884666,https://www.revisor.mn.gov/bills/text.php?number=SF29&version=0&session=ls88&session_year=2013&session_number=1
564354,884654,text,21336,text/html,Introduced,https://legiscan.com/MN/text/SF30/id/884654,https://www.revisor.mn.gov/bills/text.php?number=SF30&version=0&session=ls88&session_year=2013&session_number=1
564362,884662,text,20191,text/html,Introduced,https://legiscan.com/MN/text/SF31/id/884662,https://www.revisor.mn.gov/bills/text.php?number=SF31&version=0&session=ls88&session_year=2013&session_number=1
564336,884636,text,5161,text/html,Introduced,https://legiscan.com/MN/text/SF32/id/884636,https://www.revisor.mn.gov/bills/text.php?number=SF32&version=0&session=ls88&session_year=2013&session_number=1
564338,884638,text,20191,text/html,Introduced,https://legiscan.com/MN/text/SF33/id/884638,https://www.revisor.mn.gov/bills/text.php?number=SF33&version=0&session=ls88&session_year=2013&session_number=1
564330,884630,text,2349,text/html,Introduced,https://legiscan.com/MN/text/SF34/id/884630,https://www.revisor.mn.gov/bills/text.php?number=SF34&version=0&session=ls88&session_year=2013&session_number=1
564383,884682,text,9396,text/html,Introduced,https://legiscan.com/MN/text/SF35/id/884682,https://www.revisor.mn.gov/bills/text.php?number=SF35&version=0&session=ls88&session_year=2013&session_number=1
564323,884623,text,34893,text/html,Draft,https://legiscan.com/MN/text/SR1/id/884623,https://www.revisor.mn.gov/bills/text.php?number=SR1&session=ls88&version=latest&session_number=1&session_year=2013
564341,884641,text,34893,text/html,Draft,https://legiscan.com/MN/text/SR2/id/884641,https://www.revisor.mn.gov/bills/text.php?number=SR2&session=ls88&version=latest&session_number=1&session_year=2013
564352,884652,text,34893,text/html,Draft,https://legiscan.com/MN/text/SR3/id/884652,https://www.revisor.mn.gov/bills/text.php?number=SR3&session=ls88&version=latest&session_number=1&session_year=2013
