bill_id,date,chamber,sequence,action
564317,2013-09-09,House,1,"Introduction and first reading, referred to Rules and Legislative Administration"
564317,2013-09-09,House,2,"Authors added Johnson, B.; Erickson, S.; Pugh; Drazkowski and Leidiger"
564318,2013-09-09,Senate,1,"Introduction and first reading"
564318,2013-09-09,Senate,2,"Referred to Rules and Administration"
564319,2013-09-09,Senate,1,"Introduction and first reading"
564319,2013-09-09,Senate,2,"Referred to Rules and Administration"
564320,2013-09-09,Senate,1,"Introduction and first reading"
564320,2013-09-09,Senate,2,"Referred to Rules and Administration"
564321,2013-09-09,Senate,1,"Introduction and first reading"
564321,2013-09-09,Senate,2,"Referred to Rules and Administration"
564322,2013-09-09,Senate,1,"Introduction and first reading"
564322,2013-09-09,Senate,2,"Laid on table"
564322,2013-09-09,Senate,3,"Taken from table"
564322,2013-09-09,Senate,4,"Urgency declared rules suspended"
564322,2013-09-09,Senate,5,"Second reading"
564322,2013-09-09,Senate,6,"Third reading Passed vote: 59-0"
564322,2013-09-09,House,7,"Received from Senate"
564322,2013-09-09,House,8,"Senate file first reading"
564322,2013-09-09,House,9,"Rules suspended, urgency declared"
564322,2013-09-09,House,10,"Second reading"
564322,2013-09-09,House,11,"Third reading"
564322,2013-09-09,House,12,"Bill was passed vote: 127-1"
564322,2013-09-09,,13,"Governor's action Approval "
564322,2013-09-09,,14,"Secretary of State Chapter 1 "
564322,2013-09-09,,15,"Presented to Governor"
564322,2013-09-09,,16,"Governor approval "
564322,2013-09-09,,17,"Secretary of State, Filed "
564323,2013-09-09,Senate,1,Introduction
564323,2013-09-09,Senate,2,"Adopted vote: 56-0"
564324,2013-09-09,Senate,1,"Introduction and first reading"
564324,2013-09-09,Senate,2,"Referred to Rules and Administration"
564325,2013-09-09,Senate,1,"Introduction and first reading"
564325,2013-09-09,Senate,2,"Referred to Rules and Administration"
564326,2013-09-09,Senate,1,"Introduction and first reading"
564326,2013-09-09,Senate,2,"Referred to Rules and Administration"
564327,2013-09-09,Senate,1,"Introduction and first reading"
564327,2013-09-09,Senate,2,"Referred to Rules and Administration"
564328,2013-09-09,House,1,"Introduction and first reading, referred to Rules and Legislative Administration"
564329,2013-09-09,House,1,"Introduction and first reading, referred to Rules and Legislative Administration"
564329,2013-09-09,House,2,"Authors added Zellers; Erickson, S.; Pugh; O'Neill and Leidiger"
564330,2013-09-09,Senate,1,"Introduction and first reading"
564330,2013-09-09,Senate,2,"Referred to Rules and Administration"
564331,2013-09-09,House,1,"Introduction and first reading, referred to Rules and Legislative Administration"
564331,2013-09-09,House,2,"Authors added Myhra, Rosenthal, Pugh, Loon and Leidiger"
564332,2013-09-09,Senate,1,"Introduction and first reading"
564332,2013-09-09,Senate,2,"Referred to Rules and Administration"
564333,2013-09-09,Senate,1,"Introduction and first reading"
564333,2013-09-09,Senate,2,"Referred to Rules and Administration"
564334,2013-09-09,Senate,1,"Introduction and first reading"
564334,2013-09-09,Senate,2,"Referred to Rules and Administration"
564335,2013-09-09,Senate,1,"Introduction and first reading"
564335,2013-09-09,Senate,2,"Referred to Rules and Administration"
564336,2013-09-09,Senate,1,"Introduction and first reading"
564336,2013-09-09,Senate,2,"Referred to Rules and Administration"
564337,2013-09-09,House,1,"Introduction and first reading, referred to Rules and Legislative Administration"
564338,2013-09-09,Senate,1,"Introduction and first reading"
564338,2013-09-09,Senate,2,"Referred to Rules and Administration"
564339,2013-09-09,House,1,"Introduction and first reading, referred to Rules and Legislative Administration"
564339,2013-09-09,House,2,"Authors added Loon, Barrett and Drazkowski"
564340,2013-09-09,Senate,1,"Introduction and first reading"
564340,2013-09-09,Senate,2,"Referred to Rules and Administration"
564341,2013-09-09,Senate,1,Introduction
564341,2013-09-09,Senate,2,"Adopted (voice vote)"
564342,2013-09-09,Senate,1,"Introduction and first reading"
564342,2013-09-09,Senate,2,"Referred to Rules and Administration"
564343,2013-09-09,Senate,1,"Introduction and first reading"
564343,2013-09-09,Senate,2,"Referred to Rules and Administration"
564344,2013-09-09,House,1,"Introduction and first reading, referred to Rules and Legislative Administration"
564344,2013-09-09,House,2,"Authors added Rosenthal, Dorholt and Sawatzky"
564345,2013-09-09,House,1,"Introduction and first reading, referred to Rules and Legislative Administration"
564345,2013-09-09,House,2,"Author added Lien"
564346,2013-09-09,Senate,1,"Introduction and first reading"
564346,2013-09-09,Senate,2,"Referred to Rules and Administration"
564347,2013-09-09,Senate,1,"Introduction and first reading"
564347,2013-09-09,Senate,2,"Referred to Rules and Administration"
564348,2013-09-09,House,1,"Introduction and first reading, referred to Rules and Legislative Administration"
564348,2013-09-09,House,2,"Authors added Wills and Drazkowski"
564349,2013-09-09,House,1,"Introduction and first reading, referred to Rules and Legislative Administration"
564349,2013-09-09,House,2,"Authors added Gunther, Bly, Savick, Winkler, Radinovich, Fischer, Bernardy, Falk, Masin, Persell, Loeffler, Kahn and Gruenhagen"
564350,2013-09-09,Senate,1,"Introduction and first reading"
564350,2013-09-09,Senate,2,"Referred to Rules and Administration"
564351,2013-09-09,House,1,"Introduction and first reading, referred to Rules and Legislative Administration"
564351,2013-09-09,House,2,"Authors added Loon; Runbeck; Erickson, S., and Franson"
564352,2013-09-09,Senate,1,Introduction
564352,2013-09-09,Senate,2,"Adopted (voice vote)"
564353,2013-09-09,House,1,"Introduction and first reading, referred to Rules and Legislative Administration"
564353,2013-09-09,House,2,"Authors added Johnson, B.; Loon; Pugh; Gruenhagen and Barrett"
564354,2013-09-09,Senate,1,"Introduction and first reading"
564354,2013-09-09,Senate,2,"Referred to Rules and Administration"
564355,2013-09-09,Senate,1,"Introduction and first reading"
564355,2013-09-09,Senate,2,"Referred to Rules and Administration"
564356,2013-09-09,Senate,1,"Introduction and first reading"
564356,2013-09-09,Senate,2,"Referred to Rules and Administration"
564357,2013-09-09,House,1,"Introduction and first reading, referred to Rules and Legislative Administration"
564357,2013-09-09,House,2,"Authors added Hansen; Scott; Fabian; Loon; Myhra; Zellers; Erickson, S.; Pugh; Gruenhagen and Drazkowski"
564358,2013-09-09,House,1,"Introduction and first reading, referred to Rules and Legislative Administration"
564359,2013-09-09,House,1,"Introduction and first reading, referred to Rules and Legislative Administration"
564359,2013-09-09,House,2,"Authors added Leidiger; Myhra; Johnson, B.; Scott; Wills; Erickson, S.; Gruenhagen; Woodard; Pugh; Benson, M.; Franson and Drazkowski"
564360,2013-09-09,Senate,1,"Introduction and first reading"
564360,2013-09-09,Senate,2,"Referred to Rules and Administration"
564361,2013-09-09,Senate,1,"Introduction and first reading"
564361,2013-09-09,Senate,2,"Referred to Rules and Administration"
564362,2013-09-09,Senate,1,"Introduction and first reading"
564362,2013-09-09,Senate,2,"Referred to Rules and Administration"
564363,2013-09-09,Senate,1,"Introduction and first reading"
564363,2013-09-09,Senate,2,"Referred to Rules and Administration"
564364,2013-09-09,Senate,1,"Introduction and first reading"
564364,2013-09-09,Senate,2,"Referred to Rules and Administration"
564365,2013-09-09,House,1,"Introduction and first reading, referred to Ways and Means"
564365,2013-09-09,House,2,"Committee report, to pass"
564365,2013-09-09,House,3,"Authors added Loeffler and Pelowski"
564366,2013-09-09,Senate,1,"Introduction and first reading"
564366,2013-09-09,Senate,2,"Referred to Rules and Administration"
564367,2013-09-09,Senate,1,"Introduction and first reading"
564367,2013-09-09,Senate,2,"Referred to Rules and Administration"
564368,2013-09-09,House,1,"Introduction and first reading, referred to Rules and Legislative Administration"
564368,2013-09-09,House,2,"Authors added Scott, Pugh and Drazkowski"
564369,2013-09-09,Senate,1,"Introduction and first reading"
564369,2013-09-09,Senate,2,"Referred to Rules and Administration"
564370,2013-09-09,House,1,"Introduction and first reading, referred to Rules and Legislative Administration"
564371,2013-09-09,House,1,"Introduction and first reading, referred to Rules and Legislative Administration"
564371,2013-09-09,House,2,"Authors added Wills, Franson and Leidiger"
564372,2013-09-09,House,1,"Introduction and first reading, referred to Rules and Legislative Administration"
564373,2013-09-09,Senate,1,"Introduction and first reading"
564373,2013-09-09,Senate,2,"Referred to Rules and Administration"
564383,2013-09-09,Senate,1,"Introduction and first reading"
564383,2013-09-09,Senate,2,"Referred to Rules and Administration"
