people_id,name,first_name,middle_name,last_name,suffix,nickname,party_id,party,role_id,role,district,followthemoney_eid,votesmart_id,opensecrets_id,ballotpedia,knowwho_pid,committee_id
6288,"Alice Hausman",Alice,,Hausman,,,1,D,1,Rep,HD-066A,6428142,3778,,Alice_Hausman,195954,0
6289,"Thomas Huntley",Thomas,,Huntley,,,1,D,1,Rep,HD-007A,6428185,3783,,Thomas_Huntley,195834,0
6291,"Lyndon Carlson",Lyndon,R.,Carlson,,,1,D,1,Rep,HD-045A,6427951,3755,,Jim_Carlson,195915,0
6295,"Frank Hornstein",Frank,,Hornstein,,,1,D,1,Rep,HD-061A,338052,38589,,Frank_Hornstein,212973,0
6296,"Mary Murphy",Mary,,Murphy,,,1,D,1,Rep,HD-003B,6428480,3820,,Mary_Murphy_(Minnesota),195837,0
6298,"Gene Pelowski",Gene,,Pelowski,Jr.,,1,D,1,Rep,HD-028A,6428563,3835,,Gene_Pelowski_Jr.,195887,0
6301,"Erin Murphy",Erin,P.,Murphy,,,1,D,1,Rep,HD-064A,6517326,65842,,Erin_Murphy_(Minnesota),249338,0
6302,"Paul Thissen",Paul,C.,Thissen,,,1,D,1,Rep,HD-061B,13003043,38748,,Paul_Thissen,212974,0
6303,"Jeanne Poppe",Jeanne,E.,Poppe,,,1,D,1,Rep,HD-027B,6515650,38609,,Jeanne_Poppe,227790,0
6307,"Rick Hansen",Rick,,Hansen,,,1,D,1,Rep,HD-052A,13002934,38981,,Rick_Hansen_(Minnesota),227824,0
6310,"Mike Nelson",Mike,V.,Nelson,,,1,D,1,Rep,HD-040A,6515845,38885,,Michael_V._Nelson,212965,0
6313,"Sandra Masin",Sandra,A.,Masin,,,1,D,1,Rep,HD-051A,6516344,20247,,Sandra_Masin,250694,0
6314,"Tim Mahoney",Tim,,Mahoney,,,1,D,1,Rep,HD-067A,6516090,20271,,Tim_Mahoney_(Minnesota),195956,0
6315,"Jean Wagenius",Jean,,Wagenius,,,1,D,1,Rep,HD-063B,6428775,3869,,Jean_Wagenius,195949,0
6318,"Diane Loeffler",Diane,,Loeffler,,,1,D,1,Rep,HD-060A,6516985,38631,,Diane_Loeffler,227846,0
6321,"Leon Lillie",Leon,Michael,Lillie,,,1,D,1,Rep,HD-043B,13002960,38900,,Leon_Lillie,227842,0
6324,"Carlos Mariani",Carlos,,Mariani,,,1,D,1,Rep,HD-065B,6428388,3801,,Carlos_Mariani,195953,0
6325,"Jim Davnie",Jim,,Davnie,,,1,D,1,Rep,HD-063A,6516035,54646,,Jim_Davnie,208320,0
6327,"Kim Norton",Kim,,Norton,,,1,D,1,Rep,HD-025B,6517041,38524,,Kim_Norton,250688,0
6328,"Jerry Newton",Jerry,,Newton,,,1,D,1,Rep,SD-037,6516386,141032,,Jerry_Newton,270991,0
6329,"David Bly",David,H.,Bly,,,1,D,1,Rep,HD-020B,6515630,38772,,David_Bly,250684,0
6330,"Andrew Falk",Andrew,,Falk,,,1,D,1,Rep,HD-017A,6517811,109186,,Andrew_Falk_(Minnesota),270914,0
6331,"Debra Hilstrom",Debra,,Hilstrom,,,1,D,1,Rep,HD-040B,6515854,54536,,Debra_Hilstrom,208310,0
6332,"Tim Faust",Tim,D.,Faust,,,1,D,1,Rep,HD-011B,13002789,38623,,Tim_Faust,249255,0
6335,"John Benson",John,,Benson,,,1,D,1,Rep,HD-044B,6516786,38853,,John_Benson_(Minnesota),249305,0
6336,"John Ward",John,,Ward,,,1,D,1,Rep,HD-010A,13002797,66849,,John_Ward_(Minnesota),249257,0
6337,"Ryan Winkler",Ryan,P.,Winkler,,,1,D,1,Rep,HD-046A,6517453,67641,,Ryan_Winkler,249309,0
6338,"Paul Marquart",Paul,,Marquart,,,1,D,1,Rep,HD-004B,13002773,54545,,Paul_Marquart,208303,0
6339,"Steve Simon",Steve,,Simon,,,1,D,1,Rep,HD-046B,6517106,38501,,Steve_Simon,227830,0
6340,"John Persell",John,,Persell,,,1,D,1,Rep,HD-005A,6517916,109088,,John_Persell,270866,0
6342,"Karen Clark",Karen,J.,Clark,,,1,D,1,Rep,HD-062A,6427991,3746,,Karen_Clark,195944,0
6344,"Melissa Hortman",Melissa,,Hortman,,,1,D,1,Rep,HD-036B,6462446,20295,,Melissa_Hortman,227836,0
6346,"Sarah Anderson",Sarah,,Anderson,,,2,R,1,Rep,HD-044A,6668020,68761,,Sarah_Anderson,249280,0
6347,"Carolyn Laine",Carolyn,,Laine,,,1,D,1,Rep,SD-041,6517281,66645,,Carolyn_Laine,249312,0
6348,"Roger Reinert",Roger,J.,Reinert,,,1,D,2,Sen,SD-007,13002782,109140,,Roger_Reinert,270880,0
6351,"Bob Gunther",Bob,,Gunther,,,2,R,1,Rep,HD-023A,6597674,13483,,Bob_Gunther,195875,0
6352,"Sheldon Johnson",Sheldon,,Johnson,,,1,D,1,Rep,HD-067B,6516096,54546,,Sheldon_Johnson,208321,0
6353,"Phyllis Kahn",Phyllis,,Kahn,,,1,D,1,Rep,HD-060B,6163807,3797,,Phyllis_Kahn,195941,0
6355,"Joe Mullery",Joe,,Mullery,,,1,D,1,Rep,HD-059A,6428470,13696,,Joe_Mullery,195939,0
6356,"Kathy Brynaert",Kathy,,Brynaert,,,1,D,1,Rep,HD-019B,6517506,68743,,Kathy_Brynaert,249267,0
6357,"Patti Fritz",Patti,,Fritz,,,1,D,1,Rep,HD-024B,6515638,38477,,Patti_Fritz,227784,0
6358,"Michael Paymar",Michael,,Paymar,,,1,D,1,Rep,HD-064B,6428551,13753,,Michael_Paymar,195951,0
6365,"Paul Rosenthal",Paul,,Rosenthal,,,1,D,1,Rep,HD-049B,13002945,68517,,Paul_Rosenthal_(Minnesota),270967,0
6367,"Tina Liebling",Tina,,Liebling,,,1,D,1,Rep,HD-026A,13002868,38468,,Tina_Liebling,227797,0
6368,"Mary Kiffmeyer",Mary,E.,Kiffmeyer,,,2,R,2,Sen,SD-030,6598154,2078,,Mary_Kiffmeyer,218920,0
6370,"Dean Urdahl",Dean,,Urdahl,,,2,R,1,Rep,HD-018A,6597622,38738,,Dean_Urdahl,212938,0
6373,"Rod Hamilton",Rod,,Hamilton,,,2,R,1,Rep,HD-022B,6666071,38507,,Rod_Hamilton,227777,0
6374,"Paul Torkelson",Paul,,Torkelson,,,2,R,1,Rep,HD-016B,6678649,109197,,Paul_Torkelson,270918,0
6375,"Bud Nornes",Bud,,Nornes,,,2,R,1,Rep,HD-008A,6597529,13437,,Bud_Nornes,195841,0
6376,"Bob Dettmer",Bob,,Dettmer,,,2,R,1,Rep,HD-039A,6672976,68771,,Bob_Dettmer,249324,0
6377,"Matthew Dean",Matthew,,Dean,,Matt,2,R,1,Rep,HD-038B,6666036,38510,,Matt_Dean,227838,0
6379,"Dennis McNamara",Dennis,,McNamara,,Denny,2,R,1,Rep,HD-054B,6598043,38580,,Denny_McNamara,212971,0
6380,"Ann Lenczewski",Ann,,Lenczewski,,,1,D,1,Rep,HD-050B,6515781,20315,,Ann_Lenczewski,195904,0
6381,"Paul H. Anderson",Paul,H.,Anderson,,,2,R,1,Rep,HD-012B,6560558,110598,,Paul_Anderson_(Minnesota),270896,0
6382,"Joyce Peppin",Joyce,,Peppin,,,2,R,1,Rep,HD-034A,6666112,38825,,Joyce_Peppin,227810,0
6383,"Tim Kelly",Tim,,Kelly,,,2,R,1,Rep,HD-021A,6678572,109236,,Tim_Kelly_(Minnesota),270933,0
6384,"Steve Drazkowski",Steve,,Drazkowski,,,2,R,1,Rep,HD-021B,6668032,65586,,Steve_Drazkowski,258645,0
6386,"Tom Anzelc",Tom,,Anzelc,,,1,D,1,Rep,HD-005B,6517637,68726,,Tom_Anzelc,249253,0
6390,"Pat Garofalo",Pat,,Garofalo,,,2,R,1,Rep,HD-058B,6666056,38499,,Pat_Garofalo,227821,0
6392,"Gregory Davids",Gregory,M.,Davids,,Greg,2,R,1,Rep,HD-028B,13002881,3761,,Greg_Davids,195885,0
6393,"Michael Beard",Michael,,Beard,,,2,R,1,Rep,HD-055A,6597836,38756,,Michael_Beard,212953,0
6396,"John Lesch",John,,Lesch,,,1,D,1,Rep,HD-066B,6516078,38700,,John_Lesch,212975,0
6398,"Joe Hoppe",Joe,,Hoppe,,,2,R,1,Rep,HD-047B,6597827,38902,,Joe_Hoppe,212952,0
6399,"Tim Sanders",Tim,,Sanders,,,2,R,1,Rep,HD-037B,13002925,109250,,Tim_Sanders_(Minnesota),270996,0
6401,"Linda Slocum",Linda,,Slocum,,,1,D,1,Rep,HD-050A,13002993,66776,,Linda_Slocum,249336,0
6403,"Torrey Westrom",Torrey,,Westrom,,,2,R,2,Sen,SD-012,6597542,13444,,Torrey_Westrom,195850,0
6405,"Mary Liz Holberg","Mary Liz",,Holberg,,,2,R,1,Rep,HD-058A,6597847,20331,,Mary_Liz_Holberg,212956,0
6407,"Peggy Scott",Peggy,,Scott,,,2,R,1,Rep,HD-035B,6678633,109239,,Peggy_Scott,270989,0
6408,"Jim Abeler",Jim,J.,Abeler,,,2,R,1,Rep,SD-035,6597958,20208,,Jim_Abeler,195846,0
6409,"Joe Atkins",Joe,,Atkins,,,1,D,1,Rep,HD-052B,6515769,38811,,Joe_Atkins,212961,0
6410,"Jenifer Loon",Jenifer,,Loon,,,2,R,1,Rep,HD-048B,13002951,109180,,Jenifer_Loon,270971,0
6415,"Tom Hackbarth",Tom,,Hackbarth,,,2,R,1,Rep,HD-031B,13002897,3779,,Tom_Hackbarth,195922,0
6416,"Tony Cornish",Tony,,Cornish,,,2,R,1,Rep,HD-023B,13002856,38575,,Tony_Cornish,212945,0
6417,"Tara Mack",Tara,,Mack,,,2,R,1,Rep,HD-057A,6678595,109148,,Tara_Mack,270955,0
6421,"Kurt Zellers",Kurt,,Zellers,,,2,R,1,Rep,HD-034B,6666165,38998,,Kurt_Zellers,215550,0
6423,"David Tomassoni",David,J,Tomassoni,,,1,D,2,Sen,SD-006,9342602,3861,,David_Tomassoni,195832,0
6424,"Richard Cohen",Richard,J,Cohen,,,1,D,2,Sen,SD-064,13012480,3886,,Dick_Cohen,195819,0
6432,"James Metzen",James,P,Metzen,,,1,D,2,Sen,SD-052,6428438,3911,,James_Metzen,195794,0
6433,"Daniel Sparks",Daniel,,Sparks,,Dan,1,D,2,Sen,SD-027,6485403,38471,,Dan_Sparks_(Minnesota),212985,0
6434,"Mark Anderson",Mark,,Anderson,,,2,R,1,Rep,HD-009A,12746161,140953,,State_Representative_Mark_Anderson_(Minnesota),424660,0
6436,"David Dibble",David,Scott,Dibble,,,1,D,2,Sen,SD-061,6515414,54751,,Scott_Dibble,208318,0
6451,"Tom Saxhaug",Tom,,Saxhaug,,,1,D,2,Sen,SD-005,6515271,38845,,Tom_Saxhaug,212977,0
6458,"Warren Limmer",Warren,,Limmer,,,2,R,2,Sen,SD-034,13012418,3908,,Warren_Limmer,195788,0
6463,"William Ingebrigtsen",William,G.,Ingebrigtsen,,Bill,2,R,2,Sen,SD-008,13012366,67041,,Bill_Ingebrigtsen,249346,0
6464,"David Hann",David,W,Hann,,,2,R,2,Sen,SD-048,13012435,38741,,David_Hann,212990,0
6465,"David Senjem",David,H,Senjem,,,2,R,2,Sen,SD-025,6597291,38497,,David_Senjem,212986,0
6466,"Thomas Bakk",Thomas,M,Bakk,,Tom,1,D,2,Sen,SD-003,6427897,3749,,Thomas_Bakk,212979,0
6470,"Julie Rosen",Julie,A,Rosen,,,2,R,2,Sen,SD-023,6597268,38540,,Julie_Rosen,212984,0
6473,"Sondra Erickson",Sondra,,Erickson,,,2,R,1,Rep,HD-015A,6597584,2089,,Sondra_Erickson,195857,0
6490,"Julianne Ortman",Julianne,,Ortman,,,2,R,2,Sen,SD-047,6597314,38935,,Julianne_Ortman,212987,0
10501,"Dan Fabian",Dan,,Fabian,,,2,R,1,Rep,HD-001A,6694247,123058,,Dan_Fabian,299575,0
10502,"Kurt Daudt",Kurt,,Daudt,,,2,R,1,Rep,HD-031A,2745155,88185,,Kurt_Daudt,299246,0
10505,"Debra Kiel",Debra,,Kiel,,Deb,2,R,1,Rep,HD-001B,6697778,123063,,Debra_Kiel,299613,0
10506,"Kelby Woodard",Kelby,,Woodard,,,2,R,1,Rep,HD-020A,13002846,123211,,Kelby_Woodard,299681,0
10509,"Ernie Leidiger",Ernie,,Leidiger,,,2,R,1,Rep,HD-047A,13002914,125724,,Ernie_Leidiger,299277,0
10511,"Duane Quam",Duane,,Quam,,,2,R,1,Rep,HD-025A,13002866,123232,,Duane_Quam,299654,0
10512,"Bob Barrett",Bob,,Barrett,,,2,R,1,Rep,HD-032B,13002831,54664,,Bob_Barrett,299545,0
10514,"Mike Benson",Mike,,Benson,,,2,R,1,Rep,HD-026B,6694414,123238,,Mike_Benson,299548,0
10515,"Chris Swedzinski",Chris,,Swedzinski,,,2,R,1,Rep,HD-016A,6694353,123175,,Chris_Swedzinski,221055,0
10519,"Kathy Lohmer",Kathy,,Lohmer,,,2,R,1,Rep,HD-039B,6678590,109288,,Kathy_Lohmer,299282,0
10520,"Mary Franson",Mary,,Franson,,,2,R,1,Rep,HD-008B,6694311,123109,,Mary_Franson,299576,0
10522,"Glenn Gruenhagen",Glenn,,Gruenhagen,,,2,R,1,Rep,HD-018B,6694368,123208,,Glenn_Gruenhagen,299256,0
10524,"Tim O'Driscoll",Tim,,O'Driscoll,,,2,R,1,Rep,HD-013B,6694321,123119,,Tim_O%27Driscoll,299642,0
10525,"Rena Moran",Rena,,Moran,,,1,D,1,Rep,HD-065A,6518228,123361,,Rena_Moran,299635,0
10527,"Linda Runbeck",Linda,,Runbeck,,,2,R,1,Rep,HD-038A,13002927,3930,,Linda_Runbeck,195808,0
10532,"Sean Nienow",Sean,R,Nienow,,,2,R,2,Sen,SD-032,13012388,38498,,Sean_Nienow,212982,0
10533,"Paul Gazelka",Paul,E,Gazelka,,,2,R,2,Sen,SD-009,6666062,38621,,Paul_Gazelka,227760,0
10534,"Dan Hall",Dan,D,Hall,,,2,R,2,Sen,SD-056,6694700,123001,,Dan_Hall,299588,0
10536,"Michelle Benson",Michelle,,Benson,,,2,R,2,Sen,SD-031,13012417,123011,,Michelle_Benson,299547,0
10537,"Dave Brown",Dave,,Brown,,,2,R,2,Sen,SD-015,13012384,122972,,Dave_Brown_(Minnesota),299559,0
10860,"Joe McDonald",Joe,,McDonald,,,2,R,1,Rep,HD-029A,6694340,125675,,Joe_McDonald,299887,0
10861,"Joe Schomacker",Joe,,Schomacker,,,2,R,1,Rep,HD-022A,13002853,123181,,Joe_Schomacker,299307,0
10863,"Pam Myhra",Pam,,Myhra,,,2,R,1,Rep,HD-056A,6694437,123271,,Pam_Myhra,299293,0
10864,"Roger Chamberlain",Roger,C,Chamberlain,,,2,R,2,Sen,SD-038,6694735,123016,,Roger_Chamberlain,299562,0
10865,"Dave Thompson",Dave,,Thompson,,,2,R,2,Sen,SD-058,13012427,122997,,Dave_Thompson,299672,0
10866,"John Hoffman",John,A.,Hoffman,,,1,D,2,Sen,SD-036,12745973,140901,,John_Hoffman_(Minnesota),424303,0
10869,"Gary Dahms",Gary,H,Dahms,,,2,R,2,Sen,SD-016,13012387,111351,,Gary_Dahms,299245,0
10870,"Carla Nelson",Carla,J.,Nelson,,,2,R,2,Sen,SD-026,13002891,38565,,Carla_Nelson,212950,0
10874,"Jeremy Miller",Jeremy,,Miller,,,2,R,2,Sen,SD-028,10885453,136730,,Jeremy_Miller_(Minnesota),299890,0
11147,"Scott Newman",Scott,J,Newman,,,2,R,2,Sen,SD-018,6666103,2093,,Scott_Newman,222794,0
12478,"Carly Melin",Carly,,Melin,,,1,D,1,Rep,HD-006A,13002777,128765,,Carly_Melin,332043,0
13841,"Susan Allen",Susan,,Allen,,,1,D,1,Rep,HD-062B,6518431,136105,,Susan_Allen,390549,0
13842,"Kari Dziedzic",Kari,,Dziedzic,,Karen,1,D,2,Sen,SD-060,6518448,136068,,Kari_Dziedzic,391397,0
14361,"Connie Bernardy",Connie,,Bernardy,,,1,D,1,Rep,HD-041A,6515920,54725,,Connie_Bernardy,208311,0
14362,"Raymond Dehn",Raymond,,Dehn,,,1,D,1,Rep,HD-059B,16072452,141119,,Raymond_Dehn,424967,0
14363,"Zachary Dorholt",Zachary,,Dorholt,,,1,D,1,Rep,HD-014B,6518042,140972,,Zach_Dorholt,299250,0
14364,"Roger Erickson",Roger,A.,Erickson,,,1,D,1,Rep,HD-002A,12745911,140936,,Roger_Erickson,424641,0
14365,"Peter Fischer",Peter,,Fischer,,,1,D,1,Rep,HD-043A,16072411,141045,,Peter_Fischer,424880,0
14366,"Mike Freiberg",Mike,,Freiberg,,,1,D,1,Rep,HD-045B,16072415,141051,,Mike_Freiberg,424885,0
14367,"Laurie Halverson",Laurie,,Halverson,,,1,D,1,Rep,HD-051B,16072426,141070,,Laurie_Halverson_(Minnesota),424896,0
14368,"Jason Isaacson",Jason,,Isaacson,,Ike,1,D,1,Rep,SD-042,6519065,21213,,Jason_Isaacson,294246,0
14369,"Brian Johnson",Brian,,Johnson,,,2,R,1,Rep,HD-032A,12746187,142918,,Brian_Johnson_(Minnesota),424789,0
14370,"Ben Lien",Ben,,Lien,,,1,D,1,Rep,HD-004A,12745919,140941,,Ben_Lien,424646,0
14371,"Jay McNamar",Jay,,McNamar,,,1,D,1,Rep,HD-012A,12745917,140967,,Jay_McNamar,0,0
14372,"Jason Metsa",Jason,,Metsa,,,1,D,1,Rep,HD-006B,12745923,140948,,Jason_Metsa,424653,0
14373,"Joe Radinovich",Joe,,Radinovich,,,1,D,1,Rep,HD-010B,12745930,140958,,Joe_Radinovich,424666,0
14374,"Shannon Savick",Shannon,,Savick,,,1,D,1,Rep,HD-027A,12745957,141002,,Shannon_Savick,424778,0
14375,"Mary Sawatzky",Mary,,Sawatzky,,,1,D,1,Rep,HD-017B,12745939,140981,,Mary_Sawatzky,424760,0
14376,"Dan Schoen",Dan,,Schoen,,,1,D,1,Rep,SD-054,16072434,141090,,Dan_Schoen,424951,0
14377,"Yvonne Selcer",Yvonne,,Selcer,,,1,D,1,Rep,HD-048A,16072419,141055,,Yvonne_Selcer,424889,0
14378,"Erik Simonson",Erik,,Simonson,,,1,D,1,Rep,SD-007,16072402,143585,,Erik_Simonson,439934,0
14379,"Mike Sundin",Mike,,Sundin,,,1,D,1,Rep,HD-011A,12745933,140963,,Mike_Sundin,424671,0
14380,"JoAnn Ward",JoAnn,,Ward,,,1,D,1,Rep,HD-053A,16072431,141083,,JoAnn_Ward,424901,0
14381,"Barb Yarusso",Barb,,Yarusso,,,1,D,1,Rep,HD-042A,16072408,141043,,Barb_Yarusso,424878,0
14836,"Tony Albright",Tony,,Albright,,,2,R,1,Rep,HD-055B,9128979,141105,,Tony_Albright,424954,0
14838,"Jeff Howe",Jeff,,Howe,,,2,R,1,Rep,SD-013,9157230,140969,,Jeff_Howe,424678,0
14839,"Ron Kresha",Ron,,Kresha,,,2,R,1,Rep,HD-009B,12746162,140955,,Ron_Kresha,424662,0
14840,"Mark Uglem",Mark,,Uglem,,,2,R,1,Rep,HD-036A,12746191,141028,,Mark_Uglem,424864,0
15068,"Jim Newberger",Jim,,Newberger,,,2,R,1,Rep,HD-015B,12746167,140974,,Jim_Newberger,424752,0
15069,"Anna Wills",Anna,,Wills,,,2,R,1,Rep,HD-057B,16072443,141110,,Anna_Wills,424959,0
15070,"Karin Housley",Karin,,Housley,,,2,R,2,Sen,SD-039,13012467,123021,,Karin_Housley,299266,0
15072,"Eric Pratt",Eric,R.,Pratt,,,2,R,2,Sen,SD-055,12746198,140917,,Eric_Pratt,424321,0
15073,"Matt Schmit",Matt,,Schmit,,,1,D,2,Sen,SD-021,12745944,140886,,Matt_Schmit,242568,0
15297,"David FitzSimmons",David,,FitzSimmons,,,2,R,1,Rep,HD-030B,12746185,141010,,David_FitzSimmons,424785,0
15298,"Jerry Hertaus",Jerry,,Hertaus,,,2,R,1,Rep,HD-033A,9229921,141015,,Jerry_Hertaus,424791,0
15299,"Cindy Pugh",Cindy,,Pugh,,,2,R,1,Rep,HD-033B,12746190,141017,,Cindy_Pugh,424793,0
15367,"Steve Green",Steve,,Green,,,2,R,1,Rep,HD-002B,13002756,109054,,Steve_Green_(Minnesota),299878,0
15368,"John Petersburg",John,,Petersburg,,,2,R,1,Rep,HD-024A,12746177,140994,,John_Petersburg,668234,0
15371,"Bill Weber",Bill,,Weber,,,2,R,2,Sen,SD-022,13012399,68614,,Bill_Weber,424227,0
15436,"Melissa Wiklund",Melissa,Havlorson,Wiklund,,,1,D,2,Sen,SD-050,12745982,140913,,Melissa_Halvorson_Wiklund,424317,0
15470,"Nick Zerwas",Nick,,Zerwas,,,2,R,1,Rep,HD-030A,12746184,141008,,Nick_Zerwas,424783,0
15471,"Marion O'Neill",Marion,,O'Neill,,,2,R,1,Rep,HD-029B,12746182,141007,,Marion_O%27Neill,419566,0
15704,"David Osmek",David,J.,Osmek,,,2,R,2,Sen,SD-033,12746188,140898,,David_Osmek,424300,0
15909,"Clark Johnson",Clark,,Johnson,,,1,D,1,Rep,HD-019A,17359599,144262,,Clark_Johnson,452569,0
15936,"Tama Theis",Tama,,Theis,,,2,R,1,Rep,HD-014A,17359633,144259,,Tama_Theis,452555,0
