people_id,name,first_name,middle_name,last_name,suffix,nickname,party_id,party,role_id,role,district,followthemoney_eid,votesmart_id,opensecrets_id,ballotpedia,knowwho_pid,committee_id
4232,"Sylvia Allen",Sylvia,Tenney,Allen,,,2,R,2,Sen,SD-006,6662215,28166,,Sylvia_Allen,265569,0
4233,"David Gowan",David,,Gowan,,,2,R,2,Sen,SD-014,6662273,28241,,David_Gowan,267669,0
4234,"Stephen Pierce",Stephen,M.,Pierce,,Steve,2,R,1,Rep,HD-001,8430988,106395,,Steve_Pierce,271889,0
4235,"Franklin Pratt",Franklin,M.,Pratt,,Frank,2,R,2,Sen,HD-008,6662340,28269,,Frank_Pratt,267652,0
4262,"John Kavanagh",John,,Kavanagh,,,2,R,1,Rep,HD-023,6671185,68209,,John_Kavanagh,248845,0
4273,"Nancy Barto",Nancy,K.,Barto,,,2,R,1,Rep,SD-015,6671146,58371,,Nancy_K._Barto,242903,0
4310,"Robert Meza",Robert,,Meza,,,1,D,1,Rep,HD-030,8531838,52960,,Robert_Meza,212148,0
4311,"David Bradley",David,T.,Bradley,,,1,D,2,Sen,SD-010,6400976,28472,,David_Bradley_(Arizona),212160,0
4371,"Rebecca Rios",Rebecca,,Rios,,,1,D,2,Sen,SD-027,8509414,3107,,Rebecca_Rios,192944,0
10679,"John Fillmore",John,M.,Fillmore,,,2,R,1,Rep,HD-016,6671163,123811,,John_Fillmore,293811,0
10684,"Karen Fann",Karen,Elizabeth,Fann,,,2,R,2,Sen,SD-001,6690448,123640,,Karen_Fann,293788,0
10685,"Rick Gray",Rick,,Gray,,,2,R,2,Sen,SD-021,6690553,123693,,Rick_Gray,293797,0
10688,"John Allen",John,M.,Allen,,,2,R,1,Rep,HD-015,6602386,28098,,John_Allen_(Arizona_House_of_Representatives),212164,0
10690,"Kate Brophy McGee",Kate,,"Brophy McGee",,,2,R,2,Sen,SD-028,6690571,123701,,Kate_Brophy_McGee,308993,0
10692,"Michelle Ugenti-Rita",Michelle,R.,Ugenti-Rita,,,2,R,2,Sen,SD-023,6690537,123686,,Michelle_Ugenti-Rita,293796,0
10694,"Eddie Farnsworth",Edwin,W.,Farnsworth,,Eddie,2,R,2,Sen,SD-012,6381730,28101,,Eddie_Farnsworth,205858,0
10696,"Javan Mesnard",Javan,D.,Mesnard,,,2,R,2,Sen,SD-017,6690618,123791,,J.D._Mesnard,293809,0
10699,"Lela Alston",Lela,,Alston,,,1,D,2,Sen,SD-024,6412623,123722,,Lela_Alston,293799,0
10701,"Heather Carter",Heather,,Carter,,,2,R,2,Sen,HD-015,6690503,123672,,Heather_Carter,308951,0
10704,"Sally Gonzales",Sally,Ann,Gonzales,,,1,D,2,Sen,SD-003,12997768,12275,,Sally_Ann_Gonzales,192949,0
10708,"Gail Griffin",Gail,,Griffin,,,2,R,1,Rep,HD-014,12997808,12274,,Gail_Griffin,192945,0
11744,"David Farnsworth",David,Christian,Farnsworth,,,2,R,2,Sen,SD-016,23319205,3056,,David_Farnsworth,468293,0
13923,"Martin Quezada",Martin,J.,Quezada,,,1,D,2,Sen,SD-029,6507379,123716,,Martin_Quezada,399712,0
14554,"Lupe Contreras",Lupe,Chavira,Contreras,,,1,D,2,Sen,SD-019,12719919,141487,,Lupe_Contreras,668296,0
14556,"Paul Boyer",Paul,,Boyer,,,2,R,2,Sen,SD-020,12719924,141493,,Paul_Boyer,423707,0
14698,"Sonny Borrelli",Sonny,,Borrelli,,,2,R,2,Sen,SD-005,12719889,129361,,Sonny_Borrelli,423615,0
14700,"Andrea Dalessandro",Andrea,D.,Dalessandro,,,1,D,2,Sen,SD-002,6492084,106730,,Andrea_Dalessandro,267668,0
14703,"David Livingston",David,Alan,Livingston,,,2,R,2,Sen,SD-022,12719927,141496,,David_Livingston,423719,0
14704,"Juan Mendez",Juan,Jose,Mendez,,,1,D,2,Sen,SD-026,12719936,141502,,Juan_Mendez,423728,0
14707,"Warren Petersen",Warren,H.,Petersen,,,2,R,1,Rep,SD-012,9691346,141381,,Warren_Petersen,423641,0
14709,"Thomas Shope",Thomas,R.,Shope,,T.J.,2,R,1,Rep,HD-008,12719897,141366,,T.J._Shope,423629,0
14710,"Victoria Steele",Victoria,,Steele,,,1,D,2,Sen,SD-009,12719898,141367,,Victoria_Steele,423631,0
14711,"Bob Thorpe",Bob,,Thorpe,,,2,R,1,Rep,HD-006,12719892,141349,,Bob_Thorpe,423621,0
14712,"Kelly Townsend",Kelly,J.,Townsend,,,2,R,1,Rep,HD-016,6690635,123798,,Kelly_Townsend,423675,0
15254,"Jamescita Peshlakai",Jamescita,,Peshlakai,,,1,D,2,Sen,SD-007,8508984,141360,,Jamescita_Peshlakai,423622,0
15256,"Lisa Otondo",Lisa,A.,Otondo,,,1,D,2,Sen,SD-004,8732538,28473,,Lisa_Otondo,423612,0
15258,"Rosanna Gabaldon",Rosanna,,Gabaldon,,,1,D,1,Rep,HD-002,12719881,141336,,Rosanna_Gabaldon,423590,0
16506,"Mark Finchem",Mark,W.,Finchem,,,2,R,1,Rep,HD-011,15395133,153852,,Mark_Finchem,498517,0
16507,"Anthony Kern",Anthony,T.,Kern,,,2,R,1,Rep,HD-020,23321151,153897,,Anthony_Kern,500109,0
16508,"Jay Lawrence",Jay,,Lawrence,,,2,R,1,Rep,HD-023,23293190,153905,,Jay_Lawrence,499853,0
16644,"Russell Bowers",Russell,,Bowers,,Rusty,2,R,1,Rep,HD-025,8442347,3021,,Russell_Bowers,192912,0
16646,"Regina Cobb",Regina,E.,Cobb,,,2,R,1,Rep,HD-005,14015914,153837,,Regina_Cobb,499841,0
16648,"Tony Rivero",Tony,,Rivero,,,2,R,1,Rep,HD-021,24748398,129363,,Tony_Rivero,500111,0
16649,"Jeff Weninger",Jeff,,Weninger,,,2,R,1,Rep,HD-017,23317844,71915,,Jeff_Weninger,499849,0
16652,"Vince Leach",Vince,,Leach,,,2,R,2,Sen,SD-011,8465439,153854,,Vince_Leach,499595,0
16775,"Richard Andrade",Richard,C.,Andrade,,,1,D,1,Rep,HD-029,23318738,153920,,Richard_Andrade,499860,0
16777,"Randall Friese",Randall,,Friese,,,1,D,1,Rep,HD-009,24748365,153849,,Randall_Friese,498516,0
16778,"Charlene Fernandez",Charlene,R.,Fernandez,,,1,D,1,Rep,HD-004,12719884,141340,,Charlene_Fernandez,423611,0
16878,"Reginald Bolding",Reginald,,Bolding,Jr.,,1,D,1,Rep,HD-027,12719942,141507,,Reginald_Bolding,423733,0
16879,"Diego Espinoza",Diego,,Espinoza,,,1,D,1,Rep,HD-019,24748391,153889,,Diego_Espinoza_(Arizona),500106,0
17036,"Noel Campbell",Noel,W.,Campbell,,,2,R,1,Rep,HD-001,6671152,67434,,Noel_Campbell,293787,0
18039,"Becky Nutt",Becky,A.,Nutt,,,2,R,1,Rep,HD-014,40621905,171756,,Becky_Nutt,583649,0
18040,"Pamela Hannley",Pamela,,"Powers Hannley",,,1,D,1,Rep,HD-009,8518702,171713,,Pamela_Powers_Hannley,585790,0
18041,"Michelle Udall",Michelle,,Udall,,,2,R,1,Rep,HD-025,23318324,153910,,Michelle_Udall,499601,0
18566,"Isela Blanc",Isela,,Blanc,,,1,D,1,Rep,HD-026,25729732,171825,,Isela_Blanc,582438,0
18567,"Cesar Chavez",Cesar,,Chavez,,,1,D,1,Rep,HD-029,40621932,153728,,Cesar_Chavez_(Arizona_legislator),488331,0
18568,"Kirsten Engel",Kirsten,,Engel,,,1,D,1,Rep,HD-010,15853312,171720,,Kirsten_Engel,584612,0
18569,"Denise Epstein",Denise,,Epstein,,Mitzi,1,D,1,Rep,HD-018,8543206,153884,,Mitzi_Epstein,499850,0
18571,"Tony Navarrete",Otoniel,,Navarrete,,Tony,1,D,2,Sen,SD-030,25726871,171893,,Tony_Navarrete,585852,0
18607,"Travis Grantham",Travis,W.,Grantham,,,2,R,1,Rep,HD-012,13607128,141248,,Travis_Grantham,378589,0
18608,"Athena Salman",Athena,,Salman,,,1,D,1,Rep,HD-026,40621924,171836,,Athena_Salman,582439,0
18652,"David Cook",David,L.,Cook,,,2,R,1,Rep,HD-008,8473177,171705,,David_Cook_(Arizona),584956,0
18663,"Kevin Payne",Kevin,,Payne,,,2,R,1,Rep,HD-021,16622819,171801,,Kevin_Payne,584970,0
18771,"Sean Bowie",Sean,,Bowie,,,1,D,2,Sen,SD-018,39697945,171663,,Sean_Bowie,585881,0
18772,"Kelli Butler",Kelli,Sue,Butler,,,1,D,1,Rep,HD-028,14015676,153826,,Kelli_Butler,498515,0
18981,"Daniel Hernandez",Daniel,,Hernandez,,,1,D,1,Rep,HD-002,12719943,171688,,Daniel_Hernandez_Jr.,585779,0
19369,"Ben Toma",Ben,,Toma,,,2,R,1,Rep,HD-022,8449605,176446,,Ben_Toma,624242,0
19489,"Geraldine Peten",Geraldine,,Peten,,Gerae,1,D,1,Rep,HD-004,44228199,176949,,Geraldine_Peten,636776,0
19500,"Sine Kerr",Sine,,Kerr,,,2,R,2,Sen,SD-013,16726797,178430,,Sine_Kerr,650184,0
19572,"Tim Dunn",Timothy,M.,Dunn,,Tim,2,R,1,Rep,HD-013,8582459,178189,,Tim_Dunn_(Arizona),655560,0
20172,"Walter Blackman",Walter,,Blackman,,Walt,2,R,1,Rep,HD-006,45362040,184551,,Walter_Blackman,668308,0
20249,"Leo Biasiucci",Leo,,Biasiucci,,,2,R,1,Rep,HD-005,40621888,171694,,Leo_Biasiucci,585785,0
20467,"Bret Roberts",Bret,,Roberts,,,2,R,1,Rep,HD-011,45362063,184574,,Bret_Roberts,665967,0
20571,"Alma Hernandez",Alma,,Hernandez,,,1,D,1,Rep,HD-003,23282612,184546,,Alma_Hernandez,667957,0
20572,"Jennifer Jermaine",Jennifer,,Jermaine,,,1,D,1,Rep,HD-018,45362106,184595,,Jennifer_Jermaine,667979,0
20573,"Jennifer Pawlik",Jennifer,,Pawlik,,,1,D,1,Rep,HD-017,25733144,171774,,Jennifer_Pawlik,585819,0
20688,"Frank Carroll",Frank,P.,Carroll,,,2,R,1,Rep,HD-022,45362121,184604,,Frank_Carroll,667988,0
20689,"Aaron Lieberman",Aaron,,Lieberman,,,1,D,1,Rep,HD-028,44156692,184629,,Aaron_Lieberman,668025,0
20743,"Joanne Osborne",Joanne,,Osborne,,,2,R,1,Rep,HD-013,8776888,111631,,Joanne_Osborne,668315,0
20749,"Shawnna Bolick",Shawnna,,Bolick,,,2,R,1,Rep,HD-020,6690566,123699,,Shawnna_Bolick,499858,0
20750,"Andres Cano",Andres,,Cano,,,1,D,1,Rep,HD-003,45362028,184545,,Andres_Cano,667238,0
20751,"Jennifer Longdon",Jennifer,L.,Longdon,,,1,D,1,Rep,HD-024,45362138,184621,,Jennifer_Longdon,665976,0
20752,"Diego Rodriguez",Diego,,Rodriguez,,,1,D,1,Rep,HD-027,45362148,184626,,Diego_Rodriguez_(Arizona),668021,0
20753,"Lorenzo Sierra",Lorenzo,,Sierra,,,1,D,1,Rep,HD-019,12719921,141489,,Lorenzo_Sierra,423696,0
20754,"Myron Tsosie",Myron,,Tsosie,,,1,D,1,Rep,HD-007,45362047,184557,,Myron_Tsosie,667239,0
20759,"Tyler Pace",Tyler,,Pace,,,2,R,2,Sen,SD-025,45362003,184537,,Tyler_Pace,661351,0
20808,"Raquel Teran",Raquel,,Teran,,,1,D,1,Rep,HD-030,15827285,141306,,Raquel_Teran,423586,0
20826,"Domingo Degrazia",Domingo,,Degrazia,,,1,D,1,Rep,HD-010,45362060,184561,,Domingo_DeGrazia,667966,0
20827,"Arlando Teller",Arlando,S.,Teller,,,1,D,1,Rep,HD-007,24760173,184556,,Arlando_Teller,500097,0
20908,"Amish Shah",Amish,,Shah,,,1,D,1,Rep,HD-024,42115311,184622,,Amish_Shah,667264,0
