people_id,name,first_name,middle_name,last_name,suffix,nickname,party_id,party,role_id,role,district,followthemoney_eid,votesmart_id,opensecrets_id,ballotpedia,knowwho_pid,committee_id
6666,"Jerry Henry",Jerry,,Henry,,,1,D,1,Rep,HD-063,6409078,6971,,Jerry_Henry,194640,0
6667,"Legislative Educational Planning Committee",,,,,,0,,1,Rep,,0,0,,,0,1426
6668,"Doug Gatewood",Doug,,Gatewood,,,1,D,1,Rep,HD-001,6409015,18597,,Doug_Gatewood,194593,0
6669,"Mike Kiegerl",Mike,,Kiegerl,,,2,R,1,Rep,HD-121,6665683,34513,,Mike_Kiegerl,228499,0
6670,"Arlen Siegfreid",Arlen,H.,Siegfreid,,,2,R,1,Rep,HD-121,6612692,34588,,Arlen_Siegfreid,212294,0
6671,"Energy and Utilities",,,,,,0,,1,Rep,,0,0,,,0,1377
6672,"Joint Committee on Economic Development",,,,,,0,,1,Rep,,0,0,,,0,1420
6673,Taxation,,,,,,0,,1,Rep,,0,0,,,0,1392
6674,Appropriations,,,,,,0,,1,Rep,,0,0,,,0,1369
6675,Transportation,,,,,,0,,1,Rep,,0,0,,,0,1393
6676,"Peggy Long-Mast",Peggy,,Long-Mast,,,2,R,1,Rep,HD-076,6422027,12632,,Peggy_Mast,194668,0
6677,"Local Government",,,,,,0,,1,Rep,,0,0,,,0,1388
6678,"Eminent Domain in Condemnation of Water Rights",,,,,,0,,1,Rep,,0,0,,,0,3120
6679,"Scott Schwab",Scott,,Schwab,,,2,R,1,Rep,HD-049,6612651,34505,,Scott_Schwab,214280,0
6680,"Commerce and Labor",,,,,,0,,1,Rep,,0,0,,,0,1371
6681,"Jt Comm on Administrative Rules and Regulations",,,,,,0,,1,Rep,,0,0,,,0,1416
6682,"Richard Proehl",Richard,J.,Proehl,,,2,R,1,Rep,HD-007,13000464,59419,,Richard_Proehl,242219,0
6683,"Agriculture and Natural Resources",,,,,,0,,1,Rep,,0,0,,,0,1367
6684,Insurance,,,,,,0,,1,Rep,,0,0,,,0,1384
6685,"Aging and Long-term Care",,,,,,0,,1,Rep,,0,0,,,0,1366
6686,"Corrections and Juvenile Justice",,,,,,0,,1,Rep,,0,0,,,0,1372
6687,"Tom Sloan",Tom,,Sloan,,,2,R,1,Rep,HD-045,6612697,171897,,Thomas_Sloan,194637,0
6688,"Federal and State Affairs",,,,,,0,,1,Rep,,0,0,,,0,1378
6689,Elections,,,,,,0,,1,Rep,,0,0,,,0,1376
6690,"Bill Otto",Bill,,Otto,,,2,R,1,Rep,HD-009,6665746,34885,,Bill_Otto_(Kansas),228489,0
6691,"Jt Comm on Pensions, Investments and Benefits",,,,,,0,,1,Rep,,0,0,,,0,1431
6692,"Kay Wolf",Kay,,Wolf,,,2,R,2,Sen,SD-007,6669164,57520,,Kay_Wolf,240022,0
6693,"Lisa Benlon",Lisa,L.,Benlon,,,1,D,1,Rep,HD-022,6493870,6930,,Lisa_Benlon,194609,0
6694,"Elaine Bowers",Elaine,S.,Bowers,,,2,R,2,Sen,SD-036,13000542,68331,,Elaine_Bowers,249060,0
6695,"Robert Brookens",Robert,,Brookens,,Bob,2,R,1,Rep,HD-070,6677502,107257,,J._Robert_Brookens,268143,0
6696,"Mike Burgess",Mike,,Burgess,,,2,R,1,Rep,HD-051,6612160,18607,,Mike_Burgess,212282,0
6697,"Tom Burroughs",Tom,,Burroughs,,,1,D,1,Rep,HD-033,13000487,12598,,Tom_Burroughs,194625,0
6698,"Sydney Carlin",Sydney,,Carlin,,,1,D,1,Rep,HD-066,6408970,18618,,Sydney_Carlin,212289,0
6699,"Pat Colloton",Pat,,Colloton,,,2,R,1,Rep,HD-028,6612181,34737,,Pat_Colloton,228493,0
6700,"Barbara Craft",Barbara,,Craft,,,2,R,1,Rep,HD-065,6612207,34579,,Barbara_Craft,212284,0
6701,"Marti Crow",Marti,,Crow,,,1,D,1,Rep,HD-041,5562353,12600,,Marti_Crow,194633,0
6702,"Bill Feuerborn",Bill,,Feuerborn,,,1,D,1,Rep,HD-005,6408995,6948,,Bill_Feuerborn,194597,0
6703,"Stan Frownfelter",Stan,,Frownfelter,,,1,D,1,Rep,HD-037,6464519,34448,,Stan_Frownfelter,248953,0
6704,"Dolores Furtado",Dolores,,Furtado,,,1,D,1,Rep,HD-019,6493952,107138,,Dolores_Furtado,268098,0
6705,"Delia Garcia",Delia,,Garcia,,,1,D,1,Rep,HD-103,13000540,34816,,Delia_Garcia,228502,0
6706,"Sean Gatewood",Sean,,Gatewood,,,1,D,1,Rep,HD-057,6493960,107236,,Sean_Gatewood,268133,0
6707,"Pat George",Pat,,George,,,2,R,1,Rep,HD-119,13000551,34726,,Pat_George,226790,0
6708,"Raj Goyle",Raj,,Goyle,,,1,D,1,Rep,HD-087,319646,67490,,Raj_Goyle,249056,0
6709,"John Grange",John,C.,Grange,,,2,R,1,Rep,HD-075,6665646,34495,,John_Grange,226774,0
6710,"Robert Grant",Robert,,Grant,,Bob,1,D,1,Rep,HD-002,13000459,12575,,Robert_Grant_(Kansas),194594,0
6711,"Tom Hawk",Tom,,Hawk,,,1,D,2,Sen,SD-022,6409063,34539,,Tom_Hawk_(Kansas),226772,0
6712,"Don Hill",Don,,Hill,,,2,R,1,Rep,HD-060,6612316,34439,,Don_Hill_(Kansas),212292,0
6713,"Don Hineman",Don,,Hineman,,,2,R,1,Rep,HD-118,6677560,107336,,Don_Hineman,268180,0
6714,"Deena Horst",Deena,L.,Horst,,,2,R,1,Rep,HD-069,6612334,6974,,Deena_Horst,194661,0
6715,"Terrie Huntington",Terrie,W.,Huntington,,,2,R,2,Sen,SD-007,6612362,34898,,Terrie_Huntington,212283,0
6716,"Marvin Kleeb",Marvin,G.,Kleeb,,,2,R,1,Rep,HD-048,6677574,107205,,Marvin_Kleeb,268127,0
6717,"Harold Lane",Harold,,Lane,,,1,D,1,Rep,HD-058,6464604,34424,,Harold_Lane,221590,0
6718,"Judith Loganbill",Judith,,Loganbill,,,1,D,1,Rep,HD-086,2724352,34884,,Judith_Loganbill,208819,0
6719,"Steve Lukert",Steve,,Lukert,,,1,D,1,Rep,HD-062,6474251,34870,,Steve_Lukert,242043,0
6720,"Patrick Maloney",Patrick,J.,Maloney,,,1,D,1,Rep,HD-116,6507762,110917,,Patrick_Maloney_(Kansas),273781,0
6721,"Melody McCray-Miller",Melody,,McCray-Miller,,,1,D,1,Rep,HD-089,6464646,34561,,Melody_McCray-Miller,226778,0
6722,"Julie Menghini",Julie,,Menghini,,,1,D,1,Rep,HD-003,6464655,34497,,Julie_Menghini,226753,0
6723,"Tom Moxley",Tom,,Moxley,,,2,R,1,Rep,HD-068,6671679,67446,,Tom_Moxley,249011,0
6724,"Cindy Neighbor",Cindy,,Neighbor,,,1,D,1,Rep,HD-018,6474268,34808,,Cindy_Neighbor,212280,0
6725,"Shirley Palmer",Shirley,J.,Palmer,,,1,D,1,Rep,HD-004,13000461,67155,,Shirley_Palmer,248945,0
6726,"Janice Pauls",Janice,L.,Pauls,,,2,R,1,Rep,HD-102,6409193,7012,,Janice_Pauls,194694,0
6727,"Eber Phelps",Eber,,Phelps,,,1,D,1,Rep,HD-111,6409205,12669,,Eber_Phelps,194703,0
6728,"Jo Ann Pottorff","Jo Ann",,Pottorff,,,2,R,1,Rep,HD-083,6612617,7014,,Jo_Ann_Pottorff,194675,0
6729,"William Prescott",William,R.,Prescott,,,2,R,1,Rep,HD-059,6677620,85335,,William_Prescott,268136,0
6730,"Jill Quigley",Jill,,Quigley,,,2,R,1,Rep,HD-017,6677625,102386,,Jill_Quigley,262400,0
6731,"Gene Rardin",Gene,,Rardin,,,1,D,1,Rep,HD-016,6480647,65518,,Gene_Rardin,250701,0
6732,"Louis Ruiz",Louis,E.,Ruiz,,,1,D,1,Rep,HD-031,6464705,34820,,Louis_Ruiz,226766,0
6733,"Tom Sawyer",Tom,,Sawyer,,,1,D,1,Rep,HD-095,6409235,7023,,Tom_Sawyer_(Kansas),212277,0
6734,"Sheryl Spalding",Sheryl,,Spalding,,,2,R,1,Rep,HD-029,6669157,68024,,Sheryl_Spalding,248949,0
6735,"Joshua Svaty",Joshua,Lee,Svaty,,,1,D,1,Rep,HD-108,6409298,34793,,Joshua_Svaty,212287,0
6736,"Vern Swanson",Vern,,Swanson,,,2,R,1,Rep,HD-064,6671701,67837,,Vern_Swanson,249001,0
6737,"Dale Swenson",Dale,,Swenson,,,2,R,1,Rep,HD-097,6507726,7031,,Dale_Swenson,194689,0
6738,"Anna Tietze",Anna,M.,Tietze,,Annie,1,D,1,Rep,HD-053,6480668,67696,,Annie_Tietze,248980,0
6739,"Ed Trimmer",Ed,,Trimmer,,,1,D,1,Rep,HD-079,6480672,59455,,Ed_Trimmer,241431,0
6740,"Jene Vickrey",Jene,,Vickrey,,,2,R,1,Rep,HD-006,8827851,7037,,Jene_Vickrey,194598,0
6741,"Vincent Wetta",Vincent,,Wetta,,,1,D,1,Rep,HD-080,13000525,12638,,Vincent_Wetta,249042,0
6742,"Jerry Williams",Jerry,D.,Williams,,,1,D,1,Rep,HD-008,6409386,34487,,Jerry_Williams_(Kansas),208505,0
6743,"Valdenia Winn",Valdenia,C.,Winn,,,1,D,1,Rep,HD-034,6409411,34866,,Valdenia_Winn,208517,0
6744,"Bill Wolf",Bill,,Wolf,,,2,R,1,Rep,HD-112,6671704,68336,,William_Wolf,251984,0
6745,"Ron Worley",Ron,,Worley,,,2,R,1,Rep,HD-030,6669167,68020,,Ron_Worley,248951,0
6746,"Lance Kinzer",Lance,,Kinzer,,,2,R,1,Rep,HD-030,6665690,34645,,Lance_Kinzer,225009,0
6747,"Assessment Taxation",Assessment,and,Taxation,,,0,,1,Rep,,0,0,,,0,1398
6748,"Pete DeGraaf",Pete,,DeGraaf,,,2,R,1,Rep,HD-082,6677523,106813,,Peter_DeGraaf,265315,0
6749,"Veterans, Military, and Homeland Security",,,,,,0,,1,Rep,,0,0,,,0,1395
6750,"Financial Institutions",,,,,,0,,1,Rep,,0,0,,,0,1379
6751,Education,,,,,,0,,1,Rep,,0,0,,,0,1374
6752,"Clay Aurand",Clay,,Aurand,,,2,R,1,Rep,HD-109,6612085,6926,,Clay_Aurand,194701,0
6753,"Higher Education",,,,,,0,,1,Rep,,0,0,,,0,1383
6754,Judiciary,,,,,,0,,1,Rep,,0,0,,,0,1386
6755,"Health and Human Services",,,,,,0,,1,Rep,,0,0,,,0,1382
6756,"Economic Development and Tourism",,,,,,0,,1,Rep,,0,0,,,0,1373
6757,"Steven Brunk",Steven,R.,Brunk,,,2,R,1,Rep,HD-085,6614357,34567,,Steven_Brunk,212290,0
6758,"Anthony Brown",Anthony,R.,Brown,,,2,R,1,Rep,HD-038,13000490,34834,,Anthony_Brown_(Kansas),228497,0
6759,"Richard Carlson",Richard,,Carlson,,,2,R,1,Rep,HD-061,6665618,34729,,Richard_Carlson,226770,0
6760,"Dave Crum",Dave,,Crum,,,2,R,1,Rep,HD-077,6671645,67486,,J._David_Crum,249034,0
6761,"Owen Donohoe",Owen,,Donohoe,,,2,R,1,Rep,HD-039,6671651,107184,,Owen_Donohoe,248955,0
6762,"Mario Goico",Mario,,Goico,,,2,R,1,Rep,HD-094,6612280,34727,,Mario_Goico,212286,0
6763,"Phil Hermanson",Phil,,Hermanson,,,2,R,1,Rep,HD-098,6677556,107311,,Phil_Hermanson,268169,0
6764,"Mitch Holmes",Mitch,,Holmes,,,2,R,2,Sen,SD-033,6665658,34619,,Mitch_Holmes,226786,0
6765,"Steven Huebert",Steven,C.,Huebert,,,2,R,1,Rep,HD-090,6612345,18585,,Steve_Huebert,208821,0
6766,"Aaron Jack",Aaron,,Jack,,,2,R,1,Rep,HD-099,6677565,107320,,Aaron_Jack,268171,0
6767,"Dan Kerschen",Dan,,Kerschen,,,2,R,2,Sen,SD-026,6677569,107298,,Dan_Kerschen,268167,0
6768,"Brenda Landwehr",Brenda,,Landwehr,,,2,R,1,Rep,HD-091,6612446,6985,,Brenda_Landwehr,194683,0
6769,"Joe McLeland",Joe,,McLeland,,,2,R,1,Rep,HD-094,13000533,34615,,Joe_McLeland,208823,0
6770,"Don Myers",Don,V.,Myers,,,2,R,1,Rep,HD-082,6612537,7004,,Don_Myers_(Kansas),194674,0
6771,"Connie O'Brien",Connie,,O'Brien,,,2,R,1,Rep,HD-042,6422059,34895,,Connie_O%27Brien,268122,0
6772,"Robert Olson",Robert,,Olson,,Rob,2,R,2,Sen,SD-023,6612577,34452,,Robert_Olson,226762,0
6773,"Joe Patton",Joe,,Patton,,,2,R,1,Rep,HD-054,6665753,34675,,Joe_Patton,248976,0
6774,"Virgil Peck",Virgil,,Peck,Jr.,,2,R,1,Rep,HD-012,6612606,34716,,"Virgil_Peck,_Jr.",226757,0
6775,"Marc Rhoades",Marc,,Rhoades,,,2,R,1,Rep,HD-072,6671685,66067,,Marc_Rhoades,250706,0
6776,"Legislative Post Audit Committee",,,,,,0,,1,Rep,,0,0,,,0,1429
6777,"Government Efficiency and Fiscal Oversight",,,,,,0,,1,Rep,,0,0,,,0,1381
6778,"Jason Watkins",Jason,,Watkins,,,2,R,1,Rep,HD-105,6666611,34428,,Jason_Watkins,226784,0
6779,"John Faber",John,M.,Faber,,,2,R,1,Rep,HD-120,6612256,12676,,John_Faber,194712,0
6780,"Forrest Knox",Forrest,J.,Knox,,,2,R,2,Sen,SD-014,6665696,34758,,Forrest_Knox,226759,0
6781,"Melanie Meier",Melanie,Sanders,Meier,,,1,D,1,Rep,HD-041,6494055,107186,,Melanie_Meier,268119,0
6782,"Larry Powell",Larry,R.,Powell,,,2,R,2,Sen,SD-039,13000549,34801,,Larry_Powell,208826,0
6783,"Social Services Budget",,,,,,0,,1,Rep,,0,0,,,0,1391
6784,"Paul Davis",Paul,T.,Davis,,,1,D,1,Rep,HD-046,13000497,34518,,Paul_Davis_(Kansas),214281,0
6785,"Geraldine Flaharty",Geraldine,,Flaharty,,,1,D,1,Rep,HD-098,13000536,7021,,Geraldine_Flaharty,194690,0
6786,"Ann Mah",Ann,E.,Mah,,,1,D,1,Rep,HD-053,6464624,34408,,Ann_Mah,226768,0
6787,"Broderick Henderson",Broderick,,Henderson,,,1,D,1,Rep,HD-035,6409071,6970,,Broderick_Henderson,194627,0
6788,"Annie Kuether",Annie,,Kuether,,,1,D,1,Rep,HD-055,6409119,12612,,Annie_Kuether,194647,0
6789,"Kasha Kelley",Kasha,,Kelley,,,2,R,1,Rep,HD-080,6665673,34550,,Kasha_Kelley,226776,0
6790,"Milack Talia",Milack,,Talia,,,1,D,1,Rep,HD-023,6464729,65979,,Milack_Talia,268106,0
6791,"Joint Committee on Information Technology",,,,,,0,,1,Rep,,0,0,,,0,1424
6792,"Jt Comm Corrections &amp; Juvenile Justice Oversight",,,,,,0,,1,Rep,,0,0,,,0,1419
6793,"Vision 2020",,,,,,0,,1,Rep,,0,0,,,0,1396
6794,"Sharon Schwartz",Sharon,,Schwartz,,,2,R,1,Rep,HD-106,6612655,12665,,Sharon_Schwartz,194698,0
6795,"Ray Merrick",Ray,,Merrick,,,2,R,1,Rep,HD-027,13000481,1881,,Ray_Merrick,208514,0
6796,"Michael O'Neal",Michael,R.,O'Neal,,Mike,2,R,1,Rep,HD-104,6612583,7009,,Michael_O%27Neal,194696,0
6797,"Special Committee on Judiciary (2009 Interim)",,,,,,0,,1,Rep,,0,0,,,0,3121
6798,"Education Budget",,,,,,0,,1,Rep,,0,0,,,0,1375
6799,"Lana Gordon",Lana,,Gordon,,,2,R,1,Rep,HD-052,6612286,34483,,Lana_Gordon,208817,0
6800,"Judy Morrison",Judy,,Morrison,,,2,R,1,Rep,HD-023,6612531,1874,,Judy_Morrison,194713,0
6801,"Mike Slattery",Mike,,Slattery,,,1,D,1,Rep,HD-024,6494103,107167,,Mike_Slattery,268108,0
6802,"Jim Ward",Jim,,Ward,,,1,D,1,Rep,HD-086,6409346,12557,,Jim_Ward_(Kansas),212297,0
6803,"Barbara Ballard",Barbara,W.,Ballard,,,1,D,1,Rep,HD-044,6408945,6927,,Barbara_Ballard,194636,0
6804,"Bob Bethell",Bob,Lorene,Bethell,,,2,R,1,Rep,HD-113,6612129,18570,,Bob_Bethell,194705,0
6805,"Tony Brown",Tony,,Brown,,,1,D,1,Rep,HD-010,6493881,107115,,Tony_Brown_(Missouri),268088,0
6806,"Gail Finney",Gail,,Finney,,,1,D,1,Rep,HD-084,6421740,18621,,Gail_Finney,268156,0
6807,"Rocky Fund",Rocky,,Fund,,,2,R,1,Rep,HD-050,6671656,65762,,Rocky_Fund,248970,0
6808,"Carl Holmes",Carl,D.,Holmes,,,2,R,1,Rep,HD-125,13000554,6973,,Carl_Holmes,194717,0
6809,"Steven Johnson",Steven,C.,Johnson,,,2,R,1,Rep,HD-108,6690956,125189,,Steven_C._Johnson,311319,0
6810,"Jeff King",Jeff,,King,,,2,R,2,Sen,SD-015,6669144,67788,,Jeff_King,248947,0
6811,"Bill Light",Bill,,Light,,,2,R,1,Rep,HD-124,13000552,18623,,William_Light,194716,0
6812,"Margaret Long",Margaret,,Long,,,1,D,1,Rep,HD-036,6409150,18551,,Margaret_Long,194630,0
6813,"Melvin Neufeld",Melvin,J.,Neufeld,,,2,R,1,Rep,HD-115,6612550,7005,,Melvin_Neufeld,194707,0
6814,"Charles Roth",Charles,B.,Roth,,,2,R,1,Rep,HD-071,6671689,34412,,Charles_Roth,232645,0
6815,"Don Schroeder",Don,,Schroeder,,,2,R,1,Rep,HD-074,6671691,67448,,Don_Schroeder,251969,0
6816,"Joe Seiwert",Joe,,Seiwert,,,2,R,1,Rep,HD-101,6677634,107323,,Joe_Seiwert,268174,0
6817,"Clark Shultz",Clark,,Shultz,,,2,R,1,Rep,HD-073,6612685,12630,,Clark_Shultz,194665,0
6818,"Lee Tafanelli",Lee,,Tafanelli,,,2,R,1,Rep,HD-047,6612710,34736,,Lee_Tafanelli,208518,0
6819,"Jeff Whitham",Jeff,,Whitham,,,2,R,1,Rep,HD-123,6671702,68347,,Jeff_Whitham,251987,0
6820,"Kevin Yoder",Kevin,W.,Yoder,,,2,R,1,Rep,HD-020,6612812,34433,,Kevin_Yoder,212291,0
6821,"Gene Suellentrop",Gene,,Suellentrop,,,2,R,2,Sen,SD-027,6690952,119707,,Gene_Suellentrop,283499,0
6822,"Barbara Bollier",Barbara,Goolsbee,Bollier,,,2,R,2,Sen,SD-007,13000480,119434,,Barbara_Bollier,283558,0
6823,"Gary Hayzlett",Gary,K.,Hayzlett,,,2,R,1,Rep,HD-122,6612301,6967,,Gary_Hayzlett,194714,0
6824,"Nile Dillmore",Nile,,Dillmore,,,1,D,1,Rep,HD-092,6408991,34504,,Nile_Dillmore,208822,0
6825,"Michael Peterson",Michael,J.,Peterson,,Mike,1,D,1,Rep,HD-032,6464684,34775,,Michael_Peterson,228495,0
6827,"Select Committee on KPERS",,,,,,0,,1,Rep,,0,0,,,0,1390
6828,"Melany Barnes",Melany,,Barnes,,,1,D,1,Rep,HD-095,6421711,18555,,Melany_Barnes,0,0
6829,"Derek Schmidt",Derek,Larkin,Schmidt,,,2,R,2,Sen,SD-015,8954289,34451,,Derek_Schmidt,208578,0
6830,"Anthony Hensley",Anthony,,Hensley,,,1,D,2,Sen,SD-019,6421385,6898,,Anthony_Hensley,194571,0
6831,"David Haley",David,,Haley,,,1,D,2,Sen,SD-004,6409048,6965,,David_Haley,194626,0
6832,"Legislative Educational Planning Committee",,,,,,0,,2,Sen,,0,0,,,0,1426
6833,"Jt Comm Corrections &amp; Juvenile Justice Oversight",,,,,,0,,2,Sen,,0,0,,,0,1419
6834,"Jt Comm on Administrative Rules and Regulations",,,,,,0,,2,Sen,,0,0,,,0,1416
6835,"Ways and Means",,,,,,0,,2,Sen,,0,0,,,0,1414
6836,"Oletha Faust-Goudeau",Oletha,,Faust-Goudeau,,,1,D,2,Sen,SD-029,6409034,34890,,Oletha_Faust-Goudeau,268213,0
6837,"Dick Kelsey",Dick,,Kelsey,,,2,R,2,Sen,SD-026,13000531,34692,,Dick_Kelsey,268209,0
6838,"Ty Masterson",Ty,,Masterson,,,2,R,2,Sen,SD-016,6671671,57517,,Ty_Masterson,241430,0
6839,"Public Health and Welfare",,,,,,0,,2,Sen,,0,0,,,0,1411
6840,Judiciary,,,,,,0,,2,Sen,,0,0,,,0,1407
6841,"Federal and State Affairs",,,,,,0,,2,Sen,,0,0,,,0,1404
6842,Commerce,,,,,,0,,2,Sen,,0,0,,,0,1400
6843,"Janis Lee",Janis,K.,Lee,,,1,D,2,Sen,SD-036,6421436,6904,,Janis_Lee,194588,0
6844,"Ethics and Elections",,,,,,0,,2,Sen,,0,0,,,0,1403
6845,Education,,,,,,0,,2,Sen,,0,0,,,0,1402
6846,Transportation,,,,,,0,,2,Sen,,0,0,,,0,1412
6847,Utilities,,,,,,0,,2,Sen,,0,0,,,0,1413
6848,"Financial Institutions and Insurance",,,,,,0,,2,Sen,,0,0,,,0,1405
6849,"Natural Resources",,,,,,0,,2,Sen,,0,0,,,0,1409
6850,"Eminent Domain in Condemnation of Water Rights",,,,,,0,,2,Sen,,0,0,,,0,3122
6851,"Local Government",,,,,,0,,2,Sen,,0,0,,,0,1408
6852,"Jt Comm on Pensions, Investments and Benefits",,,,,,0,,2,Sen,,0,0,,,0,1431
6853,"Assessment and Taxation",,,,,,0,,2,Sen,,0,0,,,0,1398
6854,"Chris Steineger",Chris,,Steineger,,,1,D,2,Sen,SD-006,6421572,12187,,Chris_Steineger,194558,0
6855,"Steve Abrams",Steve,E.,Abrams,,,2,R,2,Sen,SD-032,6665592,107072,,Steve_Abrams,268222,0
6856,"Marci Francisco",Marci,,Francisco,,,1,D,2,Sen,SD-002,6464512,34489,,Marci_Francisco,226794,0
6857,"Thomas Holland",Thomas,,Holland,,,1,D,2,Sen,SD-003,6409084,34760,,Tom_Holland,212293,0
6858,"Laura Kelly",Laura,J.,Kelly,,,1,D,2,Sen,SD-018,6464585,34496,,Laura_Kelly_(Kansas),226804,0
6859,"Kelly Kultala",Kelly,,Kultala,,,1,D,2,Sen,SD-005,6409093,107000,,Kelly_Kultala,268186,0
6860,"Roger Reitz",Roger,P.,Reitz,,,2,R,2,Sen,SD-022,6612640,34715,,Roger_Reitz,212276,0
6861,"David Wysong",David,,Wysong,,,2,R,2,Sen,SD-007,4714412,34423,,David_Wysong,226798,0
6862,"Ralph Ostmeyer",Ralph,,Ostmeyer,,,2,R,2,Sen,SD-040,6612591,34553,,Ralph_Ostmeyer,208827,0
6863,"Carolyn McGinn",Carolyn,,McGinn,,,2,R,2,Sen,SD-031,8850968,34688,,Carolyn_McGinn,226811,0
6864,"Mary Pilcher-Cook",Mary,,Pilcher-Cook,,,2,R,2,Sen,SD-010,6612194,34468,,Mary_Pilcher-Cook,268190,0
6865,Agriculture,,,,,,0,,2,Sen,,0,0,,,0,1397
6866,"Dennis Pyle",Dennis,D.,Pyle,,,2,R,2,Sen,SD-001,13000500,12606,,Dennis_Pyle,208519,0
6867,"Legislative Post Audit Committee",,,,,,0,,2,Sen,,0,0,,,0,1429
6868,"Susan Wagle",Susan,,Wagle,,,2,R,2,Sen,SD-030,6626103,7038,,Susan_Wagle,208585,0
6869,"Karin Brownlee",Karin,S.,Brownlee,,,2,R,2,Sen,SD-023,6625595,12555,,Karin_Brownlee,194575,0
6870,"Tim Huelskamp",Tim,,Huelskamp,,,2,R,2,Sen,SD-038,6625753,12571,,Tim_Huelskamp,0,0
6871,"Mike Petersen",Mike,,Petersen,,,2,R,2,Sen,SD-028,6625947,12657,,Mike_Petersen_(Kansas),226809,0
6872,"Pat Apple",Pat,,Apple,,,2,R,2,Sen,SD-037,13011941,34798,,Pat_Apple,226800,0
6873,"James Barnett",James,A.,Barnett,,,2,R,2,Sen,SD-017,6626354,34799,,James_Barnett,208579,0
6874,"Terry Bruce",Terry,,Bruce,,,2,R,2,Sen,SD-034,6665614,34605,,Terry_Bruce,226813,0
6875,"Bob Marshall",Bob,,Marshall,,,2,R,2,Sen,SD-013,13011942,107025,,"Bob_Marshall,_Kansas_Senator",268195,0
6876,"Vicki Schmidt",Vicki,,Schmidt,,,2,R,2,Sen,SD-020,6665772,34584,,Vicki_Schmidt,226806,0
6878,"Mark Taddiken",Mark,,Taddiken,,,2,R,2,Sen,SD-021,6626626,34595,,Mark_Taddiken,208582,0
6880,"John Vratil",John,,Vratil,,,2,R,2,Sen,SD-011,6626332,1875,,John_Vratil,194563,0
6884,"Julia Lynn",Julia,,Lynn,,,2,R,2,Sen,SD-009,8886114,69488,,Julia_Lynn,251948,0
6886,"Business and Labor",,,,,,0,,2,Sen,,0,0,,,0,1399
6888,"Jt Comm on Special Claims Against the State",,,,,,0,,2,Sen,,0,0,,,0,1432
6889,"Jean Schodorf",Jean,Kurtis,Schodorf,,,2,R,2,Sen,SD-025,6626580,34701,,Jean_Schodorf,208584,0
6890,"Stephen Morris",Stephen,R.,Morris,,Steve,2,R,2,Sen,SD-039,6625898,6906,,Stephen_Morris,194591,0
6891,"Joint Committee on Arts and Cultural Resources",,,,,,0,,2,Sen,,0,0,,,0,1417
6892,"Pete Brungardt",Pete,,Brungardt,,,2,R,2,Sen,SD-024,6626364,34646,,Pete_Brungardt,208583,0
6893,"Jeffrey Colyer",Jeffrey,,Colyer,,,2,R,2,Sen,SD-037,9098740,34449,,Jeff_Colyer,248957,0
6894,"Leslie Donovan",Leslie,D.,Donovan,Sr.,Les,2,R,2,Sen,SD-027,6625632,6943,,Leslie_Donovan,194579,0
6895,"Jay Emler",Jay,,Emler,,,2,R,2,Sen,SD-035,6626379,34818,,Jay_Emler,208829,0
6896,"Thomas Owens",Thomas,C.,Owens,,Tim,2,R,2,Sen,SD-008,6612597,34613,,Thomas_Ken_Owens,136209,0
6898,"Ruth Teichman",Ruth,,Teichman,,,2,R,2,Sen,SD-033,13011955,34651,,Ruth_Teichman,208586,0
6899,"Dwayne Umbarger",Dwayne,,Umbarger,,,2,R,2,Sen,SD-014,6626083,12202,,Dwayne_Umbarger,194566,0
6902,"Joint Committee on Kansas Security",,,,,,0,,2,Sen,,0,0,,,0,1425
