bill_id,roll_call_id,date,chamber,description,yea,nay,nv,absent,total
1320713,921185,2020-02-12,Senate,"Senate Committee Do pass and refer to Ways and Means by prior reference",5,0,0,0,5
1320713,939671,2020-02-28,Senate,"Senate Committee Do pass with amendments. (Printed A-Eng.)",13,0,0,8,21
1320715,923335,2020-02-13,House,"House Committee Without recommendation as to passage and be referred to Rules",5,4,0,0,9
1320716,923059,2020-02-13,House,"House Committee Do pass with amendments and be referred to Ways and Means. (Printed A-Eng.)",9,0,0,0,9
1320716,939629,2020-02-28,House,"House Committee Do pass with amendments to the A-Eng bill. (Printed B-Eng.)",13,0,0,8,21
1320717,920097,2020-02-11,Senate,"Senate Committee Do pass",5,0,0,0,5
1320717,924924,2020-02-17,Senate,"Senate Third Reading",29,0,0,1,30
1320717,932914,2020-02-24,House,"House Committee Do Pass",9,0,0,0,9
1320718,936946,2020-02-27,Senate,"Senate Committee Do pass with amendments and requesting referral to Ways and Means. (Printed A-Engrossed.)",4,0,0,1,5
1320720,917724,2020-02-07,Senate,"Senate Committee Do pass and refer to Ways and Means by prior reference",5,0,0,0,5
1320720,940467,2020-02-28,Senate,"Senate Committee Do pass with amendments. (Printed A-Eng.)",13,0,0,8,21
1320721,923753,2020-02-13,House,"House Committee Do pass",7,4,0,0,11
1320721,926755,2020-02-19,House,"House Motion to substitute Minority Report",25,30,0,5,60
1320721,926756,2020-02-19,House,"House Third Reading",32,24,0,4,60
1320721,934216,2020-02-25,Senate,"Senate Committee Do pass",3,0,0,2,5
1320722,921865,2020-02-12,House,"House Committee Do pass with amendments and be referred to Ways and Means by prior reference. (Printed A-Eng.)",9,0,0,0,9
1320723,922918,2020-02-13,Senate,"Senate Committee Do pass and requesting referral to Rules",5,0,0,0,5
1320723,927030,2020-02-19,Senate,"Senate Committee Do pass and requesting referral to Ways and Means",4,1,0,0,5
1320723,939678,2020-02-28,Senate,"Senate Committee Do pass with amendments to the A-Eng bill. (Printed B-Eng.)",13,0,0,8,21
1320724,921946,2020-02-12,House,"House Committee Do Pass",9,0,0,0,9
1320724,924771,2020-02-17,House,"House Third Reading",57,0,0,3,60
1320724,928489,2020-02-20,Senate,"Senate Committee Do pass",4,0,0,1,5
1320725,919961,2020-02-11,House,"House Committee Do pass with amendments. (Printed A-Eng.)",6,3,0,0,9
1320725,923916,2020-02-14,House,"House Third Reading",43,11,0,6,60
1320725,928530,2020-02-20,Senate,"Senate Committee Do pass the A-Eng bill",3,1,0,1,5
1320726,922923,2020-02-13,Senate,"Senate Committee Do pass with amendments and requesting referral to Ways and Means. (Printed A-Engrossed.)",4,0,0,1,5
1320728,921553,2020-02-12,House,"House Committee Do pass with amendments and be referred to Ways and Means by prior reference. (Printed A-Eng.)",7,0,0,2,9
1320728,939785,2020-02-28,House,"House Committee Do pass with amendments to the A-Eng bill. (Printed B-Eng.)",13,0,0,8,21
1320729,922705,2020-02-13,House,"House Committee Without recommendation as to passage, with amendments. Refer to Revenue, then to Ways and Means by prior reference. (Printed A-Eng.)",8,1,0,0,9
1320730,923653,2020-02-13,House,"House Committee Do pass with amendments. (Printed A-Eng.)",11,0,0,0,11
1320730,930709,2020-02-21,House,"House Third Reading",40,7,0,13,60
1320731,922778,2020-02-13,House,"House Committee ",7,0,0,1,8
1320731,928164,2020-02-20,House,"House Third Reading",57,1,0,2,60
1320731,932299,2020-02-24,Senate,"Senate Committee Do pass the A-Eng bill",3,0,0,2,5
1320732,913926,2020-02-04,Senate,"Senate Committee Do pass with amendments and requesting referral to Ways and Means. (Printed A-Engrossed.)",4,0,0,1,5
1320732,937496,2020-02-27,Senate,"Senate Committee Do pass",13,0,0,8,21
1320733,921305,2020-02-12,House,"House Committee Do pass with amendments. (Printed A-Eng.)",8,3,0,0,11
1320733,924431,2020-02-17,House,"House Third Reading",39,16,0,5,60
1320733,928525,2020-02-20,Senate,"Senate Committee Do pass with amendments to the A-Eng bill. (Printed B-Eng.)",5,0,0,0,5
1320735,919695,2020-02-11,Senate,"Senate Committee Do pass with amendments. (Printed A-Eng.)",7,0,0,0,7
1320735,925410,2020-02-18,Senate,"Senate Third Reading",26,4,0,0,30
1320735,935897,2020-02-26,House,"House Committee Do Pass the A-Eng bill",4,0,0,3,7
1320736,920122,2020-02-11,House,"House Committee Do pass with amendments. (Printed A-Eng.)",11,0,0,0,11
1320736,928024,2020-02-20,House,"House Third Reading",57,0,0,3,60
1320736,937174,2020-02-25,Senate,"Senate Committee Do pass the A-Eng bill",3,0,0,2,5
1320738,927946,2020-02-20,Senate,"Senate Committee Do pass with amendments. (Printed A-Eng.)",5,0,0,0,5
1320739,915694,2020-02-05,House,"House Committee Do Pass",6,0,0,1,7
1320739,918526,2020-02-10,House,"House Third Reading",59,0,0,1,60
1320739,922748,2020-02-13,Senate,"Senate Committee Do pass",5,0,0,0,5
1320739,924699,2020-02-17,Senate,"Senate Third Reading",29,0,0,1,30
1320743,918415,2020-02-10,House,"House Committee Do pass with amendments and be referred to Ways and Means by prior reference. (Printed A-Eng.)",5,2,0,0,7
1320743,939716,2020-02-28,House,"House Committee Do Pass the A-Eng bill",13,0,0,8,21
1320744,919931,2020-02-11,Senate,"Senate Committee Do pass with amendments. (Printed A-Eng.)",5,0,0,0,5
1320744,925585,2020-02-18,Senate,"Senate Third Reading",30,0,0,0,30
1320744,935174,2020-02-26,House,"House Committee Do Pass the A-Eng bill",4,0,0,3,7
1320745,921188,2020-02-12,Senate,"Senate Committee Do pass with amendments. Refer to Ways and Means by prior reference. (Printed A-Eng)",5,0,0,0,5
1320745,937113,2020-02-27,Senate,"Senate Committee Do pass with amendments to the A-Eng bill. (Printed B-Eng.)",13,0,0,8,21
1320746,921568,2020-02-12,House,"House Committee Do pass with amendments and be referred to Ways and Means. (Printed A-Eng.)",7,0,0,2,9
1320749,914184,2020-02-04,Senate,"Senate Committee Do pass",5,0,0,0,5
1320749,918894,2020-02-10,Senate,"Senate Third Reading",25,2,0,3,30
1320749,926617,2020-02-19,House,"House Committee Do Pass",9,0,0,2,11
1320750,922815,2020-02-12,House,"House Committee Do pass and be referred to Ways and Means by prior reference",11,0,0,0,11
1320751,923093,2020-02-13,House,"House Committee Do pass with amendments. (Printed A-Eng.)",7,2,0,0,9
1320751,928074,2020-02-20,House,"House Third Reading",41,17,0,2,60
1320751,931140,2020-02-21,Senate,"Senate Committee Do pass the A-Eng bill",3,2,0,0,5
1320752,921279,2020-02-12,House,"House Committee Do pass. Refer to Revenue",9,0,0,2,11
1320753,916297,2020-02-06,House,"House Committee Do pass with amendments and be referred to Ways and Means. (Printed A-Eng.)",7,0,0,0,7
1320753,937024,2020-02-27,House,"House Committee Do pass with amendments to the A-Eng bill. (Printed B-Eng.)",13,0,0,8,21
1320754,925307,2020-02-18,Senate,"Senate Committee Do pass with amendments. (Printed A-Eng.)",5,0,0,0,5
1320754,928038,2020-02-20,Senate,"Senate Third Reading",29,0,0,1,30
1320754,932773,2020-02-24,House,"House Committee Without recommendation as to passage and be referred to Revenue",6,0,0,1,7
1320754,937757,2020-02-27,House,"House Committee Do Pass the A-Eng bill",4,0,0,3,7
1320755,922823,2020-02-12,House,"House Committee Without recommendation as to passage, be referred to Rules, and then to Ways and Means by prior reference",6,5,0,0,11
1320756,919154,2020-02-10,Senate,"Senate Committee Do pass with amendments. Refer to Ways and Means by prior reference. (Printed A-Eng)",3,2,0,0,5
1320757,921554,2020-02-12,House,"House Committee Do pass with amendments. (Printed A-Eng.)",10,0,0,1,11
1320757,925473,2020-02-18,House,"House Third Reading",55,4,0,1,60
1320759,915476,2020-02-05,House,"House Committee Do Pass",8,1,0,0,9
1320759,921460,2020-02-12,House,"House Third Reading",54,3,0,3,60
1320759,925428,2020-02-18,Senate,"Senate Committee Do pass",4,0,0,1,5
1320759,928345,2020-02-20,Senate,"Senate Third Reading",29,0,0,1,30
1320760,920134,2020-02-11,House,"House Committee Be adopted and rescind subsequent referral to Rules",7,4,0,0,11
1320760,924497,2020-02-17,House,"House Special Order",36,21,0,3,60
1320760,934119,2020-02-25,Senate,"Senate Committee Do adopt",3,1,0,1,5
1320761,922906,2020-02-13,Senate,"Senate Committee Do pass with amendments. (Printed A-Eng.)",3,2,0,0,5
1320761,927981,2020-02-20,Senate,"Senate Motion to substitute Minority Report",11,18,0,1,30
1320761,927982,2020-02-20,Senate,"Senate Third Reading",19,10,0,1,30
1320761,938807,2020-02-28,House,"House Committee Do pass with amendments to the A-Eng bill. (Printed B-Eng.)",4,0,0,3,7
1320762,921322,2020-02-12,Senate,"Senate Committee Do pass and requesting referral to Rules",4,3,0,0,7
1320763,922849,2020-02-13,Senate,"Senate Committee Do pass with amendments and requesting referral to Ways and Means. (Printed A-Engrossed.)",4,0,0,1,5
1320764,922505,2020-02-13,Senate,"Senate Committee Do pass with amendments and requesting referral to Ways and Means. (Printed A-Engrossed.)",7,0,0,0,7
1320766,921922,2020-02-12,House,"House Committee Without recommendation as to passage and be referred to Rules",9,0,0,0,9
1320766,931141,2020-02-21,House,"House Committee Do pass with amendments and be referred to Ways and Means. (Printed A-Eng.)",7,0,0,0,7
1320766,939538,2020-02-28,House,"House Committee Do Pass the A-Eng bill",13,0,0,8,21
1320769,919098,2020-02-10,House,"House Committee Do pass with amendments and be referred to Ways and Means. (Printed A-Eng.)",8,0,0,1,9
1320769,937384,2020-02-27,House,"House Committee Do Pass the A-Eng bill",13,0,0,8,21
1320770,921339,2020-02-12,House,"House Committee Without recommendation as to passage and be referred to Rules",6,5,0,0,11
1320771,919026,2020-02-10,House,"House Committee Do pass with amendments and be referred to Ways and Means by prior reference. (Printed A-Eng.)",7,1,0,1,9
1320772,921804,2020-02-12,House,"House Committee Without recommendation as to passage, be referred to Rules, and then to Ways and Means by prior reference",10,0,0,1,11
1320772,931152,2020-02-21,House,"House Committee Do pass with amendments and be referred to Ways and Means by prior reference. (Printed A-Eng.)",7,0,0,0,7
1320773,923110,2020-02-13,Senate,"Senate Committee Do pass with amendments and requesting referral to Ways and Means. (Printed A-Engrossed.)",3,2,0,0,5
1320773,938060,2020-02-27,Senate,"Senate Committee Do pass with amendments to the A-Eng bill. (Printed B-Eng.)",13,0,0,8,21
1320774,918440,2020-02-10,Senate,"Senate Committee Do pass with amendments to the bill. Refer to Ways and Means. (Printed A-Eng.)",6,1,0,0,7
1320774,937290,2020-02-27,Senate,"Senate Committee Do pass with amendments to the A-Eng bill. (Printed B-Eng.)",13,0,0,8,21
1320776,914314,2020-02-04,Senate,"Senate Committee Do pass",4,0,0,1,5
1320776,919141,2020-02-10,Senate,"Senate Third Reading",27,0,0,3,30
1320776,928671,2020-02-20,House,"House Committee Do Pass",9,0,0,2,11
1320777,919120,2020-02-10,House,"House Committee Do Pass",8,0,0,3,11
1320777,923169,2020-02-13,House,"House Third Reading",58,0,0,2,60
1320777,926347,2020-02-19,Senate,"Senate Committee Do pass",5,0,0,0,5
1320778,923053,2020-02-13,Senate,"Senate Committee Do pass with amendments. (Printed A-Eng.)",5,0,0,0,5
1320778,926705,2020-02-19,Senate,"Senate Third Reading",26,3,0,1,30
1320778,934220,2020-02-25,House,"House Committee Do Pass the A-Eng bill",4,0,0,3,7
1320779,916408,2020-02-05,Senate,"Senate Committee Do pass with amendments. (Printed A-Eng.)",5,0,0,0,5
1320779,919741,2020-02-11,Senate,"Senate Third Reading",28,0,0,2,30
1320779,927359,2020-02-19,House,"House Committee Do Pass the A-Eng bill",8,0,0,1,9
1320780,920139,2020-02-11,House,"House Committee Do Pass",11,0,0,0,11
1320780,923763,2020-02-14,House,"House Third Reading",50,0,0,10,60
1320780,928080,2020-02-20,Senate,"Senate Committee Do pass",4,0,0,1,5
1320781,921598,2020-02-12,House,"House Committee Do pass with amendments. (Printed A-Eng.)",7,0,0,2,9
1320781,930913,2020-02-21,House,"House Third Reading",57,0,0,3,60
1320782,918012,2020-02-06,House,"House Committee Do pass and rescind subsequent referral to Ways and Means",7,0,0,0,7
1320782,920085,2020-02-11,House,"House Third Reading",59,0,0,1,60
1320782,925784,2020-02-18,Senate,"Senate Committee Do pass",4,0,0,1,5
1320784,921740,2020-02-12,House,"House Committee Without recommendation as to passage and be referred to Rules",11,0,0,0,11
1320785,921907,2020-02-12,House,"House Committee Without recommendation as to passage, be referred to Rules, and then to Ways and Means by prior reference",9,0,0,0,9
1320785,931139,2020-02-21,House,"House Committee Do pass with amendments to the A-Eng bill, and be referred to Ways and Means by prior reference. (Printed B-Eng)",7,0,0,0,7
1320785,939776,2020-02-28,House,"House Committee Do pass with amendments to the B-Eng bill. (Printed C-Eng.)",13,0,0,8,21
1320786,944543,2020-03-05,Senate,"Senate Committee Do adopt",3,0,0,2,5
1320787,916298,2020-02-06,Senate,"Senate Committee Do pass with amendments. (Printed A-Eng.)",5,0,0,0,5
1320787,921356,2020-02-12,Senate,"Senate Third Reading",29,0,0,1,30
1320787,934826,2020-02-25,House,"House Committee Do Pass the A-Eng bill",4,0,0,3,7
1320788,922373,2020-02-13,Senate,"Senate Committee Without recommendation as to passage and request referral to Rules",3,0,0,2,5
1320789,918595,2020-02-10,Senate,"Senate Committee Do adopt",4,0,0,1,5
1320789,921321,2020-02-12,Senate,"Senate Final Reading",29,0,0,1,30
1320789,927154,2020-02-19,House,"House Committee Be Adopted",9,0,0,2,11
1320789,931521,2020-02-21,House,"House Read and Adopted",43,8,0,9,60
1320790,918438,2020-02-10,Senate,"Senate Committee Do pass with amendments. Refer to Ways and Means by prior reference. (Printed A-Eng)",5,0,0,0,5
1320790,937512,2020-02-27,Senate,"Senate Committee Do pass with amendments to the A-Eng bill. (Printed B-Eng.)",13,0,0,8,21
1320791,913470,2020-02-03,House,"House Read and Adopted",58,0,0,2,60
1320791,916915,2020-02-06,Senate,"Senate Final Reading",27,0,0,3,30
1320792,921847,2020-02-12,House,"House Committee Do pass with amendments and be referred to Ways and Means by prior reference. (Printed A-Eng.)",9,0,0,0,9
1320792,939769,2020-02-28,House,"House Committee Do pass with amendments to the A-Eng bill. (Printed B-Eng.)",13,0,0,8,21
1320795,915605,2020-02-05,House,"House Committee Do pass with amendments and be referred to Ways and Means by prior reference. (Printed A-Eng.)",8,1,0,0,9
1320795,937406,2020-02-27,House,"House Committee Do Pass the A-Eng bill",13,0,0,8,21
1320797,919714,2020-02-11,House,"House Committee Be Adopted",6,0,0,1,7
1320797,924922,2020-02-17,House,"House Special Order",56,0,0,4,60
1320797,927027,2020-02-19,Senate,"Senate Committee Do adopt",5,0,0,0,5
1320798,922623,2020-02-12,House,"House Committee Do pass and be referred to Ways and Means by prior reference",11,0,0,0,11
1320798,939834,2020-02-28,House,"House Committee Do pass with amendments. (Printed A-Eng.)",13,0,0,8,21
1320801,923077,2020-02-13,House,"House Committee Do pass with amendments. (Printed A-Eng.)",6,1,0,0,7
1320801,931450,2020-02-21,House,"House Third Reading",51,6,0,3,60
1320802,916423,2020-02-05,House,"House Committee Do pass and be referred to Ways and Means by prior reference",9,0,0,0,9
1320804,925844,2020-02-18,House,"House Committee Do Pass",4,0,0,3,7
1320804,931086,2020-02-21,House,"House Third Reading",37,18,0,5,60
1320806,923143,2020-02-12,House,"House Committee Do pass with amendments. (Printed A-Eng.)",8,3,0,0,11
1320806,926762,2020-02-19,House,"House Motion to substitute Minority Report",57,0,0,3,60
1320806,926763,2020-02-19,House,"House Third Reading",45,12,0,3,60
1320806,934201,2020-02-25,Senate,"Senate Committee Without recommendation as to passage and request referral to Rules",4,0,0,1,5
1320806,938638,2020-02-28,Senate,"Senate Committee Do pass with amendments to the A-Eng bill. (Printed B-Eng.)",3,0,0,2,5
1320807,919897,2020-02-11,House,"House Committee ",6,0,0,1,7
1320810,919404,2020-02-10,Senate,"Senate Committee Do pass with amendments. (Printed A-Eng.)",3,0,0,0,3
1320810,924424,2020-02-17,Senate,"Senate Third Reading",29,0,0,1,30
1320810,932309,2020-02-24,House,"House Committee Do Pass the A-Eng bill",6,0,0,1,7
1320811,913933,2020-02-04,Senate,"Senate Committee Do pass with amendments. Refer to Ways and Means by prior reference. (Printed A-Eng)",4,0,0,1,5
1320812,920092,2020-02-11,Senate,"Senate Committee Do pass and refer to Ways and Means by prior reference",5,0,0,0,5
1320813,922726,2020-02-13,House,"House Committee Do pass with amendments. (Printed A-Eng.)",7,2,0,0,9
1320813,927939,2020-02-20,House,"House Third Reading",35,20,0,5,60
1320813,931146,2020-02-21,Senate,"Senate Committee Do pass the A-Eng bill",3,2,0,0,5
1320814,931986,2020-02-24,Senate,"Senate Committee Do pass with amendments. (Printed A-Eng.)",3,0,0,2,5
1320816,916341,2020-02-05,Senate,"Senate Committee Do pass with amendments. (Printed A-Eng.)",5,0,0,0,5
1320816,919975,2020-02-11,Senate,"Senate Third Reading",28,0,0,2,30
1320816,927333,2020-02-19,House,"House Committee Do Pass the A-Eng bill",9,0,0,0,9
1320817,916885,2020-02-06,House,"House Committee Do Pass",9,2,0,0,11
1320817,919744,2020-02-11,House,"House Third Reading",41,18,0,1,60
1320817,925772,2020-02-18,Senate,"Senate Committee Do pass",4,1,0,0,5
1320818,923144,2020-02-13,House,"House Committee Do pass with amendments and be referred to Ways and Means. (Printed A-Eng.)",7,0,0,0,7
1320819,922370,2020-02-13,Senate,"Senate Committee Do pass with amendments. (Printed A-Eng.)",4,0,0,1,5
1320819,925300,2020-02-18,Senate,"Senate Third Reading",23,7,0,0,30
1320819,934225,2020-02-25,House,"House Committee Do Pass the A-Eng bill",4,0,0,3,7
1320821,923063,2020-02-13,House,"House Committee Do pass with amendments and be referred to Ways and Means by prior reference. (Printed A-Eng.)",8,0,0,0,8
1320822,921406,2020-02-12,House,"House Committee Do pass with amendments. (Printed A-Eng.)",7,0,0,0,7
1320822,931470,2020-02-21,House,"House Third Reading",56,0,0,4,60
1320823,921903,2020-02-12,House,"House Committee Do pass with amendments. (Printed A-Eng.)",9,0,0,0,9
1320823,925469,2020-02-18,House,"House Third Reading",57,1,0,2,60
1320823,931097,2020-02-21,Senate,"Senate Committee Do pass the A-Eng bill",5,0,0,0,5
1320824,922394,2020-02-12,House,"House Committee Do Pass",11,0,0,0,11
1320824,925521,2020-02-18,House,"House Third Reading",57,0,0,3,60
1320824,931734,2020-02-24,Senate,"Senate Committee Do pass",4,0,0,3,7
1320826,920081,2020-02-11,House,"House Committee Do Pass",11,0,0,0,11
1320826,923640,2020-02-14,House,"House Third Reading",54,0,0,6,60
1320826,934218,2020-02-25,Senate,"Senate Committee Do pass with amendments. (Printed A-Eng.)",3,0,0,2,5
1320827,923178,2020-02-13,Senate,"Senate Committee Do pass and refer to Ways and Means by prior reference",3,2,0,0,5
1320827,931882,2020-02-24,Senate,"Senate Committee Do pass with amendments to the A-Eng bill. (Printed B-Eng.)",13,9,0,0,22
1320829,925899,2020-02-18,Senate,"Senate Committee Do pass with amendments. (Printed A-Eng.)",3,2,0,0,5
1320829,939636,2020-02-28,Senate,"Senate Committee Do pass with amendments to the A-Eng bill. (Printed B-Eng.)",13,0,0,8,21
1320831,923045,2020-02-13,House,"House Committee Do pass with amendments. (Printed A-Eng.)",11,0,0,0,11
1320831,931053,2020-02-21,House,"House Third Reading",48,4,0,8,60
1320833,922919,2020-02-13,House,"House Committee Do pass with amendments. (Printed A-Eng.)",11,0,0,0,11
1320833,931023,2020-02-21,House,"House Third Reading",47,8,0,5,60
1320834,915760,2020-02-05,House,"House Committee Do pass with amendments. (Printed A-Eng.)",6,0,0,1,7
1320834,919929,2020-02-11,House,"House Third Reading",58,0,0,2,60
1320834,931527,2020-02-21,Senate,"Senate Committee Do pass with amendments to the A-Eng bill. (Printed B-Eng.)",3,2,0,0,5
1320835,921268,2020-02-12,Senate,"Senate Committee Do pass and refer to Ways and Means by prior reference",5,0,0,0,5
1320836,923052,2020-02-13,House,"House Committee Do pass with amendments and rescind subsequent referral to Ways and Means. (Printed A-Eng.)",11,0,0,0,11
1320836,931091,2020-02-21,House,"House Third Reading",38,13,0,9,60
1320837,923353,2020-02-13,House,"House Committee Do pass with amendments and be referred to Ways and Means by prior reference. (Printed A-Eng.)",11,0,0,0,11
1320837,937102,2020-02-27,House,"House Committee Do Pass the A-Eng bill",13,0,0,8,21
1320838,921913,2020-02-12,House,"House Committee Do pass with amendments and be referred to Ways and Means. (Printed A-Eng.)",7,0,0,0,7
1320838,937199,2020-02-27,House,"House Committee Do pass with amendments to the A-Eng bill. (Printed B-Eng.)",13,0,0,8,21
1320840,921266,2020-02-12,Senate,"Senate Committee Do pass with amendments and requesting referral to Ways and Means. (Printed A-Engrossed.)",7,0,0,0,7
1320840,939536,2020-02-28,Senate,"Senate Committee Do pass with amendments to the A-Eng bill. (Printed B-Eng.)",13,0,0,8,21
1320841,918807,2020-02-10,Senate,"Senate Committee Do pass with amendments and requesting referral to Ways and Means. (Printed A-Engrossed.)",4,0,0,1,5
1320841,939533,2020-02-28,Senate,"Senate Committee Do pass with amendments to the A-Eng bill. (Printed B-Eng.)",13,0,0,8,21
1320842,918425,2020-02-10,Senate,"Senate Committee Do pass with amendments. (Printed A-Eng.)",5,0,0,0,5
1320842,922809,2020-02-13,Senate,"Senate Third Reading",28,0,0,2,30
1320842,931902,2020-02-24,House,"House Committee Do pass the A-Eng bill. Refer to Rules",10,0,0,1,11
1320842,938153,2020-02-27,House,"House Committee Do pass with amendments to the A-Eng bill. (Printed B-Eng.)",4,0,0,3,7
1320843,923146,2020-02-13,House,"House Committee Do pass with amendments and be referred to Rules. (Printed A-Eng.)",7,0,0,0,7
1320843,931393,2020-02-21,House,"House Committee Do pass with amendments to the A-Eng bill. (Printed B-Eng.)",7,0,0,0,7
1320844,920268,2020-02-11,House,"House Committee Do pass with amendments. (Printed A-Eng.)",6,0,0,1,7
1320844,923163,2020-02-13,House,"House Third Reading",43,15,0,2,60
1320844,927021,2020-02-19,Senate,"Senate Committee Do pass",5,0,0,0,5
1320845,918832,2020-02-10,House,"House Committee Do pass and be referred to Ways and Means by prior reference",8,0,0,3,11
1320846,919637,2020-02-11,Senate,"Senate Committee ",7,0,0,0,7
1320846,939838,2020-02-28,Senate,"Senate Committee Do pass with amendments to the A-Eng bill. (Printed B-Eng.)",13,0,0,8,21
1320851,918802,2020-02-10,Senate,"Senate Committee Do pass with amendments and requesting referral to Ways and Means. (Printed A-Engrossed.)",4,0,0,1,5
1320851,937468,2020-02-27,Senate,"Senate Committee Do pass with amendments to the A-Eng bill. (Printed B-Eng.)",13,0,0,8,21
1320852,915118,2020-02-05,Senate,"Senate Committee Do pass and refer to Ways and Means by prior reference",5,0,0,0,5
1320853,931466,2020-02-20,House,"House Committee Do pass with amendments. (Printed A-Eng.)",7,0,0,0,7
1320854,921896,2020-02-12,House,"House Committee ",9,0,0,0,9
1320854,937503,2020-02-27,House,"House Committee Do Pass the A-Eng bill",13,0,0,8,21
1320855,918786,2020-02-10,Senate,"Senate Committee Do adopt",4,0,0,1,5
1320855,922859,2020-02-13,Senate,"Senate Final Reading",28,0,0,2,30
1320855,932058,2020-02-24,House,"House Committee Be Adopted",9,0,0,0,9
1320857,922384,2020-02-12,House,"House Committee Without recommendation as to passage, with amendments, and be referred to Rules. (Printed A-Eng.)",7,4,0,0,11
1320857,931275,2020-02-21,House,"House Committee Do pass with amendments to the A-Eng bill. (Printed B-Eng.)",4,3,0,0,7
1320858,916245,2020-02-06,House,"House Committee Be Adopted",7,0,0,0,7
1320858,919243,2020-02-10,House,"House Read and Adopted",59,0,0,1,60
1320858,935527,2020-02-26,Senate,"Senate Committee Do adopt",3,0,0,2,5
1320859,921272,2020-02-12,House,"House Committee Do pass with amendments and be referred to Revenue. (Printed A-Eng.)",10,1,0,0,11
1320861,922056,2020-02-12,House,"House Committee Do pass with amendments. (Printed A-Eng.)",5,2,0,0,7
1320861,928077,2020-02-20,House,"House Third Reading",48,8,0,4,60
1320861,934206,2020-02-25,Senate,"Senate Committee Do pass with amendments to the A-Eng bill. (Printed B-Eng.)",3,0,0,2,5
1320862,918156,2020-02-07,House,"House Committee Do Pass",10,0,0,1,11
1320862,919726,2020-02-11,House,"House Third Reading",57,2,0,1,60
1320862,926689,2020-02-19,Senate,"Senate Committee Do pass",6,0,0,1,7
1320863,927034,2020-02-19,Senate,"Senate Committee Do adopt",5,0,0,0,5
1320864,918495,2020-02-10,Senate,"Senate Committee Do pass with amendments. (Printed A-Eng.)",7,0,0,0,7
1320864,922460,2020-02-13,Senate,"Senate Third Reading",28,0,0,2,30
1320864,932317,2020-02-24,House,"House Committee Do Pass the A-Eng bill",10,0,0,1,11
1320865,921271,2020-02-12,Senate,"Senate Committee Do pass and refer to Ways and Means by prior reference",5,0,0,0,5
1320867,921810,2020-02-12,House,"House Committee Do pass with amendments and be referred to Ways and Means by prior reference. (Printed A-Eng.)",7,0,0,2,9
1320868,922399,2020-02-13,House,"House Committee Be Adopted",7,0,0,0,7
1320868,923914,2020-02-14,House,"House Special Order",51,0,0,9,60
1320868,927015,2020-02-19,Senate,"Senate Committee Do adopt",4,0,0,1,5
1320869,921230,2020-02-12,Senate,"Senate Committee Do pass with amendments. (Printed A-Eng.)",4,3,0,0,7
1320869,928188,2020-02-20,Senate,"Senate Third Reading",29,0,0,1,30
1320869,935829,2020-02-26,House,"House Committee Do Pass the A-Eng bill",4,0,0,3,7
1320870,920003,2020-02-11,House,"House Committee Do pass with amendments. (Printed A-Eng.)",11,0,0,0,11
1320870,927970,2020-02-20,House,"House Third Reading",55,0,0,5,60
1320870,934204,2020-02-25,Senate,"Senate Committee Do pass",3,0,0,2,5
1320871,918446,2020-02-10,House,"House Committee Do pass with amendments. (Printed A-Eng.)",11,0,0,0,11
1320871,921422,2020-02-12,House,"House Third Reading",58,0,0,2,60
1320871,928636,2020-02-20,Senate,"Senate Committee Do pass the A-Eng bill",5,0,0,0,5
1320872,918834,2020-02-10,House,"House Committee Do pass and be referred to Ways and Means by prior reference",8,0,0,3,11
1320873,921887,2020-02-12,House,"House Committee Do pass with amendments and be referred to Ways and Means by prior reference. (Printed A-Eng.)",6,4,0,1,11
1320874,921789,2020-02-12,House,"House Committee Do pass, rescind subsequent referral to Revenue, and be referred to Ways and Means",7,0,0,2,9
1320874,930574,2020-02-21,House,"House Committee Do Pass",19,0,0,2,21
1320875,918454,2020-02-10,Senate,"Senate Committee Do pass",7,0,0,0,7
1320875,923234,2020-02-13,Senate,"Senate Third Reading",28,0,0,2,30
1320875,932303,2020-02-24,House,"House Committee Do Pass",10,0,0,1,11
1320877,914498,2020-02-04,Senate,"Senate Committee Do pass and refer to Ways and Means by prior reference",7,0,0,0,7
1320878,921830,2020-02-12,House,"House Committee Do pass and be referred to Ways and Means by prior reference",7,0,0,2,9
1320879,916734,2020-02-06,Senate,"Senate Committee Do pass",3,0,0,2,5
1320879,919912,2020-02-11,Senate,"Senate Third Reading",28,0,0,2,30
1320879,931931,2020-02-24,House,"House Committee Do Pass",9,0,0,0,9
1320881,921382,2020-02-11,House,"House Committee Do pass with amendments and be referred to Ways and Means by prior reference. (Printed A-Eng.)",7,0,0,1,8
1320882,935548,2020-02-26,Senate,"Senate Committee Do pass with amendments. (Printed A-Eng.)",3,0,0,2,5
1320883,919083,2020-02-10,Senate,"Senate Committee Do pass with amendments. (Printed A-Eng.)",3,0,0,0,3
1320883,924885,2020-02-17,Senate,"Senate Third Reading",29,0,0,1,30
1320883,933838,2020-02-25,House,"House Committee Do pass with amendments. (Printed B-Eng.)",4,0,0,3,7
1320884,931454,2020-02-20,House,"House Committee Do pass with amendments. (Printed A-Eng.)",4,3,0,0,7
1320885,916238,2020-02-05,House,"House Committee Do pass and be referred to Ways and Means by prior reference",9,0,0,0,9
1320886,921288,2020-02-12,Senate,"Senate Committee Do pass",5,0,0,0,5
1320886,924477,2020-02-17,Senate,"Senate Third Reading",29,0,0,1,30
1320886,936159,2020-02-26,House,"House Committee Do Pass",4,0,0,3,7
1320887,914168,2020-02-04,Senate,"Senate Committee Do pass with amendments. (Printed A-Eng.)",5,0,0,0,5
1320887,922489,2020-02-13,Senate,"Senate Third Reading",28,0,0,2,30
1320887,928247,2020-02-20,House,"House Committee Do Pass",9,0,0,2,11
1320889,918844,2020-02-10,House,"House Committee Do pass with amendments and be referred to Ways and Means by prior reference. (Printed A-Eng.)",9,0,0,0,9
1320890,921590,2020-02-12,Senate,"Senate Committee Do pass with amendments. Refer to Ways and Means by prior reference. (Printed A-Eng)",3,2,0,0,5
1320890,939908,2020-02-28,Senate,"Senate Committee Do pass with amendments to the A-Eng bill. (Printed B-Eng.)",13,0,0,8,21
1320891,923314,2020-02-13,Senate,"Senate Committee Do pass with amendments and requesting referral to Ways and Means. (Printed A-Engrossed.)",3,2,0,0,5
1320893,926064,2020-02-18,House,"House Committee Do pass with amendments. (Printed A-Eng.)",4,3,0,0,7
1320893,931861,2020-02-24,House,"House Third Reading",40,18,0,2,60
1320894,919768,2020-02-11,Senate,"Senate Committee Do pass with amendments. (Printed A-Eng.)",5,0,0,0,5
1320894,924316,2020-02-17,Senate,"Senate Third Reading",24,5,0,1,30
1320894,932738,2020-02-24,House,"House Committee Without recommendation as to passage and be referred to Rules",9,0,0,0,9
1320894,938950,2020-02-28,House,"House Committee Do Pass the A-Eng bill",4,0,0,3,7
1320897,921680,2020-02-12,Senate,"Senate Committee Do pass with amendments. Refer to Ways and Means by prior reference. (Printed A-Eng)",4,1,0,0,5
1320898,917009,2020-02-06,Senate,"Senate Committee Do pass with amendments. Refer to Ways and Means by prior reference. (Printed A-Eng)",5,0,0,0,5
1320900,922380,2020-02-12,House,"House Committee Do pass with amendments. (Printed A-Eng.)",11,0,0,0,11
1320900,928021,2020-02-20,House,"House Third Reading",56,0,0,4,60
1320900,931738,2020-02-24,Senate,"Senate Committee Do pass the A-Eng bill",4,0,0,3,7
1320902,923103,2020-02-13,House,"House Committee Without recommendation as to passage, be referred to Rules, and then to Ways and Means by prior reference",6,0,0,3,9
1320903,923152,2020-02-12,House,"House Committee Do pass with amendments. (Printed A-Eng.)",6,5,0,0,11
1320903,925984,2020-02-18,House,"House Third Reading",31,27,0,2,60
1320903,933317,2020-02-25,Senate,"Senate Committee Do pass with amendments. (Printed B-Eng.)",4,0,0,3,7
1320906,920067,2020-02-11,House,"House Committee Do pass and be referred to Ways and Means by prior reference",11,0,0,0,11
1320907,923408,2020-02-13,House,"House Committee Do pass with amendments. (Printed A-Eng.)",11,1,0,0,12
1320907,928263,2020-02-20,House,"House Third Reading",51,6,0,3,60
1320907,930519,2020-02-04,House,"House Committee Do pass the A-Eng bill",10,2,0,0,12
1320908,925686,2020-02-18,House,"House Committee Do pass with amendments and be referred to Ways and Means by prior reference. (Printed A-Eng.)",4,3,0,0,7
1320908,939822,2020-02-28,House,"House Committee Do Pass the A-Eng bill",13,0,0,8,21
1320909,918614,2020-02-10,House,"House Committee Do pass with amendments. (Printed A-Eng.)",8,0,0,1,9
1320909,923941,2020-02-14,House,"House Third Reading",48,0,0,12,60
1320909,928070,2020-02-20,Senate,"Senate Committee Do pass the A-Eng bill",4,0,0,1,5
1320911,918860,2020-02-10,Senate,"Senate Committee Do adopt",4,0,0,1,5
1320911,924442,2020-02-17,Senate,"Senate Final Reading",29,0,0,1,30
1320911,932580,2020-02-24,House,"House Committee Be Adopted",10,0,0,1,11
1320914,921741,2020-02-11,House,"House Committee Do Pass",7,0,0,1,8
1320914,923927,2020-02-14,House,"House Third Reading",52,0,0,8,60
1320914,927025,2020-02-19,Senate,"Senate Committee Do pass",2,0,0,1,3
1320915,923071,2020-02-13,House,"House Committee Do pass with amendments. (Printed A-Eng.)",5,2,0,0,7
1320915,925320,2020-02-18,House,"House Third Reading",42,16,0,2,60
1320916,915291,2020-02-05,Senate,"Senate Committee Do pass with amendments. (Printed A-Eng.)",7,0,0,0,7
1320916,920489,2020-02-11,Senate,"Senate Third Reading",28,0,0,2,30
1320916,932311,2020-02-24,House,"House Committee Without recommendation as to passage and be referred to Rules",8,2,0,1,11
1320917,921798,2020-02-12,House,"House Committee Do pass with amendments and rescind subsequent referral to Ways and Means. (Printed A-Eng.)",10,0,0,1,11
1320917,925234,2020-02-18,House,"House Third Reading",59,0,0,1,60
1320917,927785,2020-02-20,Senate,"Senate Committee Do pass the A-Eng bill",6,0,0,1,7
1320918,917105,2020-02-06,House,"House Committee Do Pass",8,0,0,0,8
1320918,921778,2020-02-12,House,"House Third Reading",57,0,0,3,60
1320918,925782,2020-02-18,Senate,"Senate Committee Do pass",4,0,0,1,5
1320920,920075,2020-02-11,Senate,"Senate Committee Without recommendation as to passage and referral to Rules and then to Ways and Means by prior reference",3,2,0,0,5
1320922,918618,2020-02-10,Senate,"Senate Committee Do pass with amendments. (Printed A-Eng.)",7,0,0,0,7
1320922,922701,2020-02-13,Senate,"Senate Third Reading",28,0,0,2,30
1320922,932319,2020-02-24,House,"House Committee Do Pass the A-Eng bill",10,0,0,1,11
1320924,934668,2020-02-25,House,"House Committee Do pass with amendments and rescind subsequent referral to Ways and Means. (Printed A-Eng.)",7,0,0,5,12
1320925,921774,2020-02-12,House,"House Committee Do pass with amendments. (Printed A-Eng.)",11,0,0,0,11
1320925,924383,2020-02-17,House,"House Third Reading",56,0,0,4,60
1320925,927800,2020-02-20,Senate,"Senate Committee Do pass the A-Eng bill",6,0,0,1,7
1320928,916421,2020-02-05,House,"House Committee Do pass with amendments and be referred to Ways and Means by prior reference. (Printed A-Eng.)",9,0,0,0,9
1320930,915245,2020-02-05,House,"House Committee Do pass and be referred to Ways and Means by prior reference",11,0,0,0,11
1320930,937434,2020-02-27,House,"House Committee Do Pass",13,0,0,8,21
1320931,923107,2020-02-13,House,"House Committee Do pass with amendments and be referred to Ways and Means by prior reference. (Printed A-Eng.)",7,0,0,1,8
1320933,923039,2020-02-13,Senate,"Senate Committee Do pass with amendments. (Printed A-Eng.)",5,0,0,0,5
1320933,928193,2020-02-20,Senate,"Senate Third Reading",25,4,0,1,30
1320934,923756,2020-02-13,House,"House Committee Do pass with amendments and be referred to Ways and Means. (Printed A-Eng.)",8,3,0,0,11
1320935,920141,2020-02-11,House,"House Committee Do Pass",11,0,0,0,11
1320935,923805,2020-02-14,House,"House Third Reading",41,11,0,8,60
1320935,928068,2020-02-20,Senate,"Senate Committee Do pass",3,1,0,1,5
1320938,922366,2020-02-13,House,"House Committee Do pass with amendments and be referred to Ways and Means. (Printed A-Eng.)",7,0,0,0,7
1320938,939970,2020-02-28,House,"House Committee Do pass with amendments to the A-Eng bill. (Printed B-Eng.)",13,0,0,8,21
1320940,916275,2020-02-05,Senate,"Senate Committee Do pass with amendments. Refer to Ways and Means by prior reference. (Printed A-Eng)",4,0,0,1,5
1320940,937045,2020-02-27,Senate,"Senate Committee Do pass the A-Eng bill",13,0,0,8,21
1320941,922559,2020-02-12,House,"House Committee Do Pass",10,1,0,0,11
1320941,925424,2020-02-18,House,"House Third Reading",42,16,0,2,60
1320941,933681,2020-02-25,Senate,"Senate Committee Do pass",4,0,0,3,7
1320942,918688,2020-02-10,Senate,"Senate Committee Do adopt",4,0,0,1,5
1320942,921463,2020-02-12,Senate,"Senate Final Reading",29,0,0,1,30
1320942,927343,2020-02-19,House,"House Committee Be Adopted",6,0,0,3,9
1320942,931266,2020-02-21,House,"House Read and Adopted",50,2,0,8,60
1320943,921752,2020-02-11,House,"House Committee Do pass with amendments and be referred to Ways and Means by prior reference. (Printed A-Eng.)",7,0,0,1,8
1320944,918825,2020-02-10,House,"House Committee Do pass with amendments and be referred to Ways and Means by prior reference. (Printed A-Eng.)",9,0,0,0,9
1320944,937049,2020-02-27,House,"House Committee Do pass with amendments to the A-Eng bill. (Printed B-Eng.)",13,0,0,8,21
1320945,916804,2020-02-06,Senate,"Senate Committee Do pass with amendments. (Printed A-Eng.)",5,0,0,0,5
1320945,919718,2020-02-11,Senate,"Senate Third Reading",28,0,0,2,30
1320945,926668,2020-02-19,House,"House Committee Do Pass",9,0,0,2,11
1320948,917165,2020-02-06,Senate,"Senate Committee Do pass and requesting referral to Ways and Means",3,0,0,2,5
1320948,939940,2020-02-28,Senate,"Senate Committee Do pass with amendments. (Printed A-Eng.)",13,0,0,8,21
1320949,920236,2020-02-11,House,"House Committee Do Pass",11,0,0,1,12
1320949,923967,2020-02-14,House,"House Third Reading",48,0,0,12,60
1320949,924956,2020-02-04,House,"House Committee Do pass",11,0,0,1,12
1320949,928117,2020-02-20,Senate,"Senate Third Reading",29,0,0,1,30
1320950,919962,2020-02-11,Senate,"Senate Committee Do pass with amendments. (Printed A-Eng.)",5,0,0,0,5
1320950,924413,2020-02-17,Senate,"Senate Third Reading",29,0,0,1,30
1320950,931979,2020-02-24,House,"House Committee Do Pass the A-Eng bill",10,0,0,1,11
1320951,918820,2020-02-10,House,"House Committee Do pass and be referred to Ways and Means by prior reference",8,0,0,1,9
1320952,918527,2020-02-10,House,"House Committee Do pass with amendments and rescind subsequent referral to Ways and Means. (Printed A-Eng.)",7,0,0,0,7
1320952,923752,2020-02-14,House,"House Third Reading",49,4,0,7,60
1320952,926344,2020-02-19,Senate,"Senate Committee Do pass",4,1,0,0,5
1320954,923117,2020-02-13,House,"House Committee Without recommendation as to passage, with amendments. Refer to Rules, then to Ways and Means by prior reference. (Printed A-Eng.)",11,0,0,0,11
1320954,931137,2020-02-21,House,"House Committee Do pass with amendments to the A-Eng bill, and be referred to Ways and Means by prior reference. (Printed B-Eng)",6,1,0,0,7
1320954,939826,2020-02-28,House,"House Committee Do pass with amendments to the B-Eng bill. (Printed C-Eng.)",13,0,0,8,21
1320955,918038,2020-02-06,House,"House Committee Do Pass",7,0,0,0,7
1320955,920437,2020-02-11,House,"House Third Reading",59,0,0,1,60
1320955,926348,2020-02-19,Senate,"Senate Committee Do pass",5,0,0,0,5
1320956,921388,2020-02-12,House,"House Committee Do pass with amendments. (Printed A-Eng.)",11,0,0,0,11
1320956,924692,2020-02-17,House,"House Third Reading",55,0,0,5,60
1320956,927807,2020-02-20,Senate,"Senate Committee Do pass the A-Eng bill",6,0,0,1,7
1320957,921838,2020-02-12,House,"House Committee Do pass with amendments and be referred to Ways and Means by prior reference. (Printed A-Eng.)",7,0,0,2,9
1320958,918837,2020-02-10,Senate,"Senate Committee Do pass with amendments and requesting referral to Ways and Means. (Printed A-Engrossed.)",5,0,0,0,5
1320960,916607,2020-02-06,House,"House Committee Do pass and be referred to Ways and Means by prior reference",8,0,0,0,8
1320961,920554,2020-02-11,House,"House Committee Do pass with amendments. (Printed A-Eng.)",11,0,0,1,12
1320961,927916,2020-02-20,House,"House Third Reading",57,0,0,3,60
1320961,930752,2020-02-04,House,"House Committee Do pass the A-Eng bill",11,0,0,1,12
1320963,921301,2020-02-12,House,"House Committee Do pass with amendments and be referred to Ways and Means by prior reference. (Printed A-Eng.)",11,0,0,0,11
1320963,937455,2020-02-27,House,"House Committee Do pass with amendments to the A-Eng bill. (Printed B-Eng.)",13,0,0,8,21
1320964,915736,2020-02-05,House,"House Committee Do Pass",6,0,0,1,7
1320964,919058,2020-02-10,House,"House Third Reading",59,0,0,1,60
1320964,925797,2020-02-18,Senate,"Senate Committee Do pass",4,0,0,1,5
1327526,918842,2020-02-10,Senate,"Senate Committee Do adopt",4,0,0,1,5
1327526,921831,2020-02-12,Senate,"Senate Final Reading",29,0,0,1,30
1327526,932047,2020-02-24,House,"House Committee Be Adopted",9,0,0,0,9
1327527,918840,2020-02-10,Senate,"Senate Committee Do adopt",4,0,0,1,5
1327527,921826,2020-02-12,Senate,"Senate Final Reading",29,0,0,1,30
1327527,932000,2020-02-24,House,"House Committee Be Adopted",9,0,0,0,9
1334343,941869,2020-03-03,House,"House Committee Do pass with amendments. (Printed A-Eng.)",13,0,0,8,21
1334354,939658,2020-02-28,Senate,"Senate Committee Do pass with amendments. (Printed A-Eng.)",13,0,0,8,21
1334370,941870,2020-03-03,House,"House Committee Do pass with amendments. (Printed A-Eng.)",13,0,0,8,21
1334380,941675,2020-03-03,House,"House Committee Do pass with amendments. (Printed A-Eng.)",13,0,0,8,21
1334394,937142,2020-02-27,Senate,"Senate Committee Do pass",13,0,0,8,21
1334409,939628,2020-02-28,Senate,"Senate Committee Do pass with amendments. (Printed A-Eng.)",13,0,0,8,21
1334422,941872,2020-03-03,House,"House Committee Do pass with amendments. (Printed A-Eng.)",13,0,0,8,21
1334435,941552,2020-03-03,House,"House Committee Do pass with amendments. (Printed A-Eng.)",13,0,0,8,21
1334445,925181,2020-02-18,Senate,"Senate Committee Do pass",3,2,0,0,5
1335883,926343,2020-02-19,House,"House Committee Do pass with amendments. (Printed A-Eng.)",5,2,0,0,7
1337813,926015,2020-02-18,House,"House Committee Do pass with amendments and be referred to Ways and Means. (Printed A-Eng.)",7,0,0,0,7
1337813,939651,2020-02-28,House,"House Committee Do pass with amendments to the A-Eng bill. (Printed B-Eng.)",13,0,0,8,21
1338002,926032,2020-02-18,House,"House Committee Do pass with amendments. (Printed A-Eng.)",7,0,0,0,7
1338002,932826,2020-02-24,House,"House Third Reading",57,0,0,3,60
1342386,931604,2020-02-21,House,"House Committee Do pass and be referred to Ways and Means by prior reference",4,3,0,0,7
1342519,931165,2020-02-21,House,"House Committee Do pass with amendments and be referred to Ways and Means by prior reference. (Printed A-Eng.)",6,1,0,0,7
1342519,939611,2020-02-28,House,"House Committee Do pass with amendments to the A-Eng bill. (Printed B-Eng.)",13,0,0,8,21
1342922,934583,2020-02-25,House,"House Committee Be Adopted",4,0,0,3,7
1343099,934640,2020-02-25,House,"House Committee Be Adopted",4,0,0,3,7
