bill_id,document_id,document_type,document_size,document_mime,document_desc,url,state_link
1369621,2192787,text,308715,application/pdf,Introduced,https://legiscan.com/MN/text/HF1/id/2192787,https://www.revisor.mn.gov/bills/text.php?number=HF1&version=0&session=ls91&session_year=2020&session_number=1&format=pdf
1369621,2193794,text,320506,application/pdf,Engrossed,https://legiscan.com/MN/text/HF1/id/2193794,https://www.revisor.mn.gov/bills/text.php?number=HF1&version=1&session=ls91&session_year=2020&session_number=1&format=pdf
1369564,2192733,text,362358,application/pdf,Introduced,https://legiscan.com/MN/text/HF2/id/2192733,https://www.revisor.mn.gov/bills/text.php?number=HF2&version=0&session=ls91&session_year=2020&session_number=1&format=pdf
1369660,2192827,text,460312,application/pdf,Introduced,https://legiscan.com/MN/text/HF3/id/2192827,https://www.revisor.mn.gov/bills/text.php?number=HF3&version=0&session=ls91&session_year=2020&session_number=1&format=pdf
1369688,2192854,text,232472,application/pdf,Introduced,https://legiscan.com/MN/text/HF4/id/2192854,https://www.revisor.mn.gov/bills/text.php?number=HF4&version=0&session=ls91&session_year=2020&session_number=1&format=pdf
1369646,2192812,text,256778,application/pdf,Introduced,https://legiscan.com/MN/text/HF5/id/2192812,https://www.revisor.mn.gov/bills/text.php?number=HF5&version=0&session=ls91&session_year=2020&session_number=1&format=pdf
1369666,2192833,text,253764,application/pdf,Introduced,https://legiscan.com/MN/text/HF6/id/2192833,https://www.revisor.mn.gov/bills/text.php?number=HF6&version=0&session=ls91&session_year=2020&session_number=1&format=pdf
1369666,2194454,text,255568,application/pdf,Engrossed,https://legiscan.com/MN/text/HF6/id/2194454,https://www.revisor.mn.gov/bills/text.php?number=HF6&version=1&session=ls91&session_year=2020&session_number=1&format=pdf
1369681,2192847,text,294008,application/pdf,Introduced,https://legiscan.com/MN/text/HF7/id/2192847,https://www.revisor.mn.gov/bills/text.php?number=HF7&version=0&session=ls91&session_year=2020&session_number=1&format=pdf
1369619,2192785,text,202003,application/pdf,Introduced,https://legiscan.com/MN/text/HF8/id/2192785,https://www.revisor.mn.gov/bills/text.php?number=HF8&version=0&session=ls91&session_year=2020&session_number=1&format=pdf
1369583,2192751,text,196602,application/pdf,Introduced,https://legiscan.com/MN/text/HF9/id/2192751,https://www.revisor.mn.gov/bills/text.php?number=HF9&version=0&session=ls91&session_year=2020&session_number=1&format=pdf
1369636,2192802,text,232757,application/pdf,Introduced,https://legiscan.com/MN/text/HF10/id/2192802,https://www.revisor.mn.gov/bills/text.php?number=HF10&version=0&session=ls91&session_year=2020&session_number=1&format=pdf
1369631,2192797,text,7286404,application/pdf,Introduced,https://legiscan.com/MN/text/HF11/id/2192797,https://www.revisor.mn.gov/bills/text.php?number=HF11&version=0&session=ls91&session_year=2020&session_number=1&format=pdf
1369631,2193230,text,7250141,application/pdf,Engrossed,https://legiscan.com/MN/text/HF11/id/2193230,https://www.revisor.mn.gov/bills/text.php?number=HF11&version=1&session=ls91&session_year=2020&session_number=1&format=pdf
1369671,2192838,text,218750,application/pdf,Introduced,https://legiscan.com/MN/text/HF12/id/2192838,https://www.revisor.mn.gov/bills/text.php?number=HF12&version=0&session=ls91&session_year=2020&session_number=1&format=pdf
1369632,2192798,text,214970,application/pdf,Introduced,https://legiscan.com/MN/text/HF13/id/2192798,https://www.revisor.mn.gov/bills/text.php?number=HF13&version=0&session=ls91&session_year=2020&session_number=1&format=pdf
1369625,2192791,text,238646,application/pdf,Introduced,https://legiscan.com/MN/text/HF14/id/2192791,https://www.revisor.mn.gov/bills/text.php?number=HF14&version=0&session=ls91&session_year=2020&session_number=1&format=pdf
1369615,2192781,text,201535,application/pdf,Introduced,https://legiscan.com/MN/text/HF15/id/2192781,https://www.revisor.mn.gov/bills/text.php?number=HF15&version=0&session=ls91&session_year=2020&session_number=1&format=pdf
1369575,2192744,text,245764,application/pdf,Introduced,https://legiscan.com/MN/text/HF16/id/2192744,https://www.revisor.mn.gov/bills/text.php?number=HF16&version=0&session=ls91&session_year=2020&session_number=1&format=pdf
1369658,2192825,text,277732,application/pdf,Introduced,https://legiscan.com/MN/text/HF17/id/2192825,https://www.revisor.mn.gov/bills/text.php?number=HF17&version=0&session=ls91&session_year=2020&session_number=1&format=pdf
1369580,2192749,text,255503,application/pdf,Introduced,https://legiscan.com/MN/text/HF18/id/2192749,https://www.revisor.mn.gov/bills/text.php?number=HF18&version=0&session=ls91&session_year=2020&session_number=1&format=pdf
1369603,2192770,text,224758,application/pdf,Introduced,https://legiscan.com/MN/text/HF19/id/2192770,https://www.revisor.mn.gov/bills/text.php?number=HF19&version=0&session=ls91&session_year=2020&session_number=1&format=pdf
1369664,2192831,text,211252,application/pdf,Introduced,https://legiscan.com/MN/text/HF20/id/2192831,https://www.revisor.mn.gov/bills/text.php?number=HF20&version=0&session=ls91&session_year=2020&session_number=1&format=pdf
1369685,2192851,text,239195,application/pdf,Introduced,https://legiscan.com/MN/text/HF21/id/2192851,https://www.revisor.mn.gov/bills/text.php?number=HF21&version=0&session=ls91&session_year=2020&session_number=1&format=pdf
1369634,2192800,text,220018,application/pdf,Introduced,https://legiscan.com/MN/text/HF22/id/2192800,https://www.revisor.mn.gov/bills/text.php?number=HF22&version=0&session=ls91&session_year=2020&session_number=1&format=pdf
1369592,2192759,text,212504,application/pdf,Introduced,https://legiscan.com/MN/text/HF23/id/2192759,https://www.revisor.mn.gov/bills/text.php?number=HF23&version=0&session=ls91&session_year=2020&session_number=1&format=pdf
1369678,2192844,text,210111,application/pdf,Introduced,https://legiscan.com/MN/text/HF24/id/2192844,https://www.revisor.mn.gov/bills/text.php?number=HF24&version=0&session=ls91&session_year=2020&session_number=1&format=pdf
1369672,2192839,text,200327,application/pdf,Introduced,https://legiscan.com/MN/text/HF25/id/2192839,https://www.revisor.mn.gov/bills/text.php?number=HF25&version=0&session=ls91&session_year=2020&session_number=1&format=pdf
1369572,2192741,text,211535,application/pdf,Introduced,https://legiscan.com/MN/text/HF26/id/2192741,https://www.revisor.mn.gov/bills/text.php?number=HF26&version=0&session=ls91&session_year=2020&session_number=1&format=pdf
1369679,2192845,text,204418,application/pdf,Introduced,https://legiscan.com/MN/text/HF27/id/2192845,https://www.revisor.mn.gov/bills/text.php?number=HF27&version=0&session=ls91&session_year=2020&session_number=1&format=pdf
1369568,2192737,text,1708406,application/pdf,Introduced,https://legiscan.com/MN/text/HF28/id/2192737,https://www.revisor.mn.gov/bills/text.php?number=HF28&version=0&session=ls91&session_year=2020&session_number=1&format=pdf
1369568,2194294,text,1714288,application/pdf,Engrossed,https://legiscan.com/MN/text/HF28/id/2194294,https://www.revisor.mn.gov/bills/text.php?number=HF28&version=1&session=ls91&session_year=2020&session_number=1&format=pdf
1369604,2192771,text,279740,application/pdf,Introduced,https://legiscan.com/MN/text/HF29/id/2192771,https://www.revisor.mn.gov/bills/text.php?number=HF29&version=0&session=ls91&session_year=2020&session_number=1&format=pdf
1369692,2192858,text,216971,application/pdf,Introduced,https://legiscan.com/MN/text/HF30/id/2192858,https://www.revisor.mn.gov/bills/text.php?number=HF30&version=0&session=ls91&session_year=2020&session_number=1&format=pdf
1369682,2192848,text,562186,application/pdf,Introduced,https://legiscan.com/MN/text/HF31/id/2192848,https://www.revisor.mn.gov/bills/text.php?number=HF31&version=0&session=ls91&session_year=2020&session_number=1&format=pdf
1369638,2192804,text,261752,application/pdf,Introduced,https://legiscan.com/MN/text/HF32/id/2192804,https://www.revisor.mn.gov/bills/text.php?number=HF32&version=0&session=ls91&session_year=2020&session_number=1&format=pdf
1369689,2192855,text,425813,application/pdf,Introduced,https://legiscan.com/MN/text/HF33/id/2192855,https://www.revisor.mn.gov/bills/text.php?number=HF33&version=0&session=ls91&session_year=2020&session_number=1&format=pdf
1369689,2195341,text,436820,application/pdf,Engrossed,https://legiscan.com/MN/text/HF33/id/2195341,https://www.revisor.mn.gov/bills/text.php?number=HF33&version=1&session=ls91&session_year=2020&session_number=1&format=pdf
1369620,2192786,text,200921,application/pdf,Introduced,https://legiscan.com/MN/text/HF34/id/2192786,https://www.revisor.mn.gov/bills/text.php?number=HF34&version=0&session=ls91&session_year=2020&session_number=1&format=pdf
1369588,2192756,text,280740,application/pdf,Introduced,https://legiscan.com/MN/text/HF35/id/2192756,https://www.revisor.mn.gov/bills/text.php?number=HF35&version=0&session=ls91&session_year=2020&session_number=1&format=pdf
1369644,2192810,text,615444,application/pdf,Introduced,https://legiscan.com/MN/text/HF36/id/2192810,https://www.revisor.mn.gov/bills/text.php?number=HF36&version=0&session=ls91&session_year=2020&session_number=1&format=pdf
1369644,2194319,text,648599,application/pdf,Engrossed,https://legiscan.com/MN/text/HF36/id/2194319,https://www.revisor.mn.gov/bills/text.php?number=HF36&version=1&session=ls91&session_year=2020&session_number=1&format=pdf
1369639,2192806,text,230013,application/pdf,Introduced,https://legiscan.com/MN/text/HF37/id/2192806,https://www.revisor.mn.gov/bills/text.php?number=HF37&version=0&session=ls91&session_year=2020&session_number=1&format=pdf
1369639,2192805,text,237162,application/pdf,Engrossed,https://legiscan.com/MN/text/HF37/id/2192805,https://www.revisor.mn.gov/bills/text.php?number=HF37&version=1&session=ls91&session_year=2020&session_number=1&format=pdf
1369645,2192811,text,240121,application/pdf,Introduced,https://legiscan.com/MN/text/HF38/id/2192811,https://www.revisor.mn.gov/bills/text.php?number=HF38&version=0&session=ls91&session_year=2020&session_number=1&format=pdf
1369591,2192758,text,197031,application/pdf,Introduced,https://legiscan.com/MN/text/HF39/id/2192758,https://www.revisor.mn.gov/bills/text.php?number=HF39&version=0&session=ls91&session_year=2020&session_number=1&format=pdf
1369606,2192773,text,240667,application/pdf,Introduced,https://legiscan.com/MN/text/HF40/id/2192773,https://www.revisor.mn.gov/bills/text.php?number=HF40&version=0&session=ls91&session_year=2020&session_number=1&format=pdf
1369700,2192866,text,229278,application/pdf,Introduced,https://legiscan.com/MN/text/HF41/id/2192866,https://www.revisor.mn.gov/bills/text.php?number=HF41&version=0&session=ls91&session_year=2020&session_number=1&format=pdf
1369700,2194166,text,231320,application/pdf,Engrossed,https://legiscan.com/MN/text/HF41/id/2194166,https://www.revisor.mn.gov/bills/text.php?number=HF41&version=1&session=ls91&session_year=2020&session_number=1&format=pdf
1369700,2195143,text,237366,application/pdf,Engrossed,https://legiscan.com/MN/text/HF41/id/2195143,https://www.revisor.mn.gov/bills/text.php?number=HF41&version=2&session=ls91&session_year=2020&session_number=1&format=pdf
1369700,2195393,text,236224,application/pdf,Engrossed,https://legiscan.com/MN/text/HF41/id/2195393,https://www.revisor.mn.gov/bills/text.php?number=HF41&version=3&session=ls91&session_year=2020&session_number=1&format=pdf
1369597,2192764,text,225193,application/pdf,Introduced,https://legiscan.com/MN/text/HF42/id/2192764,https://www.revisor.mn.gov/bills/text.php?number=HF42&version=0&session=ls91&session_year=2020&session_number=1&format=pdf
1369554,2192723,text,225047,application/pdf,Introduced,https://legiscan.com/MN/text/HF43/id/2192723,https://www.revisor.mn.gov/bills/text.php?number=HF43&version=0&session=ls91&session_year=2020&session_number=1&format=pdf
1369669,2192836,text,304732,application/pdf,Introduced,https://legiscan.com/MN/text/HF44/id/2192836,https://www.revisor.mn.gov/bills/text.php?number=HF44&version=0&session=ls91&session_year=2020&session_number=1&format=pdf
1369579,2192748,text,242325,application/pdf,Introduced,https://legiscan.com/MN/text/HF45/id/2192748,https://www.revisor.mn.gov/bills/text.php?number=HF45&version=0&session=ls91&session_year=2020&session_number=1&format=pdf
1369656,2192823,text,210492,application/pdf,Introduced,https://legiscan.com/MN/text/HF46/id/2192823,https://www.revisor.mn.gov/bills/text.php?number=HF46&version=0&session=ls91&session_year=2020&session_number=1&format=pdf
1369661,2192828,text,234091,application/pdf,Introduced,https://legiscan.com/MN/text/HF47/id/2192828,https://www.revisor.mn.gov/bills/text.php?number=HF47&version=0&session=ls91&session_year=2020&session_number=1&format=pdf
1369642,2192809,text,235340,application/pdf,Introduced,https://legiscan.com/MN/text/HF48/id/2192809,https://www.revisor.mn.gov/bills/text.php?number=HF48&version=0&session=ls91&session_year=2020&session_number=1&format=pdf
1369581,2192750,text,270494,application/pdf,Introduced,https://legiscan.com/MN/text/HF49/id/2192750,https://www.revisor.mn.gov/bills/text.php?number=HF49&version=0&session=ls91&session_year=2020&session_number=1&format=pdf
1369562,2192731,text,205736,application/pdf,Introduced,https://legiscan.com/MN/text/HF50/id/2192731,https://www.revisor.mn.gov/bills/text.php?number=HF50&version=0&session=ls91&session_year=2020&session_number=1&format=pdf
1369663,2192830,text,227196,application/pdf,Introduced,https://legiscan.com/MN/text/HF51/id/2192830,https://www.revisor.mn.gov/bills/text.php?number=HF51&version=0&session=ls91&session_year=2020&session_number=1&format=pdf
1369635,2192801,text,229627,application/pdf,Introduced,https://legiscan.com/MN/text/HF52/id/2192801,https://www.revisor.mn.gov/bills/text.php?number=HF52&version=0&session=ls91&session_year=2020&session_number=1&format=pdf
1369567,2192736,text,230604,application/pdf,Introduced,https://legiscan.com/MN/text/HF53/id/2192736,https://www.revisor.mn.gov/bills/text.php?number=HF53&version=0&session=ls91&session_year=2020&session_number=1&format=pdf
1369599,2192766,text,233321,application/pdf,Introduced,https://legiscan.com/MN/text/HF54/id/2192766,https://www.revisor.mn.gov/bills/text.php?number=HF54&version=0&session=ls91&session_year=2020&session_number=1&format=pdf
1369599,2194464,text,235155,application/pdf,Engrossed,https://legiscan.com/MN/text/HF54/id/2194464,https://www.revisor.mn.gov/bills/text.php?number=HF54&version=1&session=ls91&session_year=2020&session_number=1&format=pdf
1369577,2192746,text,241592,application/pdf,Introduced,https://legiscan.com/MN/text/HF55/id/2192746,https://www.revisor.mn.gov/bills/text.php?number=HF55&version=0&session=ls91&session_year=2020&session_number=1&format=pdf
1369684,2192850,text,230702,application/pdf,Introduced,https://legiscan.com/MN/text/HF56/id/2192850,https://www.revisor.mn.gov/bills/text.php?number=HF56&version=0&session=ls91&session_year=2020&session_number=1&format=pdf
1369584,2192752,text,311609,application/pdf,Introduced,https://legiscan.com/MN/text/HF57/id/2192752,https://www.revisor.mn.gov/bills/text.php?number=HF57&version=0&session=ls91&session_year=2020&session_number=1&format=pdf
1369573,2192742,text,279304,application/pdf,Introduced,https://legiscan.com/MN/text/HF58/id/2192742,https://www.revisor.mn.gov/bills/text.php?number=HF58&version=0&session=ls91&session_year=2020&session_number=1&format=pdf
1369676,2192842,text,229072,application/pdf,Introduced,https://legiscan.com/MN/text/HF59/id/2192842,https://www.revisor.mn.gov/bills/text.php?number=HF59&version=0&session=ls91&session_year=2020&session_number=1&format=pdf
1369640,2192807,text,200079,application/pdf,Introduced,https://legiscan.com/MN/text/HF60/id/2192807,https://www.revisor.mn.gov/bills/text.php?number=HF60&version=0&session=ls91&session_year=2020&session_number=1&format=pdf
1369596,2192763,text,739136,application/pdf,Introduced,https://legiscan.com/MN/text/HF61/id/2192763,https://www.revisor.mn.gov/bills/text.php?number=HF61&version=0&session=ls91&session_year=2020&session_number=1&format=pdf
1369699,2192865,text,221782,application/pdf,Introduced,https://legiscan.com/MN/text/HF62/id/2192865,https://www.revisor.mn.gov/bills/text.php?number=HF62&version=0&session=ls91&session_year=2020&session_number=1&format=pdf
1369695,2192861,text,198819,application/pdf,Introduced,https://legiscan.com/MN/text/HF63/id/2192861,https://www.revisor.mn.gov/bills/text.php?number=HF63&version=0&session=ls91&session_year=2020&session_number=1&format=pdf
1369677,2192843,text,251608,application/pdf,Introduced,https://legiscan.com/MN/text/HF64/id/2192843,https://www.revisor.mn.gov/bills/text.php?number=HF64&version=0&session=ls91&session_year=2020&session_number=1&format=pdf
1369650,2192817,text,300745,application/pdf,Introduced,https://legiscan.com/MN/text/HF65/id/2192817,https://www.revisor.mn.gov/bills/text.php?number=HF65&version=0&session=ls91&session_year=2020&session_number=1&format=pdf
1369650,2192816,text,301067,application/pdf,Engrossed,https://legiscan.com/MN/text/HF65/id/2192816,https://www.revisor.mn.gov/bills/text.php?number=HF65&version=1&session=ls91&session_year=2020&session_number=1&format=pdf
1369623,2192789,text,212403,application/pdf,Introduced,https://legiscan.com/MN/text/HF66/id/2192789,https://www.revisor.mn.gov/bills/text.php?number=HF66&version=0&session=ls91&session_year=2020&session_number=1&format=pdf
1369565,2192734,text,203186,application/pdf,Introduced,https://legiscan.com/MN/text/HF67/id/2192734,https://www.revisor.mn.gov/bills/text.php?number=HF67&version=0&session=ls91&session_year=2020&session_number=1&format=pdf
1369608,2192775,text,243152,application/pdf,Introduced,https://legiscan.com/MN/text/HF68/id/2192775,https://www.revisor.mn.gov/bills/text.php?number=HF68&version=0&session=ls91&session_year=2020&session_number=1&format=pdf
1369690,2192856,text,198776,application/pdf,Introduced,https://legiscan.com/MN/text/HF69/id/2192856,https://www.revisor.mn.gov/bills/text.php?number=HF69&version=0&session=ls91&session_year=2020&session_number=1&format=pdf
1369698,2192864,text,250002,application/pdf,Introduced,https://legiscan.com/MN/text/HF70/id/2192864,https://www.revisor.mn.gov/bills/text.php?number=HF70&version=0&session=ls91&session_year=2020&session_number=1&format=pdf
1369618,2192784,text,222729,application/pdf,Introduced,https://legiscan.com/MN/text/HF71/id/2192784,https://www.revisor.mn.gov/bills/text.php?number=HF71&version=0&session=ls91&session_year=2020&session_number=1&format=pdf
1369555,2192724,text,233311,application/pdf,Introduced,https://legiscan.com/MN/text/HF72/id/2192724,https://www.revisor.mn.gov/bills/text.php?number=HF72&version=0&session=ls91&session_year=2020&session_number=1&format=pdf
1369555,2194296,text,235751,application/pdf,Engrossed,https://legiscan.com/MN/text/HF72/id/2194296,https://www.revisor.mn.gov/bills/text.php?number=HF72&version=1&session=ls91&session_year=2020&session_number=1&format=pdf
1369613,2192779,text,460023,application/pdf,Introduced,https://legiscan.com/MN/text/HF73/id/2192779,https://www.revisor.mn.gov/bills/text.php?number=HF73&version=0&session=ls91&session_year=2020&session_number=1&format=pdf
1369613,2194006,text,554705,application/pdf,Engrossed,https://legiscan.com/MN/text/HF73/id/2194006,https://www.revisor.mn.gov/bills/text.php?number=HF73&version=1&session=ls91&session_year=2020&session_number=1&format=pdf
1369624,2192790,text,308637,application/pdf,Introduced,https://legiscan.com/MN/text/HF74/id/2192790,https://www.revisor.mn.gov/bills/text.php?number=HF74&version=0&session=ls91&session_year=2020&session_number=1&format=pdf
1369614,2192780,text,362111,application/pdf,Introduced,https://legiscan.com/MN/text/HF75/id/2192780,https://www.revisor.mn.gov/bills/text.php?number=HF75&version=0&session=ls91&session_year=2020&session_number=1&format=pdf
1369614,2193940,text,423053,application/pdf,Engrossed,https://legiscan.com/MN/text/HF75/id/2193940,https://www.revisor.mn.gov/bills/text.php?number=HF75&version=1&session=ls91&session_year=2020&session_number=1&format=pdf
1369675,2192841,text,460052,application/pdf,Introduced,https://legiscan.com/MN/text/HF76/id/2192841,https://www.revisor.mn.gov/bills/text.php?number=HF76&version=0&session=ls91&session_year=2020&session_number=1&format=pdf
1369675,2194138,text,527506,application/pdf,Engrossed,https://legiscan.com/MN/text/HF76/id/2194138,https://www.revisor.mn.gov/bills/text.php?number=HF76&version=1&session=ls91&session_year=2020&session_number=1&format=pdf
1369633,2192799,text,308519,application/pdf,Introduced,https://legiscan.com/MN/text/HF77/id/2192799,https://www.revisor.mn.gov/bills/text.php?number=HF77&version=0&session=ls91&session_year=2020&session_number=1&format=pdf
1369566,2192735,text,362131,application/pdf,Introduced,https://legiscan.com/MN/text/HF78/id/2192735,https://www.revisor.mn.gov/bills/text.php?number=HF78&version=0&session=ls91&session_year=2020&session_number=1&format=pdf
1369566,2193781,text,371957,application/pdf,Engrossed,https://legiscan.com/MN/text/HF78/id/2193781,https://www.revisor.mn.gov/bills/text.php?number=HF78&version=1&session=ls91&session_year=2020&session_number=1&format=pdf
1369777,2193215,text,280626,application/pdf,Introduced,https://legiscan.com/MN/text/HF79/id/2193215,https://www.revisor.mn.gov/bills/text.php?number=HF79&version=0&session=ls91&session_year=2020&session_number=1&format=pdf
1369777,2194926,text,283412,application/pdf,Engrossed,https://legiscan.com/MN/text/HF79/id/2194926,https://www.revisor.mn.gov/bills/text.php?number=HF79&version=1&session=ls91&session_year=2020&session_number=1&format=pdf
1369841,2193301,text,239197,application/pdf,Introduced,https://legiscan.com/MN/text/HF80/id/2193301,https://www.revisor.mn.gov/bills/text.php?number=HF80&version=0&session=ls91&session_year=2020&session_number=1&format=pdf
1369841,2194465,text,230966,application/pdf,Engrossed,https://legiscan.com/MN/text/HF80/id/2194465,https://www.revisor.mn.gov/bills/text.php?number=HF80&version=1&session=ls91&session_year=2020&session_number=1&format=pdf
1369858,2193318,text,239019,application/pdf,Introduced,https://legiscan.com/MN/text/HF81/id/2193318,https://www.revisor.mn.gov/bills/text.php?number=HF81&version=0&session=ls91&session_year=2020&session_number=1&format=pdf
1369858,2194439,text,229881,application/pdf,Engrossed,https://legiscan.com/MN/text/HF81/id/2194439,https://www.revisor.mn.gov/bills/text.php?number=HF81&version=1&session=ls91&session_year=2020&session_number=1&format=pdf
1369875,2193335,text,208845,application/pdf,Introduced,https://legiscan.com/MN/text/HF82/id/2193335,https://www.revisor.mn.gov/bills/text.php?number=HF82&version=0&session=ls91&session_year=2020&session_number=1&format=pdf
1369808,2193269,text,208874,application/pdf,Introduced,https://legiscan.com/MN/text/HF83/id/2193269,https://www.revisor.mn.gov/bills/text.php?number=HF83&version=0&session=ls91&session_year=2020&session_number=1&format=pdf
1369834,2193294,text,205904,application/pdf,Introduced,https://legiscan.com/MN/text/HF84/id/2193294,https://www.revisor.mn.gov/bills/text.php?number=HF84&version=0&session=ls91&session_year=2020&session_number=1&format=pdf
1369834,2194466,text,220485,application/pdf,Engrossed,https://legiscan.com/MN/text/HF84/id/2194466,https://www.revisor.mn.gov/bills/text.php?number=HF84&version=1&session=ls91&session_year=2020&session_number=1&format=pdf
1369833,2193293,text,313026,application/pdf,Introduced,https://legiscan.com/MN/text/HF85/id/2193293,https://www.revisor.mn.gov/bills/text.php?number=HF85&version=0&session=ls91&session_year=2020&session_number=1&format=pdf
1369833,2194563,text,291849,application/pdf,Engrossed,https://legiscan.com/MN/text/HF85/id/2194563,https://www.revisor.mn.gov/bills/text.php?number=HF85&version=1&session=ls91&session_year=2020&session_number=1&format=pdf
1369809,2193270,text,313276,application/pdf,Introduced,https://legiscan.com/MN/text/HF86/id/2193270,https://www.revisor.mn.gov/bills/text.php?number=HF86&version=0&session=ls91&session_year=2020&session_number=1&format=pdf
1369809,2194458,text,288786,application/pdf,Engrossed,https://legiscan.com/MN/text/HF86/id/2194458,https://www.revisor.mn.gov/bills/text.php?number=HF86&version=1&session=ls91&session_year=2020&session_number=1&format=pdf
1369932,2193391,text,313051,application/pdf,Introduced,https://legiscan.com/MN/text/HF87/id/2193391,https://www.revisor.mn.gov/bills/text.php?number=HF87&version=0&session=ls91&session_year=2020&session_number=1&format=pdf
1369932,2195145,text,315784,application/pdf,Engrossed,https://legiscan.com/MN/text/HF87/id/2195145,https://www.revisor.mn.gov/bills/text.php?number=HF87&version=1&session=ls91&session_year=2020&session_number=1&format=pdf
1369950,2193409,text,326291,application/pdf,Introduced,https://legiscan.com/MN/text/HF88/id/2193409,https://www.revisor.mn.gov/bills/text.php?number=HF88&version=0&session=ls91&session_year=2020&session_number=1&format=pdf
1369950,2194459,text,328725,application/pdf,Engrossed,https://legiscan.com/MN/text/HF88/id/2194459,https://www.revisor.mn.gov/bills/text.php?number=HF88&version=1&session=ls91&session_year=2020&session_number=1&format=pdf
1369879,2193339,text,326564,application/pdf,Introduced,https://legiscan.com/MN/text/HF89/id/2193339,https://www.revisor.mn.gov/bills/text.php?number=HF89&version=0&session=ls91&session_year=2020&session_number=1&format=pdf
1369879,2194647,text,329025,application/pdf,Engrossed,https://legiscan.com/MN/text/HF89/id/2194647,https://www.revisor.mn.gov/bills/text.php?number=HF89&version=1&session=ls91&session_year=2020&session_number=1&format=pdf
1369846,2193306,text,326567,application/pdf,Introduced,https://legiscan.com/MN/text/HF90/id/2193306,https://www.revisor.mn.gov/bills/text.php?number=HF90&version=0&session=ls91&session_year=2020&session_number=1&format=pdf
1369846,2194469,text,329024,application/pdf,Engrossed,https://legiscan.com/MN/text/HF90/id/2194469,https://www.revisor.mn.gov/bills/text.php?number=HF90&version=1&session=ls91&session_year=2020&session_number=1&format=pdf
1369860,2193320,text,304939,application/pdf,Introduced,https://legiscan.com/MN/text/HF91/id/2193320,https://www.revisor.mn.gov/bills/text.php?number=HF91&version=0&session=ls91&session_year=2020&session_number=1&format=pdf
1369915,2193375,text,421436,application/pdf,Introduced,https://legiscan.com/MN/text/HF92/id/2193375,https://www.revisor.mn.gov/bills/text.php?number=HF92&version=0&session=ls91&session_year=2020&session_number=1&format=pdf
1369915,2193740,text,432018,application/pdf,Engrossed,https://legiscan.com/MN/text/HF92/id/2193740,https://www.revisor.mn.gov/bills/text.php?number=HF92&version=1&session=ls91&session_year=2020&session_number=1&format=pdf
1369937,2193396,text,554082,application/pdf,Introduced,https://legiscan.com/MN/text/HF93/id/2193396,https://www.revisor.mn.gov/bills/text.php?number=HF93&version=0&session=ls91&session_year=2020&session_number=1&format=pdf
1369937,2193743,text,504329,application/pdf,Engrossed,https://legiscan.com/MN/text/HF93/id/2193743,https://www.revisor.mn.gov/bills/text.php?number=HF93&version=1&session=ls91&session_year=2020&session_number=1&format=pdf
1369851,2193311,text,584486,application/pdf,Introduced,https://legiscan.com/MN/text/HF94/id/2193311,https://www.revisor.mn.gov/bills/text.php?number=HF94&version=0&session=ls91&session_year=2020&session_number=1&format=pdf
1369817,2193277,text,395421,application/pdf,Introduced,https://legiscan.com/MN/text/HF95/id/2193277,https://www.revisor.mn.gov/bills/text.php?number=HF95&version=0&session=ls91&session_year=2020&session_number=1&format=pdf
1369779,2193226,text,257920,application/pdf,Introduced,https://legiscan.com/MN/text/HF96/id/2193226,https://www.revisor.mn.gov/bills/text.php?number=HF96&version=0&session=ls91&session_year=2020&session_number=1&format=pdf
1369878,2193338,text,226777,application/pdf,Introduced,https://legiscan.com/MN/text/HF97/id/2193338,https://www.revisor.mn.gov/bills/text.php?number=HF97&version=0&session=ls91&session_year=2020&session_number=1&format=pdf
1369930,2193389,text,280582,application/pdf,Introduced,https://legiscan.com/MN/text/HF98/id/2193389,https://www.revisor.mn.gov/bills/text.php?number=HF98&version=0&session=ls91&session_year=2020&session_number=1&format=pdf
1369953,2193412,text,598391,application/pdf,Introduced,https://legiscan.com/MN/text/HF99/id/2193412,https://www.revisor.mn.gov/bills/text.php?number=HF99&version=0&session=ls91&session_year=2020&session_number=1&format=pdf
1369823,2193283,text,205227,application/pdf,Introduced,https://legiscan.com/MN/text/HF100/id/2193283,https://www.revisor.mn.gov/bills/text.php?number=HF100&version=0&session=ls91&session_year=2020&session_number=1&format=pdf
1369872,2193332,text,257746,application/pdf,Introduced,https://legiscan.com/MN/text/HF101/id/2193332,https://www.revisor.mn.gov/bills/text.php?number=HF101&version=0&session=ls91&session_year=2020&session_number=1&format=pdf
1369888,2193348,text,194251,application/pdf,Introduced,https://legiscan.com/MN/text/HF102/id/2193348,https://www.revisor.mn.gov/bills/text.php?number=HF102&version=0&session=ls91&session_year=2020&session_number=1&format=pdf
1369949,2193408,text,211296,application/pdf,Introduced,https://legiscan.com/MN/text/HF103/id/2193408,https://www.revisor.mn.gov/bills/text.php?number=HF103&version=0&session=ls91&session_year=2020&session_number=1&format=pdf
1369941,2193400,text,228603,application/pdf,Introduced,https://legiscan.com/MN/text/HF104/id/2193400,https://www.revisor.mn.gov/bills/text.php?number=HF104&version=0&session=ls91&session_year=2020&session_number=1&format=pdf
1369778,2193225,text,244241,application/pdf,Introduced,https://legiscan.com/MN/text/HF105/id/2193225,https://www.revisor.mn.gov/bills/text.php?number=HF105&version=0&session=ls91&session_year=2020&session_number=1&format=pdf
1369778,2193739,text,250721,application/pdf,Engrossed,https://legiscan.com/MN/text/HF105/id/2193739,https://www.revisor.mn.gov/bills/text.php?number=HF105&version=1&session=ls91&session_year=2020&session_number=1&format=pdf
1369778,2195160,text,263430,application/pdf,Engrossed,https://legiscan.com/MN/text/HF105/id/2195160,https://www.revisor.mn.gov/bills/text.php?number=HF105&version=2&session=ls91&session_year=2020&session_number=1&format=pdf
1369815,2193275,text,209434,application/pdf,Introduced,https://legiscan.com/MN/text/HF106/id/2193275,https://www.revisor.mn.gov/bills/text.php?number=HF106&version=0&session=ls91&session_year=2020&session_number=1&format=pdf
1369910,2193370,text,1235192,application/pdf,Introduced,https://legiscan.com/MN/text/HF107/id/2193370,https://www.revisor.mn.gov/bills/text.php?number=HF107&version=0&session=ls91&session_year=2020&session_number=1&format=pdf
1369864,2193324,text,220382,application/pdf,Introduced,https://legiscan.com/MN/text/HF108/id/2193324,https://www.revisor.mn.gov/bills/text.php?number=HF108&version=0&session=ls91&session_year=2020&session_number=1&format=pdf
1369864,2195429,text,225798,application/pdf,Engrossed,https://legiscan.com/MN/text/HF108/id/2195429,https://www.revisor.mn.gov/bills/text.php?number=HF108&version=1&session=ls91&session_year=2020&session_number=1&format=pdf
1369794,2193255,text,268901,application/pdf,Introduced,https://legiscan.com/MN/text/HF109/id/2193255,https://www.revisor.mn.gov/bills/text.php?number=HF109&version=0&session=ls91&session_year=2020&session_number=1&format=pdf
1369939,2193398,text,209953,application/pdf,Introduced,https://legiscan.com/MN/text/HF110/id/2193398,https://www.revisor.mn.gov/bills/text.php?number=HF110&version=0&session=ls91&session_year=2020&session_number=1&format=pdf
1369812,2193272,text,191010,application/pdf,Introduced,https://legiscan.com/MN/text/HF111/id/2193272,https://www.revisor.mn.gov/bills/text.php?number=HF111&version=0&session=ls91&session_year=2020&session_number=1&format=pdf
1369812,2194293,text,198470,application/pdf,Engrossed,https://legiscan.com/MN/text/HF111/id/2194293,https://www.revisor.mn.gov/bills/text.php?number=HF111&version=1&session=ls91&session_year=2020&session_number=1&format=pdf
1369812,2195144,text,203671,application/pdf,Engrossed,https://legiscan.com/MN/text/HF111/id/2195144,https://www.revisor.mn.gov/bills/text.php?number=HF111&version=2&session=ls91&session_year=2020&session_number=1&format=pdf
1369946,2193405,text,201507,application/pdf,Introduced,https://legiscan.com/MN/text/HF112/id/2193405,https://www.revisor.mn.gov/bills/text.php?number=HF112&version=0&session=ls91&session_year=2020&session_number=1&format=pdf
1369789,2193250,text,227739,application/pdf,Introduced,https://legiscan.com/MN/text/HF113/id/2193250,https://www.revisor.mn.gov/bills/text.php?number=HF113&version=0&session=ls91&session_year=2020&session_number=1&format=pdf
1369861,2193321,text,226464,application/pdf,Introduced,https://legiscan.com/MN/text/HF114/id/2193321,https://www.revisor.mn.gov/bills/text.php?number=HF114&version=0&session=ls91&session_year=2020&session_number=1&format=pdf
1369796,2193257,text,218651,application/pdf,Introduced,https://legiscan.com/MN/text/HF115/id/2193257,https://www.revisor.mn.gov/bills/text.php?number=HF115&version=0&session=ls91&session_year=2020&session_number=1&format=pdf
1369787,2193248,text,267990,application/pdf,Introduced,https://legiscan.com/MN/text/HF116/id/2193248,https://www.revisor.mn.gov/bills/text.php?number=HF116&version=0&session=ls91&session_year=2020&session_number=1&format=pdf
1369922,2193382,text,524872,application/pdf,Introduced,https://legiscan.com/MN/text/HF117/id/2193382,https://www.revisor.mn.gov/bills/text.php?number=HF117&version=0&session=ls91&session_year=2020&session_number=1&format=pdf
1369850,2193310,text,230569,application/pdf,Introduced,https://legiscan.com/MN/text/HF118/id/2193310,https://www.revisor.mn.gov/bills/text.php?number=HF118&version=0&session=ls91&session_year=2020&session_number=1&format=pdf
1369798,2193259,text,303755,application/pdf,Introduced,https://legiscan.com/MN/text/HF119/id/2193259,https://www.revisor.mn.gov/bills/text.php?number=HF119&version=0&session=ls91&session_year=2020&session_number=1&format=pdf
1369830,2193290,text,215836,application/pdf,Introduced,https://legiscan.com/MN/text/HF120/id/2193290,https://www.revisor.mn.gov/bills/text.php?number=HF120&version=0&session=ls91&session_year=2020&session_number=1&format=pdf
1369906,2193366,text,195531,application/pdf,Introduced,https://legiscan.com/MN/text/HF121/id/2193366,https://www.revisor.mn.gov/bills/text.php?number=HF121&version=0&session=ls91&session_year=2020&session_number=1&format=pdf
1369935,2193394,text,194694,application/pdf,Introduced,https://legiscan.com/MN/text/HF122/id/2193394,https://www.revisor.mn.gov/bills/text.php?number=HF122&version=0&session=ls91&session_year=2020&session_number=1&format=pdf
1369893,2193354,text,212677,application/pdf,Introduced,https://legiscan.com/MN/text/HF123/id/2193354,https://www.revisor.mn.gov/bills/text.php?number=HF123&version=0&session=ls91&session_year=2020&session_number=1&format=pdf
1369926,2193386,text,197860,application/pdf,Introduced,https://legiscan.com/MN/text/HF124/id/2193386,https://www.revisor.mn.gov/bills/text.php?number=HF124&version=0&session=ls91&session_year=2020&session_number=1&format=pdf
1369854,2193314,text,268395,application/pdf,Introduced,https://legiscan.com/MN/text/HF125/id/2193314,https://www.revisor.mn.gov/bills/text.php?number=HF125&version=0&session=ls91&session_year=2020&session_number=1&format=pdf
1369827,2193287,text,201678,application/pdf,Introduced,https://legiscan.com/MN/text/HF126/id/2193287,https://www.revisor.mn.gov/bills/text.php?number=HF126&version=0&session=ls91&session_year=2020&session_number=1&format=pdf
1369904,2193364,text,237552,application/pdf,Introduced,https://legiscan.com/MN/text/HF127/id/2193364,https://www.revisor.mn.gov/bills/text.php?number=HF127&version=0&session=ls91&session_year=2020&session_number=1&format=pdf
1370148,2193703,text,267663,application/pdf,Introduced,https://legiscan.com/MN/text/HF128/id/2193703,https://www.revisor.mn.gov/bills/text.php?number=HF128&version=0&session=ls91&session_year=2020&session_number=1&format=pdf
1370157,2193712,text,221289,application/pdf,Introduced,https://legiscan.com/MN/text/HF129/id/2193712,https://www.revisor.mn.gov/bills/text.php?number=HF129&version=0&session=ls91&session_year=2020&session_number=1&format=pdf
1370100,2193652,text,204764,application/pdf,Introduced,https://legiscan.com/MN/text/HF130/id/2193652,https://www.revisor.mn.gov/bills/text.php?number=HF130&version=0&session=ls91&session_year=2020&session_number=1&format=pdf
1370122,2193675,text,219738,application/pdf,Introduced,https://legiscan.com/MN/text/HF131/id/2193675,https://www.revisor.mn.gov/bills/text.php?number=HF131&version=0&session=ls91&session_year=2020&session_number=1&format=pdf
1370118,2193671,text,326932,application/pdf,Introduced,https://legiscan.com/MN/text/HF132/id/2193671,https://www.revisor.mn.gov/bills/text.php?number=HF132&version=0&session=ls91&session_year=2020&session_number=1&format=pdf
1370118,2195139,text,629834,application/pdf,Engrossed,https://legiscan.com/MN/text/HF132/id/2195139,https://www.revisor.mn.gov/bills/text.php?number=HF132&version=1&session=ls91&session_year=2020&session_number=1&format=pdf
1370118,2195321,text,671531,application/pdf,Engrossed,https://legiscan.com/MN/text/HF132/id/2195321,https://www.revisor.mn.gov/bills/text.php?number=HF132&version=2&session=ls91&session_year=2020&session_number=1&format=pdf
1370130,2193683,text,202577,application/pdf,Introduced,https://legiscan.com/MN/text/HF133/id/2193683,https://www.revisor.mn.gov/bills/text.php?number=HF133&version=0&session=ls91&session_year=2020&session_number=1&format=pdf
1370113,2193665,text,236995,application/pdf,Introduced,https://legiscan.com/MN/text/HF134/id/2193665,https://www.revisor.mn.gov/bills/text.php?number=HF134&version=0&session=ls91&session_year=2020&session_number=1&format=pdf
1370161,2193716,text,267630,application/pdf,Introduced,https://legiscan.com/MN/text/HF135/id/2193716,https://www.revisor.mn.gov/bills/text.php?number=HF135&version=0&session=ls91&session_year=2020&session_number=1&format=pdf
1370139,2193693,text,205847,application/pdf,Introduced,https://legiscan.com/MN/text/HF136/id/2193693,https://www.revisor.mn.gov/bills/text.php?number=HF136&version=0&session=ls91&session_year=2020&session_number=1&format=pdf
1370153,2193708,text,225317,application/pdf,Introduced,https://legiscan.com/MN/text/HF137/id/2193708,https://www.revisor.mn.gov/bills/text.php?number=HF137&version=0&session=ls91&session_year=2020&session_number=1&format=pdf
1370109,2193661,text,196081,application/pdf,Introduced,https://legiscan.com/MN/text/HF138/id/2193661,https://www.revisor.mn.gov/bills/text.php?number=HF138&version=0&session=ls91&session_year=2020&session_number=1&format=pdf
1370144,2193699,text,222347,application/pdf,Introduced,https://legiscan.com/MN/text/HF139/id/2193699,https://www.revisor.mn.gov/bills/text.php?number=HF139&version=0&session=ls91&session_year=2020&session_number=1&format=pdf
1370135,2193688,text,220889,application/pdf,Introduced,https://legiscan.com/MN/text/HF140/id/2193688,https://www.revisor.mn.gov/bills/text.php?number=HF140&version=0&session=ls91&session_year=2020&session_number=1&format=pdf
1370125,2193678,text,201707,application/pdf,Introduced,https://legiscan.com/MN/text/HF141/id/2193678,https://www.revisor.mn.gov/bills/text.php?number=HF141&version=0&session=ls91&session_year=2020&session_number=1&format=pdf
1370104,2193656,text,196007,application/pdf,Introduced,https://legiscan.com/MN/text/HF142/id/2193656,https://www.revisor.mn.gov/bills/text.php?number=HF142&version=0&session=ls91&session_year=2020&session_number=1&format=pdf
1370442,2194391,text,208667,application/pdf,Introduced,https://legiscan.com/MN/text/HF143/id/2194391,https://www.revisor.mn.gov/bills/text.php?number=HF143&version=0&session=ls91&session_year=2020&session_number=1&format=pdf
1370390,2194337,text,209341,application/pdf,Introduced,https://legiscan.com/MN/text/HF144/id/2194337,https://www.revisor.mn.gov/bills/text.php?number=HF144&version=0&session=ls91&session_year=2020&session_number=1&format=pdf
1370453,2194402,text,218692,application/pdf,Introduced,https://legiscan.com/MN/text/HF145/id/2194402,https://www.revisor.mn.gov/bills/text.php?number=HF145&version=0&session=ls91&session_year=2020&session_number=1&format=pdf
1370421,2194369,text,208802,application/pdf,Introduced,https://legiscan.com/MN/text/HF146/id/2194369,https://www.revisor.mn.gov/bills/text.php?number=HF146&version=0&session=ls91&session_year=2020&session_number=1&format=pdf
1370432,2194381,text,209512,application/pdf,Introduced,https://legiscan.com/MN/text/HF147/id/2194381,https://www.revisor.mn.gov/bills/text.php?number=HF147&version=0&session=ls91&session_year=2020&session_number=1&format=pdf
1370384,2194331,text,209945,application/pdf,Introduced,https://legiscan.com/MN/text/HF148/id/2194331,https://www.revisor.mn.gov/bills/text.php?number=HF148&version=0&session=ls91&session_year=2020&session_number=1&format=pdf
1370399,2194347,text,209240,application/pdf,Introduced,https://legiscan.com/MN/text/HF149/id/2194347,https://www.revisor.mn.gov/bills/text.php?number=HF149&version=0&session=ls91&session_year=2020&session_number=1&format=pdf
1370461,2194410,text,220223,application/pdf,Introduced,https://legiscan.com/MN/text/HF150/id/2194410,https://www.revisor.mn.gov/bills/text.php?number=HF150&version=0&session=ls91&session_year=2020&session_number=1&format=pdf
1370409,2194357,text,215202,application/pdf,Introduced,https://legiscan.com/MN/text/HF151/id/2194357,https://www.revisor.mn.gov/bills/text.php?number=HF151&version=0&session=ls91&session_year=2020&session_number=1&format=pdf
1370628,2194792,text,223392,application/pdf,Introduced,https://legiscan.com/MN/text/HF152/id/2194792,https://www.revisor.mn.gov/bills/text.php?number=HF152&version=0&session=ls91&session_year=2020&session_number=1&format=pdf
1370643,2194806,text,210192,application/pdf,Introduced,https://legiscan.com/MN/text/HF153/id/2194806,https://www.revisor.mn.gov/bills/text.php?number=HF153&version=0&session=ls91&session_year=2020&session_number=1&format=pdf
1370634,2194798,text,208155,application/pdf,Introduced,https://legiscan.com/MN/text/HF154/id/2194798,https://www.revisor.mn.gov/bills/text.php?number=HF154&version=0&session=ls91&session_year=2020&session_number=1&format=pdf
1370657,2194819,text,353961,application/pdf,Introduced,https://legiscan.com/MN/text/HF155/id/2194819,https://www.revisor.mn.gov/bills/text.php?number=HF155&version=0&session=ls91&session_year=2020&session_number=1&format=pdf
1370649,2194812,text,245268,application/pdf,Introduced,https://legiscan.com/MN/text/HF156/id/2194812,https://www.revisor.mn.gov/bills/text.php?number=HF156&version=0&session=ls91&session_year=2020&session_number=1&format=pdf
1370933,2195197,text,217376,application/pdf,Introduced,https://legiscan.com/MN/text/HF157/id/2195197,https://www.revisor.mn.gov/bills/text.php?number=HF157&version=0&session=ls91&session_year=2020&session_number=1&format=pdf
1370929,2195193,text,242425,application/pdf,Introduced,https://legiscan.com/MN/text/HF158/id/2195193,https://www.revisor.mn.gov/bills/text.php?number=HF158&version=0&session=ls91&session_year=2020&session_number=1&format=pdf
1370946,2195210,text,599669,application/pdf,Introduced,https://legiscan.com/MN/text/HF159/id/2195210,https://www.revisor.mn.gov/bills/text.php?number=HF159&version=0&session=ls91&session_year=2020&session_number=1&format=pdf
1370931,2195195,text,257613,application/pdf,Introduced,https://legiscan.com/MN/text/HF160/id/2195195,https://www.revisor.mn.gov/bills/text.php?number=HF160&version=0&session=ls91&session_year=2020&session_number=1&format=pdf
1370928,2195192,text,210072,application/pdf,Introduced,https://legiscan.com/MN/text/HF161/id/2195192,https://www.revisor.mn.gov/bills/text.php?number=HF161&version=0&session=ls91&session_year=2020&session_number=1&format=pdf
1370935,2195199,text,233407,application/pdf,Introduced,https://legiscan.com/MN/text/HF162/id/2195199,https://www.revisor.mn.gov/bills/text.php?number=HF162&version=0&session=ls91&session_year=2020&session_number=1&format=pdf
1370927,2195191,text,273149,application/pdf,Introduced,https://legiscan.com/MN/text/HF163/id/2195191,https://www.revisor.mn.gov/bills/text.php?number=HF163&version=0&session=ls91&session_year=2020&session_number=1&format=pdf
1370943,2195207,text,266565,application/pdf,Introduced,https://legiscan.com/MN/text/HF164/id/2195207,https://www.revisor.mn.gov/bills/text.php?number=HF164&version=0&session=ls91&session_year=2020&session_number=1&format=pdf
1370944,2195208,text,201807,application/pdf,Introduced,https://legiscan.com/MN/text/HF165/id/2195208,https://www.revisor.mn.gov/bills/text.php?number=HF165&version=0&session=ls91&session_year=2020&session_number=1&format=pdf
1370934,2195198,text,231470,application/pdf,Introduced,https://legiscan.com/MN/text/HF166/id/2195198,https://www.revisor.mn.gov/bills/text.php?number=HF166&version=0&session=ls91&session_year=2020&session_number=1&format=pdf
1370940,2195204,text,342457,application/pdf,Introduced,https://legiscan.com/MN/text/HF167/id/2195204,https://www.revisor.mn.gov/bills/text.php?number=HF167&version=0&session=ls91&session_year=2020&session_number=1&format=pdf
1370947,2195211,text,221136,application/pdf,Introduced,https://legiscan.com/MN/text/HF168/id/2195211,https://www.revisor.mn.gov/bills/text.php?number=HF168&version=0&session=ls91&session_year=2020&session_number=1&format=pdf
1370936,2195200,text,203747,application/pdf,Introduced,https://legiscan.com/MN/text/HF169/id/2195200,https://www.revisor.mn.gov/bills/text.php?number=HF169&version=0&session=ls91&session_year=2020&session_number=1&format=pdf
1370930,2195194,text,203722,application/pdf,Introduced,https://legiscan.com/MN/text/HF170/id/2195194,https://www.revisor.mn.gov/bills/text.php?number=HF170&version=0&session=ls91&session_year=2020&session_number=1&format=pdf
1369693,2192859,text,63780,text/html,Draft,https://legiscan.com/MN/text/HC1/id/2192859,https://www.revisor.mn.gov/bills/text.php?number=HC1&session=ls91&version=latest&session_number=1&session_year=2020
1369605,2192772,text,60899,text/html,Draft,https://legiscan.com/MN/text/HC2/id/2192772,https://www.revisor.mn.gov/bills/text.php?number=HC2&session=ls91&version=latest&session_number=1&session_year=2020
1369432,2192569,text,202322,application/pdf,Introduced,https://legiscan.com/MN/text/SF1/id/2192569,https://www.revisor.mn.gov/bills/text.php?number=SF1&version=0&session=ls91&session_year=2020&session_number=1&format=pdf
1369432,2194220,text,283132,application/pdf,Engrossed,https://legiscan.com/MN/text/SF1/id/2194220,https://www.revisor.mn.gov/bills/text.php?number=SF1&version=1&session=ls91&session_year=2020&session_number=1&format=pdf
1369413,2192550,text,258503,application/pdf,Introduced,https://legiscan.com/MN/text/SF2/id/2192550,https://www.revisor.mn.gov/bills/text.php?number=SF2&version=0&session=ls91&session_year=2020&session_number=1&format=pdf
1369404,2192541,text,208705,application/pdf,Introduced,https://legiscan.com/MN/text/SF3/id/2192541,https://www.revisor.mn.gov/bills/text.php?number=SF3&version=0&session=ls91&session_year=2020&session_number=1&format=pdf
1369404,2194226,text,214483,application/pdf,Engrossed,https://legiscan.com/MN/text/SF3/id/2194226,https://www.revisor.mn.gov/bills/text.php?number=SF3&version=1&session=ls91&session_year=2020&session_number=1&format=pdf
1369405,2192542,text,1238678,application/pdf,Introduced,https://legiscan.com/MN/text/SF4/id/2192542,https://www.revisor.mn.gov/bills/text.php?number=SF4&version=0&session=ls91&session_year=2020&session_number=1&format=pdf
1369405,2193541,text,1376109,application/pdf,Engrossed,https://legiscan.com/MN/text/SF4/id/2193541,https://www.revisor.mn.gov/bills/text.php?number=SF4&version=1&session=ls91&session_year=2020&session_number=1&format=pdf
1369407,2192544,text,241665,application/pdf,Introduced,https://legiscan.com/MN/text/SF5/id/2192544,https://www.revisor.mn.gov/bills/text.php?number=SF5&version=0&session=ls91&session_year=2020&session_number=1&format=pdf
1369407,2194229,text,256043,application/pdf,Engrossed,https://legiscan.com/MN/text/SF5/id/2194229,https://www.revisor.mn.gov/bills/text.php?number=SF5&version=1&session=ls91&session_year=2020&session_number=1&format=pdf
1369430,2192567,text,281140,application/pdf,Introduced,https://legiscan.com/MN/text/SF6/id/2192567,https://www.revisor.mn.gov/bills/text.php?number=SF6&version=0&session=ls91&session_year=2020&session_number=1&format=pdf
1369430,2195271,text,348589,application/pdf,Engrossed,https://legiscan.com/MN/text/SF6/id/2195271,https://www.revisor.mn.gov/bills/text.php?number=SF6&version=1&session=ls91&session_year=2020&session_number=1&format=pdf
1369400,2192537,text,205408,application/pdf,Introduced,https://legiscan.com/MN/text/SF7/id/2192537,https://www.revisor.mn.gov/bills/text.php?number=SF7&version=0&session=ls91&session_year=2020&session_number=1&format=pdf
1369422,2192559,text,586575,application/pdf,Introduced,https://legiscan.com/MN/text/SF8/id/2192559,https://www.revisor.mn.gov/bills/text.php?number=SF8&version=0&session=ls91&session_year=2020&session_number=1&format=pdf
1369401,2192538,text,7306368,application/pdf,Introduced,https://legiscan.com/MN/text/SF9/id/2192538,https://www.revisor.mn.gov/bills/text.php?number=SF9&version=0&session=ls91&session_year=2020&session_number=1&format=pdf
1369403,2192540,text,302464,application/pdf,Introduced,https://legiscan.com/MN/text/SF10/id/2192540,https://www.revisor.mn.gov/bills/text.php?number=SF10&version=0&session=ls91&session_year=2020&session_number=1&format=pdf
1369426,2192563,text,205145,application/pdf,Introduced,https://legiscan.com/MN/text/SF11/id/2192563,https://www.revisor.mn.gov/bills/text.php?number=SF11&version=0&session=ls91&session_year=2020&session_number=1&format=pdf
1369421,2192558,text,221326,application/pdf,Introduced,https://legiscan.com/MN/text/SF12/id/2192558,https://www.revisor.mn.gov/bills/text.php?number=SF12&version=0&session=ls91&session_year=2020&session_number=1&format=pdf
1369408,2192545,text,319283,application/pdf,Introduced,https://legiscan.com/MN/text/SF13/id/2192545,https://www.revisor.mn.gov/bills/text.php?number=SF13&version=0&session=ls91&session_year=2020&session_number=1&format=pdf
1369395,2192532,text,590290,application/pdf,Introduced,https://legiscan.com/MN/text/SF14/id/2192532,https://www.revisor.mn.gov/bills/text.php?number=SF14&version=0&session=ls91&session_year=2020&session_number=1&format=pdf
1369427,2192564,text,251154,application/pdf,Introduced,https://legiscan.com/MN/text/SF15/id/2192564,https://www.revisor.mn.gov/bills/text.php?number=SF15&version=0&session=ls91&session_year=2020&session_number=1&format=pdf
1369428,2192565,text,205035,application/pdf,Introduced,https://legiscan.com/MN/text/SF16/id/2192565,https://www.revisor.mn.gov/bills/text.php?number=SF16&version=0&session=ls91&session_year=2020&session_number=1&format=pdf
1369424,2192561,text,251053,application/pdf,Introduced,https://legiscan.com/MN/text/SF17/id/2192561,https://www.revisor.mn.gov/bills/text.php?number=SF17&version=0&session=ls91&session_year=2020&session_number=1&format=pdf
1369394,2192531,text,258307,application/pdf,Introduced,https://legiscan.com/MN/text/SF18/id/2192531,https://www.revisor.mn.gov/bills/text.php?number=SF18&version=0&session=ls91&session_year=2020&session_number=1&format=pdf
1369417,2192554,text,243231,application/pdf,Introduced,https://legiscan.com/MN/text/SF19/id/2192554,https://www.revisor.mn.gov/bills/text.php?number=SF19&version=0&session=ls91&session_year=2020&session_number=1&format=pdf
1369397,2192534,text,197696,application/pdf,Introduced,https://legiscan.com/MN/text/SF20/id/2192534,https://www.revisor.mn.gov/bills/text.php?number=SF20&version=0&session=ls91&session_year=2020&session_number=1&format=pdf
1369410,2192547,text,230505,application/pdf,Introduced,https://legiscan.com/MN/text/SF21/id/2192547,https://www.revisor.mn.gov/bills/text.php?number=SF21&version=0&session=ls91&session_year=2020&session_number=1&format=pdf
1369416,2192553,text,230829,application/pdf,Introduced,https://legiscan.com/MN/text/SF22/id/2192553,https://www.revisor.mn.gov/bills/text.php?number=SF22&version=0&session=ls91&session_year=2020&session_number=1&format=pdf
1369419,2192556,text,237261,application/pdf,Introduced,https://legiscan.com/MN/text/SF23/id/2192556,https://www.revisor.mn.gov/bills/text.php?number=SF23&version=0&session=ls91&session_year=2020&session_number=1&format=pdf
1369399,2192536,text,665086,application/pdf,Introduced,https://legiscan.com/MN/text/SF24/id/2192536,https://www.revisor.mn.gov/bills/text.php?number=SF24&version=0&session=ls91&session_year=2020&session_number=1&format=pdf
1369415,2192552,text,617819,application/pdf,Introduced,https://legiscan.com/MN/text/SF25/id/2192552,https://www.revisor.mn.gov/bills/text.php?number=SF25&version=0&session=ls91&session_year=2020&session_number=1&format=pdf
1369420,2192557,text,427545,application/pdf,Introduced,https://legiscan.com/MN/text/SF26/id/2192557,https://www.revisor.mn.gov/bills/text.php?number=SF26&version=0&session=ls91&session_year=2020&session_number=1&format=pdf
1369396,2192533,text,360628,application/pdf,Introduced,https://legiscan.com/MN/text/SF27/id/2192533,https://www.revisor.mn.gov/bills/text.php?number=SF27&version=0&session=ls91&session_year=2020&session_number=1&format=pdf
1369429,2192566,text,465868,application/pdf,Introduced,https://legiscan.com/MN/text/SF28/id/2192566,https://www.revisor.mn.gov/bills/text.php?number=SF28&version=0&session=ls91&session_year=2020&session_number=1&format=pdf
1369429,2195344,text,260387,application/pdf,Engrossed,https://legiscan.com/MN/text/SF28/id/2195344,https://www.revisor.mn.gov/bills/text.php?number=SF28&version=1&session=ls91&session_year=2020&session_number=1&format=pdf
1369412,2192549,text,202877,application/pdf,Introduced,https://legiscan.com/MN/text/SF29/id/2192549,https://www.revisor.mn.gov/bills/text.php?number=SF29&version=0&session=ls91&session_year=2020&session_number=1&format=pdf
1369406,2192543,text,198220,application/pdf,Introduced,https://legiscan.com/MN/text/SF30/id/2192543,https://www.revisor.mn.gov/bills/text.php?number=SF30&version=0&session=ls91&session_year=2020&session_number=1&format=pdf
1369398,2192535,text,225458,application/pdf,Introduced,https://legiscan.com/MN/text/SF31/id/2192535,https://www.revisor.mn.gov/bills/text.php?number=SF31&version=0&session=ls91&session_year=2020&session_number=1&format=pdf
1369425,2192562,text,233916,application/pdf,Introduced,https://legiscan.com/MN/text/SF32/id/2192562,https://www.revisor.mn.gov/bills/text.php?number=SF32&version=0&session=ls91&session_year=2020&session_number=1&format=pdf
1369423,2192560,text,200041,application/pdf,Introduced,https://legiscan.com/MN/text/SF33/id/2192560,https://www.revisor.mn.gov/bills/text.php?number=SF33&version=0&session=ls91&session_year=2020&session_number=1&format=pdf
1369402,2192539,text,388322,application/pdf,Introduced,https://legiscan.com/MN/text/SF34/id/2192539,https://www.revisor.mn.gov/bills/text.php?number=SF34&version=0&session=ls91&session_year=2020&session_number=1&format=pdf
1369409,2192546,text,271231,application/pdf,Introduced,https://legiscan.com/MN/text/SF35/id/2192546,https://www.revisor.mn.gov/bills/text.php?number=SF35&version=0&session=ls91&session_year=2020&session_number=1&format=pdf
1369411,2192548,text,258259,application/pdf,Introduced,https://legiscan.com/MN/text/SF36/id/2192548,https://www.revisor.mn.gov/bills/text.php?number=SF36&version=0&session=ls91&session_year=2020&session_number=1&format=pdf
1369418,2192555,text,211882,application/pdf,Introduced,https://legiscan.com/MN/text/SF37/id/2192555,https://www.revisor.mn.gov/bills/text.php?number=SF37&version=0&session=ls91&session_year=2020&session_number=1&format=pdf
1369414,2192551,text,203767,application/pdf,Introduced,https://legiscan.com/MN/text/SF38/id/2192551,https://www.revisor.mn.gov/bills/text.php?number=SF38&version=0&session=ls91&session_year=2020&session_number=1&format=pdf
1369533,2192678,text,3815445,application/pdf,Introduced,https://legiscan.com/MN/text/SF39/id/2192678,https://www.revisor.mn.gov/bills/text.php?number=SF39&version=0&session=ls91&session_year=2020&session_number=1&format=pdf
1369535,2192680,text,241248,application/pdf,Introduced,https://legiscan.com/MN/text/SF40/id/2192680,https://www.revisor.mn.gov/bills/text.php?number=SF40&version=0&session=ls91&session_year=2020&session_number=1&format=pdf
1369523,2192669,text,271945,application/pdf,Introduced,https://legiscan.com/MN/text/SF41/id/2192669,https://www.revisor.mn.gov/bills/text.php?number=SF41&version=0&session=ls91&session_year=2020&session_number=1&format=pdf
1369517,2192663,text,210986,application/pdf,Introduced,https://legiscan.com/MN/text/SF42/id/2192663,https://www.revisor.mn.gov/bills/text.php?number=SF42&version=0&session=ls91&session_year=2020&session_number=1&format=pdf
1369525,2192671,text,241012,application/pdf,Introduced,https://legiscan.com/MN/text/SF43/id/2192671,https://www.revisor.mn.gov/bills/text.php?number=SF43&version=0&session=ls91&session_year=2020&session_number=1&format=pdf
1369532,2192677,text,253017,application/pdf,Introduced,https://legiscan.com/MN/text/SF44/id/2192677,https://www.revisor.mn.gov/bills/text.php?number=SF44&version=0&session=ls91&session_year=2020&session_number=1&format=pdf
1369521,2192667,text,253592,application/pdf,Introduced,https://legiscan.com/MN/text/SF45/id/2192667,https://www.revisor.mn.gov/bills/text.php?number=SF45&version=0&session=ls91&session_year=2020&session_number=1&format=pdf
1369528,2192673,text,211002,application/pdf,Introduced,https://legiscan.com/MN/text/SF46/id/2192673,https://www.revisor.mn.gov/bills/text.php?number=SF46&version=0&session=ls91&session_year=2020&session_number=1&format=pdf
1369542,2192687,text,268007,application/pdf,Introduced,https://legiscan.com/MN/text/SF47/id/2192687,https://www.revisor.mn.gov/bills/text.php?number=SF47&version=0&session=ls91&session_year=2020&session_number=1&format=pdf
1369542,2194182,text,277556,application/pdf,Engrossed,https://legiscan.com/MN/text/SF47/id/2194182,https://www.revisor.mn.gov/bills/text.php?number=SF47&version=1&session=ls91&session_year=2020&session_number=1&format=pdf
1369557,2192726,text,229962,application/pdf,Introduced,https://legiscan.com/MN/text/SF48/id/2192726,https://www.revisor.mn.gov/bills/text.php?number=SF48&version=0&session=ls91&session_year=2020&session_number=1&format=pdf
1369569,2192738,text,221894,application/pdf,Introduced,https://legiscan.com/MN/text/SF49/id/2192738,https://www.revisor.mn.gov/bills/text.php?number=SF49&version=0&session=ls91&session_year=2020&session_number=1&format=pdf
1369574,2192743,text,204687,application/pdf,Introduced,https://legiscan.com/MN/text/SF50/id/2192743,https://www.revisor.mn.gov/bills/text.php?number=SF50&version=0&session=ls91&session_year=2020&session_number=1&format=pdf
1369552,2192721,text,230305,application/pdf,Introduced,https://legiscan.com/MN/text/SF51/id/2192721,https://www.revisor.mn.gov/bills/text.php?number=SF51&version=0&session=ls91&session_year=2020&session_number=1&format=pdf
1369559,2192728,text,214775,application/pdf,Introduced,https://legiscan.com/MN/text/SF52/id/2192728,https://www.revisor.mn.gov/bills/text.php?number=SF52&version=0&session=ls91&session_year=2020&session_number=1&format=pdf
1369683,2192849,text,199838,application/pdf,Introduced,https://legiscan.com/MN/text/SF53/id/2192849,https://www.revisor.mn.gov/bills/text.php?number=SF53&version=0&session=ls91&session_year=2020&session_number=1&format=pdf
1369662,2192829,text,241437,application/pdf,Introduced,https://legiscan.com/MN/text/SF54/id/2192829,https://www.revisor.mn.gov/bills/text.php?number=SF54&version=0&session=ls91&session_year=2020&session_number=1&format=pdf
1369607,2192774,text,222852,application/pdf,Introduced,https://legiscan.com/MN/text/SF55/id/2192774,https://www.revisor.mn.gov/bills/text.php?number=SF55&version=0&session=ls91&session_year=2020&session_number=1&format=pdf
1369593,2192760,text,212998,application/pdf,Introduced,https://legiscan.com/MN/text/SF56/id/2192760,https://www.revisor.mn.gov/bills/text.php?number=SF56&version=0&session=ls91&session_year=2020&session_number=1&format=pdf
1369697,2192863,text,212511,application/pdf,Introduced,https://legiscan.com/MN/text/SF57/id/2192863,https://www.revisor.mn.gov/bills/text.php?number=SF57&version=0&session=ls91&session_year=2020&session_number=1&format=pdf
1369673,2192840,text,201872,application/pdf,Introduced,https://legiscan.com/MN/text/SF58/id/2192840,https://www.revisor.mn.gov/bills/text.php?number=SF58&version=0&session=ls91&session_year=2020&session_number=1&format=pdf
1369630,2192796,text,213350,application/pdf,Introduced,https://legiscan.com/MN/text/SF59/id/2192796,https://www.revisor.mn.gov/bills/text.php?number=SF59&version=0&session=ls91&session_year=2020&session_number=1&format=pdf
1369701,2192867,text,603543,application/pdf,Introduced,https://legiscan.com/MN/text/SF60/id/2192867,https://www.revisor.mn.gov/bills/text.php?number=SF60&version=0&session=ls91&session_year=2020&session_number=1&format=pdf
1369571,2192740,text,530485,application/pdf,Introduced,https://legiscan.com/MN/text/SF61/id/2192740,https://www.revisor.mn.gov/bills/text.php?number=SF61&version=0&session=ls91&session_year=2020&session_number=1&format=pdf
1369578,2192747,text,217906,application/pdf,Introduced,https://legiscan.com/MN/text/SF62/id/2192747,https://www.revisor.mn.gov/bills/text.php?number=SF62&version=0&session=ls91&session_year=2020&session_number=1&format=pdf
1369665,2192832,text,203389,application/pdf,Introduced,https://legiscan.com/MN/text/SF63/id/2192832,https://www.revisor.mn.gov/bills/text.php?number=SF63&version=0&session=ls91&session_year=2020&session_number=1&format=pdf
1369594,2192761,text,203467,application/pdf,Introduced,https://legiscan.com/MN/text/SF64/id/2192761,https://www.revisor.mn.gov/bills/text.php?number=SF64&version=0&session=ls91&session_year=2020&session_number=1&format=pdf
1369651,2192818,text,211351,application/pdf,Introduced,https://legiscan.com/MN/text/SF65/id/2192818,https://www.revisor.mn.gov/bills/text.php?number=SF65&version=0&session=ls91&session_year=2020&session_number=1&format=pdf
1369553,2192722,text,272137,application/pdf,Introduced,https://legiscan.com/MN/text/SF66/id/2192722,https://www.revisor.mn.gov/bills/text.php?number=SF66&version=0&session=ls91&session_year=2020&session_number=1&format=pdf
1369694,2192860,text,210275,application/pdf,Introduced,https://legiscan.com/MN/text/SF67/id/2192860,https://www.revisor.mn.gov/bills/text.php?number=SF67&version=0&session=ls91&session_year=2020&session_number=1&format=pdf
1369696,2192862,text,212325,application/pdf,Introduced,https://legiscan.com/MN/text/SF68/id/2192862,https://www.revisor.mn.gov/bills/text.php?number=SF68&version=0&session=ls91&session_year=2020&session_number=1&format=pdf
1369652,2192819,text,212068,application/pdf,Introduced,https://legiscan.com/MN/text/SF69/id/2192819,https://www.revisor.mn.gov/bills/text.php?number=SF69&version=0&session=ls91&session_year=2020&session_number=1&format=pdf
1369595,2192762,text,207882,application/pdf,Introduced,https://legiscan.com/MN/text/SF70/id/2192762,https://www.revisor.mn.gov/bills/text.php?number=SF70&version=0&session=ls91&session_year=2020&session_number=1&format=pdf
1369622,2192788,text,207197,application/pdf,Introduced,https://legiscan.com/MN/text/SF71/id/2192788,https://www.revisor.mn.gov/bills/text.php?number=SF71&version=0&session=ls91&session_year=2020&session_number=1&format=pdf
1369586,2192754,text,207608,application/pdf,Introduced,https://legiscan.com/MN/text/SF72/id/2192754,https://www.revisor.mn.gov/bills/text.php?number=SF72&version=0&session=ls91&session_year=2020&session_number=1&format=pdf
1369649,2192815,text,231839,application/pdf,Introduced,https://legiscan.com/MN/text/SF73/id/2192815,https://www.revisor.mn.gov/bills/text.php?number=SF73&version=0&session=ls91&session_year=2020&session_number=1&format=pdf
1369610,2192777,text,212412,application/pdf,Introduced,https://legiscan.com/MN/text/SF74/id/2192777,https://www.revisor.mn.gov/bills/text.php?number=SF74&version=0&session=ls91&session_year=2020&session_number=1&format=pdf
1369563,2192732,text,198902,application/pdf,Introduced,https://legiscan.com/MN/text/SF75/id/2192732,https://www.revisor.mn.gov/bills/text.php?number=SF75&version=0&session=ls91&session_year=2020&session_number=1&format=pdf
1369617,2192783,text,200980,application/pdf,Introduced,https://legiscan.com/MN/text/SF76/id/2192783,https://www.revisor.mn.gov/bills/text.php?number=SF76&version=0&session=ls91&session_year=2020&session_number=1&format=pdf
1369558,2192727,text,229151,application/pdf,Introduced,https://legiscan.com/MN/text/SF77/id/2192727,https://www.revisor.mn.gov/bills/text.php?number=SF77&version=0&session=ls91&session_year=2020&session_number=1&format=pdf
1369654,2192821,text,306360,application/pdf,Introduced,https://legiscan.com/MN/text/SF78/id/2192821,https://www.revisor.mn.gov/bills/text.php?number=SF78&version=0&session=ls91&session_year=2020&session_number=1&format=pdf
1369585,2192753,text,238309,application/pdf,Introduced,https://legiscan.com/MN/text/SF79/id/2192753,https://www.revisor.mn.gov/bills/text.php?number=SF79&version=0&session=ls91&session_year=2020&session_number=1&format=pdf
1369637,2192803,text,236765,application/pdf,Introduced,https://legiscan.com/MN/text/SF80/id/2192803,https://www.revisor.mn.gov/bills/text.php?number=SF80&version=0&session=ls91&session_year=2020&session_number=1&format=pdf
1369616,2192782,text,245400,application/pdf,Introduced,https://legiscan.com/MN/text/SF81/id/2192782,https://www.revisor.mn.gov/bills/text.php?number=SF81&version=0&session=ls91&session_year=2020&session_number=1&format=pdf
1369611,2192778,text,237165,application/pdf,Introduced,https://legiscan.com/MN/text/SF82/id/2192778,https://www.revisor.mn.gov/bills/text.php?number=SF82&version=0&session=ls91&session_year=2020&session_number=1&format=pdf
1369601,2192768,text,233073,application/pdf,Introduced,https://legiscan.com/MN/text/SF83/id/2192768,https://www.revisor.mn.gov/bills/text.php?number=SF83&version=0&session=ls91&session_year=2020&session_number=1&format=pdf
1369587,2192755,text,236807,application/pdf,Introduced,https://legiscan.com/MN/text/SF84/id/2192755,https://www.revisor.mn.gov/bills/text.php?number=SF84&version=0&session=ls91&session_year=2020&session_number=1&format=pdf
1369702,2192868,text,231194,application/pdf,Introduced,https://legiscan.com/MN/text/SF85/id/2192868,https://www.revisor.mn.gov/bills/text.php?number=SF85&version=0&session=ls91&session_year=2020&session_number=1&format=pdf
1369691,2192857,text,272740,application/pdf,Introduced,https://legiscan.com/MN/text/SF86/id/2192857,https://www.revisor.mn.gov/bills/text.php?number=SF86&version=0&session=ls91&session_year=2020&session_number=1&format=pdf
1369657,2192824,text,228962,application/pdf,Introduced,https://legiscan.com/MN/text/SF87/id/2192824,https://www.revisor.mn.gov/bills/text.php?number=SF87&version=0&session=ls91&session_year=2020&session_number=1&format=pdf
1369561,2192730,text,235978,application/pdf,Introduced,https://legiscan.com/MN/text/SF88/id/2192730,https://www.revisor.mn.gov/bills/text.php?number=SF88&version=0&session=ls91&session_year=2020&session_number=1&format=pdf
1369739,2193014,text,270696,application/pdf,Introduced,https://legiscan.com/MN/text/SF89/id/2193014,https://www.revisor.mn.gov/bills/text.php?number=SF89&version=0&session=ls91&session_year=2020&session_number=1&format=pdf
1369737,2193012,text,211769,application/pdf,Introduced,https://legiscan.com/MN/text/SF90/id/2193012,https://www.revisor.mn.gov/bills/text.php?number=SF90&version=0&session=ls91&session_year=2020&session_number=1&format=pdf
1369738,2193013,text,221090,application/pdf,Introduced,https://legiscan.com/MN/text/SF91/id/2193013,https://www.revisor.mn.gov/bills/text.php?number=SF91&version=0&session=ls91&session_year=2020&session_number=1&format=pdf
1369741,2193016,text,213000,application/pdf,Introduced,https://legiscan.com/MN/text/SF92/id/2193016,https://www.revisor.mn.gov/bills/text.php?number=SF92&version=0&session=ls91&session_year=2020&session_number=1&format=pdf
1369735,2193010,text,237284,application/pdf,Introduced,https://legiscan.com/MN/text/SF93/id/2193010,https://www.revisor.mn.gov/bills/text.php?number=SF93&version=0&session=ls91&session_year=2020&session_number=1&format=pdf
1369742,2193017,text,226456,application/pdf,Introduced,https://legiscan.com/MN/text/SF94/id/2193017,https://www.revisor.mn.gov/bills/text.php?number=SF94&version=0&session=ls91&session_year=2020&session_number=1&format=pdf
1369743,2193018,text,213383,application/pdf,Introduced,https://legiscan.com/MN/text/SF95/id/2193018,https://www.revisor.mn.gov/bills/text.php?number=SF95&version=0&session=ls91&session_year=2020&session_number=1&format=pdf
1369836,2193296,text,225725,application/pdf,Introduced,https://legiscan.com/MN/text/SF96/id/2193296,https://www.revisor.mn.gov/bills/text.php?number=SF96&version=0&session=ls91&session_year=2020&session_number=1&format=pdf
1369791,2193252,text,220498,application/pdf,Introduced,https://legiscan.com/MN/text/SF97/id/2193252,https://www.revisor.mn.gov/bills/text.php?number=SF97&version=0&session=ls91&session_year=2020&session_number=1&format=pdf
1369942,2193401,text,211411,application/pdf,Introduced,https://legiscan.com/MN/text/SF98/id/2193401,https://www.revisor.mn.gov/bills/text.php?number=SF98&version=0&session=ls91&session_year=2020&session_number=1&format=pdf
1369773,2193211,text,246031,application/pdf,Introduced,https://legiscan.com/MN/text/SF99/id/2193211,https://www.revisor.mn.gov/bills/text.php?number=SF99&version=0&session=ls91&session_year=2020&session_number=1&format=pdf
1369775,2193213,text,226877,application/pdf,Introduced,https://legiscan.com/MN/text/SF100/id/2193213,https://www.revisor.mn.gov/bills/text.php?number=SF100&version=0&session=ls91&session_year=2020&session_number=1&format=pdf
1369776,2193214,text,260737,application/pdf,Introduced,https://legiscan.com/MN/text/SF101/id/2193214,https://www.revisor.mn.gov/bills/text.php?number=SF101&version=0&session=ls91&session_year=2020&session_number=1&format=pdf
1369774,2193212,text,252210,application/pdf,Introduced,https://legiscan.com/MN/text/SF102/id/2193212,https://www.revisor.mn.gov/bills/text.php?number=SF102&version=0&session=ls91&session_year=2020&session_number=1&format=pdf
1369800,2193261,text,202738,application/pdf,Introduced,https://legiscan.com/MN/text/SF103/id/2193261,https://www.revisor.mn.gov/bills/text.php?number=SF103&version=0&session=ls91&session_year=2020&session_number=1&format=pdf
1369903,2193363,text,226133,application/pdf,Introduced,https://legiscan.com/MN/text/SF104/id/2193363,https://www.revisor.mn.gov/bills/text.php?number=SF104&version=0&session=ls91&session_year=2020&session_number=1&format=pdf
1369785,2193246,text,743887,application/pdf,Introduced,https://legiscan.com/MN/text/SF105/id/2193246,https://www.revisor.mn.gov/bills/text.php?number=SF105&version=0&session=ls91&session_year=2020&session_number=1&format=pdf
1369890,2193350,text,221533,application/pdf,Introduced,https://legiscan.com/MN/text/SF106/id/2193350,https://www.revisor.mn.gov/bills/text.php?number=SF106&version=0&session=ls91&session_year=2020&session_number=1&format=pdf
1369890,2195471,text,229418,application/pdf,Engrossed,https://legiscan.com/MN/text/SF106/id/2195471,https://www.revisor.mn.gov/bills/text.php?number=SF106&version=1&session=ls91&session_year=2020&session_number=1&format=pdf
1369881,2193341,text,210096,application/pdf,Introduced,https://legiscan.com/MN/text/SF107/id/2193341,https://www.revisor.mn.gov/bills/text.php?number=SF107&version=0&session=ls91&session_year=2020&session_number=1&format=pdf
1369954,2193413,text,213752,application/pdf,Introduced,https://legiscan.com/MN/text/SF108/id/2193413,https://www.revisor.mn.gov/bills/text.php?number=SF108&version=0&session=ls91&session_year=2020&session_number=1&format=pdf
1369884,2193344,text,224093,application/pdf,Introduced,https://legiscan.com/MN/text/SF109/id/2193344,https://www.revisor.mn.gov/bills/text.php?number=SF109&version=0&session=ls91&session_year=2020&session_number=1&format=pdf
1369885,2193345,text,204707,application/pdf,Introduced,https://legiscan.com/MN/text/SF110/id/2193345,https://www.revisor.mn.gov/bills/text.php?number=SF110&version=0&session=ls91&session_year=2020&session_number=1&format=pdf
1369918,2193378,text,241647,application/pdf,Introduced,https://legiscan.com/MN/text/SF111/id/2193378,https://www.revisor.mn.gov/bills/text.php?number=SF111&version=0&session=ls91&session_year=2020&session_number=1&format=pdf
1369912,2193372,text,404968,application/pdf,Introduced,https://legiscan.com/MN/text/SF112/id/2193372,https://www.revisor.mn.gov/bills/text.php?number=SF112&version=0&session=ls91&session_year=2020&session_number=1&format=pdf
1369901,2193361,text,219976,application/pdf,Introduced,https://legiscan.com/MN/text/SF113/id/2193361,https://www.revisor.mn.gov/bills/text.php?number=SF113&version=0&session=ls91&session_year=2020&session_number=1&format=pdf
1369925,2193385,text,264144,application/pdf,Introduced,https://legiscan.com/MN/text/SF114/id/2193385,https://www.revisor.mn.gov/bills/text.php?number=SF114&version=0&session=ls91&session_year=2020&session_number=1&format=pdf
1369824,2193284,text,365247,application/pdf,Introduced,https://legiscan.com/MN/text/SF115/id/2193284,https://www.revisor.mn.gov/bills/text.php?number=SF115&version=0&session=ls91&session_year=2020&session_number=1&format=pdf
1369803,2193264,text,243941,application/pdf,Introduced,https://legiscan.com/MN/text/SF116/id/2193264,https://www.revisor.mn.gov/bills/text.php?number=SF116&version=0&session=ls91&session_year=2020&session_number=1&format=pdf
1369866,2193326,text,462847,application/pdf,Introduced,https://legiscan.com/MN/text/SF117/id/2193326,https://www.revisor.mn.gov/bills/text.php?number=SF117&version=0&session=ls91&session_year=2020&session_number=1&format=pdf
1369821,2193281,text,235110,application/pdf,Introduced,https://legiscan.com/MN/text/SF118/id/2193281,https://www.revisor.mn.gov/bills/text.php?number=SF118&version=0&session=ls91&session_year=2020&session_number=1&format=pdf
1369917,2193377,text,310572,application/pdf,Introduced,https://legiscan.com/MN/text/SF119/id/2193377,https://www.revisor.mn.gov/bills/text.php?number=SF119&version=0&session=ls91&session_year=2020&session_number=1&format=pdf
1369896,2193357,text,306593,application/pdf,Introduced,https://legiscan.com/MN/text/SF120/id/2193357,https://www.revisor.mn.gov/bills/text.php?number=SF120&version=0&session=ls91&session_year=2020&session_number=1&format=pdf
1369979,2193475,text,221284,application/pdf,Introduced,https://legiscan.com/MN/text/SF121/id/2193475,https://www.revisor.mn.gov/bills/text.php?number=SF121&version=0&session=ls91&session_year=2020&session_number=1&format=pdf
1370001,2193497,text,241890,application/pdf,Introduced,https://legiscan.com/MN/text/SF122/id/2193497,https://www.revisor.mn.gov/bills/text.php?number=SF122&version=0&session=ls91&session_year=2020&session_number=1&format=pdf
1370333,2194127,text,240248,application/pdf,Introduced,https://legiscan.com/MN/text/SF123/id/2194127,https://www.revisor.mn.gov/bills/text.php?number=SF123&version=0&session=ls91&session_year=2020&session_number=1&format=pdf
1370299,2194093,text,214964,application/pdf,Introduced,https://legiscan.com/MN/text/SF124/id/2194093,https://www.revisor.mn.gov/bills/text.php?number=SF124&version=0&session=ls91&session_year=2020&session_number=1&format=pdf
1370282,2194076,text,206020,application/pdf,Introduced,https://legiscan.com/MN/text/SF125/id/2194076,https://www.revisor.mn.gov/bills/text.php?number=SF125&version=0&session=ls91&session_year=2020&session_number=1&format=pdf
1370315,2194109,text,208090,application/pdf,Introduced,https://legiscan.com/MN/text/SF126/id/2194109,https://www.revisor.mn.gov/bills/text.php?number=SF126&version=0&session=ls91&session_year=2020&session_number=1&format=pdf
1370264,2194058,text,284768,application/pdf,Introduced,https://legiscan.com/MN/text/SF127/id/2194058,https://www.revisor.mn.gov/bills/text.php?number=SF127&version=0&session=ls91&session_year=2020&session_number=1&format=pdf
1370341,2194136,text,194275,application/pdf,Introduced,https://legiscan.com/MN/text/SF128/id/2194136,https://www.revisor.mn.gov/bills/text.php?number=SF128&version=0&session=ls91&session_year=2020&session_number=1&format=pdf
1370324,2194118,text,200178,application/pdf,Introduced,https://legiscan.com/MN/text/SF129/id/2194118,https://www.revisor.mn.gov/bills/text.php?number=SF129&version=0&session=ls91&session_year=2020&session_number=1&format=pdf
1370307,2194101,text,217827,application/pdf,Introduced,https://legiscan.com/MN/text/SF130/id/2194101,https://www.revisor.mn.gov/bills/text.php?number=SF130&version=0&session=ls91&session_year=2020&session_number=1&format=pdf
1370273,2194067,text,240711,application/pdf,Introduced,https://legiscan.com/MN/text/SF131/id/2194067,https://www.revisor.mn.gov/bills/text.php?number=SF131&version=0&session=ls91&session_year=2020&session_number=1&format=pdf
1370290,2194084,text,258322,application/pdf,Introduced,https://legiscan.com/MN/text/SF132/id/2194084,https://www.revisor.mn.gov/bills/text.php?number=SF132&version=0&session=ls91&session_year=2020&session_number=1&format=pdf
1370732,2194893,text,259353,application/pdf,Introduced,https://legiscan.com/MN/text/SF133/id/2194893,https://www.revisor.mn.gov/bills/text.php?number=SF133&version=0&session=ls91&session_year=2020&session_number=1&format=pdf
1370732,2195411,text,264615,application/pdf,Engrossed,https://legiscan.com/MN/text/SF133/id/2195411,https://www.revisor.mn.gov/bills/text.php?number=SF133&version=1&session=ls91&session_year=2020&session_number=1&format=pdf
1370703,2194866,text,212536,application/pdf,Introduced,https://legiscan.com/MN/text/SF134/id/2194866,https://www.revisor.mn.gov/bills/text.php?number=SF134&version=0&session=ls91&session_year=2020&session_number=1&format=pdf
1370695,2194857,text,201209,application/pdf,Introduced,https://legiscan.com/MN/text/SF135/id/2194857,https://www.revisor.mn.gov/bills/text.php?number=SF135&version=0&session=ls91&session_year=2020&session_number=1&format=pdf
1370680,2194843,text,205641,application/pdf,Introduced,https://legiscan.com/MN/text/SF136/id/2194843,https://www.revisor.mn.gov/bills/text.php?number=SF136&version=0&session=ls91&session_year=2020&session_number=1&format=pdf
1370711,2194873,text,204765,application/pdf,Introduced,https://legiscan.com/MN/text/SF137/id/2194873,https://www.revisor.mn.gov/bills/text.php?number=SF137&version=0&session=ls91&session_year=2020&session_number=1&format=pdf
1370672,2194835,text,252549,application/pdf,Introduced,https://legiscan.com/MN/text/SF138/id/2194835,https://www.revisor.mn.gov/bills/text.php?number=SF138&version=0&session=ls91&session_year=2020&session_number=1&format=pdf
1370716,2194878,text,272482,application/pdf,Introduced,https://legiscan.com/MN/text/SF139/id/2194878,https://www.revisor.mn.gov/bills/text.php?number=SF139&version=0&session=ls91&session_year=2020&session_number=1&format=pdf
1370738,2194899,text,245143,application/pdf,Introduced,https://legiscan.com/MN/text/SF140/id/2194899,https://www.revisor.mn.gov/bills/text.php?number=SF140&version=0&session=ls91&session_year=2020&session_number=1&format=pdf
1370663,2194825,text,228682,application/pdf,Introduced,https://legiscan.com/MN/text/SF141/id/2194825,https://www.revisor.mn.gov/bills/text.php?number=SF141&version=0&session=ls91&session_year=2020&session_number=1&format=pdf
1370937,2195201,text,198601,application/pdf,Introduced,https://legiscan.com/MN/text/SF142/id/2195201,https://www.revisor.mn.gov/bills/text.php?number=SF142&version=0&session=ls91&session_year=2020&session_number=1&format=pdf
1370941,2195205,text,211486,application/pdf,Introduced,https://legiscan.com/MN/text/SF143/id/2195205,https://www.revisor.mn.gov/bills/text.php?number=SF143&version=0&session=ls91&session_year=2020&session_number=1&format=pdf
1370945,2195209,text,211222,application/pdf,Introduced,https://legiscan.com/MN/text/SF144/id/2195209,https://www.revisor.mn.gov/bills/text.php?number=SF144&version=0&session=ls91&session_year=2020&session_number=1&format=pdf
1370932,2195196,text,210083,application/pdf,Introduced,https://legiscan.com/MN/text/SF145/id/2195196,https://www.revisor.mn.gov/bills/text.php?number=SF145&version=0&session=ls91&session_year=2020&session_number=1&format=pdf
1370939,2195203,text,210915,application/pdf,Introduced,https://legiscan.com/MN/text/SF146/id/2195203,https://www.revisor.mn.gov/bills/text.php?number=SF146&version=0&session=ls91&session_year=2020&session_number=1&format=pdf
1370942,2195206,text,210179,application/pdf,Introduced,https://legiscan.com/MN/text/SF147/id/2195206,https://www.revisor.mn.gov/bills/text.php?number=SF147&version=0&session=ls91&session_year=2020&session_number=1&format=pdf
1370972,2195257,text,215125,application/pdf,Introduced,https://legiscan.com/MN/text/SF148/id/2195257,https://www.revisor.mn.gov/bills/text.php?number=SF148&version=0&session=ls91&session_year=2020&session_number=1&format=pdf
1370970,2195255,text,258809,application/pdf,Introduced,https://legiscan.com/MN/text/SF149/id/2195255,https://www.revisor.mn.gov/bills/text.php?number=SF149&version=0&session=ls91&session_year=2020&session_number=1&format=pdf
1370955,2195240,text,233789,application/pdf,Introduced,https://legiscan.com/MN/text/SF150/id/2195240,https://www.revisor.mn.gov/bills/text.php?number=SF150&version=0&session=ls91&session_year=2020&session_number=1&format=pdf
1370969,2195254,text,216848,application/pdf,Introduced,https://legiscan.com/MN/text/SF151/id/2195254,https://www.revisor.mn.gov/bills/text.php?number=SF151&version=0&session=ls91&session_year=2020&session_number=1&format=pdf
1370952,2195237,text,321567,application/pdf,Introduced,https://legiscan.com/MN/text/SF152/id/2195237,https://www.revisor.mn.gov/bills/text.php?number=SF152&version=0&session=ls91&session_year=2020&session_number=1&format=pdf
1370974,2195259,text,220285,application/pdf,Introduced,https://legiscan.com/MN/text/SF153/id/2195259,https://www.revisor.mn.gov/bills/text.php?number=SF153&version=0&session=ls91&session_year=2020&session_number=1&format=pdf
1370963,2195248,text,219235,application/pdf,Introduced,https://legiscan.com/MN/text/SF154/id/2195248,https://www.revisor.mn.gov/bills/text.php?number=SF154&version=0&session=ls91&session_year=2020&session_number=1&format=pdf
1370973,2195258,text,284997,application/pdf,Introduced,https://legiscan.com/MN/text/SF155/id/2195258,https://www.revisor.mn.gov/bills/text.php?number=SF155&version=0&session=ls91&session_year=2020&session_number=1&format=pdf
1370965,2195250,text,243735,application/pdf,Introduced,https://legiscan.com/MN/text/SF156/id/2195250,https://www.revisor.mn.gov/bills/text.php?number=SF156&version=0&session=ls91&session_year=2020&session_number=1&format=pdf
1370968,2195253,text,215649,application/pdf,Introduced,https://legiscan.com/MN/text/SF157/id/2195253,https://www.revisor.mn.gov/bills/text.php?number=SF157&version=0&session=ls91&session_year=2020&session_number=1&format=pdf
1370956,2195241,text,316838,application/pdf,Introduced,https://legiscan.com/MN/text/SF158/id/2195241,https://www.revisor.mn.gov/bills/text.php?number=SF158&version=0&session=ls91&session_year=2020&session_number=1&format=pdf
1370951,2195236,text,210855,application/pdf,Introduced,https://legiscan.com/MN/text/SF159/id/2195236,https://www.revisor.mn.gov/bills/text.php?number=SF159&version=0&session=ls91&session_year=2020&session_number=1&format=pdf
1370960,2195245,text,219849,application/pdf,Introduced,https://legiscan.com/MN/text/SF160/id/2195245,https://www.revisor.mn.gov/bills/text.php?number=SF160&version=0&session=ls91&session_year=2020&session_number=1&format=pdf
1370954,2195239,text,343536,application/pdf,Introduced,https://legiscan.com/MN/text/SF161/id/2195239,https://www.revisor.mn.gov/bills/text.php?number=SF161&version=0&session=ls91&session_year=2020&session_number=1&format=pdf
1370964,2195249,text,222001,application/pdf,Introduced,https://legiscan.com/MN/text/SF162/id/2195249,https://www.revisor.mn.gov/bills/text.php?number=SF162&version=0&session=ls91&session_year=2020&session_number=1&format=pdf
1370959,2195244,text,219987,application/pdf,Introduced,https://legiscan.com/MN/text/SF163/id/2195244,https://www.revisor.mn.gov/bills/text.php?number=SF163&version=0&session=ls91&session_year=2020&session_number=1&format=pdf
1371021,2195389,text,603419,application/pdf,Introduced,https://legiscan.com/MN/text/SF164/id/2195389,https://www.revisor.mn.gov/bills/text.php?number=SF164&version=0&session=ls91&session_year=2020&session_number=1&format=pdf
1371001,2195369,text,214358,application/pdf,Introduced,https://legiscan.com/MN/text/SF165/id/2195369,https://www.revisor.mn.gov/bills/text.php?number=SF165&version=0&session=ls91&session_year=2020&session_number=1&format=pdf
1369431,2192568,text,430,text/html,Draft,https://legiscan.com/MN/text/SR1/id/2192568,https://www.revisor.mn.gov/bills/text.php?number=SR1&session=ls91&version=latest&session_number=1&session_year=2020
1369433,2192570,text,430,text/html,Draft,https://legiscan.com/MN/text/SR2/id/2192570,https://www.revisor.mn.gov/bills/text.php?number=SR2&session=ls91&version=latest&session_number=1&session_year=2020
1369670,2192837,text,5675,text/html,Draft,https://legiscan.com/MN/text/SR3/id/2192837,https://www.revisor.mn.gov/bills/text.php?number=SR3&session=ls91&version=latest&session_number=1&session_year=2020
1369600,2192767,text,3345,text/html,Draft,https://legiscan.com/MN/text/SR4/id/2192767,https://www.revisor.mn.gov/bills/text.php?number=SR4&session=ls91&version=latest&session_number=1&session_year=2020
1369842,2193302,text,1271,text/html,Draft,https://legiscan.com/MN/text/SR5/id/2193302,https://www.revisor.mn.gov/bills/text.php?number=SR5&session=ls91&version=latest&session_number=1&session_year=2020
1369958,2193454,text,430,text/html,Draft,https://legiscan.com/MN/text/SR6/id/2193454,https://www.revisor.mn.gov/bills/text.php?number=SR6&session=ls91&version=latest&session_number=1&session_year=2020
1370685,2194848,text,4384,text/html,Draft,https://legiscan.com/MN/text/SR7/id/2194848,https://www.revisor.mn.gov/bills/text.php?number=SR7&session=ls91&version=latest&session_number=1&session_year=2020
1370725,2194886,text,1323,text/html,Draft,https://legiscan.com/MN/text/SR8/id/2194886,https://www.revisor.mn.gov/bills/text.php?number=SR8&session=ls91&version=latest&session_number=1&session_year=2020
1370961,2195246,text,4468,text/html,Draft,https://legiscan.com/MN/text/SR9/id/2195246,https://www.revisor.mn.gov/bills/text.php?number=SR9&session=ls91&version=latest&session_number=1&session_year=2020
1369648,2192814,text,3313,text/html,Draft,https://legiscan.com/MN/text/SC1/id/2192814,https://www.revisor.mn.gov/bills/text.php?number=SC1&session=ls91&version=latest&session_number=1&session_year=2020
