bill_id,date,chamber,sequence,action
1369394,2020-06-12,Senate,1,"Introduction and first reading"
1369394,2020-06-12,Senate,2,"Referred to Rules and Administration"
1369395,2020-06-12,Senate,1,"Introduction and first reading"
1369395,2020-06-12,Senate,2,"By Motion, Laid on Table"
1369395,2020-06-12,Senate,3,"Author added Koran"
1369395,2020-06-15,Senate,4,"Taken from table"
1369395,2020-06-15,Senate,5,"Second reading"
1369395,2020-06-15,Senate,6,"Laid on table"
1369396,2020-06-12,Senate,1,"Introduction and first reading"
1369396,2020-06-12,Senate,2,"By Motion, Laid on Table"
1369396,2020-06-15,Senate,3,"Taken from table"
1369396,2020-06-15,Senate,4,"Second reading"
1369396,2020-06-15,Senate,5,"Laid on table"
1369397,2020-06-12,Senate,1,"Introduction and first reading"
1369397,2020-06-12,Senate,2,"Referred to Rules and Administration"
1369398,2020-06-12,Senate,1,"Introduction and first reading"
1369398,2020-06-12,Senate,2,"Referred to Rules and Administration"
1369398,2020-06-16,Senate,3,"Author added Franzen"
1369399,2020-06-12,Senate,1,"Introduction and first reading"
1369399,2020-06-12,Senate,2,"Referred to Rules and Administration"
1369400,2020-06-12,Senate,1,"Introduction and first reading"
1369400,2020-06-12,Senate,2,"By Motion, Laid on Table"
1369400,2020-06-15,Senate,3,"Taken from table"
1369400,2020-06-15,Senate,4,"Second reading"
1369400,2020-06-15,Senate,5,"Laid on table"
1369400,2020-06-16,Senate,6,"Taken from table"
1369400,2020-06-16,Senate,7,"Special Order"
1369400,2020-06-16,Senate,8,"Third reading Passed"
1369400,2020-06-17,House,9,"Received from Senate"
1369400,2020-06-17,House,10,"Senate file first reading, referred for comparison HF36"
1369400,2020-06-18,House,11,"Bills not identical, SF substituted on General Register"
1369400,2020-06-18,House,12,"Second reading"
1369400,2020-06-19,House,13,"House rule 1.21, placed on Calendar for the Day Friday, June 19, 2020"
1369401,2020-06-12,Senate,1,"Introduction and first reading"
1369401,2020-06-12,Senate,2,"By Motion, Laid on Table"
1369401,2020-06-15,Senate,3,"Taken from table"
1369401,2020-06-15,Senate,4,"Second reading"
1369401,2020-06-15,Senate,5,"Laid on table"
1369401,2020-06-19,Senate,6,"Author added Newton"
1369402,2020-06-12,Senate,1,"Introduction and first reading"
1369402,2020-06-12,Senate,2,"Referred to Rules and Administration"
1369403,2020-06-12,Senate,1,"Introduction and first reading"
1369403,2020-06-12,Senate,2,"By Motion, Laid on Table"
1369403,2020-06-15,Senate,3,"Taken from table"
1369403,2020-06-15,Senate,4,"Second reading"
1369403,2020-06-15,Senate,5,"Laid on table"
1369404,2020-06-12,Senate,1,"Introduction and first reading"
1369404,2020-06-12,Senate,2,"By Motion, Laid on Table"
1369404,2020-06-15,Senate,3,"Taken from table"
1369404,2020-06-15,Senate,4,"Second reading"
1369404,2020-06-15,Senate,5,"Laid on table"
1369404,2020-06-16,Senate,6,"Taken from table"
1369404,2020-06-16,Senate,7,"Special Order: Amended"
1369404,2020-06-16,Senate,8,"Third reading Passed"
1369404,2020-06-17,House,9,"Received from Senate"
1369404,2020-06-17,House,10,"Senate file first reading, referred to Ways and Means"
1369404,2020-06-18,House,11,"Committee report, to adopt as amended"
1369404,2020-06-18,House,12,"Second reading"
1369405,2020-06-12,Senate,1,"Introduction and first reading"
1369405,2020-06-12,Senate,2,"By Motion, Laid on Table"
1369405,2020-06-15,Senate,3,"Taken from table"
1369405,2020-06-15,Senate,4,"Second reading"
1369405,2020-06-15,Senate,5,"Laid on table"
1369405,2020-06-15,Senate,6,"Taken from table"
1369405,2020-06-15,Senate,7,"Referred to Capital Investment"
1369405,2020-06-15,Senate,8,"Comm report: To pass as amended"
1369405,2020-06-15,Senate,9,"Second reading"
1369405,2020-06-15,Senate,10,"Laid on table"
1369406,2020-06-12,Senate,1,"Introduction and first reading"
1369406,2020-06-12,Senate,2,"Referred to Rules and Administration"
1369406,2020-06-15,Senate,3,"Authors added Clausen; Wiklund"
1369407,2020-06-12,Senate,1,"Introduction and first reading"
1369407,2020-06-12,Senate,2,"By Motion, Laid on Table"
1369407,2020-06-12,Senate,3,"Author added Bigham"
1369407,2020-06-15,Senate,4,"Taken from table"
1369407,2020-06-15,Senate,5,"Second reading"
1369407,2020-06-15,Senate,6,"Laid on table"
1369407,2020-06-16,Senate,7,"Taken from table"
1369407,2020-06-16,Senate,8,"Special Order: Amended"
1369407,2020-06-16,Senate,9,"Third reading Passed"
1369407,2020-06-17,House,10,"Received from Senate"
1369407,2020-06-17,House,11,"Senate file first reading, referred to Public Safety and Criminal Justice Reform Finance and Policy Division"
1369408,2020-06-12,Senate,1,"Introduction and first reading"
1369408,2020-06-12,Senate,2,"By Motion, Laid on Table"
1369408,2020-06-15,Senate,3,"Taken from table"
1369408,2020-06-15,Senate,4,"Second reading"
1369408,2020-06-15,Senate,5,"Laid on table"
1369409,2020-06-12,Senate,1,"Introduction and first reading"
1369409,2020-06-12,Senate,2,"Referred to Rules and Administration"
1369410,2020-06-12,Senate,1,"Introduction and first reading"
1369410,2020-06-12,Senate,2,"Referred to Rules and Administration"
1369411,2020-06-12,Senate,1,"Introduction and first reading"
1369411,2020-06-12,Senate,2,"Referred to Rules and Administration"
1369412,2020-06-12,Senate,1,"Introduction and first reading"
1369412,2020-06-12,Senate,2,"By Motion, Laid on Table"
1369412,2020-06-15,Senate,3,"Taken from table"
1369412,2020-06-15,Senate,4,"Second reading"
1369412,2020-06-15,Senate,5,"Laid on table"
1369413,2020-06-12,Senate,1,"Introduction and first reading"
1369413,2020-06-12,Senate,2,"By Motion, Laid on Table"
1369414,2020-06-12,Senate,1,"Introduction and first reading"
1369414,2020-06-12,Senate,2,"Referred to Rules and Administration"
1369415,2020-06-12,Senate,1,"Introduction and first reading"
1369415,2020-06-12,Senate,2,"Referred to Rules and Administration"
1369415,2020-06-12,Senate,3,"Authors added Cwodzinski; Wiger; Kent"
1369416,2020-06-12,Senate,1,"Introduction and first reading"
1369416,2020-06-12,Senate,2,"Referred to Rules and Administration"
1369417,2020-06-12,Senate,1,"Introduction and first reading"
1369417,2020-06-12,Senate,2,"Referred to Rules and Administration"
1369417,2020-06-12,Senate,3,"Chief author stricken, shown as co-author Senjem"
1369417,2020-06-12,Senate,4,"Chief author added Marty"
1369417,2020-06-19,Senate,5,Withdrawn
1369417,2020-06-19,Senate,6,"Second reading"
1369417,2020-06-19,Senate,7,"Laid on table"
1369418,2020-06-12,Senate,1,"Introduction and first reading"
1369418,2020-06-12,Senate,2,"Referred to Rules and Administration"
1369418,2020-06-19,Senate,3,Withdrawn
1369418,2020-06-19,Senate,4,"Second reading"
1369418,2020-06-19,Senate,5,"Laid on table"
1369418,2020-06-19,Senate,6,"Author added Goggin"
1369419,2020-06-12,Senate,1,"Introduction and first reading"
1369419,2020-06-12,Senate,2,"Referred to Rules and Administration"
1369420,2020-06-12,Senate,1,"Introduction and first reading"
1369420,2020-06-12,Senate,2,"By Motion, Laid on Table"
1369420,2020-06-15,Senate,3,"Taken from table"
1369420,2020-06-15,Senate,4,"Second reading"
1369420,2020-06-15,Senate,5,"Laid on table"
1369421,2020-06-12,Senate,1,"Introduction and first reading"
1369421,2020-06-12,Senate,2,"By Motion, Laid on Table"
1369421,2020-06-15,Senate,3,"Taken from table"
1369421,2020-06-15,Senate,4,"Second reading"
1369421,2020-06-15,Senate,5,"Laid on table"
1369422,2020-06-12,Senate,1,"Introduction and first reading"
1369422,2020-06-12,Senate,2,"By Motion, Laid on Table"
1369422,2020-06-15,Senate,3,"Taken from table"
1369422,2020-06-15,Senate,4,"Second reading"
1369422,2020-06-15,Senate,5,"Laid on table"
1369423,2020-06-12,Senate,1,"Introduction and first reading"
1369423,2020-06-12,Senate,2,"Referred to Rules and Administration"
1369424,2020-06-12,Senate,1,"Introduction and first reading"
1369424,2020-06-12,Senate,2,"Referred to Rules and Administration"
1369425,2020-06-12,Senate,1,"Introduction and first reading"
1369425,2020-06-12,Senate,2,"Referred to Rules and Administration"
1369425,2020-06-19,Senate,3,Withdrawn
1369425,2020-06-19,Senate,4,"Second reading"
1369425,2020-06-19,Senate,5,"Laid on table"
1369426,2020-06-12,Senate,1,"Introduction and first reading"
1369426,2020-06-12,Senate,2,"By Motion, Laid on Table"
1369426,2020-06-15,Senate,3,"Author added Newton"
1369426,2020-06-15,Senate,4,"Taken from table"
1369426,2020-06-15,Senate,5,"Second reading"
1369426,2020-06-15,Senate,6,"Laid on table"
1369427,2020-06-12,Senate,1,"Introduction and first reading"
1369427,2020-06-12,Senate,2,"By Motion, Laid on Table"
1369427,2020-06-15,Senate,3,"Taken from table"
1369427,2020-06-15,Senate,4,"Second reading"
1369427,2020-06-15,Senate,5,"Laid on table"
1369427,2020-06-15,Senate,6,"Taken from table"
1369427,2020-06-15,Senate,7,"Urgency declared rules suspended"
1369427,2020-06-15,Senate,8,"Third reading Passed"
1369427,2020-06-16,House,9,"Received from Senate"
1369427,2020-06-16,House,10,"Senate file first reading, referred to Labor"
1369427,2020-06-17,House,11,"Committee report, to adopt"
1369427,2020-06-17,House,12,"Second reading"
1369427,2020-06-17,House,13,"Motion to suspend rules"
1369427,2020-06-17,House,14,"Motion prevailed"
1369427,2020-06-17,House,15,"Third reading"
1369427,2020-06-17,House,16,"Bill was passed"
1369427,2020-06-19,Senate,17,"Returned from House"
1369427,2020-06-19,,18,"Presented to Governor"
1369427,2020-06-23,,19,"Governor's action Approval "
1369427,2020-06-23,,20,"Secretary of State Chapter 5 "
1369428,2020-06-12,Senate,1,"Introduction and first reading"
1369428,2020-06-12,Senate,2,"Referred to Rules and Administration"
1369429,2020-06-12,Senate,1,"Introduction and first reading"
1369429,2020-06-12,Senate,2,"By Motion, Laid on Table"
1369429,2020-06-15,Senate,3,"Taken from table"
1369429,2020-06-15,Senate,4,"Second reading"
1369429,2020-06-15,Senate,5,"Laid on table"
1369429,2020-06-16,Senate,6,"Author added Hall"
1369429,2020-06-19,Senate,7,"Author added Kiffmeyer"
1369429,2020-06-19,Senate,8,"Taken from table"
1369429,2020-06-19,Senate,9,"Special Order: Amended"
1369429,2020-06-19,Senate,10,"Third reading Passed"
1369430,2020-06-12,Senate,1,"Introduction and first reading"
1369430,2020-06-12,Senate,2,"By Motion, Laid on Table"
1369430,2020-06-12,Senate,3,"Authors added Draheim; Weber; Rarick; Frentz"
1369430,2020-06-15,Senate,4,"Taken from table"
1369430,2020-06-15,Senate,5,"Second reading"
1369430,2020-06-15,Senate,6,"Laid on table"
1369430,2020-06-19,Senate,7,"Taken from table"
1369430,2020-06-19,Senate,8,"Special Order: Amended"
1369430,2020-06-19,Senate,9,"Third reading Passed"
1369431,2020-06-12,Senate,1,Introduction
1369431,2020-06-12,Senate,2,"Adopted (voice vote)"
1369432,2020-06-12,Senate,1,"Introduction and first reading"
1369432,2020-06-12,Senate,2,"By Motion, Laid on Table"
1369432,2020-06-15,Senate,3,"Taken from table"
1369432,2020-06-15,Senate,4,"Second reading"
1369432,2020-06-15,Senate,5,"Laid on table"
1369432,2020-06-16,Senate,6,"Taken from table"
1369432,2020-06-16,Senate,7,"Special Order: Amended"
1369432,2020-06-16,Senate,8,"Laid on table"
1369432,2020-06-16,Senate,9,"Taken from table"
1369432,2020-06-16,Senate,10,Amended
1369432,2020-06-16,Senate,11,"Third reading Passed"
1369432,2020-06-17,House,12,"Received from Senate"
1369432,2020-06-17,House,13,"Senate file first reading, referred to Ways and Means"
1369432,2020-06-18,House,14,"Committee report, to adopt as amended"
1369432,2020-06-18,House,15,"Second reading"
1369433,2020-06-12,Senate,1,Introduction
1369433,2020-06-12,Senate,2,"Adopted (voice vote)"
1369517,2020-06-12,Senate,1,"Introduction and first reading"
1369517,2020-06-12,Senate,2,"Referred to Rules and Administration"
1369517,2020-06-12,Senate,3,"Authors added Nelson; Tomassoni"
1369517,2020-06-19,Senate,4,"Author added Newton"
1369517,2020-06-19,Senate,5,Withdrawn
1369517,2020-06-19,Senate,6,"Second reading"
1369517,2020-06-19,Senate,7,"Laid on table"
1369517,2020-06-19,Senate,8,"Author added Cwodzinski"
1369521,2020-06-12,Senate,1,"Introduction and first reading"
1369521,2020-06-12,Senate,2,"By Motion, Laid on Table"
1369521,2020-06-15,Senate,3,"Taken from table"
1369521,2020-06-15,Senate,4,"Second reading"
1369521,2020-06-15,Senate,5,"Laid on table"
1369521,2020-06-15,Senate,6,"Taken from table"
1369521,2020-06-15,Senate,7,"Urgency declared rules suspended"
1369521,2020-06-15,Senate,8,"Third reading Passed"
1369521,2020-06-16,House,9,"Received from Senate"
1369521,2020-06-16,House,10,"Senate file first reading, referred to Commerce"
1369521,2020-06-17,House,11,"Motion to recall"
1369521,2020-06-17,House,12,"Motion prevailed"
1369521,2020-06-17,House,13,"Motion to suspend rules"
1369521,2020-06-17,House,14,"Motion prevailed"
1369521,2020-06-17,House,15,"Second reading"
1369521,2020-06-17,House,16,"Third reading"
1369521,2020-06-17,House,17,"Bill was passed"
1369521,2020-06-19,Senate,18,"Returned from House"
1369521,2020-06-19,,19,"Presented to Governor"
1369521,2020-06-23,,20,"Governor's action Approval "
1369521,2020-06-23,,21,"Secretary of State Chapter 6 "
1369523,2020-06-12,Senate,1,"Introduction and first reading"
1369523,2020-06-12,Senate,2,"Referred to Rules and Administration"
1369525,2020-06-12,Senate,1,"Introduction and first reading"
1369525,2020-06-12,Senate,2,"Referred to Rules and Administration"
1369525,2020-06-12,Senate,3,"Author added Hoffman"
1369528,2020-06-12,Senate,1,"Introduction and first reading"
1369528,2020-06-12,Senate,2,"By Motion, Laid on Table"
1369528,2020-06-15,Senate,3,"Taken from table"
1369528,2020-06-15,Senate,4,"Second reading"
1369528,2020-06-15,Senate,5,"Laid on table"
1369532,2020-06-12,Senate,1,"Introduction and first reading"
1369532,2020-06-12,Senate,2,"By Motion, Laid on Table"
1369532,2020-06-15,Senate,3,"Taken from table"
1369532,2020-06-15,Senate,4,"Second reading"
1369532,2020-06-15,Senate,5,"Laid on table"
1369533,2020-06-12,Senate,1,"Introduction and first reading"
1369533,2020-06-12,Senate,2,"Referred to Rules and Administration"
1369535,2020-06-12,Senate,1,"Introduction and first reading"
1369535,2020-06-12,Senate,2,"Referred to Rules and Administration"
1369542,2020-06-12,Senate,1,"Introduction and first reading"
1369542,2020-06-12,Senate,2,"By Motion, Laid on Table"
1369542,2020-06-12,Senate,3,"Authors added Bigham; Draheim; Relph"
1369542,2020-06-12,Senate,4,"Taken from table"
1369542,2020-06-12,Senate,5,"Motion did not prevail for Urgency, rules suspension"
1369542,2020-06-12,Senate,6,"Laid on table"
1369542,2020-06-15,Senate,7,"Taken from table"
1369542,2020-06-15,Senate,8,"Second reading"
1369542,2020-06-15,Senate,9,"Laid on table"
1369542,2020-06-16,Senate,10,"Taken from table"
1369542,2020-06-16,Senate,11,"Special Order: Amended"
1369542,2020-06-16,Senate,12,"Third reading Passed"
1369542,2020-06-17,House,13,"Received from Senate"
1369542,2020-06-17,House,14,"Senate file first reading"
1369542,2020-06-17,House,15,"Motion to suspend rules"
1369542,2020-06-17,House,16,"Point of order raised, ruled well taken"
1369542,2020-06-17,House,17,"Motion did not prevail"
1369542,2020-06-17,House,18,"Referred to Ways and Means"
1369542,2020-06-18,House,19,"Committee report, to adopt as amended"
1369542,2020-06-18,House,20,"Second reading"
1369542,2020-06-19,House,21,"House rule 1.21, placed on Calendar for the Day Friday, June 19, 2020"
1369542,2020-06-19,House,22,Amended
1369542,2020-06-19,House,23,"Third reading as amended"
1369542,2020-06-19,House,24,"Bill was passed as amended"
1369542,2020-06-19,Senate,25,"Returned from House with amendment"
1369542,2020-06-19,Senate,26,"Laid on table"
1369552,2020-06-12,Senate,1,"Introduction and first reading"
1369552,2020-06-12,Senate,2,"Referred to Rules and Administration"
1369553,2020-06-12,Senate,1,"Introduction and first reading"
1369553,2020-06-12,Senate,2,"Referred to Rules and Administration"
1369554,2020-06-12,House,1,"Introduction and first reading, referred to Public Safety and Criminal Justice Reform Finance and Policy Division"
1369554,2020-06-15,House,2,"Authors added Davnie, Hausman, Moran, Lee, Jordan, Gomez, Hornstein, Noor, Vang, Kunesh-Podein , and Long"
1369554,2020-06-18,House,3,"Author added Moller"
1369554,2020-06-19,House,4,"Authors added Bernardy; Fischer; Xiong, J."
1369555,2020-06-12,House,1,"Introduction and first reading, referred to Labor"
1369555,2020-06-15,House,2,"Authors added Stephenson, Howard, Davnie, Hausman, Moran, Lee, Jordan, Hornstein, Vang, Noor, Gomez, Kunesh-Podein, and Long"
1369555,2020-06-17,House,3,"Committee report, to adopt as amended and re-refer to Ways and Means"
1369555,2020-06-19,House,4,"Author added Xiong, J."
1369557,2020-06-12,Senate,1,"Introduction and first reading"
1369557,2020-06-12,Senate,2,"By Motion, Laid on Table"
1369557,2020-06-15,Senate,3,"Taken from table"
1369557,2020-06-15,Senate,4,"Second reading"
1369557,2020-06-15,Senate,5,"Laid on table"
1369558,2020-06-12,Senate,1,"Introduction and first reading"
1369558,2020-06-12,Senate,2,"Referred to Rules and Administration"
1369559,2020-06-12,Senate,1,"Introduction and first reading"
1369559,2020-06-12,Senate,2,"Referred to Rules and Administration"
1369561,2020-06-12,Senate,1,"Introduction and first reading"
1369561,2020-06-12,Senate,2,"Referred to Rules and Administration"
1369562,2020-06-12,House,1,"Introduction and first reading, referred to Public Safety and Criminal Justice Reform Finance and Policy Division"
1369562,2020-06-15,House,2,"Authors added Davnie, Hausman, Moran, Lee, Jordan, Dehn, Hornstein, Vang, Noor, Gomez, Wagenius, Kunesh-Podein, and Long"
1369562,2020-06-16,House,3,"Author added Freiberg"
1369562,2020-06-19,House,4,"Author added Xiong, J."
1369563,2020-06-12,Senate,1,"Introduction and first reading"
1369563,2020-06-12,Senate,2,"Referred to Rules and Administration"
1369564,2020-06-12,House,1,"Introduction and first reading, referred to Public Safety and Criminal Justice Reform Finance and Policy Division"
1369564,2020-06-15,House,2,"Authors added Davnie, Hausman, Moran, Lee, Jordan, Hornstein, Gomez, Vang, Kunesh-Podein, Dehn, Long, Becker-Finn, and Elkins"
1369564,2020-06-16,House,3,"Author added Hassan"
1369564,2020-06-18,House,4,"Author added Howard"
1369564,2020-06-19,House,5,"Authors added Bernardy; Xiong. J."
1369565,2020-06-12,House,1,"Introduction and first reading, referred to Judiciary Finance and Civil Law Division"
1369565,2020-06-15,House,2,"Authors added Vang and Claflin"
1369565,2020-06-19,House,3,"Author added Xiong, J."
1369566,2020-06-12,House,1,"Introduction and first reading, referred to Judiciary Finance and Civil Law Division"
1369566,2020-06-15,House,2,"Authors added Becker-Finn"
1369566,2020-06-16,House,3,"Committee report, to adopt as amended and re-refer to Ways and Means"
1369566,2020-06-19,House,4,"Author added Xiong, J."
1369567,2020-06-12,House,1,"Introduction and first reading, referred to Public Safety and Criminal Justice Reform Finance and Policy Division"
1369567,2020-06-15,House,2,"Authors added Becker-Finn, Davnie, Hausman, Lee, Moran, Hornstein, Jordan, Vang, Noor, Kunesh-Podein, Gomez, and Long"
1369567,2020-06-19,House,3,"Author added Xiong, J."
1369568,2020-06-12,House,1,"Introduction and first reading, referred to Environment and Natural Resources Finance Division"
1369568,2020-06-15,House,2,"Authors added Becker-Finn and Claflin"
1369568,2020-06-17,House,3,"Committee report, to adopt as amended and re-refer to Ways and Means"
1369568,2020-06-18,House,4,"Committee report, to adopt"
1369568,2020-06-18,House,5,"Second reading"
1369568,2020-06-19,House,6,"Author added Fischer"
1369569,2020-06-12,Senate,1,"Introduction and first reading"
1369569,2020-06-12,Senate,2,"By Motion, Laid on Table"
1369569,2020-06-15,Senate,3,"Taken from table"
1369569,2020-06-15,Senate,4,"Second reading"
1369569,2020-06-15,Senate,5,"Laid on table"
1369569,2020-06-16,Senate,6,"Taken from table"
1369569,2020-06-16,Senate,7,"Special Order"
1369569,2020-06-16,Senate,8,"Third reading Passed"
1369569,2020-06-17,House,9,"Received from Senate"
1369569,2020-06-17,House,10,"Senate file first reading, referred to Public Safety and Criminal Justice Reform Finance and Policy Division"
1369571,2020-06-12,Senate,1,"Introduction and first reading"
1369571,2020-06-12,Senate,2,"Referred to Rules and Administration"
1369572,2020-06-12,House,1,"Introduction and first reading, referred to Property and Local Tax Division"
1369573,2020-06-12,House,1,"Introduction and first reading, referred to Public Safety and Criminal Justice Reform Finance and Policy Division"
1369574,2020-06-12,Senate,1,"Introduction and first reading"
1369574,2020-06-12,Senate,2,"Referred to Rules and Administration"
1369575,2020-06-12,House,1,"Introduction and first reading, referred to Education Policy"
1369577,2020-06-12,House,1,"Introduction and first reading, referred to Public Safety and Criminal Justice Reform Finance and Policy Division"
1369577,2020-06-15,House,2,"Authors added Davnie, Hausman, Moran, Lee, Jordan, Hornstein, Vang, Gomez, Kunesh-Podein, and Long"
1369577,2020-06-19,House,3,"Author added Xiong, J."
1369578,2020-06-12,Senate,1,"Introduction and first reading"
1369578,2020-06-12,Senate,2,"By Motion, Laid on Table"
1369578,2020-06-15,Senate,3,"Taken from table"
1369578,2020-06-15,Senate,4,"Second reading"
1369578,2020-06-15,Senate,5,"Laid on table"
1369579,2020-06-12,House,1,"Introduction and first reading, referred to Public Safety and Criminal Justice Reform Finance and Policy Division"
1369579,2020-06-15,House,2,"Authors added Hansen, Davnie, Hausman, Moran, Becker-Finn, Lee, Jordan, Gomez, Hornstein, Noor, Vang, Kunesh-Podein, and Long"
1369579,2020-06-18,House,3,"Author added Moller"
1369579,2020-06-19,House,4,"Authors added Bernardy; Xiong, J."
1369580,2020-06-12,House,1,"Introduction and first reading, referred to Education Policy"
1369580,2020-06-17,House,2,"Committee report, to adopt"
1369580,2020-06-17,House,3,"Second reading"
1369580,2020-06-19,House,4,"House rule 1.21, placed on Calendar for the Day Friday, June 19, 2020"
1369581,2020-06-12,House,1,"Introduction and first reading, referred to Public Safety and Criminal Justice Reform Finance and Policy Division"
1369581,2020-06-15,House,2,"Authors added Becker-Finn, Davnie, Hausman, Lee, Jordan, Hornstein, Vang, Noor, Gomez, Kunesh-Podein, Lillie, Dehn, and Long"
1369581,2020-06-19,House,3,"Author added Xiong, J."
1369583,2020-06-12,House,1,"Introduction and first reading, referred to Housing Finance and Policy Division"
1369583,2020-06-18,House,2,"Committee report, to adopt"
1369583,2020-06-18,House,3,"Second reading"
1369583,2020-06-19,House,4,"House rule 1.21, placed on Calendar for the Day Friday, June 19, 2020"
1369584,2020-06-12,House,1,"Introduction and first reading, referred to Public Safety and Criminal Justice Reform Finance and Policy Division"
1369584,2020-06-15,House,2,"Author added Vang"
1369584,2020-06-19,House,3,"Author added Xiong, J."
1369585,2020-06-12,Senate,1,"Introduction and first reading"
1369585,2020-06-12,Senate,2,"Referred to Rules and Administration"
1369586,2020-06-12,Senate,1,"Introduction and first reading"
1369586,2020-06-12,Senate,2,"Referred to Rules and Administration"
1369587,2020-06-12,Senate,1,"Introduction and first reading"
1369587,2020-06-12,Senate,2,"Referred to Rules and Administration"
1369588,2020-06-12,House,1,"Introduction and first reading, referred to Greater Minnesota Jobs and Economic Development Finance Division"
1369588,2020-06-15,House,2,"Authors added Vang and Kresha"
1369591,2020-06-12,House,1,"Introduction and first reading, referred to Government Operations"
1369591,2020-06-17,House,2,"Committee report, to adopt"
1369591,2020-06-17,House,3,"Second reading"
1369591,2020-06-19,House,4,"Authors added Bernardy, Acomb, Kotyza-Witthuhn, Moller, Pryor"
1369592,2020-06-12,House,1,"Introduction and first reading, referred to Transportation Finance and Policy Division"
1369593,2020-06-12,Senate,1,"Introduction and first reading"
1369593,2020-06-12,Senate,2,"Referred to Rules and Administration"
1369594,2020-06-12,Senate,1,"Introduction and first reading"
1369594,2020-06-12,Senate,2,"Referred to Rules and Administration"
1369595,2020-06-12,Senate,1,"Introduction and first reading"
1369595,2020-06-12,Senate,2,"Referred to Rules and Administration"
1369596,2020-06-12,House,1,"Introduction and first reading, referred to Energy and Climate Finance and Policy Division"
1369597,2020-06-12,House,1,"Introduction and first reading, referred to Public Safety and Criminal Justice Reform Finance and Policy Division"
1369597,2020-06-15,House,2,"Authors added Hausman, Davnie, Becker-Finn, Lee, Jordan, Dehn, Gomez, Noor, Hornstein, Vang, Kunesh-Podein, and Long"
1369597,2020-06-18,House,3,"Author added Moller"
1369597,2020-06-19,House,4,"Author added Xiong, J."
1369599,2020-06-12,House,1,"Introduction and first reading, referred to Public Safety and Criminal Justice Reform Finance and Policy Division"
1369599,2020-06-15,House,2,"Authors added Davnie, Hausman, Moran, Lee, Jordan, Hornstein, Vang, Noor, Gomez, Kunesh-Podein, and Long"
1369599,2020-06-16,House,3,"Committee report, to adopt and re-refer to State Government Finance Division"
1369599,2020-06-17,House,4,"Committee report, to adopt as amended and re-refer to Ways and Means"
1369599,2020-06-19,House,5,"Authors added Fischer; Xiong, J."
1369600,2020-06-12,Senate,1,Introduction
1369600,2020-06-12,Senate,2,"Referred to Rules and Administration"
1369601,2020-06-12,Senate,1,"Introduction and first reading"
1369601,2020-06-12,Senate,2,"Referred to Rules and Administration"
1369603,2020-06-12,House,1,"Introduction and first reading, referred to Early Childhood Finance and Policy Division"
1369603,2020-06-15,House,2,"Authors added Becker-Finn, Vang, and Lillie"
1369603,2020-06-18,House,3,"Author added Howard"
1369604,2020-06-12,House,1,"Introduction and first reading, referred to Environment and Natural Resources Policy"
1369605,2020-06-12,House,1,"Resolution introduced"
1369605,2020-06-12,House,2,"Motion to suspend rules"
1369605,2020-06-12,House,3,"Motion prevailed"
1369605,2020-06-12,House,4,"Resolution considered"
1369605,2020-06-12,House,5,"Resolution was not adopted"
1369605,2020-06-12,House,6,"Resolution referred to Rules and Legislative Administration"
1369606,2020-06-12,House,1,"Introduction and first reading, referred to Public Safety and Criminal Justice Reform Finance and Policy Division"
1369607,2020-06-12,Senate,1,"Introduction and first reading"
1369607,2020-06-12,Senate,2,"Referred to Rules and Administration"
1369608,2020-06-12,House,1,"Introduction and first reading, referred to State Government Finance Division"
1369610,2020-06-12,Senate,1,"Introduction and first reading"
1369610,2020-06-12,Senate,2,"Referred to Rules and Administration"
1369611,2020-06-12,Senate,1,"Introduction and first reading"
1369611,2020-06-12,Senate,2,"Referred to Rules and Administration"
1369613,2020-06-12,House,1,"Introduction and first reading, referred to Government Operations"
1369613,2020-06-15,House,2,"Authors added Wagenius and Becker-Finn"
1369613,2020-06-16,House,3,"Committee report, to adopt as amended and re-refer to Ways and Means"
1369613,2020-06-19,House,4,"Author added Xiong, J."
1369614,2020-06-12,House,1,"Introduction and first reading, referred to Government Operations"
1369614,2020-06-15,House,2,"Authors added Wagenius and Becker-Finn"
1369614,2020-06-16,House,3,"Committee report, to adopt as amended and re-refer to Ways and Means"
1369614,2020-06-19,House,4,"Author added Xiong, J."
1369615,2020-06-12,House,1,"Introduction and first reading, referred to Education Finance Division"
1369616,2020-06-12,Senate,1,"Introduction and first reading"
1369616,2020-06-12,Senate,2,"Referred to Rules and Administration"
1369617,2020-06-12,Senate,1,"Introduction and first reading"
1369617,2020-06-12,Senate,2,"Referred to Rules and Administration"
1369618,2020-06-12,House,1,"Introduction and first reading, referred to Government Operations"
1369618,2020-06-19,House,2,"Author added Drazkowski"
1369619,2020-06-12,House,1,"Introduction and first reading, referred to Health and Human Services Finance Division"
1369619,2020-06-15,House,2,"Authors added Vang"
1369619,2020-06-16,House,3,"Author added Hassan"
1369619,2020-06-18,House,4,"Author added Howard"
1369619,2020-06-19,House,5,"Authors added Bernardy; Xiong, J."
1369620,2020-06-12,House,1,"Introduction and first reading, referred to Higher Education Finance and Policy Division"
1369620,2020-06-15,House,2,"Author added Vang"
1369621,2020-06-12,House,1,"Introduction and first reading, referred to Public Safety and Criminal Justice Reform Finance and Policy Division"
1369621,2020-06-15,House,2,"Authors added Davnie, Hausman, Moran, Lee, Jordan, Hornstein, Gomez, Noor, Vang, Kunesh-Podein, Dehn, Long, Becker-Finn, and Elkins"
1369621,2020-06-16,House,3,"Committee report, to adopt as amended and re-refer to Ways and Means"
1369621,2020-06-16,House,4,"Author added Hassan"
1369621,2020-06-18,House,5,"Authors added Howard, Bernardy"
1369621,2020-06-19,House,6,"Author added Xiong, J."
1369622,2020-06-12,Senate,1,"Introduction and first reading"
1369622,2020-06-12,Senate,2,"Referred to Rules and Administration"
1369623,2020-06-12,House,1,"Introduction and first reading, referred to Judiciary Finance and Civil Law Division"
1369623,2020-06-15,House,2,"Author added Vang"
1369623,2020-06-19,House,3,"Author added Xiong, J."
1369624,2020-06-12,House,1,"Introduction and first reading, referred to Government Operations"
1369624,2020-06-15,House,2,"Authors added Wagenius and Becker-Finn"
1369624,2020-06-19,House,3,"Author added Xiong, J."
1369625,2020-06-12,House,1,"Introduction and first reading, referred to Labor"
1369625,2020-06-15,House,2,"Authors added Theis, Layman, and Kresha"
1369625,2020-06-16,House,3,"Author added Scott and Robbins"
1369630,2020-06-12,Senate,1,"Introduction and first reading"
1369630,2020-06-12,Senate,2,"Referred to Rules and Administration"
1369631,2020-06-12,House,1,"Introduction and first reading, referred to Health and Human Services Policy"
1369631,2020-06-12,House,2,"Motion to recall"
1369631,2020-06-12,House,3,"Motion prevailed"
1369631,2020-06-12,House,4,"Motion to suspend rules"
1369631,2020-06-12,House,5,"Motion prevailed"
1369631,2020-06-12,House,6,"Second reading"
1369631,2020-06-12,House,7,Amended
1369631,2020-06-12,House,8,"Third reading as amended"
1369631,2020-06-12,House,9,"Bill was passed as amended"
1369631,2020-06-15,Senate,10,"Received from House"
1369631,2020-06-15,Senate,11,"Introduction and first reading"
1369631,2020-06-15,Senate,12,"Laid on table"
1369631,2020-06-15,Senate,13,"Taken from table"
1369631,2020-06-15,Senate,14,"Urgency declared rules suspended"
1369631,2020-06-15,Senate,15,"Second reading"
1369631,2020-06-15,Senate,16,"Third reading Passed"
1369631,2020-06-16,House,17,"Returned from Senate"
1369631,2020-06-16,,18,"Presented to Governor"
1369631,2020-06-18,,19,"Governor's action Approval "
1369631,2020-06-18,,20,"Secretary of State Chapter 2 "
1369632,2020-06-12,House,1,"Introduction and first reading, referred to Taxes"
1369633,2020-06-12,House,1,"Introduction and first reading, referred to Judiciary Finance and Civil Law Division"
1369633,2020-06-15,House,2,"Author added Becker-Finn"
1369633,2020-06-16,House,3,"Committee report, to adopt and re-refer to Ways and Means"
1369633,2020-06-19,House,4,"Author added Xiong, J."
1369634,2020-06-12,House,1,"Introduction and first reading, referred to Government Operations"
1369635,2020-06-12,House,1,"Introduction and first reading, referred to Public Safety and Criminal Justice Reform Finance and Policy Division"
1369635,2020-06-15,House,2,"Authors added Davnie, Hausman, Moran, Lee, Jordan, Hornstein, Vang, Noor, Gomez, Kunesh-Podein, and Long"
1369635,2020-06-19,House,3,"Author added Xiong, J."
1369636,2020-06-12,House,1,"Introduction and first reading, referred to Health and Human Services Finance Division"
1369636,2020-06-15,House,2,"Author changed Vang"
1369636,2020-06-16,House,3,"Author added Hassan"
1369636,2020-06-19,House,4,"Author added Xiong, J."
1369637,2020-06-12,Senate,1,"Introduction and first reading"
1369637,2020-06-12,Senate,2,"Referred to Rules and Administration"
1369638,2020-06-12,House,1,"Introduction and first reading, referred to Public Safety and Criminal Justice Reform Finance and Policy Division"
1369639,2020-06-12,House,1,"Introduction and first reading, referred to Environment and Natural Resources Finance Division"
1369639,2020-06-12,House,2,"Motion to suspend rules"
1369639,2020-06-12,House,3,"Motion prevailed"
1369639,2020-06-12,House,4,"Second reading"
1369639,2020-06-12,House,5,Amended
1369639,2020-06-12,House,6,"Third reading as amended"
1369639,2020-06-12,House,7,"Bill was passed as amended"
1369639,2020-06-12,Senate,8,"Received from House"
1369639,2020-06-12,Senate,9,"Introduction and first reading"
1369639,2020-06-12,Senate,10,"Laid on table"
1369639,2020-06-15,House,11,"Authors added Becker-Finn, Ecklund, Huot, Lee, Cantrell, Sundin, Fischer, Lillie, and Poppe"
1369639,2020-06-15,Senate,12,"Taken from table"
1369639,2020-06-15,Senate,13,"Second reading"
1369639,2020-06-15,Senate,14,"Laid on table"
1369639,2020-06-15,Senate,15,"Taken from table"
1369639,2020-06-15,Senate,16,"Urgency declared rules suspended"
1369639,2020-06-15,Senate,17,"Third reading Passed"
1369639,2020-06-16,House,18,"Returned from Senate"
1369639,2020-06-16,,19,"Presented to Governor"
1369639,2020-06-18,,20,"Governor's action Approval "
1369639,2020-06-18,,21,"Secretary of State Chapter 4 "
1369640,2020-06-12,House,1,"Introduction and first reading, referred to Labor"
1369640,2020-06-15,House,2,"Author added Jordan"
1369640,2020-06-18,House,3,"Author added Moller"
1369640,2020-06-19,House,4,"Author added Xiong, J."
1369642,2020-06-12,House,1,"Introduction and first reading, referred to Public Safety and Criminal Justice Reform Finance and Policy Division"
1369642,2020-06-15,House,2,"Authors added Davnie, Hausman, Lee, Moran, Jordan, Hornstein, Noor, Gomez, Kunesh-Podein; and Long"
1369642,2020-06-19,House,3,"Author added Xiong, J."
1369644,2020-06-12,House,1,"Introduction and first reading, referred to Education Policy"
1369644,2020-06-15,House,2,"Author added Vang"
1369644,2020-06-16,House,3,"Authors added Her, Wazlawik, Lee, and Gomez"
1369644,2020-06-17,House,4,"Committee report, to adopt as amended"
1369644,2020-06-17,House,5,"Second reading"
1369644,2020-06-17,House,6,"Referred to Chief Clerk for comparison with SF7"
1369644,2020-06-17,House,7,"Authors added Lillie, Sandell, and Jordan"
1369644,2020-06-18,House,8,"Bills not identical, SF substituted on General Register"
1369644,2020-06-18,House,9,"HF indefinitely postponed"
1369644,2020-06-18,House,10,"Authors added Becker-Finn; Xiong, T.; Noor"
1369644,2020-06-19,House,11,"Authors added Moller, Bierman"
1369645,2020-06-12,House,1,"Introduction and first reading, referred to Agriculture and Food Finance and Policy Division"
1369646,2020-06-12,House,1,"Introduction and first reading, referred to Jobs and Economic Development Finance Division"
1369646,2020-06-12,House,2,"Motion to suspend rules"
1369646,2020-06-12,House,3,"Motion prevailed"
1369646,2020-06-12,House,4,"Second reading"
1369646,2020-06-12,House,5,"Third reading"
1369646,2020-06-12,House,6,"Bill was passed"
1369646,2020-06-12,Senate,7,"Received from House"
1369646,2020-06-12,Senate,8,"Introduction and first reading"
1369646,2020-06-12,Senate,9,"Laid on table"
1369646,2020-06-12,Senate,10,"Taken from table"
1369646,2020-06-12,Senate,11,"Urgency declared rules suspended"
1369646,2020-06-12,Senate,12,"Second reading"
1369646,2020-06-12,Senate,13,"Third reading Passed"
1369646,2020-06-15,House,14,"Returned from Senate"
1369646,2020-06-15,House,15,"Authors added Kotyza-Witthuhn, Ecklund, and Lillie"
1369646,2020-06-15,,16,"Presented to Governor"
1369646,2020-06-16,House,17,"Authors added Wazlawik, Hassan, and Robbins"
1369646,2020-06-16,,18,"Governor's action Approval "
1369646,2020-06-16,,19,"Secretary of State Chapter 1 "
1369646,2020-06-19,House,20,"Author added Bernardy"
1369648,2020-06-12,Senate,1,Introduction
1369648,2020-06-12,Senate,2,Amended
1369648,2020-06-12,Senate,3,Adopted
1369649,2020-06-12,Senate,1,"Introduction and first reading"
1369649,2020-06-12,Senate,2,"Referred to Rules and Administration"
1369650,2020-06-12,House,1,"Introduction and first reading, referred to Transportation Finance and Policy Division"
1369650,2020-06-12,House,2,"Motion to suspend rules"
1369650,2020-06-12,House,3,"Motion prevailed"
1369650,2020-06-12,House,4,"Second reading"
1369650,2020-06-12,House,5,Amended
1369650,2020-06-12,House,6,"Third reading as amended"
1369650,2020-06-12,House,7,"Bill was passed as amended"
1369650,2020-06-12,Senate,8,"Received from House"
1369650,2020-06-12,Senate,9,"Introduction and first reading"
1369650,2020-06-12,Senate,10,"Laid on table"
1369650,2020-06-15,Senate,11,"Taken from table"
1369650,2020-06-15,Senate,12,"Second reading"
1369650,2020-06-15,Senate,13,"Laid on table"
1369650,2020-06-15,Senate,14,"Taken from table"
1369650,2020-06-15,Senate,15,"Urgency declared rules suspended"
1369650,2020-06-15,Senate,16,"Third reading Passed"
1369650,2020-06-16,House,17,"Returned from Senate"
1369650,2020-06-16,,18,"Presented to Governor"
1369650,2020-06-18,,19,"Governor's action Approval "
1369650,2020-06-18,,20,"Secretary of State Chapter 3 "
1369651,2020-06-12,Senate,1,"Introduction and first reading"
1369651,2020-06-12,Senate,2,"Referred to Rules and Administration"
1369652,2020-06-12,Senate,1,"Introduction and first reading"
1369652,2020-06-12,Senate,2,"Referred to Rules and Administration"
1369654,2020-06-12,Senate,1,"Introduction and first reading"
1369654,2020-06-12,Senate,2,"Referred to Rules and Administration"
1369656,2020-06-12,House,1,"Introduction and first reading, referred to Public Safety and Criminal Justice Reform Finance and Policy Division"
1369656,2020-06-15,House,2,"Authors added Hansen, Davnie, Hausman, Moran, Lee, Jordan, Gomez, Hornstein, Noor, Vang, Kunesh-Podein, and Long"
1369656,2020-06-18,House,3,"Author added Moller"
1369656,2020-06-19,House,4,"Author added Xiong, J."
1369657,2020-06-12,Senate,1,"Introduction and first reading"
1369657,2020-06-12,Senate,2,"Referred to Rules and Administration"
1369658,2020-06-12,House,1,"Introduction and first reading, referred to Education Policy"
1369660,2020-06-12,House,1,"Introduction and first reading, referred to Public Safety and Criminal Justice Reform Finance and Policy Division"
1369660,2020-06-15,House,2,"Authors added Davnie, Hausman, Moran, Lee, Jordan, Hornstein, Gomez, Noor, Vang, Kunesh-Podein, Dehn, Long, Becker-Finn, and Elkins"
1369660,2020-06-16,House,3,"Author added Hassan"
1369660,2020-06-18,House,4,"Author added Howard"
1369660,2020-06-19,House,5,"Authors added Bernardy; Xiong, J."
1369661,2020-06-12,House,1,"Introduction and first reading, referred to Public Safety and Criminal Justice Reform Finance and Policy Division"
1369661,2020-06-15,House,2,"Authors added Davnie, Hausman, Moran, Lee, Jordan, Hornstein, Vang, Gomez, Kunesh-Podein, and Long"
1369661,2020-06-19,House,3,"Author added Xiong, J."
1369662,2020-06-12,Senate,1,"Introduction and first reading"
1369662,2020-06-12,Senate,2,"Referred to Rules and Administration"
1369663,2020-06-12,House,1,"Introduction and first reading, referred to Public Safety and Criminal Justice Reform Finance and Policy Division"
1369663,2020-06-15,House,2,"Authors added Hansen, Davnie, Hausman, Moran, Lee, Jordan, Dehn, Hornstein, Vang, Noor, Gomez, Kunesh-Podein, and Long"
1369663,2020-06-18,House,3,"Author added Moller"
1369663,2020-06-19,House,4,"Authors added Bernardy; Xiong, J."
1369664,2020-06-12,House,1,"Introduction and first reading, referred to Capital Investment Division"
1369665,2020-06-12,Senate,1,"Introduction and first reading"
1369665,2020-06-12,Senate,2,"Referred to Rules and Administration"
1369666,2020-06-12,House,1,"Introduction and first reading, referred to Jobs and Economic Development Finance Division"
1369666,2020-06-15,House,2,"Authors added Davnie, Hausman, Lee, Moran, Jordan, Ecklund, Gomez, Noor, Vang, Hornstein, Kunesh-Podein, and Long"
1369666,2020-06-16,House,3,"Author added Hassan"
1369666,2020-06-17,House,4,"Committee report, to adopt as amended and re-refer to Ways and Means"
1369666,2020-06-17,House,5,"Authors changed Davnie as chief author"
1369666,2020-06-19,House,6,"Author added Xiong, J."
1369669,2020-06-12,House,1,"Introduction and first reading, referred to Public Safety and Criminal Justice Reform Finance and Policy Division"
1369669,2020-06-15,House,2,"Authors added Davnie, Hausman, Moran, Becker-Finn, Lee, Jordan, Hornstein, Noor, Vang, Kunesh-Podein, and Long"
1369669,2020-06-19,House,3,"Author added Xiong, J."
1369670,2020-06-12,Senate,1,Introduction
1369670,2020-06-12,Senate,2,"Referred to Rules and Administration"
1369671,2020-06-12,House,1,"Introduction and first reading, referred to Higher Education Finance and Policy Division"
1369672,2020-06-12,House,1,"Introduction and first reading, referred to Public Safety and Criminal Justice Reform Finance and Policy Division"
1369673,2020-06-12,Senate,1,"Introduction and first reading"
1369673,2020-06-12,Senate,2,"Referred to Rules and Administration"
1369675,2020-06-12,House,1,"Introduction and first reading, referred to Judiciary Finance and Civil Law Division"
1369675,2020-06-15,House,2,"Author added Becker-Finn"
1369675,2020-06-16,House,3,"Committee report, to adopt as amended and re-refer to Ways and Means"
1369675,2020-06-19,House,4,"Author added Xiong, J."
1369676,2020-06-12,House,1,"Introduction and first reading, referred to Public Safety and Criminal Justice Reform Finance and Policy Division"
1369677,2020-06-12,House,1,"Introduction and first reading, referred to Commerce"
1369677,2020-06-15,House,2,"Author added Lillie"
1369678,2020-06-12,House,1,"Introduction and first reading, referred to Transportation Finance and Policy Division"
1369679,2020-06-12,House,1,"Introduction and first reading, referred to Public Safety and Criminal Justice Reform Finance and Policy Division"
1369681,2020-06-12,House,1,"Introduction and first reading, referred to Health and Human Services Finance Division"
1369681,2020-06-15,House,2,"Author added Elkins"
1369681,2020-06-16,House,3,"Author added Hassan"
1369681,2020-06-18,House,4,"Authors added Howard, Moller"
1369681,2020-06-19,House,5,"Author added Xiong, J."
1369682,2020-06-12,House,1,"Introduction and first reading, referred to Judiciary Finance and Civil Law Division"
1369683,2020-06-12,Senate,1,"Introduction and first reading"
1369683,2020-06-12,Senate,2,"Referred to Rules and Administration"
1369683,2020-06-19,Senate,3,Withdrawn
1369683,2020-06-19,Senate,4,"Second reading"
1369683,2020-06-19,Senate,5,"Laid on table"
1369684,2020-06-12,House,1,"Introduction and first reading, referred to Public Safety and Criminal Justice Reform Finance and Policy Division"
1369684,2020-06-15,House,2,"Authors added Davnie, Hausman, Moran, Lee, Fischer, Jordan, Hornstein, Vang, Noor, Gomez, and Long"
1369684,2020-06-19,House,3,"Author added Xiong, J."
1369685,2020-06-12,House,1,"Introduction and first reading, referred to Property and Local Tax Division"
1369688,2020-06-12,House,1,"Introduction and first reading, referred to Public Safety and Criminal Justice Reform Finance and Policy Division"
1369688,2020-06-15,House,2,"Authors added Davnie, Hausman, Becker-Finn, Lee, Jordan, Gomez, Dehn, Noor, Vang, Hornstein, Kunesh-Podein, Lillie, and Long"
1369688,2020-06-16,House,3,"Author added Hassan"
1369688,2020-06-18,House,4,"Author added Moller"
1369688,2020-06-19,House,5,"Authors added Bernardy; Xiong, J."
1369689,2020-06-12,House,1,"Introduction and first reading, referred to Education Policy"
1369689,2020-06-15,House,2,"Authors added Pinto and Lillie"
1369689,2020-06-16,House,3,"Authors added Wazlawik, Her, and Gomez"
1369689,2020-06-17,House,4,"Committee report, to adopt"
1369689,2020-06-17,House,5,"Second reading"
1369689,2020-06-17,House,6,"Authors added Kunesh-Podein, Sandell, and Jordan"
1369689,2020-06-18,House,7,"Author added Moller"
1369689,2020-06-19,House,8,"House rule 1.21, placed on Calendar for the Day Friday, June 19, 2020"
1369689,2020-06-19,House,9,Amended
1369689,2020-06-19,House,10,"Third reading as amended"
1369689,2020-06-19,House,11,"Bill was passed as amended"
1369689,2020-06-19,House,12,"Returned from Senate"
1369689,2020-06-19,House,13,"Authors added Bierman, Becker-Finn, Bernardy"
1369689,2020-06-19,Senate,14,"Received from House"
1369689,2020-06-19,Senate,15,"Introduction and first reading"
1369689,2020-06-19,Senate,16,"By Motion, Laid on Table"
1369689,2020-06-19,Senate,17,"Taken from table"
1369689,2020-06-19,Senate,18,"Urgency declared rules suspended"
1369689,2020-06-19,Senate,19,"Second reading"
1369689,2020-06-19,Senate,20,"Third reading Passed"
1369689,2020-06-22,,21,"Presented to Governor"
1369689,2020-06-23,,22,"Governor's action Approval "
1369689,2020-06-23,,23,"Secretary of State Chapter 8 "
1369690,2020-06-12,House,1,"Introduction and first reading, referred to Labor"
1369691,2020-06-12,Senate,1,"Introduction and first reading"
1369691,2020-06-12,Senate,2,"Referred to Rules and Administration"
1369692,2020-06-12,House,1,"Introduction and first reading, referred to Education Finance Division"
1369692,2020-06-19,House,2,"Author added Xiong, J."
1369693,2020-06-12,House,1,"Resolution introduced"
1369693,2020-06-12,House,2,"Resolution referred to Rules and Legislative Administration"
1369694,2020-06-12,Senate,1,"Introduction and first reading"
1369694,2020-06-12,Senate,2,"Referred to Rules and Administration"
1369695,2020-06-12,House,1,"Introduction and first reading, referred to Labor"
1369695,2020-06-17,House,2,"Committee report, to adopt"
1369695,2020-06-17,House,3,"Second reading"
1369695,2020-06-19,House,4,"House rule 1.21, placed on Calendar for the Day Friday, June 19, 2020"
1369695,2020-06-19,House,5,"Third reading"
1369695,2020-06-19,House,6,"Bill was passed"
1369695,2020-06-19,House,7,"Returned from Senate"
1369695,2020-06-19,Senate,8,"Received from House"
1369695,2020-06-19,Senate,9,"Introduction and first reading"
1369695,2020-06-19,Senate,10,"Laid on table"
1369695,2020-06-19,Senate,11,"Taken from table"
1369695,2020-06-19,Senate,12,"Urgency declared rules suspended"
1369695,2020-06-19,Senate,13,"Second reading"
1369695,2020-06-19,Senate,14,"Third reading Passed"
1369695,2020-06-22,,15,"Presented to Governor"
1369695,2020-06-23,,16,"Governor's action Approval "
1369695,2020-06-23,,17,"Secretary of State Chapter 10 "
1369696,2020-06-12,Senate,1,"Introduction and first reading"
1369696,2020-06-12,Senate,2,"Referred to Rules and Administration"
1369697,2020-06-12,Senate,1,"Introduction and first reading"
1369697,2020-06-12,Senate,2,"Referred to Rules and Administration"
1369698,2020-06-12,House,1,"Introduction and first reading, referred to Labor"
1369699,2020-06-12,House,1,"Introduction and first reading, referred to Public Safety and Criminal Justice Reform Finance and Policy Division"
1369699,2020-06-19,House,2,"Author added Xiong, J."
1369700,2020-06-12,House,1,"Introduction and first reading, referred to Early Childhood Finance and Policy Division"
1369700,2020-06-16,House,2,"Committee report, to adopt as amended and re-refer to Ways and Means"
1369700,2020-06-18,House,3,"Committee report, to adopt as amended"
1369700,2020-06-18,House,4,"Second reading"
1369700,2020-06-19,House,5,"House rule 1.21, placed on Calendar for the Day Friday, June 19, 2020"
1369700,2020-06-19,House,6,Amended
1369700,2020-06-19,House,7,"Third reading as amended"
1369700,2020-06-19,House,8,"Bill was passed as amended"
1369700,2020-06-19,House,9,"Returned from Senate"
1369700,2020-06-19,House,10,"Author added Bernardy"
1369700,2020-06-19,Senate,11,"Received from House"
1369700,2020-06-19,Senate,12,"Introduction and first reading"
1369700,2020-06-19,Senate,13,"By Motion, Laid on Table"
1369700,2020-06-19,Senate,14,"Taken from table"
1369700,2020-06-19,Senate,15,"Urgency declared rules suspended"
1369700,2020-06-19,Senate,16,"Second reading"
1369700,2020-06-19,Senate,17,"Third reading Passed"
1369700,2020-06-22,,18,"Presented to Governor"
1369700,2020-06-23,,19,"Governor's action Approval "
1369700,2020-06-23,,20,"Secretary of State Chapter 9 "
1369701,2020-06-12,Senate,1,"Introduction and first reading"
1369701,2020-06-12,Senate,2,"Referred to Rules and Administration"
1369702,2020-06-12,Senate,1,"Introduction and first reading"
1369702,2020-06-12,Senate,2,"Referred to Rules and Administration"
1369735,2020-06-15,Senate,1,"Introduction and first reading"
1369735,2020-06-15,Senate,2,"Referred to Rules and Administration"
1369737,2020-06-15,Senate,1,"Introduction and first reading"
1369737,2020-06-15,Senate,2,"Referred to Rules and Administration"
1369737,2020-06-16,Senate,3,"Author added Wiklund"
1369737,2020-06-19,Senate,4,"Author added Cwodzinski"
1369738,2020-06-15,Senate,1,"Introduction and first reading"
1369738,2020-06-15,Senate,2,"Referred to Rules and Administration"
1369738,2020-06-16,Senate,3,"Author added Hayden"
1369739,2020-06-15,Senate,1,"Introduction and first reading"
1369739,2020-06-15,Senate,2,"Referred to Rules and Administration"
1369741,2020-06-15,Senate,1,"Introduction and first reading"
1369741,2020-06-15,Senate,2,"Referred to Rules and Administration"
1369742,2020-06-15,Senate,1,"Introduction and first reading"
1369742,2020-06-15,Senate,2,"Referred to Rules and Administration"
1369743,2020-06-15,Senate,1,"Introduction and first reading"
1369743,2020-06-15,Senate,2,"Referred to Rules and Administration"
1369773,2020-06-15,Senate,1,"Introduction and first reading"
1369773,2020-06-15,Senate,2,"By Motion, Laid on Table"
1369773,2020-06-16,Senate,3,"Authors added Hoffman; Draheim"
1369773,2020-06-16,Senate,4,"Taken from table"
1369773,2020-06-16,Senate,5,"Second reading"
1369773,2020-06-16,Senate,6,"Laid on table"
1369774,2020-06-15,Senate,1,"Introduction and first reading"
1369774,2020-06-15,Senate,2,"Referred to Rules and Administration"
1369775,2020-06-15,Senate,1,"Introduction and first reading"
1369775,2020-06-15,Senate,2,"By Motion, Laid on Table"
1369775,2020-06-16,Senate,3,"Taken from table"
1369775,2020-06-16,Senate,4,"Second reading"
1369775,2020-06-16,Senate,5,"Laid on table"
1369776,2020-06-15,Senate,1,"Introduction and first reading"
1369776,2020-06-15,Senate,2,"Referred to Rules and Administration"
1369777,2020-06-15,House,1,"Introduction and first reading, referred to Taxes"
1369777,2020-06-16,House,2,"Author added Hornstein"
1369777,2020-06-18,House,3,"Committee report, to adopt as amended and re-refer to Ways and Means"
1369778,2020-06-15,House,1,"Introduction and first reading, referred to Health and Human Services Finance Division"
1369778,2020-06-16,House,2,"Committee report, to adopt as amended and re-refer to Ways and Means"
1369778,2020-06-18,House,3,"Committee report, to adopt as amended"
1369778,2020-06-18,House,4,"Second reading"
1369778,2020-06-18,House,5,"Motion to suspend rules"
1369778,2020-06-18,House,6,"Motion prevailed"
1369778,2020-06-18,House,7,"Third reading"
1369778,2020-06-18,House,8,"Bill was passed"
1369778,2020-06-19,House,9,"Author added Bernardy"
1369778,2020-06-19,House,10,"Returned from Senate"
1369778,2020-06-19,Senate,11,"Received from House"
1369778,2020-06-19,Senate,12,"Introduction and first reading"
1369778,2020-06-19,Senate,13,"Laid on table"
1369778,2020-06-19,Senate,14,"Taken from table"
1369778,2020-06-19,Senate,15,"Urgency declared rules suspended"
1369778,2020-06-19,Senate,16,"Second reading"
1369778,2020-06-19,Senate,17,"Third reading Passed"
1369778,2020-06-22,,18,"Presented to Governor"
1369778,2020-06-23,,19,"Governor's action Approval "
1369778,2020-06-23,,20,"Secretary of State Chapter 7 "
1369779,2020-06-15,House,1,"Introduction and first reading, referred to Early Childhood Finance and Policy Division"
1369785,2020-06-15,Senate,1,"Introduction and first reading"
1369785,2020-06-15,Senate,2,"Referred to Rules and Administration"
1369787,2020-06-15,House,1,"Introduction and first reading, referred to Government Operations"
1369787,2020-06-15,House,2,"Referred by Chair to Subcommittee on Elections"
1369787,2020-06-16,House,3,"Returned by Chair to Government Operations"
1369787,2020-06-17,House,4,"Committee report, to adopt and re-refer to Ways and Means"
1369787,2020-06-19,House,5,"Author added Bernardy"
1369789,2020-06-15,House,1,"Introduction and first reading, referred to Public Safety and Criminal Justice Reform Finance and Policy Division"
1369789,2020-06-16,House,2,"Author added Robbins"
1369791,2020-06-15,Senate,1,"Introduction and first reading"
1369791,2020-06-15,Senate,2,"Referred to Rules and Administration"
1369794,2020-06-15,House,1,"Introduction and first reading, referred to Agriculture and Food Finance and Policy Division"
1369796,2020-06-15,House,1,"Introduction and first reading, referred to Health and Human Services Finance Division"
1369798,2020-06-15,House,1,"Introduction and first reading, referred to Education Policy"
1369800,2020-06-15,Senate,1,"Introduction and first reading"
1369800,2020-06-15,Senate,2,"By Motion, Laid on Table"
1369800,2020-06-16,Senate,3,"Taken from table"
1369800,2020-06-16,Senate,4,"Second reading"
1369800,2020-06-16,Senate,5,"Laid on table"
1369803,2020-06-15,Senate,1,"Introduction and first reading"
1369803,2020-06-15,Senate,2,"Referred to Rules and Administration"
1369808,2020-06-15,House,1,"Introduction and first reading, referred to Judiciary Finance and Civil Law Division"
1369808,2020-06-16,House,2,"Author added Hornstein"
1369808,2020-06-17,House,3,"Committee report, to adopt and re-refer to Ways and Means"
1369809,2020-06-15,House,1,"Introduction and first reading, referred to Jobs and Economic Development Finance Division"
1369809,2020-06-16,House,2,"Author added Hornstein"
1369809,2020-06-17,House,3,"Committee report, to adopt as amended and re-refer to Ways and Means"
1369812,2020-06-15,House,1,"Introduction and first reading, referred to State Government Finance Division"
1369812,2020-06-17,House,2,"Committee report, to adopt as amended and re-refer to Ways and Means"
1369812,2020-06-17,House,3,"Author added Huot"
1369812,2020-06-18,House,4,"Committee report, to adopt as amended"
1369812,2020-06-18,House,5,"Second reading"
1369812,2020-06-18,House,6,"Author added Bernardy"
1369812,2020-06-19,House,7,"House rule 1.21, placed on Calendar for the Day Friday, June 19, 2020"
1369815,2020-06-15,House,1,"Introduction and first reading, referred to Public Safety and Criminal Justice Reform Finance and Policy Division"
1369817,2020-06-15,House,1,"Introduction and first reading, referred to Health and Human Services Finance Division"
1369821,2020-06-15,Senate,1,"Introduction and first reading"
1369821,2020-06-15,Senate,2,"Referred to Rules and Administration"
1369823,2020-06-15,House,1,"Introduction and first reading, referred to Capital Investment Division"
1369824,2020-06-15,Senate,1,"Introduction and first reading"
1369824,2020-06-15,Senate,2,"Referred to Rules and Administration"
1369827,2020-06-15,House,1,"Introduction and first reading, referred to Energy and Climate Finance and Policy Division"
1369830,2020-06-15,House,1,"Introduction and first reading, referred to Transportation Finance and Policy Division"
1369833,2020-06-15,House,1,"Introduction and first reading, referred to Government Operations"
1369833,2020-06-16,House,2,"Author added Hornstein"
1369833,2020-06-17,House,3,"Committee report, to adopt as amended and re-refer to Ways and Means"
1369834,2020-06-15,House,1,"Introduction and first reading, referred to Commerce"
1369834,2020-06-16,House,2,"Author added Hornstein"
1369834,2020-06-17,House,3,"Committee report, to adopt as amended and re-refer to Ways and Means"
1369836,2020-06-15,Senate,1,"Introduction and first reading"
1369836,2020-06-15,Senate,2,"Referred to Rules and Administration"
1369836,2020-06-16,Senate,3,"Author added Eaton"
1369841,2020-06-15,House,1,"Introduction and first reading, referred to Judiciary Finance and Civil Law Division"
1369841,2020-06-16,House,2,"Author added Hornstein"
1369841,2020-06-17,House,3,"Committee report, to adopt as amended and re-refer to Ways and Means"
1369842,2020-06-15,Senate,1,Introduction
1369842,2020-06-15,Senate,2,"Adopted (voice vote)"
1369846,2020-06-15,House,1,"Introduction and first reading, referred to Judiciary Finance and Civil Law Division"
1369846,2020-06-16,House,2,"Author added Hornstein"
1369846,2020-06-17,House,3,"Committee report, to adopt as amended and re-refer to Ways and Means"
1369850,2020-06-15,House,1,"Introduction and first reading, referred to Long-Term Care Division"
1369850,2020-06-17,House,2,"Author added Theis"
1369851,2020-06-15,House,1,"Introduction and first reading, referred to Labor"
1369854,2020-06-15,House,1,"Introduction and first reading, referred to Energy and Climate Finance and Policy Division"
1369858,2020-06-15,House,1,"Introduction and first reading, referred to Government Operations"
1369858,2020-06-16,House,2,"Author added Hornstein"
1369858,2020-06-17,House,3,"Committee report, to adopt as amended and re-refer to Ways and Means"
1369860,2020-06-15,House,1,"Introduction and first reading, referred to Public Safety and Criminal Justice Reform Finance and Policy Division"
1369860,2020-06-16,House,2,"Author added Noor"
1369860,2020-06-18,House,3,"Author added Becker-Finn"
1369860,2020-06-19,House,4,"Author added Xiong, J."
1369861,2020-06-15,House,1,"Introduction and first reading, referred to Government Operations"
1369864,2020-06-15,House,1,"Introduction and first reading, referred to State Government Finance Division"
1369864,2020-06-17,House,2,"Committee report, to adopt and re-refer to Ways and Means"
1369864,2020-06-18,House,3,"Committee report, to adopt"
1369864,2020-06-18,House,4,"Second reading"
1369864,2020-06-19,House,5,Amended
1369864,2020-06-19,House,6,"Third reading as amended"
1369864,2020-06-19,House,7,"Bill was passed as amended"
1369864,2020-06-19,Senate,8,"Received from House"
1369864,2020-06-19,Senate,9,"Introduction and first reading"
1369864,2020-06-19,Senate,10,"By Motion, Laid on Table"
1369866,2020-06-15,Senate,1,"Introduction and first reading"
1369866,2020-06-15,Senate,2,"Referred to Rules and Administration"
1369872,2020-06-15,House,1,"Introduction and first reading, referred to Property and Local Tax Division"
1369875,2020-06-15,House,1,"Introduction and first reading, referred to Housing Finance and Policy Division"
1369875,2020-06-16,House,2,"Author added Hornstein"
1369875,2020-06-17,House,3,"Author added Jordan"
1369875,2020-06-18,House,4,"Committee report, to adopt and re-refer to Ways and Means"
1369878,2020-06-15,House,1,"Introduction and first reading, referred to Judiciary Finance and Civil Law Division"
1369878,2020-06-17,House,2,"Committee report, to adopt"
1369878,2020-06-17,House,3,"Second reading"
1369879,2020-06-15,House,1,"Introduction and first reading, referred to State Government Finance Division"
1369879,2020-06-16,House,2,"Author added Hornstein"
1369879,2020-06-17,House,3,"Committee report, to adopt as amended and re-refer to Ways and Means"
1369879,2020-06-17,House,4,"Author added Jordan"
1369881,2020-06-15,Senate,1,"Introduction and first reading"
1369881,2020-06-15,Senate,2,"Referred to Rules and Administration"
1369884,2020-06-15,Senate,1,"Introduction and first reading"
1369884,2020-06-15,Senate,2,"Referred to Rules and Administration"
1369885,2020-06-15,Senate,1,"Introduction and first reading"
1369885,2020-06-15,Senate,2,"Referred to Rules and Administration"
1369885,2020-06-16,Senate,3,"Author added Eaton"
1369888,2020-06-15,House,1,"Introduction and first reading, referred to Health and Human Services Finance Division"
1369888,2020-06-17,House,2,"Authors added Lee, Hornstein, Long, Dehn, Pinto, Lesch, and Wagenius"
1369890,2020-06-15,Senate,1,"Introduction and first reading"
1369890,2020-06-15,Senate,2,"Referred to Rules and Administration"
1369890,2020-06-19,Senate,3,Withdrawn
1369890,2020-06-19,Senate,4,"Second reading"
1369890,2020-06-19,Senate,5,"Laid on table"
1369890,2020-06-19,Senate,6,"Taken from table"
1369890,2020-06-19,Senate,7,"Urgency declared rules suspended"
1369890,2020-06-19,Senate,8,"Third reading Passed as amended"
1369893,2020-06-15,House,1,"Introduction and first reading, referred to Public Safety and Criminal Justice Reform Finance and Policy Division"
1369893,2020-06-16,House,2,"Author added Robbins"
1369896,2020-06-15,Senate,1,"Introduction and first reading"
1369896,2020-06-15,Senate,2,"Referred to Rules and Administration"
1369901,2020-06-15,Senate,1,"Introduction and first reading"
1369901,2020-06-15,Senate,2,"By Motion, Laid on Table"
1369901,2020-06-16,Senate,3,"Taken from table"
1369901,2020-06-16,Senate,4,"Second reading"
1369901,2020-06-16,Senate,5,"Laid on table"
1369903,2020-06-15,Senate,1,"Introduction and first reading"
1369903,2020-06-15,Senate,2,"By Motion, Laid on Table"
1369903,2020-06-16,Senate,3,"Taken from table"
1369903,2020-06-16,Senate,4,"Second reading"
1369903,2020-06-16,Senate,5,"Laid on table"
1369903,2020-06-16,Senate,6,"Taken from table"
1369903,2020-06-16,Senate,7,"Urgency declared rules suspended"
1369903,2020-06-16,Senate,8,"Third reading Passed"
1369903,2020-06-17,House,9,"Received from Senate"
1369903,2020-06-17,House,10,"Senate file first reading, referred to Ways and Means"
1369903,2020-06-18,House,11,"Committee report, to adopt as amended"
1369903,2020-06-18,House,12,"Second reading"
1369903,2020-06-18,House,13,"Motion to suspend rules"
1369903,2020-06-18,House,14,"Motion prevailed"
1369903,2020-06-18,House,15,Amended
1369903,2020-06-18,House,16,"Point of order raised, ruled well taken"
1369903,2020-06-18,House,17,"Third reading as amended"
1369903,2020-06-18,House,18,"Bill was passed as amended"
1369903,2020-06-19,Senate,19,"Returned from House with amendment"
1369903,2020-06-19,Senate,20,"Laid on table"
1369904,2020-06-15,House,1,"Introduction and first reading, referred to Long-Term Care Division"
1369904,2020-06-16,House,2,"Author added Gruenhagen and Robbins"
1369906,2020-06-15,House,1,"Introduction and first reading, referred to Commerce"
1369910,2020-06-15,House,1,"Introduction and first reading, referred to Capital Investment Division"
1369912,2020-06-15,Senate,1,"Introduction and first reading"
1369912,2020-06-15,Senate,2,"By Motion, Laid on Table"
1369912,2020-06-16,Senate,3,"Taken from table"
1369912,2020-06-16,Senate,4,"Second reading"
1369912,2020-06-16,Senate,5,"Laid on table"
1369915,2020-06-15,House,1,"Introduction and first reading, referred to Public Safety and Criminal Justice Reform Finance and Policy Division"
1369915,2020-06-16,House,2,"Committee report, to adopt as amended and re-refer to Ways and Means"
1369915,2020-06-16,House,3,"Author added Noor"
1369915,2020-06-18,House,4,"Authors added Becker-Finn, Bernardy"
1369915,2020-06-19,House,5,"Author added Xiong, J."
1369917,2020-06-15,Senate,1,"Introduction and first reading"
1369917,2020-06-15,Senate,2,"Referred to Rules and Administration"
1369918,2020-06-15,Senate,1,"Introduction and first reading"
1369918,2020-06-15,Senate,2,"Referred to Rules and Administration"
1369922,2020-06-15,House,1,"Introduction and first reading, referred to Education Finance Division"
1369922,2020-06-19,House,2,"Author added Bernardy"
1369925,2020-06-15,Senate,1,"Introduction and first reading"
1369925,2020-06-15,Senate,2,"Referred to Rules and Administration"
1369926,2020-06-15,House,1,"Introduction and first reading, referred to Government Operations"
1369926,2020-06-15,House,2,"Referred by Chair to Subcommittee on Elections"
1369926,2020-06-16,House,3,"Returned by Chair to Government Operations"
1369926,2020-06-17,House,4,"Committee report, to adopt"
1369926,2020-06-17,House,5,"Second reading"
1369926,2020-06-17,House,6,"Motion to return bill to author, motion prevailed"
1369930,2020-06-15,House,1,"Introduction and first reading, referred to Commerce"
1369932,2020-06-15,House,1,"Introduction and first reading, referred to Taxes"
1369932,2020-06-16,House,2,"Author added Hornstein"
1369932,2020-06-18,House,3,"Committee report, to adopt as amended and re-refer to Ways and Means"
1369935,2020-06-15,House,1,"Introduction and first reading, referred to Property and Local Tax Division"
1369937,2020-06-15,House,1,"Introduction and first reading, referred to Public Safety and Criminal Justice Reform Finance and Policy Division"
1369937,2020-06-16,House,2,"Committee report, to adopt as amended and re-refer to Ways and Means"
1369937,2020-06-18,House,3,"Authors added Becker-Finn, Bernardy"
1369937,2020-06-19,House,4,"Author added Liebling"
1369939,2020-06-15,House,1,"Introduction and first reading, referred to Transportation Finance and Policy Division"
1369941,2020-06-15,House,1,"Introduction and first reading, referred to Health and Human Services Finance Division"
1369941,2020-06-16,House,2,"Committee report, to adopt and re-refer to Ways and Means"
1369942,2020-06-15,Senate,1,"Introduction and first reading"
1369942,2020-06-15,Senate,2,"Referred to Rules and Administration"
1369946,2020-06-15,House,1,"Introduction and first reading, referred to Public Safety and Criminal Justice Reform Finance and Policy Division"
1369946,2020-06-16,House,2,"Author added Robbins"
1369949,2020-06-15,House,1,"Introduction and first reading, referred to Higher Education Finance and Policy Division"
1369950,2020-06-15,House,1,"Introduction and first reading, referred to Government Operations"
1369950,2020-06-16,House,2,"Author added Hornstein"
1369950,2020-06-17,House,3,"Committee report, to adopt as amended and re-refer to Ways and Means"
1369953,2020-06-15,House,1,"Introduction and first reading, referred to Health and Human Services Policy"
1369953,2020-06-17,House,2,"Author added Huot"
1369954,2020-06-15,Senate,1,"Introduction and first reading"
1369954,2020-06-15,Senate,2,"Referred to Rules and Administration"
1369958,2020-06-16,Senate,1,Introduction
1369958,2020-06-16,Senate,2,"Referred to Rules and Administration"
1369979,2020-06-16,Senate,1,"Introduction and first reading"
1369979,2020-06-16,Senate,2,"Referred to Rules and Administration"
1370001,2020-06-16,Senate,1,"Introduction and first reading"
1370001,2020-06-16,Senate,2,"By Motion, Laid on Table"
1370100,2020-06-16,House,1,"Introduction and first reading, referred to Jobs and Economic Development Finance Division"
1370104,2020-06-16,House,1,"Introduction and first reading, referred to Public Safety and Criminal Justice Reform Finance and Policy Division"
1370104,2020-06-18,House,2,"Author added Robbins"
1370109,2020-06-16,House,1,"Introduction and first reading, referred to Education Policy"
1370113,2020-06-16,House,1,"Introduction and first reading, referred to Environment and Natural Resources Finance Division"
1370113,2020-06-17,House,2,"Committee report, to adopt and re-refer to Ways and Means"
1370113,2020-06-18,House,3,"Committee report, to adopt"
1370113,2020-06-18,House,4,"Second reading"
1370113,2020-06-18,House,5,"Authors added Ecklund, Huot"
1370113,2020-06-19,House,6,"Authors added Fischer, Claflin, Lee, Lippert, Tabke, Fabian, Lueck, Davids, Richardson"
1370118,2020-06-16,House,1,"Introduction and first reading, referred to Ways and Means"
1370118,2020-06-18,House,2,"Committee report, to adopt as amended"
1370118,2020-06-18,House,3,"Second reading"
1370118,2020-06-19,House,4,"House rule 1.21, placed on Calendar for the Day Friday, June 19, 2020"
1370118,2020-06-19,House,5,Amended
1370118,2020-06-19,House,6,"Third reading as amended"
1370118,2020-06-19,House,7,"Bill was passed as amended"
1370118,2020-06-19,Senate,8,"Received from House"
1370118,2020-06-19,Senate,9,"Introduction and first reading"
1370118,2020-06-19,Senate,10,"Referred to Rules and Administration"
1370122,2020-06-16,House,1,"Introduction and first reading, referred to Jobs and Economic Development Finance Division"
1370122,2020-06-19,House,2,"Author added Lislegard"
1370125,2020-06-16,House,1,"Introduction and first reading, referred to Public Safety and Criminal Justice Reform Finance and Policy Division"
1370125,2020-06-18,House,2,"Author added Robbins"
1370130,2020-06-16,House,1,"Introduction and first reading, referred to Commerce"
1370130,2020-06-17,House,2,"Committee report, to adopt"
1370130,2020-06-17,House,3,"Second reading"
1370135,2020-06-16,House,1,"Introduction and first reading, referred to Public Safety and Criminal Justice Reform Finance and Policy Division"
1370135,2020-06-18,House,2,"Author added Robbins"
1370139,2020-06-16,House,1,"Introduction and first reading, referred to Ways and Means"
1370139,2020-06-19,House,2,"Author added Bernardy"
1370144,2020-06-16,House,1,"Introduction and first reading, referred to Government Operations"
1370148,2020-06-16,House,1,"Introduction and first reading, referred to Ways and Means"
1370148,2020-06-19,House,2,"Authors added Bernardy, Hansen"
1370153,2020-06-16,House,1,"Introduction and first reading, referred to Education Finance Division"
1370157,2020-06-16,House,1,"Introduction and first reading, referred to Judiciary Finance and Civil Law Division"
1370161,2020-06-16,House,1,"Introduction and first reading, referred to Ways and Means"
1370161,2020-06-17,House,2,"Author added Gruenhagen"
1370264,2020-06-16,Senate,1,"Introduction and first reading"
1370264,2020-06-16,Senate,2,"Referred to Rules and Administration"
1370273,2020-06-16,Senate,1,"Introduction and first reading"
1370273,2020-06-16,Senate,2,"By Motion, Laid on Table"
1370282,2020-06-16,Senate,1,"Introduction and first reading"
1370282,2020-06-16,Senate,2,"Referred to Rules and Administration"
1370290,2020-06-16,Senate,1,"Introduction and first reading"
1370290,2020-06-16,Senate,2,"Referred to Rules and Administration"
1370299,2020-06-16,Senate,1,"Introduction and first reading"
1370299,2020-06-16,Senate,2,"By Motion, Laid on Table"
1370307,2020-06-16,Senate,1,"Introduction and first reading"
1370307,2020-06-16,Senate,2,"Referred to Rules and Administration"
1370315,2020-06-16,Senate,1,"Introduction and first reading"
1370315,2020-06-16,Senate,2,"Referred to Rules and Administration"
1370324,2020-06-16,Senate,1,"Introduction and first reading"
1370324,2020-06-16,Senate,2,"Referred to Rules and Administration"
1370333,2020-06-16,Senate,1,"Introduction and first reading"
1370333,2020-06-16,Senate,2,"By Motion, Laid on Table"
1370341,2020-06-16,Senate,1,"Introduction and first reading"
1370341,2020-06-16,Senate,2,"Referred to Rules and Administration"
1370384,2020-06-17,House,1,"Introduction and first reading, referred to Agriculture and Food Finance and Policy Division"
1370390,2020-06-17,House,1,"Introduction and first reading, referred to Agriculture and Food Finance and Policy Division"
1370399,2020-06-17,House,1,"Introduction and first reading, referred to Energy and Climate Finance and Policy Division"
1370409,2020-06-17,House,1,"Introduction and first reading, referred to Transportation Finance and Policy Division"
1370421,2020-06-17,House,1,"Introduction and first reading, referred to Agriculture and Food Finance and Policy Division"
1370432,2020-06-17,House,1,"Introduction and first reading, referred to Agriculture and Food Finance and Policy Division"
1370442,2020-06-17,House,1,"Introduction and first reading, referred to Agriculture and Food Finance and Policy Division"
1370453,2020-06-17,House,1,"Introduction and first reading, referred to Agriculture and Food Finance and Policy Division"
1370461,2020-06-17,House,1,"Introduction and first reading, referred to Public Safety and Criminal Justice Reform Finance and Policy Division"
1370628,2020-06-18,House,1,"Introduction and first reading, referred to Transportation Finance and Policy Division"
1370634,2020-06-18,House,1,"Introduction and first reading, referred to Government Operations"
1370634,2020-06-19,House,2,"Author added Jordan"
1370643,2020-06-18,House,1,"Introduction and first reading, referred to Education Policy"
1370649,2020-06-18,House,1,"Introduction and first reading, referred to Health and Human Services Finance Division"
1370657,2020-06-18,House,1,"Introduction and first reading, referred to Higher Education Finance and Policy Division"
1370657,2020-06-19,House,2,"Author added Youakim"
1370663,2020-06-19,Senate,1,"Introduction and first reading"
1370663,2020-06-19,Senate,2,"Referred to Rules and Administration"
1370672,2020-06-19,Senate,1,"Introduction and first reading"
1370672,2020-06-19,Senate,2,"Referred to Rules and Administration"
1370680,2020-06-19,Senate,1,"Introduction and first reading"
1370680,2020-06-19,Senate,2,"Referred to Rules and Administration"
1370685,2020-06-19,Senate,1,"Introduction and first reading"
1370685,2020-06-19,Senate,2,"Referred to Rules and Administration"
1370695,2020-06-19,Senate,1,"Introduction and first reading"
1370695,2020-06-19,Senate,2,"By Motion, Laid on Table"
1370695,2020-06-19,Senate,3,"Author added Cwodzinski"
1370703,2020-06-19,Senate,1,"Introduction and first reading"
1370703,2020-06-19,Senate,2,"Referred to Rules and Administration"
1370711,2020-06-19,Senate,1,"Introduction and first reading"
1370711,2020-06-19,Senate,2,"Referred to Rules and Administration"
1370716,2020-06-19,Senate,1,"Introduction and first reading"
1370716,2020-06-19,Senate,2,"Referred to Rules and Administration"
1370725,2020-06-19,Senate,1,"Introduction and first reading Rules and Administration"
1370725,2020-06-19,Senate,2,"Adopted (voice vote)"
1370732,2020-06-19,Senate,1,"Introduction and first reading"
1370732,2020-06-19,Senate,2,"By Motion, Laid on Table"
1370732,2020-06-19,Senate,3,"Taken from table"
1370732,2020-06-19,Senate,4,"Urgency declared rules suspended"
1370732,2020-06-19,Senate,5,"Second reading"
1370732,2020-06-19,Senate,6,"Third reading Passed as amended"
1370738,2020-06-19,Senate,1,"Introduction and first reading"
1370738,2020-06-19,Senate,2,"Referred to Rules and Administration"
1370927,2020-06-19,House,1,"Introduction and first reading, referred to Judiciary Finance and Civil Law Division"
1370928,2020-06-19,House,1,"Introduction and first reading, referred to Labor"
1370929,2020-06-19,House,1,"Introduction and first reading, referred to Labor"
1370930,2020-06-19,House,1,"Introduction and first reading, referred to Transportation Finance and Policy Division"
1370931,2020-06-19,House,1,"Introduction and first reading, referred to Housing Finance and Policy Division"
1370932,2020-06-19,Senate,1,"Introduction and first reading"
1370932,2020-06-19,Senate,2,"Referred to Rules and Administration"
1370932,2020-06-19,Senate,3,"Authors added Jasinski; Lang; Dahms"
1370933,2020-06-19,House,1,"Introduction and first reading, referred to Agriculture and Food Finance and Policy Division"
1370934,2020-06-19,House,1,"Introduction and first reading, referred to Transportation Finance and Policy Division"
1370935,2020-06-19,House,1,"Introduction and first reading, referred to Government Operations"
1370936,2020-06-19,House,1,"Introduction and first reading, referred to Transportation Finance and Policy Division"
1370937,2020-06-19,Senate,1,"Introduction and first reading"
1370937,2020-06-19,Senate,2,"By Motion, Laid on Table"
1370939,2020-06-19,Senate,1,"Introduction and first reading"
1370939,2020-06-19,Senate,2,"Referred to Rules and Administration"
1370939,2020-06-19,Senate,3,"Authors added Lang; Pratt; Draheim"
1370940,2020-06-19,House,1,"Introduction and first reading, referred to State Government Finance Division"
1370941,2020-06-19,Senate,1,"Introduction and first reading"
1370941,2020-06-19,Senate,2,"By Motion, Laid on Table"
1370941,2020-06-19,Senate,3,"Authors added Utke; Goggin"
1370942,2020-06-19,Senate,1,"Introduction and first reading"
1370942,2020-06-19,Senate,2,"Referred to Rules and Administration"
1370942,2020-06-19,Senate,3,"Author added Draheim"
1370943,2020-06-19,House,1,"Introduction and first reading, referred to Health and Human Services Policy"
1370944,2020-06-19,House,1,"Introduction and first reading, referred to Health and Human Services Policy"
1370945,2020-06-19,Senate,1,"Introduction and first reading"
1370945,2020-06-19,Senate,2,"By Motion, Laid on Table"
1370945,2020-06-19,Senate,3,"Authors added Howe; Draheim; Goggin"
1370946,2020-06-19,House,1,"Introduction and first reading, referred to Long-Term Care Division"
1370947,2020-06-19,House,1,"Introduction and first reading, referred to Health and Human Services Finance Division"
1370951,2020-06-19,Senate,1,"Introduction and first reading"
1370951,2020-06-19,Senate,2,"Referred to Rules and Administration"
1370952,2020-06-19,Senate,1,"Introduction and first reading"
1370952,2020-06-19,Senate,2,"Referred to Rules and Administration"
1370954,2020-06-19,Senate,1,"Introduction and first reading"
1370954,2020-06-19,Senate,2,"Referred to Rules and Administration"
1370955,2020-06-19,Senate,1,"Introduction and first reading"
1370955,2020-06-19,Senate,2,"Referred to Rules and Administration"
1370956,2020-06-19,Senate,1,"Introduction and first reading"
1370956,2020-06-19,Senate,2,"Referred to Rules and Administration"
1370959,2020-06-19,Senate,1,"Introduction and first reading"
1370959,2020-06-19,Senate,2,"Referred to Rules and Administration"
1370960,2020-06-19,Senate,1,"Introduction and first reading"
1370960,2020-06-19,Senate,2,"Referred to Rules and Administration"
1370961,2020-06-19,Senate,1,Introduction
1370961,2020-06-19,Senate,2,"Referred to Rules and Administration"
1370963,2020-06-19,Senate,1,"Introduction and first reading"
1370963,2020-06-19,Senate,2,"Referred to Rules and Administration"
1370963,2020-06-19,Senate,3,"Authors added Jasinski; Johnson"
1370964,2020-06-19,Senate,1,"Introduction and first reading"
1370964,2020-06-19,Senate,2,"Referred to Rules and Administration"
1370965,2020-06-19,Senate,1,"Introduction and first reading"
1370965,2020-06-19,Senate,2,"Referred to Rules and Administration"
1370968,2020-06-19,Senate,1,"Introduction and first reading"
1370968,2020-06-19,Senate,2,"Referred to Rules and Administration"
1370969,2020-06-19,Senate,1,"Introduction and first reading"
1370969,2020-06-19,Senate,2,"Referred to Rules and Administration"
1370970,2020-06-19,Senate,1,"Introduction and first reading"
1370970,2020-06-19,Senate,2,"Referred to Rules and Administration"
1370970,2020-06-19,Senate,3,"Author added Miller"
1370972,2020-06-19,Senate,1,"Introduction and first reading"
1370972,2020-06-19,Senate,2,"Referred to Rules and Administration"
1370973,2020-06-19,Senate,1,"Introduction and first reading"
1370973,2020-06-19,Senate,2,"Referred to Rules and Administration"
1370974,2020-06-19,Senate,1,"Introduction and first reading"
1370974,2020-06-19,Senate,2,"Referred to Rules and Administration"
1371001,2020-06-19,Senate,1,"Introduction and first reading"
1371001,2020-06-19,Senate,2,"Referred to Rules and Administration"
1371021,2020-06-19,Senate,1,"Introduction and first reading"
1371021,2020-06-19,Senate,2,"Referred to Rules and Administration"
