bill_id,roll_call_id,date,chamber,description,yea,nay,nv,absent,total
1369400,971083,2020-06-16,Senate,"Senate: Third reading Passed",56,10,0,0,66
1369404,971035,2020-06-16,Senate,"Senate: Third reading Passed",35,31,0,0,66
1369407,971224,2020-06-16,Senate,"Senate: Third reading Passed",40,25,0,0,65
1369427,970556,2020-06-17,House,"House: MOTIONS AND RESOLUTIONS",131,0,0,0,131
1369427,970557,2020-06-17,House,"House: MOTIONS AND RESOLUTIONS",127,4,0,0,131
1369427,971031,2020-06-15,Senate,"Senate: Third reading Passed",67,0,0,0,67
1369429,971089,2020-06-19,Senate,"Senate: Third reading Passed",67,0,0,0,67
1369430,970999,2020-06-19,Senate,"Senate: Third reading Passed",67,0,0,0,67
1369431,971225,2020-06-12,Senate,"Senate: Adopted (voice vote)",66,0,0,0,66
1369432,970988,2020-06-16,Senate,"Senate: Third reading Passed",65,0,0,0,65
1369521,970674,2020-06-17,House,"House: MOTIONS AND RESOLUTIONS",130,0,0,0,130
1369521,970675,2020-06-17,House,"House: MOTIONS AND RESOLUTIONS",131,0,0,0,131
1369521,971090,2020-06-15,Senate,"Senate: Third reading Passed",67,0,0,0,67
1369542,970683,2020-06-17,House,"House: MOTIONS AND RESOLUTIONS",60,72,0,0,132
1369542,970684,2020-06-19,House,"House: CALENDAR FOR THE DAY",77,55,0,0,132
1369542,971211,2020-06-16,Senate,"Senate: Third reading Passed",62,4,0,0,66
1369569,971014,2020-06-16,Senate,"Senate: Third reading Passed",35,31,0,0,66
1369605,978500,2020-06-12,House,"House: H. C. R. No. 2",61,73,0,0,134
1369631,970649,2020-06-12,House,"House: H. F. No. 11",121,6,0,0,127
1369631,970650,2020-06-12,House,"House: H. F. No. 11",124,6,0,0,130
1369631,970993,2020-06-15,Senate,"Senate: Third reading Passed",67,0,0,0,67
1369639,970606,2020-06-12,House,"House: H. F. No. 37",128,5,0,0,133
1369639,970607,2020-06-12,House,"House: H. F. No. 37",127,7,0,0,134
1369639,971049,2020-06-15,Senate,"Senate: Third reading Passed",67,0,0,0,67
1369646,970685,2020-06-12,House,"House: H. F. No. 5",132,1,0,0,133
1369646,970686,2020-06-12,House,"House: H. F. No. 5",129,5,0,0,134
1369646,971223,2020-06-12,Senate,"Senate: Third reading Passed",67,0,0,0,67
1369650,970687,2020-06-12,House,"House: H. F. No. 65",131,3,0,0,134
1369650,970688,2020-06-12,House,"House: H. F. No. 65",133,1,0,0,134
1369650,971226,2020-06-15,Senate,"Senate: Third reading Passed",67,0,0,0,67
1369689,970680,2020-06-19,House,"House: CALENDAR FOR THE DAY",117,9,0,0,126
1369689,971093,2020-06-19,Senate,"Senate: Third reading Passed",67,0,0,0,67
1369695,970581,2020-06-19,House,"House: CALENDAR FOR THE DAY",126,0,0,0,126
1369695,971040,2020-06-19,Senate,"Senate: Third reading Passed",67,0,0,0,67
1369700,970621,2020-06-19,House,"House: CALENDAR FOR THE DAY",119,8,0,0,127
1369700,971055,2020-06-19,Senate,"Senate: Third reading Passed",66,1,0,0,67
1369778,970559,2020-06-18,House,"House: MOTIONS AND RESOLUTIONS",116,17,0,0,133
1369778,970560,2020-06-18,House,"House: MOTIONS AND RESOLUTIONS",127,6,0,0,133
1369778,970991,2020-06-19,Senate,"Senate: Third reading Passed",67,0,0,0,67
1369864,970682,2020-06-19,House,"House: CALENDAR FOR THE DAY",122,2,0,0,124
1369890,971094,2020-06-19,Senate,"Senate: Third reading Passed as amended",67,0,0,0,67
1369903,970570,2020-06-18,House,"House: MOTIONS AND RESOLUTIONS",116,17,0,0,133
1369903,970571,2020-06-18,House,"House: 74 - Amendment - Nays",59,74,0,0,133
1369903,970572,2020-06-18,House,"House: S. F. No. 104",73,59,0,0,132
1369903,970573,2020-06-18,House,"House: 68 - Amendment - Nays",65,68,0,0,133
1369903,970574,2020-06-18,House,"House: 75 - Amendment - Nays",58,75,0,0,133
1369903,970575,2020-06-18,House,"House: 58 - Amendment to Neu Amendment - Nays",75,58,0,0,133
1369903,970576,2020-06-18,House,"House: MOTIONS AND RESOLUTIONS",71,59,0,0,130
1369903,971038,2020-06-16,Senate,"Senate: Third reading Passed",37,28,0,0,65
1370118,970603,2020-06-19,House,"House: 68 - Amendment - Nays",61,68,0,0,129
1370118,970604,2020-06-19,House,"House: CALENDAR FOR THE DAY",74,53,0,0,127
1370732,970986,2020-06-19,Senate,"Senate: Third reading Passed as amended",67,0,0,0,67
