bill_id,session_id,bill_number,status,status_desc,status_date,title,description,committee_id,committee,last_action_date,last_action,url,state_link
1515913,1839,HF1,1,Introduced,2021-06-14,"Omnibus employment and economic development bill.","Omnibus employment and economic development bill.",0,,2021-06-23,"HF indefinitely postponed",https://legiscan.com/MN/bill/HF1/2021/X1,https://www.revisor.mn.gov/bills/bill.php?b=House&f=HF0001&ssn=1&y=2021
1515897,1839,HF2,4,Passed,2021-06-30,"Omnibus education bill.","Omnibus education bill.",0,,2021-06-30,"Secretary of State Chapter 13 ",https://legiscan.com/MN/bill/HF2/2021/X1,https://www.revisor.mn.gov/bills/bill.php?b=House&f=HF0002&ssn=1&y=2021
1515890,1839,HF3,1,Introduced,2021-06-14,"Public defender county program aid provisions amended.","Public defender county program aid provisions amended.",1777,"House Ways and Means",2021-06-14,"Introduction and first reading, referred to Ways and Means",https://legiscan.com/MN/bill/HF3/2021/X1,https://www.revisor.mn.gov/bills/bill.php?b=House&f=HF0003&ssn=1&y=2021
1515855,1839,HF4,4,Passed,2021-06-29,"Omnibus housing finance bill.","Omnibus housing finance bill.",0,,2021-06-29,"Secretary of State Chapter 8 ",https://legiscan.com/MN/bill/HF4/2021/X1,https://www.revisor.mn.gov/bills/bill.php?b=House&f=HF0004&ssn=1&y=2021
1515874,1839,HF5,1,Introduced,2021-06-14,"Omnibus environment, natural resources, and tourism bill.","Omnibus environment, natural resources, and tourism bill.",0,,2021-06-23,"HF indefinitely postponed",https://legiscan.com/MN/bill/HF5/2021/X1,https://www.revisor.mn.gov/bills/bill.php?b=House&f=HF0005&ssn=1&y=2021
1515860,1839,HF6,4,Passed,2021-06-26,"Omnibus commerce, climate, and energy finance bill.","Omnibus commerce, climate, and energy finance bill.",0,,2021-06-26,"Secretary of State Chapter 4 ",https://legiscan.com/MN/bill/HF6/2021/X1,https://www.revisor.mn.gov/bills/bill.php?b=House&f=HF0006&ssn=1&y=2021
1515852,1839,HF7,4,Passed,2021-06-26,"Omnibus higher education bill.","Omnibus higher education bill.",0,,2021-06-26,"Secretary of State Chapter 2 ",https://legiscan.com/MN/bill/HF7/2021/X1,https://www.revisor.mn.gov/bills/bill.php?b=House&f=HF0007&ssn=1&y=2021
1515905,1839,HF8,4,Passed,2021-06-26,"Omnibus agriculture bill.","Omnibus agriculture bill.",0,,2021-06-26,"Secretary of State Chapter 3 ",https://legiscan.com/MN/bill/HF8/2021/X1,https://www.revisor.mn.gov/bills/bill.php?b=House&f=HF0008&ssn=1&y=2021
1515857,1839,HF9,4,Passed,2021-07-01,"Omnibus tax bill.","Omnibus tax bill.",0,,2021-07-01,"Secretary of State Chapter 14 ",https://legiscan.com/MN/bill/HF9/2021/X1,https://www.revisor.mn.gov/bills/bill.php?b=House&f=HF0009&ssn=1&y=2021
1515894,1839,HF10,4,Passed,2021-06-26,"Omnibus transportation bill.","Omnibus transportation bill.",0,,2021-06-26,"Secretary of State Chapter 5 ",https://legiscan.com/MN/bill/HF10/2021/X1,https://www.revisor.mn.gov/bills/bill.php?b=House&f=HF0010&ssn=1&y=2021
1515865,1839,HF11,1,Introduced,2021-06-14,"Safe routes to school grant program funding provided, bonds issued, and money appropriated.","Safe routes to school grant program funding provided, bonds issued, and money appropriated.",1777,"House Ways and Means",2021-06-14,"Introduction and first reading, referred to Ways and Means",https://legiscan.com/MN/bill/HF11/2021/X1,https://www.revisor.mn.gov/bills/bill.php?b=House&f=HF0011&ssn=1&y=2021
1515888,1839,HF12,1,Introduced,2021-06-14,"Omnibus state government finance and policy bill.","Omnibus state government finance and policy bill.",1777,"House Ways and Means",2021-06-28,"Author added Freiberg",https://legiscan.com/MN/bill/HF12/2021/X1,https://www.revisor.mn.gov/bills/bill.php?b=House&f=HF0012&ssn=1&y=2021
1515910,1839,HF13,4,Passed,2021-06-26,"Omnibus legacy finance bill.","Omnibus legacy finance bill.",0,,2021-06-26,"Secretary of State Chapter 1 ",https://legiscan.com/MN/bill/HF13/2021/X1,https://www.revisor.mn.gov/bills/bill.php?b=House&f=HF0013&ssn=1&y=2021
1515917,1839,HF14,1,Introduced,2021-06-14,"Capital improvement project prior appropriations amended, and housing pool bonding authority 2020 allocation application deposits refunded to bond issuers.","Capital improvement project prior appropriations amended, and housing pool bonding authority 2020 allocation application deposits refunded to bond issuers.",1777,"House Ways and Means",2021-06-14,"Introduction and first reading, referred to Ways and Means",https://legiscan.com/MN/bill/HF14/2021/X1,https://www.revisor.mn.gov/bills/bill.php?b=House&f=HF0014&ssn=1&y=2021
1515881,1839,HF15,1,Introduced,2021-06-14,"St. Paul; YWCA building redevelopment funding provided, and money appropriated.","St. Paul; YWCA building redevelopment funding provided, and money appropriated.",4309,"House Workforce and Business Development Finance & Policy",2021-06-14,"Introduction and first reading, referred to Workforce and Business Development Finance and Policy",https://legiscan.com/MN/bill/HF15/2021/X1,https://www.revisor.mn.gov/bills/bill.php?b=House&f=HF0015&ssn=1&y=2021
1515926,1839,HF16,1,Introduced,2021-06-14,"911 telecommunicator pension benefits working group to consider changes established, and report required.","911 telecommunicator pension benefits working group to consider changes established, and report required.",4313,"House State Government Finance and Elections",2021-06-14,"Introduction and first reading, referred to State Government Finance and Elections",https://legiscan.com/MN/bill/HF16/2021/X1,https://www.revisor.mn.gov/bills/bill.php?b=House&f=HF0016&ssn=1&y=2021
1515858,1839,HF17,1,Introduced,2021-06-14,"Career and technical education teacher training pilot project created, and money appropriated.","Career and technical education teacher training pilot project created, and money appropriated.",2775,"House Higher Education Finance and Policy",2021-06-18,"Authors added Sandstede and Bierman",https://legiscan.com/MN/bill/HF17/2021/X1,https://www.revisor.mn.gov/bills/bill.php?b=House&f=HF0017&ssn=1&y=2021
1515879,1839,HF18,1,Introduced,2021-06-14,"Hennepin County sheriff crime prevention grant funding provided, commissioner of public safety funding provided for state patrol use of air patrol in crime prevention effort in seven-county metropolitan area, and money appropriated.","Hennepin County sheriff crime prevention grant funding provided, commissioner of public safety funding provided for state patrol use of air patrol in crime prevention effort in seven-county metropolitan area, and money appropriated.",3810,"House Public Safety and Criminal Justice Reform Finance & Policy",2021-06-27,"Author added O'Neill",https://legiscan.com/MN/bill/HF18/2021/X1,https://www.revisor.mn.gov/bills/bill.php?b=House&f=HF0018&ssn=1&y=2021
1515912,1839,HF19,1,Introduced,2021-06-14,"Lake Vermilion-Soudan Underground Mine State Park parcels added and payment modified.","Lake Vermilion-Soudan Underground Mine State Park parcels added and payment modified.",1774,"House Taxes",2021-06-14,"Introduction and first reading, referred to Taxes",https://legiscan.com/MN/bill/HF19/2021/X1,https://www.revisor.mn.gov/bills/bill.php?b=House&f=HF0019&ssn=1&y=2021
1515921,1839,HF20,1,Introduced,2021-06-14,"Hibbing Public Utilities Commission funding provided for excessive natural gas prices paid during the 2021 polar vortex, and money appropriated.","Hibbing Public Utilities Commission funding provided for excessive natural gas prices paid during the 2021 polar vortex, and money appropriated.",4298,"House Climate and Energy Finance & Policy",2021-06-14,"Introduction and first reading, referred to Climate and Energy Finance and Policy",https://legiscan.com/MN/bill/HF20/2021/X1,https://www.revisor.mn.gov/bills/bill.php?b=House&f=HF0020&ssn=1&y=2021
1515872,1839,HF21,1,Introduced,2021-06-14,"2021 mineral lease termination conditions provided.","2021 mineral lease termination conditions provided.",4301,"House Environment and Natural Resources Finance & Policy",2021-06-14,"Introduction and first reading, referred to Environment and Natural Resources Finance and Policy",https://legiscan.com/MN/bill/HF21/2021/X1,https://www.revisor.mn.gov/bills/bill.php?b=House&f=HF0021&ssn=1&y=2021
1515875,1839,HF22,1,Introduced,2021-06-14,"Public health emergency defined, governor's authority to declare peacetime emergency clarified, peacetime emergency adjournment prohibited, reports and public hearing required, orders and rule termination process established, orders and rules form prescribed, and peacetime emergency vote and quorum requirements modified.","Public health emergency defined, governor's authority to declare peacetime emergency clarified, peacetime emergency adjournment prohibited, reports and public hearing required, orders and rule termination process established, orders and rules form prescribed, and peacetime emergency vote and quorum requirements modified.",1771,"House Rules and Legislative Administration",2021-06-14,"Introduction and first reading, referred to Rules and Legislative Administration",https://legiscan.com/MN/bill/HF22/2021/X1,https://www.revisor.mn.gov/bills/bill.php?b=House&f=HF0022&ssn=1&y=2021
1515901,1839,HF23,1,Introduced,2021-06-14,"Goodhue County; new regional wastewater treatment facility funding provided, and money appropriated.","Goodhue County; new regional wastewater treatment facility funding provided, and money appropriated.",1755,"House Capital Investment",2021-06-14,"Introduction and first reading, referred to Capital Investment",https://legiscan.com/MN/bill/HF23/2021/X1,https://www.revisor.mn.gov/bills/bill.php?b=House&f=HF0023&ssn=1&y=2021
1515918,1839,HF24,1,Introduced,2021-06-14,"Goodhue County; new regional wastewater treatment facility funding provided, bonds issued, and money appropriated.","Goodhue County; new regional wastewater treatment facility funding provided, bonds issued, and money appropriated.",1755,"House Capital Investment",2021-06-14,"Introduction and first reading, referred to Capital Investment",https://legiscan.com/MN/bill/HF24/2021/X1,https://www.revisor.mn.gov/bills/bill.php?b=House&f=HF0024&ssn=1&y=2021
1515862,1839,HF25,1,Introduced,2021-06-14,"Zumbro Falls; wastewater collection and infrastructure improvement funding provided, bonds issued, and money appropriated.","Zumbro Falls; wastewater collection and infrastructure improvement funding provided, bonds issued, and money appropriated.",1755,"House Capital Investment",2021-06-14,"Introduction and first reading, referred to Capital Investment",https://legiscan.com/MN/bill/HF25/2021/X1,https://www.revisor.mn.gov/bills/bill.php?b=House&f=HF0025&ssn=1&y=2021
1515887,1839,HF26,1,Introduced,2021-06-14,"Health care providers administering vaccines required to disclose information to patients, adverse reactions to vaccines reports required, and informed consent form content specified.","Health care providers administering vaccines required to disclose information to patients, adverse reactions to vaccines reports required, and informed consent form content specified.",4302,"House Health Finance & Policy",2021-06-17,"Author added Boe",https://legiscan.com/MN/bill/HF26/2021/X1,https://www.revisor.mn.gov/bills/bill.php?b=House&f=HF0026&ssn=1&y=2021
1515882,1839,HF27,1,Introduced,2021-06-14,"Cultural community rescue restart grant program funding provided, report required, and money appropriated.","Cultural community rescue restart grant program funding provided, report required, and money appropriated.",3138,"House Legacy Funding Finance",2021-06-14,"Introduction and first reading, referred to Legacy Finance",https://legiscan.com/MN/bill/HF27/2021/X1,https://www.revisor.mn.gov/bills/bill.php?b=House&f=HF0027&ssn=1&y=2021
1515909,1839,HF28,1,Introduced,2021-06-14,"Citizen rights protected, citizen responsibilities specified, civil cause of action established, terms defined, legislative approval to extended declared emergency beyond five days required, and legislative approval required before executive orders and rules have the effect and force of law.","Citizen rights protected, citizen responsibilities specified, civil cause of action established, terms defined, legislative approval to extended declared emergency beyond five days required, and legislative approval required before executive orders and rules have the effect and force of law.",1771,"House Rules and Legislative Administration",2021-06-26,"Authors added Backer, Quam and Novotny",https://legiscan.com/MN/bill/HF28/2021/X1,https://www.revisor.mn.gov/bills/bill.php?b=House&f=HF0028&ssn=1&y=2021
1515878,1839,HF29,1,Introduced,2021-06-14,"Medical cannabis registry enrollee provided to not be denied the right to purchase, own, possess, or carry a firearm.","Medical cannabis registry enrollee provided to not be denied the right to purchase, own, possess, or carry a firearm.",3810,"House Public Safety and Criminal Justice Reform Finance & Policy",2021-06-17,"Authors added Boe and Bahr",https://legiscan.com/MN/bill/HF29/2021/X1,https://www.revisor.mn.gov/bills/bill.php?b=House&f=HF0029&ssn=1&y=2021
1515903,1839,HF30,1,Introduced,2021-06-14,"State required to pay costs of property tax judgements against state-assessed property, and money appropriated.","State required to pay costs of property tax judgements against state-assessed property, and money appropriated.",1774,"House Taxes",2021-06-14,"Introduction and first reading, referred to Taxes",https://legiscan.com/MN/bill/HF30/2021/X1,https://www.revisor.mn.gov/bills/bill.php?b=House&f=HF0030&ssn=1&y=2021
1515854,1839,HF31,1,Introduced,2021-06-14,"Wabasha port funding provided, bonds issued, and money appropriated.","Wabasha port funding provided, bonds issued, and money appropriated.",1755,"House Capital Investment",2021-06-14,"Introduction and first reading, referred to Capital Investment",https://legiscan.com/MN/bill/HF31/2021/X1,https://www.revisor.mn.gov/bills/bill.php?b=House&f=HF0031&ssn=1&y=2021
1515885,1839,HF32,1,Introduced,2021-06-14,"COVID-19; public health disaster response established, and Executive Order No. 20-01 peacetime emergency terminated.","COVID-19; public health disaster response established, and Executive Order No. 20-01 peacetime emergency terminated.",1771,"House Rules and Legislative Administration",2021-06-27,"Author added O'Neill",https://legiscan.com/MN/bill/HF32/2021/X1,https://www.revisor.mn.gov/bills/bill.php?b=House&f=HF0032&ssn=1&y=2021
1516035,1839,HF33,4,Passed,2021-06-29,"Omnibus health and human services bill.","Omnibus health and human services bill.",0,,2021-06-29,"Secretary of State Chapter 7 ",https://legiscan.com/MN/bill/HF33/2021/X1,https://www.revisor.mn.gov/bills/bill.php?b=House&f=HF0033&ssn=1&y=2021
1516019,1839,HF34,1,Introduced,2021-06-15,"Fiscal biennium modified to coincide with May adjournment of regular legislative session, Stop Special Session Act of 2021 established, conforming changes made, and constitutional amendment proposed.","Fiscal biennium modified to coincide with May adjournment of regular legislative session, Stop Special Session Act of 2021 established, conforming changes made, and constitutional amendment proposed.",4313,"House State Government Finance and Elections",2021-06-17,"Author added Schomacker",https://legiscan.com/MN/bill/HF34/2021/X1,https://www.revisor.mn.gov/bills/bill.php?b=House&f=HF0034&ssn=1&y=2021
1516069,1839,HF35,1,Introduced,2021-06-15,"High-hazard facility outside contractors required to have apprenticeship-level training.","High-hazard facility outside contractors required to have apprenticeship-level training.",4307,"House Labor, Industry, Veterans and Military Affairs Finance & Policy",2021-06-24,"Author added Franke",https://legiscan.com/MN/bill/HF35/2021/X1,https://www.revisor.mn.gov/bills/bill.php?b=House&f=HF0035&ssn=1&y=2021
1516041,1839,HF36,1,Introduced,2021-06-15,"Legislative approval required to extend peacetime emergency duration declared by the governor, and peacetime emergency duration extension limited.","Legislative approval required to extend peacetime emergency duration declared by the governor, and peacetime emergency duration extension limited.",1771,"House Rules and Legislative Administration",2021-06-17,"Author added Daniels",https://legiscan.com/MN/bill/HF36/2021/X1,https://www.revisor.mn.gov/bills/bill.php?b=House&f=HF0036&ssn=1&y=2021
1516051,1839,HF37,1,Introduced,2021-06-15,"Liquor taxation provisions modified; microdistillery off-sale limit modified; self-distribution authorized; malt liquor packaging and off-sale requirements modified; brand registration requirements modified; limited bar and restaurant off-sale modified; clarifying, conforming, and technical changes made.","Liquor taxation provisions modified; microdistillery off-sale limit modified; self-distribution authorized; malt liquor packaging and off-sale requirements modified; brand registration requirements modified; limited bar and restaurant off-sale modified; clarifying, conforming, and technical changes made.",4299,"House Commerce Finance & Policy",2021-06-19,"Author added Munson",https://legiscan.com/MN/bill/HF37/2021/X1,https://www.revisor.mn.gov/bills/bill.php?b=House&f=HF0037&ssn=1&y=2021
1516021,1839,HF38,1,Introduced,2021-06-15,"City historic commercial district facade preservation pilot program authorized, and money appropriated.","City historic commercial district facade preservation pilot program authorized, and money appropriated.",4313,"House State Government Finance and Elections",2021-06-17,"Author added Boe",https://legiscan.com/MN/bill/HF38/2021/X1,https://www.revisor.mn.gov/bills/bill.php?b=House&f=HF0038&ssn=1&y=2021
1516637,1839,HF39,1,Introduced,2021-06-17,"Blaine; National Sports Center asset preservation funding provided, bonds issued, and money appropriated.","Blaine; National Sports Center asset preservation funding provided, bonds issued, and money appropriated.",1755,"House Capital Investment",2021-06-18,"Author added Becker-Finn",https://legiscan.com/MN/bill/HF39/2021/X1,https://www.revisor.mn.gov/bills/bill.php?b=House&f=HF0039&ssn=1&y=2021
1516643,1839,HF40,1,Introduced,2021-06-17,"Assisted living licensure requirements for new construction modified.","Assisted living licensure requirements for new construction modified.",4302,"House Health Finance & Policy",2021-06-17,"Introduction and first reading, referred to Health Finance and Policy",https://legiscan.com/MN/bill/HF40/2021/X1,https://www.revisor.mn.gov/bills/bill.php?b=House&f=HF0040&ssn=1&y=2021
1516634,1839,HF41,1,Introduced,2021-06-17,"State required to pay costs of property tax judgements against state-assessed property, reports required, and money appropriated.","State required to pay costs of property tax judgements against state-assessed property, reports required, and money appropriated.",1774,"House Taxes",2021-06-19,"Author added Bliss",https://legiscan.com/MN/bill/HF41/2021/X1,https://www.revisor.mn.gov/bills/bill.php?b=House&f=HF0041&ssn=1&y=2021
1516650,1839,HF42,1,Introduced,2021-06-17,"Lawful gambling equipment purchase tax exemption provided.","Lawful gambling equipment purchase tax exemption provided.",1774,"House Taxes",2021-06-17,"Introduction and first reading, referred to Taxes",https://legiscan.com/MN/bill/HF42/2021/X1,https://www.revisor.mn.gov/bills/bill.php?b=House&f=HF0042&ssn=1&y=2021
1516875,1839,HF43,1,Introduced,2021-06-18,"Aurora; community center improvement funding provided, bonds issued, and money appropriated.","Aurora; community center improvement funding provided, bonds issued, and money appropriated.",1755,"House Capital Investment",2021-06-18,"Introduction and first reading, referred to Capital Investment",https://legiscan.com/MN/bill/HF43/2021/X1,https://www.revisor.mn.gov/bills/bill.php?b=House&f=HF0043&ssn=1&y=2021
1516880,1839,HF44,1,Introduced,2021-06-18,"Hospital construction moratorium exception provided.","Hospital construction moratorium exception provided.",4302,"House Health Finance & Policy",2021-06-18,"Introduction and first reading, referred to Health Finance and Policy",https://legiscan.com/MN/bill/HF44/2021/X1,https://www.revisor.mn.gov/bills/bill.php?b=House&f=HF0044&ssn=1&y=2021
1516879,1839,HF45,1,Introduced,2021-06-18,"Commissioner of transportation required to inspect trains entering Minnesota from Canada, and money appropriated.","Commissioner of transportation required to inspect trains entering Minnesota from Canada, and money appropriated.",1776,"House Transportation Finance and Policy",2021-06-18,"Introduction and first reading, referred to Transportation Finance and Policy",https://legiscan.com/MN/bill/HF45/2021/X1,https://www.revisor.mn.gov/bills/bill.php?b=House&f=HF0045&ssn=1&y=2021
1516874,1839,HF46,1,Introduced,2021-06-18,"Remote recreational business forgivable loan program established, report required, and money appropriated.","Remote recreational business forgivable loan program established, report required, and money appropriated.",4309,"House Workforce and Business Development Finance & Policy",2021-06-18,"Introduction and first reading, referred to Workforce and Business Development Finance and Policy",https://legiscan.com/MN/bill/HF46/2021/X1,https://www.revisor.mn.gov/bills/bill.php?b=House&f=HF0046&ssn=1&y=2021
1516877,1839,HF47,1,Introduced,2021-06-18,"Oriented strand board production incentive program established, and money appropriated.","Oriented strand board production incentive program established, and money appropriated.",4356,"House Agriculture Finance and Policy",2021-06-18,"Introduction and first reading, referred to Agriculture Finance and Policy",https://legiscan.com/MN/bill/HF47/2021/X1,https://www.revisor.mn.gov/bills/bill.php?b=House&f=HF0047&ssn=1&y=2021
1516878,1839,HF48,1,Introduced,2021-06-18,"Tax enforcement during shutdown period prohibited, and state licensing expiration during shutdown period prohibited.","Tax enforcement during shutdown period prohibited, and state licensing expiration during shutdown period prohibited.",1774,"House Taxes",2021-06-18,"Introduction and first reading, referred to Taxes",https://legiscan.com/MN/bill/HF48/2021/X1,https://www.revisor.mn.gov/bills/bill.php?b=House&f=HF0048&ssn=1&y=2021
1516889,1839,HF49,1,Introduced,2021-06-19,"Petroleum refinery outside contractors required to have apprenticeship-level training.","Petroleum refinery outside contractors required to have apprenticeship-level training.",4307,"House Labor, Industry, Veterans and Military Affairs Finance & Policy",2021-06-19,"Introduction and first reading, referred to Labor, Industry, Veterans and Military Affairs Finance and Policy",https://legiscan.com/MN/bill/HF49/2021/X1,https://www.revisor.mn.gov/bills/bill.php?b=House&f=HF0049&ssn=1&y=2021
1516888,1839,HF50,1,Introduced,2021-06-19,"Grandparent visitation rights amended.","Grandparent visitation rights amended.",3806,"House Judiciary Finance and Civil Law",2021-06-21,"Author added Poston",https://legiscan.com/MN/bill/HF50/2021/X1,https://www.revisor.mn.gov/bills/bill.php?b=House&f=HF0050&ssn=1&y=2021
1517087,1839,HF51,1,Introduced,2021-06-22,"Juneteenth recognized as a state holiday on June 19.","Juneteenth recognized as a state holiday on June 19.",4313,"House State Government Finance and Elections",2021-06-23,"Authors added Freiberg, Youakim, and Boldon",https://legiscan.com/MN/bill/HF51/2021/X1,https://www.revisor.mn.gov/bills/bill.php?b=House&f=HF0051&ssn=1&y=2021
1517097,1839,HF52,4,Passed,2021-06-30,"Capital improvement projects prior appropriations modified.","Capital improvement projects prior appropriations modified.",0,,2021-06-30,"Secretary of State Chapter 9 ",https://legiscan.com/MN/bill/HF52/2021/X1,https://www.revisor.mn.gov/bills/bill.php?b=House&f=HF0052&ssn=1&y=2021
1517063,1839,HF53,1,Introduced,2021-06-22,"COVID-19; flexible account established, federal fund allocation provided, general fund appropriation and transfer reductions allowed, reports required, and money appropriated.","COVID-19; flexible account established, federal fund allocation provided, general fund appropriation and transfer reductions allowed, reports required, and money appropriated.",1777,"House Ways and Means",2021-06-22,"Introduction and first reading, referred to Ways and Means",https://legiscan.com/MN/bill/HF53/2021/X1,https://www.revisor.mn.gov/bills/bill.php?b=House&f=HF0053&ssn=1&y=2021
1517072,1839,HF54,1,Introduced,2021-06-22,"State's budget reserve levels modified.","State's budget reserve levels modified.",0,,2021-06-24,Amended,https://legiscan.com/MN/bill/HF54/2021/X1,https://www.revisor.mn.gov/bills/bill.php?b=House&f=HF0054&ssn=1&y=2021
1517079,1839,HF55,1,Introduced,2021-06-22,"In-lieu-of-rent funding provided, and money appropriated.","In-lieu-of-rent funding provided, and money appropriated.",1777,"House Ways and Means",2021-06-22,"Introduction and first reading, referred to Ways and Means",https://legiscan.com/MN/bill/HF55/2021/X1,https://www.revisor.mn.gov/bills/bill.php?b=House&f=HF0055&ssn=1&y=2021
1517056,1839,HF56,1,Introduced,2021-06-22,"2020 trunk highway bonding provisions amended.","2020 trunk highway bonding provisions amended.",1776,"House Transportation Finance and Policy",2021-06-22,"Introduction and first reading, referred to Transportation Finance and Policy",https://legiscan.com/MN/bill/HF56/2021/X1,https://www.revisor.mn.gov/bills/bill.php?b=House&f=HF0056&ssn=1&y=2021
1517223,1839,HF57,1,Introduced,2021-06-23,"Broadband grant money deposit transferred.","Broadband grant money deposit transferred.",1777,"House Ways and Means",2021-06-23,"Introduction and first reading, referred to Ways and Means",https://legiscan.com/MN/bill/HF57/2021/X1,https://www.revisor.mn.gov/bills/bill.php?b=House&f=HF0057&ssn=1&y=2021
1517412,1839,HF58,1,Introduced,2021-06-24,"Projected budget deficiencies funding provided for state programs and other state government purposes, and money appropriated.","Projected budget deficiencies funding provided for state programs and other state government purposes, and money appropriated.",1777,"House Ways and Means",2021-06-24,"Introduction and first reading, referred to Ways and Means",https://legiscan.com/MN/bill/HF58/2021/X1,https://www.revisor.mn.gov/bills/bill.php?b=House&f=HF0058&ssn=1&y=2021
1517378,1839,HF59,1,Introduced,2021-06-24,"St. Paul; Metropolitan Center for Independent Living funding provided, and money appropriated.","St. Paul; Metropolitan Center for Independent Living funding provided, and money appropriated.",4309,"House Workforce and Business Development Finance & Policy",2021-06-24,"Introduction and first reading, referred to Workforce and Business Development Finance and Policy",https://legiscan.com/MN/bill/HF59/2021/X1,https://www.revisor.mn.gov/bills/bill.php?b=House&f=HF0059&ssn=1&y=2021
1517400,1839,HF60,1,Introduced,2021-06-24,"Firearm suppressor regulation by local, state, and federal laws provided.","Firearm suppressor regulation by local, state, and federal laws provided.",3810,"House Public Safety and Criminal Justice Reform Finance & Policy",2021-06-24,"Introduction and first reading, referred to Public Safety and Criminal Justice Reform Finance and Policy",https://legiscan.com/MN/bill/HF60/2021/X1,https://www.revisor.mn.gov/bills/bill.php?b=House&f=HF0060&ssn=1&y=2021
1517801,1839,HF61,1,Introduced,2021-06-25,"Health Care Commission established.","Health Care Commission established.",4302,"House Health Finance & Policy",2021-06-26,"Author added Bahner",https://legiscan.com/MN/bill/HF61/2021/X1,https://www.revisor.mn.gov/bills/bill.php?b=House&f=HF0061&ssn=1&y=2021
1517809,1839,HF62,1,Introduced,2021-06-25,"Certificate tokens allowed to issued in place of stock shares.","Certificate tokens allowed to issued in place of stock shares.",4299,"House Commerce Finance & Policy",2021-06-25,"Introduction and first reading, referred to Commerce Finance and Policy",https://legiscan.com/MN/bill/HF62/2021/X1,https://www.revisor.mn.gov/bills/bill.php?b=House&f=HF0062&ssn=1&y=2021
1517888,1839,HF63,4,Passed,2021-06-30,"Omnibus public safety bill.","Omnibus public safety bill.",0,,2021-06-30,"Secretary of State Chapter 11 ",https://legiscan.com/MN/bill/HF63/2021/X1,https://www.revisor.mn.gov/bills/bill.php?b=House&f=HF0063&ssn=1&y=2021
1517889,1839,HF64,1,Introduced,2021-06-26,"Electronic monitoring required as pretrial release condition.","Electronic monitoring required as pretrial release condition.",3810,"House Public Safety and Criminal Justice Reform Finance & Policy",2021-06-26,"Introduction and first reading, referred to Public Safety and Criminal Justice Reform Finance and Policy",https://legiscan.com/MN/bill/HF64/2021/X1,https://www.revisor.mn.gov/bills/bill.php?b=House&f=HF0064&ssn=1&y=2021
1517891,1839,HF65,1,Introduced,2021-06-26,"Gambling control board ongoing operation funding provided.","Gambling control board ongoing operation funding provided.",4299,"House Commerce Finance & Policy",2021-06-27,"Author added Erickson",https://legiscan.com/MN/bill/HF65/2021/X1,https://www.revisor.mn.gov/bills/bill.php?b=House&f=HF0065&ssn=1&y=2021
1517887,1839,HF66,1,Introduced,2021-06-26,"Social media platform activity regulated, antitrust protection provided, unfair and deceptive practices prohibited, and penalties provided.","Social media platform activity regulated, antitrust protection provided, unfair and deceptive practices prohibited, and penalties provided.",4299,"House Commerce Finance & Policy",2021-06-27,"Author added Erickson",https://legiscan.com/MN/bill/HF66/2021/X1,https://www.revisor.mn.gov/bills/bill.php?b=House&f=HF0066&ssn=1&y=2021
1517890,1839,HF67,1,Introduced,2021-06-26,"Consumer's consent required prior to personal information collection.","Consumer's consent required prior to personal information collection.",4299,"House Commerce Finance & Policy",2021-06-26,"Introduction and first reading, referred to Commerce Finance and Policy",https://legiscan.com/MN/bill/HF67/2021/X1,https://www.revisor.mn.gov/bills/bill.php?b=House&f=HF0067&ssn=1&y=2021
1517893,1839,HF68,1,Introduced,2021-06-27,"Cities required to report buildings without automatic sprinkler systems.","Cities required to report buildings without automatic sprinkler systems.",4313,"House State Government Finance and Elections",2021-06-27,"Introduction and first reading, referred to State Government Finance and Elections",https://legiscan.com/MN/bill/HF68/2021/X1,https://www.revisor.mn.gov/bills/bill.php?b=House&f=HF0068&ssn=1&y=2021
1518120,1839,HF69,1,Introduced,2021-06-29,"Distillery exclusive contracts prohibited.","Distillery exclusive contracts prohibited.",4299,"House Commerce Finance & Policy",2021-06-29,"Introduction and first reading, referred to Commerce Finance and Policy",https://legiscan.com/MN/bill/HF69/2021/X1,https://www.revisor.mn.gov/bills/bill.php?b=House&f=HF0069&ssn=1&y=2021
1515838,1839,HC1,1,Introduced,2021-06-14,"COVID-19; a house concurrent resolution terminating the peacetime emergency.","COVID-19; a house concurrent resolution terminating the peacetime emergency.",1771,"House Rules and Legislative Administration",2021-06-14,"Referred to Rules and Legislative Administration",https://legiscan.com/MN/bill/HC1/2021/X1,https://www.revisor.mn.gov/bills/bill.php?b=House&f=HC0001&ssn=1&y=2021
1515892,1839,SF1,1,Introduced,2021-06-14,"911 emergency telecommunications service account unspent funds use for county grants for geographic information systems maintenance","911 emergency telecommunications service account unspent funds use for county grants for geographic information systems maintenance",1750,"Senate Rules and Administration",2021-06-17,"Author added Eichorn",https://legiscan.com/MN/bill/SF1/2021/X1,https://www.revisor.mn.gov/bills/bill.php?b=Senate&f=SF0001&ssn=1&y=2021
1515904,1839,SF2,4,Passed,2021-06-30,"Omnibus state government finance and policy bill","Omnibus state government finance and policy bill",0,,2021-06-30,"Governor approval ",https://legiscan.com/MN/bill/SF2/2021/X1,https://www.revisor.mn.gov/bills/bill.php?b=Senate&f=SF0002&ssn=1&y=2021
1515853,1839,SF3,1,Introduced,2021-06-14,"Capital investment improvement projects appropriations modifications; 2020 housing pool bonding authority allocations bond issuers application refunds","Capital investment improvement projects appropriations modifications; 2020 housing pool bonding authority allocations bond issuers application refunds",1744,"Senate Finance",2021-06-14,"Referred to Finance",https://legiscan.com/MN/bill/SF3/2021/X1,https://www.revisor.mn.gov/bills/bill.php?b=Senate&f=SF0003&ssn=1&y=2021
1515870,1839,SF4,1,Introduced,2021-06-14,"Assisted living licensure requirements modification for new construction","Assisted living licensure requirements modification for new construction",1750,"Senate Rules and Administration",2021-06-14,"Referred to Rules and Administration",https://legiscan.com/MN/bill/SF4/2021/X1,https://www.revisor.mn.gov/bills/bill.php?b=Senate&f=SF0004&ssn=1&y=2021
1515873,1839,SF5,1,Introduced,2021-06-14,"Payment in lieu of taxes Lake Vermilion-Soudan Underground Mine State Park parcels addition and payment modification","Payment in lieu of taxes Lake Vermilion-Soudan Underground Mine State Park parcels addition and payment modification",1752,"Senate Taxes",2021-06-14,"Referred to Taxes",https://legiscan.com/MN/bill/SF5/2021/X1,https://www.revisor.mn.gov/bills/bill.php?b=Senate&f=SF0005&ssn=1&y=2021
1515895,1839,SF6,1,Introduced,2021-06-14,"Hennepin county sheriff crime prevention grant appropriation; metropolitan area crime prevention effort air patrol state patrol use","Hennepin county sheriff crime prevention grant appropriation; metropolitan area crime prevention effort air patrol state patrol use",1744,"Senate Finance",2021-06-14,"Referred to Finance",https://legiscan.com/MN/bill/SF6/2021/X1,https://www.revisor.mn.gov/bills/bill.php?b=Senate&f=SF0006&ssn=1&y=2021
1515916,1839,SF7,1,Introduced,2021-06-14,"Omnibus judiciary and public safety finance and policy bill","Omnibus judiciary and public safety finance and policy bill",0,,2021-06-29,"Laid on table",https://legiscan.com/MN/bill/SF7/2021/X1,https://www.revisor.mn.gov/bills/bill.php?b=Senate&f=SF0007&ssn=1&y=2021
1515907,1839,SF8,1,Introduced,2021-06-14,"Cultural community rescue restart grant program appropriation","Cultural community rescue restart grant program appropriation",1750,"Senate Rules and Administration",2021-06-14,"Referred to Rules and Administration",https://legiscan.com/MN/bill/SF8/2021/X1,https://www.revisor.mn.gov/bills/bill.php?b=Senate&f=SF0008&ssn=1&y=2021
1515919,1839,SF9,4,Passed,2021-06-30,"Omnibus jobs and economic growth finance and policy bill","Omnibus jobs and economic growth finance and policy bill",0,,2021-06-30,"Governor approval ",https://legiscan.com/MN/bill/SF9/2021/X1,https://www.revisor.mn.gov/bills/bill.php?b=Senate&f=SF0009&ssn=1&y=2021
1515886,1839,SF10,1,Introduced,2021-06-14,"Omnibus transportation policy and finance bill","Omnibus transportation policy and finance bill",0,,2021-06-24,"HF passed, no substitution HF10",https://legiscan.com/MN/bill/SF10/2021/X1,https://www.revisor.mn.gov/bills/bill.php?b=Senate&f=SF0010&ssn=1&y=2021
1515869,1839,SF11,1,Introduced,2021-06-14,"Goodhue county regional wastewater treatment facility bond issue and appropriation","Goodhue county regional wastewater treatment facility bond issue and appropriation",1739,"Senate Capital Investment",2021-06-14,"Referred to Capital Investment",https://legiscan.com/MN/bill/SF11/2021/X1,https://www.revisor.mn.gov/bills/bill.php?b=Senate&f=SF0011&ssn=1&y=2021
1515900,1839,SF12,1,Introduced,2021-06-14,"Goodhue county regional wastewater treatment facility appropriation","Goodhue county regional wastewater treatment facility appropriation",1739,"Senate Capital Investment",2021-06-14,"Referred to Capital Investment",https://legiscan.com/MN/bill/SF12/2021/X1,https://www.revisor.mn.gov/bills/bill.php?b=Senate&f=SF0012&ssn=1&y=2021
1515927,1839,SF13,1,Introduced,2021-06-14,"Lawful gambling equipment purchases sales and use tax exemption","Lawful gambling equipment purchases sales and use tax exemption",1752,"Senate Taxes",2021-06-14,"Referred to Taxes",https://legiscan.com/MN/bill/SF13/2021/X1,https://www.revisor.mn.gov/bills/bill.php?b=Senate&f=SF0013&ssn=1&y=2021
1515922,1839,SF14,1,Introduced,2021-06-14,"Zumbro Falls wastewater collection and infrastructure improvements bond issue and appropriation","Zumbro Falls wastewater collection and infrastructure improvements bond issue and appropriation",1739,"Senate Capital Investment",2021-06-14,"Referred to Capital Investment",https://legiscan.com/MN/bill/SF14/2021/X1,https://www.revisor.mn.gov/bills/bill.php?b=Senate&f=SF0014&ssn=1&y=2021
1515863,1839,SF15,1,Introduced,2021-06-14,"Wabasha port bond issue and appropriation","Wabasha port bond issue and appropriation",1739,"Senate Capital Investment",2021-06-14,"Referred to Capital Investment",https://legiscan.com/MN/bill/SF15/2021/X1,https://www.revisor.mn.gov/bills/bill.php?b=Senate&f=SF0015&ssn=1&y=2021
1515908,1839,SF16,1,Introduced,2021-06-14,"Omnibus housing policy and finance bill","Omnibus housing policy and finance bill",0,,2021-06-29,"Author added Koran",https://legiscan.com/MN/bill/SF16/2021/X1,https://www.revisor.mn.gov/bills/bill.php?b=Senate&f=SF0016&ssn=1&y=2021
1515925,1839,SF17,1,Introduced,2021-06-14,"Safe routes to school grant program bond issue and appropriation","Safe routes to school grant program bond issue and appropriation",1739,"Senate Capital Investment",2021-06-14,"Referred to Capital Investment",https://legiscan.com/MN/bill/SF17/2021/X1,https://www.revisor.mn.gov/bills/bill.php?b=Senate&f=SF0017&ssn=1&y=2021
1515836,1839,SF18,1,Introduced,2021-06-14,"Omnibus higher education finance and policy","Omnibus higher education finance and policy",0,,2021-06-21,"HF passed, no substitution HF7",https://legiscan.com/MN/bill/SF18/2021/X1,https://www.revisor.mn.gov/bills/bill.php?b=Senate&f=SF0018&ssn=1&y=2021
1515839,1839,SF19,1,Introduced,2021-06-14,"Omnibus commerce policy and finance","Omnibus commerce policy and finance",0,,2021-06-22,"HF passed, no substitution HF6",https://legiscan.com/MN/bill/SF19/2021/X1,https://www.revisor.mn.gov/bills/bill.php?b=Senate&f=SF0019&ssn=1&y=2021
1515923,1839,SF20,4,Passed,2021-06-29,"Omnibus environment and natural resources policy and finance bill","Omnibus environment and natural resources policy and finance bill",0,,2021-06-29,"Governor approval ",https://legiscan.com/MN/bill/SF20/2021/X1,https://www.revisor.mn.gov/bills/bill.php?b=Senate&f=SF0020&ssn=1&y=2021
1515847,1839,SF21,1,Introduced,2021-06-14,"Legacy finance","Legacy finance",0,,2021-06-21,"HF passed, no substitution HF13",https://legiscan.com/MN/bill/SF21/2021/X1,https://www.revisor.mn.gov/bills/bill.php?b=Senate&f=SF0021&ssn=1&y=2021
1515891,1839,SF22,1,Introduced,2021-06-14,"State agencies continuing appropriations","State agencies continuing appropriations",1744,"Senate Finance",2021-06-14,"Referred to Finance",https://legiscan.com/MN/bill/SF22/2021/X1,https://www.revisor.mn.gov/bills/bill.php?b=Senate&f=SF0022&ssn=1&y=2021
1515877,1839,SF23,1,Introduced,2021-06-14,"Omnibus education policy and finance bill","Omnibus education policy and finance bill",0,,2021-06-30,"HF passed, no substitution HF2",https://legiscan.com/MN/bill/SF23/2021/X1,https://www.revisor.mn.gov/bills/bill.php?b=Senate&f=SF0023&ssn=1&y=2021
1515864,1839,SF24,1,Introduced,2021-06-14,"Career and technical education teacher training pilot project creation and appropriation","Career and technical education teacher training pilot project creation and appropriation",1744,"Senate Finance",2021-06-14,"Referred to Finance",https://legiscan.com/MN/bill/SF24/2021/X1,https://www.revisor.mn.gov/bills/bill.php?b=Senate&f=SF0024&ssn=1&y=2021
1515896,1839,SF25,1,Introduced,2021-06-14,"Omnibus agriculture finance and policy bill","Omnibus agriculture finance and policy bill",0,,2021-06-22,"HF passed, no substitution HF8",https://legiscan.com/MN/bill/SF25/2021/X1,https://www.revisor.mn.gov/bills/bill.php?b=Senate&f=SF0025&ssn=1&y=2021
1516070,1839,SF26,1,Introduced,2021-06-15,"Omnibus tax bill","Omnibus tax bill",0,,2021-06-30,"HF passed, no substitution HF9",https://legiscan.com/MN/bill/SF26/2021/X1,https://www.revisor.mn.gov/bills/bill.php?b=Senate&f=SF0026&ssn=1&y=2021
1516039,1839,SF27,1,Introduced,2021-06-15,"Gubernatorial peacetime emergency declaration extension legislative approval requirement","Gubernatorial peacetime emergency declaration extension legislative approval requirement",1750,"Senate Rules and Administration",2021-06-15,"Referred to Rules and Administration",https://legiscan.com/MN/bill/SF27/2021/X1,https://www.revisor.mn.gov/bills/bill.php?b=Senate&f=SF0027&ssn=1&y=2021
1516065,1839,SF28,1,Introduced,2021-06-15,"High-hazard facilities outside contractors apprenticeship-level training requirement","High-hazard facilities outside contractors apprenticeship-level training requirement",1750,"Senate Rules and Administration",2021-06-15,"Referred to Rules and Administration",https://legiscan.com/MN/bill/SF28/2021/X1,https://www.revisor.mn.gov/bills/bill.php?b=Senate&f=SF0028&ssn=1&y=2021
1516063,1839,SF29,1,Introduced,2021-06-15,"COVID-19 public health disaster response establishment; peacetime emergency declaration termination","COVID-19 public health disaster response establishment; peacetime emergency declaration termination",1750,"Senate Rules and Administration",2021-06-15,"Referred to Rules and Administration",https://legiscan.com/MN/bill/SF29/2021/X1,https://www.revisor.mn.gov/bills/bill.php?b=Senate&f=SF0029&ssn=1&y=2021
1516067,1839,SF30,1,Introduced,2021-06-15,"State-assessed property tax judgments costs payment by state requirement","State-assessed property tax judgments costs payment by state requirement",1750,"Senate Rules and Administration",2021-06-15,"Referred to Rules and Administration",https://legiscan.com/MN/bill/SF30/2021/X1,https://www.revisor.mn.gov/bills/bill.php?b=Senate&f=SF0030&ssn=1&y=2021
1516047,1839,SF31,1,Introduced,2021-06-15,"Liquor taxation provisions modifications","Liquor taxation provisions modifications",1750,"Senate Rules and Administration",2021-06-18,"Author added Pappas",https://legiscan.com/MN/bill/SF31/2021/X1,https://www.revisor.mn.gov/bills/bill.php?b=Senate&f=SF0031&ssn=1&y=2021
1516029,1839,SF32,1,Introduced,2021-06-15,"Metropolitan Center for Independent Living appropriation","Metropolitan Center for Independent Living appropriation",1750,"Senate Rules and Administration",2021-06-15,"Referred to Rules and Administration",https://legiscan.com/MN/bill/SF32/2021/X1,https://www.revisor.mn.gov/bills/bill.php?b=Senate&f=SF0032&ssn=1&y=2021
1516054,1839,SF33,1,Introduced,2021-06-15,"Walker-West Music Academy appropriation","Walker-West Music Academy appropriation",1750,"Senate Rules and Administration",2021-06-15,"Referred to Rules and Administration",https://legiscan.com/MN/bill/SF33/2021/X1,https://www.revisor.mn.gov/bills/bill.php?b=Senate&f=SF0033&ssn=1&y=2021
1516050,1839,SF34,1,Introduced,2021-06-15,"Hibbing Public Utilities Commission appropriation for excessive natural gas prices paid during the 2021 polar vortex authorization","Hibbing Public Utilities Commission appropriation for excessive natural gas prices paid during the 2021 polar vortex authorization",1750,"Senate Rules and Administration",2021-06-15,"Referred to Rules and Administration",https://legiscan.com/MN/bill/SF34/2021/X1,https://www.revisor.mn.gov/bills/bill.php?b=Senate&f=SF0034&ssn=1&y=2021
1516057,1839,SF35,1,Introduced,2021-06-15,"Counties establishment of subordinate service districts authorization","Counties establishment of subordinate service districts authorization",1750,"Senate Rules and Administration",2021-06-16,"Authors added Klein; Clausen",https://legiscan.com/MN/bill/SF35/2021/X1,https://www.revisor.mn.gov/bills/bill.php?b=Senate&f=SF0035&ssn=1&y=2021
1516043,1839,SF36,1,Introduced,2021-06-15,"Never Again Bill","Never Again Bill",1744,"Senate Finance",2021-06-18,"Author added Draheim",https://legiscan.com/MN/bill/SF36/2021/X1,https://www.revisor.mn.gov/bills/bill.php?b=Senate&f=SF0036&ssn=1&y=2021
1516061,1839,SF37,1,Introduced,2021-06-15,"Health infrastructure projects and activities appropriation","Health infrastructure projects and activities appropriation",0,,2021-06-26,"HF passed, no substitution HF33",https://legiscan.com/MN/bill/SF37/2021/X1,https://www.revisor.mn.gov/bills/bill.php?b=Senate&f=SF0037&ssn=1&y=2021
1516024,1839,SF38,1,Introduced,2021-06-15,"Hospital moratorium exceptions authorization","Hospital moratorium exceptions authorization",1750,"Senate Rules and Administration",2021-06-15,"Referred to Rules and Administration",https://legiscan.com/MN/bill/SF38/2021/X1,https://www.revisor.mn.gov/bills/bill.php?b=Senate&f=SF0038&ssn=1&y=2021
1516076,1839,SF39,1,Introduced,2021-06-16,"Capital improvement projects prior appropriations modifications","Capital improvement projects prior appropriations modifications",0,,2021-06-29,"Author added Pappas",https://legiscan.com/MN/bill/SF39/2021/X1,https://www.revisor.mn.gov/bills/bill.php?b=Senate&f=SF0039&ssn=1&y=2021
1516114,1839,SF40,1,Introduced,2021-06-16,"Cities historic commercial districts facade preservation pilot program grants authorization appropriation","Cities historic commercial districts facade preservation pilot program grants authorization appropriation",1739,"Senate Capital Investment",2021-06-16,"Referred to Capital Investment",https://legiscan.com/MN/bill/SF40/2021/X1,https://www.revisor.mn.gov/bills/bill.php?b=Senate&f=SF0040&ssn=1&y=2021
1516500,1839,SF41,1,Introduced,2021-06-17,"Kasson flood hazard mitigation and public water infrastructure improvements bond issue and appropriation","Kasson flood hazard mitigation and public water infrastructure improvements bond issue and appropriation",1739,"Senate Capital Investment",2021-06-17,"Referred to Capital Investment",https://legiscan.com/MN/bill/SF41/2021/X1,https://www.revisor.mn.gov/bills/bill.php?b=Senate&f=SF0041&ssn=1&y=2021
1516491,1839,SF42,1,Introduced,2021-06-17,"Public health emergency definition; public health peacetime emergency declaration gubernatorial authority clarification; peacetime emergency legislative adjournment prohibition; orders and rules termination process establishment and forms prescription; vote and quorum requirements modification","Public health emergency definition; public health peacetime emergency declaration gubernatorial authority clarification; peacetime emergency legislative adjournment prohibition; orders and rules termination process establishment and forms prescription; vote and quorum requirements modification",1750,"Senate Rules and Administration",2021-06-17,"Referred to Rules and Administration",https://legiscan.com/MN/bill/SF42/2021/X1,https://www.revisor.mn.gov/bills/bill.php?b=Senate&f=SF0042&ssn=1&y=2021
1516536,1839,SF43,1,Introduced,2021-06-17,"Mineral leases termination in 2021 conditions provisions","Mineral leases termination in 2021 conditions provisions",1750,"Senate Rules and Administration",2021-06-17,"Referred to Rules and Administration",https://legiscan.com/MN/bill/SF43/2021/X1,https://www.revisor.mn.gov/bills/bill.php?b=Senate&f=SF0043&ssn=1&y=2021
1516475,1839,SF44,1,Introduced,2021-06-17,"Federal law enforcement task force state and local law enforcement agency participation restriction","Federal law enforcement task force state and local law enforcement agency participation restriction",1750,"Senate Rules and Administration",2021-06-17,"Referred to Rules and Administration",https://legiscan.com/MN/bill/SF44/2021/X1,https://www.revisor.mn.gov/bills/bill.php?b=Senate&f=SF0044&ssn=1&y=2021
1516527,1839,SF45,1,Introduced,2021-06-17,"Oriented strand board production incentive program; appropriation","Oriented strand board production incentive program; appropriation",1750,"Senate Rules and Administration",2021-06-17,"Referred to Rules and Administration",https://legiscan.com/MN/bill/SF45/2021/X1,https://www.revisor.mn.gov/bills/bill.php?b=Senate&f=SF0045&ssn=1&y=2021
1516748,1839,SF46,1,Introduced,2021-06-17,"State budget reserve levels modification","State budget reserve levels modification",1744,"Senate Finance",2021-06-17,"Referred to Finance",https://legiscan.com/MN/bill/SF46/2021/X1,https://www.revisor.mn.gov/bills/bill.php?b=Senate&f=SF0046&ssn=1&y=2021
1516738,1839,SF47,1,Introduced,2021-06-17,"Legislature space, veterans organizations space, ceremonial space, and statutorily free space costs appropriation","Legislature space, veterans organizations space, ceremonial space, and statutorily free space costs appropriation",1744,"Senate Finance",2021-06-17,"Referred to Finance",https://legiscan.com/MN/bill/SF47/2021/X1,https://www.revisor.mn.gov/bills/bill.php?b=Senate&f=SF0047&ssn=1&y=2021
1516724,1839,SF48,1,Introduced,2021-06-17,"COVID-19 flexible account establishment; federal funds allocation authorization; reductions in general fund appropriations and transfers authorization; appropriating money","COVID-19 flexible account establishment; federal funds allocation authorization; reductions in general fund appropriations and transfers authorization; appropriating money",1744,"Senate Finance",2021-06-17,"Referred to Finance",https://legiscan.com/MN/bill/SF48/2021/X1,https://www.revisor.mn.gov/bills/bill.php?b=Senate&f=SF0048&ssn=1&y=2021
1516732,1839,SF49,1,Introduced,2021-06-17,"Functions supporting ongoing operation of the gambling control board appropriation","Functions supporting ongoing operation of the gambling control board appropriation",1750,"Senate Rules and Administration",2021-06-17,"Referred to Rules and Administration",https://legiscan.com/MN/bill/SF49/2021/X1,https://www.revisor.mn.gov/bills/bill.php?b=Senate&f=SF0049&ssn=1&y=2021
1516744,1839,SF50,1,Introduced,2021-06-17,"Firearm purchase, ownership, possession, or carrying authorization denial based solely on the basis that the person is enrolled as a patient in the medical cannabis registry prohibition","Firearm purchase, ownership, possession, or carrying authorization denial based solely on the basis that the person is enrolled as a patient in the medical cannabis registry prohibition",1750,"Senate Rules and Administration",2021-06-17,"Referred to Rules and Administration",https://legiscan.com/MN/bill/SF50/2021/X1,https://www.revisor.mn.gov/bills/bill.php?b=Senate&f=SF0050&ssn=1&y=2021
1516753,1839,SF51,1,Introduced,2021-06-18,"Commissioner of Transportation inspection for trains entering the state from Canada requirement","Commissioner of Transportation inspection for trains entering the state from Canada requirement",1750,"Senate Rules and Administration",2021-06-18,"Referred to Rules and Administration",https://legiscan.com/MN/bill/SF51/2021/X1,https://www.revisor.mn.gov/bills/bill.php?b=Senate&f=SF0051&ssn=1&y=2021
1516754,1839,SF52,1,Introduced,2021-06-18,"Remote recreational businesses forgivable loan program establishment and appropriation","Remote recreational businesses forgivable loan program establishment and appropriation",1750,"Senate Rules and Administration",2021-06-18,"Referred to Rules and Administration",https://legiscan.com/MN/bill/SF52/2021/X1,https://www.revisor.mn.gov/bills/bill.php?b=Senate&f=SF0052&ssn=1&y=2021
1516752,1839,SF53,1,Introduced,2021-06-18,"Property tax judgments against state-assessed property costs payment by state requirement; appropriating money","Property tax judgments against state-assessed property costs payment by state requirement; appropriating money",1750,"Senate Rules and Administration",2021-06-18,"Referred to Rules and Administration",https://legiscan.com/MN/bill/SF53/2021/X1,https://www.revisor.mn.gov/bills/bill.php?b=Senate&f=SF0053&ssn=1&y=2021
1516882,1839,SF54,1,Introduced,2021-06-21,"Civil commitment proceedings respondents right to jury trial","Civil commitment proceedings respondents right to jury trial",1750,"Senate Rules and Administration",2021-06-21,"Referred to Rules and Administration",https://legiscan.com/MN/bill/SF54/2021/X1,https://www.revisor.mn.gov/bills/bill.php?b=Senate&f=SF0054&ssn=1&y=2021
1516884,1839,SF55,1,Introduced,2021-06-21,"Involuntary electroconvulsive therapy treatment ban without patient informed written consent","Involuntary electroconvulsive therapy treatment ban without patient informed written consent",1750,"Senate Rules and Administration",2021-06-21,"Referred to Rules and Administration",https://legiscan.com/MN/bill/SF55/2021/X1,https://www.revisor.mn.gov/bills/bill.php?b=Senate&f=SF0055&ssn=1&y=2021
1516885,1839,SF56,1,Introduced,2021-06-21,"Debt settlement services providers regulation","Debt settlement services providers regulation",1750,"Senate Rules and Administration",2021-06-21,"Referred to Rules and Administration",https://legiscan.com/MN/bill/SF56/2021/X1,https://www.revisor.mn.gov/bills/bill.php?b=Senate&f=SF0056&ssn=1&y=2021
1516883,1839,SF57,1,Introduced,2021-06-21,"Minneapolis Mercado Central appropriation","Minneapolis Mercado Central appropriation",1750,"Senate Rules and Administration",2021-06-21,"Referred to Rules and Administration",https://legiscan.com/MN/bill/SF57/2021/X1,https://www.revisor.mn.gov/bills/bill.php?b=Senate&f=SF0057&ssn=1&y=2021
1516886,1839,SF58,1,Introduced,2021-06-21,"Catalytic converters purchase requirements establishment and penalties imposition","Catalytic converters purchase requirements establishment and penalties imposition",1750,"Senate Rules and Administration",2021-06-21,"Referred to Rules and Administration",https://legiscan.com/MN/bill/SF58/2021/X1,https://www.revisor.mn.gov/bills/bill.php?b=Senate&f=SF0058&ssn=1&y=2021
1516967,1839,SF59,1,Introduced,2021-06-22,"2020 trunk highway bonding provisions modifications","2020 trunk highway bonding provisions modifications",1750,"Senate Rules and Administration",2021-06-22,"Referred to Rules and Administration",https://legiscan.com/MN/bill/SF59/2021/X1,https://www.revisor.mn.gov/bills/bill.php?b=Senate&f=SF0059&ssn=1&y=2021
1516966,1839,SF60,1,Introduced,2021-06-22,"Cities reporting of buildings that do not have sprinkler systems requirement","Cities reporting of buildings that do not have sprinkler systems requirement",1750,"Senate Rules and Administration",2021-06-22,"Referred to Rules and Administration",https://legiscan.com/MN/bill/SF60/2021/X1,https://www.revisor.mn.gov/bills/bill.php?b=Senate&f=SF0060&ssn=1&y=2021
1517124,1839,SF61,1,Introduced,2021-06-22,"Constitutional amendment requiring legislative approval for any extension of an emergency declared by the governor beyond 30 days","Constitutional amendment requiring legislative approval for any extension of an emergency declared by the governor beyond 30 days",1750,"Senate Rules and Administration",2021-06-22,"Referred to Rules and Administration",https://legiscan.com/MN/bill/SF61/2021/X1,https://www.revisor.mn.gov/bills/bill.php?b=Senate&f=SF0061&ssn=1&y=2021
1517389,1839,SF62,1,Introduced,2021-06-24,"Dodge county Wasioja historic district seminary ruins improvements appropriation","Dodge county Wasioja historic district seminary ruins improvements appropriation",1739,"Senate Capital Investment",2021-06-24,"Referred to Capital Investment",https://legiscan.com/MN/bill/SF62/2021/X1,https://www.revisor.mn.gov/bills/bill.php?b=Senate&f=SF0062&ssn=1&y=2021
1517423,1839,SF63,1,Introduced,2021-06-24,"Compensation for student athletes for use of athletes' name, image, or likeness authorization; working group establishment","Compensation for student athletes for use of athletes' name, image, or likeness authorization; working group establishment",1750,"Senate Rules and Administration",2021-06-24,"Referred to Rules and Administration",https://legiscan.com/MN/bill/SF63/2021/X1,https://www.revisor.mn.gov/bills/bill.php?b=Senate&f=SF0063&ssn=1&y=2021
1517599,1839,SF64,1,Introduced,2021-06-25,"North Commons Improvement Project phase I appropriation","North Commons Improvement Project phase I appropriation",1739,"Senate Capital Investment",2021-06-25,"Referred to Capital Investment",https://legiscan.com/MN/bill/SF64/2021/X1,https://www.revisor.mn.gov/bills/bill.php?b=Senate&f=SF0064&ssn=1&y=2021
1517583,1839,SF65,1,Introduced,2021-06-25,"Blaine National Sports Center asset preservation bond issue and appropriation","Blaine National Sports Center asset preservation bond issue and appropriation",1739,"Senate Capital Investment",2021-06-25,"Referred to Capital Investment",https://legiscan.com/MN/bill/SF65/2021/X1,https://www.revisor.mn.gov/bills/bill.php?b=Senate&f=SF0065&ssn=1&y=2021
1517577,1839,SF66,1,Introduced,2021-06-25,"Woodbury tax increment financing special rules authorization","Woodbury tax increment financing special rules authorization",1750,"Senate Rules and Administration",2021-06-25,"Referred to Rules and Administration",https://legiscan.com/MN/bill/SF66/2021/X1,https://www.revisor.mn.gov/bills/bill.php?b=Senate&f=SF0066&ssn=1&y=2021
1517592,1839,SF67,1,Introduced,2021-06-25,"Health Care Commission establishment","Health Care Commission establishment",1750,"Senate Rules and Administration",2021-07-07,"Author added Port",https://legiscan.com/MN/bill/SF67/2021/X1,https://www.revisor.mn.gov/bills/bill.php?b=Senate&f=SF0067&ssn=1&y=2021
1517857,1839,SF68,1,Introduced,2021-06-26,"Emergency rental assistance for a tenant who has vacated a unit","Emergency rental assistance for a tenant who has vacated a unit",1750,"Senate Rules and Administration",2021-06-29,"Author added Dziedzic",https://legiscan.com/MN/bill/SF68/2021/X1,https://www.revisor.mn.gov/bills/bill.php?b=Senate&f=SF0068&ssn=1&y=2021
1518015,1839,SF69,1,Introduced,2021-06-29,"Distillers exclusive contracts prohibition","Distillers exclusive contracts prohibition",1750,"Senate Rules and Administration",2021-06-29,"Referred to Rules and Administration",https://legiscan.com/MN/bill/SF69/2021/X1,https://www.revisor.mn.gov/bills/bill.php?b=Senate&f=SF0069&ssn=1&y=2021
1518053,1839,SF70,1,Introduced,2021-06-29,"Brewer off-sale license condition modification","Brewer off-sale license condition modification",1750,"Senate Rules and Administration",2021-06-29,"Referred to Rules and Administration",https://legiscan.com/MN/bill/SF70/2021/X1,https://www.revisor.mn.gov/bills/bill.php?b=Senate&f=SF0070&ssn=1&y=2021
1518494,1839,SF71,1,Introduced,2021-07-07,"Construction and operation of a natural gas combined cycle electric generation plant or idling of the existing plant requirement","Construction and operation of a natural gas combined cycle electric generation plant or idling of the existing plant requirement",1750,"Senate Rules and Administration",2021-07-07,"Referred to Rules and Administration",https://legiscan.com/MN/bill/SF71/2021/X1,https://www.revisor.mn.gov/bills/bill.php?b=Senate&f=SF0071&ssn=1&y=2021
1515843,1839,SR1,4,Passed,2021-06-14,"A Senate resolution relating to organization and operation of the Senate during the Special Session","A Senate resolution relating to organization and operation of the Senate during the Special Session",0,,2021-06-14,Adopted,https://legiscan.com/MN/bill/SR1/2021/X1,https://www.revisor.mn.gov/bills/bill.php?b=Senate&f=SR0001&ssn=1&y=2021
1515844,1839,SR2,4,Passed,2021-06-14,"A Senate resolution relating to notifying the House of Representatives and the Governor that the Senate is organized","A Senate resolution relating to notifying the House of Representatives and the Governor that the Senate is organized",0,,2021-06-14,"Adopted (voice vote)",https://legiscan.com/MN/bill/SR2/2021/X1,https://www.revisor.mn.gov/bills/bill.php?b=Senate&f=SR0002&ssn=1&y=2021
1515848,1839,SR3,1,Introduced,2021-06-14,"A Senate resolution honoring the service of Txhiaj Looj Wilson Her","A Senate resolution honoring the service of Txhiaj Looj Wilson Her",1750,"Senate Rules and Administration",2021-06-14,"Referred to Rules and Administration",https://legiscan.com/MN/bill/SR3/2021/X1,https://www.revisor.mn.gov/bills/bill.php?b=Senate&f=SR0003&ssn=1&y=2021
1515850,1839,SR4,1,Introduced,2021-06-14,"A Senate resolution celebrating the life of Jue Lee","A Senate resolution celebrating the life of Jue Lee",1750,"Senate Rules and Administration",2021-06-14,"Referred to Rules and Administration",https://legiscan.com/MN/bill/SR4/2021/X1,https://www.revisor.mn.gov/bills/bill.php?b=Senate&f=SR0004&ssn=1&y=2021
1516032,1839,SR5,1,Introduced,2021-06-15,"A Senate resolution congratulating Ken and Harriet Eaton of Waseca, Minnesota, on their 75th wedding anniversary","A Senate resolution congratulating Ken and Harriet Eaton of Waseca, Minnesota, on their 75th wedding anniversary",1750,"Senate Rules and Administration",2021-06-15,"Referred to Rules and Administration",https://legiscan.com/MN/bill/SR5/2021/X1,https://www.revisor.mn.gov/bills/bill.php?b=Senate&f=SR0005&ssn=1&y=2021
1516026,1839,SR6,1,Introduced,2021-06-15,"A Senate resolution celebrating the centennial of Birchwood Village, Minnesota","A Senate resolution celebrating the centennial of Birchwood Village, Minnesota",1750,"Senate Rules and Administration",2021-06-15,"Referred to Rules and Administration",https://legiscan.com/MN/bill/SR6/2021/X1,https://www.revisor.mn.gov/bills/bill.php?b=Senate&f=SR0006&ssn=1&y=2021
1516518,1839,SR7,1,Introduced,2021-06-16,"A Senate resolution congratulating Gerald John Friesen III of Faribault, Minnesota, for earning the rank of Eagle Scout","A Senate resolution congratulating Gerald John Friesen III of Faribault, Minnesota, for earning the rank of Eagle Scout",1750,"Senate Rules and Administration",2021-06-16,"Referred to Rules and Administration",https://legiscan.com/MN/bill/SR7/2021/X1,https://www.revisor.mn.gov/bills/bill.php?b=Senate&f=SR0007&ssn=1&y=2021
1516482,1839,SR8,1,Introduced,2021-06-16,"A Senate resolution congratulating Jason Shuda of Faribault, Minnesota, for earning the rank of Eagle Scout","A Senate resolution congratulating Jason Shuda of Faribault, Minnesota, for earning the rank of Eagle Scout",1750,"Senate Rules and Administration",2021-06-16,"Referred to Rules and Administration",https://legiscan.com/MN/bill/SR8/2021/X1,https://www.revisor.mn.gov/bills/bill.php?b=Senate&f=SR0008&ssn=1&y=2021
1516509,1839,SR9,1,Introduced,2021-06-16,"A Senate resolution congratulating Isaac Caron of Faribault, Minnesota, for earning the rank of Eagle Scout","A Senate resolution congratulating Isaac Caron of Faribault, Minnesota, for earning the rank of Eagle Scout",1750,"Senate Rules and Administration",2021-06-16,"Referred to Rules and Administration",https://legiscan.com/MN/bill/SR9/2021/X1,https://www.revisor.mn.gov/bills/bill.php?b=Senate&f=SR0009&ssn=1&y=2021
1516751,1839,SR10,1,Introduced,2021-06-18,"A Senate resolution honoring the service of Navy Fireman First Class Neal Kenneth Todd of Akeley, Minnesota","A Senate resolution honoring the service of Navy Fireman First Class Neal Kenneth Todd of Akeley, Minnesota",1750,"Senate Rules and Administration",2021-06-18,"Referred to Rules and Administration",https://legiscan.com/MN/bill/SR10/2021/X1,https://www.revisor.mn.gov/bills/bill.php?b=Senate&f=SR0010&ssn=1&y=2021
1517841,1839,SR11,1,Introduced,2021-06-25,"A Senate resolution recognizing Friday, June 25, 2021, as Dr. Thelma Battle Buckner Day in Minnesota","A Senate resolution recognizing Friday, June 25, 2021, as Dr. Thelma Battle Buckner Day in Minnesota",1750,"Senate Rules and Administration",2021-06-25,"Referred to Rules and Administration",https://legiscan.com/MN/bill/SR11/2021/X1,https://www.revisor.mn.gov/bills/bill.php?b=Senate&f=SR0011&ssn=1&y=2021
1517906,1839,SR12,1,Introduced,2021-06-28,"A Senate resolution honoring White Bear Lake Mayor Jo Emerson","A Senate resolution honoring White Bear Lake Mayor Jo Emerson",1750,"Senate Rules and Administration",2021-06-28,"Referred to Rules and Administration",https://legiscan.com/MN/bill/SR12/2021/X1,https://www.revisor.mn.gov/bills/bill.php?b=Senate&f=SR0012&ssn=1&y=2021
1518217,1839,SR13,4,Passed,2021-06-30,"A Senate resolution amending the Temporary Rules of the Senate","A Senate resolution amending the Temporary Rules of the Senate",0,,2021-06-30,"Adopted (voice vote)",https://legiscan.com/MN/bill/SR13/2021/X1,https://www.revisor.mn.gov/bills/bill.php?b=Senate&f=SR0013&ssn=1&y=2021
1518200,1839,SR14,1,Introduced,2021-06-30,"A Senate resolution congratulating Daniel L. Bergquist for earning the rank of Eagle Scout","A Senate resolution congratulating Daniel L. Bergquist for earning the rank of Eagle Scout",1750,"Senate Rules and Administration",2021-06-30,"Referred to Rules and Administration",https://legiscan.com/MN/bill/SR14/2021/X1,https://www.revisor.mn.gov/bills/bill.php?b=Senate&f=SR0014&ssn=1&y=2021
