bill_id,document_id,document_type,document_size,document_mime,document_desc,url,state_link
1515913,2415900,text,200757,application/pdf,Introduced,https://legiscan.com/MN/text/HF1/id/2415900,https://www.revisor.mn.gov/bills/text.php?number=HF1&version=0&session=ls92&session_year=2021&session_number=1&format=pdf
1515913,2418330,text,1389071,application/pdf,Engrossed,https://legiscan.com/MN/text/HF1/id/2418330,https://www.revisor.mn.gov/bills/text.php?number=HF1&version=1&session=ls92&session_year=2021&session_number=1&format=pdf
1515897,2415884,text,394038,application/pdf,Introduced,https://legiscan.com/MN/text/HF2/id/2415884,https://www.revisor.mn.gov/bills/text.php?number=HF2&version=0&session=ls92&session_year=2021&session_number=1&format=pdf
1515897,2419970,text,1674384,application/pdf,Engrossed,https://legiscan.com/MN/text/HF2/id/2419970,https://www.revisor.mn.gov/bills/text.php?number=HF2&version=1&session=ls92&session_year=2021&session_number=1&format=pdf
1515890,2415877,text,243323,application/pdf,Introduced,https://legiscan.com/MN/text/HF3/id/2415877,https://www.revisor.mn.gov/bills/text.php?number=HF3&version=0&session=ls92&session_year=2021&session_number=1&format=pdf
1515855,2415841,text,192644,application/pdf,Introduced,https://legiscan.com/MN/text/HF4/id/2415841,https://www.revisor.mn.gov/bills/text.php?number=HF4&version=0&session=ls92&session_year=2021&session_number=1&format=pdf
1515855,2418324,text,804044,application/pdf,Engrossed,https://legiscan.com/MN/text/HF4/id/2418324,https://www.revisor.mn.gov/bills/text.php?number=HF4&version=1&session=ls92&session_year=2021&session_number=1&format=pdf
1515874,2415861,text,223168,application/pdf,Introduced,https://legiscan.com/MN/text/HF5/id/2415861,https://www.revisor.mn.gov/bills/text.php?number=HF5&version=0&session=ls92&session_year=2021&session_number=1&format=pdf
1515874,2419028,text,3595990,application/pdf,Engrossed,https://legiscan.com/MN/text/HF5/id/2419028,https://www.revisor.mn.gov/bills/text.php?number=HF5&version=1&session=ls92&session_year=2021&session_number=1&format=pdf
1515860,2415846,text,2376944,application/pdf,Introduced,https://legiscan.com/MN/text/HF6/id/2415846,https://www.revisor.mn.gov/bills/text.php?number=HF6&version=0&session=ls92&session_year=2021&session_number=1&format=pdf
1515860,2418796,text,2386121,application/pdf,Engrossed,https://legiscan.com/MN/text/HF6/id/2418796,https://www.revisor.mn.gov/bills/text.php?number=HF6&version=1&session=ls92&session_year=2021&session_number=1&format=pdf
1515852,2415838,text,1335200,application/pdf,Introduced,https://legiscan.com/MN/text/HF7/id/2415838,https://www.revisor.mn.gov/bills/text.php?number=HF7&version=0&session=ls92&session_year=2021&session_number=1&format=pdf
1515852,2418384,text,1343023,application/pdf,Engrossed,https://legiscan.com/MN/text/HF7/id/2418384,https://www.revisor.mn.gov/bills/text.php?number=HF7&version=1&session=ls92&session_year=2021&session_number=1&format=pdf
1515905,2415893,text,438448,application/pdf,Introduced,https://legiscan.com/MN/text/HF8/id/2415893,https://www.revisor.mn.gov/bills/text.php?number=HF8&version=0&session=ls92&session_year=2021&session_number=1&format=pdf
1515905,2416657,text,440356,application/pdf,Engrossed,https://legiscan.com/MN/text/HF8/id/2416657,https://www.revisor.mn.gov/bills/text.php?number=HF8&version=1&session=ls92&session_year=2021&session_number=1&format=pdf
1515857,2415843,text,3043385,application/pdf,Introduced,https://legiscan.com/MN/text/HF9/id/2415843,https://www.revisor.mn.gov/bills/text.php?number=HF9&version=0&session=ls92&session_year=2021&session_number=1&format=pdf
1515857,2421173,text,3351209,application/pdf,Engrossed,https://legiscan.com/MN/text/HF9/id/2421173,https://www.revisor.mn.gov/bills/text.php?number=HF9&version=1&session=ls92&session_year=2021&session_number=1&format=pdf
1515857,2422209,text,3586425,application/pdf,Engrossed,https://legiscan.com/MN/text/HF9/id/2422209,https://www.revisor.mn.gov/bills/text.php?number=HF9&version=2&session=ls92&session_year=2021&session_number=1&format=pdf
1515894,2415881,text,231960,application/pdf,Introduced,https://legiscan.com/MN/text/HF10/id/2415881,https://www.revisor.mn.gov/bills/text.php?number=HF10&version=0&session=ls92&session_year=2021&session_number=1&format=pdf
1515894,2418605,text,2492895,application/pdf,Engrossed,https://legiscan.com/MN/text/HF10/id/2418605,https://www.revisor.mn.gov/bills/text.php?number=HF10&version=1&session=ls92&session_year=2021&session_number=1&format=pdf
1515865,2415851,text,204891,application/pdf,Introduced,https://legiscan.com/MN/text/HF11/id/2415851,https://www.revisor.mn.gov/bills/text.php?number=HF11&version=0&session=ls92&session_year=2021&session_number=1&format=pdf
1515888,2415875,text,200639,application/pdf,Introduced,https://legiscan.com/MN/text/HF12/id/2415875,https://www.revisor.mn.gov/bills/text.php?number=HF12&version=0&session=ls92&session_year=2021&session_number=1&format=pdf
1515910,2415897,text,1497219,application/pdf,Introduced,https://legiscan.com/MN/text/HF13/id/2415897,https://www.revisor.mn.gov/bills/text.php?number=HF13&version=0&session=ls92&session_year=2021&session_number=1&format=pdf
1515917,2415904,text,280580,application/pdf,Introduced,https://legiscan.com/MN/text/HF14/id/2415904,https://www.revisor.mn.gov/bills/text.php?number=HF14&version=0&session=ls92&session_year=2021&session_number=1&format=pdf
1515881,2415867,text,199465,application/pdf,Introduced,https://legiscan.com/MN/text/HF15/id/2415867,https://www.revisor.mn.gov/bills/text.php?number=HF15&version=0&session=ls92&session_year=2021&session_number=1&format=pdf
1515926,2415912,text,233291,application/pdf,Introduced,https://legiscan.com/MN/text/HF16/id/2415912,https://www.revisor.mn.gov/bills/text.php?number=HF16&version=0&session=ls92&session_year=2021&session_number=1&format=pdf
1515858,2415844,text,214188,application/pdf,Introduced,https://legiscan.com/MN/text/HF17/id/2415844,https://www.revisor.mn.gov/bills/text.php?number=HF17&version=0&session=ls92&session_year=2021&session_number=1&format=pdf
1515879,2415866,text,207612,application/pdf,Introduced,https://legiscan.com/MN/text/HF18/id/2415866,https://www.revisor.mn.gov/bills/text.php?number=HF18&version=0&session=ls92&session_year=2021&session_number=1&format=pdf
1515912,2415899,text,233117,application/pdf,Introduced,https://legiscan.com/MN/text/HF19/id/2415899,https://www.revisor.mn.gov/bills/text.php?number=HF19&version=0&session=ls92&session_year=2021&session_number=1&format=pdf
1515921,2415908,text,205789,application/pdf,Introduced,https://legiscan.com/MN/text/HF20/id/2415908,https://www.revisor.mn.gov/bills/text.php?number=HF20&version=0&session=ls92&session_year=2021&session_number=1&format=pdf
1515872,2415859,text,199570,application/pdf,Introduced,https://legiscan.com/MN/text/HF21/id/2415859,https://www.revisor.mn.gov/bills/text.php?number=HF21&version=0&session=ls92&session_year=2021&session_number=1&format=pdf
1515875,2415862,text,246537,application/pdf,Introduced,https://legiscan.com/MN/text/HF22/id/2415862,https://www.revisor.mn.gov/bills/text.php?number=HF22&version=0&session=ls92&session_year=2021&session_number=1&format=pdf
1515901,2415889,text,205767,application/pdf,Introduced,https://legiscan.com/MN/text/HF23/id/2415889,https://www.revisor.mn.gov/bills/text.php?number=HF23&version=0&session=ls92&session_year=2021&session_number=1&format=pdf
1515918,2415905,text,215764,application/pdf,Introduced,https://legiscan.com/MN/text/HF24/id/2415905,https://www.revisor.mn.gov/bills/text.php?number=HF24&version=0&session=ls92&session_year=2021&session_number=1&format=pdf
1515862,2415848,text,208302,application/pdf,Introduced,https://legiscan.com/MN/text/HF25/id/2415848,https://www.revisor.mn.gov/bills/text.php?number=HF25&version=0&session=ls92&session_year=2021&session_number=1&format=pdf
1515887,2415874,text,265583,application/pdf,Introduced,https://legiscan.com/MN/text/HF26/id/2415874,https://www.revisor.mn.gov/bills/text.php?number=HF26&version=0&session=ls92&session_year=2021&session_number=1&format=pdf
1515882,2415868,text,244774,application/pdf,Introduced,https://legiscan.com/MN/text/HF27/id/2415868,https://www.revisor.mn.gov/bills/text.php?number=HF27&version=0&session=ls92&session_year=2021&session_number=1&format=pdf
1515909,2415896,text,315376,application/pdf,Introduced,https://legiscan.com/MN/text/HF28/id/2415896,https://www.revisor.mn.gov/bills/text.php?number=HF28&version=0&session=ls92&session_year=2021&session_number=1&format=pdf
1515878,2415865,text,288501,application/pdf,Introduced,https://legiscan.com/MN/text/HF29/id/2415865,https://www.revisor.mn.gov/bills/text.php?number=HF29&version=0&session=ls92&session_year=2021&session_number=1&format=pdf
1515903,2415891,text,210841,application/pdf,Introduced,https://legiscan.com/MN/text/HF30/id/2415891,https://www.revisor.mn.gov/bills/text.php?number=HF30&version=0&session=ls92&session_year=2021&session_number=1&format=pdf
1515854,2415840,text,208029,application/pdf,Introduced,https://legiscan.com/MN/text/HF31/id/2415840,https://www.revisor.mn.gov/bills/text.php?number=HF31&version=0&session=ls92&session_year=2021&session_number=1&format=pdf
1515885,2415872,text,229821,application/pdf,Introduced,https://legiscan.com/MN/text/HF32/id/2415872,https://www.revisor.mn.gov/bills/text.php?number=HF32&version=0&session=ls92&session_year=2021&session_number=1&format=pdf
1516035,2416232,text,202398,application/pdf,Introduced,https://legiscan.com/MN/text/HF33/id/2416232,https://www.revisor.mn.gov/bills/text.php?number=HF33&version=0&session=ls92&session_year=2021&session_number=1&format=pdf
1516035,2419967,text,196911,application/pdf,Engrossed,https://legiscan.com/MN/text/HF33/id/2419967,https://www.revisor.mn.gov/bills/text.php?number=HF33&version=1&session=ls92&session_year=2021&session_number=1&format=pdf
1516035,2421043,text,7966012,application/pdf,Engrossed,https://legiscan.com/MN/text/HF33/id/2421043,https://www.revisor.mn.gov/bills/text.php?number=HF33&version=2&session=ls92&session_year=2021&session_number=1&format=pdf
1516019,2416214,text,295303,application/pdf,Introduced,https://legiscan.com/MN/text/HF34/id/2416214,https://www.revisor.mn.gov/bills/text.php?number=HF34&version=0&session=ls92&session_year=2021&session_number=1&format=pdf
1516069,2416272,text,237360,application/pdf,Introduced,https://legiscan.com/MN/text/HF35/id/2416272,https://www.revisor.mn.gov/bills/text.php?number=HF35&version=0&session=ls92&session_year=2021&session_number=1&format=pdf
1516041,2416239,text,221231,application/pdf,Introduced,https://legiscan.com/MN/text/HF36/id/2416239,https://www.revisor.mn.gov/bills/text.php?number=HF36&version=0&session=ls92&session_year=2021&session_number=1&format=pdf
1516051,2416251,text,355125,application/pdf,Introduced,https://legiscan.com/MN/text/HF37/id/2416251,https://www.revisor.mn.gov/bills/text.php?number=HF37&version=0&session=ls92&session_year=2021&session_number=1&format=pdf
1516021,2416216,text,219716,application/pdf,Introduced,https://legiscan.com/MN/text/HF38/id/2416216,https://www.revisor.mn.gov/bills/text.php?number=HF38&version=0&session=ls92&session_year=2021&session_number=1&format=pdf
1516637,2417641,text,205444,application/pdf,Introduced,https://legiscan.com/MN/text/HF39/id/2417641,https://www.revisor.mn.gov/bills/text.php?number=HF39&version=0&session=ls92&session_year=2021&session_number=1&format=pdf
1516643,2417647,text,210189,application/pdf,Introduced,https://legiscan.com/MN/text/HF40/id/2417647,https://www.revisor.mn.gov/bills/text.php?number=HF40&version=0&session=ls92&session_year=2021&session_number=1&format=pdf
1516634,2417638,text,251945,application/pdf,Introduced,https://legiscan.com/MN/text/HF41/id/2417638,https://www.revisor.mn.gov/bills/text.php?number=HF41&version=0&session=ls92&session_year=2021&session_number=1&format=pdf
1516650,2417654,text,229046,application/pdf,Introduced,https://legiscan.com/MN/text/HF42/id/2417654,https://www.revisor.mn.gov/bills/text.php?number=HF42&version=0&session=ls92&session_year=2021&session_number=1&format=pdf
1516875,2418132,text,208765,application/pdf,Introduced,https://legiscan.com/MN/text/HF43/id/2418132,https://www.revisor.mn.gov/bills/text.php?number=HF43&version=0&session=ls92&session_year=2021&session_number=1&format=pdf
1516880,2418137,text,255101,application/pdf,Introduced,https://legiscan.com/MN/text/HF44/id/2418137,https://www.revisor.mn.gov/bills/text.php?number=HF44&version=0&session=ls92&session_year=2021&session_number=1&format=pdf
1516879,2418136,text,218625,application/pdf,Introduced,https://legiscan.com/MN/text/HF45/id/2418136,https://www.revisor.mn.gov/bills/text.php?number=HF45&version=0&session=ls92&session_year=2021&session_number=1&format=pdf
1516874,2418131,text,233197,application/pdf,Introduced,https://legiscan.com/MN/text/HF46/id/2418131,https://www.revisor.mn.gov/bills/text.php?number=HF46&version=0&session=ls92&session_year=2021&session_number=1&format=pdf
1516877,2418134,text,235930,application/pdf,Introduced,https://legiscan.com/MN/text/HF47/id/2418134,https://www.revisor.mn.gov/bills/text.php?number=HF47&version=0&session=ls92&session_year=2021&session_number=1&format=pdf
1516878,2418135,text,233131,application/pdf,Introduced,https://legiscan.com/MN/text/HF48/id/2418135,https://www.revisor.mn.gov/bills/text.php?number=HF48&version=0&session=ls92&session_year=2021&session_number=1&format=pdf
1516889,2418316,text,244830,application/pdf,Introduced,https://legiscan.com/MN/text/HF49/id/2418316,https://www.revisor.mn.gov/bills/text.php?number=HF49&version=0&session=ls92&session_year=2021&session_number=1&format=pdf
1516888,2418315,text,228168,application/pdf,Introduced,https://legiscan.com/MN/text/HF50/id/2418315,https://www.revisor.mn.gov/bills/text.php?number=HF50&version=0&session=ls92&session_year=2021&session_number=1&format=pdf
1517087,2418950,text,207238,application/pdf,Introduced,https://legiscan.com/MN/text/HF51/id/2418950,https://www.revisor.mn.gov/bills/text.php?number=HF51&version=0&session=ls92&session_year=2021&session_number=1&format=pdf
1517097,2418959,text,568372,application/pdf,Introduced,https://legiscan.com/MN/text/HF52/id/2418959,https://www.revisor.mn.gov/bills/text.php?number=HF52&version=0&session=ls92&session_year=2021&session_number=1&format=pdf
1517097,2420132,text,651707,application/pdf,Engrossed,https://legiscan.com/MN/text/HF52/id/2420132,https://www.revisor.mn.gov/bills/text.php?number=HF52&version=1&session=ls92&session_year=2021&session_number=1&format=pdf
1517097,2421009,text,589536,application/pdf,Engrossed,https://legiscan.com/MN/text/HF52/id/2421009,https://www.revisor.mn.gov/bills/text.php?number=HF52&version=2&session=ls92&session_year=2021&session_number=1&format=pdf
1517063,2418927,text,257398,application/pdf,Introduced,https://legiscan.com/MN/text/HF53/id/2418927,https://www.revisor.mn.gov/bills/text.php?number=HF53&version=0&session=ls92&session_year=2021&session_number=1&format=pdf
1517072,2418936,text,211904,application/pdf,Introduced,https://legiscan.com/MN/text/HF54/id/2418936,https://www.revisor.mn.gov/bills/text.php?number=HF54&version=0&session=ls92&session_year=2021&session_number=1&format=pdf
1517079,2418942,text,193156,application/pdf,Introduced,https://legiscan.com/MN/text/HF55/id/2418942,https://www.revisor.mn.gov/bills/text.php?number=HF55&version=0&session=ls92&session_year=2021&session_number=1&format=pdf
1517056,2418918,text,215668,application/pdf,Introduced,https://legiscan.com/MN/text/HF56/id/2418918,https://www.revisor.mn.gov/bills/text.php?number=HF56&version=0&session=ls92&session_year=2021&session_number=1&format=pdf
1517223,2419314,text,196929,application/pdf,Introduced,https://legiscan.com/MN/text/HF57/id/2419314,https://www.revisor.mn.gov/bills/text.php?number=HF57&version=0&session=ls92&session_year=2021&session_number=1&format=pdf
1517412,2419907,text,232462,application/pdf,Introduced,https://legiscan.com/MN/text/HF58/id/2419907,https://www.revisor.mn.gov/bills/text.php?number=HF58&version=0&session=ls92&session_year=2021&session_number=1&format=pdf
1517378,2419882,text,201277,application/pdf,Introduced,https://legiscan.com/MN/text/HF59/id/2419882,https://www.revisor.mn.gov/bills/text.php?number=HF59&version=0&session=ls92&session_year=2021&session_number=1&format=pdf
1517400,2419899,text,261774,application/pdf,Introduced,https://legiscan.com/MN/text/HF60/id/2419899,https://www.revisor.mn.gov/bills/text.php?number=HF60&version=0&session=ls92&session_year=2021&session_number=1&format=pdf
1517801,2420559,text,404076,application/pdf,Introduced,https://legiscan.com/MN/text/HF61/id/2420559,https://www.revisor.mn.gov/bills/text.php?number=HF61&version=0&session=ls92&session_year=2021&session_number=1&format=pdf
1517809,2420566,text,231519,application/pdf,Introduced,https://legiscan.com/MN/text/HF62/id/2420566,https://www.revisor.mn.gov/bills/text.php?number=HF62&version=0&session=ls92&session_year=2021&session_number=1&format=pdf
1517888,2420914,text,242887,application/pdf,Introduced,https://legiscan.com/MN/text/HF63/id/2420914,https://www.revisor.mn.gov/bills/text.php?number=HF63&version=0&session=ls92&session_year=2021&session_number=1&format=pdf
1517888,2421049,text,3455494,application/pdf,Engrossed,https://legiscan.com/MN/text/HF63/id/2421049,https://www.revisor.mn.gov/bills/text.php?number=HF63&version=1&session=ls92&session_year=2021&session_number=1&format=pdf
1517888,2421849,text,3498501,application/pdf,Engrossed,https://legiscan.com/MN/text/HF63/id/2421849,https://www.revisor.mn.gov/bills/text.php?number=HF63&version=2&session=ls92&session_year=2021&session_number=1&format=pdf
1517889,2420915,text,233764,application/pdf,Introduced,https://legiscan.com/MN/text/HF64/id/2420915,https://www.revisor.mn.gov/bills/text.php?number=HF64&version=0&session=ls92&session_year=2021&session_number=1&format=pdf
1517891,2420917,text,202103,application/pdf,Introduced,https://legiscan.com/MN/text/HF65/id/2420917,https://www.revisor.mn.gov/bills/text.php?number=HF65&version=0&session=ls92&session_year=2021&session_number=1&format=pdf
1517887,2420913,text,383776,application/pdf,Introduced,https://legiscan.com/MN/text/HF66/id/2420913,https://www.revisor.mn.gov/bills/text.php?number=HF66&version=0&session=ls92&session_year=2021&session_number=1&format=pdf
1517890,2420916,text,232336,application/pdf,Introduced,https://legiscan.com/MN/text/HF67/id/2420916,https://www.revisor.mn.gov/bills/text.php?number=HF67&version=0&session=ls92&session_year=2021&session_number=1&format=pdf
1517893,2421037,text,201420,application/pdf,Introduced,https://legiscan.com/MN/text/HF68/id/2421037,https://www.revisor.mn.gov/bills/text.php?number=HF68&version=0&session=ls92&session_year=2021&session_number=1&format=pdf
1518120,2421740,text,207562,application/pdf,Introduced,https://legiscan.com/MN/text/HF69/id/2421740,https://www.revisor.mn.gov/bills/text.php?number=HF69&version=0&session=ls92&session_year=2021&session_number=1&format=pdf
1515838,2415815,text,67262,text/html,Draft,https://legiscan.com/MN/text/HC1/id/2415815,https://www.revisor.mn.gov/bills/text.php?number=HC1&session=ls92&version=latest&session_number=1&session_year=2021
1515892,2415879,text,229245,application/pdf,Introduced,https://legiscan.com/MN/text/SF1/id/2415879,https://www.revisor.mn.gov/bills/text.php?number=SF1&version=0&session=ls92&session_year=2021&session_number=1&format=pdf
1515904,2415892,text,203110,application/pdf,Introduced,https://legiscan.com/MN/text/SF2/id/2415892,https://www.revisor.mn.gov/bills/text.php?number=SF2&version=0&session=ls92&session_year=2021&session_number=1&format=pdf
1515904,2420463,text,1249388,application/pdf,Engrossed,https://legiscan.com/MN/text/SF2/id/2420463,https://www.revisor.mn.gov/bills/text.php?number=SF2&version=1&session=ls92&session_year=2021&session_number=1&format=pdf
1515904,2420706,text,1260753,application/pdf,Engrossed,https://legiscan.com/MN/text/SF2/id/2420706,https://www.revisor.mn.gov/bills/text.php?number=SF2&version=2&session=ls92&session_year=2021&session_number=1&format=pdf
1515904,2421908,text,1308381,application/pdf,Engrossed,https://legiscan.com/MN/text/SF2/id/2421908,https://www.revisor.mn.gov/bills/text.php?number=SF2&version=3&session=ls92&session_year=2021&session_number=1&format=pdf
1515853,2415839,text,282405,application/pdf,Introduced,https://legiscan.com/MN/text/SF3/id/2415839,https://www.revisor.mn.gov/bills/text.php?number=SF3&version=0&session=ls92&session_year=2021&session_number=1&format=pdf
1515870,2415857,text,212424,application/pdf,Introduced,https://legiscan.com/MN/text/SF4/id/2415857,https://www.revisor.mn.gov/bills/text.php?number=SF4&version=0&session=ls92&session_year=2021&session_number=1&format=pdf
1515873,2415860,text,234103,application/pdf,Introduced,https://legiscan.com/MN/text/SF5/id/2415860,https://www.revisor.mn.gov/bills/text.php?number=SF5&version=0&session=ls92&session_year=2021&session_number=1&format=pdf
1515895,2415882,text,208351,application/pdf,Introduced,https://legiscan.com/MN/text/SF6/id/2415882,https://www.revisor.mn.gov/bills/text.php?number=SF6&version=0&session=ls92&session_year=2021&session_number=1&format=pdf
1515916,2415903,text,244935,application/pdf,Introduced,https://legiscan.com/MN/text/SF7/id/2415903,https://www.revisor.mn.gov/bills/text.php?number=SF7&version=0&session=ls92&session_year=2021&session_number=1&format=pdf
1515916,2421545,text,3435985,application/pdf,Engrossed,https://legiscan.com/MN/text/SF7/id/2421545,https://www.revisor.mn.gov/bills/text.php?number=SF7&version=1&session=ls92&session_year=2021&session_number=1&format=pdf
1515907,2415894,text,245783,application/pdf,Introduced,https://legiscan.com/MN/text/SF8/id/2415894,https://www.revisor.mn.gov/bills/text.php?number=SF8&version=0&session=ls92&session_year=2021&session_number=1&format=pdf
1515919,2415906,text,202315,application/pdf,Introduced,https://legiscan.com/MN/text/SF9/id/2415906,https://www.revisor.mn.gov/bills/text.php?number=SF9&version=0&session=ls92&session_year=2021&session_number=1&format=pdf
1515919,2418109,text,1395258,application/pdf,Engrossed,https://legiscan.com/MN/text/SF9/id/2418109,https://www.revisor.mn.gov/bills/text.php?number=SF9&version=1&session=ls92&session_year=2021&session_number=1&format=pdf
1515919,2418488,text,1425848,application/pdf,Engrossed,https://legiscan.com/MN/text/SF9/id/2418488,https://www.revisor.mn.gov/bills/text.php?number=SF9&version=2&session=ls92&session_year=2021&session_number=1&format=pdf
1515919,2418611,text,1366524,application/pdf,Engrossed,https://legiscan.com/MN/text/SF9/id/2418611,https://www.revisor.mn.gov/bills/text.php?number=SF9&version=3&session=ls92&session_year=2021&session_number=1&format=pdf
1515919,2419007,text,1369500,application/pdf,Engrossed,https://legiscan.com/MN/text/SF9/id/2419007,https://www.revisor.mn.gov/bills/text.php?number=SF9&version=4&session=ls92&session_year=2021&session_number=1&format=pdf
1515919,2421713,text,1392709,application/pdf,Engrossed,https://legiscan.com/MN/text/SF9/id/2421713,https://www.revisor.mn.gov/bills/text.php?number=SF9&version=5&session=ls92&session_year=2021&session_number=1&format=pdf
1515886,2415873,text,232859,application/pdf,Introduced,https://legiscan.com/MN/text/SF10/id/2415873,https://www.revisor.mn.gov/bills/text.php?number=SF10&version=0&session=ls92&session_year=2021&session_number=1&format=pdf
1515886,2418609,text,2499547,application/pdf,Engrossed,https://legiscan.com/MN/text/SF10/id/2418609,https://www.revisor.mn.gov/bills/text.php?number=SF10&version=1&session=ls92&session_year=2021&session_number=1&format=pdf
1515869,2415856,text,216754,application/pdf,Introduced,https://legiscan.com/MN/text/SF11/id/2415856,https://www.revisor.mn.gov/bills/text.php?number=SF11&version=0&session=ls92&session_year=2021&session_number=1&format=pdf
1515900,2415888,text,206199,application/pdf,Introduced,https://legiscan.com/MN/text/SF12/id/2415888,https://www.revisor.mn.gov/bills/text.php?number=SF12&version=0&session=ls92&session_year=2021&session_number=1&format=pdf
1515927,2415913,text,231510,application/pdf,Introduced,https://legiscan.com/MN/text/SF13/id/2415913,https://www.revisor.mn.gov/bills/text.php?number=SF13&version=0&session=ls92&session_year=2021&session_number=1&format=pdf
1515922,2415909,text,208708,application/pdf,Introduced,https://legiscan.com/MN/text/SF14/id/2415909,https://www.revisor.mn.gov/bills/text.php?number=SF14&version=0&session=ls92&session_year=2021&session_number=1&format=pdf
1515863,2415849,text,209081,application/pdf,Introduced,https://legiscan.com/MN/text/SF15/id/2415849,https://www.revisor.mn.gov/bills/text.php?number=SF15&version=0&session=ls92&session_year=2021&session_number=1&format=pdf
1515908,2415895,text,192432,application/pdf,Introduced,https://legiscan.com/MN/text/SF16/id/2415895,https://www.revisor.mn.gov/bills/text.php?number=SF16&version=0&session=ls92&session_year=2021&session_number=1&format=pdf
1515908,2418253,text,805960,application/pdf,Engrossed,https://legiscan.com/MN/text/SF16/id/2418253,https://www.revisor.mn.gov/bills/text.php?number=SF16&version=1&session=ls92&session_year=2021&session_number=1&format=pdf
1515925,2415911,text,205365,application/pdf,Introduced,https://legiscan.com/MN/text/SF17/id/2415911,https://www.revisor.mn.gov/bills/text.php?number=SF17&version=0&session=ls92&session_year=2021&session_number=1&format=pdf
1515836,2415813,text,1341994,application/pdf,Introduced,https://legiscan.com/MN/text/SF18/id/2415813,https://www.revisor.mn.gov/bills/text.php?number=SF18&version=0&session=ls92&session_year=2021&session_number=1&format=pdf
1515836,2417264,text,1343109,application/pdf,Engrossed,https://legiscan.com/MN/text/SF18/id/2417264,https://www.revisor.mn.gov/bills/text.php?number=SF18&version=1&session=ls92&session_year=2021&session_number=1&format=pdf
1515839,2415816,text,2389808,application/pdf,Introduced,https://legiscan.com/MN/text/SF19/id/2415816,https://www.revisor.mn.gov/bills/text.php?number=SF19&version=0&session=ls92&session_year=2021&session_number=1&format=pdf
1515839,2417271,text,2392442,application/pdf,Engrossed,https://legiscan.com/MN/text/SF19/id/2417271,https://www.revisor.mn.gov/bills/text.php?number=SF19&version=1&session=ls92&session_year=2021&session_number=1&format=pdf
1515923,2415910,text,225534,application/pdf,Introduced,https://legiscan.com/MN/text/SF20/id/2415910,https://www.revisor.mn.gov/bills/text.php?number=SF20&version=0&session=ls92&session_year=2021&session_number=1&format=pdf
1515923,2419102,text,3616287,application/pdf,Engrossed,https://legiscan.com/MN/text/SF20/id/2419102,https://www.revisor.mn.gov/bills/text.php?number=SF20&version=1&session=ls92&session_year=2021&session_number=1&format=pdf
1515847,2415822,text,1507585,application/pdf,Introduced,https://legiscan.com/MN/text/SF21/id/2415822,https://www.revisor.mn.gov/bills/text.php?number=SF21&version=0&session=ls92&session_year=2021&session_number=1&format=pdf
1515891,2415878,text,215078,application/pdf,Introduced,https://legiscan.com/MN/text/SF22/id/2415878,https://www.revisor.mn.gov/bills/text.php?number=SF22&version=0&session=ls92&session_year=2021&session_number=1&format=pdf
1515877,2415864,text,394735,application/pdf,Introduced,https://legiscan.com/MN/text/SF23/id/2415864,https://www.revisor.mn.gov/bills/text.php?number=SF23&version=0&session=ls92&session_year=2021&session_number=1&format=pdf
1515877,2420460,text,1678289,application/pdf,Engrossed,https://legiscan.com/MN/text/SF23/id/2420460,https://www.revisor.mn.gov/bills/text.php?number=SF23&version=1&session=ls92&session_year=2021&session_number=1&format=pdf
1515864,2415850,text,215081,application/pdf,Introduced,https://legiscan.com/MN/text/SF24/id/2415850,https://www.revisor.mn.gov/bills/text.php?number=SF24&version=0&session=ls92&session_year=2021&session_number=1&format=pdf
1515896,2415883,text,440614,application/pdf,Introduced,https://legiscan.com/MN/text/SF25/id/2415883,https://www.revisor.mn.gov/bills/text.php?number=SF25&version=0&session=ls92&session_year=2021&session_number=1&format=pdf
1515896,2417374,text,441472,application/pdf,Engrossed,https://legiscan.com/MN/text/SF25/id/2417374,https://www.revisor.mn.gov/bills/text.php?number=SF25&version=1&session=ls92&session_year=2021&session_number=1&format=pdf
1516070,2416273,text,3061500,application/pdf,Introduced,https://legiscan.com/MN/text/SF26/id/2416273,https://www.revisor.mn.gov/bills/text.php?number=SF26&version=0&session=ls92&session_year=2021&session_number=1&format=pdf
1516070,2422160,text,3401866,application/pdf,Engrossed,https://legiscan.com/MN/text/SF26/id/2422160,https://www.revisor.mn.gov/bills/text.php?number=SF26&version=1&session=ls92&session_year=2021&session_number=1&format=pdf
1516039,2416237,text,223266,application/pdf,Introduced,https://legiscan.com/MN/text/SF27/id/2416237,https://www.revisor.mn.gov/bills/text.php?number=SF27&version=0&session=ls92&session_year=2021&session_number=1&format=pdf
1516065,2416267,text,238535,application/pdf,Introduced,https://legiscan.com/MN/text/SF28/id/2416267,https://www.revisor.mn.gov/bills/text.php?number=SF28&version=0&session=ls92&session_year=2021&session_number=1&format=pdf
1516063,2416264,text,230787,application/pdf,Introduced,https://legiscan.com/MN/text/SF29/id/2416264,https://www.revisor.mn.gov/bills/text.php?number=SF29&version=0&session=ls92&session_year=2021&session_number=1&format=pdf
1516067,2416269,text,212051,application/pdf,Introduced,https://legiscan.com/MN/text/SF30/id/2416269,https://www.revisor.mn.gov/bills/text.php?number=SF30&version=0&session=ls92&session_year=2021&session_number=1&format=pdf
1516047,2416246,text,356331,application/pdf,Introduced,https://legiscan.com/MN/text/SF31/id/2416246,https://www.revisor.mn.gov/bills/text.php?number=SF31&version=0&session=ls92&session_year=2021&session_number=1&format=pdf
1516029,2416225,text,200641,application/pdf,Introduced,https://legiscan.com/MN/text/SF32/id/2416225,https://www.revisor.mn.gov/bills/text.php?number=SF32&version=0&session=ls92&session_year=2021&session_number=1&format=pdf
1516054,2416255,text,199408,application/pdf,Introduced,https://legiscan.com/MN/text/SF33/id/2416255,https://www.revisor.mn.gov/bills/text.php?number=SF33&version=0&session=ls92&session_year=2021&session_number=1&format=pdf
1516050,2416250,text,206688,application/pdf,Introduced,https://legiscan.com/MN/text/SF34/id/2416250,https://www.revisor.mn.gov/bills/text.php?number=SF34&version=0&session=ls92&session_year=2021&session_number=1&format=pdf
1516057,2416258,text,216262,application/pdf,Introduced,https://legiscan.com/MN/text/SF35/id/2416258,https://www.revisor.mn.gov/bills/text.php?number=SF35&version=0&session=ls92&session_year=2021&session_number=1&format=pdf
1516043,2416242,text,317050,application/pdf,Introduced,https://legiscan.com/MN/text/SF36/id/2416242,https://www.revisor.mn.gov/bills/text.php?number=SF36&version=0&session=ls92&session_year=2021&session_number=1&format=pdf
1516061,2416262,text,202720,application/pdf,Introduced,https://legiscan.com/MN/text/SF37/id/2416262,https://www.revisor.mn.gov/bills/text.php?number=SF37&version=0&session=ls92&session_year=2021&session_number=1&format=pdf
1516024,2416220,text,258759,application/pdf,Introduced,https://legiscan.com/MN/text/SF38/id/2416220,https://www.revisor.mn.gov/bills/text.php?number=SF38&version=0&session=ls92&session_year=2021&session_number=1&format=pdf
1516076,2416383,text,572096,application/pdf,Introduced,https://legiscan.com/MN/text/SF39/id/2416383,https://www.revisor.mn.gov/bills/text.php?number=SF39&version=0&session=ls92&session_year=2021&session_number=1&format=pdf
1516076,2417825,text,590025,application/pdf,Engrossed,https://legiscan.com/MN/text/SF39/id/2417825,https://www.revisor.mn.gov/bills/text.php?number=SF39&version=1&session=ls92&session_year=2021&session_number=1&format=pdf
1516114,2416419,text,220200,application/pdf,Introduced,https://legiscan.com/MN/text/SF40/id/2416419,https://www.revisor.mn.gov/bills/text.php?number=SF40&version=0&session=ls92&session_year=2021&session_number=1&format=pdf
1516500,2417170,text,210280,application/pdf,Introduced,https://legiscan.com/MN/text/SF41/id/2417170,https://www.revisor.mn.gov/bills/text.php?number=SF41&version=0&session=ls92&session_year=2021&session_number=1&format=pdf
1516491,2417161,text,248026,application/pdf,Introduced,https://legiscan.com/MN/text/SF42/id/2417161,https://www.revisor.mn.gov/bills/text.php?number=SF42&version=0&session=ls92&session_year=2021&session_number=1&format=pdf
1516536,2417203,text,200593,application/pdf,Introduced,https://legiscan.com/MN/text/SF43/id/2417203,https://www.revisor.mn.gov/bills/text.php?number=SF43&version=0&session=ls92&session_year=2021&session_number=1&format=pdf
1516475,2417145,text,199596,application/pdf,Introduced,https://legiscan.com/MN/text/SF44/id/2417145,https://www.revisor.mn.gov/bills/text.php?number=SF44&version=0&session=ls92&session_year=2021&session_number=1&format=pdf
1516527,2417194,text,239066,application/pdf,Introduced,https://legiscan.com/MN/text/SF45/id/2417194,https://www.revisor.mn.gov/bills/text.php?number=SF45&version=0&session=ls92&session_year=2021&session_number=1&format=pdf
1516748,2417924,text,213489,application/pdf,Introduced,https://legiscan.com/MN/text/SF46/id/2417924,https://www.revisor.mn.gov/bills/text.php?number=SF46&version=0&session=ls92&session_year=2021&session_number=1&format=pdf
1516738,2417914,text,191813,application/pdf,Introduced,https://legiscan.com/MN/text/SF47/id/2417914,https://www.revisor.mn.gov/bills/text.php?number=SF47&version=0&session=ls92&session_year=2021&session_number=1&format=pdf
1516724,2417900,text,257534,application/pdf,Introduced,https://legiscan.com/MN/text/SF48/id/2417900,https://www.revisor.mn.gov/bills/text.php?number=SF48&version=0&session=ls92&session_year=2021&session_number=1&format=pdf
1516732,2417908,text,201645,application/pdf,Introduced,https://legiscan.com/MN/text/SF49/id/2417908,https://www.revisor.mn.gov/bills/text.php?number=SF49&version=0&session=ls92&session_year=2021&session_number=1&format=pdf
1516744,2417920,text,290156,application/pdf,Introduced,https://legiscan.com/MN/text/SF50/id/2417920,https://www.revisor.mn.gov/bills/text.php?number=SF50&version=0&session=ls92&session_year=2021&session_number=1&format=pdf
1516753,2418010,text,220337,application/pdf,Introduced,https://legiscan.com/MN/text/SF51/id/2418010,https://www.revisor.mn.gov/bills/text.php?number=SF51&version=0&session=ls92&session_year=2021&session_number=1&format=pdf
1516754,2418011,text,233835,application/pdf,Introduced,https://legiscan.com/MN/text/SF52/id/2418011,https://www.revisor.mn.gov/bills/text.php?number=SF52&version=0&session=ls92&session_year=2021&session_number=1&format=pdf
1516752,2418009,text,254181,application/pdf,Introduced,https://legiscan.com/MN/text/SF53/id/2418009,https://www.revisor.mn.gov/bills/text.php?number=SF53&version=0&session=ls92&session_year=2021&session_number=1&format=pdf
1516882,2418171,text,232911,application/pdf,Introduced,https://legiscan.com/MN/text/SF54/id/2418171,https://www.revisor.mn.gov/bills/text.php?number=SF54&version=0&session=ls92&session_year=2021&session_number=1&format=pdf
1516884,2418173,text,299384,application/pdf,Introduced,https://legiscan.com/MN/text/SF55/id/2418173,https://www.revisor.mn.gov/bills/text.php?number=SF55&version=0&session=ls92&session_year=2021&session_number=1&format=pdf
1516885,2418174,text,205983,application/pdf,Introduced,https://legiscan.com/MN/text/SF56/id/2418174,https://www.revisor.mn.gov/bills/text.php?number=SF56&version=0&session=ls92&session_year=2021&session_number=1&format=pdf
1516883,2418172,text,195707,application/pdf,Introduced,https://legiscan.com/MN/text/SF57/id/2418172,https://www.revisor.mn.gov/bills/text.php?number=SF57&version=0&session=ls92&session_year=2021&session_number=1&format=pdf
1516886,2418175,text,247737,application/pdf,Introduced,https://legiscan.com/MN/text/SF58/id/2418175,https://www.revisor.mn.gov/bills/text.php?number=SF58&version=0&session=ls92&session_year=2021&session_number=1&format=pdf
1516967,2418645,text,216883,application/pdf,Introduced,https://legiscan.com/MN/text/SF59/id/2418645,https://www.revisor.mn.gov/bills/text.php?number=SF59&version=0&session=ls92&session_year=2021&session_number=1&format=pdf
1516966,2418644,text,205197,application/pdf,Introduced,https://legiscan.com/MN/text/SF60/id/2418644,https://www.revisor.mn.gov/bills/text.php?number=SF60&version=0&session=ls92&session_year=2021&session_number=1&format=pdf
1517124,2419080,text,220227,application/pdf,Introduced,https://legiscan.com/MN/text/SF61/id/2419080,https://www.revisor.mn.gov/bills/text.php?number=SF61&version=0&session=ls92&session_year=2021&session_number=1&format=pdf
1517389,2419889,text,210564,application/pdf,Introduced,https://legiscan.com/MN/text/SF62/id/2419889,https://www.revisor.mn.gov/bills/text.php?number=SF62&version=0&session=ls92&session_year=2021&session_number=1&format=pdf
1517423,2419918,text,252087,application/pdf,Introduced,https://legiscan.com/MN/text/SF63/id/2419918,https://www.revisor.mn.gov/bills/text.php?number=SF63&version=0&session=ls92&session_year=2021&session_number=1&format=pdf
1517599,2420192,text,200918,application/pdf,Introduced,https://legiscan.com/MN/text/SF64/id/2420192,https://www.revisor.mn.gov/bills/text.php?number=SF64&version=0&session=ls92&session_year=2021&session_number=1&format=pdf
1517583,2420177,text,206207,application/pdf,Introduced,https://legiscan.com/MN/text/SF65/id/2420177,https://www.revisor.mn.gov/bills/text.php?number=SF65&version=0&session=ls92&session_year=2021&session_number=1&format=pdf
1517577,2420171,text,204071,application/pdf,Introduced,https://legiscan.com/MN/text/SF66/id/2420171,https://www.revisor.mn.gov/bills/text.php?number=SF66&version=0&session=ls92&session_year=2021&session_number=1&format=pdf
1517592,2420186,text,405355,application/pdf,Introduced,https://legiscan.com/MN/text/SF67/id/2420186,https://www.revisor.mn.gov/bills/text.php?number=SF67&version=0&session=ls92&session_year=2021&session_number=1&format=pdf
1517857,2420731,text,199042,application/pdf,Introduced,https://legiscan.com/MN/text/SF68/id/2420731,https://www.revisor.mn.gov/bills/text.php?number=SF68&version=0&session=ls92&session_year=2021&session_number=1&format=pdf
1518015,2421370,text,209350,application/pdf,Introduced,https://legiscan.com/MN/text/SF69/id/2421370,https://www.revisor.mn.gov/bills/text.php?number=SF69&version=0&session=ls92&session_year=2021&session_number=1&format=pdf
1518053,2421593,text,202033,application/pdf,Introduced,https://legiscan.com/MN/text/SF70/id/2421593,https://www.revisor.mn.gov/bills/text.php?number=SF70&version=0&session=ls92&session_year=2021&session_number=1&format=pdf
1518494,2422942,text,209186,application/pdf,Introduced,https://legiscan.com/MN/text/SF71/id/2422942,https://www.revisor.mn.gov/bills/text.php?number=SF71&version=0&session=ls92&session_year=2021&session_number=1&format=pdf
1515843,2415818,text,2172,text/html,Draft,https://legiscan.com/MN/text/SR1/id/2415818,https://www.revisor.mn.gov/bills/text.php?number=SR1&session=ls92&version=latest&session_number=1&session_year=2021
1515844,2415819,text,1236,text/html,Draft,https://legiscan.com/MN/text/SR2/id/2415819,https://www.revisor.mn.gov/bills/text.php?number=SR2&session=ls92&version=latest&session_number=1&session_year=2021
1515848,2415823,text,5222,text/html,Draft,https://legiscan.com/MN/text/SR3/id/2415823,https://www.revisor.mn.gov/bills/text.php?number=SR3&session=ls92&version=latest&session_number=1&session_year=2021
1515850,2415824,text,4912,text/html,Draft,https://legiscan.com/MN/text/SR4/id/2415824,https://www.revisor.mn.gov/bills/text.php?number=SR4&session=ls92&version=latest&session_number=1&session_year=2021
1516032,2416229,text,2831,text/html,Draft,https://legiscan.com/MN/text/SR5/id/2416229,https://www.revisor.mn.gov/bills/text.php?number=SR5&session=ls92&version=latest&session_number=1&session_year=2021
1516026,2416222,text,4067,text/html,Draft,https://legiscan.com/MN/text/SR6/id/2416222,https://www.revisor.mn.gov/bills/text.php?number=SR6&session=ls92&version=latest&session_number=1&session_year=2021
1516518,2417186,text,3345,text/html,Draft,https://legiscan.com/MN/text/SR7/id/2417186,https://www.revisor.mn.gov/bills/text.php?number=SR7&session=ls92&version=latest&session_number=1&session_year=2021
1516482,2417152,text,3297,text/html,Draft,https://legiscan.com/MN/text/SR8/id/2417152,https://www.revisor.mn.gov/bills/text.php?number=SR8&session=ls92&version=latest&session_number=1&session_year=2021
1516509,2417178,text,3297,text/html,Draft,https://legiscan.com/MN/text/SR9/id/2417178,https://www.revisor.mn.gov/bills/text.php?number=SR9&session=ls92&version=latest&session_number=1&session_year=2021
1516751,2418008,text,5120,text/html,Draft,https://legiscan.com/MN/text/SR10/id/2418008,https://www.revisor.mn.gov/bills/text.php?number=SR10&session=ls92&version=latest&session_number=1&session_year=2021
1517841,2420653,text,5092,text/html,Draft,https://legiscan.com/MN/text/SR11/id/2420653,https://www.revisor.mn.gov/bills/text.php?number=SR11&session=ls92&version=latest&session_number=1&session_year=2021
1517906,2421137,text,6049,text/html,Draft,https://legiscan.com/MN/text/SR12/id/2421137,https://www.revisor.mn.gov/bills/text.php?number=SR12&session=ls92&version=latest&session_number=1&session_year=2021
1518217,2421973,text,5557,text/html,Draft,https://legiscan.com/MN/text/SR13/id/2421973,https://www.revisor.mn.gov/bills/text.php?number=SR13&session=ls92&version=latest&session_number=1&session_year=2021
1518200,2421954,text,3744,text/html,Draft,https://legiscan.com/MN/text/SR14/id/2421954,https://www.revisor.mn.gov/bills/text.php?number=SR14&session=ls92&version=latest&session_number=1&session_year=2021
