bill_id,date,chamber,sequence,action
1515836,2021-06-14,Senate,1,"Introduction and first reading"
1515836,2021-06-14,Senate,2,"Referred to Finance"
1515836,2021-06-16,Senate,3,"Comm report: To pass as amended"
1515836,2021-06-16,Senate,4,"Second reading"
1515836,2021-06-17,Senate,5,"Special Order"
1515836,2021-06-17,Senate,6,"Third reading"
1515836,2021-06-17,Senate,7,"Laid on table"
1515836,2021-06-21,Senate,8,"HF passed, no substitution HF7"
1515838,2021-06-14,House,1,"Resolution introduced"
1515838,2021-06-14,House,2,"Motion to suspend rules"
1515838,2021-06-14,House,3,"Motion did not prevail"
1515838,2021-06-14,House,4,"Referred to Rules and Legislative Administration"
1515839,2021-06-14,Senate,1,"Introduction and first reading"
1515839,2021-06-14,Senate,2,"Referred to Finance"
1515839,2021-06-15,Senate,3,"Authors added Senjem; Frentz; Utke; Mathews"
1515839,2021-06-16,Senate,4,"Comm report: To pass as amended"
1515839,2021-06-16,Senate,5,"Second reading"
1515839,2021-06-17,Senate,6,"Special Order"
1515839,2021-06-17,Senate,7,"Third reading"
1515839,2021-06-17,Senate,8,"Laid on table"
1515839,2021-06-22,Senate,9,"HF passed, no substitution HF6"
1515843,2021-06-14,Senate,1,Introduction
1515843,2021-06-14,Senate,2,Adopted
1515844,2021-06-14,Senate,1,Introduction
1515844,2021-06-14,Senate,2,"Adopted (voice vote)"
1515847,2021-06-14,Senate,1,"Introduction and first reading"
1515847,2021-06-14,Senate,2,"Referred to Finance"
1515847,2021-06-16,Senate,3,"Comm report: To pass"
1515847,2021-06-16,Senate,4,"Second reading"
1515847,2021-06-17,Senate,5,"Special Order"
1515847,2021-06-17,Senate,6,"Third reading"
1515847,2021-06-17,Senate,7,"Laid on table"
1515847,2021-06-21,Senate,8,"HF passed, no substitution HF13"
1515848,2021-06-14,Senate,1,Introduction
1515848,2021-06-14,Senate,2,"Referred to Rules and Administration"
1515850,2021-06-14,Senate,1,Introduction
1515850,2021-06-14,Senate,2,"Referred to Rules and Administration"
1515852,2021-06-14,House,1,"Introduction and first reading, referred to Ways and Means"
1515852,2021-06-15,House,2,"Committee report, to adopt"
1515852,2021-06-15,House,3,"Second reading"
1515852,2021-06-17,House,4,"House rule 1.21, placed on Calendar for the Day Thursday, June 17, 2021"
1515852,2021-06-17,House,5,"Reported to the House"
1515852,2021-06-17,House,6,"Motion to lay on the table"
1515852,2021-06-17,House,7,"Motion prevailed"
1515852,2021-06-18,House,8,"Motion to take from table"
1515852,2021-06-18,House,9,"Motion prevailed"
1515852,2021-06-18,House,10,"Motion to re-refer Higher Education Finance and Policy"
1515852,2021-06-18,House,11,"Motion to lay on the table"
1515852,2021-06-18,House,12,"Motion prevailed"
1515852,2021-06-19,House,13,"Motion to take from table"
1515852,2021-06-19,House,14,"Amendments offered"
1515852,2021-06-19,House,15,"Motion prevailed"
1515852,2021-06-19,House,16,"Motion to lay on the table Motion to re-refer to Higher Education Finance and Policy committee"
1515852,2021-06-19,House,17,"Motion prevailed"
1515852,2021-06-19,House,18,Amended
1515852,2021-06-19,House,19,"Motion to lay on the table"
1515852,2021-06-19,House,20,"Motion prevailed"
1515852,2021-06-19,House,21,"Motion to take from table"
1515852,2021-06-19,House,22,"Motion prevailed"
1515852,2021-06-19,House,23,"Amendments offered"
1515852,2021-06-19,House,24,"Point of order raised, ruled well taken"
1515852,2021-06-19,House,25,"House rule 2.05, member excused from voting Mariani excused from voting on Lucero amendment"
1515852,2021-06-19,House,26,"Third reading as amended"
1515852,2021-06-19,House,27,"Bill was passed as amended"
1515852,2021-06-21,Senate,28,"Received from House"
1515852,2021-06-21,Senate,29,"Introduction and first reading"
1515852,2021-06-21,Senate,30,"Laid on table"
1515852,2021-06-21,Senate,31,"Taken from table"
1515852,2021-06-21,Senate,32,"Urgency declared rules suspended"
1515852,2021-06-21,Senate,33,"Second reading"
1515852,2021-06-21,Senate,34,"Third reading Passed"
1515852,2021-06-22,House,35,"Returned from Senate"
1515852,2021-06-24,,36,"Presented to Governor"
1515852,2021-06-26,,37,"Governor approval "
1515852,2021-06-26,,38,"Secretary of State, Filed "
1515852,2021-06-26,,39,"Governor's action Approval "
1515852,2021-06-26,,40,"Secretary of State Chapter 2 "
1515853,2021-06-14,Senate,1,"Introduction and first reading"
1515853,2021-06-14,Senate,2,"Referred to Finance"
1515854,2021-06-14,House,1,"Introduction and first reading, referred to Capital Investment"
1515855,2021-06-14,House,1,"Introduction and first reading, referred to Ways and Means"
1515855,2021-06-19,House,2,"Committee report, to adopt as amended"
1515855,2021-06-19,House,3,"Second reading"
1515855,2021-06-22,House,4,"House rule 1.21, placed on Calendar for the Day Thursday, June 24, 2021"
1515855,2021-06-24,House,5,"Motion to re-refer Housing Finance and Policy"
1515855,2021-06-24,House,6,"Motion did not prevail"
1515855,2021-06-24,House,7,"Amendments offered"
1515855,2021-06-24,House,8,"Third reading"
1515855,2021-06-24,House,9,"Bill was passed"
1515855,2021-06-24,Senate,10,"Received from House"
1515855,2021-06-24,Senate,11,"Introduction and first reading"
1515855,2021-06-24,Senate,12,"Laid on table"
1515855,2021-06-25,Senate,13,"Taken from table"
1515855,2021-06-25,Senate,14,"Second reading"
1515855,2021-06-25,Senate,15,"Laid on table"
1515855,2021-06-28,Senate,16,"Taken from table"
1515855,2021-06-28,Senate,17,"Special Order"
1515855,2021-06-28,Senate,18,"Third reading Passed"
1515855,2021-06-29,House,19,"Returned from Senate"
1515855,2021-06-29,,20,"Presented to Governor"
1515855,2021-06-29,,21,"Governor approval "
1515855,2021-06-29,,22,"Governor's action Approval "
1515855,2021-06-29,,23,"Secretary of State Chapter 8 "
1515857,2021-06-14,House,1,"Introduction and first reading, referred to Ways and Means"
1515857,2021-06-15,House,2,"Author added Youakim"
1515857,2021-06-28,House,3,"Committee report, to adopt as amended"
1515857,2021-06-28,House,4,"Second reading"
1515857,2021-06-28,House,5,"Author added Freiberg"
1515857,2021-06-29,House,6,"House rule 1.21, placed on Calendar for the Day Wednesday, June 30, 2021"
1515857,2021-06-29,House,7,"House rule 1.21, placed on Calendar for the Day Tuesday, June 29, 2021"
1515857,2021-06-29,House,8,"Motion to lay on the table"
1515857,2021-06-29,House,9,"Motion prevailed"
1515857,2021-06-30,House,10,"Motion to take from table"
1515857,2021-06-30,House,11,"Motion prevailed"
1515857,2021-06-30,House,12,"Amendments offered"
1515857,2021-06-30,House,13,Amended
1515857,2021-06-30,House,14,"Point of order raised, ruled not well taken"
1515857,2021-06-30,House,15,"Third reading as amended"
1515857,2021-06-30,House,16,"Motion for reconsideration of third reading as amended"
1515857,2021-06-30,House,17,"Motion did not prevail"
1515857,2021-06-30,House,18,"Bill was passed as amended"
1515857,2021-06-30,Senate,19,"Received from House"
1515857,2021-06-30,Senate,20,"Introduction and first reading"
1515857,2021-06-30,Senate,21,"Urgency declared rules suspended"
1515857,2021-06-30,Senate,22,"Second reading"
1515857,2021-06-30,Senate,23,"Third reading Passed"
1515857,2021-07-01,,24,"Presented to Governor"
1515857,2021-07-01,,25,"Governor approval "
1515857,2021-07-01,,26,"Secretary of State, Filed "
1515857,2021-07-01,,27,"Governor's action Approval "
1515857,2021-07-01,,28,"Secretary of State Chapter 14 "
1515858,2021-06-14,House,1,"Introduction and first reading, referred to Higher Education Finance and Policy"
1515858,2021-06-17,House,2,"Authors added Albright and Sandell"
1515858,2021-06-18,House,3,"Authors added Sandstede and Bierman"
1515860,2021-06-14,House,1,"Introduction and first reading, referred to Ways and Means"
1515860,2021-06-15,House,2,"Committee report, to adopt"
1515860,2021-06-15,House,3,"Second reading"
1515860,2021-06-17,House,4,"House rule 1.21, placed on Calendar for the Day Thursday, June 17, 2021"
1515860,2021-06-17,House,5,"Motion to re-refer Commerce Finance and Policy"
1515860,2021-06-17,House,6,"Point of order raised, ruled well taken"
1515860,2021-06-17,House,7,"Point of order raised, ruled well taken"
1515860,2021-06-17,House,8,"Motion to lay on the table motion to re-refer to Commerce Finance and Policy"
1515860,2021-06-17,House,9,"Motion prevailed"
1515860,2021-06-17,House,10,"Point of order raised, ruled not well taken"
1515860,2021-06-17,House,11,Amended
1515860,2021-06-17,House,12,"Motion to lay on the table"
1515860,2021-06-17,House,13,"Motion prevailed"
1515860,2021-06-21,House,14,"Motion to take from table"
1515860,2021-06-21,House,15,"Motion prevailed"
1515860,2021-06-21,House,16,"Amendments offered"
1515860,2021-06-21,House,17,"Point of order raised, ruled well taken multiple points of order"
1515860,2021-06-21,House,18,"Third reading as amended"
1515860,2021-06-21,House,19,"Bill was passed as amended"
1515860,2021-06-22,Senate,20,"Received from House"
1515860,2021-06-22,Senate,21,"Introduction and first reading"
1515860,2021-06-22,Senate,22,"Laid on table"
1515860,2021-06-22,Senate,23,"Taken from table"
1515860,2021-06-22,Senate,24,"Urgency declared rules suspended"
1515860,2021-06-22,Senate,25,"Second reading"
1515860,2021-06-22,Senate,26,"Third reading Passed"
1515860,2021-06-23,House,27,"Returned from Senate"
1515860,2021-06-24,,28,"Presented to Governor"
1515860,2021-06-26,,29,"Governor approval "
1515860,2021-06-26,,30,"Secretary of State, Filed "
1515860,2021-06-26,,31,"Governor's action Approval "
1515860,2021-06-26,,32,"Secretary of State Chapter 4 "
1515862,2021-06-14,House,1,"Introduction and first reading, referred to Capital Investment"
1515863,2021-06-14,Senate,1,"Introduction and first reading"
1515863,2021-06-14,Senate,2,"Referred to Capital Investment"
1515864,2021-06-14,Senate,1,"Introduction and first reading"
1515864,2021-06-14,Senate,2,"Referred to Finance"
1515865,2021-06-14,House,1,"Introduction and first reading, referred to Ways and Means"
1515869,2021-06-14,Senate,1,"Introduction and first reading"
1515869,2021-06-14,Senate,2,"Referred to Capital Investment"
1515870,2021-06-14,Senate,1,"Introduction and first reading"
1515870,2021-06-14,Senate,2,"Referred to Rules and Administration"
1515872,2021-06-14,House,1,"Introduction and first reading, referred to Environment and Natural Resources Finance and Policy"
1515873,2021-06-14,Senate,1,"Introduction and first reading"
1515873,2021-06-14,Senate,2,"Referred to Taxes"
1515874,2021-06-14,House,1,"Introduction and first reading, referred to Ways and Means"
1515874,2021-06-22,House,2,"Committee report, to adopt as amended"
1515874,2021-06-22,House,3,"Second reading"
1515874,2021-06-22,House,4,"Referred to Chief Clerk for comparison with SF20"
1515874,2021-06-23,House,5,"Bills not identical, SF substituted on General Register"
1515874,2021-06-23,House,6,"HF indefinitely postponed"
1515875,2021-06-14,House,1,"Introduction and first reading, referred to Rules and Legislative Administration"
1515877,2021-06-14,Senate,1,"Introduction and first reading"
1515877,2021-06-14,Senate,2,"Referred to Finance"
1515877,2021-06-24,Senate,3,"Comm report: To pass as amended"
1515877,2021-06-24,Senate,4,"Second reading"
1515877,2021-06-30,Senate,5,"HF passed, no substitution HF2"
1515878,2021-06-14,House,1,"Introduction and first reading, referred to Public Safety and Criminal Justice Reform Finance and Policy"
1515878,2021-06-15,House,2,"Author added Lucero"
1515878,2021-06-17,House,3,"Authors added Boe and Bahr"
1515879,2021-06-14,House,1,"Introduction and first reading, referred to Public Safety and Criminal Justice Reform Finance and Policy"
1515879,2021-06-15,House,2,"Authors added Poston, Erickson, Demuth, Franson, Johnson, Backer, Theis, Koznick, Grossell, Lueck, Jurgens, Gruenhagen and Daniels"
1515879,2021-06-22,House,3,"Author added Akland"
1515879,2021-06-27,House,4,"Author added O'Neill"
1515881,2021-06-14,House,1,"Introduction and first reading, referred to Workforce and Business Development Finance and Policy"
1515882,2021-06-14,House,1,"Introduction and first reading, referred to Legacy Finance"
1515885,2021-06-14,House,1,"Introduction and first reading, referred to Rules and Legislative Administration"
1515885,2021-06-15,House,2,"Authors added Robbins; Novotny; Demuth; Poston; Lueck; Olson, B.; and Jurgens"
1515885,2021-06-17,House,3,"Authors added Boe and Urdahl"
1515885,2021-06-22,House,4,"Author added Theis"
1515885,2021-06-27,House,5,"Author added O'Neill"
1515886,2021-06-14,Senate,1,"Introduction and first reading"
1515886,2021-06-14,Senate,2,"Referred to Finance"
1515886,2021-06-21,Senate,3,"Comm report: To pass as amended"
1515886,2021-06-21,Senate,4,"Second reading"
1515886,2021-06-22,Senate,5,"Special Order"
1515886,2021-06-22,Senate,6,"Third reading"
1515886,2021-06-22,Senate,7,"Laid on table"
1515886,2021-06-24,Senate,8,"HF passed, no substitution HF10"
1515887,2021-06-14,House,1,"Introduction and first reading, referred to Health Finance and Policy"
1515887,2021-06-15,House,2,"Author added Erickson"
1515887,2021-06-17,House,3,"Author added Boe"
1515888,2021-06-14,House,1,"Introduction and first reading, referred to Ways and Means"
1515888,2021-06-28,House,2,"Author added Freiberg"
1515890,2021-06-14,House,1,"Introduction and first reading, referred to Ways and Means"
1515891,2021-06-14,Senate,1,"Introduction and first reading"
1515891,2021-06-14,Senate,2,"Referred to Finance"
1515892,2021-06-14,Senate,1,"Introduction and first reading"
1515892,2021-06-14,Senate,2,"Referred to Rules and Administration"
1515892,2021-06-17,Senate,3,"Author added Eichorn"
1515894,2021-06-14,House,1,"Introduction and first reading, referred to Ways and Means"
1515894,2021-06-21,House,2,"Committee report, to adopt as amended"
1515894,2021-06-21,House,3,"Second reading"
1515894,2021-06-21,House,4,"House rule 1.21, placed on Calendar for the Day Wednesday, June 23, 2021"
1515894,2021-06-23,House,5,"Motion to re-refer Transportation Finance and Policy"
1515894,2021-06-23,House,6,"Motion did not prevail"
1515894,2021-06-23,House,7,"Amendments offered"
1515894,2021-06-23,House,8,"Point of order raised, ruled well taken"
1515894,2021-06-23,House,9,"Third reading"
1515894,2021-06-23,House,10,"Bill was passed"
1515894,2021-06-24,Senate,11,"Received from House"
1515894,2021-06-24,Senate,12,"Introduction and first reading"
1515894,2021-06-24,Senate,13,"Laid on table"
1515894,2021-06-24,Senate,14,"Taken from table"
1515894,2021-06-24,Senate,15,"Urgency declared rules suspended"
1515894,2021-06-24,Senate,16,"Second reading"
1515894,2021-06-24,Senate,17,"Third reading Passed"
1515894,2021-06-24,,18,"Presented to Governor"
1515894,2021-06-25,House,19,"Returned from Senate"
1515894,2021-06-26,,20,"Governor approval "
1515894,2021-06-26,,21,"Secretary of State, Filed "
1515894,2021-06-26,,22,"Governor's action Approval "
1515894,2021-06-26,,23,"Secretary of State Chapter 5 "
1515895,2021-06-14,Senate,1,"Introduction and first reading"
1515895,2021-06-14,Senate,2,"Referred to Finance"
1515896,2021-06-14,Senate,1,"Introduction and first reading"
1515896,2021-06-14,Senate,2,"Referred to Finance"
1515896,2021-06-16,Senate,3,"Comm report: To pass as amended"
1515896,2021-06-16,Senate,4,"Second reading"
1515896,2021-06-17,Senate,5,"Authors added Rarick; Dornink; Goggin"
1515896,2021-06-17,Senate,6,"Special Order"
1515896,2021-06-17,Senate,7,"Third reading"
1515896,2021-06-17,Senate,8,"Laid on table"
1515896,2021-06-22,Senate,9,"Author added Anderson"
1515896,2021-06-22,Senate,10,"HF passed, no substitution HF8"
1515897,2021-06-14,House,1,"Introduction and first reading, referred to Ways and Means"
1515897,2021-06-15,House,2,"Author added Youakim"
1515897,2021-06-24,House,3,"Committee report, to adopt as amended"
1515897,2021-06-24,House,4,"Second reading"
1515897,2021-06-24,House,5,"House rule 1.21, placed on Calendar for the Day Saturday, June 26, 2021"
1515897,2021-06-26,House,6,"Motion to re-refer Education Policy"
1515897,2021-06-26,House,7,"Motion did not prevail"
1515897,2021-06-26,House,8,"Motion to re-refer Early Childhood Finance and Policy"
1515897,2021-06-26,House,9,"Motion did not prevail"
1515897,2021-06-26,House,10,"Amendments offered"
1515897,2021-06-26,House,11,"Motion to lay on the table"
1515897,2021-06-26,House,12,"Motion prevailed"
1515897,2021-06-26,House,13,"Motion to take from table"
1515897,2021-06-26,House,14,"Motion prevailed"
1515897,2021-06-26,House,15,"Third reading"
1515897,2021-06-26,House,16,"Bill was passed"
1515897,2021-06-26,Senate,17,"Received from House"
1515897,2021-06-26,Senate,18,"Introduction and first reading"
1515897,2021-06-26,Senate,19,"Laid on table"
1515897,2021-06-27,House,20,"Author added Bernardy"
1515897,2021-06-28,Senate,21,"Taken from table"
1515897,2021-06-28,Senate,22,"Second reading"
1515897,2021-06-28,Senate,23,"Laid on table"
1515897,2021-06-30,Senate,24,"Taken from table"
1515897,2021-06-30,Senate,25,"Special Order"
1515897,2021-06-30,Senate,26,"Third reading"
1515897,2021-06-30,Senate,27,"Laid on table"
1515897,2021-06-30,Senate,28,"Taken from table"
1515897,2021-06-30,Senate,29,"Bill passed"
1515897,2021-06-30,,30,"Presented to Governor"
1515897,2021-06-30,,31,"Governor approval "
1515897,2021-06-30,,32,"Governor's action Approval "
1515897,2021-06-30,,33,"Secretary of State Chapter 13 "
1515900,2021-06-14,Senate,1,"Introduction and first reading"
1515900,2021-06-14,Senate,2,"Referred to Capital Investment"
1515901,2021-06-14,House,1,"Introduction and first reading, referred to Capital Investment"
1515903,2021-06-14,House,1,"Introduction and first reading, referred to Taxes"
1515904,2021-06-14,Senate,1,"Introduction and first reading"
1515904,2021-06-14,Senate,2,"Referred to Finance"
1515904,2021-06-24,Senate,3,"Comm report: To pass as amended"
1515904,2021-06-24,Senate,4,"Second reading"
1515904,2021-06-25,Senate,5,"Special Order: Amended"
1515904,2021-06-25,Senate,6,"Third reading Passed"
1515904,2021-06-25,House,7,"Received from Senate"
1515904,2021-06-25,House,8,"Senate file first reading, referred to Ways and Means"
1515904,2021-06-28,House,9,"Committee report, to adopt as amended"
1515904,2021-06-28,House,10,"Second reading"
1515904,2021-06-29,House,11,"House rule 1.21, placed on Calendar for the Day Tuesday, June 29, 2021"
1515904,2021-06-29,House,12,Amended
1515904,2021-06-29,House,13,"Third reading as amended"
1515904,2021-06-29,House,14,"Motion for reconsideration of third reading as amended"
1515904,2021-06-29,House,15,"Motion prevailed"
1515904,2021-06-29,House,16,"Motion for reconsideration Drazkowski amendment to the Winkler amendment"
1515904,2021-06-29,House,17,"Motion prevailed"
1515904,2021-06-29,House,18,"Amendment reconsidered"
1515904,2021-06-29,House,19,"Third reading as amended"
1515904,2021-06-29,House,20,"Bill was passed as amended"
1515904,2021-06-29,Senate,21,"Returned from House with amendment"
1515904,2021-06-29,Senate,22,"Senate concurred and repassed bill"
1515904,2021-06-29,Senate,23,"Third reading"
1515904,2021-06-30,,24,"Presented to Governor"
1515904,2021-06-30,,25,"Governor's action Approval "
1515904,2021-06-30,,26,"Secretary of State Chapter 12 "
1515904,2021-06-30,,27,"Governor approval "
1515905,2021-06-14,House,1,"Introduction and first reading, referred to Ways and Means"
1515905,2021-06-15,House,2,"Committee report, to adopt as amended"
1515905,2021-06-15,House,3,"Second reading"
1515905,2021-06-17,House,4,"House rule 1.21, placed on Calendar for the Day Thursday, June 17, 2021"
1515905,2021-06-17,House,5,"Motion to lay on the table"
1515905,2021-06-17,House,6,"Motion prevailed"
1515905,2021-06-18,House,7,"Motion to take from table"
1515905,2021-06-18,House,8,"Motion prevailed"
1515905,2021-06-18,House,9,"Motion to re-refer Agriculture Finance and Policy"
1515905,2021-06-18,House,10,"Motion to lay on the table"
1515905,2021-06-18,House,11,"Motion prevailed"
1515905,2021-06-19,House,12,"Motion to take from table"
1515905,2021-06-19,House,13,"Motion prevailed"
1515905,2021-06-19,House,14,"Motion to re-refer Agriculture Finance and Policy"
1515905,2021-06-19,House,15,"Motion did not prevail"
1515905,2021-06-19,House,16,"Third reading"
1515905,2021-06-19,House,17,"Bill was passed"
1515905,2021-06-21,Senate,18,"Received from House"
1515905,2021-06-21,Senate,19,"Introduction and first reading"
1515905,2021-06-21,Senate,20,"Laid on table"
1515905,2021-06-22,Senate,21,"Taken from table"
1515905,2021-06-22,Senate,22,"Second reading"
1515905,2021-06-22,Senate,23,"Urgency declared rules suspended"
1515905,2021-06-22,Senate,24,"Third reading Passed"
1515905,2021-06-22,House,25,"Returned from Senate"
1515905,2021-06-24,,26,"Presented to Governor"
1515905,2021-06-26,,27,"Governor approval "
1515905,2021-06-26,,28,"Secretary of State, Filed "
1515905,2021-06-26,,29,"Governor's action Approval "
1515905,2021-06-26,,30,"Secretary of State Chapter 3 "
1515907,2021-06-14,Senate,1,"Introduction and first reading"
1515907,2021-06-14,Senate,2,"Referred to Rules and Administration"
1515908,2021-06-14,Senate,1,"Introduction and first reading"
1515908,2021-06-14,Senate,2,"Referred to Finance"
1515908,2021-06-18,Senate,3,"Comm report: To pass as amended"
1515908,2021-06-18,Senate,4,"Second reading"
1515908,2021-06-22,Senate,5,"Authors added Dziedzic; Duckworth; Housley"
1515908,2021-06-28,Senate,6,"General Orders: Stricken and laid on table"
1515908,2021-06-28,Senate,7,"HF passed, no substitution HF4"
1515908,2021-06-29,Senate,8,"Author added Koran"
1515909,2021-06-14,House,1,"Introduction and first reading, referred to Rules and Legislative Administration"
1515909,2021-06-15,House,2,"Authors added Franson and Erickson"
1515909,2021-06-17,House,3,"Author added Boe"
1515909,2021-06-18,House,4,"Authors added Mueller and Poston"
1515909,2021-06-19,House,5,"Author added Heinrich"
1515909,2021-06-21,House,6,"Author added Nash"
1515909,2021-06-26,House,7,"Authors added Backer, Quam and Novotny"
1515910,2021-06-14,House,1,"Introduction and first reading, referred to Ways and Means"
1515910,2021-06-15,House,2,"Committee report, to adopt"
1515910,2021-06-15,House,3,"Second reading"
1515910,2021-06-17,House,4,"House rule 1.21, placed on Calendar for the Day Thursday, June 17, 2021"
1515910,2021-06-17,House,5,"Motion to lay on the table"
1515910,2021-06-17,House,6,"Motion prevailed"
1515910,2021-06-19,House,7,"Motion to take from table"
1515910,2021-06-19,House,8,"Motion prevailed"
1515910,2021-06-19,House,9,"Amendments offered"
1515910,2021-06-19,House,10,"Third reading"
1515910,2021-06-19,House,11,"Bill was passed"
1515910,2021-06-21,Senate,12,"Received from House"
1515910,2021-06-21,Senate,13,"Introduction and first reading"
1515910,2021-06-21,Senate,14,"Laid on table"
1515910,2021-06-21,Senate,15,"Taken from table"
1515910,2021-06-21,Senate,16,"Urgency declared rules suspended"
1515910,2021-06-21,Senate,17,"Second reading"
1515910,2021-06-21,Senate,18,"Third reading Passed"
1515910,2021-06-22,House,19,"Returned from Senate"
1515910,2021-06-24,,20,"Presented to Governor"
1515910,2021-06-26,,21,"Governor approval "
1515910,2021-06-26,,22,"Secretary of State, Filed "
1515910,2021-06-26,,23,"Governor's action Approval "
1515910,2021-06-26,,24,"Secretary of State Chapter 1 "
1515912,2021-06-14,House,1,"Introduction and first reading, referred to Taxes"
1515913,2021-06-14,House,1,"Introduction and first reading, referred to Ways and Means"
1515913,2021-06-18,House,2,"Author added Xiong, J."
1515913,2021-06-19,House,3,"Committee report, to adopt as amended"
1515913,2021-06-19,House,4,"Second reading"
1515913,2021-06-22,House,5,"Referred to Chief Clerk for comparison with SF9"
1515913,2021-06-23,House,6,"Bills not identical, SF substituted on General Register"
1515913,2021-06-23,House,7,"HF indefinitely postponed"
1515916,2021-06-14,Senate,1,"Introduction and first reading"
1515916,2021-06-14,Senate,2,"Referred to Finance"
1515916,2021-06-28,Senate,3,"Comm report: To pass as amended"
1515916,2021-06-28,Senate,4,"Second reading"
1515916,2021-06-29,Senate,5,"Special Order"
1515916,2021-06-29,Senate,6,"Third reading"
1515916,2021-06-29,Senate,7,"Laid on table"
1515917,2021-06-14,House,1,"Introduction and first reading, referred to Ways and Means"
1515918,2021-06-14,House,1,"Introduction and first reading, referred to Capital Investment"
1515919,2021-06-14,Senate,1,"Introduction and first reading"
1515919,2021-06-14,Senate,2,"Referred to Finance"
1515919,2021-06-17,Senate,3,"Authors added Draheim; Housley"
1515919,2021-06-17,Senate,4,"Comm report: To pass as amended"
1515919,2021-06-17,Senate,5,"Second reading"
1515919,2021-06-18,Senate,6,"Special Order: Amended"
1515919,2021-06-18,Senate,7,"Laid on table"
1515919,2021-06-21,Senate,8,"Taken from table"
1515919,2021-06-21,Senate,9,"Re-referred to Finance"
1515919,2021-06-21,Senate,10,"Comm report: To pass as amended"
1515919,2021-06-21,Senate,11,"Rule 12.10: report of votes in committee"
1515919,2021-06-21,Senate,12,"Second reading"
1515919,2021-06-22,Senate,13,"Special Order: Amended"
1515919,2021-06-22,Senate,14,"Third reading Passed"
1515919,2021-06-22,House,15,"Received from Senate"
1515919,2021-06-22,House,16,"Senate file first reading, referred for comparison HF1"
1515919,2021-06-23,House,17,"Bills not identical, SF substituted on General Register"
1515919,2021-06-23,House,18,"Second reading"
1515919,2021-06-23,House,19,"House rule 1.21, placed on Calendar for the Day Friday, June 25, 2021"
1515919,2021-06-25,House,20,"Motion to re-refer Workforce and Business Development Finance and Policy"
1515919,2021-06-25,House,21,"Motion did not prevail"
1515919,2021-06-25,House,22,"Amendments offered"
1515919,2021-06-25,House,23,"Point of order raised, ruled well taken multiple points of order"
1515919,2021-06-25,House,24,Amended
1515919,2021-06-25,House,25,"Third reading as amended"
1515919,2021-06-25,House,26,"Bill was passed as amended"
1515919,2021-06-26,House,27,"Senate refuses to concur, conference committee of 5 requested"
1515919,2021-06-26,House,28,"Senate conferees Pratt; Rarick; Housley; Draheim; Champion"
1515919,2021-06-26,House,29,"House accedes, conference committee of 5 to be appointed"
1515919,2021-06-26,House,30,"House conferees Noor; Ecklund; Olson, L.; Berg; Hamilton"
1515919,2021-06-26,Senate,31,"Returned from House with amendment"
1515919,2021-06-26,Senate,32,"Senate not concur, conference committee of 5 requested"
1515919,2021-06-26,Senate,33,"Senate conferees Pratt; Rarick; Housley; Draheim; Champion"
1515919,2021-06-26,Senate,34,"House conferees Noor; Ecklund; Olson, L; Berg; Hamilton"
1515919,2021-06-29,Senate,35,"Conference committee report"
1515919,2021-06-29,Senate,36,"Senate adopted CC report and repassed bill"
1515919,2021-06-29,Senate,37,"Third reading"
1515919,2021-06-29,Senate,38,"House adopted SCC report and repassed bill"
1515919,2021-06-29,House,39,"Senate adopted conference committee report, bill repassed"
1515919,2021-06-29,House,40,"Conference committee report"
1515919,2021-06-29,House,41,"House adopted conference committee report"
1515919,2021-06-29,House,42,"Third reading as amended by Conference"
1515919,2021-06-29,House,43,"Bill was repassed as amended by Conference"
1515919,2021-06-29,,44,"Presented to Governor"
1515919,2021-06-30,,45,"Governor's action Approval "
1515919,2021-06-30,,46,"Secretary of State Chapter 10 "
1515919,2021-06-30,,47,"Governor approval "
1515921,2021-06-14,House,1,"Introduction and first reading, referred to Climate and Energy Finance and Policy"
1515922,2021-06-14,Senate,1,"Introduction and first reading"
1515922,2021-06-14,Senate,2,"Referred to Capital Investment"
1515923,2021-06-14,Senate,1,"Introduction and first reading"
1515923,2021-06-14,Senate,2,"Referred to Finance"
1515923,2021-06-22,Senate,3,"Comm report: To pass as amended"
1515923,2021-06-22,Senate,4,"Second reading"
1515923,2021-06-22,Senate,5,"Laid on table"
1515923,2021-06-22,Senate,6,"Taken from table"
1515923,2021-06-22,Senate,7,"Urgency declared rules suspended"
1515923,2021-06-22,Senate,8,"Third reading Passed"
1515923,2021-06-22,House,9,"Received from Senate"
1515923,2021-06-22,House,10,"Senate file first reading, referred for comparison HF5"
1515923,2021-06-23,House,11,"Bills not identical, SF substituted on General Register"
1515923,2021-06-23,House,12,"Second reading"
1515923,2021-06-23,House,13,"House rule 1.21, placed on Calendar for the Day Friday, June 25, 2021"
1515923,2021-06-25,House,14,"Motion to re-refer Environment and Natural Resources Finance and Policy"
1515923,2021-06-25,House,15,"Motion did not prevail"
1515923,2021-06-25,House,16,"Amendments offered"
1515923,2021-06-25,House,17,"Third reading"
1515923,2021-06-25,House,18,"Bill was passed"
1515923,2021-06-25,Senate,19,"Returned from House"
1515923,2021-06-28,,20,"Presented to Governor"
1515923,2021-06-29,,21,"Governor's action Approval "
1515923,2021-06-29,,22,"Secretary of State Chapter 6 "
1515923,2021-06-29,,23,"Governor approval "
1515925,2021-06-14,Senate,1,"Introduction and first reading"
1515925,2021-06-14,Senate,2,"Referred to Capital Investment"
1515926,2021-06-14,House,1,"Introduction and first reading, referred to State Government Finance and Elections"
1515927,2021-06-14,Senate,1,"Introduction and first reading"
1515927,2021-06-14,Senate,2,"Referred to Taxes"
1516019,2021-06-15,House,1,"Introduction and first reading, referred to State Government Finance and Elections"
1516019,2021-06-17,House,2,"Author added Schomacker"
1516021,2021-06-15,House,1,"Introduction and first reading, referred to State Government Finance and Elections"
1516021,2021-06-17,House,2,"Author added Boe"
1516024,2021-06-15,Senate,1,"Introduction and first reading"
1516024,2021-06-15,Senate,2,"Referred to Rules and Administration"
1516026,2021-06-15,Senate,1,Introduction
1516026,2021-06-15,Senate,2,"Referred to Rules and Administration"
1516029,2021-06-15,Senate,1,"Introduction and first reading"
1516029,2021-06-15,Senate,2,"Referred to Rules and Administration"
1516032,2021-06-15,Senate,1,Introduction
1516032,2021-06-15,Senate,2,"Referred to Rules and Administration"
1516035,2021-06-15,House,1,"Introduction and first reading, referred to Ways and Means"
1516035,2021-06-24,House,2,"Committee report, to adopt as amended"
1516035,2021-06-24,House,3,"Second reading"
1516035,2021-06-24,House,4,"House rule 1.21, placed on Calendar for the Day Saturday, June 26, 2021"
1516035,2021-06-25,House,5,"Author added Freiberg"
1516035,2021-06-26,House,6,"Amendments offered"
1516035,2021-06-26,House,7,"Third reading"
1516035,2021-06-26,House,8,"Motion to re-refer Human Services Finance and Policy"
1516035,2021-06-26,House,9,"Motion did not prevail"
1516035,2021-06-26,House,10,"Bill was passed"
1516035,2021-06-26,House,11,"Returned from Senate with amendment"
1516035,2021-06-26,House,12,"Rules suspended relating to House Rule 1.15 Disposition of Senate Files"
1516035,2021-06-26,House,13,"House rule 1.15 (c), message requesting concurrence received"
1516035,2021-06-26,House,14,"Motion to concur with Senate amendments"
1516035,2021-06-26,House,15,"Motion prevailed"
1516035,2021-06-26,House,16,"Third reading as amended by the Senate"
1516035,2021-06-26,House,17,"Bill was repassed as amended by the Senate"
1516035,2021-06-26,Senate,18,"Received from House"
1516035,2021-06-26,Senate,19,"Introduction and first reading"
1516035,2021-06-26,Senate,20,"Referred to Finance"
1516035,2021-06-26,Senate,21,"Comm report: To pass as amended"
1516035,2021-06-26,Senate,22,"Urgency declared rules suspended"
1516035,2021-06-26,Senate,23,"Second reading"
1516035,2021-06-26,Senate,24,"Third reading Passed"
1516035,2021-06-27,House,25,"Author added Bernardy"
1516035,2021-06-28,,26,"Presented to Governor"
1516035,2021-06-29,,27,"Governor approval "
1516035,2021-06-29,,28,"Governor's action Approval "
1516035,2021-06-29,,29,"Secretary of State Chapter 7 "
1516039,2021-06-15,Senate,1,"Introduction and first reading"
1516039,2021-06-15,Senate,2,"Referred to Rules and Administration"
1516041,2021-06-15,House,1,"Introduction and first reading, referred to Rules and Legislative Administration"
1516041,2021-06-17,House,2,"Author added Daniels"
1516043,2021-06-15,Senate,1,"Introduction and first reading"
1516043,2021-06-15,Senate,2,"Referred to Finance"
1516043,2021-06-18,Senate,3,"Author added Draheim"
1516047,2021-06-15,Senate,1,"Introduction and first reading"
1516047,2021-06-15,Senate,2,"Referred to Rules and Administration"
1516047,2021-06-17,Senate,3,"Authors added Pratt; Nelson"
1516047,2021-06-18,Senate,4,"Author added Pappas"
1516050,2021-06-15,Senate,1,"Introduction and first reading"
1516050,2021-06-15,Senate,2,"Referred to Rules and Administration"
1516051,2021-06-15,House,1,"Introduction and first reading, referred to Commerce Finance and Policy"
1516051,2021-06-17,House,2,"Author added Boe"
1516051,2021-06-19,House,3,"Author added Munson"
1516054,2021-06-15,Senate,1,"Introduction and first reading"
1516054,2021-06-15,Senate,2,"Referred to Rules and Administration"
1516057,2021-06-15,Senate,1,"Introduction and first reading"
1516057,2021-06-15,Senate,2,"Referred to Rules and Administration"
1516057,2021-06-16,Senate,3,"Authors added Klein; Clausen"
1516061,2021-06-15,Senate,1,"Introduction and first reading"
1516061,2021-06-15,Senate,2,"Referred to Finance"
1516061,2021-06-26,Senate,3,"HF passed, no substitution HF33"
1516063,2021-06-15,Senate,1,"Introduction and first reading"
1516063,2021-06-15,Senate,2,"Referred to Rules and Administration"
1516065,2021-06-15,Senate,1,"Introduction and first reading"
1516065,2021-06-15,Senate,2,"Referred to Rules and Administration"
1516067,2021-06-15,Senate,1,"Introduction and first reading"
1516067,2021-06-15,Senate,2,"Referred to Rules and Administration"
1516069,2021-06-15,House,1,"Introduction and first reading, referred to Labor, Industry, Veterans and Military Affairs Finance and Policy"
1516069,2021-06-24,House,2,"Author added Franke"
1516070,2021-06-15,Senate,1,"Introduction and first reading"
1516070,2021-06-15,Senate,2,"Referred to Taxes"
1516070,2021-06-30,Senate,3,Withdrawn
1516070,2021-06-30,Senate,4,"Second reading"
1516070,2021-06-30,Senate,5,"Urgency declared rules suspended"
1516070,2021-06-30,Senate,6,Amended
1516070,2021-06-30,Senate,7,"Third reading"
1516070,2021-06-30,Senate,8,"Laid on table"
1516070,2021-06-30,Senate,9,"HF passed, no substitution HF9"
1516076,2021-06-16,Senate,1,"Introduction and first reading"
1516076,2021-06-16,Senate,2,"Referred to Capital Investment"
1516076,2021-06-17,Senate,3,"Comm report: To pass as amended"
1516076,2021-06-17,Senate,4,"Second reading"
1516076,2021-06-28,Senate,5,"General Orders: Stricken and laid on table"
1516076,2021-06-28,Senate,6,"HF passed, no substitution HF52"
1516076,2021-06-29,Senate,7,"Author added Pappas"
1516114,2021-06-16,Senate,1,"Introduction and first reading"
1516114,2021-06-16,Senate,2,"Referred to Capital Investment"
1516475,2021-06-17,Senate,1,"Introduction and first reading"
1516475,2021-06-17,Senate,2,"Referred to Rules and Administration"
1516482,2021-06-16,Senate,1,Introduction
1516482,2021-06-16,Senate,2,"Referred to Rules and Administration"
1516491,2021-06-17,Senate,1,"Introduction and first reading"
1516491,2021-06-17,Senate,2,"Referred to Rules and Administration"
1516500,2021-06-17,Senate,1,"Introduction and first reading"
1516500,2021-06-17,Senate,2,"Referred to Capital Investment"
1516509,2021-06-16,Senate,1,Introduction
1516509,2021-06-16,Senate,2,"Referred to Rules and Administration"
1516518,2021-06-16,Senate,1,Introduction
1516518,2021-06-16,Senate,2,"Referred to Rules and Administration"
1516527,2021-06-17,Senate,1,"Introduction and first reading"
1516527,2021-06-17,Senate,2,"Referred to Rules and Administration"
1516536,2021-06-17,Senate,1,"Introduction and first reading"
1516536,2021-06-17,Senate,2,"Referred to Rules and Administration"
1516634,2021-06-17,House,1,"Introduction and first reading, referred to Taxes"
1516634,2021-06-19,House,2,"Author added Bliss"
1516637,2021-06-17,House,1,"Introduction and first reading, referred to Capital Investment"
1516637,2021-06-18,House,2,"Author added Becker-Finn"
1516643,2021-06-17,House,1,"Introduction and first reading, referred to Health Finance and Policy"
1516650,2021-06-17,House,1,"Introduction and first reading, referred to Taxes"
1516724,2021-06-17,Senate,1,"Introduction and first reading"
1516724,2021-06-17,Senate,2,"Referred to Finance"
1516732,2021-06-17,Senate,1,"Introduction and first reading"
1516732,2021-06-17,Senate,2,"Referred to Rules and Administration"
1516738,2021-06-17,Senate,1,"Introduction and first reading"
1516738,2021-06-17,Senate,2,"Referred to Finance"
1516744,2021-06-17,Senate,1,"Introduction and first reading"
1516744,2021-06-17,Senate,2,"Referred to Rules and Administration"
1516748,2021-06-17,Senate,1,"Introduction and first reading"
1516748,2021-06-17,Senate,2,"Referred to Finance"
1516751,2021-06-18,Senate,1,Introduction
1516751,2021-06-18,Senate,2,"Referred to Rules and Administration"
1516752,2021-06-18,Senate,1,"Introduction and first reading"
1516752,2021-06-18,Senate,2,"Referred to Rules and Administration"
1516753,2021-06-18,Senate,1,"Introduction and first reading"
1516753,2021-06-18,Senate,2,"Referred to Rules and Administration"
1516754,2021-06-18,Senate,1,"Introduction and first reading"
1516754,2021-06-18,Senate,2,"Referred to Rules and Administration"
1516874,2021-06-18,House,1,"Introduction and first reading, referred to Workforce and Business Development Finance and Policy"
1516875,2021-06-18,House,1,"Introduction and first reading, referred to Capital Investment"
1516877,2021-06-18,House,1,"Introduction and first reading, referred to Agriculture Finance and Policy"
1516878,2021-06-18,House,1,"Introduction and first reading, referred to Taxes"
1516879,2021-06-18,House,1,"Introduction and first reading, referred to Transportation Finance and Policy"
1516880,2021-06-18,House,1,"Introduction and first reading, referred to Health Finance and Policy"
1516882,2021-06-21,Senate,1,"Introduction and first reading"
1516882,2021-06-21,Senate,2,"Referred to Rules and Administration"
1516883,2021-06-21,Senate,1,"Introduction and first reading"
1516883,2021-06-21,Senate,2,"Referred to Rules and Administration"
1516884,2021-06-21,Senate,1,"Introduction and first reading"
1516884,2021-06-21,Senate,2,"Referred to Rules and Administration"
1516885,2021-06-21,Senate,1,"Introduction and first reading"
1516885,2021-06-21,Senate,2,"Referred to Rules and Administration"
1516886,2021-06-21,Senate,1,"Introduction and first reading"
1516886,2021-06-21,Senate,2,"Referred to Rules and Administration"
1516888,2021-06-19,House,1,"Introduction and first reading, referred to Judiciary Finance and Civil Law"
1516888,2021-06-21,House,2,"Author added Poston"
1516889,2021-06-19,House,1,"Introduction and first reading, referred to Labor, Industry, Veterans and Military Affairs Finance and Policy"
1516966,2021-06-22,Senate,1,"Introduction and first reading"
1516966,2021-06-22,Senate,2,"Referred to Rules and Administration"
1516967,2021-06-22,Senate,1,"Introduction and first reading"
1516967,2021-06-22,Senate,2,"Referred to Rules and Administration"
1517056,2021-06-22,House,1,"Introduction and first reading, referred to Transportation Finance and Policy"
1517063,2021-06-22,House,1,"Introduction and first reading, referred to Ways and Means"
1517072,2021-06-22,House,1,"Introduction and first reading, referred to Ways and Means"
1517072,2021-06-24,House,2,"Committee report, to adopt"
1517072,2021-06-24,House,3,"Second reading"
1517072,2021-06-24,House,4,Amended
1517079,2021-06-22,House,1,"Introduction and first reading, referred to Ways and Means"
1517087,2021-06-22,House,1,"Introduction and first reading, referred to State Government Finance and Elections"
1517087,2021-06-23,House,2,"Authors added Freiberg, Youakim, and Boldon"
1517097,2021-06-22,House,1,"Introduction and first reading, referred to Ways and Means"
1517097,2021-06-24,House,2,"Committee report, to adopt as amended"
1517097,2021-06-24,House,3,"Second reading"
1517097,2021-06-24,House,4,"House rule 1.21, placed on Calendar for the Day Saturday, June 26, 2021"
1517097,2021-06-25,House,5,"Author added Freiberg"
1517097,2021-06-26,House,6,Amended
1517097,2021-06-26,House,7,"Third reading as amended"
1517097,2021-06-26,House,8,"Bill was passed as amended"
1517097,2021-06-26,Senate,9,"Received from House"
1517097,2021-06-26,Senate,10,"Introduction and first reading"
1517097,2021-06-26,Senate,11,"Laid on table"
1517097,2021-06-28,Senate,12,"Taken from table"
1517097,2021-06-28,Senate,13,"Urgency declared rules suspended"
1517097,2021-06-28,Senate,14,"Second reading"
1517097,2021-06-28,Senate,15,"Third reading Passed"
1517097,2021-06-29,House,16,"Returned from Senate"
1517097,2021-06-29,,17,"Presented to Governor"
1517097,2021-06-30,,18,"Governor approval "
1517097,2021-06-30,,19,"Governor's action Approval "
1517097,2021-06-30,,20,"Secretary of State Chapter 9 "
1517124,2021-06-22,Senate,1,"Introduction and first reading"
1517124,2021-06-22,Senate,2,"Referred to Rules and Administration"
1517223,2021-06-23,House,1,"Introduction and first reading, referred to Ways and Means"
1517378,2021-06-24,House,1,"Introduction and first reading, referred to Workforce and Business Development Finance and Policy"
1517389,2021-06-24,Senate,1,"Introduction and first reading"
1517389,2021-06-24,Senate,2,"Referred to Capital Investment"
1517400,2021-06-24,House,1,"Introduction and first reading, referred to Public Safety and Criminal Justice Reform Finance and Policy"
1517412,2021-06-24,House,1,"Introduction and first reading, referred to Ways and Means"
1517423,2021-06-24,Senate,1,"Introduction and first reading"
1517423,2021-06-24,Senate,2,"Referred to Rules and Administration"
1517577,2021-06-25,Senate,1,"Introduction and first reading"
1517577,2021-06-25,Senate,2,"Referred to Rules and Administration"
1517583,2021-06-25,Senate,1,"Introduction and first reading"
1517583,2021-06-25,Senate,2,"Referred to Capital Investment"
1517592,2021-06-25,Senate,1,"Introduction and first reading"
1517592,2021-06-25,Senate,2,"Referred to Rules and Administration"
1517592,2021-07-07,Senate,3,"Author added Port"
1517599,2021-06-25,Senate,1,"Introduction and first reading"
1517599,2021-06-25,Senate,2,"Referred to Capital Investment"
1517801,2021-06-25,House,1,"Introduction and first reading, referred to Health Finance and Policy"
1517801,2021-06-26,House,2,"Author added Bahner"
1517809,2021-06-25,House,1,"Introduction and first reading, referred to Commerce Finance and Policy"
1517841,2021-06-25,Senate,1,Introduction
1517841,2021-06-25,Senate,2,"Referred to Rules and Administration"
1517857,2021-06-26,Senate,1,"Introduction and first reading"
1517857,2021-06-26,Senate,2,"Referred to Rules and Administration"
1517857,2021-06-29,Senate,3,"Author added Dziedzic"
1517887,2021-06-26,House,1,"Introduction and first reading, referred to Commerce Finance and Policy"
1517887,2021-06-27,House,2,"Author added Erickson"
1517888,2021-06-26,House,1,"Introduction and first reading, referred to Rules and Legislative Administration"
1517888,2021-06-27,House,2,"Committee report, to adopt as amended"
1517888,2021-06-27,House,3,"Second reading"
1517888,2021-06-28,House,4,"House rule 1.21, placed on Calendar for the Day Tuesday, June 29, 2021"
1517888,2021-06-29,House,5,Amended
1517888,2021-06-29,House,6,"Point of order raised, ruled well taken multiple points order"
1517888,2021-06-29,House,7,"Third reading as amended"
1517888,2021-06-29,House,8,"Bill was passed as amended"
1517888,2021-06-29,Senate,9,"Received from House"
1517888,2021-06-29,Senate,10,"Introduction and first reading"
1517888,2021-06-29,Senate,11,"Urgency declared rules suspended"
1517888,2021-06-29,Senate,12,"Second reading"
1517888,2021-06-29,Senate,13,Amended
1517888,2021-06-29,Senate,14,"Third reading"
1517888,2021-06-29,Senate,15,"Reconsidered (Third Reading)"
1517888,2021-06-29,Senate,16,"Amendment reconsidered and withdrawn"
1517888,2021-06-29,Senate,17,"Third reading"
1517888,2021-06-29,Senate,18,"Laid on table"
1517888,2021-06-29,Senate,19,"Taken from table"
1517888,2021-06-29,Senate,20,"Bill passed"
1517888,2021-06-30,,21,"Presented to Governor"
1517888,2021-06-30,,22,"Governor approval "
1517888,2021-06-30,,23,"Governor's action Approval "
1517888,2021-06-30,,24,"Secretary of State Chapter 11 "
1517889,2021-06-26,House,1,"Introduction and first reading, referred to Public Safety and Criminal Justice Reform Finance and Policy"
1517890,2021-06-26,House,1,"Introduction and first reading, referred to Commerce Finance and Policy"
1517891,2021-06-26,House,1,"Introduction and first reading, referred to Commerce Finance and Policy"
1517891,2021-06-27,House,2,"Author added Erickson"
1517893,2021-06-27,House,1,"Introduction and first reading, referred to State Government Finance and Elections"
1517906,2021-06-28,Senate,1,Introduction
1517906,2021-06-28,Senate,2,"Referred to Rules and Administration"
1518015,2021-06-29,Senate,1,"Introduction and first reading"
1518015,2021-06-29,Senate,2,"Referred to Rules and Administration"
1518053,2021-06-29,Senate,1,"Introduction and first reading"
1518053,2021-06-29,Senate,2,"Referred to Rules and Administration"
1518120,2021-06-29,House,1,"Introduction and first reading, referred to Commerce Finance and Policy"
1518200,2021-06-30,Senate,1,Introduction
1518200,2021-06-30,Senate,2,"Referred to Rules and Administration"
1518217,2021-06-30,Senate,1,Introduction
1518217,2021-06-30,Senate,2,"Adopted (voice vote)"
1518494,2021-07-07,Senate,1,"Introduction and first reading"
1518494,2021-07-07,Senate,2,"Referred to Rules and Administration"
