bill_id,roll_call_id,date,chamber,description,yea,nay,nv,absent,total
1515838,1098078,2021-06-14,House,"House: H.C.R. NO. 1",64,68,0,0,132
1515843,1099444,2021-06-14,Senate,"Senate: Adopted",65,0,0,0,65
1515852,1099855,2021-06-21,Senate,"Senate: Third reading Passed",66,0,0,0,66
1515852,1100519,2021-06-19,House,"House: 69 - Amendment to Bernardy Amendment - Nays",60,69,0,0,129
1515852,1100520,2021-06-19,House,"House: 68 - Amendment - Nays",62,68,0,0,130
1515852,1100521,2021-06-19,House,"House: 69 - Amendment - Nays",61,69,0,0,130
1515852,1100522,2021-06-19,House,"House: 69 - Amendment - Nays",61,69,0,0,130
1515852,1100523,2021-06-20,House,"House: H.F. NO. 7",71,57,0,0,128
1515852,1103724,2021-06-19,House,"House: Appeal Ruling of the Speaker",69,62,0,0,131
1515855,1102593,2021-06-28,Senate,"Senate: Third reading Passed",66,0,0,0,66
1515855,1102594,2021-06-24,House,"House: Theis motion Re-Referral",56,68,0,0,124
1515855,1102595,2021-06-24,House,"House: 74 - Amendment - Nays",51,74,0,0,125
1515855,1102596,2021-06-24,House,"House: 68 - Amendment - Nays",59,68,0,0,127
1515855,1102597,2021-06-24,House,"House: 68 - Amendment - Nays",58,68,0,0,126
1515855,1102598,2021-06-24,House,"House: 67 - Amendment - Nays",60,67,0,0,127
1515855,1102599,2021-06-24,House,"House: 67 - Amendment - Nays",60,67,0,0,127
1515855,1102600,2021-06-24,House,"House: 68 - Amendment - Nays",61,68,0,0,129
1515855,1102601,2021-06-24,House,"House: Passage",72,58,0,0,130
1515857,1103609,2021-06-30,Senate,"Senate: Third reading Passed",54,11,0,0,65
1515857,1103941,2021-06-30,House,"House: 71 - Amendment - Nays",63,71,0,0,134
1515857,1103942,2021-06-30,House,"House: 69 - Amendment - Nays",65,69,0,0,134
1515857,1103943,2021-06-30,House,"House: 70 - Amendment - Nays",64,70,0,0,134
1515857,1103944,2021-06-30,House,"House: 70 - Amendment - Nays",64,70,0,0,134
1515857,1103945,2021-06-30,House,"House: 71 - Amendment - Nays",63,71,0,0,134
1515857,1103946,2021-06-30,House,"House: 70 - Amendment - Nays",64,70,0,0,134
1515857,1103947,2021-06-30,House,"House: 70 - Amendment - Nays",64,70,0,0,134
1515857,1103948,2021-06-30,House,"House: 70 - Amendment - Nays",63,70,0,0,133
1515857,1103949,2021-06-30,House,"House: 77 - Amendment - Nays",57,77,0,0,134
1515857,1103950,2021-06-30,House,"House: Is it the judgment of the House that the Albright point of order is well taken",59,73,0,0,132
1515857,1103951,2021-06-30,House,"House: 69 - Amendment to Winkler Amendment - Nays",63,69,0,0,132
1515857,1103952,2021-06-30,House,"House: 70 - Amendment to Winkler Amendment - Nays",61,70,0,0,131
1515857,1103953,2021-07-01,House,"House: 59 - Amendment - Nays",73,59,0,0,132
1515857,1103954,2021-07-01,House,"House: 1 - Amendment - Nays",119,1,0,0,120
1515857,1103955,2021-07-01,House,"House: Reconsider 3rd Reading",56,73,0,0,129
1515857,1103956,2021-07-01,House,"House: Passage, as amended",69,55,0,0,124
1515860,1100498,2021-06-22,Senate,"Senate: Third reading Passed",60,5,0,0,65
1515860,1100499,2021-06-17,House,"House: Winkler motion Lay on the Table Motion",68,57,0,0,125
1515860,1100500,2021-06-17,House,"House: Winkler motion Lay on the Table",72,57,0,0,129
1515860,1100501,2021-06-21,House,"House: 68 - Amendment - Nays",60,68,0,0,128
1515860,1100502,2021-06-21,House,"House: 67 - Amendment - Nays",61,67,0,0,128
1515860,1100503,2021-06-21,House,"House: 68 - Amendment - Nays",59,68,0,0,127
1515860,1100504,2021-06-21,House,"House: 68 - Amendment - Nays",61,68,0,0,129
1515860,1100505,2021-06-21,House,"House: 70 - Amendment - Nays",61,70,0,0,131
1515860,1100506,2021-06-21,House,"House: 70 - Amendment - Nays",60,70,0,0,130
1515860,1100507,2021-06-21,House,"House: 70 - Amendment - Nays",60,70,0,0,130
1515860,1100508,2021-06-21,House,"House: H.F. NO. 6",70,60,0,0,130
1515860,1103622,2021-06-21,House,"House: Appeal Ruling of the Speaker",70,58,0,0,128
1515860,1103623,2021-06-21,House,"House: Appeal Ruling of the Speaker",70,60,0,0,130
1515860,1103624,2021-06-21,House,"House: Appeal Ruling of the Speaker",70,60,0,0,130
1515860,1103625,2021-06-21,House,"House: Appeal Ruling of the Speaker",70,61,0,0,131
1515860,1103626,2021-06-21,House,"House: Appeal Ruling of the Speaker",70,58,0,0,128
1515860,1103627,2021-06-21,House,"House: Appeal Ruling of the Speaker",70,59,0,0,129
1515860,1103628,2021-06-21,House,"House: Appeal Ruling of the Speaker",69,60,0,0,129
1515894,1101999,2021-06-24,Senate,"Senate: Third reading Passed",67,0,0,0,67
1515894,1103683,2021-06-23,House,"House: Petersburg motion Re-Referral",58,68,0,0,126
1515894,1103684,2021-06-23,House,"House: 70 - Amendment - Nays",59,70,0,0,129
1515894,1103685,2021-06-23,House,"House: 70 - Amendment - Nays",59,70,0,0,129
1515894,1103686,2021-06-23,House,"House: 70 - Amendment - Nays",60,70,0,0,130
1515894,1103687,2021-06-23,House,"House: 69 - Amendment - Nays",61,69,0,0,130
1515894,1103688,2021-06-23,House,"House: 70 - Amendment - Nays",61,70,0,0,131
1515894,1103689,2021-06-23,House,"House: 70 - Amendment - Nays",62,70,0,0,132
1515894,1103690,2021-06-23,House,"House: Appeal the ruling of the Speaker",68,62,0,0,130
1515894,1103691,2021-06-23,House,"House: 69 - Amendment - Nays",62,69,0,0,131
1515894,1103692,2021-06-23,House,"House: Passage",112,21,0,0,133
1515897,1102744,2021-06-26,House,"House: Erickson motion Re-Referral",57,67,0,0,124
1515897,1102745,2021-06-26,House,"House: Demuth motion Re-Referral",56,67,0,0,123
1515897,1102746,2021-06-26,House,"House: 68 - Amendment - Nays",59,68,0,0,127
1515897,1102747,2021-06-26,House,"House: 70 - Amendment - Nays",57,70,0,0,127
1515897,1102748,2021-06-26,House,"House: 67 - Amendment - Nays",57,67,0,0,124
1515897,1102749,2021-06-26,House,"House: 68 - Amendment - Nays",57,68,0,0,125
1515897,1102750,2021-06-26,House,"House: 69 - Amendment - Nays",56,69,0,0,125
1515897,1102751,2021-06-26,House,"House: 68 - Amendment - Nays",57,68,0,0,125
1515897,1102752,2021-06-26,House,"House: 69 - Amendment - Nays",56,69,0,0,125
1515897,1102753,2021-06-26,House,"House: 68 - Amendment - Nays",56,68,0,0,124
1515897,1102754,2021-06-26,House,"House: 68 - Amendment - Nays",56,68,0,0,124
1515897,1102755,2021-06-26,House,"House: 66 - Amendment - Nays",58,66,0,0,124
1515897,1102756,2021-06-26,House,"House: 66 - Amendment - Nays",58,66,0,0,124
1515897,1102757,2021-06-26,House,"House: 69 - Amendment - Nays",55,69,0,0,124
1515897,1102758,2021-06-26,House,"House: 68 - Amendment - Nays",56,68,0,0,124
1515897,1102759,2021-06-26,House,"House: Passage",105,20,0,0,125
1515897,1104227,2021-06-30,Senate,"Senate: Bill passed",65,0,0,0,65
1515904,1102262,2021-06-25,Senate,"Senate: Third reading Passed",40,26,0,0,66
1515904,1102985,2021-06-29,Senate,"Senate: Third reading",54,12,0,0,66
1515904,1103035,2021-06-29,House,"House: 70 - Amendment - Nays",64,70,0,0,134
1515904,1103036,2021-06-29,House,"House: 70 - Amendment - Nays",64,70,0,0,134
1515904,1103037,2021-06-29,House,"House: 70 - Amendment - Nays",64,70,0,0,134
1515904,1103038,2021-06-29,House,"House: 70 - Amendment - Nays",64,70,0,0,134
1515904,1103039,2021-06-29,House,"House: 70 - Amendment - Nays",64,70,0,0,134
1515904,1103040,2021-06-29,House,"House: 70 - Amendment - Nays",64,70,0,0,134
1515904,1103041,2021-06-29,House,"House: 0 - Amendment - Nays",134,0,0,0,134
1515904,1103042,2021-06-30,House,"House: 69 - Amendment to Amendment - Nays",63,69,0,0,132
1515904,1103043,2021-06-30,House,"House: 64 - Amendment - Nays",70,64,0,0,134
1515904,1103044,2021-06-30,House,"House: Passage, as amended",70,63,0,0,133
1515905,1100541,2021-06-22,Senate,"Senate: Third reading Passed",63,3,0,0,66
1515905,1100542,2021-06-19,House,"House: H.F. NO. 8",112,20,0,0,132
1515910,1099888,2021-06-21,Senate,"Senate: Third reading Passed",66,0,0,0,66
1515910,1100562,2021-06-19,House,"House: 67 - Amendment - Nays",60,67,0,0,127
1515910,1100563,2021-06-19,House,"House: H.F. NO. 13",89,39,0,0,128
1515919,1100006,2021-06-21,Senate,"Senate: Re-referred to Finance",36,30,0,0,66
1515919,1100529,2021-06-22,Senate,"Senate: Third reading Passed",45,21,0,0,66
1515919,1102412,2021-06-26,Senate,"Senate: Senate not concur, conference committee of 5 requested",37,29,0,0,66
1515919,1102608,2021-06-25,House,"House: Hamilton motion Re-Referral",61,69,0,0,130
1515919,1102609,2021-06-25,House,"House: 70 - Amendment - Nays",62,70,0,0,132
1515919,1102610,2021-06-25,House,"House: 57 - Amendment - Nays",73,57,0,0,130
1515919,1102611,2021-06-25,House,"House: Passage",71,61,0,0,132
1515919,1102612,2021-06-25,House,"House: 68 - Amendment - Nays",62,68,0,0,130
1515919,1102999,2021-06-29,Senate,"Senate: Third reading",51,15,0,0,66
1515919,1103070,2021-06-29,House,"House: S.F. NO. 9",71,62,0,0,133
1515923,1100490,2021-06-22,Senate,"Senate: Third reading Passed",49,16,0,0,65
1515923,1102737,2021-06-25,House,"House: Heintzeman motion Re-Referral",62,68,0,0,130
1515923,1102738,2021-06-25,House,"House: 68 - Amendment - Nays",63,68,0,0,131
1515923,1102739,2021-06-25,House,"House: 70 - Amendment - Nays",63,70,0,0,133
1515923,1102740,2021-06-25,House,"House: Passage",99,34,0,0,133
1516035,1102395,2021-06-26,Senate,"Senate: Third reading Passed",62,4,0,0,66
1516035,1102632,2021-06-26,House,"House: 68 - Amendment - Nays",57,68,0,0,125
1516035,1102633,2021-06-26,House,"House: 67 - Amendment - Nays",57,67,0,0,124
1516035,1102634,2021-06-26,House,"House: 72 - Amendment - Nays",52,72,0,0,124
1516035,1102635,2021-06-26,House,"House: 67 - Amendment - Nays",57,67,0,0,124
1516035,1102636,2021-06-26,House,"House: Daudt motion Re-Referral",58,68,0,0,126
1516035,1102637,2021-06-26,House,"House: Passage",68,57,0,0,125
1516035,1102638,2021-06-26,House,"House: H.F. NO. 33",69,56,0,0,125
1517097,1102579,2021-06-28,Senate,"Senate: Third reading Passed",67,0,0,0,67
1517097,1102776,2021-06-26,House,"House: Passage, as amended",103,21,0,0,124
1517888,1103080,2021-06-29,Senate,"Senate: Amended",38,27,0,0,65
1517888,1103081,2021-06-29,Senate,"Senate: Bill passed",45,21,0,0,66
1517888,1103082,2021-06-29,House,"House: 70 - Amendment - Nays",64,70,0,0,134
1517888,1103083,2021-06-29,House,"House: 70 - Amendment - Nays",64,70,0,0,134
1517888,1103084,2021-06-29,House,"House: 70 - Amendment - Nays",64,70,0,0,134
1517888,1103085,2021-06-29,House,"House: 63 - Amendment to Nash Amendment - Nays",70,63,0,0,133
1517888,1103086,2021-06-29,House,"House: 71 - Amendment - Nays",62,71,0,0,133
1517888,1103087,2021-06-29,House,"House: 70 - Amendment - Nays",64,70,0,0,134
1517888,1103088,2021-06-29,House,"House: Appeal the Ruling of the Speaker",71,63,0,0,134
1517888,1103089,2021-06-29,House,"House: Appeal the Ruling of the Speaker",70,64,0,0,134
1517888,1103090,2021-06-29,House,"House: Passage, as amended",77,57,0,0,134
