bill_id,session_id,bill_number,status,status_desc,status_date,title,description,committee_id,committee,last_action_date,last_action,url,state_link
1387424,1787,HF1,1,Introduced,2020-12-14,"COVID-19; Pandemic Emergency Unemployment Compensation additional benefits added.","COVID-19; Pandemic Emergency Unemployment Compensation additional benefits added.",1777,"House Ways and Means",2020-12-14,"Author added Bernardy",https://legiscan.com/MN/bill/HF1/2020/X7,https://www.revisor.mn.gov/bills/bill.php?b=House&f=HF0001&ssn=7&y=2020
1387417,1787,HF2,1,Introduced,2020-12-14,"COVID-19; payment and grant funding provided to businesses affected by Governor's Executive","COVID-19; payment and grant funding provided to businesses affected by Governor's Executive",1777,"House Ways and Means",2020-12-14,"Introduction and first reading, referred to Ways and Means",https://legiscan.com/MN/bill/HF2/2020/X7,https://www.revisor.mn.gov/bills/bill.php?b=House&f=HF0002&ssn=7&y=2020
1387498,1787,HF3,1,Introduced,2020-12-14,"PROMISE Act established, community repair panel created, redevelopment and relief programs created, Metropolitan Area Redevelopment Corporation established, sales and use tax imposed, property tax abatement required, Civil Unrest Investigatory Commission established, and money appropriated.","PROMISE Act established, community repair panel created, redevelopment and relief programs created, Metropolitan Area Redevelopment Corporation established, sales and use tax imposed, property tax abatement required, Civil Unrest Investigatory Commission established, and money appropriated.",1777,"House Ways and Means",2020-12-14,"Introduction and first reading, referred to Ways and Means",https://legiscan.com/MN/bill/HF3/2020/X7,https://www.revisor.mn.gov/bills/bill.php?b=House&f=HF0003&ssn=7&y=2020
1387434,1787,HF4,1,Introduced,2020-12-14,"MFIP onetime supplemental payment funding provided, and money appropriated.","MFIP onetime supplemental payment funding provided, and money appropriated.",1777,"House Ways and Means",2020-12-14,"Introduction and first reading, referred to Ways and Means",https://legiscan.com/MN/bill/HF4/2020/X7,https://www.revisor.mn.gov/bills/bill.php?b=House&f=HF0004&ssn=7&y=2020
1387438,1787,HF5,1,Introduced,2020-12-14,"COVID-19; public health support fund for child care program funding provided, basic sliding fee program funding provided, and money appropriated.","COVID-19; public health support fund for child care program funding provided, basic sliding fee program funding provided, and money appropriated.",0,,2020-12-14,"Motion did not prevail",https://legiscan.com/MN/bill/HF5/2020/X7,https://www.revisor.mn.gov/bills/bill.php?b=House&f=HF0005&ssn=7&y=2020
1387458,1787,HF6,1,Introduced,2020-12-14,"COVID-19; food relief grant program established, and money appropriated.","COVID-19; food relief grant program established, and money appropriated.",1777,"House Ways and Means",2020-12-14,"Introduction and first reading, referred to Ways and Means",https://legiscan.com/MN/bill/HF6/2020/X7,https://www.revisor.mn.gov/bills/bill.php?b=House&f=HF0006&ssn=7&y=2020
1387457,1787,HF7,1,Introduced,2020-12-14,"COVID-19; emergency housing assistance grants during peacetime emergency funding provided, and money appropriated.","COVID-19; emergency housing assistance grants during peacetime emergency funding provided, and money appropriated.",0,,2020-12-14,"Motion withdrawn",https://legiscan.com/MN/bill/HF7/2020/X7,https://www.revisor.mn.gov/bills/bill.php?b=House&f=HF0007&ssn=7&y=2020
1387496,1787,HF8,1,Introduced,2020-12-14,"COVID-19; emergency services, isolation spaces, and housing support funding provided; and money appropriated.","COVID-19; emergency services, isolation spaces, and housing support funding provided; and money appropriated.",1777,"House Ways and Means",2020-12-14,"Introduction and first reading, referred to Ways and Means",https://legiscan.com/MN/bill/HF8/2020/X7,https://www.revisor.mn.gov/bills/bill.php?b=House&f=HF0008&ssn=7&y=2020
1387445,1787,HF9,1,Introduced,2020-12-14,"COVID-19; commissioner of health and human services funding provided for long-term care and protection and support activities, and money appropriated.","COVID-19; commissioner of health and human services funding provided for long-term care and protection and support activities, and money appropriated.",1777,"House Ways and Means",2020-12-14,"Introduction and first reading, referred to Ways and Means",https://legiscan.com/MN/bill/HF9/2020/X7,https://www.revisor.mn.gov/bills/bill.php?b=House&f=HF0009&ssn=7&y=2020
1387444,1787,HF10,1,Introduced,2020-12-14,"COVID-19; tourism-related loss funding provided, and money appropriated.","COVID-19; tourism-related loss funding provided, and money appropriated.",1777,"House Ways and Means",2020-12-14,"Introduction and first reading, referred to Ways and Means",https://legiscan.com/MN/bill/HF10/2020/X7,https://www.revisor.mn.gov/bills/bill.php?b=House&f=HF0010&ssn=7&y=2020
1387473,1787,HF11,1,Introduced,2020-12-14,"COVID-19 Minnesota fund extended.","COVID-19 Minnesota fund extended.",1777,"House Ways and Means",2020-12-14,"Introduction and first reading, referred to Ways and Means",https://legiscan.com/MN/bill/HF11/2020/X7,https://www.revisor.mn.gov/bills/bill.php?b=House&f=HF0011&ssn=7&y=2020
1387411,1787,HF12,1,Introduced,2020-12-14,"Law enforcement salary increase provided and technical change made, and money appropriated.","Law enforcement salary increase provided and technical change made, and money appropriated.",1777,"House Ways and Means",2020-12-14,"Introduction and first reading, referred to Ways and Means",https://legiscan.com/MN/bill/HF12/2020/X7,https://www.revisor.mn.gov/bills/bill.php?b=House&f=HF0012&ssn=7&y=2020
1387418,1787,HF13,1,Introduced,2020-12-14,"Broadband grant program money transferred.","Broadband grant program money transferred.",1777,"House Ways and Means",2020-12-14,"Introduction and first reading, referred to Ways and Means",https://legiscan.com/MN/bill/HF13/2020/X7,https://www.revisor.mn.gov/bills/bill.php?b=House&f=HF0013&ssn=7&y=2020
1387435,1787,HF14,1,Introduced,2020-12-14,"Protests of May and June 2020; redevelopment appropriation bond issuance authorized for areas damaged by civil unrest, and money appropriated.","Protests of May and June 2020; redevelopment appropriation bond issuance authorized for areas damaged by civil unrest, and money appropriated.",1767,"House Jobs and Economic Development Finance",2020-12-14,"Introduction and first reading, referred to Jobs and Economic Development Finance Division",https://legiscan.com/MN/bill/HF14/2020/X7,https://www.revisor.mn.gov/bills/bill.php?b=House&f=HF0014&ssn=7&y=2020
1387460,1787,HF15,1,Introduced,2020-12-14,"Farmer-lender mediation extensions modified.","Farmer-lender mediation extensions modified.",1777,"House Ways and Means",2020-12-14,"Introduction and first reading, referred to Ways and Means",https://legiscan.com/MN/bill/HF15/2020/X7,https://www.revisor.mn.gov/bills/bill.php?b=House&f=HF0015&ssn=7&y=2020
1387481,1787,HF16,1,Introduced,2020-12-14,"COVID-19; emergency paid leave provided to health care workers excluded from the federal Families First Coronavirus Response Act.","COVID-19; emergency paid leave provided to health care workers excluded from the federal Families First Coronavirus Response Act.",1777,"House Ways and Means",2020-12-14,"Introduction and first reading, referred to Ways and Means",https://legiscan.com/MN/bill/HF16/2020/X7,https://www.revisor.mn.gov/bills/bill.php?b=House&f=HF0016&ssn=7&y=2020
1387485,1787,HF17,1,Introduced,2020-12-14,"COVID-19; workers' compensation for education employees provided.","COVID-19; workers' compensation for education employees provided.",3805,"House Labor",2020-12-14,"Introduction and first reading, referred to Labor",https://legiscan.com/MN/bill/HF17/2020/X7,https://www.revisor.mn.gov/bills/bill.php?b=House&f=HF0017&ssn=7&y=2020
1387499,1787,HF18,1,Introduced,2020-12-14,"Indian tribe property exempted from property taxes.","Indian tribe property exempted from property taxes.",1774,"House Taxes",2020-12-14,"Introduction and first reading, referred to Taxes",https://legiscan.com/MN/bill/HF18/2020/X7,https://www.revisor.mn.gov/bills/bill.php?b=House&f=HF0018&ssn=7&y=2020
1387468,1787,HF19,4,Passed,2020-12-16,"2020 Workers' Compensation Advisory Council recommendations adopted, community behavioral health clinic reimbursement requirements modified, assisted living requirement changes made, previous appropriations modified, and money appropriated.","2020 Workers' Compensation Advisory Council recommendations adopted, community behavioral health clinic reimbursement requirements modified, assisted living requirement changes made, previous appropriations modified, and money appropriated.",0,,2020-12-16,"Secretary of State Chapter 1 ",https://legiscan.com/MN/bill/HF19/2020/X7,https://www.revisor.mn.gov/bills/bill.php?b=House&f=HF0019&ssn=7&y=2020
1387453,1787,HF20,1,Introduced,2020-12-14,"COVID-19; electronic monitoring requirements modified, long-term care setting infection control requirements modified, hospice and assisted living bill of rights modified, assisted living service termination during peacetime emergency prohibited, SARS-CoV-2 infection control plant in long-term care setting establishment required, Long-Term Care COVID-19 Task Force established, and money appropriated.","COVID-19; electronic monitoring requirements modified, long-term care setting infection control requirements modified, hospice and assisted living bill of rights modified, assisted living service termination during peacetime emergency prohibited, SARS-CoV-2 infection control plant in long-term care setting establishment required, Long-Term Care COVID-19 Task Force established, and money appropriated.",4043,"House Long-Term Care",2020-12-14,"Introduction and first reading, referred to Long-Term Care Division",https://legiscan.com/MN/bill/HF20/2020/X7,https://www.revisor.mn.gov/bills/bill.php?b=House&f=HF0020&ssn=7&y=2020
1387452,1787,HF21,1,Introduced,2020-12-14,"2020 Workers' Compensation Advisory Council recommendations adopted.","2020 Workers' Compensation Advisory Council recommendations adopted.",1777,"House Ways and Means",2020-12-14,"Introduction and first reading, referred to Ways and Means",https://legiscan.com/MN/bill/HF21/2020/X7,https://www.revisor.mn.gov/bills/bill.php?b=House&f=HF0021&ssn=7&y=2020
1387477,1787,HF22,1,Introduced,2020-12-14,"Community behavioral health clinic reimbursement requirements modified, telemedicine service coverage extended, technical corrections to Department of Human Services appropriations made, and money appropriated.","Community behavioral health clinic reimbursement requirements modified, telemedicine service coverage extended, technical corrections to Department of Human Services appropriations made, and money appropriated.",1777,"House Ways and Means",2020-12-14,"Introduction and first reading, referred to Ways and Means",https://legiscan.com/MN/bill/HF22/2020/X7,https://www.revisor.mn.gov/bills/bill.php?b=House&f=HF0022&ssn=7&y=2020
1387469,1787,HF23,1,Introduced,2020-12-14,"Supreme court courthouse security and cyber security funding provided, and money appropriated.","Supreme court courthouse security and cyber security funding provided, and money appropriated.",3806,"House Judiciary Finance and Civil Law",2020-12-14,"Introduction and first reading, referred to Judiciary Finance and Civil Law Division",https://legiscan.com/MN/bill/HF23/2020/X7,https://www.revisor.mn.gov/bills/bill.php?b=House&f=HF0023&ssn=7&y=2020
1387421,1787,HF24,1,Introduced,2020-12-14,"Court guidance provided on sentencing veterans for criminal offenses related to a service-related disorder.","Court guidance provided on sentencing veterans for criminal offenses related to a service-related disorder.",1777,"House Ways and Means",2020-12-14,"Introduction and first reading, referred to Ways and Means",https://legiscan.com/MN/bill/HF24/2020/X7,https://www.revisor.mn.gov/bills/bill.php?b=House&f=HF0024&ssn=7&y=2020
1387462,1787,HF25,1,Introduced,2020-12-14,"Psychology interjurisdictional compact created, and money appropriated.","Psychology interjurisdictional compact created, and money appropriated.",1764,"House Health and Human Services Finance",2020-12-14,"Introduction and first reading, referred to Health and Human Services Finance Division",https://legiscan.com/MN/bill/HF25/2020/X7,https://www.revisor.mn.gov/bills/bill.php?b=House&f=HF0025&ssn=7&y=2020
1387501,1787,HF26,1,Introduced,2020-12-14,"Prior year's pupil count use authorized for the 2020-2021 school year to reflect COVID-19 changes in enrollment, and money appropriated.","Prior year's pupil count use authorized for the 2020-2021 school year to reflect COVID-19 changes in enrollment, and money appropriated.",1758,"House Education Finance",2020-12-14,"Introduction and first reading, referred to Education Finance Division",https://legiscan.com/MN/bill/HF26/2020/X7,https://www.revisor.mn.gov/bills/bill.php?b=House&f=HF0026&ssn=7&y=2020
1387495,1787,HF27,1,Introduced,2020-12-14,"Environment and natural resources trust fund previous appropriation modified.","Environment and natural resources trust fund previous appropriation modified.",1777,"House Ways and Means",2020-12-14,"Introduction and first reading, referred to Ways and Means",https://legiscan.com/MN/bill/HF27/2020/X7,https://www.revisor.mn.gov/bills/bill.php?b=House&f=HF0027&ssn=7&y=2020
1387448,1787,HF28,1,Introduced,2020-12-14,"Nursing home and assisted living facility provisions changed, fee schedule changed for the Board of Executives for Long Term Services and Supports, and money appropriated.","Nursing home and assisted living facility provisions changed, fee schedule changed for the Board of Executives for Long Term Services and Supports, and money appropriated.",1777,"House Ways and Means",2020-12-14,"Author added Kiel",https://legiscan.com/MN/bill/HF28/2020/X7,https://www.revisor.mn.gov/bills/bill.php?b=House&f=HF0028&ssn=7&y=2020
1387415,1787,HF29,1,Introduced,2020-12-14,"Farmed Cervidae provisions modified, muzzleloader provisions modified, portable stands permanently allowed in wildlife management areas, and Cervidae carcass transportation restrictions modified.","Farmed Cervidae provisions modified, muzzleloader provisions modified, portable stands permanently allowed in wildlife management areas, and Cervidae carcass transportation restrictions modified.",2701,"House Environment and Natural Resources Policy",2020-12-14,"Authors added Becker-Finn, Hansen",https://legiscan.com/MN/bill/HF29/2020/X7,https://www.revisor.mn.gov/bills/bill.php?b=House&f=HF0029&ssn=7&y=2020
1387484,1787,HF30,1,Introduced,2020-12-14,"Alcoholic beverage off-sale allowed by on-sale licensees during the COVID-19 peacetime emergency.","Alcoholic beverage off-sale allowed by on-sale licensees during the COVID-19 peacetime emergency.",3809,"House Commerce",2020-12-14,"Introduction and first reading, referred to Commerce",https://legiscan.com/MN/bill/HF30/2020/X7,https://www.revisor.mn.gov/bills/bill.php?b=House&f=HF0030&ssn=7&y=2020
1387428,1787,HF31,1,Introduced,2020-12-14,"Housing bond issuance extension provided.","Housing bond issuance extension provided.",1777,"House Ways and Means",2020-12-14,"Introduction and first reading, referred to Ways and Means",https://legiscan.com/MN/bill/HF31/2020/X7,https://www.revisor.mn.gov/bills/bill.php?b=House&f=HF0031&ssn=7&y=2020
1387497,1787,HF32,1,Introduced,2020-12-14,"Medical practices required to make available to the public their current standard charges, and commissioner of health authorized to establish a price comparison tool for items and services offered by medical practices.","Medical practices required to make available to the public their current standard charges, and commissioner of health authorized to establish a price comparison tool for items and services offered by medical practices.",3809,"House Commerce",2020-12-14,"Introduction and first reading, referred to Commerce",https://legiscan.com/MN/bill/HF32/2020/X7,https://www.revisor.mn.gov/bills/bill.php?b=House&f=HF0032&ssn=7&y=2020
1387489,1787,HF33,1,Introduced,2020-12-14,"School boards authorized to establish and operate a safe learning plan for the 2020-2021 school year, parent-based distance learning program established for the 2020-2021 school year, school calendar modified for the 2020-2021 school year, Minnesota State High School League prohibited from limiting tournaments or activities after canceling or limiting a tournament or season, school district fund transfer flexibility extended, distance learning defined, and report required.","School boards authorized to establish and operate a safe learning plan for the 2020-2021 school year, parent-based distance learning program established for the 2020-2021 school year, school calendar modified for the 2020-2021 school year, Minnesota State High School League prohibited from limiting tournaments or activities after canceling or limiting a tournament or season, school district fund transfer flexibility extended, distance learning defined, and report required.",2699,"House Education Policy",2020-12-14,"Introduction and first reading, referred to Education Policy",https://legiscan.com/MN/bill/HF33/2020/X7,https://www.revisor.mn.gov/bills/bill.php?b=House&f=HF0033&ssn=7&y=2020
1387436,1787,HF34,1,Introduced,2020-12-14,"Roosevelt; aid penalty forgiveness provided.","Roosevelt; aid penalty forgiveness provided.",1774,"House Taxes",2020-12-14,"Introduction and first reading, referred to Taxes",https://legiscan.com/MN/bill/HF34/2020/X7,https://www.revisor.mn.gov/bills/bill.php?b=House&f=HF0034&ssn=7&y=2020
1387443,1787,HF35,1,Introduced,2020-12-14,"Mortuary science reciprocal licensing requirements modified.","Mortuary science reciprocal licensing requirements modified.",2703,"House Health and Human Services Policy",2020-12-14,"Introduction and first reading, referred to Health and Human Services Policy",https://legiscan.com/MN/bill/HF35/2020/X7,https://www.revisor.mn.gov/bills/bill.php?b=House&f=HF0035&ssn=7&y=2020
1387451,1787,HF36,1,Introduced,2020-12-14,"Nurse Licensure Compact created, and money appropriated.","Nurse Licensure Compact created, and money appropriated.",2703,"House Health and Human Services Policy",2020-12-14,"Introduction and first reading, referred to Health and Human Services Policy",https://legiscan.com/MN/bill/HF36/2020/X7,https://www.revisor.mn.gov/bills/bill.php?b=House&f=HF0036&ssn=7&y=2020
1387422,1787,HF37,1,Introduced,2020-12-14,"Nurses licensed under the Nurse Licensure Compact allowed to practice during a peacetime emergency.","Nurses licensed under the Nurse Licensure Compact allowed to practice during a peacetime emergency.",2703,"House Health and Human Services Policy",2020-12-14,"Introduction and first reading, referred to Health and Human Services Policy",https://legiscan.com/MN/bill/HF37/2020/X7,https://www.revisor.mn.gov/bills/bill.php?b=House&f=HF0037&ssn=7&y=2020
1387414,1787,HF38,1,Introduced,2020-12-14,"Counties, cities, and townships authorized to accept documents or signatures electronically, by mail, or by facsimile.","Counties, cities, and townships authorized to accept documents or signatures electronically, by mail, or by facsimile.",2702,"House Government Operations",2020-12-14,"Introduction and first reading, referred to Government Operations",https://legiscan.com/MN/bill/HF38/2020/X7,https://www.revisor.mn.gov/bills/bill.php?b=House&f=HF0038&ssn=7&y=2020
1387461,1787,HF39,1,Introduced,2020-12-14,"Public comments required at all open meetings of public bodies, including those conducted by electronic means.","Public comments required at all open meetings of public bodies, including those conducted by electronic means.",2702,"House Government Operations",2020-12-14,"Introduction and first reading, referred to Government Operations",https://legiscan.com/MN/bill/HF39/2020/X7,https://www.revisor.mn.gov/bills/bill.php?b=House&f=HF0039&ssn=7&y=2020
1387459,1787,HF40,1,Introduced,2020-12-14,"Vaccination consent required.","Vaccination consent required.",2702,"House Government Operations",2020-12-14,"Author added Bennett",https://legiscan.com/MN/bill/HF40/2020/X7,https://www.revisor.mn.gov/bills/bill.php?b=House&f=HF0040&ssn=7&y=2020
1387475,1787,HF41,1,Introduced,2020-12-14,"Vaccination consent required, consent coercion and discrimination prohibited, and criminal penalties imposed.","Vaccination consent required, consent coercion and discrimination prohibited, and criminal penalties imposed.",2703,"House Health and Human Services Policy",2020-12-14,"Author added Bennett",https://legiscan.com/MN/bill/HF41/2020/X7,https://www.revisor.mn.gov/bills/bill.php?b=House&f=HF0041&ssn=7&y=2020
1387413,1787,HF42,1,Introduced,2020-12-14,"Human Rights Act; vaccination consent added.","Human Rights Act; vaccination consent added.",3806,"House Judiciary Finance and Civil Law",2020-12-14,"Author added Bennett",https://legiscan.com/MN/bill/HF42/2020/X7,https://www.revisor.mn.gov/bills/bill.php?b=House&f=HF0042&ssn=7&y=2020
1387431,1787,HF43,1,Introduced,2020-12-14,"Legislature permitted to terminate any order or rule promulgated by the governor directing a response to a peacetime emergency if the emergency is continued for more that 30 days.","Legislature permitted to terminate any order or rule promulgated by the governor directing a response to a peacetime emergency if the emergency is continued for more that 30 days.",2702,"House Government Operations",2020-12-14,"Introduction and first reading, referred to Government Operations",https://legiscan.com/MN/bill/HF43/2020/X7,https://www.revisor.mn.gov/bills/bill.php?b=House&f=HF0043&ssn=7&y=2020
1387490,1787,HF44,1,Introduced,2020-12-14,"COVID-19 vaccines made available to education personnel.","COVID-19 vaccines made available to education personnel.",2703,"House Health and Human Services Policy",2020-12-14,"Introduction and first reading, referred to Health and Human Services Policy",https://legiscan.com/MN/bill/HF44/2020/X7,https://www.revisor.mn.gov/bills/bill.php?b=House&f=HF0044&ssn=7&y=2020
1387463,1787,HF45,1,Introduced,2020-12-14,"COVID-19; economic relief provided for businesses adversely affected by the pandemic, business relief payments authorized, regulatory fee waivers provided, additional unemployment insurance benefits provided, movie theater and convention center grants provided, county relief grants provided, deadline application extended for free or reduced-price lunch for the fall 2020 count of eligible students, federal fund replacement provided, reports required, money transferred, and money appropriated.","COVID-19; economic relief provided for businesses adversely affected by the pandemic, business relief payments authorized, regulatory fee waivers provided, additional unemployment insurance benefits provided, movie theater and convention center grants provided, county relief grants provided, deadline application extended for free or reduced-price lunch for the fall 2020 count of eligible students, federal fund replacement provided, reports required, money transferred, and money appropriated.",1777,"House Ways and Means",2020-12-14,"Authors added Schultz, Bernardy",https://legiscan.com/MN/bill/HF45/2020/X7,https://www.revisor.mn.gov/bills/bill.php?b=House&f=HF0045&ssn=7&y=2020
1387491,1787,HC1,1,Introduced,2020-12-14,"A house concurrent resolution terminating the peacetime emergency.","A house concurrent resolution terminating the peacetime emergency.",1771,"House Rules and Legislative Administration",2020-12-14,"Resolution referred to Rules and Legislative Administration",https://legiscan.com/MN/bill/HC1/2020/X7,https://www.revisor.mn.gov/bills/bill.php?b=House&f=HC0001&ssn=7&y=2020
1387430,1787,HC2,1,Introduced,2020-12-14,"A house concurrent resolution terminating the peacetime emergency.","A house concurrent resolution terminating the peacetime emergency.",1771,"House Rules and Legislative Administration",2020-12-14,"Resolution referred to Rules and Legislative Administration",https://legiscan.com/MN/bill/HC2/2020/X7,https://www.revisor.mn.gov/bills/bill.php?b=House&f=HC0002&ssn=7&y=2020
1387427,1787,HC3,1,Introduced,2020-12-14,"A house concurrent resolution terminating the peacetime emergency.","A house concurrent resolution terminating the peacetime emergency.",1771,"House Rules and Legislative Administration",2020-12-14,"Resolution referred to Rules and Legislative Administration",https://legiscan.com/MN/bill/HC3/2020/X7,https://www.revisor.mn.gov/bills/bill.php?b=House&f=HC0003&ssn=7&y=2020
1387464,1787,SF1,1,Introduced,2020-12-14,"Nursing homes and assisted living facilities provisions modifications; Board of Executives for Long Term Services and Supports fee schedule modifications; appropriation","Nursing homes and assisted living facilities provisions modifications; Board of Executives for Long Term Services and Supports fee schedule modifications; appropriation",0,,2020-12-14,"Laid on table",https://legiscan.com/MN/bill/SF1/2020/X7,https://www.revisor.mn.gov/bills/bill.php?b=Senate&f=SF0001&ssn=7&y=2020
1387474,1787,SF2,1,Introduced,2020-12-14,"2020 Workers' Compensation Advisory Council recommendations adoption","2020 Workers' Compensation Advisory Council recommendations adoption",0,,2020-12-14,"Laid on table",https://legiscan.com/MN/bill/SF2/2020/X7,https://www.revisor.mn.gov/bills/bill.php?b=Senate&f=SF0002&ssn=7&y=2020
1387480,1787,SF3,1,Introduced,2020-12-14,"Environment and natural resources trust fund previous appropriation modification","Environment and natural resources trust fund previous appropriation modification",0,,2020-12-14,"Laid on table",https://legiscan.com/MN/bill/SF3/2020/X7,https://www.revisor.mn.gov/bills/bill.php?b=Senate&f=SF0003&ssn=7&y=2020
1387467,1787,SF4,1,Introduced,2020-12-14,"Notarial officer amendment effective date change authorization","Notarial officer amendment effective date change authorization",0,,2020-12-14,"Laid on table",https://legiscan.com/MN/bill/SF4/2020/X7,https://www.revisor.mn.gov/bills/bill.php?b=Senate&f=SF0004&ssn=7&y=2020
1387419,1787,SF5,1,Introduced,2020-12-14,"Certified community behavioral health clinic reimbursement requirements modifications; telemedicine services date for coverage extension; human services department appropriations technical corrections authorization; appropriating money","Certified community behavioral health clinic reimbursement requirements modifications; telemedicine services date for coverage extension; human services department appropriations technical corrections authorization; appropriating money",0,,2020-12-14,"Laid on table",https://legiscan.com/MN/bill/SF5/2020/X7,https://www.revisor.mn.gov/bills/bill.php?b=Senate&f=SF0005&ssn=7&y=2020
1387420,1787,SF6,1,Introduced,2020-12-14,"Bond proceeds appropriations descriptions technical amendments authorization","Bond proceeds appropriations descriptions technical amendments authorization",0,,2020-12-14,"Author added Pappas",https://legiscan.com/MN/bill/SF6/2020/X7,https://www.revisor.mn.gov/bills/bill.php?b=Senate&f=SF0006&ssn=7&y=2020
1387450,1787,SF7,1,Introduced,2020-12-14,"COVID-19 public health support funds for child care programs and basic sliding fee program appropriation","COVID-19 public health support funds for child care programs and basic sliding fee program appropriation",0,,2020-12-14,"Laid on table",https://legiscan.com/MN/bill/SF7/2020/X7,https://www.revisor.mn.gov/bills/bill.php?b=Senate&f=SF0007&ssn=7&y=2020
1387488,1787,SF8,1,Introduced,2020-12-14,"Temporary suspension of certain sales and use and liquor gross receipts tax remittances authorization","Temporary suspension of certain sales and use and liquor gross receipts tax remittances authorization",0,,2020-12-14,"Laid on table",https://legiscan.com/MN/bill/SF8/2020/X7,https://www.revisor.mn.gov/bills/bill.php?b=Senate&f=SF0008&ssn=7&y=2020
1387483,1787,SF9,1,Introduced,2020-12-14,"Temporary retention of certain tax collections authorization; remittance and deposit requirement suspension","Temporary retention of certain tax collections authorization; remittance and deposit requirement suspension",0,,2020-12-14,"Laid on table",https://legiscan.com/MN/bill/SF9/2020/X7,https://www.revisor.mn.gov/bills/bill.php?b=Senate&f=SF0009&ssn=7&y=2020
1387449,1787,SF10,1,Introduced,2020-12-14,"Refundable tax donation of food establishment","Refundable tax donation of food establishment",0,,2020-12-14,"Laid on table",https://legiscan.com/MN/bill/SF10/2020/X7,https://www.revisor.mn.gov/bills/bill.php?b=Senate&f=SF0010&ssn=7&y=2020
1387466,1787,SF11,1,Introduced,2020-12-14,"Temporary suspension of certain estimated income and corporate and franchise tax payments","Temporary suspension of certain estimated income and corporate and franchise tax payments",0,,2020-12-14,"Laid on table",https://legiscan.com/MN/bill/SF11/2020/X7,https://www.revisor.mn.gov/bills/bill.php?b=Senate&f=SF0011&ssn=7&y=2020
1387493,1787,SF12,1,Introduced,2020-12-14,"Broadband grant program fund account transfer authorization","Broadband grant program fund account transfer authorization",0,,2020-12-14,"Laid on table",https://legiscan.com/MN/bill/SF12/2020/X7,https://www.revisor.mn.gov/bills/bill.php?b=Senate&f=SF0012&ssn=7&y=2020
1387447,1787,SF13,1,Introduced,2020-12-14,"School free or reduced-price lunch application deadline extension, federal funds replacement requirement, and appropriation","School free or reduced-price lunch application deadline extension, federal funds replacement requirement, and appropriation",0,,2020-12-14,"Laid on table",https://legiscan.com/MN/bill/SF13/2020/X7,https://www.revisor.mn.gov/bills/bill.php?b=Senate&f=SF0013&ssn=7&y=2020
1387486,1787,SF14,1,Introduced,2020-12-14,"Tax remittances delay; COVID-19 economic relief grants and income subtraction","Tax remittances delay; COVID-19 economic relief grants and income subtraction",1750,"Senate Rules and Administration",2020-12-14,"Referred to Rules and Administration",https://legiscan.com/MN/bill/SF14/2020/X7,https://www.revisor.mn.gov/bills/bill.php?b=Senate&f=SF0014&ssn=7&y=2020
1387433,1787,SF15,1,Introduced,2020-12-14,"Open meetings public comments requirement","Open meetings public comments requirement",1750,"Senate Rules and Administration",2020-12-14,"Referred to Rules and Administration",https://legiscan.com/MN/bill/SF15/2020/X7,https://www.revisor.mn.gov/bills/bill.php?b=Senate&f=SF0015&ssn=7&y=2020
1387454,1787,SF16,1,Introduced,2020-12-14,"School free and reduced-price lunches application deadline extension","School free and reduced-price lunches application deadline extension",1750,"Senate Rules and Administration",2020-12-14,"Referred to Rules and Administration",https://legiscan.com/MN/bill/SF16/2020/X7,https://www.revisor.mn.gov/bills/bill.php?b=Senate&f=SF0016&ssn=7&y=2020
1387472,1787,SF17,1,Introduced,2020-12-14,"Food licensing and inspection laws seasonal meat processors exemption","Food licensing and inspection laws seasonal meat processors exemption",1750,"Senate Rules and Administration",2020-12-14,"Referred to Rules and Administration",https://legiscan.com/MN/bill/SF17/2020/X7,https://www.revisor.mn.gov/bills/bill.php?b=Senate&f=SF0017&ssn=7&y=2020
1387455,1787,SF18,1,Introduced,2020-12-14,"Alcoholic beverages off-sale by on-sale licensees authorization during COVID-19 peacetime emergency","Alcoholic beverages off-sale by on-sale licensees authorization during COVID-19 peacetime emergency",1750,"Senate Rules and Administration",2020-12-14,"Referred to Rules and Administration",https://legiscan.com/MN/bill/SF18/2020/X7,https://www.revisor.mn.gov/bills/bill.php?b=Senate&f=SF0018&ssn=7&y=2020
1387492,1787,SF19,1,Introduced,2020-12-14,"Food licensing and inspection laws seasonal meat processors exemption","Food licensing and inspection laws seasonal meat processors exemption",1750,"Senate Rules and Administration",2020-12-14,"Authors added Tomassoni; Rarick",https://legiscan.com/MN/bill/SF19/2020/X7,https://www.revisor.mn.gov/bills/bill.php?b=Senate&f=SF0019&ssn=7&y=2020
1387437,1787,SF20,1,Introduced,2020-12-14,"Psychology interjurisdictional compact creation and appropriation","Psychology interjurisdictional compact creation and appropriation",1750,"Senate Rules and Administration",2020-12-14,"Referred to Rules and Administration",https://legiscan.com/MN/bill/SF20/2020/X7,https://www.revisor.mn.gov/bills/bill.php?b=Senate&f=SF0020&ssn=7&y=2020
1387487,1787,SF21,1,Introduced,2020-12-14,"Brewers malt liquor off-sale authorization during COVID-19 peacetime emergency","Brewers malt liquor off-sale authorization during COVID-19 peacetime emergency",1750,"Senate Rules and Administration",2020-12-14,"Author added Pappas",https://legiscan.com/MN/bill/SF21/2020/X7,https://www.revisor.mn.gov/bills/bill.php?b=Senate&f=SF0021&ssn=7&y=2020
1387442,1787,SF22,1,Introduced,2020-12-14,"Roosevelt 2019 aid penalty forgiveness","Roosevelt 2019 aid penalty forgiveness",1750,"Senate Rules and Administration",2020-12-14,"Referred to Rules and Administration",https://legiscan.com/MN/bill/SF22/2020/X7,https://www.revisor.mn.gov/bills/bill.php?b=Senate&f=SF0022&ssn=7&y=2020
1387426,1787,SF23,1,Introduced,2020-12-14,"Health-related electronic monitoring requirements modifications; long-term care and assisted living provisions modifications; SARS-CoV-2 infections state plan; long-term care covid-19 task force; appropriation","Health-related electronic monitoring requirements modifications; long-term care and assisted living provisions modifications; SARS-CoV-2 infections state plan; long-term care covid-19 task force; appropriation",1750,"Senate Rules and Administration",2020-12-14,"Referred to Rules and Administration",https://legiscan.com/MN/bill/SF23/2020/X7,https://www.revisor.mn.gov/bills/bill.php?b=Senate&f=SF0023&ssn=7&y=2020
1387441,1787,SF24,1,Introduced,2020-12-14,"Constitutional amendment providing for gender equality under the law","Constitutional amendment providing for gender equality under the law",1750,"Senate Rules and Administration",2020-12-14,"Referred to Rules and Administration",https://legiscan.com/MN/bill/SF24/2020/X7,https://www.revisor.mn.gov/bills/bill.php?b=Senate&f=SF0024&ssn=7&y=2020
1387429,1787,SF25,1,Introduced,2020-12-14,"Budget reserve account transfer to general fund authorization; Duluth Entertainment Convention Center Authority appropriation","Budget reserve account transfer to general fund authorization; Duluth Entertainment Convention Center Authority appropriation",1750,"Senate Rules and Administration",2020-12-14,"Referred to Rules and Administration",https://legiscan.com/MN/bill/SF25/2020/X7,https://www.revisor.mn.gov/bills/bill.php?b=Senate&f=SF0025&ssn=7&y=2020
1387482,1787,SF26,1,Introduced,2020-12-14,"Arrowhead Economic Opportunity Agency appropriation","Arrowhead Economic Opportunity Agency appropriation",1750,"Senate Rules and Administration",2020-12-14,"Referred to Rules and Administration",https://legiscan.com/MN/bill/SF26/2020/X7,https://www.revisor.mn.gov/bills/bill.php?b=Senate&f=SF0026&ssn=7&y=2020
1387494,1787,SF27,1,Introduced,2020-12-14,"Workers' compensation advisory council 2020 recommendations adoption; certified community behavioral health clinic reimbursement requirements modifications; assisted living requirements modifications; effective dates extension; technical and appropriations changes; appropriation","Workers' compensation advisory council 2020 recommendations adoption; certified community behavioral health clinic reimbursement requirements modifications; assisted living requirements modifications; effective dates extension; technical and appropriations changes; appropriation",0,,2020-12-14,"Laid on table",https://legiscan.com/MN/bill/SF27/2020/X7,https://www.revisor.mn.gov/bills/bill.php?b=Senate&f=SF0027&ssn=7&y=2020
1387423,1787,SF28,1,Introduced,2020-12-14,"School free or reduced-price lunch application deadline extension, federal funds replacement requirement, and appropriation","School free or reduced-price lunch application deadline extension, federal funds replacement requirement, and appropriation",0,,2020-12-14,"Laid on table",https://legiscan.com/MN/bill/SF28/2020/X7,https://www.revisor.mn.gov/bills/bill.php?b=Senate&f=SF0028&ssn=7&y=2020
1387446,1787,SF29,1,Introduced,2020-12-14,"Commissioner of human services federal court returned money allocation and appropriation","Commissioner of human services federal court returned money allocation and appropriation",1750,"Senate Rules and Administration",2020-12-14,"Referred to Rules and Administration",https://legiscan.com/MN/bill/SF29/2020/X7,https://www.revisor.mn.gov/bills/bill.php?b=Senate&f=SF0029&ssn=7&y=2020
1387425,1787,SF30,1,Introduced,2020-12-14,"Golden Valley highway #55 project appropriation modification","Golden Valley highway #55 project appropriation modification",1750,"Senate Rules and Administration",2020-12-14,"Referred to Rules and Administration",https://legiscan.com/MN/bill/SF30/2020/X7,https://www.revisor.mn.gov/bills/bill.php?b=Senate&f=SF0030&ssn=7&y=2020
1387476,1787,SF31,4,Passed,2020-12-16,"COVID-19 pandemic business relief payments appropriation, regulatory fees waivers, wastewater rate stabilization appropriation; additional unemployment insurance benefits, movie theater and convention center grants, local businesses county relief grants, free and reduced-price school lunch application deadline extension","COVID-19 pandemic business relief payments appropriation, regulatory fees waivers, wastewater rate stabilization appropriation; additional unemployment insurance benefits, movie theater and convention center grants, local businesses county relief grants, free and reduced-price school lunch application deadline extension",0,,2020-12-16,"Secretary of State Chapter 2 ",https://legiscan.com/MN/bill/SF31/2020/X7,https://www.revisor.mn.gov/bills/bill.php?b=Senate&f=SF0031&ssn=7&y=2020
1387471,1787,SR1,4,Passed,2020-12-14,"A Senate resolution relating to organization and operation of the Senate during the Special Session","A Senate resolution relating to organization and operation of the Senate during the Special Session",0,,2020-12-14,Adopted,https://legiscan.com/MN/bill/SR1/2020/X7,https://www.revisor.mn.gov/bills/bill.php?b=Senate&f=SR0001&ssn=7&y=2020
1387412,1787,SR2,4,Passed,2020-12-14,"A Senate resolution relating to notifying the House of Representatives and the Governor that the Senate is organized","A Senate resolution relating to notifying the House of Representatives and the Governor that the Senate is organized",0,,2020-12-14,"Adopted (voice vote)",https://legiscan.com/MN/bill/SR2/2020/X7,https://www.revisor.mn.gov/bills/bill.php?b=Senate&f=SR0002&ssn=7&y=2020
1387440,1787,SR3,1,Introduced,2020-12-14,"A Senate resolution congratulating Jacob Vermillion of Shakopee, Minnesota, for earning the rank of Eagle Scout","A Senate resolution congratulating Jacob Vermillion of Shakopee, Minnesota, for earning the rank of Eagle Scout",1750,"Senate Rules and Administration",2020-12-14,"Referred to Rules and Administration",https://legiscan.com/MN/bill/SR3/2020/X7,https://www.revisor.mn.gov/bills/bill.php?b=Senate&f=SR0003&ssn=7&y=2020
1387478,1787,SR4,1,Introduced,2020-12-14,"A Senate resolution congratulating Blake Hokanson of Shakopee, Minnesota, for earning the rank of Eagle Scout","A Senate resolution congratulating Blake Hokanson of Shakopee, Minnesota, for earning the rank of Eagle Scout",1750,"Senate Rules and Administration",2020-12-14,"Referred to Rules and Administration",https://legiscan.com/MN/bill/SR4/2020/X7,https://www.revisor.mn.gov/bills/bill.php?b=Senate&f=SR0004&ssn=7&y=2020
1387500,1787,SR5,1,Introduced,2020-12-14,"A Senate resolution commending Dr. Pam Paulson on her retirement after 33 years of service at the Perpich Center for Arts education","A Senate resolution commending Dr. Pam Paulson on her retirement after 33 years of service at the Perpich Center for Arts education",1750,"Senate Rules and Administration",2020-12-14,"Referred to Rules and Administration",https://legiscan.com/MN/bill/SR5/2020/X7,https://www.revisor.mn.gov/bills/bill.php?b=Senate&f=SR0005&ssn=7&y=2020
1387465,1787,SR6,1,Introduced,2020-12-14,"A Senate resolution honoring the life of Ronald John Lindner of Brainerd, Minnesota","A Senate resolution honoring the life of Ronald John Lindner of Brainerd, Minnesota",1750,"Senate Rules and Administration",2020-12-14,"Referred to Rules and Administration",https://legiscan.com/MN/bill/SR6/2020/X7,https://www.revisor.mn.gov/bills/bill.php?b=Senate&f=SR0006&ssn=7&y=2020
1387410,1787,SR7,4,Passed,2020-12-14,"A Senate resolution relating to adjournment of the Special Session","A Senate resolution relating to adjournment of the Special Session",0,,2020-12-14,"Adopted (voice vote)",https://legiscan.com/MN/bill/SR7/2020/X7,https://www.revisor.mn.gov/bills/bill.php?b=Senate&f=SR0007&ssn=7&y=2020
1387416,1787,SC1,4,Passed,2020-12-14,"A Senate concurrent resolution relating to Minnesota's peacetime emergency; terminating the peacetime emergency pursuant to the authority granted under Minnesota Statutes, section 12.31, subdivision 2, paragraph (b)","A Senate concurrent resolution relating to Minnesota's peacetime emergency; terminating the peacetime emergency pursuant to the authority granted under Minnesota Statutes, section 12.31, subdivision 2, paragraph (b)",0,,2020-12-14,Adopted,https://legiscan.com/MN/bill/SC1/2020/X7,https://www.revisor.mn.gov/bills/bill.php?b=Senate&f=SC0001&ssn=7&y=2020
