bill_id,document_id,document_type,document_size,document_mime,document_desc,url,state_link
1387424,2221089,text,238073,application/pdf,Introduced,https://legiscan.com/MN/text/HF1/id/2221089,https://www.revisor.mn.gov/bills/text.php?number=HF1&version=0&session=ls91&session_year=2020&session_number=7&format=pdf
1387417,2221080,text,258093,application/pdf,Introduced,https://legiscan.com/MN/text/HF2/id/2221080,https://www.revisor.mn.gov/bills/text.php?number=HF2&version=0&session=ls91&session_year=2020&session_number=7&format=pdf
1387498,2221166,text,658193,application/pdf,Introduced,https://legiscan.com/MN/text/HF3/id/2221166,https://www.revisor.mn.gov/bills/text.php?number=HF3&version=0&session=ls91&session_year=2020&session_number=7&format=pdf
1387434,2221099,text,200618,application/pdf,Introduced,https://legiscan.com/MN/text/HF4/id/2221099,https://www.revisor.mn.gov/bills/text.php?number=HF4&version=0&session=ls91&session_year=2020&session_number=7&format=pdf
1387438,2221103,text,265150,application/pdf,Introduced,https://legiscan.com/MN/text/HF5/id/2221103,https://www.revisor.mn.gov/bills/text.php?number=HF5&version=0&session=ls91&session_year=2020&session_number=7&format=pdf
1387458,2221123,text,237761,application/pdf,Introduced,https://legiscan.com/MN/text/HF6/id/2221123,https://www.revisor.mn.gov/bills/text.php?number=HF6&version=0&session=ls91&session_year=2020&session_number=7&format=pdf
1387457,2221122,text,219370,application/pdf,Introduced,https://legiscan.com/MN/text/HF7/id/2221122,https://www.revisor.mn.gov/bills/text.php?number=HF7&version=0&session=ls91&session_year=2020&session_number=7&format=pdf
1387496,2221164,text,243064,application/pdf,Introduced,https://legiscan.com/MN/text/HF8/id/2221164,https://www.revisor.mn.gov/bills/text.php?number=HF8&version=0&session=ls91&session_year=2020&session_number=7&format=pdf
1387445,2221110,text,264012,application/pdf,Introduced,https://legiscan.com/MN/text/HF9/id/2221110,https://www.revisor.mn.gov/bills/text.php?number=HF9&version=0&session=ls91&session_year=2020&session_number=7&format=pdf
1387444,2221109,text,197416,application/pdf,Introduced,https://legiscan.com/MN/text/HF10/id/2221109,https://www.revisor.mn.gov/bills/text.php?number=HF10&version=0&session=ls91&session_year=2020&session_number=7&format=pdf
1387473,2221140,text,205203,application/pdf,Introduced,https://legiscan.com/MN/text/HF11/id/2221140,https://www.revisor.mn.gov/bills/text.php?number=HF11&version=0&session=ls91&session_year=2020&session_number=7&format=pdf
1387411,2221074,text,229870,application/pdf,Introduced,https://legiscan.com/MN/text/HF12/id/2221074,https://www.revisor.mn.gov/bills/text.php?number=HF12&version=0&session=ls91&session_year=2020&session_number=7&format=pdf
1387418,2221081,text,197351,application/pdf,Introduced,https://legiscan.com/MN/text/HF13/id/2221081,https://www.revisor.mn.gov/bills/text.php?number=HF13&version=0&session=ls91&session_year=2020&session_number=7&format=pdf
1387435,2221100,text,283311,application/pdf,Introduced,https://legiscan.com/MN/text/HF14/id/2221100,https://www.revisor.mn.gov/bills/text.php?number=HF14&version=0&session=ls91&session_year=2020&session_number=7&format=pdf
1387460,2221126,text,206695,application/pdf,Introduced,https://legiscan.com/MN/text/HF15/id/2221126,https://www.revisor.mn.gov/bills/text.php?number=HF15&version=0&session=ls91&session_year=2020&session_number=7&format=pdf
1387481,2221149,text,265935,application/pdf,Introduced,https://legiscan.com/MN/text/HF16/id/2221149,https://www.revisor.mn.gov/bills/text.php?number=HF16&version=0&session=ls91&session_year=2020&session_number=7&format=pdf
1387485,2221153,text,212637,application/pdf,Introduced,https://legiscan.com/MN/text/HF17/id/2221153,https://www.revisor.mn.gov/bills/text.php?number=HF17&version=0&session=ls91&session_year=2020&session_number=7&format=pdf
1387499,2221167,text,204441,application/pdf,Introduced,https://legiscan.com/MN/text/HF18/id/2221167,https://www.revisor.mn.gov/bills/text.php?number=HF18&version=0&session=ls91&session_year=2020&session_number=7&format=pdf
1387468,2221134,text,1013686,application/pdf,Introduced,https://legiscan.com/MN/text/HF19/id/2221134,https://www.revisor.mn.gov/bills/text.php?number=HF19&version=0&session=ls91&session_year=2020&session_number=7&format=pdf
1387453,2221118,text,1112995,application/pdf,Introduced,https://legiscan.com/MN/text/HF20/id/2221118,https://www.revisor.mn.gov/bills/text.php?number=HF20&version=0&session=ls91&session_year=2020&session_number=7&format=pdf
1387452,2221117,text,583780,application/pdf,Introduced,https://legiscan.com/MN/text/HF21/id/2221117,https://www.revisor.mn.gov/bills/text.php?number=HF21&version=0&session=ls91&session_year=2020&session_number=7&format=pdf
1387477,2221145,text,295084,application/pdf,Introduced,https://legiscan.com/MN/text/HF22/id/2221145,https://www.revisor.mn.gov/bills/text.php?number=HF22&version=0&session=ls91&session_year=2020&session_number=7&format=pdf
1387469,2221135,text,211674,application/pdf,Introduced,https://legiscan.com/MN/text/HF23/id/2221135,https://www.revisor.mn.gov/bills/text.php?number=HF23&version=0&session=ls91&session_year=2020&session_number=7&format=pdf
1387421,2221085,text,275229,application/pdf,Introduced,https://legiscan.com/MN/text/HF24/id/2221085,https://www.revisor.mn.gov/bills/text.php?number=HF24&version=0&session=ls91&session_year=2020&session_number=7&format=pdf
1387462,2221128,text,520026,application/pdf,Introduced,https://legiscan.com/MN/text/HF25/id/2221128,https://www.revisor.mn.gov/bills/text.php?number=HF25&version=0&session=ls91&session_year=2020&session_number=7&format=pdf
1387501,2221169,text,215135,application/pdf,Introduced,https://legiscan.com/MN/text/HF26/id/2221169,https://www.revisor.mn.gov/bills/text.php?number=HF26&version=0&session=ls91&session_year=2020&session_number=7&format=pdf
1387495,2221163,text,263665,application/pdf,Introduced,https://legiscan.com/MN/text/HF27/id/2221163,https://www.revisor.mn.gov/bills/text.php?number=HF27&version=0&session=ls91&session_year=2020&session_number=7&format=pdf
1387448,2221113,text,487415,application/pdf,Introduced,https://legiscan.com/MN/text/HF28/id/2221113,https://www.revisor.mn.gov/bills/text.php?number=HF28&version=0&session=ls91&session_year=2020&session_number=7&format=pdf
1387415,2221078,text,260111,application/pdf,Introduced,https://legiscan.com/MN/text/HF29/id/2221078,https://www.revisor.mn.gov/bills/text.php?number=HF29&version=0&session=ls91&session_year=2020&session_number=7&format=pdf
1387484,2221152,text,224113,application/pdf,Introduced,https://legiscan.com/MN/text/HF30/id/2221152,https://www.revisor.mn.gov/bills/text.php?number=HF30&version=0&session=ls91&session_year=2020&session_number=7&format=pdf
1387428,2221093,text,199715,application/pdf,Introduced,https://legiscan.com/MN/text/HF31/id/2221093,https://www.revisor.mn.gov/bills/text.php?number=HF31&version=0&session=ls91&session_year=2020&session_number=7&format=pdf
1387497,2221165,text,250903,application/pdf,Introduced,https://legiscan.com/MN/text/HF32/id/2221165,https://www.revisor.mn.gov/bills/text.php?number=HF32&version=0&session=ls91&session_year=2020&session_number=7&format=pdf
1387489,2221157,text,335801,application/pdf,Introduced,https://legiscan.com/MN/text/HF33/id/2221157,https://www.revisor.mn.gov/bills/text.php?number=HF33&version=0&session=ls91&session_year=2020&session_number=7&format=pdf
1387436,2221101,text,198821,application/pdf,Introduced,https://legiscan.com/MN/text/HF34/id/2221101,https://www.revisor.mn.gov/bills/text.php?number=HF34&version=0&session=ls91&session_year=2020&session_number=7&format=pdf
1387443,2221108,text,215721,application/pdf,Introduced,https://legiscan.com/MN/text/HF35/id/2221108,https://www.revisor.mn.gov/bills/text.php?number=HF35&version=0&session=ls91&session_year=2020&session_number=7&format=pdf
1387451,2221116,text,432242,application/pdf,Introduced,https://legiscan.com/MN/text/HF36/id/2221116,https://www.revisor.mn.gov/bills/text.php?number=HF36&version=0&session=ls91&session_year=2020&session_number=7&format=pdf
1387422,2221087,text,216337,application/pdf,Introduced,https://legiscan.com/MN/text/HF37/id/2221087,https://www.revisor.mn.gov/bills/text.php?number=HF37&version=0&session=ls91&session_year=2020&session_number=7&format=pdf
1387414,2221077,text,202956,application/pdf,Introduced,https://legiscan.com/MN/text/HF38/id/2221077,https://www.revisor.mn.gov/bills/text.php?number=HF38&version=0&session=ls91&session_year=2020&session_number=7&format=pdf
1387461,2221127,text,449097,application/pdf,Introduced,https://legiscan.com/MN/text/HF39/id/2221127,https://www.revisor.mn.gov/bills/text.php?number=HF39&version=0&session=ls91&session_year=2020&session_number=7&format=pdf
1387459,2221125,text,200348,application/pdf,Introduced,https://legiscan.com/MN/text/HF40/id/2221125,https://www.revisor.mn.gov/bills/text.php?number=HF40&version=0&session=ls91&session_year=2020&session_number=7&format=pdf
1387475,2221142,text,224084,application/pdf,Introduced,https://legiscan.com/MN/text/HF41/id/2221142,https://www.revisor.mn.gov/bills/text.php?number=HF41&version=0&session=ls91&session_year=2020&session_number=7&format=pdf
1387413,2221076,text,197677,application/pdf,Introduced,https://legiscan.com/MN/text/HF42/id/2221076,https://www.revisor.mn.gov/bills/text.php?number=HF42&version=0&session=ls91&session_year=2020&session_number=7&format=pdf
1387431,2221096,text,221702,application/pdf,Introduced,https://legiscan.com/MN/text/HF43/id/2221096,https://www.revisor.mn.gov/bills/text.php?number=HF43&version=0&session=ls91&session_year=2020&session_number=7&format=pdf
1387490,2221158,text,208089,application/pdf,Introduced,https://legiscan.com/MN/text/HF44/id/2221158,https://www.revisor.mn.gov/bills/text.php?number=HF44&version=0&session=ls91&session_year=2020&session_number=7&format=pdf
1387463,2221129,text,387916,application/pdf,Introduced,https://legiscan.com/MN/text/HF45/id/2221129,https://www.revisor.mn.gov/bills/text.php?number=HF45&version=0&session=ls91&session_year=2020&session_number=7&format=pdf
1387491,2221159,text,63989,text/html,Draft,https://legiscan.com/MN/text/HC1/id/2221159,https://www.revisor.mn.gov/bills/text.php?number=HC1&session=ls91&version=latest&session_number=7&session_year=2020
1387430,2221095,text,61390,text/html,Draft,https://legiscan.com/MN/text/HC2/id/2221095,https://www.revisor.mn.gov/bills/text.php?number=HC2&session=ls91&version=latest&session_number=7&session_year=2020
1387427,2221092,text,60803,text/html,Draft,https://legiscan.com/MN/text/HC3/id/2221092,https://www.revisor.mn.gov/bills/text.php?number=HC3&session=ls91&version=latest&session_number=7&session_year=2020
1387464,2221130,text,489776,application/pdf,Introduced,https://legiscan.com/MN/text/SF1/id/2221130,https://www.revisor.mn.gov/bills/text.php?number=SF1&version=0&session=ls91&session_year=2020&session_number=7&format=pdf
1387474,2221141,text,587866,application/pdf,Introduced,https://legiscan.com/MN/text/SF2/id/2221141,https://www.revisor.mn.gov/bills/text.php?number=SF2&version=0&session=ls91&session_year=2020&session_number=7&format=pdf
1387480,2221148,text,265130,application/pdf,Introduced,https://legiscan.com/MN/text/SF3/id/2221148,https://www.revisor.mn.gov/bills/text.php?number=SF3&version=0&session=ls91&session_year=2020&session_number=7&format=pdf
1387467,2221133,text,198569,application/pdf,Introduced,https://legiscan.com/MN/text/SF4/id/2221133,https://www.revisor.mn.gov/bills/text.php?number=SF4&version=0&session=ls91&session_year=2020&session_number=7&format=pdf
1387419,2221082,text,297070,application/pdf,Introduced,https://legiscan.com/MN/text/SF5/id/2221082,https://www.revisor.mn.gov/bills/text.php?number=SF5&version=0&session=ls91&session_year=2020&session_number=7&format=pdf
1387420,2221084,text,266471,application/pdf,Introduced,https://legiscan.com/MN/text/SF6/id/2221084,https://www.revisor.mn.gov/bills/text.php?number=SF6&version=0&session=ls91&session_year=2020&session_number=7&format=pdf
1387420,2221083,text,282679,application/pdf,Engrossed,https://legiscan.com/MN/text/SF6/id/2221083,https://www.revisor.mn.gov/bills/text.php?number=SF6&version=1&session=ls91&session_year=2020&session_number=7&format=pdf
1387450,2221115,text,266716,application/pdf,Introduced,https://legiscan.com/MN/text/SF7/id/2221115,https://www.revisor.mn.gov/bills/text.php?number=SF7&version=0&session=ls91&session_year=2020&session_number=7&format=pdf
1387488,2221156,text,220973,application/pdf,Introduced,https://legiscan.com/MN/text/SF8/id/2221156,https://www.revisor.mn.gov/bills/text.php?number=SF8&version=0&session=ls91&session_year=2020&session_number=7&format=pdf
1387483,2221151,text,235990,application/pdf,Introduced,https://legiscan.com/MN/text/SF9/id/2221151,https://www.revisor.mn.gov/bills/text.php?number=SF9&version=0&session=ls91&session_year=2020&session_number=7&format=pdf
1387449,2221114,text,239368,application/pdf,Introduced,https://legiscan.com/MN/text/SF10/id/2221114,https://www.revisor.mn.gov/bills/text.php?number=SF10&version=0&session=ls91&session_year=2020&session_number=7&format=pdf
1387466,2221132,text,212399,application/pdf,Introduced,https://legiscan.com/MN/text/SF11/id/2221132,https://www.revisor.mn.gov/bills/text.php?number=SF11&version=0&session=ls91&session_year=2020&session_number=7&format=pdf
1387493,2221161,text,196466,application/pdf,Introduced,https://legiscan.com/MN/text/SF12/id/2221161,https://www.revisor.mn.gov/bills/text.php?number=SF12&version=0&session=ls91&session_year=2020&session_number=7&format=pdf
1387447,2221112,text,219754,application/pdf,Introduced,https://legiscan.com/MN/text/SF13/id/2221112,https://www.revisor.mn.gov/bills/text.php?number=SF13&version=0&session=ls91&session_year=2020&session_number=7&format=pdf
1387486,2221154,text,271941,application/pdf,Introduced,https://legiscan.com/MN/text/SF14/id/2221154,https://www.revisor.mn.gov/bills/text.php?number=SF14&version=0&session=ls91&session_year=2020&session_number=7&format=pdf
1387433,2221098,text,451679,application/pdf,Introduced,https://legiscan.com/MN/text/SF15/id/2221098,https://www.revisor.mn.gov/bills/text.php?number=SF15&version=0&session=ls91&session_year=2020&session_number=7&format=pdf
1387454,2221119,text,196703,application/pdf,Introduced,https://legiscan.com/MN/text/SF16/id/2221119,https://www.revisor.mn.gov/bills/text.php?number=SF16&version=0&session=ls91&session_year=2020&session_number=7&format=pdf
1387472,2221139,text,218586,application/pdf,Introduced,https://legiscan.com/MN/text/SF17/id/2221139,https://www.revisor.mn.gov/bills/text.php?number=SF17&version=0&session=ls91&session_year=2020&session_number=7&format=pdf
1387455,2221120,text,224771,application/pdf,Introduced,https://legiscan.com/MN/text/SF18/id/2221120,https://www.revisor.mn.gov/bills/text.php?number=SF18&version=0&session=ls91&session_year=2020&session_number=7&format=pdf
1387492,2221160,text,218654,application/pdf,Introduced,https://legiscan.com/MN/text/SF19/id/2221160,https://www.revisor.mn.gov/bills/text.php?number=SF19&version=0&session=ls91&session_year=2020&session_number=7&format=pdf
1387437,2221102,text,522833,application/pdf,Introduced,https://legiscan.com/MN/text/SF20/id/2221102,https://www.revisor.mn.gov/bills/text.php?number=SF20&version=0&session=ls91&session_year=2020&session_number=7&format=pdf
1387487,2221155,text,203876,application/pdf,Introduced,https://legiscan.com/MN/text/SF21/id/2221155,https://www.revisor.mn.gov/bills/text.php?number=SF21&version=0&session=ls91&session_year=2020&session_number=7&format=pdf
1387442,2221107,text,199214,application/pdf,Introduced,https://legiscan.com/MN/text/SF22/id/2221107,https://www.revisor.mn.gov/bills/text.php?number=SF22&version=0&session=ls91&session_year=2020&session_number=7&format=pdf
1387426,2221091,text,1118759,application/pdf,Introduced,https://legiscan.com/MN/text/SF23/id/2221091,https://www.revisor.mn.gov/bills/text.php?number=SF23&version=0&session=ls91&session_year=2020&session_number=7&format=pdf
1387441,2221106,text,209368,application/pdf,Introduced,https://legiscan.com/MN/text/SF24/id/2221106,https://www.revisor.mn.gov/bills/text.php?number=SF24&version=0&session=ls91&session_year=2020&session_number=7&format=pdf
1387429,2221094,text,212792,application/pdf,Introduced,https://legiscan.com/MN/text/SF25/id/2221094,https://www.revisor.mn.gov/bills/text.php?number=SF25&version=0&session=ls91&session_year=2020&session_number=7&format=pdf
1387482,2221150,text,198787,application/pdf,Introduced,https://legiscan.com/MN/text/SF26/id/2221150,https://www.revisor.mn.gov/bills/text.php?number=SF26&version=0&session=ls91&session_year=2020&session_number=7&format=pdf
1387494,2221162,text,1018649,application/pdf,Introduced,https://legiscan.com/MN/text/SF27/id/2221162,https://www.revisor.mn.gov/bills/text.php?number=SF27&version=0&session=ls91&session_year=2020&session_number=7&format=pdf
1387423,2221088,text,224473,application/pdf,Introduced,https://legiscan.com/MN/text/SF28/id/2221088,https://www.revisor.mn.gov/bills/text.php?number=SF28&version=0&session=ls91&session_year=2020&session_number=7&format=pdf
1387446,2221111,text,204040,application/pdf,Introduced,https://legiscan.com/MN/text/SF29/id/2221111,https://www.revisor.mn.gov/bills/text.php?number=SF29&version=0&session=ls91&session_year=2020&session_number=7&format=pdf
1387425,2221090,text,213973,application/pdf,Introduced,https://legiscan.com/MN/text/SF30/id/2221090,https://www.revisor.mn.gov/bills/text.php?number=SF30&version=0&session=ls91&session_year=2020&session_number=7&format=pdf
1387476,2221144,text,391145,application/pdf,Introduced,https://legiscan.com/MN/text/SF31/id/2221144,https://www.revisor.mn.gov/bills/text.php?number=SF31&version=0&session=ls91&session_year=2020&session_number=7&format=pdf
1387476,2221143,text,396199,application/pdf,Engrossed,https://legiscan.com/MN/text/SF31/id/2221143,https://www.revisor.mn.gov/bills/text.php?number=SF31&version=1&session=ls91&session_year=2020&session_number=7&format=pdf
1387471,2221138,text,2005,text/html,Draft,https://legiscan.com/MN/text/SR1/id/2221138,https://www.revisor.mn.gov/bills/text.php?number=SR1&session=ls91&version=latest&session_number=7&session_year=2020
1387412,2221075,text,1236,text/html,Draft,https://legiscan.com/MN/text/SR2/id/2221075,https://www.revisor.mn.gov/bills/text.php?number=SR2&session=ls91&version=latest&session_number=7&session_year=2020
1387440,2221105,text,4170,text/html,Draft,https://legiscan.com/MN/text/SR3/id/2221105,https://www.revisor.mn.gov/bills/text.php?number=SR3&session=ls91&version=latest&session_number=7&session_year=2020
1387478,2221146,text,3497,text/html,Draft,https://legiscan.com/MN/text/SR4/id/2221146,https://www.revisor.mn.gov/bills/text.php?number=SR4&session=ls91&version=latest&session_number=7&session_year=2020
1387500,2221168,text,4726,text/html,Draft,https://legiscan.com/MN/text/SR5/id/2221168,https://www.revisor.mn.gov/bills/text.php?number=SR5&session=ls91&version=latest&session_number=7&session_year=2020
1387465,2221131,text,5130,text/html,Draft,https://legiscan.com/MN/text/SR6/id/2221131,https://www.revisor.mn.gov/bills/text.php?number=SR6&session=ls91&version=latest&session_number=7&session_year=2020
1387410,2221073,text,1323,text/html,Draft,https://legiscan.com/MN/text/SR7/id/2221073,https://www.revisor.mn.gov/bills/text.php?number=SR7&session=ls91&version=latest&session_number=7&session_year=2020
1387416,2221079,text,6129,text/html,Draft,https://legiscan.com/MN/text/SC1/id/2221079,https://www.revisor.mn.gov/bills/text.php?number=SC1&session=ls91&version=latest&session_number=7&session_year=2020
