bill_id,date,chamber,sequence,action
1387410,2020-12-14,Senate,1,Introduction
1387410,2020-12-14,Senate,2,"Adopted (voice vote)"
1387411,2020-12-14,House,1,"Introduction and first reading, referred to Ways and Means"
1387412,2020-12-14,Senate,1,Introduction
1387412,2020-12-14,Senate,2,"Adopted (voice vote)"
1387413,2020-12-14,House,1,"Introduction and first reading, referred to Judiciary Finance and Civil Law Division"
1387413,2020-12-14,House,2,"Author added Bennett"
1387414,2020-12-14,House,1,"Introduction and first reading, referred to Government Operations"
1387415,2020-12-14,House,1,"Introduction and first reading, referred to Environment and Natural Resources Policy"
1387415,2020-12-14,House,2,"Authors added Becker-Finn, Hansen"
1387416,2020-12-14,Senate,1,Introduction
1387416,2020-12-14,Senate,2,Adopted
1387417,2020-12-14,House,1,"Introduction and first reading, referred to Ways and Means"
1387418,2020-12-14,House,1,"Introduction and first reading, referred to Ways and Means"
1387419,2020-12-14,Senate,1,"Introduction and first reading"
1387419,2020-12-14,Senate,2,"Laid on table"
1387420,2020-12-14,Senate,1,"Introduction and first reading"
1387420,2020-12-14,Senate,2,"Laid on table"
1387420,2020-12-14,Senate,3,"Taken from table"
1387420,2020-12-14,Senate,4,"Urgency declared rules suspended"
1387420,2020-12-14,Senate,5,"Second reading"
1387420,2020-12-14,Senate,6,Amended
1387420,2020-12-14,Senate,7,"Third reading Passed"
1387420,2020-12-14,Senate,8,"Author added Pappas"
1387421,2020-12-14,House,1,"Introduction and first reading, referred to Ways and Means"
1387422,2020-12-14,House,1,"Introduction and first reading, referred to Health and Human Services Policy"
1387423,2020-12-14,Senate,1,"Introduction and first reading"
1387423,2020-12-14,Senate,2,"Laid on table"
1387424,2020-12-14,House,1,"Introduction and first reading, referred to Ways and Means"
1387424,2020-12-14,House,2,"Author added Bernardy"
1387425,2020-12-14,Senate,1,"Introduction and first reading"
1387425,2020-12-14,Senate,2,"Referred to Rules and Administration"
1387426,2020-12-14,Senate,1,"Introduction and first reading"
1387426,2020-12-14,Senate,2,"Referred to Rules and Administration"
1387427,2020-12-14,House,1,"Resolution introduced"
1387427,2020-12-14,House,2,"Resolution referred to Rules and Legislative Administration"
1387428,2020-12-14,House,1,"Introduction and first reading, referred to Ways and Means"
1387429,2020-12-14,Senate,1,"Introduction and first reading"
1387429,2020-12-14,Senate,2,"Referred to Rules and Administration"
1387430,2020-12-14,House,1,"Resolution introduced"
1387430,2020-12-14,House,2,"Resolution referred to Rules and Legislative Administration"
1387431,2020-12-14,House,1,"Introduction and first reading, referred to Government Operations"
1387433,2020-12-14,Senate,1,"Introduction and first reading"
1387433,2020-12-14,Senate,2,"Referred to Rules and Administration"
1387434,2020-12-14,House,1,"Introduction and first reading, referred to Ways and Means"
1387435,2020-12-14,House,1,"Introduction and first reading, referred to Jobs and Economic Development Finance Division"
1387436,2020-12-14,House,1,"Introduction and first reading, referred to Taxes"
1387437,2020-12-14,Senate,1,"Introduction and first reading"
1387437,2020-12-14,Senate,2,"Referred to Rules and Administration"
1387438,2020-12-14,House,1,"Introduction and first reading, referred to Ways and Means"
1387438,2020-12-14,House,2,"Motion to suspend rules"
1387438,2020-12-14,House,3,"Motion did not prevail"
1387440,2020-12-14,Senate,1,Introduction
1387440,2020-12-14,Senate,2,"Referred to Rules and Administration"
1387441,2020-12-14,Senate,1,"Introduction and first reading"
1387441,2020-12-14,Senate,2,"Referred to Rules and Administration"
1387442,2020-12-14,Senate,1,"Introduction and first reading"
1387442,2020-12-14,Senate,2,"Referred to Rules and Administration"
1387443,2020-12-14,House,1,"Introduction and first reading, referred to Health and Human Services Policy"
1387444,2020-12-14,House,1,"Introduction and first reading, referred to Ways and Means"
1387445,2020-12-14,House,1,"Introduction and first reading, referred to Ways and Means"
1387446,2020-12-14,Senate,1,"Introduction and first reading"
1387446,2020-12-14,Senate,2,"Referred to Rules and Administration"
1387447,2020-12-14,Senate,1,"Introduction and first reading"
1387447,2020-12-14,Senate,2,"Laid on table"
1387448,2020-12-14,House,1,"Introduction and first reading, referred to Ways and Means"
1387448,2020-12-14,House,2,"Author added Kiel"
1387449,2020-12-14,Senate,1,"Introduction and first reading"
1387449,2020-12-14,Senate,2,"Laid on table"
1387450,2020-12-14,Senate,1,"Introduction and first reading"
1387450,2020-12-14,Senate,2,"Laid on table"
1387451,2020-12-14,House,1,"Introduction and first reading, referred to Health and Human Services Policy"
1387452,2020-12-14,House,1,"Introduction and first reading, referred to Ways and Means"
1387453,2020-12-14,House,1,"Introduction and first reading, referred to Long-Term Care Division"
1387454,2020-12-14,Senate,1,"Introduction and first reading"
1387454,2020-12-14,Senate,2,"Referred to Rules and Administration"
1387455,2020-12-14,Senate,1,"Introduction and first reading"
1387455,2020-12-14,Senate,2,"Referred to Rules and Administration"
1387457,2020-12-14,House,1,"Introduction and first reading, referred to Ways and Means"
1387457,2020-12-14,House,2,"Motion to suspend rules"
1387457,2020-12-14,House,3,"Motion prevailed"
1387457,2020-12-14,House,4,"Motion withdrawn"
1387458,2020-12-14,House,1,"Introduction and first reading, referred to Ways and Means"
1387459,2020-12-14,House,1,"Introduction and first reading, referred to Government Operations"
1387459,2020-12-14,House,2,"Author added Bennett"
1387460,2020-12-14,House,1,"Introduction and first reading, referred to Ways and Means"
1387461,2020-12-14,House,1,"Introduction and first reading, referred to Government Operations"
1387462,2020-12-14,House,1,"Introduction and first reading, referred to Health and Human Services Finance Division"
1387463,2020-12-14,House,1,"Introduction and first reading, referred to Ways and Means"
1387463,2020-12-14,House,2,"Authors added Schultz, Bernardy"
1387464,2020-12-14,Senate,1,"Introduction and first reading"
1387464,2020-12-14,Senate,2,"Laid on table"
1387465,2020-12-14,Senate,1,Introduction
1387465,2020-12-14,Senate,2,"Referred to Rules and Administration"
1387466,2020-12-14,Senate,1,"Introduction and first reading"
1387466,2020-12-14,Senate,2,"Laid on table"
1387467,2020-12-14,Senate,1,"Introduction and first reading"
1387467,2020-12-14,Senate,2,"Laid on table"
1387468,2020-12-14,House,1,"Introduction and first reading, referred to Ways and Means"
1387468,2020-12-14,House,2,"Motion to suspend rules"
1387468,2020-12-14,House,3,"Motion prevailed"
1387468,2020-12-14,House,4,"Second reading"
1387468,2020-12-14,House,5,"Third reading"
1387468,2020-12-14,House,6,"Bill was passed"
1387468,2020-12-14,House,7,"Returned from Senate"
1387468,2020-12-14,House,8,"Authors added Hansen, Schultz"
1387468,2020-12-14,Senate,9,"Received from House"
1387468,2020-12-14,Senate,10,"Introduction and first reading"
1387468,2020-12-14,Senate,11,"Urgency declared rules suspended"
1387468,2020-12-14,Senate,12,"Second reading"
1387468,2020-12-14,Senate,13,"Third reading Passed"
1387468,2020-12-15,,14,"Presented to Governor"
1387468,2020-12-16,,15,"Governor approval "
1387468,2020-12-16,,16,"Governor's action Approval "
1387468,2020-12-16,,17,"Secretary of State Chapter 1 "
1387469,2020-12-14,House,1,"Introduction and first reading, referred to Judiciary Finance and Civil Law Division"
1387471,2020-12-14,Senate,1,Introduction
1387471,2020-12-14,Senate,2,Adopted
1387472,2020-12-14,Senate,1,"Introduction and first reading"
1387472,2020-12-14,Senate,2,"Referred to Rules and Administration"
1387473,2020-12-14,House,1,"Introduction and first reading, referred to Ways and Means"
1387474,2020-12-14,Senate,1,"Introduction and first reading"
1387474,2020-12-14,Senate,2,"Laid on table"
1387475,2020-12-14,House,1,"Introduction and first reading, referred to Health and Human Services Policy"
1387475,2020-12-14,House,2,"Author added Bennett"
1387476,2020-12-14,Senate,1,"Introduction and first reading"
1387476,2020-12-14,Senate,2,"Urgency declared rules suspended"
1387476,2020-12-14,Senate,3,"Second reading"
1387476,2020-12-14,Senate,4,"Motion did not prevail to amend"
1387476,2020-12-14,Senate,5,"Laid on table"
1387476,2020-12-14,Senate,6,"Taken from table"
1387476,2020-12-14,Senate,7,"Third reading Passed as amended"
1387476,2020-12-14,Senate,8,"Returned from House"
1387476,2020-12-14,House,9,"Received from Senate"
1387476,2020-12-14,House,10,"Senate file first reading"
1387476,2020-12-14,House,11,"Motion to suspend rules"
1387476,2020-12-14,House,12,"Motion prevailed"
1387476,2020-12-14,House,13,"Second reading"
1387476,2020-12-14,House,14,"Amendments offered"
1387476,2020-12-14,House,15,"Third reading"
1387476,2020-12-14,House,16,"Bill was passed"
1387476,2020-12-15,,17,"Presented to Governor"
1387476,2020-12-16,,18,"Governor's action Approval "
1387476,2020-12-16,,19,"Secretary of State Chapter 2 "
1387477,2020-12-14,House,1,"Introduction and first reading, referred to Ways and Means"
1387478,2020-12-14,Senate,1,Introduction
1387478,2020-12-14,Senate,2,"Referred to Rules and Administration"
1387480,2020-12-14,Senate,1,"Introduction and first reading"
1387480,2020-12-14,Senate,2,"Laid on table"
1387481,2020-12-14,House,1,"Introduction and first reading, referred to Ways and Means"
1387482,2020-12-14,Senate,1,"Introduction and first reading"
1387482,2020-12-14,Senate,2,"Referred to Rules and Administration"
1387483,2020-12-14,Senate,1,"Introduction and first reading"
1387483,2020-12-14,Senate,2,"Laid on table"
1387484,2020-12-14,House,1,"Introduction and first reading, referred to Commerce"
1387485,2020-12-14,House,1,"Introduction and first reading, referred to Labor"
1387486,2020-12-14,Senate,1,"Introduction and first reading"
1387486,2020-12-14,Senate,2,"Referred to Rules and Administration"
1387487,2020-12-14,Senate,1,"Introduction and first reading"
1387487,2020-12-14,Senate,2,"Referred to Rules and Administration"
1387487,2020-12-14,Senate,3,"Author added Pappas"
1387488,2020-12-14,Senate,1,"Introduction and first reading"
1387488,2020-12-14,Senate,2,"Laid on table"
1387489,2020-12-14,House,1,"Introduction and first reading, referred to Education Policy"
1387490,2020-12-14,House,1,"Introduction and first reading, referred to Health and Human Services Policy"
1387491,2020-12-14,House,1,"Resolution introduced"
1387491,2020-12-14,House,2,"Motion to suspend rules"
1387491,2020-12-14,House,3,"Motion did not prevail"
1387491,2020-12-14,House,4,"Resolution referred to Rules and Legislative Administration"
1387492,2020-12-14,Senate,1,"Introduction and first reading"
1387492,2020-12-14,Senate,2,"Referred to Rules and Administration"
1387492,2020-12-14,Senate,3,"Authors added Tomassoni; Rarick"
1387493,2020-12-14,Senate,1,"Introduction and first reading"
1387493,2020-12-14,Senate,2,"Laid on table"
1387494,2020-12-14,Senate,1,"Introduction and first reading"
1387494,2020-12-14,Senate,2,"Laid on table"
1387495,2020-12-14,House,1,"Introduction and first reading, referred to Ways and Means"
1387496,2020-12-14,House,1,"Introduction and first reading, referred to Ways and Means"
1387497,2020-12-14,House,1,"Introduction and first reading, referred to Commerce"
1387498,2020-12-14,House,1,"Introduction and first reading, referred to Ways and Means"
1387499,2020-12-14,House,1,"Introduction and first reading, referred to Taxes"
1387500,2020-12-14,Senate,1,Introduction
1387500,2020-12-14,Senate,2,"Referred to Rules and Administration"
1387501,2020-12-14,House,1,"Introduction and first reading, referred to Education Finance Division"
