bill_id,roll_call_id,date,chamber,description,yea,nay,nv,absent,total
1387416,983384,2020-12-14,Senate,"Senate: Adopted",40,25,0,0,65
1387420,983368,2020-12-14,Senate,"Senate: Third reading Passed",64,0,0,0,64
1387457,983410,2020-12-14,House,"House: MOTIONS AND RESOLUTIONS",101,28,0,0,129
1387468,983383,2020-12-14,Senate,"Senate: Third reading Passed",64,0,0,0,64
1387468,983436,2020-12-14,House,"House: INTRODUCTION AND FIRST READING OF HOUSE BILLS",131,0,0,0,131
1387468,983437,2020-12-14,House,"House: INTRODUCTION AND FIRST READING OF HOUSE BILLS",117,14,0,0,131
1387471,983386,2020-12-14,Senate,"Senate: Adopted",65,0,0,0,65
1387476,983350,2020-12-14,Senate,"Senate: Third reading Passed as amended",62,4,0,0,66
1387476,983351,2020-12-14,Senate,"Senate: Motion did not prevail to amend",31,35,0,0,66
1387476,983401,2020-12-14,House,"House: MESSAGES FROM THE SENATE",122,10,0,0,132
1387476,983402,2020-12-14,House,"House: MESSAGES FROM THE SENATE",117,13,0,0,130
1387491,983440,2020-12-14,House,"House: MOTIONS AND RESOLUTIONS",62,63,0,0,125
