bill_id,session_id,bill_number,status,status_desc,status_date,title,description,committee_id,committee,last_action_date,last_action,url,state_link
1380311,1773,HF1,4,Passed,2020-10-21,"Capital improvement spending authorized to acquire and better public land and buildings and other improvements of a capital nature, previous appropriations modified new programs established and existing program modified, previous tax policies modified, bonds issued, and money appropriated.","Capital improvement spending authorized to acquire and better public land and buildings and other improvements of a capital nature, previous appropriations modified new programs established and existing program modified, previous tax policies modified, bonds issued, and money appropriated.",0,,2020-10-21,"Secretary of State Chapter 3 ",https://legiscan.com/MN/bill/HF1/2020/X5,https://www.revisor.mn.gov/bills/bill.php?b=House&f=HF0001&ssn=5&y=2020
1380318,1773,HF2,1,Introduced,2020-10-12,"PROMISE Act established, community repair panel to consider claims and determine awards created, redevelopment and relief programs created, Metropolitan Area Redevelopment Corporation established, leases regulated, eminent domain limited use authorized, Civil Unrest Investigatory Commission established, and money appropriated.","PROMISE Act established, community repair panel to consider claims and determine awards created, redevelopment and relief programs created, Metropolitan Area Redevelopment Corporation established, leases regulated, eminent domain limited use authorized, Civil Unrest Investigatory Commission established, and money appropriated.",1767,"House Jobs and Economic Development Finance",2020-10-12,"Introduction and first reading, referred to Jobs and Economic Development Finance Division",https://legiscan.com/MN/bill/HF2/2020/X5,https://www.revisor.mn.gov/bills/bill.php?b=House&f=HF0002&ssn=5&y=2020
1380276,1773,HF3,1,Introduced,2020-10-12,"Affordable Care Act provisions codified.","Affordable Care Act provisions codified.",3809,"House Commerce",2020-10-12,"Introduction and first reading, referred to Commerce",https://legiscan.com/MN/bill/HF3/2020/X5,https://www.revisor.mn.gov/bills/bill.php?b=House&f=HF0003&ssn=5&y=2020
1380279,1773,HF4,1,Introduced,2020-10-12,"Prescription contraceptive supply requirements established; health plan coverage required for contraceptive methods, sterilization and related medical services, patient education, and counseling; and eligible organization accommodation established.","Prescription contraceptive supply requirements established; health plan coverage required for contraceptive methods, sterilization and related medical services, patient education, and counseling; and eligible organization accommodation established.",3809,"House Commerce",2020-10-12,"Introduction and first reading, referred to Commerce",https://legiscan.com/MN/bill/HF4/2020/X5,https://www.revisor.mn.gov/bills/bill.php?b=House&f=HF0004&ssn=5&y=2020
1380314,1773,HF5,1,Introduced,2020-10-12,"Women exempted from MinnesotaCare premium, and human services commissioner required to provide women postpartum continuous health coverage.","Women exempted from MinnesotaCare premium, and human services commissioner required to provide women postpartum continuous health coverage.",2703,"House Health and Human Services Policy",2020-10-12,"Introduction and first reading, referred to Health and Human Services Policy",https://legiscan.com/MN/bill/HF5/2020/X5,https://www.revisor.mn.gov/bills/bill.php?b=House&f=HF0005&ssn=5&y=2020
1380280,1773,HF6,1,Introduced,2020-10-12,"COVID-19; education employees workers' compensation presumption provided.","COVID-19; education employees workers' compensation presumption provided.",3805,"House Labor",2020-10-12,"Introduction and first reading, referred to Labor",https://legiscan.com/MN/bill/HF6/2020/X5,https://www.revisor.mn.gov/bills/bill.php?b=House&f=HF0006&ssn=5&y=2020
1380295,1773,HF7,1,Introduced,2020-10-12,"Families First Coronavirus Response Act; health care employees excluded from emergency paid sick leave.","Families First Coronavirus Response Act; health care employees excluded from emergency paid sick leave.",3805,"House Labor",2020-10-12,"Introduction and first reading, referred to Labor",https://legiscan.com/MN/bill/HF7/2020/X5,https://www.revisor.mn.gov/bills/bill.php?b=House&f=HF0007&ssn=5&y=2020
1380287,1773,HF8,1,Introduced,2020-10-12,"Personal care assistance and support worker requirements modified, compensation allowed for services provided by parent or spouse, and money appropriated.","Personal care assistance and support worker requirements modified, compensation allowed for services provided by parent or spouse, and money appropriated.",1764,"House Health and Human Services Finance",2020-10-12,"Introduction and first reading, referred to Health and Human Services Finance Division",https://legiscan.com/MN/bill/HF8/2020/X5,https://www.revisor.mn.gov/bills/bill.php?b=House&f=HF0008&ssn=5&y=2020
1380301,1773,HF9,1,Introduced,2020-10-12,"Veterans restorative justice; sentencing guidance provided for criminal offenses committed by veterans related to a service-related disorder.","Veterans restorative justice; sentencing guidance provided for criminal offenses committed by veterans related to a service-related disorder.",1777,"House Ways and Means",2020-10-13,"Authors added Huot, Brand",https://legiscan.com/MN/bill/HF9/2020/X5,https://www.revisor.mn.gov/bills/bill.php?b=House&f=HF0009&ssn=5&y=2020
1380284,1773,HF10,1,Introduced,2020-10-12,"Togo and Willow River challenge incarceration program funding provided, and money appropriated.","Togo and Willow River challenge incarceration program funding provided, and money appropriated.",3810,"House Public Safety and Criminal Justice Reform Finance & Policy",2020-10-12,"Introduction and first reading, referred to Public Safety and Criminal Justice Reform Finance and Policy Division",https://legiscan.com/MN/bill/HF10/2020/X5,https://www.revisor.mn.gov/bills/bill.php?b=House&f=HF0010&ssn=5&y=2020
1380293,1773,HF11,1,Introduced,2020-10-12,"Unemployment insurance additional benefits for mining employees authorized.","Unemployment insurance additional benefits for mining employees authorized.",1767,"House Jobs and Economic Development Finance",2020-10-12,"Introduction and first reading, referred to Jobs and Economic Development Finance Division",https://legiscan.com/MN/bill/HF11/2020/X5,https://www.revisor.mn.gov/bills/bill.php?b=House&f=HF0011&ssn=5&y=2020
1380308,1773,HF12,1,Introduced,2020-10-12,"Farm loan origination fee grant program modified.","Farm loan origination fee grant program modified.",1777,"House Ways and Means",2020-10-13,"Authors added Poppe, Hamilton",https://legiscan.com/MN/bill/HF12/2020/X5,https://www.revisor.mn.gov/bills/bill.php?b=House&f=HF0012&ssn=5&y=2020
1380307,1773,HF13,1,Introduced,2020-10-12,"Commissioner of corrections prohibited from closing or reducing staffing for the Togo Challenge Incarceration Program.","Commissioner of corrections prohibited from closing or reducing staffing for the Togo Challenge Incarceration Program.",3810,"House Public Safety and Criminal Justice Reform Finance & Policy",2020-10-12,"Introduction and first reading, referred to Public Safety and Criminal Justice Reform Finance and Policy Division",https://legiscan.com/MN/bill/HF13/2020/X5,https://www.revisor.mn.gov/bills/bill.php?b=House&f=HF0013&ssn=5&y=2020
1380313,1773,HF14,1,Introduced,2020-10-12,"COVID-19; distance learning equipment funding established, telemedicine equipment grant program established, reports required, and money appropriated.","COVID-19; distance learning equipment funding established, telemedicine equipment grant program established, reports required, and money appropriated.",1777,"House Ways and Means",2020-10-12,"Introduction and first reading, referred to Ways and Means",https://legiscan.com/MN/bill/HF14/2020/X5,https://www.revisor.mn.gov/bills/bill.php?b=House&f=HF0014&ssn=5&y=2020
1380305,1773,HF15,4,Passed,2020-10-21,"Notary public; video conferencing permitted to fulfill the requirement to personally appear before a notarial officer for certain conveyances.","Notary public; video conferencing permitted to fulfill the requirement to personally appear before a notarial officer for certain conveyances.",0,,2020-10-21,"Secretary of State Chapter 4 ",https://legiscan.com/MN/bill/HF15/2020/X5,https://www.revisor.mn.gov/bills/bill.php?b=House&f=HF0015&ssn=5&y=2020
1380303,1773,HF16,1,Introduced,2020-10-12,"COVID-19; prior year's pupil count use authorized for 2020-2021 school year to reflect enrollment change, and money appropriated.","COVID-19; prior year's pupil count use authorized for 2020-2021 school year to reflect enrollment change, and money appropriated.",1758,"House Education Finance",2020-10-12,"Introduction and first reading, referred to Education Finance Division",https://legiscan.com/MN/bill/HF16/2020/X5,https://www.revisor.mn.gov/bills/bill.php?b=House&f=HF0016&ssn=5&y=2020
1380302,1773,HF17,1,Introduced,2020-10-12,"Civil unrest immediate relief program created, and money appropriated.","Civil unrest immediate relief program created, and money appropriated.",1755,"House Capital Investment",2020-10-12,"Introduction and first reading, referred to Capital Investment Division",https://legiscan.com/MN/bill/HF17/2020/X5,https://www.revisor.mn.gov/bills/bill.php?b=House&f=HF0017&ssn=5&y=2020
1380291,1773,HF18,1,Introduced,2020-10-12,"Equitable geographic distribution of state employee layoffs required.","Equitable geographic distribution of state employee layoffs required.",2702,"House Government Operations",2020-10-12,"Introduction and first reading, referred to Government Operations",https://legiscan.com/MN/bill/HF18/2020/X5,https://www.revisor.mn.gov/bills/bill.php?b=House&f=HF0018&ssn=5&y=2020
1380292,1773,HF19,1,Introduced,2020-10-12,"Itasca County Jail facility sunset extended.","Itasca County Jail facility sunset extended.",4018,"House Corrections",2020-10-12,"Introduction and first reading, referred to Corrections Division",https://legiscan.com/MN/bill/HF19/2020/X5,https://www.revisor.mn.gov/bills/bill.php?b=House&f=HF0019&ssn=5&y=2020
1380294,1773,HF20,1,Introduced,2020-10-12,"Environment and natural resources trust fund previous appropriation modified.","Environment and natural resources trust fund previous appropriation modified.",3134,"House Environment and Natural Resources Policy Finance",2020-10-12,"Introduction and first reading, referred to Environment and Natural Resources Finance Division",https://legiscan.com/MN/bill/HF20/2020/X5,https://www.revisor.mn.gov/bills/bill.php?b=House&f=HF0020&ssn=5&y=2020
1380296,1773,HF21,1,Introduced,2020-10-12,"Electric cogeneration activity power purchase agreement authorized.","Electric cogeneration activity power purchase agreement authorized.",3909,"House Energy and Climate Finance and Policy",2020-10-12,"Introduction and first reading, referred to Energy and Climate Finance and Policy Division",https://legiscan.com/MN/bill/HF21/2020/X5,https://www.revisor.mn.gov/bills/bill.php?b=House&f=HF0021&ssn=5&y=2020
1380319,1773,HF22,1,Introduced,2020-10-12,"Corrections and public safety funding provided, and money appropriated.","Corrections and public safety funding provided, and money appropriated.",3810,"House Public Safety and Criminal Justice Reform Finance & Policy",2020-10-12,"Introduction and first reading, referred to Public Safety and Criminal Justice Reform Finance and Policy Division",https://legiscan.com/MN/bill/HF22/2020/X5,https://www.revisor.mn.gov/bills/bill.php?b=House&f=HF0022&ssn=5&y=2020
1380277,1773,HF23,1,Introduced,2020-10-12,"COVID-19; electronic monitoring requirements modified, long-term care setting infection control requirements modified, hospice and assisted living bill of rights modified, assisted living service termination during peacetime emergency prohibited, SARS-CoV-2 infection control plant in long-term care setting establishment required, Long-Term Care COVID-19 Task Force established, and money appropriated.","COVID-19; electronic monitoring requirements modified, long-term care setting infection control requirements modified, hospice and assisted living bill of rights modified, assisted living service termination during peacetime emergency prohibited, SARS-CoV-2 infection control plant in long-term care setting establishment required, Long-Term Care COVID-19 Task Force established, and money appropriated.",4043,"House Long-Term Care",2020-10-12,"Introduction and first reading, referred to Long-Term Care Division",https://legiscan.com/MN/bill/HF23/2020/X5,https://www.revisor.mn.gov/bills/bill.php?b=House&f=HF0023&ssn=5&y=2020
1380289,1773,HF24,1,Introduced,2020-10-12,"Drug Formulary Committee sunset provided, proposed reformulation of Committee submission to the legislature required, and deletion of a drug from preferred drug list prohibited without public hearing.","Drug Formulary Committee sunset provided, proposed reformulation of Committee submission to the legislature required, and deletion of a drug from preferred drug list prohibited without public hearing.",2703,"House Health and Human Services Policy",2020-10-12,"Introduction and first reading, referred to Health and Human Services Policy",https://legiscan.com/MN/bill/HF24/2020/X5,https://www.revisor.mn.gov/bills/bill.php?b=House&f=HF0024&ssn=5&y=2020
1380300,1773,HF25,1,Introduced,2020-10-12,"Polk County Law Library authorized to transfer money for Polk County courthouse technological improvements, and Itasca County unorganized territory addition to Harris Township permitted.","Polk County Law Library authorized to transfer money for Polk County courthouse technological improvements, and Itasca County unorganized territory addition to Harris Township permitted.",1777,"House Ways and Means",2020-10-12,"Introduction and first reading, referred to Ways and Means",https://legiscan.com/MN/bill/HF25/2020/X5,https://www.revisor.mn.gov/bills/bill.php?b=House&f=HF0025&ssn=5&y=2020
1380282,1773,HF26,1,Introduced,2020-10-12,"Law enforcement agency data on person or entity that posted bail required to be public, and notice required to agency having custody of arrested or detained person when bail or a bond is posted.","Law enforcement agency data on person or entity that posted bail required to be public, and notice required to agency having custody of arrested or detained person when bail or a bond is posted.",3806,"House Judiciary Finance and Civil Law",2020-10-12,"Introduction and first reading, referred to Judiciary Finance and Civil Law Division",https://legiscan.com/MN/bill/HF26/2020/X5,https://www.revisor.mn.gov/bills/bill.php?b=House&f=HF0026&ssn=5&y=2020
1380290,1773,HF27,1,Introduced,2020-10-12,"Investigation of suspicious activity in voter registration application requirements modified, and voter fraud penalty assessment.","Investigation of suspicious activity in voter registration application requirements modified, and voter fraud penalty assessment.",2702,"House Government Operations",2020-10-12,"Introduction and first reading, referred to Government Operations",https://legiscan.com/MN/bill/HF27/2020/X5,https://www.revisor.mn.gov/bills/bill.php?b=House&f=HF0027&ssn=5&y=2020
1380317,1773,HF28,1,Introduced,2020-10-12,"Public comment required at public body open meetings both electronic or in-person.","Public comment required at public body open meetings both electronic or in-person.",2702,"House Government Operations",2020-10-12,"Introduction and first reading, referred to Government Operations",https://legiscan.com/MN/bill/HF28/2020/X5,https://www.revisor.mn.gov/bills/bill.php?b=House&f=HF0028&ssn=5&y=2020
1380309,1773,HF29,1,Introduced,2020-10-12,"Peace officer duty established to report excessive force incidents to chief law enforcement officer.","Peace officer duty established to report excessive force incidents to chief law enforcement officer.",3810,"House Public Safety and Criminal Justice Reform Finance & Policy",2020-10-12,"Introduction and first reading, referred to Public Safety and Criminal Justice Reform Finance and Policy Division",https://legiscan.com/MN/bill/HF29/2020/X5,https://www.revisor.mn.gov/bills/bill.php?b=House&f=HF0029&ssn=5&y=2020
1380281,1773,HF30,1,Introduced,2020-10-12,"Persons convicted of offense related to protest, demonstration, rally, civil unrest, or march prohibited from receiving any state loan, grant, or assistance.","Persons convicted of offense related to protest, demonstration, rally, civil unrest, or march prohibited from receiving any state loan, grant, or assistance.",3810,"House Public Safety and Criminal Justice Reform Finance & Policy",2020-10-12,"Introduction and first reading, referred to Public Safety and Criminal Justice Reform Finance and Policy Division",https://legiscan.com/MN/bill/HF30/2020/X5,https://www.revisor.mn.gov/bills/bill.php?b=House&f=HF0030&ssn=5&y=2020
1380283,1773,HF31,1,Introduced,2020-10-12,"Teacher licensing, hiring, and dismissal modified.","Teacher licensing, hiring, and dismissal modified.",2699,"House Education Policy",2020-10-12,"Introduction and first reading, referred to Education Policy",https://legiscan.com/MN/bill/HF31/2020/X5,https://www.revisor.mn.gov/bills/bill.php?b=House&f=HF0031&ssn=5&y=2020
1380310,1773,HF32,1,Introduced,2020-10-12,"Public schools required to provide transportation for nonpublic students on each day the student has an on-site instructional day during the 2020-2021 school year.","Public schools required to provide transportation for nonpublic students on each day the student has an on-site instructional day during the 2020-2021 school year.",2699,"House Education Policy",2020-10-12,"Introduction and first reading, referred to Education Policy",https://legiscan.com/MN/bill/HF32/2020/X5,https://www.revisor.mn.gov/bills/bill.php?b=House&f=HF0032&ssn=5&y=2020
1380278,1773,HF33,1,Introduced,2020-10-12,"Short-call substitute teacher employment provisions modified.","Short-call substitute teacher employment provisions modified.",2699,"House Education Policy",2020-10-12,"Introduction and first reading, referred to Education Policy",https://legiscan.com/MN/bill/HF33/2020/X5,https://www.revisor.mn.gov/bills/bill.php?b=House&f=HF0033&ssn=5&y=2020
1380316,1773,HF34,1,Introduced,2020-10-12,"Individualized education program required for 2020-2021 school year.","Individualized education program required for 2020-2021 school year.",2699,"House Education Policy",2020-10-12,"Introduction and first reading, referred to Education Policy",https://legiscan.com/MN/bill/HF34/2020/X5,https://www.revisor.mn.gov/bills/bill.php?b=House&f=HF0034&ssn=5&y=2020
1380312,1773,HF35,1,Introduced,2020-10-12,"2020-2021 school year; school boards authorized to establish a safe learning plan, parent-based distance learning program established, school calendar modified, school district fund transfer flexibility extended, distance learning defined, and report required.","2020-2021 school year; school boards authorized to establish a safe learning plan, parent-based distance learning program established, school calendar modified, school district fund transfer flexibility extended, distance learning defined, and report required.",2699,"House Education Policy",2020-10-13,"Author added Erickson",https://legiscan.com/MN/bill/HF35/2020/X5,https://www.revisor.mn.gov/bills/bill.php?b=House&f=HF0035&ssn=5&y=2020
1380275,1773,HF36,1,Introduced,2020-10-12,"K-12 education expense subtraction and credit modified, credit extended to tuition, income phaseout for credit increase, and credit and subtraction amount adjusted for inflation.","K-12 education expense subtraction and credit modified, credit extended to tuition, income phaseout for credit increase, and credit and subtraction amount adjusted for inflation.",1774,"House Taxes",2020-10-12,"Introduction and first reading, referred to Taxes",https://legiscan.com/MN/bill/HF36/2020/X5,https://www.revisor.mn.gov/bills/bill.php?b=House&f=HF0036&ssn=5&y=2020
1380298,1773,HF37,1,Introduced,2020-10-12,"Absentee voting compensation methods prohibited, identification required for individuals acting as agent or providing assistance to absentee voter, and criminal penalties increased.","Absentee voting compensation methods prohibited, identification required for individuals acting as agent or providing assistance to absentee voter, and criminal penalties increased.",2702,"House Government Operations",2020-10-12,"Introduction and first reading, referred to Government Operations",https://legiscan.com/MN/bill/HF37/2020/X5,https://www.revisor.mn.gov/bills/bill.php?b=House&f=HF0037&ssn=5&y=2020
1380315,1773,HF38,1,Introduced,2020-10-12,"Greenhouse gas emissions consideration for agricultural permits prohibited.","Greenhouse gas emissions consideration for agricultural permits prohibited.",2701,"House Environment and Natural Resources Policy",2020-10-12,"Introduction and first reading, referred to Environment and Natural Resources Policy",https://legiscan.com/MN/bill/HF38/2020/X5,https://www.revisor.mn.gov/bills/bill.php?b=House&f=HF0038&ssn=5&y=2020
1380285,1773,HF39,1,Introduced,2020-10-12,"Protests of May and June 2020; government response investigatory commission created, and money appropriated.","Protests of May and June 2020; government response investigatory commission created, and money appropriated.",2702,"House Government Operations",2020-10-12,"Introduction and first reading, referred to Government Operations",https://legiscan.com/MN/bill/HF39/2020/X5,https://www.revisor.mn.gov/bills/bill.php?b=House&f=HF0039&ssn=5&y=2020
1380286,1773,HF40,1,Introduced,2020-10-12,"COVID-19; North Branch federal aid use deadline extended.","COVID-19; North Branch federal aid use deadline extended.",2702,"House Government Operations",2020-10-12,"Introduction and first reading, referred to Government Operations",https://legiscan.com/MN/bill/HF40/2020/X5,https://www.revisor.mn.gov/bills/bill.php?b=House&f=HF0040&ssn=5&y=2020
1380299,1773,HF41,1,Introduced,2020-10-12,"Holiday definition modified to rename Columbus Day as Indigenous Peoples Day.","Holiday definition modified to rename Columbus Day as Indigenous Peoples Day.",2702,"House Government Operations",2020-10-14,"Author added Fischer",https://legiscan.com/MN/bill/HF41/2020/X5,https://www.revisor.mn.gov/bills/bill.php?b=House&f=HF0041&ssn=5&y=2020
1380288,1773,HF42,1,Introduced,2020-10-12,"Supplemental state budget established, money transferred, appropriations reduced to support state government activities, and money appropriated.","Supplemental state budget established, money transferred, appropriations reduced to support state government activities, and money appropriated.",0,,2020-10-14,"House rule 1.21, placed on Calendar for the Day Wednesday, October 14, 2020",https://legiscan.com/MN/bill/HF42/2020/X5,https://www.revisor.mn.gov/bills/bill.php?b=House&f=HF0042&ssn=5&y=2020
1380332,1773,HF43,1,Introduced,2020-10-13,"COVID-19; law enforcement agencies provided addresses of individuals testing positive.","COVID-19; law enforcement agencies provided addresses of individuals testing positive.",3810,"House Public Safety and Criminal Justice Reform Finance & Policy",2020-10-13,"Introduction and first reading, referred to Public Safety and Criminal Justice Reform Finance and Policy Division",https://legiscan.com/MN/bill/HF43/2020/X5,https://www.revisor.mn.gov/bills/bill.php?b=House&f=HF0043&ssn=5&y=2020
1380335,1773,HF44,1,Introduced,2020-10-13,"Catalytic converter purchase requirements established.","Catalytic converter purchase requirements established.",3809,"House Commerce",2020-10-13,"Introduction and first reading, referred to Commerce",https://legiscan.com/MN/bill/HF44/2020/X5,https://www.revisor.mn.gov/bills/bill.php?b=House&f=HF0044&ssn=5&y=2020
1380338,1773,HF45,1,Introduced,2020-10-13,"Property taxes; structure removal requirements waived.","Property taxes; structure removal requirements waived.",1774,"House Taxes",2020-10-13,"Introduction and first reading, referred to Taxes",https://legiscan.com/MN/bill/HF45/2020/X5,https://www.revisor.mn.gov/bills/bill.php?b=House&f=HF0045&ssn=5&y=2020
1380428,1773,HR1,1,Introduced,2020-10-14,"COVID-19; a House resolution condemning all forms of anti-Asian sentiment.","COVID-19; a House resolution condemning all forms of anti-Asian sentiment.",1771,"House Rules and Legislative Administration",2020-10-14,"Resolution introduced, referred to Rules and Legislative Administration",https://legiscan.com/MN/bill/HR1/2020/X5,https://www.revisor.mn.gov/bills/bill.php?b=House&f=HR0001&ssn=5&y=2020
1380244,1773,HC1,1,Introduced,2020-10-12,"A house concurrent resolution terminating the peacetime emergency.","A house concurrent resolution terminating the peacetime emergency.",1771,"House Rules and Legislative Administration",2020-10-12,"Resolution referred to Rules and Legislative Administration",https://legiscan.com/MN/bill/HC1/2020/X5,https://www.revisor.mn.gov/bills/bill.php?b=House&f=HC0001&ssn=5&y=2020
1380260,1773,HC2,1,Introduced,2020-10-12,"A house concurrent resolution terminating the peacetime emergency.","A house concurrent resolution terminating the peacetime emergency.",1771,"House Rules and Legislative Administration",2020-10-12,"Resolution referred to Rules and Legislative Administration",https://legiscan.com/MN/bill/HC2/2020/X5,https://www.revisor.mn.gov/bills/bill.php?b=House&f=HC0002&ssn=5&y=2020
1380251,1773,SF1,1,Introduced,2020-10-12,"Small business relief grants appropriation","Small business relief grants appropriation",0,,2020-10-12,"Laid on table",https://legiscan.com/MN/bill/SF1/2020/X5,https://www.revisor.mn.gov/bills/bill.php?b=Senate&f=SF0001&ssn=5&y=2020
1380268,1773,SF2,2,Engrossed,2020-10-12,"Military veteran offenders restorative justice sentence guidance to courts for criminal offenses related to service-related disorder","Military veteran offenders restorative justice sentence guidance to courts for criminal offenses related to service-related disorder",0,,2020-10-14,"House rule 1.21, placed on Calendar for the Day Wednesday, October 14, 2020",https://legiscan.com/MN/bill/SF2/2020/X5,https://www.revisor.mn.gov/bills/bill.php?b=Senate&f=SF0002&ssn=5&y=2020
1380266,1773,SF3,1,Introduced,2020-10-12,"Telemedicine services coverage date extension","Telemedicine services coverage date extension",0,,2020-10-12,"Laid on table",https://legiscan.com/MN/bill/SF3/2020/X5,https://www.revisor.mn.gov/bills/bill.php?b=Senate&f=SF0003&ssn=5&y=2020
1380242,1773,SF4,1,Introduced,2020-10-12,"Real estate document notarization appearance by video authorization during peacetime public health emergency","Real estate document notarization appearance by video authorization during peacetime public health emergency",0,,2020-10-12,"Laid on table",https://legiscan.com/MN/bill/SF4/2020/X5,https://www.revisor.mn.gov/bills/bill.php?b=Senate&f=SF0004&ssn=5&y=2020
1380247,1773,SF5,4,Passed,2020-10-15,"Polk county law library money transfer for technological improvements to county courthouse authorization","Polk county law library money transfer for technological improvements to county courthouse authorization",0,,2020-10-15,"Secretary of State, Filed ",https://legiscan.com/MN/bill/SF5/2020/X5,https://www.revisor.mn.gov/bills/bill.php?b=Senate&f=SF0005&ssn=5&y=2020
1380254,1773,SF6,1,Introduced,2020-10-12,"North Branch deadline extension to spend certain federal COVID-19 aid authorization","North Branch deadline extension to spend certain federal COVID-19 aid authorization",0,,2020-10-12,"Third reading Passed",https://legiscan.com/MN/bill/SF6/2020/X5,https://www.revisor.mn.gov/bills/bill.php?b=Senate&f=SF0006&ssn=5&y=2020
1380248,1773,SF7,1,Introduced,2020-10-15,"Corrections and public safety appropriations","Corrections and public safety appropriations",1750,"Senate Rules and Administration",2020-10-15,"Author added Rarick",https://legiscan.com/MN/bill/SF7/2020/X5,https://www.revisor.mn.gov/bills/bill.php?b=Senate&f=SF0007&ssn=5&y=2020
1380262,1773,SF8,1,Introduced,2020-10-12,"Distance learning broadband access grant program and appropriation","Distance learning broadband access grant program and appropriation",1750,"Senate Rules and Administration",2020-10-12,"Referred to Rules and Administration",https://legiscan.com/MN/bill/SF8/2020/X5,https://www.revisor.mn.gov/bills/bill.php?b=Senate&f=SF0008&ssn=5&y=2020
1380272,1773,SF9,1,Introduced,2020-10-12,"Civil unrest investigatory commission creation and appropriation","Civil unrest investigatory commission creation and appropriation",1750,"Senate Rules and Administration",2020-10-12,"Referred to Rules and Administration",https://legiscan.com/MN/bill/SF9/2020/X5,https://www.revisor.mn.gov/bills/bill.php?b=Senate&f=SF0009&ssn=5&y=2020
1380271,1773,SF10,1,Introduced,2020-10-12,"Open meetings public comment requirement","Open meetings public comment requirement",1750,"Senate Rules and Administration",2020-10-12,"Referred to Rules and Administration",https://legiscan.com/MN/bill/SF10/2020/X5,https://www.revisor.mn.gov/bills/bill.php?b=Senate&f=SF0010&ssn=5&y=2020
1380269,1773,SF11,1,Introduced,2020-10-12,"Motor vehicle registration self-service kiosk pilot program and appropriation","Motor vehicle registration self-service kiosk pilot program and appropriation",1750,"Senate Rules and Administration",2020-10-12,"Referred to Rules and Administration",https://legiscan.com/MN/bill/SF11/2020/X5,https://www.revisor.mn.gov/bills/bill.php?b=Senate&f=SF0011&ssn=5&y=2020
1380270,1773,SF12,1,Introduced,2020-10-12,"Remote recreational businesses forgivable loan program establishment and appropriation","Remote recreational businesses forgivable loan program establishment and appropriation",1750,"Senate Rules and Administration",2020-10-12,"Referred to Rules and Administration",https://legiscan.com/MN/bill/SF12/2020/X5,https://www.revisor.mn.gov/bills/bill.php?b=Senate&f=SF0012&ssn=5&y=2020
1380239,1773,SF13,1,Introduced,2020-10-12,"Absentee ballot board meetings notice requirement; secretary of state public accuracy tests notice requirement","Absentee ballot board meetings notice requirement; secretary of state public accuracy tests notice requirement",1750,"Senate Rules and Administration",2020-10-12,"Referred to Rules and Administration",https://legiscan.com/MN/bill/SF13/2020/X5,https://www.revisor.mn.gov/bills/bill.php?b=Senate&f=SF0013&ssn=5&y=2020
1380243,1773,SF14,1,Introduced,2020-10-12,"Family and group family child care training requirements modification","Family and group family child care training requirements modification",1750,"Senate Rules and Administration",2020-10-12,"Referred to Rules and Administration",https://legiscan.com/MN/bill/SF14/2020/X5,https://www.revisor.mn.gov/bills/bill.php?b=Senate&f=SF0014&ssn=5&y=2020
1380253,1773,SF15,1,Introduced,2020-10-12,"Psychology interjurisdictional compact (PSYPACT) creation and appropriation","Psychology interjurisdictional compact (PSYPACT) creation and appropriation",1750,"Senate Rules and Administration",2020-10-12,"Referred to Rules and Administration",https://legiscan.com/MN/bill/SF15/2020/X5,https://www.revisor.mn.gov/bills/bill.php?b=Senate&f=SF0015&ssn=5&y=2020
1380264,1773,SF16,1,Introduced,2020-10-12,"School employees contracting covid-19 workers compensation presumption","School employees contracting covid-19 workers compensation presumption",1750,"Senate Rules and Administration",2020-10-12,"Referred to Rules and Administration",https://legiscan.com/MN/bill/SF16/2020/X5,https://www.revisor.mn.gov/bills/bill.php?b=Senate&f=SF0016&ssn=5&y=2020
1380263,1773,SF17,1,Introduced,2020-10-12,"Federal Families First Coronavirus Response Act excluded employees paid sick leave","Federal Families First Coronavirus Response Act excluded employees paid sick leave",1750,"Senate Rules and Administration",2020-10-12,"Referred to Rules and Administration",https://legiscan.com/MN/bill/SF17/2020/X5,https://www.revisor.mn.gov/bills/bill.php?b=Senate&f=SF0017&ssn=5&y=2020
1380250,1773,SF18,1,Introduced,2020-10-12,"Health-related electronic monitoring requirements modifications; long-term care and assisted living provisions modifications; SARS-CoV-2 infections state plan; long-term care covid-19 task force; appropriation","Health-related electronic monitoring requirements modifications; long-term care and assisted living provisions modifications; SARS-CoV-2 infections state plan; long-term care covid-19 task force; appropriation",1750,"Senate Rules and Administration",2020-10-12,"Referred to Rules and Administration",https://legiscan.com/MN/bill/SF18/2020/X5,https://www.revisor.mn.gov/bills/bill.php?b=Senate&f=SF0018&ssn=5&y=2020
1380258,1773,SF19,1,Introduced,2020-10-12,"Drug formulary committee sunset and reformulation; medical assistance drug formulary and preferred drug list HIV/AIDS drug inclusion; public hearing for drug list deletions and deletion restriction","Drug formulary committee sunset and reformulation; medical assistance drug formulary and preferred drug list HIV/AIDS drug inclusion; public hearing for drug list deletions and deletion restriction",1750,"Senate Rules and Administration",2020-10-12,"Authors added Hayden; Marty",https://legiscan.com/MN/bill/SF19/2020/X5,https://www.revisor.mn.gov/bills/bill.php?b=Senate&f=SF0019&ssn=5&y=2020
1380240,1773,SF20,1,Introduced,2020-10-12,"Concealing identity prohibition exception addition","Concealing identity prohibition exception addition",1750,"Senate Rules and Administration",2020-10-12,"Referred to Rules and Administration",https://legiscan.com/MN/bill/SF20/2020/X5,https://www.revisor.mn.gov/bills/bill.php?b=Senate&f=SF0020&ssn=5&y=2020
1380259,1773,SF21,1,Introduced,2020-10-12,"Scrap metal dealers catalytic converters sale regulation","Scrap metal dealers catalytic converters sale regulation",1750,"Senate Rules and Administration",2020-10-15,"Authors added Cwodzinski; Torres Ray; Champion; Wiger",https://legiscan.com/MN/bill/SF21/2020/X5,https://www.revisor.mn.gov/bills/bill.php?b=Senate&f=SF0021&ssn=5&y=2020
1380245,1773,SF22,1,Introduced,2020-10-12,"State employee layoffs equitable geographic distribution requirement","State employee layoffs equitable geographic distribution requirement",1750,"Senate Rules and Administration",2020-10-12,"Referred to Rules and Administration",https://legiscan.com/MN/bill/SF22/2020/X5,https://www.revisor.mn.gov/bills/bill.php?b=Senate&f=SF0022&ssn=5&y=2020
1380257,1773,SF23,1,Introduced,2020-10-12,"Mining employees additional unemployment insurance benefits authorization","Mining employees additional unemployment insurance benefits authorization",1750,"Senate Rules and Administration",2020-10-12,"Referred to Rules and Administration",https://legiscan.com/MN/bill/SF23/2020/X5,https://www.revisor.mn.gov/bills/bill.php?b=Senate&f=SF0023&ssn=5&y=2020
1380265,1773,SF24,1,Introduced,2020-10-12,"Togo Challenge Incarceration Program staff reduction or closure prohibition","Togo Challenge Incarceration Program staff reduction or closure prohibition",1750,"Senate Rules and Administration",2020-10-12,"Referred to Rules and Administration",https://legiscan.com/MN/bill/SF24/2020/X5,https://www.revisor.mn.gov/bills/bill.php?b=Senate&f=SF0024&ssn=5&y=2020
1380246,1773,SF25,1,Introduced,2020-10-12,"Itasca county jail sunset extension","Itasca county jail sunset extension",1750,"Senate Rules and Administration",2020-10-12,"Referred to Rules and Administration",https://legiscan.com/MN/bill/SF25/2020/X5,https://www.revisor.mn.gov/bills/bill.php?b=Senate&f=SF0025&ssn=5&y=2020
1380304,1773,SF26,1,Introduced,2020-10-12,"Omnibus bonding bill","Omnibus bonding bill",0,,2020-10-12,"Laid on table",https://legiscan.com/MN/bill/SF26/2020/X5,https://www.revisor.mn.gov/bills/bill.php?b=Senate&f=SF0026&ssn=5&y=2020
1380306,1773,SF27,4,Passed,2020-10-21,"Farm loan origination fee grant program modification","Farm loan origination fee grant program modification",0,,2020-10-21,"Secretary of State, Filed ",https://legiscan.com/MN/bill/SF27/2020/X5,https://www.revisor.mn.gov/bills/bill.php?b=Senate&f=SF0027&ssn=5&y=2020
1380470,1773,SF28,1,Introduced,2020-10-15,"Primary Care Case Management program establishment","Primary Care Case Management program establishment",1750,"Senate Rules and Administration",2020-10-15,"Referred to Rules and Administration",https://legiscan.com/MN/bill/SF28/2020/X5,https://www.revisor.mn.gov/bills/bill.php?b=Senate&f=SF0028&ssn=5&y=2020
1380458,1773,SF29,1,Introduced,2020-10-15,"Legislative task force on design of state flag creation","Legislative task force on design of state flag creation",1750,"Senate Rules and Administration",2020-10-15,"Referred to Rules and Administration",https://legiscan.com/MN/bill/SF29/2020/X5,https://www.revisor.mn.gov/bills/bill.php?b=Senate&f=SF0029&ssn=5&y=2020
1380465,1773,SF30,1,Introduced,2020-10-15,"Prescription contraceptives supply requirements establishment; health plans to cover contraceptive methods, sterilization and related medical services, patient education and counseling","Prescription contraceptives supply requirements establishment; health plans to cover contraceptive methods, sterilization and related medical services, patient education and counseling",1750,"Senate Rules and Administration",2020-10-15,"Referred to Rules and Administration",https://legiscan.com/MN/bill/SF30/2020/X5,https://www.revisor.mn.gov/bills/bill.php?b=Senate&f=SF0030&ssn=5&y=2020
1380460,1773,SF31,1,Introduced,2020-10-15,"Small business relief grants program modification","Small business relief grants program modification",1750,"Senate Rules and Administration",2020-10-15,"Referred to Rules and Administration",https://legiscan.com/MN/bill/SF31/2020/X5,https://www.revisor.mn.gov/bills/bill.php?b=Senate&f=SF0031&ssn=5&y=2020
1380454,1773,SF32,1,Introduced,2020-10-15,"Electric cogeneration activities power purchase agreement authorization","Electric cogeneration activities power purchase agreement authorization",1750,"Senate Rules and Administration",2020-10-15,"Referred to Rules and Administration",https://legiscan.com/MN/bill/SF32/2020/X5,https://www.revisor.mn.gov/bills/bill.php?b=Senate&f=SF0032&ssn=5&y=2020
1380457,1773,SF33,1,Introduced,2020-10-15,"Providing Resources, Opportunity, and Maximizing Investments in Striving Entrepreneurs (PROMISE) Act","Providing Resources, Opportunity, and Maximizing Investments in Striving Entrepreneurs (PROMISE) Act",1750,"Senate Rules and Administration",2020-10-15,"Referred to Rules and Administration",https://legiscan.com/MN/bill/SF33/2020/X5,https://www.revisor.mn.gov/bills/bill.php?b=Senate&f=SF0033&ssn=5&y=2020
1380463,1773,SF34,1,Introduced,2020-10-15,"Togo and Willow River challenge incarceration programs appropriation","Togo and Willow River challenge incarceration programs appropriation",1750,"Senate Rules and Administration",2020-10-15,"Referred to Rules and Administration",https://legiscan.com/MN/bill/SF34/2020/X5,https://www.revisor.mn.gov/bills/bill.php?b=Senate&f=SF0034&ssn=5&y=2020
1380464,1773,SF35,1,Introduced,2020-10-15,"Local governments disaster relief for losses resulting from civil unrest bond issue and appropriations","Local governments disaster relief for losses resulting from civil unrest bond issue and appropriations",1750,"Senate Rules and Administration",2020-10-15,"Referred to Rules and Administration",https://legiscan.com/MN/bill/SF35/2020/X5,https://www.revisor.mn.gov/bills/bill.php?b=Senate&f=SF0035&ssn=5&y=2020
1380455,1773,SF36,1,Introduced,2020-10-15,"Prior year's pupil count use for the 2020-2021 school year to reflect COVId-19 changes in enrollment authorization and appropriation","Prior year's pupil count use for the 2020-2021 school year to reflect COVId-19 changes in enrollment authorization and appropriation",1750,"Senate Rules and Administration",2020-10-15,"Referred to Rules and Administration",https://legiscan.com/MN/bill/SF36/2020/X5,https://www.revisor.mn.gov/bills/bill.php?b=Senate&f=SF0036&ssn=5&y=2020
1380453,1773,SF37,1,Introduced,2020-10-15,"MinnesotaCare premiums exemption for women; continuous coverage during postpartum period commissioner of human services recommendations requirement","MinnesotaCare premiums exemption for women; continuous coverage during postpartum period commissioner of human services recommendations requirement",1750,"Senate Rules and Administration",2020-10-15,"Author added Nelson",https://legiscan.com/MN/bill/SF37/2020/X5,https://www.revisor.mn.gov/bills/bill.php?b=Senate&f=SF0037&ssn=5&y=2020
1380469,1773,SF38,1,Introduced,2020-10-15,"Personal care assistant and support worker requirements modification; compensation for personal care assistance services by a parent of spouse authorization; temporary personal care assistance rate increase establishment","Personal care assistant and support worker requirements modification; compensation for personal care assistance services by a parent of spouse authorization; temporary personal care assistance rate increase establishment",1750,"Senate Rules and Administration",2020-10-15,"Referred to Rules and Administration",https://legiscan.com/MN/bill/SF38/2020/X5,https://www.revisor.mn.gov/bills/bill.php?b=Senate&f=SF0038&ssn=5&y=2020
1380466,1773,SF39,1,Introduced,2020-10-15,"Affordable Care Act provisions codification","Affordable Care Act provisions codification",1750,"Senate Rules and Administration",2020-10-15,"Referred to Rules and Administration",https://legiscan.com/MN/bill/SF39/2020/X5,https://www.revisor.mn.gov/bills/bill.php?b=Senate&f=SF0039&ssn=5&y=2020
1380452,1773,SF40,1,Introduced,2020-10-15,"Indigenous Peoples Day designation","Indigenous Peoples Day designation",1750,"Senate Rules and Administration",2020-10-15,"Referred to Rules and Administration",https://legiscan.com/MN/bill/SF40/2020/X5,https://www.revisor.mn.gov/bills/bill.php?b=Senate&f=SF0040&ssn=5&y=2020
1380252,1773,SR1,4,Passed,2020-10-12,"A Senate resolution relating to organization and operation of the Senate during Special Session","A Senate resolution relating to organization and operation of the Senate during Special Session",0,,2020-10-12,Adopted,https://legiscan.com/MN/bill/SR1/2020/X5,https://www.revisor.mn.gov/bills/bill.php?b=Senate&f=SR0001&ssn=5&y=2020
1380255,1773,SR2,4,Passed,2020-10-12,"A Senate resolution notifying the House of Representatives and the Governor that the Senate is organized","A Senate resolution notifying the House of Representatives and the Governor that the Senate is organized",0,,2020-10-12,"Adopted (voice vote)",https://legiscan.com/MN/bill/SR2/2020/X5,https://www.revisor.mn.gov/bills/bill.php?b=Senate&f=SR0002&ssn=5&y=2020
1380267,1773,SR3,1,Introduced,2020-10-12,"A Senate resolution expressing support for the Minnesota Oromo Community","A Senate resolution expressing support for the Minnesota Oromo Community",1750,"Senate Rules and Administration",2020-10-12,"Referred to Rules and Administration",https://legiscan.com/MN/bill/SR3/2020/X5,https://www.revisor.mn.gov/bills/bill.php?b=Senate&f=SR0003&ssn=5&y=2020
1380256,1773,SR4,1,Introduced,2020-10-12,"A Senate resolution encouraging President Trump and Congress to support, not abolish, Social Security and Medicare safety net programs","A Senate resolution encouraging President Trump and Congress to support, not abolish, Social Security and Medicare safety net programs",1750,"Senate Rules and Administration",2020-10-12,"Referred to Rules and Administration",https://legiscan.com/MN/bill/SR4/2020/X5,https://www.revisor.mn.gov/bills/bill.php?b=Senate&f=SR0004&ssn=5&y=2020
1380241,1773,SR5,1,Introduced,2020-10-12,"A Senate resolution commending Greg Hubinger for 42 years of service with the State of Minnesota","A Senate resolution commending Greg Hubinger for 42 years of service with the State of Minnesota",1750,"Senate Rules and Administration",2020-10-12,"Referred to Rules and Administration",https://legiscan.com/MN/bill/SR5/2020/X5,https://www.revisor.mn.gov/bills/bill.php?b=Senate&f=SR0005&ssn=5&y=2020
1380468,1773,SR6,1,Introduced,2020-10-15,"A Senate resolution recognizing the work of Jeff Hayden","A Senate resolution recognizing the work of Jeff Hayden",1750,"Senate Rules and Administration",2020-10-15,"Referred to Rules and Administration",https://legiscan.com/MN/bill/SR6/2020/X5,https://www.revisor.mn.gov/bills/bill.php?b=Senate&f=SR0006&ssn=5&y=2020
1380459,1773,SR7,1,Introduced,2020-10-15,"A Senate resolution commemorating Nigeria's Independence Day","A Senate resolution commemorating Nigeria's Independence Day",1750,"Senate Rules and Administration",2020-10-15,"Referred to Rules and Administration",https://legiscan.com/MN/bill/SR7/2020/X5,https://www.revisor.mn.gov/bills/bill.php?b=Senate&f=SR0007&ssn=5&y=2020
1380509,1773,SR8,4,Passed,2020-10-15,"A Senate resolution relating to adjournment of the Special Session","A Senate resolution relating to adjournment of the Special Session",0,,2020-10-15,"Adopted (voice vote)",https://legiscan.com/MN/bill/SR8/2020/X5,https://www.revisor.mn.gov/bills/bill.php?b=Senate&f=SR0008&ssn=5&y=2020
1380273,1773,SC1,4,Passed,2020-10-12,"A Senate concurrent resolution relating to Minnesota's peacetime emergency; terminating the peacetime emergency pursuant to the authority granted under Minnesota Statues, section 12.31, subdivision 2, paragraph (b)","A Senate concurrent resolution relating to Minnesota's peacetime emergency; terminating the peacetime emergency pursuant to the authority granted under Minnesota Statues, section 12.31, subdivision 2, paragraph (b)",0,,2020-10-12,Adopted,https://legiscan.com/MN/bill/SC1/2020/X5,https://www.revisor.mn.gov/bills/bill.php?b=Senate&f=SC0001&ssn=5&y=2020
