bill_id,document_id,document_type,document_size,document_mime,document_desc,url,state_link
1380311,2212004,text,2552721,application/pdf,Introduced,https://legiscan.com/MN/text/HF1/id/2212004,https://www.revisor.mn.gov/bills/text.php?number=HF1&version=0&session=ls91&session_year=2020&session_number=5&format=pdf
1380311,2212390,text,2677947,application/pdf,Engrossed,https://legiscan.com/MN/text/HF1/id/2212390,https://www.revisor.mn.gov/bills/text.php?number=HF1&version=1&session=ls91&session_year=2020&session_number=5&format=pdf
1380318,2212011,text,657869,application/pdf,Introduced,https://legiscan.com/MN/text/HF2/id/2212011,https://www.revisor.mn.gov/bills/text.php?number=HF2&version=0&session=ls91&session_year=2020&session_number=5&format=pdf
1380276,2211969,text,346506,application/pdf,Introduced,https://legiscan.com/MN/text/HF3/id/2211969,https://www.revisor.mn.gov/bills/text.php?number=HF3&version=0&session=ls91&session_year=2020&session_number=5&format=pdf
1380279,2211972,text,297769,application/pdf,Introduced,https://legiscan.com/MN/text/HF4/id/2211972,https://www.revisor.mn.gov/bills/text.php?number=HF4&version=0&session=ls91&session_year=2020&session_number=5&format=pdf
1380314,2212007,text,234482,application/pdf,Introduced,https://legiscan.com/MN/text/HF5/id/2212007,https://www.revisor.mn.gov/bills/text.php?number=HF5&version=0&session=ls91&session_year=2020&session_number=5&format=pdf
1380280,2211973,text,212776,application/pdf,Introduced,https://legiscan.com/MN/text/HF6/id/2211973,https://www.revisor.mn.gov/bills/text.php?number=HF6&version=0&session=ls91&session_year=2020&session_number=5&format=pdf
1380295,2211988,text,265761,application/pdf,Introduced,https://legiscan.com/MN/text/HF7/id/2211988,https://www.revisor.mn.gov/bills/text.php?number=HF7&version=0&session=ls91&session_year=2020&session_number=5&format=pdf
1380287,2211980,text,291093,application/pdf,Introduced,https://legiscan.com/MN/text/HF8/id/2211980,https://www.revisor.mn.gov/bills/text.php?number=HF8&version=0&session=ls91&session_year=2020&session_number=5&format=pdf
1380301,2211994,text,274789,application/pdf,Introduced,https://legiscan.com/MN/text/HF9/id/2211994,https://www.revisor.mn.gov/bills/text.php?number=HF9&version=0&session=ls91&session_year=2020&session_number=5&format=pdf
1380284,2211977,text,196578,application/pdf,Introduced,https://legiscan.com/MN/text/HF10/id/2211977,https://www.revisor.mn.gov/bills/text.php?number=HF10&version=0&session=ls91&session_year=2020&session_number=5&format=pdf
1380293,2211986,text,236774,application/pdf,Introduced,https://legiscan.com/MN/text/HF11/id/2211986,https://www.revisor.mn.gov/bills/text.php?number=HF11&version=0&session=ls91&session_year=2020&session_number=5&format=pdf
1380308,2212001,text,213375,application/pdf,Introduced,https://legiscan.com/MN/text/HF12/id/2212001,https://www.revisor.mn.gov/bills/text.php?number=HF12&version=0&session=ls91&session_year=2020&session_number=5&format=pdf
1380307,2212000,text,200879,application/pdf,Introduced,https://legiscan.com/MN/text/HF13/id/2212000,https://www.revisor.mn.gov/bills/text.php?number=HF13&version=0&session=ls91&session_year=2020&session_number=5&format=pdf
1380313,2212006,text,338150,application/pdf,Introduced,https://legiscan.com/MN/text/HF14/id/2212006,https://www.revisor.mn.gov/bills/text.php?number=HF14&version=0&session=ls91&session_year=2020&session_number=5&format=pdf
1380305,2211998,text,213470,application/pdf,Introduced,https://legiscan.com/MN/text/HF15/id/2211998,https://www.revisor.mn.gov/bills/text.php?number=HF15&version=0&session=ls91&session_year=2020&session_number=5&format=pdf
1380303,2211996,text,214895,application/pdf,Introduced,https://legiscan.com/MN/text/HF16/id/2211996,https://www.revisor.mn.gov/bills/text.php?number=HF16&version=0&session=ls91&session_year=2020&session_number=5&format=pdf
1380302,2211995,text,282399,application/pdf,Introduced,https://legiscan.com/MN/text/HF17/id/2211995,https://www.revisor.mn.gov/bills/text.php?number=HF17&version=0&session=ls91&session_year=2020&session_number=5&format=pdf
1380291,2211984,text,199782,application/pdf,Introduced,https://legiscan.com/MN/text/HF18/id/2211984,https://www.revisor.mn.gov/bills/text.php?number=HF18&version=0&session=ls91&session_year=2020&session_number=5&format=pdf
1380292,2211985,text,197122,application/pdf,Introduced,https://legiscan.com/MN/text/HF19/id/2211985,https://www.revisor.mn.gov/bills/text.php?number=HF19&version=0&session=ls91&session_year=2020&session_number=5&format=pdf
1380294,2211987,text,263835,application/pdf,Introduced,https://legiscan.com/MN/text/HF20/id/2211987,https://www.revisor.mn.gov/bills/text.php?number=HF20&version=0&session=ls91&session_year=2020&session_number=5&format=pdf
1380296,2211989,text,242626,application/pdf,Introduced,https://legiscan.com/MN/text/HF21/id/2211989,https://www.revisor.mn.gov/bills/text.php?number=HF21&version=0&session=ls91&session_year=2020&session_number=5&format=pdf
1380319,2212012,text,257162,application/pdf,Introduced,https://legiscan.com/MN/text/HF22/id/2212012,https://www.revisor.mn.gov/bills/text.php?number=HF22&version=0&session=ls91&session_year=2020&session_number=5&format=pdf
1380277,2211970,text,1116358,application/pdf,Introduced,https://legiscan.com/MN/text/HF23/id/2211970,https://www.revisor.mn.gov/bills/text.php?number=HF23&version=0&session=ls91&session_year=2020&session_number=5&format=pdf
1380289,2211982,text,264398,application/pdf,Introduced,https://legiscan.com/MN/text/HF24/id/2211982,https://www.revisor.mn.gov/bills/text.php?number=HF24&version=0&session=ls91&session_year=2020&session_number=5&format=pdf
1380300,2211993,text,217024,application/pdf,Introduced,https://legiscan.com/MN/text/HF25/id/2211993,https://www.revisor.mn.gov/bills/text.php?number=HF25&version=0&session=ls91&session_year=2020&session_number=5&format=pdf
1380282,2211975,text,241538,application/pdf,Introduced,https://legiscan.com/MN/text/HF26/id/2211975,https://www.revisor.mn.gov/bills/text.php?number=HF26&version=0&session=ls91&session_year=2020&session_number=5&format=pdf
1380290,2211983,text,251099,application/pdf,Introduced,https://legiscan.com/MN/text/HF27/id/2211983,https://www.revisor.mn.gov/bills/text.php?number=HF27&version=0&session=ls91&session_year=2020&session_number=5&format=pdf
1380317,2212010,text,450550,application/pdf,Introduced,https://legiscan.com/MN/text/HF28/id/2212010,https://www.revisor.mn.gov/bills/text.php?number=HF28&version=0&session=ls91&session_year=2020&session_number=5&format=pdf
1380309,2212002,text,210554,application/pdf,Introduced,https://legiscan.com/MN/text/HF29/id/2212002,https://www.revisor.mn.gov/bills/text.php?number=HF29&version=0&session=ls91&session_year=2020&session_number=5&format=pdf
1380281,2211974,text,199458,application/pdf,Introduced,https://legiscan.com/MN/text/HF30/id/2211974,https://www.revisor.mn.gov/bills/text.php?number=HF30&version=0&session=ls91&session_year=2020&session_number=5&format=pdf
1380283,2211976,text,236981,application/pdf,Introduced,https://legiscan.com/MN/text/HF31/id/2211976,https://www.revisor.mn.gov/bills/text.php?number=HF31&version=0&session=ls91&session_year=2020&session_number=5&format=pdf
1380310,2212003,text,206349,application/pdf,Introduced,https://legiscan.com/MN/text/HF32/id/2212003,https://www.revisor.mn.gov/bills/text.php?number=HF32&version=0&session=ls91&session_year=2020&session_number=5&format=pdf
1380278,2211971,text,196811,application/pdf,Introduced,https://legiscan.com/MN/text/HF33/id/2211971,https://www.revisor.mn.gov/bills/text.php?number=HF33&version=0&session=ls91&session_year=2020&session_number=5&format=pdf
1380316,2212009,text,200764,application/pdf,Introduced,https://legiscan.com/MN/text/HF34/id/2212009,https://www.revisor.mn.gov/bills/text.php?number=HF34&version=0&session=ls91&session_year=2020&session_number=5&format=pdf
1380312,2212005,text,315342,application/pdf,Introduced,https://legiscan.com/MN/text/HF35/id/2212005,https://www.revisor.mn.gov/bills/text.php?number=HF35&version=0&session=ls91&session_year=2020&session_number=5&format=pdf
1380275,2211968,text,242382,application/pdf,Introduced,https://legiscan.com/MN/text/HF36/id/2211968,https://www.revisor.mn.gov/bills/text.php?number=HF36&version=0&session=ls91&session_year=2020&session_number=5&format=pdf
1380298,2211991,text,244701,application/pdf,Introduced,https://legiscan.com/MN/text/HF37/id/2211991,https://www.revisor.mn.gov/bills/text.php?number=HF37&version=0&session=ls91&session_year=2020&session_number=5&format=pdf
1380315,2212008,text,215948,application/pdf,Introduced,https://legiscan.com/MN/text/HF38/id/2212008,https://www.revisor.mn.gov/bills/text.php?number=HF38&version=0&session=ls91&session_year=2020&session_number=5&format=pdf
1380285,2211978,text,239456,application/pdf,Introduced,https://legiscan.com/MN/text/HF39/id/2211978,https://www.revisor.mn.gov/bills/text.php?number=HF39&version=0&session=ls91&session_year=2020&session_number=5&format=pdf
1380286,2211979,text,195751,application/pdf,Introduced,https://legiscan.com/MN/text/HF40/id/2211979,https://www.revisor.mn.gov/bills/text.php?number=HF40&version=0&session=ls91&session_year=2020&session_number=5&format=pdf
1380299,2211992,text,215023,application/pdf,Introduced,https://legiscan.com/MN/text/HF41/id/2211992,https://www.revisor.mn.gov/bills/text.php?number=HF41&version=0&session=ls91&session_year=2020&session_number=5&format=pdf
1380288,2211981,text,257278,application/pdf,Introduced,https://legiscan.com/MN/text/HF42/id/2211981,https://www.revisor.mn.gov/bills/text.php?number=HF42&version=0&session=ls91&session_year=2020&session_number=5&format=pdf
1380332,2212068,text,222373,application/pdf,Introduced,https://legiscan.com/MN/text/HF43/id/2212068,https://www.revisor.mn.gov/bills/text.php?number=HF43&version=0&session=ls91&session_year=2020&session_number=5&format=pdf
1380335,2212071,text,241495,application/pdf,Introduced,https://legiscan.com/MN/text/HF44/id/2212071,https://www.revisor.mn.gov/bills/text.php?number=HF44&version=0&session=ls91&session_year=2020&session_number=5&format=pdf
1380338,2212074,text,204175,application/pdf,Introduced,https://legiscan.com/MN/text/HF45/id/2212074,https://www.revisor.mn.gov/bills/text.php?number=HF45&version=0&session=ls91&session_year=2020&session_number=5&format=pdf
1380428,2212234,text,62042,text/html,Draft,https://legiscan.com/MN/text/HR1/id/2212234,https://www.revisor.mn.gov/bills/text.php?number=HR1&session=ls91&version=latest&session_number=5&session_year=2020
1380244,2211936,text,62722,text/html,Draft,https://legiscan.com/MN/text/HC1/id/2211936,https://www.revisor.mn.gov/bills/text.php?number=HC1&session=ls91&version=latest&session_number=5&session_year=2020
1380260,2211952,text,60777,text/html,Draft,https://legiscan.com/MN/text/HC2/id/2211952,https://www.revisor.mn.gov/bills/text.php?number=HC2&session=ls91&version=latest&session_number=5&session_year=2020
1380251,2211943,text,210565,application/pdf,Introduced,https://legiscan.com/MN/text/SF1/id/2211943,https://www.revisor.mn.gov/bills/text.php?number=SF1&version=0&session=ls91&session_year=2020&session_number=5&format=pdf
1380268,2211960,text,277441,application/pdf,Introduced,https://legiscan.com/MN/text/SF2/id/2211960,https://www.revisor.mn.gov/bills/text.php?number=SF2&version=0&session=ls91&session_year=2020&session_number=5&format=pdf
1380266,2211958,text,208191,application/pdf,Introduced,https://legiscan.com/MN/text/SF3/id/2211958,https://www.revisor.mn.gov/bills/text.php?number=SF3&version=0&session=ls91&session_year=2020&session_number=5&format=pdf
1380242,2211934,text,217526,application/pdf,Introduced,https://legiscan.com/MN/text/SF4/id/2211934,https://www.revisor.mn.gov/bills/text.php?number=SF4&version=0&session=ls91&session_year=2020&session_number=5&format=pdf
1380247,2211939,text,219865,application/pdf,Introduced,https://legiscan.com/MN/text/SF5/id/2211939,https://www.revisor.mn.gov/bills/text.php?number=SF5&version=0&session=ls91&session_year=2020&session_number=5&format=pdf
1380254,2211946,text,196641,application/pdf,Introduced,https://legiscan.com/MN/text/SF6/id/2211946,https://www.revisor.mn.gov/bills/text.php?number=SF6&version=0&session=ls91&session_year=2020&session_number=5&format=pdf
1380248,2211940,text,243761,application/pdf,Introduced,https://legiscan.com/MN/text/SF7/id/2211940,https://www.revisor.mn.gov/bills/text.php?number=SF7&version=0&session=ls91&session_year=2020&session_number=5&format=pdf
1380262,2211954,text,340970,application/pdf,Introduced,https://legiscan.com/MN/text/SF8/id/2211954,https://www.revisor.mn.gov/bills/text.php?number=SF8&version=0&session=ls91&session_year=2020&session_number=5&format=pdf
1380272,2211964,text,240508,application/pdf,Introduced,https://legiscan.com/MN/text/SF9/id/2211964,https://www.revisor.mn.gov/bills/text.php?number=SF9&version=0&session=ls91&session_year=2020&session_number=5&format=pdf
1380271,2211963,text,453032,application/pdf,Introduced,https://legiscan.com/MN/text/SF10/id/2211963,https://www.revisor.mn.gov/bills/text.php?number=SF10&version=0&session=ls91&session_year=2020&session_number=5&format=pdf
1380269,2211961,text,230917,application/pdf,Introduced,https://legiscan.com/MN/text/SF11/id/2211961,https://www.revisor.mn.gov/bills/text.php?number=SF11&version=0&session=ls91&session_year=2020&session_number=5&format=pdf
1380270,2211962,text,234344,application/pdf,Introduced,https://legiscan.com/MN/text/SF12/id/2211962,https://www.revisor.mn.gov/bills/text.php?number=SF12&version=0&session=ls91&session_year=2020&session_number=5&format=pdf
1380239,2211931,text,246874,application/pdf,Introduced,https://legiscan.com/MN/text/SF13/id/2211931,https://www.revisor.mn.gov/bills/text.php?number=SF13&version=0&session=ls91&session_year=2020&session_number=5&format=pdf
1380243,2211935,text,218479,application/pdf,Introduced,https://legiscan.com/MN/text/SF14/id/2211935,https://www.revisor.mn.gov/bills/text.php?number=SF14&version=0&session=ls91&session_year=2020&session_number=5&format=pdf
1380253,2211945,text,525002,application/pdf,Introduced,https://legiscan.com/MN/text/SF15/id/2211945,https://www.revisor.mn.gov/bills/text.php?number=SF15&version=0&session=ls91&session_year=2020&session_number=5&format=pdf
1380264,2211956,text,214130,application/pdf,Introduced,https://legiscan.com/MN/text/SF16/id/2211956,https://www.revisor.mn.gov/bills/text.php?number=SF16&version=0&session=ls91&session_year=2020&session_number=5&format=pdf
1380263,2211955,text,266991,application/pdf,Introduced,https://legiscan.com/MN/text/SF17/id/2211955,https://www.revisor.mn.gov/bills/text.php?number=SF17&version=0&session=ls91&session_year=2020&session_number=5&format=pdf
1380250,2211942,text,1121794,application/pdf,Introduced,https://legiscan.com/MN/text/SF18/id/2211942,https://www.revisor.mn.gov/bills/text.php?number=SF18&version=0&session=ls91&session_year=2020&session_number=5&format=pdf
1380258,2211950,text,265957,application/pdf,Introduced,https://legiscan.com/MN/text/SF19/id/2211950,https://www.revisor.mn.gov/bills/text.php?number=SF19&version=0&session=ls91&session_year=2020&session_number=5&format=pdf
1380240,2211932,text,197156,application/pdf,Introduced,https://legiscan.com/MN/text/SF20/id/2211932,https://www.revisor.mn.gov/bills/text.php?number=SF20&version=0&session=ls91&session_year=2020&session_number=5&format=pdf
1380259,2211951,text,223815,application/pdf,Introduced,https://legiscan.com/MN/text/SF21/id/2211951,https://www.revisor.mn.gov/bills/text.php?number=SF21&version=0&session=ls91&session_year=2020&session_number=5&format=pdf
1380245,2211937,text,203277,application/pdf,Introduced,https://legiscan.com/MN/text/SF22/id/2211937,https://www.revisor.mn.gov/bills/text.php?number=SF22&version=0&session=ls91&session_year=2020&session_number=5&format=pdf
1380257,2211949,text,237447,application/pdf,Introduced,https://legiscan.com/MN/text/SF23/id/2211949,https://www.revisor.mn.gov/bills/text.php?number=SF23&version=0&session=ls91&session_year=2020&session_number=5&format=pdf
1380265,2211957,text,202381,application/pdf,Introduced,https://legiscan.com/MN/text/SF24/id/2211957,https://www.revisor.mn.gov/bills/text.php?number=SF24&version=0&session=ls91&session_year=2020&session_number=5&format=pdf
1380246,2211938,text,198261,application/pdf,Introduced,https://legiscan.com/MN/text/SF25/id/2211938,https://www.revisor.mn.gov/bills/text.php?number=SF25&version=0&session=ls91&session_year=2020&session_number=5&format=pdf
1380304,2211997,text,2566364,application/pdf,Introduced,https://legiscan.com/MN/text/SF26/id/2211997,https://www.revisor.mn.gov/bills/text.php?number=SF26&version=0&session=ls91&session_year=2020&session_number=5&format=pdf
1380306,2211999,text,217263,application/pdf,Introduced,https://legiscan.com/MN/text/SF27/id/2211999,https://www.revisor.mn.gov/bills/text.php?number=SF27&version=0&session=ls91&session_year=2020&session_number=5&format=pdf
1380470,2212368,text,234150,application/pdf,Introduced,https://legiscan.com/MN/text/SF28/id/2212368,https://www.revisor.mn.gov/bills/text.php?number=SF28&version=0&session=ls91&session_year=2020&session_number=5&format=pdf
1380458,2212358,text,210485,application/pdf,Introduced,https://legiscan.com/MN/text/SF29/id/2212358,https://www.revisor.mn.gov/bills/text.php?number=SF29&version=0&session=ls91&session_year=2020&session_number=5&format=pdf
1380465,2212364,text,300440,application/pdf,Introduced,https://legiscan.com/MN/text/SF30/id/2212364,https://www.revisor.mn.gov/bills/text.php?number=SF30&version=0&session=ls91&session_year=2020&session_number=5&format=pdf
1380460,2212360,text,225679,application/pdf,Introduced,https://legiscan.com/MN/text/SF31/id/2212360,https://www.revisor.mn.gov/bills/text.php?number=SF31&version=0&session=ls91&session_year=2020&session_number=5&format=pdf
1380454,2212355,text,246009,application/pdf,Introduced,https://legiscan.com/MN/text/SF32/id/2212355,https://www.revisor.mn.gov/bills/text.php?number=SF32&version=0&session=ls91&session_year=2020&session_number=5&format=pdf
1380457,2212357,text,661022,application/pdf,Introduced,https://legiscan.com/MN/text/SF33/id/2212357,https://www.revisor.mn.gov/bills/text.php?number=SF33&version=0&session=ls91&session_year=2020&session_number=5&format=pdf
1380463,2212362,text,201319,application/pdf,Introduced,https://legiscan.com/MN/text/SF34/id/2212362,https://www.revisor.mn.gov/bills/text.php?number=SF34&version=0&session=ls91&session_year=2020&session_number=5&format=pdf
1380464,2212363,text,281199,application/pdf,Introduced,https://legiscan.com/MN/text/SF35/id/2212363,https://www.revisor.mn.gov/bills/text.php?number=SF35&version=0&session=ls91&session_year=2020&session_number=5&format=pdf
1380455,2212356,text,218511,application/pdf,Introduced,https://legiscan.com/MN/text/SF36/id/2212356,https://www.revisor.mn.gov/bills/text.php?number=SF36&version=0&session=ls91&session_year=2020&session_number=5&format=pdf
1380453,2212354,text,237226,application/pdf,Introduced,https://legiscan.com/MN/text/SF37/id/2212354,https://www.revisor.mn.gov/bills/text.php?number=SF37&version=0&session=ls91&session_year=2020&session_number=5&format=pdf
1380469,2212367,text,294387,application/pdf,Introduced,https://legiscan.com/MN/text/SF38/id/2212367,https://www.revisor.mn.gov/bills/text.php?number=SF38&version=0&session=ls91&session_year=2020&session_number=5&format=pdf
1380466,2212365,text,349400,application/pdf,Introduced,https://legiscan.com/MN/text/SF39/id/2212365,https://www.revisor.mn.gov/bills/text.php?number=SF39&version=0&session=ls91&session_year=2020&session_number=5&format=pdf
1380452,2212353,text,218656,application/pdf,Introduced,https://legiscan.com/MN/text/SF40/id/2212353,https://www.revisor.mn.gov/bills/text.php?number=SF40&version=0&session=ls91&session_year=2020&session_number=5&format=pdf
1380252,2211944,text,2005,text/html,Draft,https://legiscan.com/MN/text/SR1/id/2211944,https://www.revisor.mn.gov/bills/text.php?number=SR1&session=ls91&version=latest&session_number=5&session_year=2020
1380255,2211947,text,1236,text/html,Draft,https://legiscan.com/MN/text/SR2/id/2211947,https://www.revisor.mn.gov/bills/text.php?number=SR2&session=ls91&version=latest&session_number=5&session_year=2020
1380267,2211959,text,430,text/html,Draft,https://legiscan.com/MN/text/SR3/id/2211959,https://www.revisor.mn.gov/bills/text.php?number=SR3&session=ls91&version=latest&session_number=5&session_year=2020
1380256,2211948,text,430,text/html,Draft,https://legiscan.com/MN/text/SR4/id/2211948,https://www.revisor.mn.gov/bills/text.php?number=SR4&session=ls91&version=latest&session_number=5&session_year=2020
1380241,2211933,text,430,text/html,Draft,https://legiscan.com/MN/text/SR5/id/2211933,https://www.revisor.mn.gov/bills/text.php?number=SR5&session=ls91&version=latest&session_number=5&session_year=2020
1380468,2212366,text,6077,text/html,Draft,https://legiscan.com/MN/text/SR6/id/2212366,https://www.revisor.mn.gov/bills/text.php?number=SR6&session=ls91&version=latest&session_number=5&session_year=2020
1380459,2212359,text,3138,text/html,Draft,https://legiscan.com/MN/text/SR7/id/2212359,https://www.revisor.mn.gov/bills/text.php?number=SR7&session=ls91&version=latest&session_number=5&session_year=2020
1380509,2212444,text,1323,text/html,Draft,https://legiscan.com/MN/text/SR8/id/2212444,https://www.revisor.mn.gov/bills/text.php?number=SR8&session=ls91&version=latest&session_number=5&session_year=2020
1380273,2211965,text,5197,text/html,Draft,https://legiscan.com/MN/text/SC1/id/2211965,https://www.revisor.mn.gov/bills/text.php?number=SC1&session=ls91&version=latest&session_number=5&session_year=2020
