bill_id,date,chamber,sequence,action
1380239,2020-10-12,Senate,1,"Introduction and first reading"
1380239,2020-10-12,Senate,2,"Referred to Rules and Administration"
1380240,2020-10-12,Senate,1,"Introduction and first reading"
1380240,2020-10-12,Senate,2,"Referred to Rules and Administration"
1380241,2020-10-12,Senate,1,Introduction
1380241,2020-10-12,Senate,2,"Referred to Rules and Administration"
1380242,2020-10-12,Senate,1,"Introduction and first reading"
1380242,2020-10-12,Senate,2,"Laid on table"
1380243,2020-10-12,Senate,1,"Introduction and first reading"
1380243,2020-10-12,Senate,2,"Referred to Rules and Administration"
1380244,2020-10-12,House,1,"Resolution introduced"
1380244,2020-10-12,House,2,"Motion to suspend rules"
1380244,2020-10-12,House,3,"Motion did not prevail"
1380244,2020-10-12,House,4,"Resolution referred to Rules and Legislative Administration"
1380245,2020-10-12,Senate,1,"Introduction and first reading"
1380245,2020-10-12,Senate,2,"Referred to Rules and Administration"
1380246,2020-10-12,Senate,1,"Introduction and first reading"
1380246,2020-10-12,Senate,2,"Referred to Rules and Administration"
1380247,2020-10-08,,1,"Presented to Governor"
1380247,2020-10-12,Senate,2,"Introduction and first reading"
1380247,2020-10-12,Senate,3,"Laid on table"
1380247,2020-10-12,Senate,4,"Taken from table"
1380247,2020-10-12,Senate,5,"Urgency declared rules suspended vote: 67-0"
1380247,2020-10-12,Senate,6,"Second reading"
1380247,2020-10-12,Senate,7,"Third reading Passed"
1380247,2020-10-12,House,8,"Received from Senate"
1380247,2020-10-12,House,9,"Senate file first reading"
1380247,2020-10-12,House,10,"Motion to suspend rules"
1380247,2020-10-12,House,11,"Motion prevailed"
1380247,2020-10-12,House,12,"Second reading"
1380247,2020-10-12,House,13,"Third reading"
1380247,2020-10-12,House,14,"Bill was passed"
1380247,2020-10-13,,15,"Presented to Governor"
1380247,2020-10-15,,16,"Returned from House"
1380247,2020-10-15,,17,"Governor's action Approval "
1380247,2020-10-15,,18,"Secretary of State Chapter 1 "
1380247,2020-10-15,,19,"Governor approval "
1380247,2020-10-15,,20,"Secretary of State, Filed "
1380248,2020-10-15,Senate,1,"Introduction and first reading"
1380248,2020-10-15,Senate,2,"Referred to Rules and Administration"
1380248,2020-10-15,Senate,3,"Author added Rarick"
1380250,2020-10-12,Senate,1,"Introduction and first reading"
1380250,2020-10-12,Senate,2,"Referred to Rules and Administration"
1380251,2020-10-12,Senate,1,"Introduction and first reading"
1380251,2020-10-12,Senate,2,"Laid on table"
1380252,2020-10-12,Senate,1,Introduction
1380252,2020-10-12,Senate,2,Adopted
1380253,2020-10-12,Senate,1,"Introduction and first reading"
1380253,2020-10-12,Senate,2,"Referred to Rules and Administration"
1380254,2020-10-12,Senate,1,"Introduction and first reading"
1380254,2020-10-12,Senate,2,"Laid on table"
1380254,2020-10-12,Senate,3,"Taken from table"
1380254,2020-10-12,Senate,4,"Urgency declared rules suspended vote: 66-0"
1380254,2020-10-12,Senate,5,"Second reading"
1380254,2020-10-12,Senate,6,"Third reading Passed"
1380255,2020-10-12,Senate,1,Introduction
1380255,2020-10-12,Senate,2,"Adopted (voice vote)"
1380256,2020-10-12,Senate,1,Introduction
1380256,2020-10-12,Senate,2,"Referred to Rules and Administration"
1380257,2020-10-12,Senate,1,"Introduction and first reading"
1380257,2020-10-12,Senate,2,"Referred to Rules and Administration"
1380258,2020-10-12,Senate,1,"Introduction and first reading"
1380258,2020-10-12,Senate,2,"Referred to Rules and Administration"
1380258,2020-10-12,Senate,3,"Authors added Hayden; Marty"
1380259,2020-10-12,Senate,1,"Introduction and first reading"
1380259,2020-10-12,Senate,2,"Referred to Rules and Administration"
1380259,2020-10-15,Senate,3,"Authors added Cwodzinski; Torres Ray; Champion; Wiger"
1380260,2020-10-12,House,1,"Resolution introduced"
1380260,2020-10-12,House,2,"Resolution referred to Rules and Legislative Administration"
1380262,2020-10-12,Senate,1,"Introduction and first reading"
1380262,2020-10-12,Senate,2,"Referred to Rules and Administration"
1380263,2020-10-12,Senate,1,"Introduction and first reading"
1380263,2020-10-12,Senate,2,"Referred to Rules and Administration"
1380264,2020-10-12,Senate,1,"Introduction and first reading"
1380264,2020-10-12,Senate,2,"Referred to Rules and Administration"
1380265,2020-10-12,Senate,1,"Introduction and first reading"
1380265,2020-10-12,Senate,2,"Referred to Rules and Administration"
1380266,2020-10-12,Senate,1,"Introduction and first reading"
1380266,2020-10-12,Senate,2,"Laid on table"
1380267,2020-10-12,Senate,1,Introduction
1380267,2020-10-12,Senate,2,"Referred to Rules and Administration"
1380268,2020-10-12,Senate,1,"Introduction and first reading"
1380268,2020-10-12,Senate,2,"Laid on table"
1380268,2020-10-12,Senate,3,"Taken from table"
1380268,2020-10-12,Senate,4,"Urgency declared rules suspended vote: 67-0"
1380268,2020-10-12,Senate,5,"Second reading"
1380268,2020-10-12,Senate,6,"Third reading Passed"
1380268,2020-10-12,House,7,"Received from Senate"
1380268,2020-10-12,House,8,"Senate file first reading, referred to Ways and Means"
1380268,2020-10-13,House,9,"Committee report, to adopt"
1380268,2020-10-13,House,10,"Second reading"
1380268,2020-10-14,House,11,"House rule 1.21, placed on Calendar for the Day Wednesday, October 14, 2020"
1380269,2020-10-12,Senate,1,"Introduction and first reading"
1380269,2020-10-12,Senate,2,"Referred to Rules and Administration"
1380270,2020-10-12,Senate,1,"Introduction and first reading"
1380270,2020-10-12,Senate,2,"Referred to Rules and Administration"
1380271,2020-10-12,Senate,1,"Introduction and first reading"
1380271,2020-10-12,Senate,2,"Referred to Rules and Administration"
1380272,2020-10-12,Senate,1,"Introduction and first reading"
1380272,2020-10-12,Senate,2,"Referred to Rules and Administration"
1380273,2020-10-12,Senate,1,Introduction
1380273,2020-10-12,Senate,2,Adopted
1380275,2020-10-12,House,1,"Introduction and first reading, referred to Taxes"
1380276,2020-10-12,House,1,"Introduction and first reading, referred to Commerce"
1380277,2020-10-12,House,1,"Introduction and first reading, referred to Long-Term Care Division"
1380278,2020-10-12,House,1,"Introduction and first reading, referred to Education Policy"
1380279,2020-10-12,House,1,"Introduction and first reading, referred to Commerce"
1380280,2020-10-12,House,1,"Introduction and first reading, referred to Labor"
1380281,2020-10-12,House,1,"Introduction and first reading, referred to Public Safety and Criminal Justice Reform Finance and Policy Division"
1380282,2020-10-12,House,1,"Introduction and first reading, referred to Judiciary Finance and Civil Law Division"
1380283,2020-10-12,House,1,"Introduction and first reading, referred to Education Policy"
1380284,2020-10-12,House,1,"Introduction and first reading, referred to Public Safety and Criminal Justice Reform Finance and Policy Division"
1380285,2020-10-12,House,1,"Introduction and first reading, referred to Government Operations"
1380286,2020-10-12,House,1,"Introduction and first reading, referred to Government Operations"
1380287,2020-10-12,House,1,"Introduction and first reading, referred to Health and Human Services Finance Division"
1380288,2020-10-12,House,1,"Introduction and first reading, referred to Ways and Means"
1380288,2020-10-13,House,2,"Committee report, to adopt"
1380288,2020-10-13,House,3,"Second reading"
1380288,2020-10-14,House,4,"House rule 1.21, placed on Calendar for the Day Wednesday, October 14, 2020"
1380289,2020-10-12,House,1,"Introduction and first reading, referred to Health and Human Services Policy"
1380290,2020-10-12,House,1,"Introduction and first reading, referred to Government Operations"
1380291,2020-10-12,House,1,"Introduction and first reading, referred to Government Operations"
1380292,2020-10-12,House,1,"Introduction and first reading, referred to Corrections Division"
1380293,2020-10-12,House,1,"Introduction and first reading, referred to Jobs and Economic Development Finance Division"
1380294,2020-10-12,House,1,"Introduction and first reading, referred to Environment and Natural Resources Finance Division"
1380295,2020-10-12,House,1,"Introduction and first reading, referred to Labor"
1380296,2020-10-12,House,1,"Introduction and first reading, referred to Energy and Climate Finance and Policy Division"
1380298,2020-10-12,House,1,"Introduction and first reading, referred to Government Operations"
1380299,2020-10-12,House,1,"Introduction and first reading, referred to Government Operations"
1380299,2020-10-13,House,2,"Author added Kunesh-Podein"
1380299,2020-10-14,House,3,"Author added Fischer"
1380300,2020-10-12,House,1,"Introduction and first reading, referred to Ways and Means"
1380301,2020-10-12,House,1,"Introduction and first reading, referred to Ways and Means"
1380301,2020-10-13,House,2,"Authors added Huot, Brand"
1380302,2020-10-12,House,1,"Introduction and first reading, referred to Capital Investment Division"
1380303,2020-10-12,House,1,"Introduction and first reading, referred to Education Finance Division"
1380304,2020-10-12,Senate,1,"Introduction and first reading"
1380304,2020-10-12,Senate,2,"Laid on table"
1380305,2020-10-12,House,1,"Introduction and first reading, referred to Ways and Means"
1380305,2020-10-12,House,2,"Motion to recall"
1380305,2020-10-12,House,3,"Motion prevailed"
1380305,2020-10-12,House,4,"Motion to suspend rules"
1380305,2020-10-12,House,5,"Motion prevailed"
1380305,2020-10-12,House,6,"Second reading"
1380305,2020-10-12,House,7,"Third reading"
1380305,2020-10-12,House,8,"Bill was passed"
1380305,2020-10-15,Senate,9,"Received from House"
1380305,2020-10-15,Senate,10,"Introduction and first reading"
1380305,2020-10-15,Senate,11,"Laid on table"
1380305,2020-10-15,Senate,12,"Taken from table"
1380305,2020-10-15,Senate,13,"Urgency declared rules suspended vote: 67-0"
1380305,2020-10-15,Senate,14,"Second reading"
1380305,2020-10-15,Senate,15,"Third reading Passed"
1380305,2020-10-16,,16,"Presented to Governor"
1380305,2020-10-21,,17,"Governor approval "
1380305,2020-10-21,,18,"Secretary of State, Filed "
1380305,2020-10-21,,19,"Governor's action Approval "
1380305,2020-10-21,,20,"Secretary of State Chapter 4 "
1380306,2020-10-12,Senate,1,"Introduction and first reading"
1380306,2020-10-12,Senate,2,"Laid on table"
1380306,2020-10-12,Senate,3,"Taken from table"
1380306,2020-10-12,Senate,4,"Urgency declared rules suspended vote: 67-0"
1380306,2020-10-12,Senate,5,"Second reading"
1380306,2020-10-12,Senate,6,"Third reading Passed"
1380306,2020-10-14,House,7,"Received from Senate"
1380306,2020-10-14,House,8,"Senate file first reading"
1380306,2020-10-14,House,9,"Motion to suspend rules"
1380306,2020-10-14,House,10,"Motion prevailed"
1380306,2020-10-14,House,11,"Second reading"
1380306,2020-10-14,House,12,"Third reading"
1380306,2020-10-14,House,13,"Bill was passed"
1380306,2020-10-15,Senate,14,"Returned from House"
1380306,2020-10-16,,15,"Presented to Governor"
1380306,2020-10-21,,16,"Governor's action Approval "
1380306,2020-10-21,,17,"Secretary of State Chapter 2 "
1380306,2020-10-21,,18,"Governor approval "
1380306,2020-10-21,,19,"Secretary of State, Filed "
1380307,2020-10-12,House,1,"Introduction and first reading, referred to Public Safety and Criminal Justice Reform Finance and Policy Division"
1380308,2020-10-12,House,1,"Introduction and first reading, referred to Ways and Means"
1380308,2020-10-13,House,2,"Authors added Poppe, Hamilton"
1380309,2020-10-12,House,1,"Introduction and first reading, referred to Public Safety and Criminal Justice Reform Finance and Policy Division"
1380310,2020-10-12,House,1,"Introduction and first reading, referred to Education Policy"
1380311,2020-10-12,House,1,"Introduction and first reading, referred to Ways and Means"
1380311,2020-10-13,House,2,"Committee report, to adopt"
1380311,2020-10-13,House,3,"Second reading"
1380311,2020-10-13,House,4,"Author added Lee"
1380311,2020-10-14,House,5,"House rule 1.21, placed on Calendar for the Day Wednesday, October 14, 2020"
1380311,2020-10-14,House,6,Amended
1380311,2020-10-14,House,7,"Point of order raised, ruled well taken"
1380311,2020-10-14,House,8,"Point of order raised, ruled well taken"
1380311,2020-10-14,House,9,"Third reading as amended"
1380311,2020-10-14,House,10,"Bill was passed as amended"
1380311,2020-10-14,House,11,"Authors added Dehn and Bernardy"
1380311,2020-10-15,Senate,12,"Received from House"
1380311,2020-10-15,Senate,13,"Introduction and first reading"
1380311,2020-10-15,Senate,14,"Laid on table"
1380311,2020-10-15,Senate,15,"Taken from table"
1380311,2020-10-15,Senate,16,"Urgency declared rules suspended vote: 61-6"
1380311,2020-10-15,Senate,17,"Second reading"
1380311,2020-10-15,Senate,18,"Third reading Passed"
1380311,2020-10-16,,19,"Presented to Governor"
1380311,2020-10-21,,20,"Governor approval "
1380311,2020-10-21,,21,"Secretary of State, Filed "
1380311,2020-10-21,,22,"Governor's action Approval "
1380311,2020-10-21,,23,"Secretary of State Chapter 3 "
1380312,2020-10-12,House,1,"Introduction and first reading, referred to Education Policy"
1380312,2020-10-13,House,2,"Author added Erickson"
1380313,2020-10-12,House,1,"Introduction and first reading, referred to Ways and Means"
1380314,2020-10-12,House,1,"Introduction and first reading, referred to Health and Human Services Policy"
1380315,2020-10-12,House,1,"Introduction and first reading, referred to Environment and Natural Resources Policy"
1380316,2020-10-12,House,1,"Introduction and first reading, referred to Education Policy"
1380317,2020-10-12,House,1,"Introduction and first reading, referred to Government Operations"
1380318,2020-10-12,House,1,"Introduction and first reading, referred to Jobs and Economic Development Finance Division"
1380319,2020-10-12,House,1,"Introduction and first reading, referred to Public Safety and Criminal Justice Reform Finance and Policy Division"
1380332,2020-10-13,House,1,"Introduction and first reading, referred to Public Safety and Criminal Justice Reform Finance and Policy Division"
1380335,2020-10-13,House,1,"Introduction and first reading, referred to Commerce"
1380338,2020-10-13,House,1,"Introduction and first reading, referred to Taxes"
1380428,2020-10-14,House,1,"Resolution introduced, referred to Rules and Legislative Administration"
1380452,2020-10-15,Senate,1,"Introduction and first reading"
1380452,2020-10-15,Senate,2,"Referred to Rules and Administration"
1380453,2020-10-15,Senate,1,"Introduction and first reading"
1380453,2020-10-15,Senate,2,"Referred to Rules and Administration"
1380453,2020-10-15,Senate,3,"Author added Nelson"
1380454,2020-10-15,Senate,1,"Introduction and first reading"
1380454,2020-10-15,Senate,2,"Referred to Rules and Administration"
1380455,2020-10-15,Senate,1,"Introduction and first reading"
1380455,2020-10-15,Senate,2,"Referred to Rules and Administration"
1380457,2020-10-15,Senate,1,"Introduction and first reading"
1380457,2020-10-15,Senate,2,"Referred to Rules and Administration"
1380458,2020-10-15,Senate,1,"Introduction and first reading"
1380458,2020-10-15,Senate,2,"Referred to Rules and Administration"
1380459,2020-10-15,Senate,1,Introduction
1380459,2020-10-15,Senate,2,"Referred to Rules and Administration"
1380460,2020-10-15,Senate,1,"Introduction and first reading"
1380460,2020-10-15,Senate,2,"Referred to Rules and Administration"
1380463,2020-10-15,Senate,1,"Introduction and first reading"
1380463,2020-10-15,Senate,2,"Referred to Rules and Administration"
1380464,2020-10-15,Senate,1,"Introduction and first reading"
1380464,2020-10-15,Senate,2,"Referred to Rules and Administration"
1380465,2020-10-15,Senate,1,"Introduction and first reading"
1380465,2020-10-15,Senate,2,"Referred to Rules and Administration"
1380466,2020-10-15,Senate,1,"Introduction and first reading"
1380466,2020-10-15,Senate,2,"Referred to Rules and Administration"
1380468,2020-10-15,Senate,1,Introduction
1380468,2020-10-15,Senate,2,"Referred to Rules and Administration"
1380469,2020-10-15,Senate,1,"Introduction and first reading"
1380469,2020-10-15,Senate,2,"Referred to Rules and Administration"
1380470,2020-10-15,Senate,1,"Introduction and first reading"
1380470,2020-10-15,Senate,2,"Referred to Rules and Administration"
1380509,2020-10-15,Senate,1,Introduction
1380509,2020-10-15,Senate,2,"Adopted (voice vote)"
