bill_id,roll_call_id,date,chamber,description,yea,nay,nv,absent,total
1380244,980263,2020-10-12,House,"House: MOTIONS AND RESOLUTIONS",64,69,0,0,133
1380247,980265,2020-10-12,Senate,"Senate: Third reading Passed",67,0,0,0,67
1380247,980266,2020-10-12,House,"House: MESSAGES FROM THE SENATE",127,5,0,0,132
1380247,980267,2020-10-12,House,"House: MESSAGES FROM THE SENATE",131,1,0,0,132
1380252,980493,2020-10-12,Senate,"Senate: Adopted",65,0,0,0,65
1380254,980269,2020-10-12,Senate,"Senate: Third reading Passed",63,4,0,0,67
1380268,980271,2020-10-12,Senate,"Senate: Third reading Passed",67,0,0,0,67
1380273,980494,2020-10-12,Senate,"Senate: Adopted",36,31,0,0,67
1380305,980276,2020-10-12,House,"House: MOTIONS AND RESOLUTIONS",132,1,0,0,133
1380305,980277,2020-10-12,House,"House: MOTIONS AND RESOLUTIONS",133,1,0,0,134
1380305,980453,2020-10-15,Senate,"Senate: Third reading Passed",67,0,0,0,67
1380306,980275,2020-10-12,Senate,"Senate: Third reading Passed",67,0,0,0,67
1380306,980431,2020-10-14,House,"House: MESSAGES FROM THE SENATE",119,14,0,0,133
1380306,980432,2020-10-14,House,"House: MESSAGES FROM THE SENATE",132,0,0,0,132
1380311,980443,2020-10-14,House,"House: 77 - Amendment, as amended - Nays",56,77,0,0,133
1380311,980444,2020-10-14,House,"House: CALENDAR FOR THE DAY",70,62,0,0,132
1380311,980445,2020-10-14,House,"House: Nash - Amendment - A23",59,73,0,0,132
1380311,980446,2020-10-14,House,"House: Nash - Amendment - A34",58,75,0,0,133
1380311,980447,2020-10-14,House,"House: Vogel - Amendment - A16",59,75,0,0,134
1380311,980448,2020-10-14,House,"House: CALENDAR FOR THE DAY",70,63,0,0,133
1380311,980449,2020-10-14,House,"House: Lucero - Amendment - A46",60,73,0,0,133
1380311,980450,2020-10-14,House,"House: CALENDAR FOR THE DAY",100,34,0,0,134
1380311,980462,2020-10-15,Senate,"Senate: Third reading Passed",61,6,0,0,67
