people_id,name,first_name,middle_name,last_name,suffix,nickname,party_id,party,role_id,role,district,followthemoney_eid,votesmart_id,opensecrets_id,ballotpedia,knowwho_pid,committee_id
4495,"Joan Conway",Joan,Carter,Conway,,,1,D,2,Sen,SD-043,4833874,15199,,Joan_Carter_Conway,195240,0
4497,"Norman Conway",Norman,H.,Conway,,,1,D,1,Rep,HD-038B,4631079,6122,,Norman_Conway,0,0
4498,"Jim Mathias",Jim,,Mathias,,,1,D,2,Sen,SD-038,6482368,65270,,James_Mathias_Jr.,247091,0
4499,"David Rudolph",David,D,Rudolph,,,1,D,1,Rep,HD-034B,6375152,6221,,David_Rudolph_(Maryland),195349,0
4522,"Mary Love",Mary,Ann,Love,,,1,D,1,Rep,HD-032,5358832,6182,,Mary_Ann_Love,195338,0
4524,"Susan Aumann",Susan,L.M.,Aumann,,,2,R,1,Rep,HD-042B,4791450,36355,,Susan_Aumann,213261,0
4525,"Charles Barkley",Charles,E,Barkley,,,1,D,1,Rep,HD-039,5345882,19121,,Charles_Barkley,195359,0
4526,"Gail Bates",Gail,H,Bates,,,2,R,1,Rep,SD-009,13001576,36322,,Gail_Bates,210027,0
4527,"Pamela Beidle",Pamela,G,Beidle,,,1,D,1,Rep,SD-032,4885979,65432,,Pamela_Beidle,248793,0
4528,"Wendell Beitzel",Wendell,R,Beitzel,,,2,R,1,Rep,HD-001A,4714065,66729,,Wendell_Beitzel,248759,0
4529,"John Bohanan",John,L,Bohanan,Jr.,,1,D,1,Rep,HD-029B,5130893,2022,,"John_Bohanan,_Jr.",195329,0
4530,"Karen Montgomery",Karen,S.,Montgomery,,,1,D,2,Sen,SD-014,13001609,36366,,Karen_Montgomery,213266,0
4531,"Frank Conaway",Frank,M,Conaway,Jr.,,1,D,1,Rep,HD-040,6482180,68583,,Frank_Conaway_Jr.,248803,0
4532,"Aisha Braveboy",Aisha,N,Braveboy,,,1,D,1,Rep,HD-025,13001675,67679,,Aisha_Braveboy,248783,0
4533,"Frank Turner",Frank,S.,Turner,,,1,D,1,Rep,HD-013,4740250,6233,,Frank_Turner,195283,0
4534,"Kriselda Valderrama",Kriselda,,Valderrama,,Kris,1,D,1,Rep,HD-026,6482576,67683,,Kris_Valderrama,248787,0
4535,"Tony McConkey",Tony,,McConkey,,,2,R,1,Rep,HD-033,4911752,19368,,Tony_McConkey,213264,0
4536,"Kumar Barve",Kumar,P,Barve,,,1,D,1,Rep,HD-017,6370738,6104,,Kumar_Barve,195293,0
4537,"Leroy Myers",Leroy,Ellsworth,Myers,Jr.,,2,R,1,Rep,HD-001C,4601052,159575,,LeRoy_Myers,213262,0
4538,"Roger Manno",Roger,P.,Manno,,,1,D,2,Sen,SD-019,4899375,68570,,Roger_Manno,248771,0
4539,"Theodore Sophocleus",Theodore,J,Sophocleus,,,1,D,1,Rep,HD-032,4771771,19136,,Theodore_Sophocleus,672261,0
4541,"Rudolph Cane",Rudolph,C,Cane,,,1,D,1,Rep,HD-037A,13001750,26595,,Rudolph_Cane,195353,0
4542,"Steven DeBoy",Steven,J,DeBoy,Sr.,,1,D,1,Rep,HD-012A,13001601,19269,,"Steven_DeBoy,_Sr.",0,0
4544,"Cheryl Glenn",Cheryl,D,Glenn,,,1,D,1,Rep,HD-045,5369707,66525,,Cheryl_Glenn,248812,0
4546,"John Wood",John,F,Wood,Jr.,,1,D,1,Rep,HD-029A,4763732,6238,,"John_Wood,_Jr.",195331,0
4547,"Alfred Carr",Alfred,C,Carr,Jr.,,1,D,1,Rep,HD-018,6482169,66414,,Alfred_Carr,261785,0
4549,"Adelaide Eckardt",Adelaide,C,Eckardt,,,2,R,1,Rep,SD-037,4601003,6136,,Adelaide_Eckardt,195354,0
4550,"Ronald George",Ronald,,George,,Ron,2,R,1,Rep,HD-030,4599633,58820,,Ron_George,0,0
4551,"Michael Smigiel",Michael,D,Smigiel,Sr.,,2,R,1,Rep,HD-036,13001743,36325,,"Michael_Smigiel,_Sr.",213263,0
4552,"James Hubbard",James,W,Hubbard,,,1,D,1,Rep,HD-023A,6373073,6164,,James_Hubbard,0,0
4553,"Jeff Waldstreicher",Jeff,D.,Waldstreicher,,,1,D,1,Rep,SD-018,7842604,68561,,Jeff_Waldstreicher,248767,0
4554,"Veronica Turner",Veronica,,Turner,,,1,D,1,Rep,HD-026,13001678,36495,,Veronica_Turner,213277,0
4555,"Galen Clagett",Galen,Ronald,Clagett,,,1,D,1,Rep,HD-003A,13001536,36224,,Galen_Clagett,213960,0
4556,"Carolyn Howard",Carolyn,"J B",Howard,,,1,D,1,Rep,HD-024,5304973,6163,,Carolyn_Howard,195315,0
4557,"Wade Kach",Wade,,Kach,,,2,R,1,Rep,HD-005B,4598730,6170,,A._Wade_Kach,0,0
4558,"Wayne Norman",Wayne,,Norman,Jr.,,2,R,1,Rep,SD-035,6680167,101958,,H._Wayne_Norman_Jr.,658786,0
4559,"Barbara Frush",Barbara,Ann,Frush,,,1,D,1,Rep,HD-021,4938354,6145,,Barbara_Frush,195305,0
4560,"Jolene Ivey",Jolene,,Ivey,,,1,D,1,Rep,HD-047,6482296,68596,,Jolene_Ivey,0,0
4561,"Joseline Pena-Melnyk",Joseline,A,Pena-Melnyk,,,1,D,1,Rep,HD-021,4940313,68578,,Joseline_Pena-Melnyk,248779,0
4562,"Joanne Benson",Joanne,C.,Benson,,,1,D,2,Sen,SD-024,13001668,6106,,Joanne_Benson,195314,0
4565,Health,,,Health,,,0,,1,Rep,,0,0,,,0,1925
4566,Ways,,,Ways,,,0,,1,Rep,,0,0,,,0,1928
4567,"Anthony O'Donnell",Anthony,J.,O'Donnell,,,2,R,1,Rep,HD-029C,4990733,6204,,Anthony_O%27Donnell,195330,0
4568,"Emmett Burns",Emmett,C.,Burns,III,,1,D,1,Rep,HD-010,4821465,6114,,"Emmett_Burns,_Jr.",195272,0
4569,"Michael Busch",Michael,E,Busch,,,1,D,1,Rep,HD-030A,4822536,6116,,Michael_Busch,195332,0
4570,"Sheila Hixson",Sheila,Ellis,Hixson,,,1,D,1,Rep,HD-020,6372994,6161,,Sheila_Hixson,195304,0
4572,"Robert Costa",Robert,A.,Costa,,Bob,2,R,1,Rep,HD-033B,5058238,36468,,Robert_Costa,0,0
4575,"Brian Feldman",Brian,J.,Feldman,,,1,D,2,Sen,SD-015,4909168,36097,,Brian_Feldman,213296,0
4577,"Stephen Lafferty",Stephen,W,Lafferty,,,1,D,1,Rep,HD-042A,4740836,36166,,Stephen_Lafferty,251770,0
4578,"James Malone",James,E,Malone,Jr.,,1,D,1,Rep,HD-012A,6373738,6183,,"James_Malone,_Jr.",0,0
4579,"Nathaniel Oaks",Nathaniel,T,Oaks,,,1,D,1,Rep,SD-041,6374440,6205,,Nathaniel_Oaks,195366,0
4580,"Kathleen Dumais",Kathleen,M,Dumais,,,1,D,1,Rep,HD-015,13001616,36454,,Kathleen_Dumais,213282,0
4581,"Samuel Rosenberg",Samuel,I,Rosenberg,,Sandy,1,D,1,Rep,HD-041,6375117,6222,,Samuel_Rosenberg,195370,0
4582,"Curtis Anderson",Curtis,S.,Anderson,,Curt,1,D,1,Rep,HD-043,13001793,36285,,Curt_Anderson_(Maryland),213270,0
4583,"Ben Barnes",Ben,,Barnes,,,1,D,1,Rep,HD-021,4899693,65935,,Ben_Barnes,248777,0
4584,"Jill Carter",Jill,P,Carter,,,1,D,1,Rep,SD-041,13001781,36107,,Jill_Carter,213274,0
4585,"Elizabeth Bobo",Elizabeth,,Bobo,,,1,D,1,Rep,HD-012B,4646637,6108,,Elizabeth_Bobo,0,0
4586,"Ana Gutierrez",Ana,Sol,Gutierrez,,,1,D,1,Rep,HD-018,5111839,19375,,Ana_Sol_Gutierrez,213265,0
4587,"Tom Hucker",Tom,,Hucker,,,1,D,1,Rep,HD-020,13001652,68572,,Tom_Hucker,248773,0
4588,"Anne Kaiser",Anne,R,Kaiser,,,1,D,1,Rep,HD-014,1095318,36115,,Anne_Kaiser,213295,0
4589,"Kevin Kelly",Kevin,,Kelly,,,1,D,1,Rep,HD-001B,5783493,19382,,Kevin_Kelly_(Maryland),195246,0
4590,"Shirley Nathan-Pulliam",Shirley,,Nathan-Pulliam,,,1,D,1,Rep,SD-044,6374332,6203,,Shirley_Nathan-Pulliam,195274,0
4591,"Shawn Tarrant",Shawn,Z,Tarrant,,,1,D,1,Rep,HD-040,4883642,66510,,Shawn_Tarrant,248807,0
4593,"Michael Vaughn",Michael,L,Vaughn,,,1,D,1,Rep,HD-024,13001669,36240,,Michael_Vaughn,213299,0
4594,"Joseph Vallario",Joseph,F,Vallario,Jr.,,1,D,1,Rep,HD-023B,13001683,6235,,Joseph_Vallario_Jr.,195325,0
4595,"William Frank",William,J,Frank,,,2,R,1,Rep,HD-042,13001783,36145,,"William_Frank,_Maryland_Representative",0,0
4596,"J.B. Jennings",J.B.,,Jennings,,,2,R,2,Sen,SD-007,13001565,36305,,J.B._Jennings,213293,0
4597,"Benjamin Kramer",Benjamin,Fred,Kramer,,Ben,1,D,1,Rep,SD-019,4744246,68569,,Benjamin_Kramer,248769,0
4598,"Jon Cardin",Jon,S,Cardin,,,1,D,1,Rep,HD-011,13001592,36439,,Jon_Cardin,213298,0
4599,"John Olszewski",John,A,Olszewski,Jr.,,1,D,1,Rep,HD-006,6482415,67095,,"John_Olszewski,_Jr.",247090,0
4600,"Victor Ramirez",Victor,R.,Ramirez,,,1,D,2,Sen,SD-047,13001803,36287,,Victor_Ramirez,213302,0
4601,"Justin Ross",Justin,David,Ross,,,1,D,1,Rep,HD-022,6406856,36346,,Justin_Ross,213272,0
4602,"Talmadge Branch",Talmadge,,Branch,,,1,D,1,Rep,HD-045,6371137,6112,,Talmadge_Branch,195377,0
4603,"Peter Hammen",Peter,A,Hammen,,,1,D,1,Rep,HD-046,5222581,6155,,Peter_Hammen,195381,0
4605,"Luiz Simmons",Luiz,R.S.,Simmons,,,1,D,1,Rep,HD-017,4781915,36369,,Luiz_Simmons,213279,0
4606,"Nicholaus Kipke",Nicholaus,R,Kipke,,,2,R,1,Rep,HD-031B,13001717,67311,,Nicholaus_Kipke,251048,0
4607,"Adrienne Jones",Adrienne,A.,Jones,,,1,D,1,Rep,HD-010,3774918,2029,,Adrienne_Jones,195273,0
4608,"Donald Elliott",Donald,B,Elliott,,,2,R,1,Rep,HD-004B,13001547,6138,,Donald_Elliott,0,0
4609,"Kirill Reznik",Kirill,,Reznik,,,1,D,1,Rep,HD-039,13001768,101241,,Kirill_Reznik,259346,0
4611,"Dan Morhaim",Dan,K,Morhaim,,,1,D,1,Rep,HD-011,5838885,6197,,Dan_Morhaim,195276,0
4614,"Joseph Boteler",Joseph,C,Boteler,III,,2,R,1,Rep,HD-008,6568348,19077,,Joseph_Boteler_III,213280,0
4615,"Donald Dwyer",Donald,H.,Dwyer,Jr.,,2,R,1,Rep,HD-031,4846171,36403,,"Don_Dwyer,_Jr.",0,0
4616,"Joseph Minnick",Joseph,J,Minnick,,,1,D,1,Rep,HD-006,5278070,6191,,Joseph_Minnick,195264,0
4617,"Eric Bromwell",Eric,M,Bromwell,,,1,D,1,Rep,HD-008,6406442,36188,,Eric_Bromwell,213291,0
4618,"John Donoghue",John,P,Donoghue,,,1,D,1,Rep,HD-002C,4623118,6133,,John_Donoghue,0,0
4619,"James Proctor",James,E,Proctor,Jr.,,1,D,1,Rep,HD-027A,4834921,6217,,"James_Proctor,_Jr.",0,0
4620,"Heather Mizeur",Heather,R,Mizeur,,,1,D,1,Rep,HD-020,13001651,68575,,Heather_Mizeur,248775,0
4623,"Marvin Holmes",Marvin,E,Holmes,Jr.,,1,D,1,Rep,HD-023B,5299572,19380,,Marvin_Holmes_Jr.,213290,0
4624,"Anne Healey",Anne,,Healey,,,1,D,1,Rep,HD-022,6372916,6158,,Anne_Healey,195309,0
4626,"Susan Lee",Susan,C,Lee,,,1,D,1,Rep,SD-016,4909165,36484,,Susan_Lee,210052,0
4627,"Dana Stein",Dana,M,Stein,,,1,D,1,Rep,HD-011,5002539,36190,,Dana_Stein,210429,0
4629,"Susan Krebs",Susan,W,Krebs,,,2,R,1,Rep,HD-005,5001168,36302,,Susan_Krebs,213289,0
4630,"Donna Stifler",Donna,,Stifler,,,2,R,1,Rep,HD-035A,13001737,66502,,Donna_Stifler,0,0
4634,"William Frick","C. William",,Frick,,Bill,1,D,1,Rep,HD-016,2669074,101240,,Bill_Frick,259344,0
4635,"Shane Pendergrass",Shane,E,Pendergrass,,,1,D,1,Rep,HD-013,5611769,6210,,Shane_Pendergrass,195282,0
4636,"Guy Guzzone",Guy,J,Guzzone,,,1,D,1,Rep,SD-013,4973689,66528,,Guy_Guzzone,248763,0
4637,"Patrick McDonough",Patrick,L.,McDonough,,Pat,2,R,1,Rep,HD-007,5154303,342,,Pat_McDonough,213285,0
4638,"Richard Impallaria",Richard,K,Impallaria,,,2,R,1,Rep,HD-007,13001564,36332,,Rick_Impallaria,213300,0
4639,"Mary James",Mary,Dulany,James,,,1,D,1,Rep,HD-034A,5179804,19227,,Mary_James,195345,0
4641,"Susan McComas",Susan,K,McComas,,,2,R,1,Rep,HD-034B,13001739,36351,,Susan_McComas,213286,0
4643,"Keith Haynes",Keith,E,Haynes,,,1,D,1,Rep,HD-044A,13001797,36137,,Keith_Haynes,213278,0
4644,"Doyle Niemann",Doyle,L,Niemann,,,1,D,1,Rep,HD-047,6406778,36278,,Doyle_Niemann,0,0
4646,"Jay Walker",Jay,,Walker,,,1,D,1,Rep,HD-026,4988529,68581,,Jay_Walker_(Maryland),248785,0
4649,"Maggie McIntosh",Maggie,L.,McIntosh,,,1,D,1,Rep,HD-043,4822313,6188,,Maggie_McIntosh,195369,0
4650,"Andrew Serafini",Andrew,A,Serafini,,,2,R,1,Rep,HD-002A,6680163,103971,,Andrew_Serafini,263078,0
4651,"Steven Schuh",Steven,Robert,Schuh,,,2,R,1,Rep,HD-031,4933830,66920,,Steve_Schuh,0,0
4654,"James Gilchrist",James,W,Gilchrist,,,1,D,1,Rep,HD-017,13001631,36271,,James_Gilchrist,248765,0
4655,"Peter Murphy",Peter,F,Murphy,,,1,D,1,Rep,HD-028,4763510,65468,,Peter_Murphy_(Maryland),220158,0
4656,"Melvin Stukes",Melvin,L,Stukes,,,1,D,1,Rep,HD-044,13001799,68592,,Melvin_Stukes,0,0
4658,"Sally Jameson",Sally,Y,Jameson,,,1,D,1,Rep,HD-028,4886747,36479,,Sally_Jameson,213283,0
4659,"Dereck Davis",Dereck,Eugene,Davis,,,1,D,1,Rep,HD-025,6371893,6128,,Dereck_Davis,195318,0
4660,"Tawanna Gaines",Tawanna,P,Gaines,,,1,D,1,Rep,HD-022,4968072,36524,,Tawanna_Gaines,195310,0
4661,"Christopher Shank",Christopher,B.,Shank,,,2,R,2,Sen,SD-002,4724967,19130,,Christopher_Shank_(Maryland),195250,0
4662,"Nancy Stocksdale",Nancy,R,Stocksdale,,,2,R,1,Rep,HD-005A,4655499,6229,,Nancy_Stocksdale,0,0
4664,"Melony Griffith",Melony,G,Griffith,,,1,D,1,Rep,SD-025,4979069,19180,,Melony_Griffith,195319,0
4665,"Hattie Harrison",Hattie,N,Harrison,,,1,D,1,Rep,HD-024,6372871,6157,,Hattie_Harrison,195379,0
4666,"Michael Weir",Michael,H.,Weir,Jr.,Mike,1,D,1,Rep,HD-006,4894233,6237,,"Michael_Weir,_Jr.",195262,0
4670,"Brian McHale",Brian,K,McHale,,,1,D,1,Rep,HD-046,6373990,6187,,Brian_McHale,195385,0
4676,"The Leader",The,Minority,Leader,,,0,,1,Rep,HD-000,0,0,,,0,0
4679,"Douglas Peters",Douglas,J.J.,Peters,,,1,D,2,Sen,SD-023,5434772,66382,,Douglas_Peters,248827,0
4680,"Robert Garagiola",Robert,,Garagiola,,Rob,1,D,2,Sen,SD-015,13012207,36384,,Robert_Garagiola,213304,0
4681,"James DeGrange",James,E,DeGrange,Sr.,,1,D,2,Sen,SD-032,5716484,19074,,"James_DeGrange,_Sr.",195229,0
4682,"Bryan Simonaire",Bryan,Warner,Simonaire,,,2,R,2,Sen,SD-031,4955803,67628,,Bryan_Simonaire,251049,0
4684,"John Astle",John,C,Astle,,,1,D,2,Sen,SD-030,6370637,6056,,John_Astle,195227,0
4685,"James Robey",James,N,Robey,,,1,D,2,Sen,SD-013,6482482,68494,,James_Robey,248818,0
4686,"Katherine Klausmeier",Katherine,Ann,Klausmeier,,,1,D,2,Sen,SD-008,5467115,6175,,Katherine_Klausmeier,195266,0
4687,"Thomas Middleton",Thomas,McClain,Middleton,,,1,D,2,Sen,SD-028,6374107,6086,,Thomas_Middleton,195225,0
4688,"Barry Glassman",Barry,,Glassman,,,2,R,2,Sen,SD-035,4774486,19271,,Barry_Glassman,195347,0
4689,"Charles Muse",Charles,Anthony,Muse,,,1,D,2,Sen,SD-026,6374300,6202,,C._Anthony_Muse,248829,0
4690,"Richard Colburn",Richard,F,Colburn,,,2,R,2,Sen,SD-037,6568716,6062,,Richard_Colburn,195234,0
4691,"Jamin Raskin",Jamin,B,Raskin,,Jaime,1,D,2,Sen,SD-020,1066956,65904,,Jamie_Raskin,248823,0
4692,"Norman Stone",Norman,R,Stone,Jr.,,1,D,2,Sen,SD-006,6375641,6095,,Norman_Stone,195204,0
4694,"George Edwards",George,C,Edwards,,,2,R,2,Sen,SD-001,5273749,6137,,George_Edwards_(Maryland),195245,0
4697,"Edward Kasemeyer",Edward,J,Kasemeyer,,,1,D,2,Sen,SD-012,5127245,6080,,Edward_Kasemeyer,195209,0
4698,"Jennie Forehand",Jennie,M,Forehand,,,1,D,2,Sen,SD-017,6372356,6071,,Jennie_Forehand,195214,0
4699,"Brian Frosh",Brian,E,Frosh,,,1,D,2,Sen,SD-016,989631,6072,,Brian_Frosh,195213,0
4700,"Thomas Miller",Thomas,V.,Miller,Jr.,Mike,1,D,2,Sen,SD-027,4767328,6087,,Thomas_Miller_Jr._(Maryland),195224,0
4701,"Allan Kittleman",Allan,H,Kittleman,,,2,R,2,Sen,SD-009,4909721,36511,,Allan_Kittleman,229730,0
4703,"E.J. Pipkin","E. J.",,Pipkin,,,2,R,2,Sen,SD-036,6610594,36474,,E._J._Pipkin,213912,0
4707,Education,,,Education,,,0,,2,Sen,,0,0,,,0,0
4708,Health,,,Health,,,0,,2,Sen,,0,0,,,0,0
4709,"Ulysses Currie",Ulysses,,Currie,,,1,D,2,Sen,SD-025,5687021,6065,,Ulysses_Currie,195222,0
4710,"Catherine Pugh",Catherine,E,Pugh,,,1,D,2,Sen,SD-040,4206006,2031,,Catherine_Pugh,240029,0
4711,"Delores Kelley",Delores,G,Kelley,,,1,D,2,Sen,SD-010,5089602,6081,,Delores_Kelley,195207,0
4712,"Lisa Gladden",Lisa,A,Gladden,,,1,D,2,Sen,SD-041,4771784,19082,,Lisa_Gladden,195365,0
4713,"Robert Zirkin",Robert,A,Zirkin,,Bobby,1,D,2,Sen,SD-011,5671133,19395,,Robert_Zirkin,195277,0
4714,"James Brochin",James,,Brochin,,Jim,1,D,2,Sen,SD-042,4992101,36254,,James_Brochin,213307,0
4715,"Verna Jones-Rodwell",Verna,,Jones-Rodwell,,,1,D,2,Sen,SD-044,6373264,19142,,Verna_Jones-Rodwell,195374,0
4716,"Richard Madaleno",Richard,S,Madaleno,Jr.,,1,D,2,Sen,SD-018,4755529,36449,,Richard_Madaleno,213275,0
4717,"Nancy Jacobs",Nancy,,Jacobs,,,2,R,2,Sen,SD-034,5654159,6169,,Nancy_Jacobs_(Maryland),195231,0
4718,"Nancy King",Nancy,,King,,,1,D,2,Sen,SD-039,5304165,36382,,Nancy_King,213267,0
4722,"David Brinkley",David,Ross,Brinkley,,,2,R,2,Sen,SD-004,4601067,6113,,David_Brinkley_(Maryland),195254,0
4723,"Roy Dyson",Roy,P,Dyson,,,1,D,2,Sen,SD-029,6372145,6069,,Roy_Dyson,195226,0
4725,"Paul Pinsky",Paul,G,Pinsky,,,1,D,2,Sen,SD-022,4817929,6090,,Paul_Pinsky,195219,0
4728,"Edward Reilly",Edward,R.,Reilly,,,2,R,2,Sen,SD-033,4595660,87327,,Edward_Reilly,279217,0
4730,"Nathaniel McFadden",Nathaniel,J,McFadden,,,1,D,2,Sen,SD-045,13012240,6084,,Nathaniel_McFadden,195242,0
4731,"James Rosapepe",James,C,Rosapepe,,,1,D,2,Sen,SD-021,377045,6219,,Jim_Rosapepe,248825,0
10978,"Jeannie Haddaway-Riccio",Jeannie,,Haddaway-Riccio,,,0,,1,Rep,HD-037B,6666870,36359,,Jeannie_Haddaway-Riccio,219648,0
11273,"Cathleen Vitale",Cathleen,A.,Vitale,,Cathy,2,R,1,Rep,HD-033,6693972,87316,,Cathleen_M._Vitale,311803,0
11274,"Michael McDermott",Michael,A.,McDermott,,Mike,2,R,1,Rep,HD-038B,6694056,125991,,Michael_McDermott_(Florida),0,0
11447,"Luke Clippinger",Luke,,Clippinger,,,1,D,1,Rep,HD-046,6510240,126006,,Luke_Clippinger,160610,0
11448,"Stephen Hershey",Stephen,S,Hershey,Jr.,,2,R,2,Sen,SD-036,4968365,127520,,Stephen_Hershey_Jr.,311804,0
11449,"Jay Jacobs",Jay,A.,Jacobs,,,2,R,1,Rep,HD-036,4595740,66537,,Jay_Jacobs,295593,0
11450,"Tiffany Alston",Tiffany,T.,Alston,,,1,D,1,Rep,HD-024,13001671,125780,,Tiffany_Alston,311797,0
11451,"Sam Arora",Sam,,Arora,,,1,D,1,Rep,HD-019,6509994,117426,,Sam_Arora,295562,0
11453,"William Ferguson",William,C.,Ferguson,IV,Bill,1,D,2,Sen,SD-046,6510362,127356,,William_Ferguson_IV,311839,0
11554,"Mark Fisher",Mark,N,Fisher,,,2,R,1,Rep,HD-027C,13001690,125911,,Mark_Fisher_(Maryland),295573,0
11555,"Keiffer Mitchell",Keiffer,J,Mitchell,Jr.,,1,D,1,Rep,HD-044,6510231,126000,,"Keiffer_Mitchell,_Jr.",0,0
11559,"Joseph Getty",Joseph,M,Getty,,,2,R,2,Sen,SD-005,4836338,6149,,Joseph_Getty,195258,0
11632,"Michael Summers",Michael,G,Summers,,,1,D,1,Rep,HD-047,6510261,126011,,Michael_Summers,0,0
11633,"Barbara Robinson",Barbara,A.,Robinson,,,1,D,1,Rep,SD-040,4925591,66507,,Barbara_Robinson,248805,0
11634,"Ariana Kelly",Ariana,M.,Kelly,,,1,D,1,Rep,HD-016,13001626,127434,,Ariana_Kelly,311793,0
11711,"Ronald Young",Ronald,N,Young,,,1,D,2,Sen,SD-003,6510273,126013,,Ronald_Young,295520,0
11766,"Kathy Szeliga",Kathy,J,Szeliga,,,2,R,1,Rep,HD-007,4599660,127407,,Kathy_Szeliga,237104,0
11767,"Aruna Miller",Aruna,K.,Miller,,,1,D,1,Rep,HD-015,13001619,127424,,Aruna_Miller,311792,0
11768,"Bonnie Cullison",Bonnie,L,Cullison,,,1,D,1,Rep,HD-019,4755003,125776,,Bonnie_Cullison,311795,0
11769,"Michael Hough",Michael,J,Hough,,,2,R,1,Rep,SD-004,6693720,117416,,Michael_Hough,236552,0
11770,"John Cluster",John,M.,Cluster,Jr.,,2,R,1,Rep,HD-008,4736751,36182,,John_Cluster,595909,0
11771,"Warren Miller",Warren,E.,Miller,,,2,R,1,Rep,HD-009A,4741612,36261,,Warren_Miller,214518,0
11872,"Shane Robinson",Shane,,Robinson,,,1,D,1,Rep,HD-039,6510191,125994,,Shane_Robinson_(Maryland),295597,0
11916,"Kathy Afzali",Kathy,L.,Afzali,,,2,R,1,Rep,HD-004,13001544,117417,,Kathy_Afzali,295480,0
11917,"Mary Washington",Mary,,Washington,,,1,D,1,Rep,SD-043,5144322,68588,,Mary_Washington_(Maryland_State_Senate),295648,0
11968,"Herbert McMillan",Herbert,H.,McMillan,,Herb,2,R,1,Rep,HD-030A,13001705,36103,,Herb_McMillan,145489,0
11972,"Justin Ready",Justin,D,Ready,,,2,R,1,Rep,HD-005,4937043,125717,,Justin_Ready,236907,0
11974,"Eric Luedtke",Eric,G,Luedtke,,,1,D,1,Rep,HD-014,13001613,125762,,Eric_Luedtke,295492,0
11975,"Craig Zucker",Craig,,Zucker,,,1,D,1,Rep,HD-014,13001611,36311,,Craig_Zucker,215610,0
12012,"Glen Glass",Glen,,Glass,,,2,R,1,Rep,HD-034A,6672212,36503,,Glen_Glass,295584,0
12019,"Patrick Hogan",Patrick,J.,Hogan,,,2,R,1,Rep,HD-003A,4806765,8321,,Patrick_Hogan,213297,0
12059,"Kelly Schulz",Kelly,M,Schulz,,,2,R,1,Rep,HD-004,6693733,127393,,Kelly_Schulz,311789,0
12078,"Charles Otto",Charles,James,Otto,,,2,R,1,Rep,HD-038A,5404644,127524,,Charles_Otto,311805,0
12105,"Geraldine Valentino-Smith",Geraldine,,Valentino-Smith,,,1,D,1,Rep,HD-023A,4844802,75691,,Geraldine_Valentino-Smith,295499,0
12163,"C.T. Wilson",C.T.,,Wilson,,,1,D,1,Rep,HD-028,13001695,125914,,C.T._Wilson,295577,0
12189,"Neil Parrott",Neil,C,Parrott,,,2,R,1,Rep,HD-002A,933522,125708,,Neil_Parrott,295537,0
15416,"Budget and Taxation",,,,,,0,,2,Sen,,0,0,,,0,1929
15734,"Carroll County Senators",,,,,,0,,2,Sen,,0,0,,,0,2927
15735,"Anne Arundel County Senators",,,,,,0,,2,Sen,,0,0,,,0,2930
15738,"Cecil County Senators",,,,,,0,,2,Sen,,0,0,,,0,2929
15937,"Harford County Delegation",,,,,,0,,1,Rep,,0,0,,,0,2997
16229,"Baltimore County Senators",,,,,,0,,2,Sen,,0,0,,,0,3109
