people_id,name,first_name,middle_name,last_name,suffix,nickname,party_id,party,role_id,role,district,followthemoney_eid,votesmart_id,opensecrets_id,ballotpedia,knowwho_pid,committee_id
6673,Taxation,,,,,,0,,1,Rep,,0,0,,,0,1392
6674,Appropriations,,,,,,0,,1,Rep,,0,0,,,0,1369
6675,Transportation,,,,,,0,,1,Rep,,0,0,,,0,1393
6677,"Local Government",,,,,,0,,1,Rep,,0,0,,,0,1388
6682,"Richard Proehl",Richard,J.,Proehl,,,2,R,1,Rep,HD-007,13000464,59419,,Richard_Proehl,242219,0
6683,"Agriculture and Natural Resources",,,,,,0,,1,Rep,,0,0,,,0,1367
6684,Insurance,,,,,,0,,1,Rep,,0,0,,,0,1384
6686,"Corrections and Juvenile Justice",,,,,,0,,1,Rep,,0,0,,,0,1372
6688,"Federal and State Affairs",,,,,,0,,1,Rep,,0,0,,,0,1378
6689,Elections,,,,,,0,,1,Rep,,0,0,,,0,1376
6694,"Elaine Bowers",Elaine,S.,Bowers,,,2,R,2,Sen,SD-036,13000542,68331,,Elaine_Bowers,249060,0
6697,"Tom Burroughs",Tom,,Burroughs,,,1,D,1,Rep,HD-033,13000487,12598,,Tom_Burroughs,194625,0
6698,"Sydney Carlin",Sydney,,Carlin,,,1,D,1,Rep,HD-066,6408970,18618,,Sydney_Carlin,212289,0
6703,"Stan Frownfelter",Stan,,Frownfelter,,,1,D,1,Rep,HD-037,6464519,34448,,Stan_Frownfelter,248953,0
6711,"Tom Hawk",Tom,,Hawk,,,1,D,2,Sen,SD-022,6409063,34539,,Tom_Hawk_(Kansas),226772,0
6713,"Don Hineman",Don,,Hineman,,,2,R,1,Rep,HD-118,6677560,107336,,Don_Hineman,268180,0
6724,"Cindy Neighbor",Cindy,,Neighbor,,,1,D,1,Rep,HD-018,6474268,34808,,Cindy_Neighbor,212280,0
6732,"Louis Ruiz",Louis,E.,Ruiz,,,1,D,1,Rep,HD-031,6464705,34820,,Louis_Ruiz,226766,0
6733,"Tom Sawyer",Tom,,Sawyer,,,1,D,1,Rep,HD-095,6409235,7023,,Tom_Sawyer_(Kansas),212277,0
6740,"Jene Vickrey",Jene,,Vickrey,,,2,R,1,Rep,HD-006,8827851,7037,,Jene_Vickrey,194598,0
6743,"Valdenia Winn",Valdenia,C.,Winn,,,1,D,1,Rep,HD-034,6409411,34866,,Valdenia_Winn,208517,0
6751,Education,,,,,,0,,1,Rep,,0,0,,,0,1374
6754,Judiciary,,,,,,0,,1,Rep,,0,0,,,0,1386
6755,"Health and Human Services",,,,,,0,,1,Rep,,0,0,,,0,1382
6761,"Owen Donohoe",Owen,,Donohoe,,,2,R,1,Rep,HD-039,6671651,107184,,Owen_Donohoe,248955,0
6765,"Steven Huebert",Steven,C.,Huebert,,,2,R,1,Rep,HD-090,6612345,18585,,Steve_Huebert,208821,0
6767,"Dan Kerschen",Dan,,Kerschen,,,2,R,2,Sen,SD-026,6677569,107298,,Dan_Kerschen,268167,0
6768,"Brenda Landwehr",Brenda,,Landwehr,,,2,R,1,Rep,HD-105,6612446,6985,,Brenda_Landwehr,194683,0
6772,"Robert Olson",Robert,,Olson,,Rob,2,R,2,Sen,SD-023,6612577,34452,,Robert_Olson,226762,0
6783,"Social Services Budget",,,,,,0,,1,Rep,,0,0,,,0,1391
6787,"Broderick Henderson",Broderick,,Henderson,,,1,D,1,Rep,HD-035,6409071,6970,,Broderick_Henderson,194627,0
6788,"Annie Kuether",Annie,,Kuether,,,1,D,1,Rep,HD-055,6409119,12612,,Annie_Kuether,194647,0
6802,"Jim Ward",Jim,,Ward,,,1,D,1,Rep,HD-086,6409346,12557,,Jim_Ward_(Kansas),212297,0
6803,"Barbara Ballard",Barbara,W.,Ballard,,,1,D,1,Rep,HD-044,6408945,6927,,Barbara_Ballard,194636,0
6806,"Gail Finney",Gail,,Finney,,,1,D,1,Rep,HD-084,6421740,18621,,Gail_Finney,268156,0
6809,"Steven Johnson",Steven,C.,Johnson,,,2,R,1,Rep,HD-108,6690956,125189,,Steven_C._Johnson,311319,0
6816,"Joe Seiwert",Joe,,Seiwert,,,2,R,1,Rep,HD-101,6677634,107323,,Joe_Seiwert,268174,0
6821,"Gene Suellentrop",Gene,,Suellentrop,,,2,R,2,Sen,SD-027,6690952,119707,,Gene_Suellentrop,283499,0
6822,"Barbara Bollier",Barbara,Goolsbee,Bollier,,,2,R,2,Sen,SD-007,13000480,119434,,Barbara_Bollier,283558,0
6830,"Anthony Hensley",Anthony,,Hensley,,,1,D,2,Sen,SD-019,6421385,6898,,Anthony_Hensley,194571,0
6831,"David Haley",David,,Haley,,,1,D,2,Sen,SD-004,6409048,6965,,David_Haley,194626,0
6835,"Ways and Means",,,,,,0,,2,Sen,,0,0,,,0,1414
6836,"Oletha Faust-Goudeau",Oletha,,Faust-Goudeau,,,1,D,2,Sen,SD-029,6409034,34890,,Oletha_Faust-Goudeau,268213,0
6838,"Ty Masterson",Ty,,Masterson,,,2,R,2,Sen,SD-016,6671671,57517,,Ty_Masterson,241430,0
6839,"Public Health and Welfare",,,,,,0,,2,Sen,,0,0,,,0,1411
6840,Judiciary,,,,,,0,,2,Sen,,0,0,,,0,1407
6841,"Federal and State Affairs",,,,,,0,,2,Sen,,0,0,,,0,1404
6842,Commerce,,,,,,0,,2,Sen,,0,0,,,0,1400
6845,Education,,,,,,0,,2,Sen,,0,0,,,0,1402
6846,Transportation,,,,,,0,,2,Sen,,0,0,,,0,1412
6847,Utilities,,,,,,0,,2,Sen,,0,0,,,0,1413
6848,"Financial Institutions and Insurance",,,,,,0,,2,Sen,,0,0,,,0,1405
6853,"Assessment and Taxation",,,,,,0,,2,Sen,,0,0,,,0,1398
6856,"Marci Francisco",Marci,,Francisco,,,1,D,2,Sen,SD-002,6464512,34489,,Marci_Francisco,226794,0
6857,"Thomas Holland",Thomas,,Holland,,,1,D,2,Sen,SD-003,6409084,34760,,Tom_Holland,212293,0
6863,"Carolyn McGinn",Carolyn,,McGinn,,,2,R,2,Sen,SD-031,8850968,34688,,Carolyn_McGinn,226811,0
6864,"Mary Pilcher-Cook",Mary,,Pilcher-Cook,,,2,R,2,Sen,SD-010,6612194,34468,,Mary_Pilcher-Cook,268190,0
6865,Agriculture,,,,,,0,,2,Sen,,0,0,,,0,1397
6866,"Dennis Pyle",Dennis,D.,Pyle,,,2,R,2,Sen,SD-001,13000500,12606,,Dennis_Pyle,208519,0
6868,"Susan Wagle",Susan,,Wagle,,,2,R,2,Sen,SD-030,6626103,7038,,Susan_Wagle,208585,0
6871,"Mike Petersen",Mike,,Petersen,,,2,R,2,Sen,SD-028,6625947,12657,,Mike_Petersen_(Kansas),226809,0
6884,"Julia Lynn",Julia,,Lynn,,,2,R,2,Sen,SD-009,8886114,69488,,Julia_Lynn,251948,0
12086,"Agriculture and Natural Resources Budget",,,,,,0,,1,Rep,,0,0,,,0,1368
12663,"Richard Billinger",Richard,,Billinger,,Rick,2,R,2,Sen,SD-040,6700179,128532,,Rick_Billinger,329063,0
12672,"Jim Denning",Jim,,Denning,,,2,R,2,Sen,SD-008,3847828,125044,,Jim_Denning,293841,0
12674,"Randy Garber",Randy,,Garber,,,2,R,1,Rep,HD-062,6690879,125129,,Randy_Garber,311288,0
12681,"Kyle Hoffman",Kyle,D.,Hoffman,,,2,R,1,Rep,HD-116,6690980,125232,,Kyle_Hoffman,293943,0
12684,"Jim Kelly",Jim,,Kelly,,,2,R,1,Rep,HD-011,8768443,128535,,Jim_Kelly_(Kansas),330121,0
12694,"Ron Ryckman",Ron,,Ryckman,Jr.,,2,R,1,Rep,HD-078,13703465,142868,,Ron_Ryckman,425350,0
12698,"Caryn Tyson",Caryn,,Tyson,,,2,R,2,Sen,SD-012,6665784,34467,,Caryn_Tyson,293826,0
12699,"Ponka-We Victors",Ponka-We,,Victors,,,1,D,1,Rep,HD-103,6507741,125186,,Ponka-We_Victors,311316,0
12701,"Kathy Wolfe Moore",Kathy,,"Wolfe Moore",,,1,D,1,Rep,HD-036,6507626,125070,,Kathy_Wolfe_Moore,311188,0
12703,"Jeff Longbine",Jeff,,Longbine,,,2,R,2,Sen,SD-017,13011945,128208,,Jeff_Longbine,310269,0
12904,"Joint Committee on Special Claims Against the State",,,,,,0,,3,Jnt,,0,0,,,0,1432
12914,"Joint Committee on Pensions, Investments, and Benefits",,,,,,0,,3,Jnt,,0,0,,,0,1431
13823,"Legislative Post Audit",,,,,,0,,3,Jnt,,0,0,,,0,1429
13850,"Tom Phillips",Tom,,Phillips,,,2,R,1,Rep,HD-067,13703458,74033,,Tom_Phillips_(Kansas),395414,0
14861,"Pat Pettey",Pat,Huggins,Pettey,,,1,D,2,Sen,SD-006,6421497,7013,,Pat_Pettey,424106,0
15056,"Commerce, Labor and Economic Development",,,,,,0,,1,Rep,,0,0,,,0,2782
15057,"Ethics, Elections and Local Government",,,,,,0,,2,Sen,,0,0,,,0,2783
15377,"Brandon Whipple",Brandon,,Whipple,,,1,D,1,Rep,HD-096,6507719,125179,,Brandon_Whipple,293915,0
15637,"John Alcala",John,,Alcala,,,1,D,1,Rep,HD-057,13703446,73317,,John_Alcala,425289,0
15638,"John Barker",John,E.,Barker,,,2,R,1,Rep,HD-070,13703459,140810,,John_E._Barker,420120,0
15644,"Will Carpenter",Will,G.,Carpenter,,,2,R,1,Rep,HD-075,13011943,86398,,Will_Carpenter,425312,0
15645,"J.R. Claeys","J. R.",,Claeys,,,2,R,1,Rep,HD-069,13010833,125027,,J.R._Claeys,425304,0
15646,"Stephanie Clayton",Stephanie,Sawyer,Clayton,,,1,D,1,Rep,HD-019,6690817,125047,,Stephanie_Clayton,293843,0
15647,"Susan Concannon",Susan,L.,Concannon,,,2,R,1,Rep,HD-107,13703500,140849,,Susan_L._Concannon,425342,0
15648,"Ken Corbet",Ken,,Corbet,,,2,R,1,Rep,HD-054,13703442,138058,,Ken_Corbet,410321,0
15650,"Diana Dierks",Diana,,Dierks,,,2,R,1,Rep,HD-071,6421273,12566,,Diana_Dierks,425308,0
15651,"John Doll",John,,Doll,,,2,R,2,Sen,SD-039,8806784,67769,,John_Doll_(Kansas),424137,0
15652,"Willie Dove",Willie,,Dove,,,2,R,1,Rep,HD-038,6665633,34689,,Willie_Dove,410306,0
15656,"Blaine Finch",Blaine,,Finch,,,2,R,1,Rep,HD-059,13703449,140802,,Blaine_Finch,425292,0
15658,"Dan Hawkins",Dan,,Hawkins,,,2,R,1,Rep,HD-100,13703488,140839,,Daniel_Hawkins_(Kansas),425334,0
15659,"Larry Hibbard",Larry,Paul,Hibbard,,,2,R,1,Rep,HD-013,4067009,140753,,Larry_Paul_Hibbard,425211,0
15660,"Ron Highland",Ron,,Highland,,,2,R,1,Rep,HD-051,13703434,140793,,Ron_Highland,425281,0
15661,"Michael Houser",Michael,,Houser,,,2,R,1,Rep,HD-001,6690781,125035,,Michael_Houser_(Kansas),311160,0
15664,"Russell Jennings",Russell,,Jennings,,Russ,2,R,1,Rep,HD-122,8813253,172061,,Russ_Jennings,425365,0
15668,"Nancy Lusk",Nancy,,Lusk,,,1,D,1,Rep,HD-022,13703401,140764,,Nancy_Lusk,425225,0
15679,"Bill Sutton",Bill,,Sutton,,,2,R,1,Rep,HD-043,13703429,138061,,Bill_Sutton,410309,0
15680,"Jack Thimesch",Jack,,Thimesch,,,2,R,1,Rep,HD-114,13703510,140861,,Jack_Thimesch,425348,0
15682,"Troy Waymaster",Troy,L.,Waymaster,,,2,R,1,Rep,HD-109,8920028,140852,,Troy_L._Waymaster,420124,0
15683,"Virgil Weigel",Virgil,,Weigel,,,1,D,1,Rep,HD-056,13703445,140799,,Virgil_Weigel,425287,0
15710,"General Government Budget",,,,,,0,,1,Rep,,0,0,,,0,1380
15717,"Children and Seniors",,,,,,0,,1,Rep,,0,0,,,0,2916
16125,"Joint Committee on Corrections and Juvenile Justice Oversight",,,,,,0,,3,Jnt,,0,0,,,0,1419
16167,"Kent Thompson",Kent,L.,Thompson,,,2,R,1,Rep,HD-009,24844595,85985,,Kent_Thompson,473487,0
16170,"Bud Estes",Bud,,Estes,,,2,R,2,Sen,SD-038,24844701,151216,,Bud_Estes,462590,0
16173,"John Carmichael",John,,Carmichael,,,1,D,1,Rep,HD-092,8770083,151210,,John_Carmichael_(Kansas),471426,0
16223,"Les Mason",Les,,Mason,,,2,R,1,Rep,HD-073,24844652,151222,,Les_Mason,485185,0
16233,"Pam Curtis",Pam,,Curtis,,,1,D,1,Rep,HD-032,24844618,151914,,Pam_Curtis,490032,0
16248,"Molly Baumgardner",Molly,,Baumgardner,,,2,R,2,Sen,SD-037,24844712,152463,,Molly_Baumgardner,498534,0
17011,"Richard Wilborn",Richard,,Wilborn,,,2,R,2,Sen,SD-035,7911683,152461,,Rick_Wilborn,523796,0
17259,"Blake Carpenter",Blake,,Carpenter,,,2,R,1,Rep,HD-081,24844661,152996,,Blake_Carpenter,500386,0
17388,"Lonnie Clark",Lonnie,G.,Clark,,,2,R,1,Rep,HD-065,24844647,152989,,Lonnie_Clark,500854,0
17389,"Shannon Francis",Shannon,G.,Francis,,,2,R,1,Rep,HD-125,24844706,85931,,Shannon_Francis,499612,0
17392,"Dennis Highberger",Dennis,,Highberger,,Boog,1,D,1,Rep,HD-046,24844628,73994,,Dennis_Highberger,494758,0
17393,"Jarrod Ousley",Jarrod,,Ousley,,,1,D,1,Rep,HD-024,24844614,152963,,Jarrod_Ousley,500838,0
17578,"Fred Patton",Fred,C.,Patton,,,2,R,1,Rep,HD-050,24844635,152398,,Fred_Patton,485172,0
17579,"Kristey Williams",Kristey,S.,Williams,,,2,R,1,Rep,HD-077,8812946,152437,,Kristey_Williams,499611,0
17696,"Greg Lewis",Greg,,Lewis,,,2,R,1,Rep,HD-113,40609412,156576,,Greg_Lewis_(Kansas),530960,0
17847,"Ken Rahjes",Ken,,Rahjes,,,2,R,1,Rep,HD-110,40609442,167130,,Ken_Rahjes,408869,0
17848,"Henry Helgerson",Henry,,Helgerson,,,1,D,1,Rep,HD-083,6421376,6969,,Henry_Helgerson,194678,0
18440,"Vic Miller",Vic,,Miller,,,1,D,2,Sen,SD-018,40609428,85428,,Vic_Miller,583200,0
18441,"KC Ohaebosim",KC,,Ohaebosim,,,1,D,1,Rep,HD-089,6494084,107061,,KC_Ohaebosim,415749,0
18442,"Jeff Pittman",Jeffrey,,Pittman,,Jeff,1,D,1,Rep,HD-041,40609440,171873,,Jeff_Pittman_(Kansas),575316,0
18651,"Dinah Sykes",Dinah,H.,Sykes,,,1,D,2,Sen,SD-021,40609508,171684,,Dinah_Sykes,556650,0
18835,"Energy, Utilities and Telecommunications",,,,,,0,,1,Rep,,0,0,,,0,3553
18836,"Adam Smith",Adam,W.,Smith,,,2,R,1,Rep,HD-120,24844703,116224,,Adam_Smith_(Kansas),500398,0
18837,"Eric Smith",Eric,L.,Smith,,,2,R,1,Rep,HD-076,40609453,171952,,Eric_Smith_(Kansas),584431,0
18838,"Tory Arnberger",Tory,M.,Arnberger,,,2,R,1,Rep,HD-112,40609345,172040,,Tory_Arnberger,578133,0
18839,"Francis Awerkamp",Francis,,Awerkamp,,,2,R,1,Rep,HD-061,8893095,171927,,Francis_Awerkamp,582382,0
18840,"Dave Baker",Dave,,Baker,,,2,R,1,Rep,HD-068,40609347,171936,,Dave_Baker_(Kansas),586005,0
18841,"Elizabeth Bishop",Elizabeth,,Bishop,,,1,D,1,Rep,HD-088,6421718,18673,,Elizabeth_Bishop,268215,0
18842,"Douglas Blex",Douglas,,Blex,,,2,R,1,Rep,HD-012,14443340,171775,,Doug_Blex,583191,0
18844,"Tom Cox",Tom,,Cox,,,2,R,1,Rep,HD-017,40609367,171798,,Tom_Cox_(Kansas),575312,0
18846,"Leo Delperdang",Leo,,Delperdang,,,2,R,1,Rep,HD-094,40609372,171988,,Leo_Delperdang,586020,0
18847,"Brenda Dietrich",Brenda,S.,Dietrich,,,2,R,1,Rep,HD-052,15673767,171910,,Brenda_Dietrich,573097,0
18849,"Ronald Ellis",Ronald,B.,Ellis,,,2,R,1,Rep,HD-047,13703886,140713,,Ronald_Ellis_(Kansas),425123,0
18850,"John Eplee",John,R.,Eplee,,,2,R,1,Rep,HD-063,8779519,171929,,John_Eplee,569182,0
18851,"Jim Gartner",Jim,,Gartner,,,1,D,1,Rep,HD-053,27416929,171914,,Jim_Gartner,585994,0
18853,"Tim Hodge",Tim,,Hodge,,,1,D,1,Rep,HD-072,29113363,171946,,Tim_Hodge,581709,0
18854,"Cindy Holscher",Cindy,,Holscher,,,1,D,1,Rep,HD-016,39431621,171793,,Cindy_Holscher,562138,0
18855,"Susan Humphries",Susan,,Humphries,,,2,R,1,Rep,HD-099,8849917,172004,,Susan_Humphries,581712,0
18856,"Trevor Jacobs",Trevor,,Jacobs,,,2,R,1,Rep,HD-004,15740312,171757,,Trevor_Jacobs,584419,0
18858,"Jim Karleskint",Jim,,Karleskint,,,2,R,1,Rep,HD-042,40609401,171876,,Jim_Karleskint,584931,0
18859,"Jan Kessinger",Jan,H.,Kessinger,,,2,R,1,Rep,HD-020,40609404,171809,,Jan_Kessinger,560866,0
18863,"Leonard Mastroni",Leonard,A.,Mastroni,,,2,R,1,Rep,HD-117,40609419,131673,,Leonard_Mastroni,584445,0
18864,"Monica Murnan",Monica,,Murnan,,,1,D,1,Rep,HD-003,40609430,171750,,Monica_Murnan,578126,0
18865,"Boyd Orr",Boyd,,Orr,,,2,R,1,Rep,HD-115,14035638,85585,,Boyd_Orr,575330,0
18866,"Brett Parker",Brett,,Parker,,,1,D,1,Rep,HD-029,29114320,171833,,Brett_Parker,581700,0
18868,"Bradley Ralph",Bradley,,Ralph,,,2,R,1,Rep,HD-119,40609443,172053,,Bradley_Ralph,586033,0
18869,"Mark Schreiber",Mark,,Schreiber,,,2,R,1,Rep,HD-060,8777244,171923,,Mark_Schreiber,584938,0
18870,"Jerry Stogsdill",Jerry,,Stogsdill,,,1,D,1,Rep,HD-021,40609454,171811,,Jerry_Stogsdill,578115,0
18871,"Sean Tarwater",Sean,E.,Tarwater,Sr.,,2,R,1,Rep,HD-027,40609456,171828,,Sean_Tarwater_Sr.,567158,0
18873,"John Wheeler",John,P.,Wheeler,Jr.,,2,R,1,Rep,HD-123,40609464,172067,,John_Wheeler_(Kansas),556673,0
18963,"Larry Alley",Larry,W.,Alley,,,2,R,2,Sen,SD-032,6536324,128209,,Larry_Alley,311299,0
18964,"Edward Berger",Edward,E.,Berger,,,2,R,2,Sen,SD-034,8861288,171726,,Edward_Berger,562135,0
18965,"Bruce Givens",Bruce,,Givens,,,2,R,2,Sen,SD-014,40609478,171665,,Bruce_Givens,583186,0
18966,"Dan Goddard",Dan,,Goddard,,,2,R,2,Sen,SD-015,40609479,171668,,Dan_Goddard,583187,0
18967,"Randall Hardy",Randall,R.,Hardy,,,2,R,2,Sen,SD-024,8814129,146321,,Randall_Hardy,584416,0
18968,"John Skubal",John,,Skubal,,,2,R,2,Sen,SD-011,6677636,74222,,John_Skubal,268099,0
18969,"Mary Taylor",Mary,Jo,Taylor,,,2,R,2,Sen,SD-033,15841136,171723,,Mary_Jo_Taylor,578125,0
19039,"Financial Institutions and Pensions",,,,,,0,,1,Rep,,0,0,,,0,3534
19098,"Veterans and Military",,,,,,0,,1,Rep,,0,0,,,0,3536
19127,"K-12 Education Budget",,,,,,0,,1,Rep,,0,0,,,0,3587
19201,"Agriculture and Natural Resources",,,,,,0,,2,Sen,,0,0,,,0,3615
19202,Agriculture,,,,,,0,,1,Rep,,0,0,,,0,3616
19241,"Higher Education Budget",,,,,,0,,1,Rep,,0,0,,,0,3656
19297,"John Resman",John,,Resman,,,2,R,1,Rep,HD-121,43139716,176181,,John_Resman,622353,0
19374,"Richard Hilderbrand",Richard,,Hilderbrand,,,2,R,2,Sen,SD-013,44259598,115826,,Richard_Hilderbrand,623992,0
19391,"Jesse Burris",Jesse,,Burris,,,2,R,1,Rep,HD-082,44259128,176771,,Jesse_Burris,627803,0
19539,"Eileen Horn",Eileen,,Horn,,,1,D,1,Rep,HD-010,44259126,176722,,Eileen_Horn,636792,0
19540,"Jason Probst",Jason,,Probst,,,1,D,1,Rep,HD-102,44259127,177881,,Jason_Probst,629524,0
19553,"Emil Bergquist",Emil,,Bergquist,,,2,R,1,Rep,HD-091,37325157,177880,,Emil_Bergquist,654268,0
20149,"Bill Rhiley",Bill,,Rhiley,,,2,R,1,Rep,HD-080,45399256,183575,,Bill_Rhiley,653658,0
20250,"Mary Ware",Mary,,Ware,,,1,D,2,Sen,SD-025,47033143,186030,,Mary_Ware,693623,0
20436,"Nick Hoheisel",Nick,,Hoheisel,,,2,R,1,Rep,HD-097,40609393,171996,,Nick_Hoheisel,573105,0
20565,"Kevin Braun",Kevin,,Braun,,,2,R,2,Sen,SD-005,28136752,171856,,Kevin_Braun,584421,0
20566,"Michael Capps",Michael,,Capps,,,2,R,1,Rep,HD-085,29336137,171992,,Michael_Capps,573104,0
20567,"Eric Rucker",Eric,,Rucker,,,2,R,2,Sen,SD-020,8777985,186029,,Eric_Rucker,693627,0
20818,"Brandon Woodard",Brandon,,Woodard,,,1,D,1,Rep,HD-030,44364925,183545,,Brandon_Woodard,667877,0
20954,"Robert G. (Bob) Bethell Committee on Home and Community Based Services and KanCare Oversight",,,,,,0,,3,Jnt,,0,0,,,0,3917
21059,"David Benson",David,,Benson,,,1,D,1,Rep,HD-048,45399183,183560,,David_Benson,656143,0
21060,"Susan Ruiz",Susan,,Ruiz,,,1,D,1,Rep,HD-023,45399259,183533,,Susan_Ruiz_(Kansas),668210,0
21061,"Freda Warfield",Freda,,Warfield,,,1,D,1,Rep,HD-058,47033139,186027,,Freda_Warfield,693641,0
21062,"Rui Xu",Rui,,Xu,,,1,D,1,Rep,HD-025,45399288,183534,,Rui_Xu,668212,0
21067,"Mike Amyx",Mike,,Amyx,,,1,D,1,Rep,HD-045,17490086,73996,,Mike_Amyx,668860,0
21068,"Susan Carlson",Susan,,Carlson,,Suzi,2,R,1,Rep,HD-064,45399188,183570,,Susan_Carlson_(Kansas),664954,0
21069,"Kenneth Collins",Kenneth,,Collins,,,2,R,1,Rep,HD-002,45399193,183509,,Kenneth_Collins_(Kansas),643438,0
21070,"Chris Croft",Chris,,Croft,,,2,R,1,Rep,HD-008,45399195,183515,,Chris_Croft,668813,0
21071,"Renee Erickson",Renee,,Erickson,,,2,R,1,Rep,HD-087,16293100,171710,,Renee_Erickson,575310,0
21072,"Charlotte Esau",Charlotte,,Esau,,,2,R,1,Rep,HD-014,8867940,183517,,Charlotte_Esau,668822,0
21073,"David French",David,,French,,,2,R,1,Rep,HD-040,45399208,183551,,David_French_(Kansas),667879,0
21074,"Cheryl Helmer",Cheryl,,Helmer,,,2,R,1,Rep,HD-079,43554780,183574,,Cheryl_Helmer,663027,0
21075,"Ron Howard",Ron,,Howard,,,2,R,1,Rep,HD-098,45399221,183582,,Ron_Howard,668218,0
21076,"Martin Long",Martin,,Long,,Marty,2,R,1,Rep,HD-124,45399236,87095,,Martin_Long_(Kansas),667887,0
21077,"Megan Lynn",Megan,,Lynn,,,2,R,1,Rep,HD-049,45399238,183562,,Megan_Lynn,668866,0
21078,"J.C. Moore",J.C.,,Moore,,,2,R,1,Rep,HD-093,45399247,171979,,J.C._Moore,584945,0
21079,"Stephen Owens",Stephen,,Owens,,,2,R,1,Rep,HD-074,45399251,183573,,Stephen_Owens,663023,0
21080,"Bill Pannbacker",Bill,,Pannbacker,,,2,R,1,Rep,HD-106,45399252,183586,,Bill_Pannbacker,668922,0
21081,"Mark Samsel",Mark,,Samsel,,,2,R,1,Rep,HD-005,45399261,183512,,Mark_Samsel_(Kansas),649994,0
21082,"Adam Thomas",Adam,,Thomas,,,2,R,1,Rep,HD-026,45399274,183536,,Adam_Thomas,668840,0
21083,"John Toplikar",John,,Toplikar,,,2,R,1,Rep,HD-015,8825579,7036,,John_Toplikar,194607,0
21084,"Paul Waggoner",Paul,,Waggoner,,,2,R,1,Rep,HD-104,15842276,183585,,Paul_Waggoner,668920,0
21085,"Kellie Warren",Kellie,,Warren,,,2,R,1,Rep,HD-028,37045603,183542,,Kellie_Warren,664947,0
21086,"Barbara Wasinger",Barbara,,Wasinger,,,2,R,1,Rep,HD-111,44363063,145676,,Barbara_Wasinger,656145,0
21156,"Rural Revitalization",,,,,,0,,1,Rep,,0,0,,,0,3976
21244,"Select Committee on Federal Tax Code Implementation",,,,,,0,,2,Sen,,0,0,,,0,3916
21334,"Alicia Straub",Alicia,,Straub,,,2,R,1,Rep,HD-113,49117282,159120,,Alicia_Straub,699696,0
21422,"Joe Newland",Joe,,Newland,,,2,R,1,Rep,HD-013,50052565,187077,,Joe_Newland,715696,0
21512,"Mike Thompson",Mike,,Thompson,,,2,R,2,Sen,SD-010,8783090,190030,,Mike_Thompson_(Kansas),729713,0
21534,"Stephanie Yeager",Stephanie,,Yeager,,,1,D,1,Rep,HD-096,46838127,190374,,Stephanie_Yeager,729123,0
