bill_id,roll_call_id,date,chamber,description,yea,nay,nv,absent,total
1138031,794980,2019-02-07,House,"House Final Action - Passed - Yea: 119 Nay: 0",119,0,0,6,125
1138031,809986,2019-02-27,Senate,"Senate Final Action - Passed - Yea: 40 Nay: 0",40,0,0,0,40
1138033,807026,2019-02-22,House,"House Final Action - Passed as amended - Yea: 117 Nay: 0",117,0,0,8,125
1138033,828595,2019-03-26,Senate,"Senate Final Action - Substitute passed - Yea: 38 Nay: 1",38,1,0,1,40
1138033,836383,2019-04-04,Senate,"Senate Conference Committee Report was adopted - Yea: 39 Nay: 1",39,1,0,0,40
1138033,837369,2019-04-05,House,"House Conference Committee Report was adopted - Yea: 90 Nay: 33",90,33,0,2,125
1138035,810537,2019-02-27,House,"House Final Action - Passed as amended - Yea: 122 Nay: 0",122,0,0,2,124
1147391,828534,2019-03-26,House,"House Final Action - Substitute passed as amended - Yea: 120 Nay: 4",120,4,0,1,125
1147391,959927,2020-05-21,Senate,"Senate Call the Question - failed - Yea: 16 Nay: 24",16,24,0,0,40
1147391,959928,2020-05-21,Senate,"Senate Emergency Final Action - Substitute passed as amended - Yea: 33 Nay: 5",33,5,0,0,38
1147391,960938,2020-05-21,House,"House Concurred with amendments - Yea: 104 Nay: 9",104,9,0,11,124
1147391,966820,2020-05-21,Senate,"Senate Committee of the Whole - Ruling of the chair was sustained - Yea: 26 Nay: 14",26,14,0,0,40
1148220,793157,2019-02-05,Senate,"Senate Final Action - Passed - Yea: 40 Nay: 0",40,0,0,0,40
1148220,814650,2019-02-22,House,"House Final Action - Passed - Yea: 117 Nay: 0",117,0,0,8,125
1148632,810556,2019-02-27,Senate,"Senate Emergency Final Action - Passed - Yea: 37 Nay: 2",37,2,0,0,39
1150350,782547,2019-01-15,Senate,"Senate Emergency Final Action - Adopted - Yea: 37 Nay: 1",37,1,0,1,39
1150350,786340,2019-01-25,House,"House Final Action - Adopted - Yea: 109 Nay: 6",109,6,0,10,125
1150636,786057,2019-01-23,House,"House Final Action - Adopted as amended - Yea: 104 Nay: 15",104,15,0,6,125
1151036,810782,2019-02-27,House,"House Final Action - Passed as amended - Yea: 123 Nay: 0",123,0,0,1,124
1151036,830239,2019-03-27,Senate,"Senate Final Action - Passed as amended - Yea: 39 Nay: 0",39,0,0,1,40
1151036,836504,2019-04-04,Senate,"Senate Conference Committee Report was adopted - Yea: 40 Nay: 0",40,0,0,0,40
1151036,836965,2019-04-05,House,"House Conference Committee Report was adopted - Yea: 122 Nay: 1",122,1,0,2,125
1151151,810288,2019-02-27,Senate,"Senate Final Action - Passed as amended - Yea: 40 Nay: 0",40,0,0,0,40
1151151,828808,2019-03-26,House,"House Final Action - Passed as amended - Yea: 124 Nay: 0",124,0,0,1,125
1151151,836534,2019-04-04,House,"House Conference Committee Report was adopted - Yea: 122 Nay: 1",122,1,0,2,125
1151151,837373,2019-04-05,Senate,"Senate Conference Committee Report was adopted - Yea: 38 Nay: 0",38,0,0,2,40
1154702,788166,2019-01-29,House,"House Final Action - Passed - Yea: 122 Nay: 0",122,0,0,3,125
1154702,810646,2019-02-27,Senate,"Senate Emergency Final Action - Passed as amended - Yea: 40 Nay: 0",40,0,0,0,40
1154702,829598,2019-03-26,House,"House Concurred with amendments - Yea: 122 Nay: 2",122,2,0,1,125
1154869,795591,2019-02-08,House,"House Final Action - Passed as amended - Yea: 79 Nay: 36",79,36,0,10,125
1154869,829951,2019-03-27,Senate,"Senate Final Action - Passed as amended - Yea: 39 Nay: 0",39,0,0,1,40
1154869,858209,2019-05-02,Senate,"Senate Conference Committee Report was adopted - Yea: 27 Nay: 13",27,13,0,0,40
1154869,859158,2019-05-04,House,"House Conference Committee Report was adopted - Yea: 83 Nay: 41",83,41,0,1,125
1154869,874325,2019-05-29,House,"House Motion to override veto failed; Veto sustained - Yea: 78 Nay: 39",78,39,0,8,125
1155041,795835,2019-02-08,House,"House Final Action - Passed as amended - Yea: 101 Nay: 15",101,15,0,9,125
1155041,960040,2020-05-21,Senate,"Senate Emergency Final Action - Substitute passed as amended - Yea: 40 Nay: 0",40,0,0,0,40
1155041,960041,2020-05-21,House,"House Concurred with amendments - Yea: 114 Nay: 3",114,3,0,7,124
1155737,808933,2019-02-26,Senate,"Senate Committee of the Whole - Amendment by  Senator Hensley was rejected - Yea: 12 Nay: 28",12,28,0,0,40
1155737,810428,2019-02-27,Senate,"Senate Final Action - Passed as amended - Yea: 39 Nay: 1",39,1,0,0,40
1155737,827965,2019-03-25,House,"House Committee of the Whole - Amendment by  Representative Stogsdill was rejected - Yea: 55 Nay: 68",55,68,0,2,125
1155737,828523,2019-03-26,House,"House Final Action - Substitute passed - Yea: 63 Nay: 61",63,61,0,1,125
1155737,836257,2019-04-04,House,"House Conference Committee Report was adopted - Yea: 76 Nay: 47",76,47,0,2,125
1155737,836258,2019-04-04,Senate,"Senate Conference Committee Report was adopted - Yea: 31 Nay: 8",31,8,0,1,40
1156077,800913,2019-02-14,Senate,"Senate Consent Calendar Passed - Yea: 40 Nay: 0",40,0,0,0,40
1156077,828585,2019-03-26,House,"House Final Action - Passed as amended - Yea: 124 Nay: 0",124,0,0,1,125
1156077,837344,2019-04-05,House,"House Conference Committee Report was adopted - Yea: 123 Nay: 0",123,0,0,2,125
1156077,856733,2019-05-01,Senate,"Senate Conference Committee Report was adopted - Yea: 37 Nay: 3",37,3,0,0,40
1156411,804903,2019-02-20,Senate,"Senate Final Action - Passed as amended - Yea: 40 Nay: 0",40,0,0,0,40
1156411,820810,2019-03-13,House,"House Final Action - Passed - Yea: 101 Nay: 22",101,22,0,1,124
1158512,826454,2019-03-21,House,"House Final Action - Passed - Yea: 94 Nay: 29",94,29,0,2,125
1158859,794750,2019-02-07,House,"House Final Action - Passed as amended - Yea: 119 Nay: 0",119,0,0,6,125
1158859,830423,2019-03-27,Senate,"Senate Emergency Final Action - Passed as amended - Yea: 37 Nay: 2",37,2,0,1,40
1158859,836480,2019-04-04,Senate,"Senate Conference Committee Report was adopted - Yea: 39 Nay: 1",39,1,0,0,40
1158859,837417,2019-04-05,House,"House Conference Committee Report was adopted - Yea: 121 Nay: 0",121,0,0,4,125
1159032,794817,2019-02-07,House,"House Final Action - Passed - Yea: 114 Nay: 5",114,5,0,6,125
1159032,829751,2019-03-27,Senate,"Senate Final Action - Passed as amended - Yea: 38 Nay: 1",38,1,0,1,40
1159032,837346,2019-04-05,House,"House Concurred with amendments in conference - Yea: 120 Nay: 0",120,0,0,5,125
1159207,799374,2019-02-13,Senate,"Senate Final Action - Passed as amended - Yea: 35 Nay: 5",35,5,0,0,40
1159207,828833,2019-03-26,House,"House Final Action - Passed as amended - Yea: 118 Nay: 6",118,6,0,1,125
1159207,836481,2019-04-04,House,"House Conference Committee Report was adopted - Yea: 120 Nay: 3",120,3,0,2,125
1159207,856479,2019-05-01,Senate,"Senate Conference Committee Report was adopted - Yea: 35 Nay: 5",35,5,0,0,40
1159565,810510,2019-02-27,Senate,"Senate Emergency Final Action - Passed - Yea: 40 Nay: 0",40,0,0,0,40
1159565,952858,2020-03-17,House,"House Emergency Final Action - Substitute passed - Yea: 119 Nay: 0",119,0,0,6,125
1159565,952859,2020-03-17,Senate,"Senate Concurred with amendments - Yea: 29 Nay: 4",29,4,0,1,34
1159931,799534,2019-02-13,Senate,"Senate Final Action - Passed - Yea: 40 Nay: 0",40,0,0,0,40
1160292,805092,2019-02-20,Senate,"Senate Final Action - Passed as amended - Yea: 40 Nay: 0",40,0,0,0,40
1160292,828753,2019-03-26,House,"House Final Action - Substitute passed - Yea: 99 Nay: 25",99,25,0,1,125
1160292,858688,2019-05-03,House,"House Conference Committee Report not adopted;  Representative Waymaster,  Representative Hoffman and  Representative Wolfe Moore appointed as second conferees - Yea: 63 Nay: 61",63,61,0,1,125
1160292,859116,2019-05-03,House,"House Conference Committee Report not adopted - Yea: 42 Nay: 81",42,81,0,2,125
1160292,859155,2019-05-04,House,"House Conference Committee Report was adopted - Yea: 79 Nay: 45",79,45,0,1,125
1160292,859156,2019-05-04,Senate,"Senate Conference Committee Report was adopted - Yea: 26 Nay: 14",26,14,0,0,40
1160292,874358,2019-05-29,Senate,"Senate Motion to override line item vetoes prevailed. - Yea: 27 Nay: 11",27,11,0,2,40
1160292,874359,2019-05-29,House,"House Motion to override line item vetoes prevailed. - Yea: 86 Nay: 30",86,30,0,9,125
1160476,793875,2019-02-06,Senate,"Senate Committee of the Whole - Motion to rerefer to committee failed - Yea: 12 Nay: 28",12,28,0,0,40
1160476,794677,2019-02-07,Senate,"Senate Final Action - Passed - Yea: 26 Nay: 14",26,14,0,0,40
1160476,815720,2019-03-07,House,"House Committee of the Whole - Amendment by  Representative Ward was rejected - Yea: 40 Nay: 81",40,81,0,3,124
1160476,815721,2019-03-07,House,"House Committee of the Whole - Amendment by  Representative Hodge was rejected - Yea: 39 Nay: 82",39,82,0,3,124
1160476,816143,2019-03-07,House,"House Committee of the Whole - Amendment by  Representative Hodge was rejected - Yea: 39 Nay: 81",39,81,0,4,124
1160476,816144,2019-03-07,House,"House Committee of the Whole - Be passed as amended - Yea: 80 Nay: 42",80,42,0,2,124
1160476,816860,2019-03-08,House,"House Final Action - Passed as amended - Yea: 76 Nay: 43",76,43,0,5,124
1160476,821966,2019-03-14,Senate,"Senate Concurred with amendments - Yea: 24 Nay: 16",24,16,0,0,40
1161336,793619,2019-02-06,House,"House Final Action - Passed - Yea: 115 Nay: 1",115,1,0,9,125
1161336,810569,2019-02-27,Senate,"Senate Consent Calendar Passed - Yea: 37 Nay: 1",37,1,0,0,38
1165461,811582,2019-02-27,House,"House Emergency Final Action - Passed as amended - Yea: 122 Nay: 2",122,2,0,0,124
1165516,827467,2019-03-25,House,"House Committee of the Whole - Amendment by  Representative Ward was rejected - Yea: 40 Nay: 81",40,81,0,4,125
1165516,828721,2019-03-26,House,"House Final Action - Passed as amended - Yea: 102 Nay: 22",102,22,0,1,125
1165516,952501,2020-03-16,Senate,"Senate Emergency Final Action - Substitute passed - Yea: 29 Nay: 5",29,5,0,1,35
1165516,960010,2020-05-21,Senate,"Senate Conference Committee Report was adopted - Yea: 27 Nay: 11",27,11,0,1,39
1165516,960011,2020-05-21,House,"House Conference Committee Report was adopted - Yea: 104 Nay: 9",104,9,0,11,124
1165516,960105,2020-05-21,House,"House Conference Committee Report was adopted - Yea: 76 Nay: 34",76,34,0,14,124
1166630,805355,2019-02-20,Senate,"Senate Final Action - Passed - Yea: 40 Nay: 0",40,0,0,0,40
1166630,828944,2019-03-26,House,"House Final Action - Passed as amended - Yea: 123 Nay: 1",123,1,0,1,125
1166630,859159,2019-05-04,House,"House Conference Committee Report was adopted - Yea: 87 Nay: 36",87,36,0,2,125
1166630,859160,2019-05-04,Senate,"Senate Conference Committee Report was adopted - Yea: 27 Nay: 8",27,8,0,0,35
1166873,804697,2019-02-20,Senate,"Senate Challenge of the Chair - Ruling was Sustained - Yea: 28 Nay: 12",28,12,0,0,40
1166873,805131,2019-02-20,Senate,"Senate Committee of the Whole - Amendment by  Senator Hensley was rejected - Yea: 15 Nay: 24",15,24,0,1,40
1166873,805132,2019-02-20,Senate,"Senate Emergency Final Action - Passed as amended - Yea: 28 Nay: 11",28,11,0,1,40
1169186,825554,2019-03-20,House,"House Committee of the Whole - Ruling of the chair was overruled - Yea: 55 Nay: 62",55,62,0,8,125
1169186,825555,2019-03-20,House,"House Committee of the Whole - Amendment by  Representative Wolfe Moore was adopted - Yea: 69 Nay: 53",69,53,0,3,125
1169186,825556,2019-03-20,House,"House Committee of the Whole - Amendment by  Representative Owens was rejected - Yea: 61 Nay: 63",61,63,0,1,125
1169186,825557,2019-03-20,House,"House Committee of the Whole - Amendment by  Representative Humphries was adopted - Yea: 90 Nay: 34",90,34,0,1,125
1169186,825866,2019-03-20,House,"House Committee of the Whole - Amendment by  Representative Williams was rejected - Yea: 55 Nay: 67",55,67,0,3,125
1169186,825867,2019-03-20,House,"House Committee of the Whole - Amendment by  Representative Landwehr was rejected - Yea: 55 Nay: 69",55,69,0,1,125
1169186,825868,2019-03-20,House,"House Committee of the Whole - Be passed as amended - Yea: 70 Nay: 54",70,54,0,1,125
1169186,826494,2019-03-21,House,"House Final Action - Passed as amended - Yea: 69 Nay: 54",69,54,0,2,125
1169186,856241,2019-05-01,Senate,"Senate Motion to withdraw from  Committee on Public Health and Welfare not adopted - Yea: 23 Nay: 13",23,13,0,0,36
1169369,793678,2019-02-06,House,"House Final Action - Passed - Yea: 102 Nay: 14",102,14,0,9,125
1171539,810491,2019-02-27,House,"House Final Action - Passed as amended - Yea: 94 Nay: 29",94,29,0,1,124
1171539,828571,2019-03-26,Senate,"Senate Final Action - Passed as amended - Yea: 36 Nay: 3",36,3,0,1,40
1171539,836028,2019-04-04,House,"House Concurred with amendments - Yea: 87 Nay: 35",87,35,0,3,125
1171644,804472,2019-02-20,House,"House Final Action - Passed - Yea: 121 Nay: 0",121,0,0,4,125
1171644,830671,2019-03-27,Senate,"Senate Final Action - Passed as amended - Yea: 39 Nay: 0",39,0,0,1,40
1171644,836614,2019-04-04,House,"House Concurred with amendments - Yea: 122 Nay: 0",122,0,0,3,125
1171839,826342,2019-03-21,House,"House Final Action - Passed as amended - Yea: 122 Nay: 1",122,1,0,2,125
1172057,804810,2019-02-20,Senate,"Senate Consent Calendar Passed - Yea: 40 Nay: 0",40,0,0,0,40
1172057,825782,2019-03-20,House,"House Final Action - Passed - Yea: 109 Nay: 14",109,14,0,2,125
1172148,800657,2019-02-14,Senate,"Senate Final Action - Passed - Yea: 39 Nay: 0",39,0,0,0,39
1172148,820715,2019-03-13,House,"House Final Action - Passed - Yea: 122 Nay: 1",122,1,0,1,124
1172325,804688,2019-02-20,Senate,"Senate Consent Calendar Passed - Yea: 40 Nay: 0",40,0,0,0,40
1172325,825607,2019-03-20,House,"House Final Action - Passed - Yea: 123 Nay: 0",123,0,0,2,125
1172415,905525,2020-01-23,Senate,"Senate Final Action - Passed as amended - Yea: 36 Nay: 1",36,1,0,3,40
1172674,934873,2020-02-25,Senate,"Senate Emergency Final Action - Passed as amended - Yea: 40 Nay: 0",40,0,0,0,40
1173740,807098,2019-02-22,House,"House Final Action - Passed as amended - Yea: 117 Nay: 0",117,0,0,8,125
1173740,836341,2019-04-04,House,"House Concurred with amendments in conference - Yea: 122 Nay: 0",122,0,0,3,125
1176796,805890,2019-02-21,House,"House Final Action - Passed as amended - Yea: 116 Nay: 1",116,1,0,8,125
1176796,830491,2019-03-27,Senate,"Senate Final Action - Passed as amended - Yea: 39 Nay: 0",39,0,0,1,40
1176796,836616,2019-04-04,Senate,"Senate Conference Committee Report was adopted - Yea: 37 Nay: 3",37,3,0,0,40
1176796,837024,2019-04-05,House,"House Conference Committee Report was adopted - Yea: 123 Nay: 0",123,0,0,2,125
1176962,810455,2019-02-27,Senate,"Senate Emergency Final Action - Passed - Yea: 29 Nay: 11",29,11,0,0,40
1179034,805571,2019-02-21,House,"House Final Action - Passed - Yea: 116 Nay: 1",116,1,0,8,125
1179034,826814,2019-03-21,Senate,"Senate Consent Calendar Passed - Yea: 39 Nay: 0",39,0,0,1,40
1179272,806947,2019-02-22,House,"House Final Action - Passed as amended - Yea: 116 Nay: 1",116,1,0,8,125
1179272,829411,2019-03-26,Senate,"Senate Final Action - Passed - Yea: 39 Nay: 0",39,0,0,1,40
1179703,810619,2019-02-27,Senate,"Senate Consent Calendar Passed - Yea: 40 Nay: 0",40,0,0,0,40
1179703,829093,2019-03-26,House,"House Final Action - Passed as amended - Yea: 88 Nay: 36",88,36,0,1,125
1179703,859179,2019-05-04,House,"House Conference Committee Report was adopted - Yea: 123 Nay: 0",123,0,0,2,125
1179703,859180,2019-05-04,Senate,"Senate Conference Committee Report was adopted - Yea: 39 Nay: 1",39,1,0,0,40
1181192,810303,2019-02-27,House,"House Final Action - Passed - Yea: 122 Nay: 1",122,1,0,1,124
1181192,828486,2019-03-26,Senate,"Senate Final Action - Passed as amended - Yea: 39 Nay: 0",39,0,0,1,40
1181192,836068,2019-04-04,House,"House Concurred with amendments - Yea: 120 Nay: 2",120,2,0,3,125
1181323,806321,2019-02-21,House,"House Final Action - Passed as amended - Yea: 117 Nay: 0",117,0,0,8,125
1181323,829423,2019-03-26,Senate,"Senate Final Action - Passed - Yea: 39 Nay: 0",39,0,0,1,40
1181449,805916,2019-02-21,House,"House Final Action - Passed - Yea: 117 Nay: 0",117,0,0,8,125
1181690,810553,2019-02-27,Senate,"Senate Final Action - Passed - Yea: 40 Nay: 0",40,0,0,0,40
1181690,829012,2019-03-26,House,"House Final Action - Passed - Yea: 107 Nay: 17",107,17,0,1,125
1181842,929283,2020-02-20,Senate,"Senate Emergency Final Action - Passed as amended - Yea: 28 Nay: 11",28,11,0,1,40
1181944,810385,2019-02-27,Senate,"Senate Emergency Final Action - Passed - Yea: 27 Nay: 12",27,12,0,0,39
1181944,825812,2019-03-20,House,"House Final Action - Passed - Yea: 115 Nay: 8",115,8,0,2,125
1183091,806983,2019-02-22,House,"House Final Action - Passed as amended - Yea: 117 Nay: 0",117,0,0,8,125
1183091,829769,2019-03-27,Senate,"Senate Final Action - Passed as amended - Yea: 39 Nay: 0",39,0,0,1,40
1183091,836962,2019-04-05,Senate,"Senate Conference Committee Report was adopted - Yea: 38 Nay: 0",38,0,0,2,40
1183091,837436,2019-04-05,House,"House Conference Committee Report was adopted - Yea: 117 Nay: 3",117,3,0,5,125
1183160,828991,2019-03-26,House,"House Committee of the Whole - Amendment by  Representative Hodge was rejected - Yea: 45 Nay: 71",45,71,0,9,125
1183160,828992,2019-03-26,House,"House Committee of the Whole - Amendment by  Representative Alcala was rejected - Yea: 32 Nay: 86",32,86,1,6,125
1183160,830176,2019-03-27,House,"House Final Action - Passed as amended - Yea: 106 Nay: 18",106,18,0,1,125
1183160,959895,2020-05-21,Senate,"Senate Committee of the Whole - Amendment by  Senator Holland was adopted - Yea: 26 Nay: 11",26,11,0,0,37
1183160,959896,2020-05-21,Senate,"Senate Committee of the Whole - Amendment by  Senator Olson was rejected - Yea: 9 Nay: 30",9,30,0,0,39
1183160,959897,2020-05-21,Senate,"Senate Emergency Final Action - Substitute passed as amended - Yea: 35 Nay: 2",35,2,0,0,37
1183658,821103,2019-03-13,Senate,"Senate Final Action - Passed as amended - Yea: 38 Nay: 0",38,0,0,2,40
1183658,829766,2019-03-27,House,"House Final Action - Passed as amended - Yea: 119 Nay: 5",119,5,0,1,125
1183658,837388,2019-04-05,House,"House Conference Committee Report was adopted - Yea: 119 Nay: 4",119,4,0,2,125
1183658,837389,2019-04-05,Senate,"Senate Conference Committee Report was adopted - Yea: 37 Nay: 0",37,0,0,3,40
1183738,805085,2019-02-20,Senate,"Senate Final Action - Passed - Yea: 40 Nay: 0",40,0,0,0,40
1183738,829441,2019-03-26,House,"House Final Action - Passed as amended - Yea: 123 Nay: 1",123,1,0,1,125
1183738,953506,2020-03-19,House,"House Conference Committee Report was adopted - Yea: 99 Nay: 16",99,16,0,10,125
1183738,953507,2020-03-19,Senate,"Senate Conference Committee Report was adopted - Yea: 28 Nay: 10",28,10,0,2,40
1184065,810534,2019-02-27,Senate,"Senate Final Action - Passed - Yea: 40 Nay: 0",40,0,0,0,40
1184065,828656,2019-03-26,House,"House Final Action - Passed as amended - Yea: 124 Nay: 0",124,0,0,1,125
1184065,837308,2019-04-05,House,"House Conference Committee Report was adopted - Yea: 101 Nay: 20",101,20,0,4,125
1184065,856584,2019-05-01,Senate,"Senate Conference Committee Report was adopted - Yea: 40 Nay: 0",40,0,0,0,40
1184148,810787,2019-02-27,Senate,"Senate Final Action - Passed as amended - Yea: 40 Nay: 0",40,0,0,0,40
1184148,829100,2019-03-26,House,"House Final Action - Passed - Yea: 112 Nay: 12",112,12,0,1,125
1184397,821934,2019-03-14,Senate,"Senate Final Action - Substitute passed - Yea: 38 Nay: 1",38,1,0,0,39
1184397,828861,2019-03-26,House,"House Final Action - Passed as amended - Yea: 117 Nay: 7",117,7,0,1,125
1184397,828862,2019-03-26,Senate,"Senate Concurred with amendments - Yea: 37 Nay: 1",37,1,0,1,39
1184474,810416,2019-02-27,Senate,"Senate Emergency Final Action - Passed as amended - Yea: 40 Nay: 0",40,0,0,0,40
1184557,809083,2019-02-26,Senate,"Senate Committee of the Whole - Amendment by  Senator Pettey was rejected - Yea: 9 Nay: 29",9,29,0,0,38
1184557,809978,2019-02-27,Senate,"Senate Final Action - Substitute passed - Yea: 34 Nay: 4",34,4,0,0,38
1184640,826661,2019-03-21,Senate,"Senate Emergency Final Action - Passed as amended - Yea: 21 Nay: 18",21,18,0,1,40
1184721,810546,2019-02-27,Senate,"Senate Consent Calendar Passed - Yea: 40 Nay: 0",40,0,0,0,40
1184721,828553,2019-03-26,House,"House Final Action - Passed - Yea: 123 Nay: 1",123,1,0,1,125
1184801,810819,2019-02-27,Senate,"Senate Final Action - Passed - Yea: 39 Nay: 0",39,0,0,0,39
1184801,828497,2019-03-26,House,"House Final Action - Passed as amended - Yea: 124 Nay: 0",124,0,0,1,125
1184801,837316,2019-04-05,House,"House Conference Committee Report was adopted - Yea: 85 Nay: 35",85,35,0,5,125
1184801,837317,2019-04-05,Senate,"Senate Conference Committee Report was adopted - Yea: 26 Nay: 11",26,11,0,3,40
1184801,856242,2019-05-01,Senate,"Senate Motion to override veto prevailed - Yea: 27 Nay: 13",27,13,0,0,40
1184801,856243,2019-05-01,House,"House Motion to override veto failed; Veto sustained - Yea: 82 Nay: 43",82,43,0,0,125
1184801,857325,2019-05-02,House,"House Motion to Reconsider Failed - Yea: 83 Nay: 41",83,41,0,1,125
1185051,804817,2019-02-20,House,"House Final Action - Passed - Yea: 121 Nay: 0",121,0,0,4,125
1185051,826773,2019-03-21,Senate,"Senate Consent Calendar Passed - Yea: 39 Nay: 0",39,0,0,1,40
1185612,809976,2019-02-27,Senate,"Senate Final Action - Passed as amended - Yea: 38 Nay: 1",38,1,0,0,39
1185612,829170,2019-03-26,House,"House Final Action - Passed as amended - Yea: 123 Nay: 1",123,1,0,1,125
1185612,836988,2019-04-05,House,"House Conference Committee Report was adopted - Yea: 100 Nay: 23",100,23,0,2,125
1185612,837454,2019-04-05,Senate,"Senate Conference Committee Report was adopted - Yea: 36 Nay: 1",36,1,0,3,40
1185802,810667,2019-02-27,Senate,"Senate Emergency Final Action - Passed as amended - Yea: 38 Nay: 0",38,0,0,0,38
1185802,828609,2019-03-26,House,"House Final Action - Passed as amended - Yea: 124 Nay: 0",124,0,0,1,125
1185802,830137,2019-03-27,Senate,"Senate Concurred with amendments - Yea: 39 Nay: 0",39,0,0,1,40
1189084,810648,2019-02-27,Senate,"Senate Final Action - Passed - Yea: 40 Nay: 0",40,0,0,0,40
1189084,828937,2019-03-26,House,"House Final Action - Passed - Yea: 122 Nay: 2",122,2,0,1,125
1189112,810134,2019-02-27,Senate,"Senate Final Action - Passed - Yea: 40 Nay: 0",40,0,0,0,40
1189112,828832,2019-03-26,House,"House Final Action - Passed - Yea: 124 Nay: 0",124,0,0,1,125
1189254,810018,2019-02-27,House,"House Final Action - Passed as amended - Yea: 113 Nay: 10",113,10,0,1,124
1189254,826749,2019-03-21,Senate,"Senate Final Action - Passed as amended - Yea: 39 Nay: 0",39,0,0,1,40
1189254,836356,2019-04-04,Senate,"Senate Conference Committee Report was adopted - Yea: 40 Nay: 0",40,0,0,0,40
1189254,837370,2019-04-05,House,"House Conference Committee Report was adopted - Yea: 123 Nay: 0",123,0,0,2,125
1189281,806038,2019-02-21,House,"House Final Action - Passed - Yea: 115 Nay: 2",115,2,0,8,125
1189281,829632,2019-03-27,Senate,"Senate Final Action - Passed - Yea: 39 Nay: 0",39,0,0,1,40
1189454,821226,2019-03-13,House,"House Final Action - Passed as amended - Yea: 121 Nay: 2",121,2,0,1,124
1189533,805719,2019-02-21,House,"House Final Action - Passed - Yea: 117 Nay: 0",117,0,0,8,125
1189533,826827,2019-03-21,Senate,"Senate Consent Calendar Passed - Yea: 39 Nay: 0",39,0,0,1,40
1190116,810654,2019-02-27,House,"House Final Action - Passed - Yea: 123 Nay: 0",123,0,0,1,124
1190116,830232,2019-03-27,Senate,"Senate Final Action - Passed as amended - Yea: 39 Nay: 0",39,0,0,1,40
1190116,858288,2019-05-02,Senate,"Senate Substitute motion to not adopt and appoint a new conference failed. - Yea: 11 Nay: 19",11,19,0,0,30
1190116,858289,2019-05-02,Senate,"Senate Conference Committee Report was adopted - Yea: 33 Nay: 7",33,7,0,0,40
1190116,859171,2019-05-04,House,"House Conference Committee Report was adopted - Yea: 98 Nay: 26",98,26,0,1,125
1190262,810785,2019-02-27,House,"House Final Action - Passed as amended - Yea: 123 Nay: 0",123,0,0,1,124
1190330,804920,2019-02-20,House,"House Final Action - Passed - Yea: 121 Nay: 0",121,0,0,4,125
1190398,811245,2019-02-27,House,"House Emergency Final Action - Passed as amended - Yea: 84 Nay: 40",84,40,0,0,124
1190398,829922,2019-03-27,Senate,"Senate Final Action - Passed as amended - Yea: 39 Nay: 0",39,0,0,1,40
1190398,836008,2019-04-04,House,"House Concurred with amendments in conference - Yea: 116 Nay: 6",116,6,0,3,125
1190538,828728,2019-03-26,House,"House Final Action - Passed - Yea: 124 Nay: 0",124,0,0,1,125
1190538,960003,2020-05-21,Senate,"Senate Emergency Final Action - Substitute passed - Yea: 40 Nay: 0",40,0,0,0,40
1190538,960004,2020-05-21,House,"House Concurred with amendments - Yea: 121 Nay: 0",121,0,0,3,124
1190579,810465,2019-02-27,Senate,"Senate Final Action - Passed as amended - Yea: 40 Nay: 0",40,0,0,0,40
1190579,828670,2019-03-26,House,"House Final Action - Passed - Yea: 124 Nay: 0",124,0,0,1,125
1190655,821129,2019-03-13,Senate,"Senate Final Action - Passed as amended - Yea: 36 Nay: 2",36,2,0,2,40
1190812,810617,2019-02-27,Senate,"Senate Final Action - Passed as amended - Yea: 40 Nay: 0",40,0,0,0,40
1190812,829243,2019-03-26,House,"House Final Action - Passed - Yea: 120 Nay: 4",120,4,0,1,125
1190889,830361,2019-03-27,Senate,"Senate Emergency Final Action - Passed as amended - Yea: 39 Nay: 0",39,0,0,1,40
1191033,826519,2019-03-21,Senate,"Senate Consent Calendar Passed - Yea: 38 Nay: 1",38,1,0,1,40
1191033,952100,2020-03-16,House,"House Emergency Final Action - Substitute passed as amended - Yea: 113 Nay: 5",113,5,0,7,125
1191033,952929,2020-03-17,Senate,"Senate Concurred with amendments - Yea: 27 Nay: 7",27,7,0,1,35
1192479,810164,2019-02-27,House,"House Final Action - Passed as amended - Yea: 63 Nay: 60",63,60,0,1,124
1192479,829832,2019-03-27,Senate,"Senate Emergency Final Action - Substitute passed as amended - Yea: 39 Nay: 0",39,0,0,1,40
1192479,837276,2019-04-05,Senate,"Senate Conference Committee Report was adopted - Yea: 37 Nay: 0",37,0,0,3,40
1192479,837277,2019-04-05,House,"House Conference Committee Report was adopted - Yea: 114 Nay: 3",114,3,0,8,125
1192999,936168,2020-02-26,House,"House Motion to withdraw from  Committee on Commerce, Labor and Economic Development not adopted - Yea: 44 Nay: 81",44,81,0,0,125
1193146,810060,2019-02-27,House,"House Final Action - Passed as amended - Yea: 122 Nay: 1",122,1,0,1,124
1193146,830427,2019-03-27,Senate,"Senate Final Action - Passed as amended - Yea: 39 Nay: 0",39,0,0,1,40
1193146,953486,2020-03-19,Senate,"Senate Conference Committee Report was adopted - Yea: 33 Nay: 6",33,6,0,1,40
1193146,953487,2020-03-19,House,"House Conference Committee Report was adopted - Yea: 91 Nay: 24",91,24,0,10,125
1193240,816904,2019-03-08,House,"House Final Action - Passed as amended - Yea: 112 Nay: 7",112,7,0,5,124
1193240,829683,2019-03-27,Senate,"Senate Final Action - Passed as amended - Yea: 39 Nay: 0",39,0,0,1,40
1193336,828759,2019-03-26,House,"House Committee of the Whole - Amendment by  Representative Burroughs was rejected - Yea: 45 Nay: 66",45,66,0,14,125
1193336,830379,2019-03-27,House,"House Final Action - Passed - Yea: 111 Nay: 12",111,12,1,1,125
1193690,810624,2019-02-27,Senate,"Senate Consent Calendar Passed - Yea: 40 Nay: 0",40,0,0,0,40
1193690,827867,2019-03-25,House,"House Final Action - Passed - Yea: 124 Nay: 0",124,0,0,1,125
1194029,830854,2019-03-27,Senate,"Senate Emergency Final Action - Passed as amended - Yea: 39 Nay: 0",39,0,0,1,40
1194941,807692,2019-02-25,House,"House Final Action - Passed - Yea: 118 Nay: 0",118,0,0,6,124
1194941,829160,2019-03-26,Senate,"Senate Consent Calendar Passed - Yea: 39 Nay: 0",39,0,0,1,40
1195070,809999,2019-02-27,House,"House Final Action - Passed - Yea: 89 Nay: 35",89,35,0,0,124
1195131,810792,2019-02-27,House,"House Final Action - Passed - Yea: 124 Nay: 0",124,0,0,0,124
1195131,830212,2019-03-27,Senate,"Senate Emergency Final Action - Passed - Yea: 39 Nay: 0",39,0,0,1,40
1195152,804930,2019-02-20,House,"House Final Action - Passed - Yea: 120 Nay: 1",120,1,0,4,125
1195209,824831,2019-03-19,House,"House Final Action - Passed - Yea: 125 Nay: 0",125,0,0,0,125
1195209,828932,2019-03-26,Senate,"Senate Consent Calendar Passed - Yea: 39 Nay: 0",39,0,0,1,40
1195246,810770,2019-02-27,House,"House Final Action - Passed as amended - Yea: 123 Nay: 1",123,1,0,0,124
1195326,810789,2019-02-27,House,"House Final Action - Passed - Yea: 122 Nay: 2",122,2,0,0,124
1195326,829513,2019-03-26,Senate,"Senate Final Action - Passed as amended - Yea: 39 Nay: 0",39,0,0,1,40
1195326,836581,2019-04-04,Senate,"Senate Conference Committee Report was adopted - Yea: 40 Nay: 0",40,0,0,0,40
1195326,837463,2019-04-05,House,"House Conference Committee Report was adopted - Yea: 120 Nay: 1",120,1,0,4,125
1195365,810433,2019-02-27,House,"House Final Action - Passed - Yea: 123 Nay: 0",123,0,0,1,124
1195365,820605,2019-03-13,Senate,"Senate Consent Calendar Passed - Yea: 38 Nay: 0",38,0,0,2,40
1195431,811053,2019-02-27,House,"House Emergency Final Action - Passed as amended - Yea: 92 Nay: 32",92,32,0,0,124
1195431,829042,2019-03-26,Senate,"Senate Final Action - Passed as amended - Yea: 39 Nay: 0",39,0,0,1,40
1195431,859172,2019-05-04,Senate,"Senate Conference Committee Report was adopted - Yea: 40 Nay: 0",40,0,0,0,40
1195431,859173,2019-05-04,House,"House Conference Committee Report was adopted - Yea: 121 Nay: 0",121,0,0,4,125
1195452,827661,2019-03-25,House,"House Final Action - Passed - Yea: 124 Nay: 0",124,0,0,1,125
1195471,810783,2019-02-27,House,"House Final Action - Passed as amended - Yea: 122 Nay: 2",122,2,0,0,124
1195471,830490,2019-03-27,Senate,"Senate Emergency Final Action - Passed as amended - Yea: 38 Nay: 1",38,1,0,1,40
1195471,832995,2019-04-01,House,"House Concurred with amendments - Yea: 120 Nay: 0",120,0,0,5,125
1195557,799924,2019-02-14,House,"House Committee of the Whole - Amendment by  Representative Pittman was rejected - Yea: 49 Nay: 73",49,73,0,2,124
1195557,799925,2019-02-14,House,"House Committee of the Whole - Amendment by  Representative Benson was rejected - Yea: 48 Nay: 75",48,75,0,2,125
1195557,799926,2019-02-14,House,"House Committee of the Whole - Motion to recommend favorably for passage failed - Yea: 36 Nay: 87",36,87,0,2,125
1195619,828548,2019-03-26,House,"House Final Action - Passed as amended - Yea: 119 Nay: 5",119,5,0,1,125
1195786,822211,2019-03-14,Senate,"Senate Final Action - Adopted - Yea: 40 Nay: 0",40,0,0,0,40
1195786,833881,2019-03-27,House,"House Final Action - Adopted - Yea: 117 Nay: 7",117,7,0,1,125
1195971,825641,2019-03-20,Senate,"Senate Final Action - Passed - Yea: 29 Nay: 11",29,11,0,0,40
1196151,933629,2020-02-25,Senate,"Senate Emergency Final Action - Substitute passed as amended - Yea: 40 Nay: 0",40,0,0,0,40
1197082,810284,2019-02-27,House,"House Final Action - Passed - Yea: 124 Nay: 0",124,0,0,0,124
1197161,810022,2019-02-27,Senate,"Senate Final Action - Passed as amended - Yea: 40 Nay: 0",40,0,0,0,40
1197161,828711,2019-03-26,House,"House Final Action - Passed - Yea: 123 Nay: 1",123,1,0,1,125
1197180,810525,2019-02-27,Senate,"Senate Emergency Final Action - Passed as amended - Yea: 40 Nay: 0",40,0,0,0,40
1197196,810715,2019-02-27,Senate,"Senate Emergency Final Action - Passed - Yea: 40 Nay: 0",40,0,0,0,40
1197215,810779,2019-02-27,House,"House Final Action - Passed - Yea: 122 Nay: 2",122,2,0,0,124
1197215,830365,2019-03-27,Senate,"Senate Emergency Final Action - Passed - Yea: 39 Nay: 0",39,0,0,1,40
1197255,808490,2019-02-26,House,"House Final Action - Passed - Yea: 122 Nay: 0",122,0,0,2,124
1197255,829504,2019-03-26,Senate,"Senate Final Action - Passed - Yea: 38 Nay: 0",38,0,0,1,39
1197294,810499,2019-02-27,Senate,"Senate Emergency Final Action - Passed - Yea: 40 Nay: 0",40,0,0,0,40
1197294,830381,2019-03-27,House,"House Final Action - Passed as amended - Yea: 124 Nay: 0",124,0,0,1,125
1197294,835340,2019-04-03,House,"House Conference Committee Report was adopted - Yea: 119 Nay: 3",119,3,0,3,125
1197294,836542,2019-04-04,Senate,"Senate Conference Committee Report was adopted - Yea: 38 Nay: 1",38,1,0,0,39
1197433,810786,2019-02-27,House,"House Final Action - Passed - Yea: 124 Nay: 0",124,0,0,0,124
1197433,826766,2019-03-21,Senate,"Senate Final Action - Passed as amended - Yea: 39 Nay: 0",39,0,0,1,40
1197433,836513,2019-04-04,Senate,"Senate Conference Committee Report was adopted - Yea: 28 Nay: 12",28,12,0,0,40
1197433,837447,2019-04-05,House,"House Substitute motion to not adopt and appoint a conference committee failed - Yea: 40 Nay: 83",40,83,0,2,125
1197433,837448,2019-04-05,House,"House Conference Committee Report was adopted - Yea: 84 Nay: 39",84,39,0,2,125
1197452,810640,2019-02-27,House,"House Final Action - Passed as amended - Yea: 124 Nay: 0",124,0,0,0,124
1197452,828788,2019-03-26,Senate,"Senate Final Action - Substitute passed - Yea: 36 Nay: 3",36,3,0,1,40
1197452,837461,2019-04-05,Senate,"Senate Conference Committee Report was adopted - Yea: 36 Nay: 2",36,2,0,2,40
1197452,837462,2019-04-05,House,"House Conference Committee Report was adopted - Yea: 80 Nay: 41",80,41,0,4,125
1198713,810788,2019-02-27,House,"House Final Action - Passed - Yea: 121 Nay: 3",121,3,0,0,124
1198713,830446,2019-03-27,Senate,"Senate Final Action - Substitute passed - Yea: 35 Nay: 4",35,4,0,1,40
1198713,836411,2019-04-04,Senate,"Senate Conference Committee Report was adopted - Yea: 36 Nay: 4",36,4,0,0,40
1198713,837380,2019-04-05,House,"House Conference Committee Report was adopted - Yea: 91 Nay: 32",91,32,0,2,125
1198826,810806,2019-02-27,House,"House Emergency Final Action - Passed as amended - Yea: 124 Nay: 0",124,0,0,0,124
1198826,830578,2019-03-27,Senate,"Senate Final Action - Passed as amended - Yea: 39 Nay: 0",39,0,0,1,40
1198826,837422,2019-04-05,Senate,"Senate Conference Committee Report was adopted - Yea: 37 Nay: 0",37,0,0,3,40
1198826,858140,2019-05-02,House,"House Conference Committee Report was adopted - Yea: 123 Nay: 0",123,0,0,2,125
1199235,821833,2019-03-14,Senate,"Senate Committee of the Whole - Amendment by  Senator Masterson was rejected - Yea: 11 Nay: 29",11,29,0,0,40
1199235,821834,2019-03-14,Senate,"Senate Emergency Final Action - Passed - Yea: 32 Nay: 8",32,8,0,0,40
1199235,952809,2020-03-17,House,"House Emergency Final Action - Substitute passed as amended - Yea: 117 Nay: 2",117,2,0,6,125
1199235,952810,2020-03-17,Senate,"Senate Concurred with amendments - Yea: 30 Nay: 4",30,4,0,1,35
1199412,944814,2020-03-05,Senate,"Senate Emergency Final Action - Passed as amended - Yea: 40 Nay: 0",40,0,0,0,40
1199430,800972,2019-02-14,Senate,"Senate Final Action - Adopted - Yea: 27 Nay: 13",27,13,0,0,40
1199430,819741,2019-03-12,House,"House Committee of the Whole - Amendment by  Representative Carmichael was rejected - Yea: 37 Nay: 81",37,81,0,6,124
1199430,819742,2019-03-12,House,"House Committee of the Whole - Ruling of the chair was sustained - Yea: 79 Nay: 34",79,34,0,11,124
1199430,819743,2019-03-12,House,"House Committee of the Whole - Be adopted - Yea: 78 Nay: 5",78,5,32,9,124
1199430,820263,2019-03-12,House,"House Committee of the Whole - Handwritten Motion to Amend - Offered by Representative Benson. Rep. Barker raised a question of germaneness; The amendment was ruled not germane. Rep. Benson challenged the ruling of the chair; the ruling was sustained. - Y",80,37,0,7,124
1199430,820534,2019-03-13,House,"House Final Action - Adopted - Yea: 85 Nay: 38",85,38,0,1,124
1199461,825909,2019-03-20,Senate,"Senate Final Action - Passed as amended - Yea: 30 Nay: 8",30,8,0,0,38
1200186,810496,2019-02-27,House,"House Final Action - Passed - Yea: 121 Nay: 1",121,1,0,2,124
1200186,829111,2019-03-26,Senate,"Senate Final Action - Passed as amended - Yea: 39 Nay: 0",39,0,0,1,40
1200186,837449,2019-04-05,House,"House Motion to concur with amendments in conference failed - Yea: 7 Nay: 114",7,114,0,4,125
1200186,960186,2020-05-21,Senate,"Senate Conference Committee Report was adopted - Yea: 37 Nay: 2",37,2,0,1,40
1200186,960187,2020-05-21,House,"House Conference Committee Report was adopted - Yea: 112 Nay: 2",112,2,0,10,124
1200249,810820,2019-02-27,House,"House Emergency Final Action - Passed as amended - Yea: 124 Nay: 0",124,0,0,0,124
1200260,810784,2019-02-27,House,"House Final Action - Passed - Yea: 102 Nay: 22",102,22,0,0,124
1200336,809932,2019-02-27,House,"House Final Action - Passed as amended - Yea: 118 Nay: 6",118,6,0,0,124
1200364,829590,2019-03-27,House,"House Final Action - Passed as amended - Yea: 89 Nay: 35",89,35,0,1,125
1200382,827400,2019-03-25,House,"House Committee of the Whole - Amendment by  Representative Horn was rejected - Yea: 41 Nay: 83",41,83,0,1,125
1200382,827401,2019-03-25,House,"House Committee of the Whole - Amendment by  Representative Parker was rejected - Yea: 42 Nay: 82",42,82,0,1,125
1200382,827402,2019-03-25,House,"House Committee of the Whole - Amendment by  Representative Carlin was rejected - Yea: 42 Nay: 81",42,81,0,2,125
1200382,828584,2019-03-26,House,"House Final Action - Passed as amended - Yea: 85 Nay: 39",85,39,0,1,125
1200431,810530,2019-02-27,House,"House Final Action - Passed as amended - Yea: 121 Nay: 3",121,3,0,0,124
1200593,810738,2019-02-27,House,"House Final Action - Passed - Yea: 122 Nay: 2",122,2,0,0,124
1200593,830494,2019-03-27,Senate,"Senate Final Action - Passed as amended - Yea: 39 Nay: 0",39,0,0,1,40
1200593,859177,2019-05-04,Senate,"Senate Conference Committee Report was adopted - Yea: 39 Nay: 0",39,0,0,0,39
1200593,859178,2019-05-04,House,"House Conference Committee Report was adopted - Yea: 110 Nay: 11",110,11,0,4,125
1200805,820518,2019-03-13,Senate,"Senate Consent Calendar Passed - Yea: 38 Nay: 0",38,0,0,2,40
1200805,918228,2020-02-07,House,"House Final Action - Passed - Yea: 119 Nay: 1",119,1,0,5,125
1200836,821911,2019-03-14,Senate,"Senate Emergency Final Action - Passed as amended - Yea: 40 Nay: 0",40,0,0,0,40
1200869,937225,2020-02-27,Senate,"Senate Emergency Final Action - Passed as amended - Yea: 35 Nay: 4",35,4,0,1,40
1200900,934433,2020-02-25,Senate,"Senate Final Action - Passed as amended - Yea: 37 Nay: 3",37,3,0,0,40
1201569,810772,2019-02-27,House,"House Final Action - Passed as amended - Yea: 124 Nay: 0",124,0,0,0,124
1201569,829960,2019-03-27,Senate,"Senate Emergency Final Action - Passed as amended - Yea: 39 Nay: 0",39,0,0,1,40
1201569,856842,2019-05-01,Senate,"Senate Conference Committee Report was adopted - Yea: 39 Nay: 1",39,1,0,0,40
1201569,859157,2019-05-04,House,"House Conference Committee Report was adopted - Yea: 123 Nay: 0",123,0,0,2,125
1201979,828581,2019-03-26,House,"House Final Action - Passed as amended - Yea: 91 Nay: 33",91,33,0,1,125
1202139,828816,2019-03-26,House,"House Final Action - Passed as amended - Yea: 97 Nay: 27",97,27,0,1,125
1202491,809988,2019-02-27,Senate,"Senate Emergency Final Action - Passed as amended - Yea: 40 Nay: 0",40,0,0,0,40
1202697,826671,2019-03-21,Senate,"Senate Final Action - Passed as amended - Yea: 39 Nay: 0",39,0,0,1,40
1202742,820748,2019-03-13,Senate,"Senate Consent Calendar Passed - Yea: 38 Nay: 0",38,0,0,2,40
1202742,952431,2020-03-16,House,"House Emergency Final Action - Substitute passed as amended - Yea: 103 Nay: 16",103,16,1,5,125
1202742,953489,2020-03-19,House,"House Conference Committee Report was adopted - Yea: 112 Nay: 3",112,3,0,10,125
1202742,953490,2020-03-19,Senate,"Senate Conference Committee Report was adopted - Yea: 37 Nay: 2",37,2,0,1,40
1202787,826824,2019-03-21,Senate,"Senate Consent Calendar Passed - Yea: 39 Nay: 0",39,0,0,1,40
1202905,914225,2020-02-04,Senate,"Senate Emergency Final Action - Passed as amended - Yea: 39 Nay: 1",39,1,0,0,40
1203959,811131,2019-02-27,House,"House Emergency Final Action - Passed - Yea: 124 Nay: 0",124,0,0,0,124
1204031,828793,2019-03-26,House,"House Committee of the Whole - Amendment by  Representative Ballard was rejected - Yea: 43 Nay: 75",43,75,0,7,125
1204031,828794,2019-03-26,House,"House Committee of the Whole - Amendment by  Representative Owens was adopted - Yea: 74 Nay: 45",74,45,0,6,125
1204031,828795,2019-03-26,House,"House Committee of the Whole - Amendment by  Representative Woodard was rejected - Yea: 47 Nay: 74",47,74,0,4,125
1204031,829591,2019-03-27,House,"House Final Action - Passed as amended - Yea: 83 Nay: 41",83,41,0,1,125
1204773,811018,2019-02-27,House,"House Emergency Final Action - Passed as amended - Yea: 113 Nay: 11",113,11,0,0,124
1205889,811232,2019-02-27,House,"House Emergency Final Action - Passed as amended - Yea: 124 Nay: 0",124,0,0,0,124
1205937,809194,2019-02-26,House,"House Final Action - Passed - Yea: 122 Nay: 0",122,0,0,2,124
1205937,830041,2019-03-27,Senate,"Senate Emergency Final Action - Passed as amended - Yea: 39 Nay: 0",39,0,0,1,40
1205937,836388,2019-04-04,House,"House Concurred with amendments in conference - Yea: 121 Nay: 1",121,1,0,3,125
1207051,810632,2019-02-27,Senate,"Senate Emergency Final Action - Passed - Yea: 40 Nay: 0",40,0,0,0,40
1207051,829255,2019-03-26,House,"House Final Action - Passed - Yea: 124 Nay: 0",124,0,0,1,125
1207220,809973,2019-02-27,Senate,"Senate Emergency Final Action - Passed as amended - Yea: 40 Nay: 0",40,0,0,0,40
1208855,830039,2019-03-27,House,"House Final Action - Passed as amended - Yea: 73 Nay: 51",73,51,0,1,125
1208903,829926,2019-03-27,House,"House Final Action - Passed as amended - Yea: 102 Nay: 22",102,22,0,1,125
1209042,829752,2019-03-27,House,"House Final Action - Passed as amended - Yea: 114 Nay: 10",114,10,0,1,125
1211837,828364,2019-03-25,House,"House Committee of the Whole - Amendment by  Representative Highberger was rejected - Yea: 58 Nay: 61",58,61,1,5,125
1212559,828636,2019-03-26,Senate,"Senate Final Action - Passed - Yea: 39 Nay: 0",39,0,0,1,40
1218125,829932,2019-03-27,Senate,"Senate Final Action - Passed - Yea: 39 Nay: 0",39,0,0,1,40
1223485,830716,2019-03-27,Senate,"Senate Emergency Final Action - Passed as amended - Yea: 35 Nay: 4",35,4,0,1,40
1231448,828630,2019-03-26,House,"House Final Action - Passed as amended - Yea: 122 Nay: 2",122,2,0,1,125
1234280,936009,2020-02-26,Senate,"Senate Emergency Final Action - Passed as amended - Yea: 40 Nay: 0",40,0,0,0,40
1237974,828729,2019-03-26,House,"House Final Action - Passed as amended - Yea: 97 Nay: 27",97,27,0,1,125
1238792,944568,2020-03-05,Senate,"Senate Emergency Final Action - Passed as amended - Yea: 31 Nay: 9",31,9,0,0,40
1239491,830060,2019-03-27,Senate,"Senate Final Action - Passed - Yea: 38 Nay: 1",38,1,0,1,40
1239567,937252,2020-02-27,Senate,"Senate Emergency Final Action - Passed as amended - Yea: 35 Nay: 3",35,3,0,1,39
1240822,830236,2019-03-27,Senate,"Senate Final Action - Passed as amended - Yea: 39 Nay: 0",39,0,0,1,40
1241375,829930,2019-03-27,House,"House Final Action - Passed as amended - Yea: 106 Nay: 18",106,18,0,1,125
1241461,829127,2019-03-26,House,"House Final Action - Adopted - Yea: 124 Nay: 0",124,0,0,1,125
1243034,829975,2019-03-27,Senate,"Senate Final Action - Passed - Yea: 39 Nay: 0",39,0,0,1,40
1245789,874518,2019-05-29,Senate,"Senate Withdrawn from  Committee on Judiciary and referred to Committee of the Whole - Yea: 28 Nay: 10",28,10,0,2,40
1270340,887721,2019-05-29,House,"House Emergency Final Action - Adopted - Yea: 116 Nay: 0",116,0,0,8,124
1270340,887722,2019-05-29,Senate,"Senate Emergency Final Action - Adopted - Yea: 38 Nay: 0",38,0,0,2,40
1279677,926754,2020-02-19,House,"House Final Action - Passed as amended - Yea: 122 Nay: 0",122,0,0,3,125
1288659,913632,2020-02-03,House,"House Final Action - Passed - Yea: 114 Nay: 0",114,0,0,11,125
1292053,928402,2020-02-20,House,"House Final Action - Passed as amended - Yea: 121 Nay: 1",121,1,0,3,125
1292055,935652,2020-02-26,House,"House Final Action - Passed - Yea: 120 Nay: 5",120,5,0,0,125
1292470,934001,2020-02-25,Senate,"Senate Withdrawn from  Committee on Financial Institutions and Insurance and referred to Committee of the Whole - Yea: 11 Nay: 29",11,29,0,0,40
1293786,928957,2020-02-20,House,"House Final Action - Passed as amended - Yea: 122 Nay: 0",122,0,0,3,125
1298846,937563,2020-02-27,Senate,"Senate Emergency Final Action - Passed as amended - Yea: 39 Nay: 0",39,0,0,1,40
1301772,935516,2020-02-26,House,"House Final Action - Passed - Yea: 125 Nay: 0",125,0,0,0,125
1301773,944761,2020-03-05,Senate,"Senate Emergency Final Action - Passed as amended - Yea: 40 Nay: 0",40,0,0,0,40
1301775,933883,2020-02-25,Senate,"Senate Final Action - Passed as amended - Yea: 36 Nay: 3",36,3,0,0,39
1301777,934660,2020-02-25,Senate,"Senate Emergency Final Action - Passed as amended - Yea: 38 Nay: 2",38,2,0,0,40
1301779,938229,2020-02-27,Senate,"Senate Emergency Final Action - Passed - Yea: 39 Nay: 0",39,0,0,1,40
1302868,914701,2020-02-04,Senate,"Senate Consent Calendar Passed - Yea: 39 Nay: 1",39,1,0,0,40
1307608,936750,2020-02-26,Senate,"Senate Emergency Final Action - Passed as amended - Yea: 40 Nay: 0",40,0,0,0,40
1307704,934974,2020-02-25,Senate,"Senate Emergency Final Action - Passed as amended - Yea: 40 Nay: 0",40,0,0,0,40
1307752,934965,2020-02-25,Senate,"Senate Emergency Final Action - Passed - Yea: 40 Nay: 0",40,0,0,0,40
1307798,934234,2020-02-25,Senate,"Senate Emergency Final Action - Passed as amended - Yea: 29 Nay: 11",29,11,0,0,40
1309232,934009,2020-02-25,Senate,"Senate Emergency Final Action - Passed - Yea: 40 Nay: 0",40,0,0,0,40
1309291,928284,2020-02-20,Senate,"Senate Emergency Final Action - Passed - Yea: 39 Nay: 0",39,0,0,1,40
1309478,937675,2020-02-27,Senate,"Senate Emergency Final Action - Passed as amended - Yea: 39 Nay: 0",39,0,0,1,40
1309601,935858,2020-02-26,Senate,"Senate Emergency Final Action - Passed as amended - Yea: 40 Nay: 0",40,0,0,0,40
1310784,929265,2020-02-20,House,"House Final Action - Passed as amended - Yea: 83 Nay: 39",83,39,0,3,125
1310864,928993,2020-02-20,House,"House Final Action - Passed - Yea: 99 Nay: 23",99,23,0,3,125
1311015,929334,2020-02-20,House,"House Final Action - Passed - Yea: 122 Nay: 0",122,0,0,3,125
1311061,925318,2020-02-18,House,"House Committee of the Whole - Ruling of the chair was sustained - Yea: 82 Nay: 40",82,40,0,3,125
1311061,926462,2020-02-19,House,"House Final Action - Passed as amended - Yea: 98 Nay: 25",98,25,0,2,125
1311119,935549,2020-02-26,House,"House Final Action - Passed - Yea: 125 Nay: 0",125,0,0,0,125
1311194,926798,2020-02-19,House,"House Final Action - Passed as amended - Yea: 114 Nay: 9",114,9,0,2,125
1311509,926226,2020-02-18,Senate,"Senate Consent Calendar Passed - Yea: 38 Nay: 0",38,0,0,2,40
1311864,910005,2020-01-29,Senate,"Senate Committee of the Whole - Amendment by  Senator Doll was rejected - Yea: 13 Nay: 27",13,27,0,0,40
1311864,910857,2020-01-29,Senate,"Senate Committee of the Whole - Amendment by  Senator Miller was rejected - Yea: 11 Nay: 29",11,29,0,0,40
1311864,910858,2020-01-29,Senate,"Senate Committee of the Whole - Amendment by  Senator Miller was rejected - Yea: 11 Nay: 29",11,29,0,0,40
1311864,910859,2020-01-29,Senate,"Senate Committee of the Whole - Amendment by  Senator Hensley was rejected - Yea: 12 Nay: 28",12,28,0,0,40
1311864,910860,2020-01-29,Senate,"Senate Committee of the Whole - Amendment by  Senator Sykes was rejected - Yea: 13 Nay: 26",13,26,0,1,40
1311864,910861,2020-01-29,Senate,"Senate Committee of the Whole - Amendment by  Senator Francisco was rejected - Yea: 11 Nay: 28",11,28,0,1,40
1311864,910862,2020-01-29,Senate,"Senate Emergency Final Action - Adopted as amended by Required 2/3 Majority - Yea: 28 Nay: 12",28,12,0,0,40
1311864,916403,2020-02-06,House,"House Committee of the Whole - Be adopted - Yea: 80 Nay: 41",80,41,0,4,125
1311864,917852,2020-02-07,House,"House Final Action - Not adopted - Yea: 80 Nay: 43",80,43,0,2,125
1312440,937258,2020-02-27,Senate,"Senate Emergency Final Action - Passed as amended - Yea: 39 Nay: 0",39,0,0,1,40
1315756,936034,2020-02-26,House,"House Final Action - Passed - Yea: 124 Nay: 1",124,1,0,0,125
1316098,935402,2020-02-26,Senate,"Senate Committee of the Whole - Amendment by  Senator Holland was rejected - Yea: 9 Nay: 30",9,30,0,0,39
1316098,936121,2020-02-26,Senate,"Senate Committee of the Whole - Amendment by  Senator Braun was rejected - Yea: 17 Nay: 18",17,18,0,0,35
1316098,936122,2020-02-26,Senate,"Senate Committee of the Whole - Amendment by  Senator Hilderbrand was rejected - Yea: 11 Nay: 24",11,24,0,1,36
1316098,936123,2020-02-26,Senate,"Senate Emergency Final Action - Passed as amended - Yea: 23 Nay: 15",23,15,0,0,38
1316128,937450,2020-02-26,Senate,"Senate Emergency Final Action - Passed as amended - Yea: 40 Nay: 0",40,0,0,0,40
1317271,918523,2020-02-10,House,"House Final Action - Passed - Yea: 118 Nay: 1",118,1,0,6,125
1317271,960009,2020-05-21,Senate,"Senate Emergency Final Action - Passed as amended - Yea: 40 Nay: 0",40,0,0,0,40
1317328,935854,2020-02-26,House,"House Final Action - Passed as amended - Yea: 121 Nay: 4",121,4,0,0,125
1317388,936216,2020-02-26,House,"House Final Action - Passed as amended - Yea: 125 Nay: 0",125,0,0,0,125
1317572,936197,2020-02-26,House,"House Final Action - Passed - Yea: 125 Nay: 0",125,0,0,0,125
1317579,928282,2020-02-20,Senate,"Senate Consent Calendar Passed - Yea: 39 Nay: 0",39,0,0,1,40
1317618,926180,2020-02-18,Senate,"Senate Consent Calendar Passed - Yea: 38 Nay: 0",38,0,0,2,40
1317648,934254,2020-02-25,Senate,"Senate Emergency Final Action - Passed as amended - Yea: 39 Nay: 0",39,0,0,0,39
1317660,937789,2020-02-27,Senate,"Senate Emergency Final Action - Passed as amended - Yea: 38 Nay: 1",38,1,0,1,40
1317690,928880,2020-02-20,Senate,"Senate Emergency Final Action - Passed - Yea: 38 Nay: 1",38,1,0,1,40
1317704,937466,2020-02-27,Senate,"Senate Emergency Final Action - Passed - Yea: 39 Nay: 0",39,0,0,1,40
1317733,936643,2020-02-26,Senate,"Senate Emergency Final Action - Passed - Yea: 40 Nay: 0",40,0,0,0,40
1317748,934104,2020-02-25,Senate,"Senate Consent Calendar Passed - Yea: 40 Nay: 0",40,0,0,0,40
1317762,928789,2020-02-20,Senate,"Senate Emergency Final Action - Passed - Yea: 38 Nay: 1",38,1,0,1,40
1317788,934785,2020-02-25,Senate,"Senate Emergency Final Action - Passed - Yea: 38 Nay: 1",38,1,0,0,39
1317803,934321,2020-02-25,Senate,"Senate Consent Calendar Passed - Yea: 40 Nay: 0",40,0,0,0,40
1318538,936078,2020-02-26,House,"House Final Action - Passed as amended - Yea: 120 Nay: 5",120,5,0,0,125
1318558,935822,2020-02-26,House,"House Final Action - Passed - Yea: 125 Nay: 0",125,0,0,0,125
1318609,918168,2020-02-07,House,"House Final Action - Passed as amended - Yea: 105 Nay: 15",105,15,0,5,125
1318626,936096,2020-02-26,House,"House Emergency Final Action - Passed - Yea: 118 Nay: 7",118,7,0,0,125
1318696,935837,2020-02-26,House,"House Final Action - Passed - Yea: 125 Nay: 0",125,0,0,0,125
1318731,935762,2020-02-26,House,"House Final Action - Passed - Yea: 125 Nay: 0",125,0,0,0,125
1318792,950699,2020-03-12,House,"House Final Action - Passed - Yea: 118 Nay: 2",118,2,0,5,125
1318907,952746,2020-03-16,Senate,"Senate Emergency Final Action - Passed as amended - Yea: 36 Nay: 3",36,3,0,1,40
1318923,934657,2020-02-25,Senate,"Senate Final Action - Passed - Yea: 37 Nay: 3",37,3,0,0,40
1318940,929239,2020-02-20,Senate,"Senate Emergency Final Action - Passed - Yea: 39 Nay: 0",39,0,0,1,40
1318958,936493,2020-02-26,Senate,"Senate Emergency Final Action - Passed as amended - Yea: 37 Nay: 3",37,3,0,0,40
1318958,966532,2020-02-26,Senate,"Senate Committee of the Whole - Amendment by  Senator Bollier was rejected - Yea: 15 Nay: 23",15,23,0,2,40
1318973,929256,2020-02-20,Senate,"Senate Emergency Final Action - Passed as amended - Yea: 37 Nay: 0",37,0,0,1,38
1318990,925942,2020-02-18,Senate,"Senate Consent Calendar Passed - Yea: 38 Nay: 0",38,0,0,2,40
1319003,926096,2020-02-18,Senate,"Senate Consent Calendar Passed - Yea: 38 Nay: 0",38,0,0,2,40
1319406,935993,2020-02-26,House,"House Final Action - Passed - Yea: 125 Nay: 0",125,0,0,0,125
1319489,928999,2020-02-20,House,"House Emergency Final Action - Passed as amended - Yea: 122 Nay: 0",122,0,0,3,125
1319598,936300,2020-02-26,House,"House Final Action - Passed - Yea: 125 Nay: 0",125,0,0,0,125
1320439,928963,2020-02-20,House,"House Final Action - Passed as amended - Yea: 119 Nay: 3",119,3,0,3,125
1320532,933514,2020-02-25,House,"House Committee of the Whole - Amendment by  Representative Kelly was adopted - Yea: 122 Nay: 0",122,0,0,3,125
1320532,933515,2020-02-25,House,"House Committee of the Whole - Amendment by  Representative Frownfelter was rejected - Yea: 45 Nay: 76",45,76,0,4,125
1320532,933516,2020-02-25,House,"House Committee of the Whole - Amendment by  Representative Benson was rejected - Yea: 48 Nay: 74",48,74,0,3,125
1320532,935221,2020-02-26,House,"House Final Action - Passed as amended - Yea: 125 Nay: 0",125,0,0,0,125
1320575,936041,2020-02-26,House,"House Emergency Final Action - Substitute passed as amended - Yea: 123 Nay: 2",123,2,0,0,125
1320667,935945,2020-02-26,House,"House Final Action - Passed as amended - Yea: 97 Nay: 27",97,27,1,0,125
1321169,952770,2020-03-16,Senate,"Senate Emergency Final Action - Passed as amended - Yea: 35 Nay: 2",35,2,0,1,38
1321194,937310,2020-02-27,Senate,"Senate Emergency Final Action - Passed as amended - Yea: 39 Nay: 0",39,0,0,1,40
1321296,926238,2020-02-18,Senate,"Senate Consent Calendar Passed - Yea: 38 Nay: 0",38,0,0,2,40
1322031,936474,2020-02-26,House,"House Emergency Final Action - Passed - Yea: 122 Nay: 3",122,3,0,0,125
1322031,953012,2020-03-17,Senate,"Senate Emergency Final Action - Passed as amended - Yea: 39 Nay: 0",39,0,0,1,40
1322031,960001,2020-05-21,Senate,"Senate Conference Committee Report was adopted - Yea: 37 Nay: 2",37,2,0,1,40
1322031,960002,2020-05-21,House,"House Conference Committee Report was adopted - Yea: 110 Nay: 3",110,3,0,11,124
1322079,928886,2020-02-20,House,"House Emergency Final Action - Passed as amended - Yea: 116 Nay: 6",116,6,0,3,125
1322215,935596,2020-02-26,House,"House Emergency Final Action - Passed - Yea: 122 Nay: 3",122,3,0,0,125
1322426,925881,2020-02-18,Senate,"Senate Consent Calendar Passed - Yea: 38 Nay: 0",38,0,0,2,40
1322499,934722,2020-02-25,Senate,"Senate Consent Calendar Passed - Yea: 39 Nay: 1",39,1,0,0,40
1322649,937877,2020-02-27,Senate,"Senate Emergency Final Action - Passed - Yea: 37 Nay: 2",37,2,0,1,40
1322670,933819,2020-02-25,Senate,"Senate Final Action - Passed as amended - Yea: 40 Nay: 0",40,0,0,0,40
1323464,928823,2020-02-20,House,"House Emergency Final Action - Passed as amended - Yea: 122 Nay: 0",122,0,0,3,125
1323565,924876,2020-02-17,House,"House Final Action - Passed - Yea: 118 Nay: 0",118,0,0,7,125
1323702,935823,2020-02-26,House,"House Final Action - Passed - Yea: 124 Nay: 1",124,1,0,0,125
1323736,936782,2020-02-26,House,"House Final Action - Passed - Yea: 125 Nay: 0",125,0,0,0,125
1323936,933988,2020-02-25,House,"House Committee of the Whole - Amendment by  Representative Hodge was rejected - Yea: 46 Nay: 76",46,76,0,3,125
1323936,935372,2020-02-26,House,"House Final Action - Passed as amended - Yea: 123 Nay: 2",123,2,0,0,125
1324143,934761,2020-02-25,Senate,"Senate Emergency Final Action - Passed as amended - Yea: 39 Nay: 0",39,0,0,0,39
1324163,936242,2020-02-26,Senate,"Senate Emergency Final Action - Passed as amended - Yea: 39 Nay: 1",39,1,0,0,40
1324182,928533,2020-02-20,Senate,"Senate Emergency Final Action - Passed as amended - Yea: 39 Nay: 0",39,0,0,1,40
1324977,952894,2020-03-17,Senate,"Senate Emergency Final Action - Passed - Yea: 31 Nay: 8",31,8,0,1,40
1325013,937065,2020-02-27,Senate,"Senate Emergency Final Action - Passed - Yea: 36 Nay: 3",36,3,0,1,40
1325664,935883,2020-02-26,House,"House Committee of the Whole - Amendment by  Representative Winn was rejected - Yea: 44 Nay: 80",44,80,0,1,125
1325664,935884,2020-02-26,House,"House Emergency Final Action - Passed as amended - Yea: 111 Nay: 14",111,14,0,0,125
1326632,935989,2020-02-26,House,"House Final Action - Passed - Yea: 125 Nay: 0",125,0,0,0,125
1326691,935222,2020-02-26,House,"House Final Action - Passed - Yea: 125 Nay: 0",125,0,0,0,125
1326749,935706,2020-02-26,House,"House Final Action - Passed as amended - Yea: 125 Nay: 0",125,0,0,0,125
1326833,951007,2020-03-12,House,"House Committee of the Whole - Ruling of the chair was sustained - Yea: 81 Nay: 38",81,38,0,6,125
1326833,951942,2020-03-13,House,"House Final Action - Passed as amended - Yea: 115 Nay: 1",115,1,0,9,125
1326925,934866,2020-02-25,Senate,"Senate Emergency Final Action - Passed - Yea: 40 Nay: 0",40,0,0,0,40
1326980,937926,2020-02-27,Senate,"Senate Emergency Final Action - Passed as amended - Yea: 39 Nay: 0",39,0,0,1,40
1327219,934049,2020-02-25,Senate,"Senate Final Action - Passed as amended - Yea: 37 Nay: 3",37,3,0,0,40
1329153,936305,2020-02-26,Senate,"Senate Emergency Final Action - Adopted - Yea: 37 Nay: 0",37,0,0,0,37
1331995,936686,2020-02-26,House,"House Emergency Final Action - Passed as amended - Yea: 95 Nay: 29",95,29,1,0,125
1332214,949418,2020-03-11,House,"House Committee of the Whole - Ruling of the chair was sustained - Yea: 82 Nay: 39",82,39,0,4,125
1332214,950710,2020-03-12,House,"House Final Action - Passed as amended - Yea: 108 Nay: 12",108,12,0,5,125
1332712,936657,2020-02-26,House,"House Emergency Final Action - Passed as amended - Yea: 123 Nay: 2",123,2,0,0,125
1332712,959911,2020-05-21,Senate,"Senate Emergency Final Action - Substitute passed as amended - Yea: 39 Nay: 1",39,1,0,0,40
1332712,959912,2020-05-21,House,"House Concurred with amendments - Yea: 75 Nay: 45",75,45,1,3,124
1332764,936979,2020-02-26,House,"House Final Action - Passed - Yea: 124 Nay: 1",124,1,0,0,125
1332862,936045,2020-02-26,House,"House Emergency Final Action - Passed - Yea: 124 Nay: 1",124,1,0,0,125
1333055,938144,2020-02-27,Senate,"Senate Emergency Final Action - Passed as amended - Yea: 39 Nay: 0",39,0,0,1,40
1333113,936556,2020-02-26,Senate,"Senate Emergency Final Action - Passed as amended - Yea: 40 Nay: 0",40,0,0,0,40
1333193,936277,2020-02-26,Senate,"Senate Emergency Final Action - Passed as amended - Yea: 25 Nay: 15",25,15,0,0,40
1333211,937198,2020-02-27,Senate,"Senate Emergency Final Action - Passed as amended - Yea: 31 Nay: 8",31,8,0,1,40
1333231,937210,2020-02-27,Senate,"Senate Emergency Final Action - Passed - Yea: 39 Nay: 0",39,0,0,1,40
1333253,952552,2020-03-16,Senate,"Senate Committee of the Whole - Amendment by  Senator Hilderbrand was rejected - Yea: 15 Nay: 24",15,24,0,1,40
1333253,952553,2020-03-16,Senate,"Senate Emergency Final Action - Passed as amended - Yea: 37 Nay: 2",37,2,0,1,40
1333344,935892,2020-02-26,Senate,"Senate Committee of the Whole - Amendment by  Senator Haley was rejected - Yea: 16 Nay: 20",16,20,0,3,39
1333344,935893,2020-02-26,Senate,"Senate Emergency Final Action - Passed - Yea: 40 Nay: 0",40,0,0,0,40
1333353,934920,2020-02-25,Senate,"Senate Emergency Final Action - Passed as amended - Yea: 39 Nay: 1",39,1,0,0,40
1333951,938129,2020-02-27,Senate,"Senate Emergency Final Action - Passed as amended - Yea: 39 Nay: 0",39,0,0,1,40
1334041,936770,2020-02-26,Senate,"Senate Emergency Final Action - Passed as amended - Yea: 40 Nay: 0",40,0,0,0,40
1334101,929005,2020-02-20,House,"House Final Action - Passed as amended - Yea: 118 Nay: 3",118,3,1,3,125
1334101,952835,2020-03-17,Senate,"Senate Emergency Final Action - Passed - Yea: 36 Nay: 3",36,3,0,1,40
1334119,950457,2020-03-12,House,"House Final Action - Passed as amended - Yea: 113 Nay: 7",113,7,0,5,125
1334975,933343,2020-02-25,Senate,"Senate Final Action - Passed as amended - Yea: 38 Nay: 2",38,2,0,0,40
1335142,952680,2020-03-17,Senate,"Senate Committee of the Whole - Amendment by  Senator Braun was rejected - Yea: 18 Nay: 20",18,20,0,1,39
1335142,952829,2020-03-17,Senate,"Senate Committee of the Whole - Amendment by  Senator Pyle was rejected - Yea: 14 Nay: 25",14,25,0,1,40
1335142,952830,2020-03-17,Senate,"Senate Committee of the Whole - Amendment by  Senator Pyle was rejected - Yea: 10 Nay: 26",10,26,0,1,37
1335142,952831,2020-03-17,Senate,"Senate Committee of the Whole - Amendment by  Senator Thompson was rejected - Yea: 15 Nay: 20",15,20,0,1,36
1335142,952832,2020-03-17,Senate,"Senate Emergency Final Action - Substitute passed as amended - Yea: 27 Nay: 11",27,11,0,1,39
1336331,935913,2020-02-26,House,"House Emergency Final Action - Passed as amended - Yea: 120 Nay: 5",120,5,0,0,125
1336361,934176,2020-02-25,House,"House Committee of the Whole - Amendment by  Representative Xu was rejected - Yea: 38 Nay: 81",38,81,0,6,125
1336361,935835,2020-02-26,House,"House Final Action - Passed - Yea: 118 Nay: 7",118,7,0,0,125
1336361,960005,2020-05-21,Senate,"Senate Emergency Final Action - Substitute passed - Yea: 29 Nay: 11",29,11,0,0,40
1336361,960006,2020-05-21,House,"House Concurred with amendments - Yea: 114 Nay: 3",114,3,0,7,124
1336396,937640,2020-02-27,Senate,"Senate Emergency Final Action - Passed as amended - Yea: 32 Nay: 6",32,6,0,1,39
1336466,952290,2020-03-16,Senate,"Senate Emergency Final Action - Passed as amended - Yea: 31 Nay: 8",31,8,0,1,40
1336477,936090,2020-02-26,Senate,"Senate Emergency Final Action - Passed as amended - Yea: 40 Nay: 0",40,0,0,0,40
1336548,937161,2020-02-27,Senate,"Senate Emergency Final Action - Passed - Yea: 39 Nay: 0",39,0,0,1,40
1336595,944687,2020-03-05,Senate,"Senate Emergency Final Action - Passed as amended - Yea: 35 Nay: 5",35,5,0,0,40
1337009,935794,2020-02-26,House,"House Final Action - Passed - Yea: 125 Nay: 0",125,0,0,0,125
1337092,953051,2020-03-18,House,"House Final Action - Adopted - Yea: 82 Nay: 35",82,35,0,8,125
1337140,953030,2020-03-18,House,"House Final Action - Adopted - Yea: 74 Nay: 44",74,44,0,7,125
1337424,937360,2020-02-27,Senate,"Senate Emergency Final Action - Passed as amended - Yea: 39 Nay: 0",39,0,0,1,40
1337439,952996,2020-03-17,Senate,"Senate Emergency Final Action - Passed - Yea: 30 Nay: 7",30,7,0,1,38
1337446,936809,2020-02-26,Senate,"Senate Emergency Final Action - Passed as amended - Yea: 40 Nay: 0",40,0,0,0,40
1337464,952644,2020-03-16,Senate,"Senate Emergency Final Action - Passed as amended - Yea: 38 Nay: 0",38,0,0,1,39
1338205,951005,2020-03-12,House,"House Committee of the Whole - Amendment by  Representative Ward was rejected - Yea: 48 Nay: 69",48,69,0,8,125
1338205,951006,2020-03-12,House,"House Committee of the Whole - Amendment by  Representative Hodge was rejected - Yea: 38 Nay: 82",38,82,0,5,125
1338205,951937,2020-03-13,House,"House Final Action - Passed as amended - Yea: 103 Nay: 12",103,12,1,9,125
1338639,952785,2020-03-16,Senate,"Senate Emergency Final Action - Passed as amended - Yea: 30 Nay: 9",30,9,0,1,40
1338685,952679,2020-03-16,Senate,"Senate Emergency Final Action - Passed as amended - Yea: 39 Nay: 0",39,0,0,1,40
1338703,936969,2020-02-26,Senate,"Senate Emergency Final Action - Passed - Yea: 40 Nay: 0",40,0,0,0,40
1339300,936593,2020-02-26,House,"House Committee of the Whole - Amendment by  Representative Hodge was rejected - Yea: 44 Nay: 80",44,80,0,1,125
1339300,936594,2020-02-26,House,"House Committee of the Whole - Amendment by  Representative Hodge was rejected - Yea: 40 Nay: 80",40,80,0,5,125
1339300,936595,2020-02-26,House,"House Emergency Final Action - Passed - Yea: 125 Nay: 0",125,0,0,0,125
1339300,952935,2020-03-17,Senate,"Senate Emergency Final Action - Passed as amended - Yea: 39 Nay: 0",39,0,0,1,40
1339300,960114,2020-05-21,Senate,"Senate Conference Committee Report was adopted - Yea: 35 Nay: 2",35,2,0,0,37
1339300,960115,2020-05-21,House,"House Conference Committee Report was adopted - Yea: 89 Nay: 28",89,28,0,7,124
1339438,935279,2020-02-26,House,"House Final Action - Passed - Yea: 105 Nay: 20",105,20,0,0,125
1339717,936336,2020-02-26,House,"House Emergency Final Action - Passed - Yea: 125 Nay: 0",125,0,0,0,125
1340106,935951,2020-02-26,House,"House Emergency Final Action - Passed as amended - Yea: 122 Nay: 3",122,3,0,0,125
1340795,935730,2020-02-26,House,"House Emergency Final Action - Passed - Yea: 125 Nay: 0",125,0,0,0,125
1342000,952424,2020-03-16,Senate,"Senate Emergency Final Action - Passed as amended - Yea: 39 Nay: 0",39,0,0,1,40
1351611,952570,2020-03-16,Senate,"Senate Emergency Final Action - Passed as amended - Yea: 35 Nay: 4",35,4,0,1,40
1358397,952342,2020-03-16,Senate,"Senate Emergency Final Action - Passed as amended - Yea: 39 Nay: 0",39,0,0,1,40
1359827,951572,2020-03-13,House,"House Emergency Final Action - Adopted - Yea: 116 Nay: 0",116,0,0,9,125
1359827,953259,2020-03-18,Senate,"Senate Final Action - Adopted as amended - Yea: 37 Nay: 2",37,2,0,1,40
1359827,953483,2020-03-19,Senate,"Senate Conference Committee Report was adopted - Yea: 39 Nay: 0",39,0,0,1,40
1359827,953484,2020-03-19,House,"House Conference Committee Report was adopted - Yea: 115 Nay: 0",115,0,0,10,125
