bill_id,session_id,bill_number,status,status_desc,status_date,title,description,committee_id,committee,last_action_date,last_action,url,state_link
435180,964,HF1,2,Engrossed,2012-08-24,"Flood loss aid and property tax relief provided for, spending authorized to acquire and better public land and buildings and other improvements of a capital nature, bonds issued, prior appropriations transferred or canceled, and money appropriated for flood and windstorm relief.","Flood loss aid and property tax relief provided for, spending authorized to acquire and better public land and buildings and other improvements of a capital nature, bonds issued, prior appropriations transferred or canceled, and money appropriated for flood and windstorm relief.",0,,2012-08-24,"Senate: Third reading Passed",https://legiscan.com/MN/bill/HF1/2012/X1,https://www.revisor.mn.gov/revisor/pages/search_status/status_detail.php?b=House&f=HF0001&ssn=1&y=2012
435240,964,HF2,2,Engrossed,2012-08-24,"Corrections made to the 2012 First Special Session flood relief legislation.","Corrections made to the 2012 First Special Session flood relief legislation.",0,,2012-08-24,"House: Bill was passed",https://legiscan.com/MN/bill/HF2/2012/X1,https://www.revisor.mn.gov/revisor/pages/search_status/status_detail.php?b=House&f=HF0002&ssn=1&y=2012
435301,964,HF3,1,Introduced,2012-08-24,"Genetically engineered food regulated.","Genetically engineered food regulated.",0,,2012-08-24,"House: Introduction and first reading",https://legiscan.com/MN/bill/HF3/2012/X1,https://www.revisor.mn.gov/revisor/pages/search_status/status_detail.php?b=House&f=HF0003&ssn=1&y=2012
435361,964,SF1,1,Introduced,2012-08-24,"Flood and windstorm disaster relief bond issue and appropriations ","Flood and windstorm disaster relief bond issue and appropriations ",0,,2012-08-24,"Senate: Laid on table",https://legiscan.com/MN/bill/SF1/2012/X1,https://www.revisor.mn.gov/revisor/pages/search_status/status_detail.php?b=Senate&f=SF0001&ssn=1&y=2012
435420,964,SF2,1,Introduced,2012-08-24,"Disaster assistance technical corrections bill","Disaster assistance technical corrections bill",0,,2012-08-24,"Senate: Laid on table",https://legiscan.com/MN/bill/SF2/2012/X1,https://www.revisor.mn.gov/revisor/pages/search_status/status_detail.php?b=Senate&f=SF0002&ssn=1&y=2012
435481,964,SF3,1,Introduced,2012-08-24,"Natural disasters working group establishment","Natural disasters working group establishment",1750,"Senate Rules and Administration",2012-08-24,"Senate: Introduction and first reading",https://legiscan.com/MN/bill/SF3/2012/X1,https://www.revisor.mn.gov/revisor/pages/search_status/status_detail.php?b=Senate&f=SF0003&ssn=1&y=2012
435539,964,SR1,4,Passed,2012-08-24,"A Senate resolution relating to organization and operation of the Senate during the Special Session","A Senate resolution relating to organization and operation of the Senate during the Special Session",0,,2012-08-24,"Senate: Adopted",https://legiscan.com/MN/bill/SR1/2012/X1,https://www.revisor.mn.gov/revisor/pages/search_status/status_detail.php?b=Senate&f=SR0001&ssn=1&y=2012
435596,964,SR2,4,Passed,2012-08-24,"A Senate resolution relating to notifying the House of Representatives and the Governor that the Senate is organized","A Senate resolution relating to notifying the House of Representatives and the Governor that the Senate is organized",0,,2012-08-24,"Senate: Adopted (voice vote)",https://legiscan.com/MN/bill/SR2/2012/X1,https://www.revisor.mn.gov/revisor/pages/search_status/status_detail.php?b=Senate&f=SR0002&ssn=1&y=2012
435655,964,SR3,4,Passed,2012-08-24,"A Senate resolution relating to adjournment of the Special Session","A Senate resolution relating to adjournment of the Special Session",0,,2012-08-24,"Senate: Adopted (voice vote)",https://legiscan.com/MN/bill/SR3/2012/X1,https://www.revisor.mn.gov/revisor/pages/search_status/status_detail.php?b=Senate&f=SR0003&ssn=1&y=2012
