bill_id,document_id,document_type,document_size,document_mime,document_desc,url,state_link
435180,666741,text,148221,text/html,Introduced,https://legiscan.com/MN/text/HF1/id/666741,https://www.revisor.mn.gov/bin/getbill.php?number=HF1&version=0&session_year=2012&session_number=1
435180,666740,text,56245,text/html,Engrossed,https://legiscan.com/MN/text/HF1/id/666740,https://www.revisor.mn.gov/bin/getbill.php?number=HF1&version=1&type=ue&session_year=2012&session_number=1
435180,666742,text,117102,text/html,Chaptered,https://legiscan.com/MN/text/HF1/id/666742,https://www.revisor.mn.gov/laws/?id=1&year=2012&type=1
435240,666810,text,16852,text/html,Introduced,https://legiscan.com/MN/text/HF2/id/666810,https://www.revisor.mn.gov/bin/getbill.php?number=HF2&version=0&session_year=2012&session_number=1
435240,666811,text,12851,text/html,Chaptered,https://legiscan.com/MN/text/HF2/id/666811,https://www.revisor.mn.gov/laws/?id=2&year=2012&type=1
435301,666874,text,26294,text/html,Introduced,https://legiscan.com/MN/text/HF3/id/666874,https://www.revisor.mn.gov/bin/getbill.php?number=HF3&version=0&session_year=2012&session_number=1
435361,666942,text,148221,text/html,Introduced,https://legiscan.com/MN/text/SF1/id/666942,https://www.revisor.mn.gov/bin/getbill.php?number=SF1&version=0&session_year=2012&session_number=1
435420,667003,text,16852,text/html,Introduced,https://legiscan.com/MN/text/SF2/id/667003,https://www.revisor.mn.gov/bin/getbill.php?number=SF2&version=0&session_year=2012&session_number=1
435481,667077,text,5046,text/html,Introduced,https://legiscan.com/MN/text/SF3/id/667077,https://www.revisor.mn.gov/bin/getbill.php?number=SF3&version=0&session_year=2012&session_number=1
435539,667146,text,2100,text/html,Draft,https://legiscan.com/MN/text/SR1/id/667146,https://www.revisor.mn.gov/bin/getbill.php?number=SR0001&session=ls87&version=latest&session_number=1&session_year=2012
435596,667216,text,1292,text/html,Draft,https://legiscan.com/MN/text/SR2/id/667216,https://www.revisor.mn.gov/bin/getbill.php?number=SR0002&session=ls87&version=latest&session_number=1&session_year=2012
435655,667279,text,1395,text/html,Draft,https://legiscan.com/MN/text/SR3/id/667279,https://www.revisor.mn.gov/bin/getbill.php?number=SR0003&session=ls87&version=latest&session_number=1&session_year=2012
