bill_id,date,chamber,sequence,action
435180,2012-08-24,,1,"Presentment date"
435180,2012-08-24,,2,"Governor's action Approval"
435180,2012-08-24,,3,"House: Introduction and first reading"
435180,2012-08-24,,4,"House: Motion to suspend rules"
435180,2012-08-24,,5,"House: Motion prevailed"
435180,2012-08-24,,6,"House: Rules suspended, urgency declared"
435180,2012-08-24,,7,"House: Second reading"
435180,2012-08-24,,8,"House: Third reading"
435180,2012-08-24,,9,"House: Bill was passed"
435180,2012-08-24,,10,"Senate: Received from House"
435180,2012-08-24,,11,"Senate: Introduction and first reading"
435180,2012-08-24,,12,"Senate: Urgency declared rules suspended"
435180,2012-08-24,,13,"Senate: Second reading"
435180,2012-08-24,,14,"Senate: Third reading Passed"
435240,2012-08-24,,1,"Presentment date"
435240,2012-08-24,,2,"Governor's action Approval"
435240,2012-08-24,,3,"Senate: Received from House"
435240,2012-08-24,,4,"Senate: Introduction and first reading"
435240,2012-08-24,,5,"Senate: Urgency declared rules suspended"
435240,2012-08-24,,6,"Senate: Second reading"
435240,2012-08-24,,7,"Senate: Third reading Passed"
435240,2012-08-24,,8,"House: Introduction and first reading"
435240,2012-08-24,,9,"House: Motion to suspend rules"
435240,2012-08-24,,10,"House: Motion prevailed"
435240,2012-08-24,,11,"House: Rules suspended, urgency declared"
435240,2012-08-24,,12,"House: Second reading"
435240,2012-08-24,,13,"House: Third reading"
435240,2012-08-24,,14,"House: Bill was passed"
435301,2012-08-24,,1,"House: Introduction and first reading"
435361,2012-08-24,,1,"Senate: Introduction and first reading"
435361,2012-08-24,,2,"Senate: Laid on table"
435420,2012-08-24,,1,"Senate: Introduction and first reading"
435420,2012-08-24,,2,"Senate: Laid on table"
435481,2012-08-24,,1,"Senate: Referred to Rules and Administration"
435481,2012-08-24,,2,"Senate: Introduction and first reading"
435539,2012-08-24,,1,"Senate: Introduction"
435539,2012-08-24,,2,"Senate: Adopted"
435596,2012-08-24,,1,"Senate: Introduction"
435596,2012-08-24,,2,"Senate: Adopted (voice vote)"
435655,2012-08-24,,1,"Senate: Introduction"
435655,2012-08-24,,2,"Senate: Adopted (voice vote)"
