people_id,name,first_name,middle_name,last_name,suffix,nickname,party_id,party,role_id,role,district,followthemoney_eid,votesmart_id,opensecrets_id,ballotpedia,knowwho_pid,committee_id
6289,"Thomas Huntley",Thomas,,Huntley,,,1,D,1,Rep,HD-007A,6428185,3783,,Thomas_Huntley,195834,0
6296,"Mary Murphy",Mary,,Murphy,,,1,D,1,Rep,HD-003B,6428480,3820,,Mary_Murphy_(Minnesota),195837,0
6302,"Paul Thissen",Paul,C.,Thissen,,,1,D,1,Rep,HD-061B,13003043,38748,,Paul_Thissen,212974,0
6307,"Rick Hansen",Rick,,Hansen,,,1,D,1,Rep,HD-052A,13002934,38981,,Rick_Hansen_(Minnesota),227824,0
6336,"John Ward",John,,Ward,,,1,D,1,Rep,HD-010A,13002797,66849,,John_Ward_(Minnesota),249257,0
6339,"Steve Simon",Steve,,Simon,,,1,D,1,Rep,HD-046B,6517106,38501,,Steve_Simon,227830,0
6340,"John Persell",John,,Persell,,,1,D,1,Rep,HD-005A,6517916,109088,,John_Persell,270866,0
6342,"Karen Clark",Karen,J.,Clark,,,1,D,1,Rep,HD-062A,6427991,3746,,Karen_Clark,195944,0
6348,"Roger Reinert",Roger,J.,Reinert,,,1,D,2,Sen,SD-007,13002782,109140,,Roger_Reinert,270880,0
6357,"Patti Fritz",Patti,,Fritz,,,1,D,1,Rep,HD-024B,6515638,38477,,Patti_Fritz,227784,0
6359,"Bill Hilty",Bill,,Hilty,,,1,D,1,Rep,HD-008A,6428156,13430,,Bill_Hilty,195836,0
6383,"Tim Kelly",Tim,,Kelly,,,2,R,1,Rep,HD-021A,6678572,109236,,Tim_Kelly_(Minnesota),270933,0
6386,"Tom Anzelc",Tom,,Anzelc,,,1,D,1,Rep,HD-005B,6517637,68726,,Tom_Anzelc,249253,0
6411,"Larry Howes",Larry,,Howes,,,2,R,1,Rep,HD-004B,6597490,20254,,Larry_Howes,195830,0
6412,"David Dill",David,,Dill,,,1,D,1,Rep,HD-003A,13002761,38503,,David_Dill,212929,0
6439,"Ronald Latz",Ronald,,Latz,,Ron,1,D,2,Sen,SD-046,13002962,38473,,Ron_Latz,212962,0
6445,"Anthony Lourey",Anthony,,Lourey,,Tony,1,D,2,Sen,SD-011,6517292,65182,,Tony_Lourey,249342,0
6447,"James Carlson",James,,Carlson,,Jim,1,D,2,Sen,SD-051,6516817,38829,,Jim_Carlson,249358,0
6465,"David Senjem",David,H,Senjem,,,2,R,2,Sen,SD-025,6597291,38497,,David_Senjem,212986,0
6466,"Thomas Bakk",Thomas,M,Bakk,,Tom,1,D,2,Sen,SD-003,6427897,3749,,Thomas_Bakk,212979,0
6479,"Joseph Gimse",Joseph,,Gimse,,Joe,2,R,2,Sen,SD-013,6631823,20221,,Joe_Gimse,250678,0
10521,"Carolyn McElfatrick",Carolyn,J.,McElfatrick,,,2,R,1,Rep,HD-003B,6678603,109069,,Carolyn_McElfatrick,299289,0
10867,"John Howe",John,S.,Howe,,,2,R,2,Sen,SD-028,13012398,122990,,John_Howe_(Minnesota),299601,0
10870,"Carla Nelson",Carla,J.,Nelson,,,2,R,2,Sen,SD-026,13002891,38565,,Carla_Nelson,212950,0
12478,"Carly Melin",Carly,,Melin,,,1,D,1,Rep,HD-006A,13002777,128765,,Carly_Melin,332043,0
21675,"Bruce Vogel",Bruce,,Vogel,,,2,R,1,Rep,HD-013B,13002813,123111,,Bruce_Vogel,299675,0
