bill_id,session_id,bill_number,status,status_desc,status_date,title,description,committee_id,committee,last_action_date,last_action,url,state_link
609533,1051,HB3601,4,Passed,2013-10-08,"Relating to taxation; prescribing an effective date; and providing for revenue raising that requires approval by a three-fifths majority.","Increases corporate excise tax rate on taxable income between $1 million and $10 million. Eliminates personal exemption credit for taxpayer with federal adjusted gross income of $100,000 or more for single return, or $200,000 or more for joint return. Modifies income tax treatment of senior medical expenses. Converts itemized deduction to subtraction from federal taxable income. Phases out amount of subtraction based on income. Increases age restriction over time. Applies to tax years beginning on or after January 1, 2013. Increases percentage of federal earned income credit allowable as credit against Oregon personal income tax. Applies to tax years beginning on or after January 1, 2014. Exempts existing interest charge domestic international sales corporations from corporate minimum tax. Imposes tax on commission received by domestic international sales corporation. Creates subtraction from federal taxable income for dividend received from domestic international sales corporation. and provides reduced corporate excise tax rate.Ù Applies to tax years beginning on or after January 1, 2013. Allows for reduced rates of personal income tax imposed on nonpassive income attributable to partnership or S corporation if certain conditions are met. Applies to tax years beginning on or after January 1, 2015. Adjusts certain rates if revenue loss attributable to reduced rates departs from target percentage. Incrementally increases tax on cigarettes over five years. Distributes tax revenues from increase on cigarette tax to Oregon Health Authority for mental health programs. First applies to distributions of cigarettes occurring on or after January 1, 2014. Increases rate above which revenue from corporate excise tax for tax years beginning on or after January 1, 2013, and before January 1, 2017, is to be deposited in Oregon Rainy Day Fund. Takes effect on 91st day following adjournment sine die.",0,,2013-10-08,"Chapter 5, (2013 Laws): Effective date January 1, 2014.",https://legiscan.com/OR/bill/HB3601/2013/X1,https://olis.oregonlegislature.gov/liz/2013S1/Measures/Overview/HB3601
609479,1051,HB5101,4,Passed,2013-10-08,"Relating to state financial administration; appropriating money; and declaring an emergency.","Increases biennial appropriation to Department of Education for State School Fund. Modifies amount department may spend from State School Fund for fiscal year beginning July 1, 2014. Increases biennial appropriation to Department of Community Colleges and Workforce Development for Community College Support Fund. Increases biennial appropriation to Oregon Department of Administrative Services for Oregon University System to limit tuition increases. Increases biennial appropriation to Department of Human Services for aging and people with disabilities and developmental disabilities programs. Appropriates moneys from General Fund to Emergency Board for allocations during biennium to state agencies to fund senior services. Increases biennial appropriation to Department of Transportation for Public Transit Division's Elderly and People with Disabilities Transportation Program. Increases limitation on biennial expenditures of Oregon Health Authority for community mental health services. Declares emergency, effective on passage.",0,,2013-10-08,"Chapter 1, (2013 Laws): Effective date October 8, 2013.",https://legiscan.com/OR/bill/HB5101/2013/X1,https://olis.oregonlegislature.gov/liz/2013S1/Measures/Overview/HB5101
609420,1051,HCR51,4,Passed,2013-10-07,"Adjourning sine die special session of Seventy-seventh Legislative Assembly.","Adjourns sine die special session of Seventy-seventh Legislative Assembly.",0,,2013-10-07,"Filed with Secretary of State.",https://legiscan.com/OR/bill/HCR51/2013/X1,https://olis.oregonlegislature.gov/liz/2013S1/Measures/Overview/HCR51
609357,1051,SB861,4,Passed,2013-10-09,"Relating to cost-of-living adjustments under the Public Employees Retirement System; and declaring an emergency.","Modifies cost-of-living adjustment under Public Employees Retirement System. Directs Public Employees Retirement Board to make annual supplementary payments to members or member's beneficiaries with yearly allowance or yearly pension or benefit of $20,000 or less. Directs board to develop formula for determining whether it is reasonably prudent to make annual supplementary payments to members and member's beneficiaries with yearly allowance or yearly pension or benefit of more than $20,000 and not more than $60,000Ù. Directs board to report to Legislative Assembly with recommendations relating to cost-of-living adjustment and supplementary payments.Ù Sunsets supplementary payments on December 31, 2019. Directs board to report to Governor, President of Senate and Speaker of House of Representatives on recommendations relating to cost-of-living adjustment and supplementary payments. Provides for expedited review by Supreme Court upon petition by adversely affected party. Declares emergency, effective on passage.",0,,2013-10-09,"Effective date, October 8, 2013.",https://legiscan.com/OR/bill/SB861/2013/X1,https://olis.oregonlegislature.gov/liz/2013S1/Measures/Overview/SB861
609560,1051,SB862,4,Passed,2013-10-09,"Relating to public employee retirement; and declaring an emergency.","Excludes certain increases in salary made by employer to pay for insurance coverage from calculation of final average salary for members of Oregon Public Service Retirement Plan. Provides that retirement allowance or other distribution payable to member of Public Employees Retirement System who is convicted of felony is subject to execution, garnishment, attachment or other process to collect portion of money award included in judgment in criminal action. Modifies options available to members of Legislative Assembly under Public Employees Retirement System. Provides for expedited review by Supreme Court upon petition by adversely affected party. Declares emergency, effective on passage.",0,,2013-10-09,"Effective date, October 8, 2013.",https://legiscan.com/OR/bill/SB862/2013/X1,https://olis.oregonlegislature.gov/liz/2013S1/Measures/Overview/SB862
609432,1051,SB863,4,Passed,2013-10-09,"Relating to preemption of the local regulation of agriculture; and declaring an emergency.","Makes legislative finding and declaration that regulation of agricultural seed, flower seed, nursery seed and vegetable seed and products of agricultural seed, flower seed, nursery seed and vegetable seed be reserved to state. Prohibits enactment or enforcement of local laws or measures to regulate agricultural seed, flower seed, nursery seed and vegetable seed or products of agricultural seed, flower seed, nursery seed and vegetable seed. Declares emergency, effective on passage.",0,,2013-10-09,"Effective date, October 8, 2013.",https://legiscan.com/OR/bill/SB863/2013/X1,https://olis.oregonlegislature.gov/liz/2013S1/Measures/Overview/SB863
609445,1051,SCR32,0,,,"Adjourning sine die special session of Seventy-seventh Legislative Assembly.","Adjourns sine die special session of Seventy-seventh Legislative Assembly.",0,,,,https://legiscan.com/OR/bill/SCR32/2013/X1,https://olis.oregonlegislature.gov/liz/2013S1/Measures/Overview/SCR32
