bill_id,document_id,document_type,document_size,document_mime,document_desc,url,state_link
609533,943117,text,72053,application/pdf,Introduced,https://legiscan.com/OR/text/HB3601/id/943117,https://olis.oregonlegislature.gov/liz/2013S1/Downloads/MeasureDocument/HB3601/Introduced
609533,943118,text,26457,application/pdf,Amended,https://legiscan.com/OR/text/HB3601/id/943118,https://olis.oregonlegislature.gov/liz/2013S1/Downloads/MeasureDocument/HB3601/House%20Amendments
609533,943119,text,75943,application/pdf,Engrossed,https://legiscan.com/OR/text/HB3601/id/943119,https://olis.oregonlegislature.gov/liz/2013S1/Downloads/MeasureDocument/HB3601/A-Engrossed
609533,943120,text,72153,application/pdf,Enrolled,https://legiscan.com/OR/text/HB3601/id/943120,https://olis.oregonlegislature.gov/liz/2013S1/Downloads/MeasureDocument/HB3601/Enrolled
609479,943053,text,28168,application/pdf,Introduced,https://legiscan.com/OR/text/HB5101/id/943053,https://olis.oregonlegislature.gov/liz/2013S1/Downloads/MeasureDocument/HB5101/Introduced
609479,943054,text,25546,application/pdf,Enrolled,https://legiscan.com/OR/text/HB5101/id/943054,https://olis.oregonlegislature.gov/liz/2013S1/Downloads/MeasureDocument/HB5101/Enrolled
609420,942978,text,17764,application/pdf,Introduced,https://legiscan.com/OR/text/HCR51/id/942978,https://olis.oregonlegislature.gov/liz/2013S1/Downloads/MeasureDocument/HCR51/Introduced
609420,942979,text,14173,application/pdf,Enrolled,https://legiscan.com/OR/text/HCR51/id/942979,https://olis.oregonlegislature.gov/liz/2013S1/Downloads/MeasureDocument/HCR51/Enrolled
609357,942900,text,43612,application/pdf,Introduced,https://legiscan.com/OR/text/SB861/id/942900,https://olis.oregonlegislature.gov/liz/2013S1/Downloads/MeasureDocument/SB861/Introduced
609357,942901,text,20847,application/pdf,Amended,https://legiscan.com/OR/text/SB861/id/942901,https://olis.oregonlegislature.gov/liz/2013S1/Downloads/MeasureDocument/SB861/Senate%20Amendments
609357,942902,text,45285,application/pdf,Engrossed,https://legiscan.com/OR/text/SB861/id/942902,https://olis.oregonlegislature.gov/liz/2013S1/Downloads/MeasureDocument/SB861/A-Engrossed
609357,942903,text,42713,application/pdf,Enrolled,https://legiscan.com/OR/text/SB861/id/942903,https://olis.oregonlegislature.gov/liz/2013S1/Downloads/MeasureDocument/SB861/Enrolled
609560,943154,text,48829,application/pdf,Introduced,https://legiscan.com/OR/text/SB862/id/943154,https://olis.oregonlegislature.gov/liz/2013S1/Downloads/MeasureDocument/SB862/Introduced
609560,943155,text,17216,application/pdf,Amended,https://legiscan.com/OR/text/SB862/id/943155,https://olis.oregonlegislature.gov/liz/2013S1/Downloads/MeasureDocument/SB862/Senate%20Amendments
609560,943156,text,48972,application/pdf,Engrossed,https://legiscan.com/OR/text/SB862/id/943156,https://olis.oregonlegislature.gov/liz/2013S1/Downloads/MeasureDocument/SB862/A-Engrossed
609560,943157,text,47426,application/pdf,Enrolled,https://legiscan.com/OR/text/SB862/id/943157,https://olis.oregonlegislature.gov/liz/2013S1/Downloads/MeasureDocument/SB862/Enrolled
609432,942993,text,23984,application/pdf,Introduced,https://legiscan.com/OR/text/SB863/id/942993,https://olis.oregonlegislature.gov/liz/2013S1/Downloads/MeasureDocument/SB863/Introduced
609432,942994,text,20627,application/pdf,Enrolled,https://legiscan.com/OR/text/SB863/id/942994,https://olis.oregonlegislature.gov/liz/2013S1/Downloads/MeasureDocument/SB863/Enrolled
609445,943012,text,17600,application/pdf,Introduced,https://legiscan.com/OR/text/SCR32/id/943012,https://olis.oregonlegislature.gov/liz/2013S1/Downloads/MeasureDocument/SCR32/Introduced
