bill_id,roll_call_id,date,chamber,description,yea,nay,nv,absent,total
609357,313621,2013-10-01,Senate,"Senate Committee Do pass with amendments. (Printed A-Eng.)",10,0,0,0,10
609357,313622,2013-10-02,Senate,"Senate Third Reading",22,7,0,1,30
609357,313623,2013-10-02,House,"House Third Reading",31,24,0,5,60
609420,313629,2013-10-01,House,"House Committee Be Adopted",10,0,0,0,10
609420,313630,2013-10-02,House,House,53,0,0,7,60
609420,313631,2013-10-02,Senate,Senate,26,0,0,4,30
609432,313634,2013-10-01,Senate,"Senate Committee Do pass",10,0,0,0,10
609432,313635,2013-10-02,Senate,"Senate Third Reading",17,12,0,1,30
609432,313636,2013-10-02,House,"House Third Reading",32,22,0,6,60
609479,313638,2013-10-01,House,"House Committee Do Pass",10,0,0,0,10
609479,313639,2013-10-02,House,"House Third Reading",54,1,0,5,60
609479,313640,2013-10-02,Senate,"Senate Third Reading",27,1,0,2,30
609533,313646,2013-10-01,House,"House Committee Do pass as amended and be printed engrossed",10,0,0,0,10
609533,313647,2013-10-02,House,"House Third Reading",36,19,0,5,60
609533,313648,2013-10-02,Senate,"Senate Third Reading",18,10,0,2,30
609560,313651,2013-10-01,Senate,"Senate Committee Do pass with amendments. (Printed A-Eng.)",10,0,0,0,10
609560,313652,2013-10-02,Senate,"Senate Third Reading",27,2,0,1,30
609560,313653,2013-10-02,House,"House Third Reading",55,0,0,5,60
