bill_id,roll_call_id,date,chamber,description,yea,nay,nv,absent,total
120696,138450,2010-03-31,Senate,"Third Reading Passed ",47,0,0,0,47
120696,138451,2010-03-31,Senate,"Third Reading Passed ",47,0,0,0,47
121649,138448,2010-04-02,Senate,"Third Reading Passed ",47,0,0,0,47
121649,138449,2010-04-02,Senate,"Third Reading Passed ",47,0,0,0,47
121654,138447,2010-04-05,Senate,"Third Reading Passed ",45,0,1,1,47
121676,138446,2010-04-01,Senate,"Third Reading Passed ",47,0,0,0,47
121677,138445,2010-04-07,Senate,"Third Reading Passed ",47,0,0,0,47
121688,138443,2010-04-02,Senate,"Third Reading Passed ",47,0,0,0,47
121688,138444,2010-04-02,Senate,"Third Reading Passed ",47,0,0,0,47
121699,138441,2010-04-07,Senate,"Floor Amendment (Pipkin) {153626/1 Rejected ",11,34,2,0,47
121699,138442,2010-04-07,Senate,"Third Reading Passed ",34,12,1,0,47
121702,138440,2010-04-04,Senate,"Third Reading Passed ",47,0,0,0,47
121703,138438,2010-04-02,Senate,"Third Reading Passed ",47,0,0,0,47
121703,138439,2010-04-02,Senate,"Third Reading Passed ",47,0,0,0,47
121705,138436,2010-04-03,Senate,"Third Reading Passed ",47,0,0,0,47
121705,138437,2010-04-03,Senate,"Third Reading Passed ",47,0,0,0,47
121709,138435,2010-04-07,Senate,"Third Reading Passed ",47,0,0,0,47
121710,138433,2010-04-03,Senate,"Third Reading Passed ",47,0,0,0,47
121710,138434,2010-04-03,Senate,"Third Reading Passed ",47,0,0,0,47
121711,138432,2010-04-01,Senate,"Third Reading Passed ",47,0,0,0,47
121712,138430,2010-04-03,Senate,"Third Reading Passed ",47,0,0,0,47
121712,138431,2010-04-03,Senate,"Third Reading Passed ",47,0,0,0,47
121713,138429,2010-04-01,Senate,"Third Reading Passed ",47,0,0,0,47
121715,138427,2010-04-02,Senate,"Third Reading Passed ",47,0,0,0,47
121715,138428,2010-04-02,Senate,"Third Reading Passed ",47,0,0,0,47
121716,138425,2010-04-03,Senate,"Third Reading Passed ",42,5,0,0,47
121716,138426,2010-04-03,Senate,"Third Reading Passed ",42,5,0,0,47
121717,138424,2010-04-05,Senate,"Third Reading Passed ",46,0,0,1,47
121718,138423,2010-04-05,Senate,"Third Reading Passed ",46,0,0,1,47
121719,138422,2010-04-01,Senate,"Third Reading Passed ",47,0,0,0,47
121723,138421,2010-04-01,Senate,"Third Reading Passed ",47,0,0,0,47
121724,138419,2010-04-02,Senate,"Third Reading Passed ",46,0,1,0,47
121724,138420,2010-04-02,Senate,"Third Reading Passed ",46,0,1,0,47
121726,138417,2010-04-02,Senate,"Third Reading Passed ",47,0,0,0,47
121726,138418,2010-04-02,Senate,"Third Reading Passed ",47,0,0,0,47
121727,138415,2010-04-02,Senate,"Third Reading Passed ",42,5,0,0,47
121727,138416,2010-04-02,Senate,"Third Reading Passed ",42,5,0,0,47
121728,138413,2010-04-02,Senate,"Third Reading Passed ",47,0,0,0,47
121728,138414,2010-04-02,Senate,"Third Reading Passed ",47,0,0,0,47
121729,138412,2010-04-07,Senate,"Third Reading Passed ",46,0,0,1,47
121731,138410,2010-04-02,Senate,"Third Reading Passed ",47,0,0,0,47
121731,138411,2010-04-02,Senate,"Third Reading Passed ",47,0,0,0,47
121732,138409,2010-04-07,Senate,"Third Reading Passed ",44,3,0,0,47
121733,138407,2010-04-02,Senate,"Third Reading Passed ",47,0,0,0,47
121733,138408,2010-04-02,Senate,"Third Reading Passed ",47,0,0,0,47
121737,138406,2010-04-01,Senate,"Third Reading Passed ",47,0,0,0,47
121740,138405,2010-04-04,Senate,"Third Reading Passed ",46,1,0,0,47
121742,138404,2010-04-05,Senate,"Third Reading Passed ",44,1,1,1,47
121747,138401,2010-04-01,Senate,"Third Reading Passed ",34,13,0,0,47
121747,138402,2010-04-07,Senate,"Conference Committee Report {543927/1 Adopted ",37,10,0,0,47
121747,138403,2010-04-07,Senate,"Third Reading Passed ",37,10,0,0,47
121754,138399,2010-04-02,Senate,"Third Reading Passed ",47,0,0,0,47
121754,138400,2010-04-02,Senate,"Third Reading Passed ",47,0,0,0,47
121755,138398,2010-04-05,Senate,"Third Reading Passed ",46,0,0,1,47
121758,138396,2010-04-02,Senate,"Third Reading Passed ",47,0,0,0,47
121758,138397,2010-04-02,Senate,"Third Reading Passed ",47,0,0,0,47
121759,138395,2010-04-04,Senate,"Third Reading Passed ",47,0,0,0,47
121764,138394,2010-04-01,Senate,"Third Reading Passed ",47,0,0,0,47
121765,138393,2010-04-01,Senate,"Third Reading Passed ",47,0,0,0,47
121766,138392,2010-04-07,Senate,"Third Reading Passed ",44,0,1,2,47
121767,138390,2010-04-05,Senate,"Third Reading Passed ",43,0,2,2,47
121767,138391,2010-04-09,Senate,"Third Reading Passed ",46,0,0,1,47
121773,138386,2010-04-05,Senate,"Third Reading Passed ",45,0,1,1,47
121773,138387,2010-04-09,Senate,"Third Reading Passed ",46,0,1,0,47
121775,138384,2010-04-02,Senate,"Third Reading Passed ",47,0,0,0,47
121775,138385,2010-04-02,Senate,"Third Reading Passed ",47,0,0,0,47
121776,138382,2010-04-02,Senate,"Third Reading Passed ",47,0,0,0,47
121776,138383,2010-04-02,Senate,"Third Reading Passed ",47,0,0,0,47
121777,138381,2010-04-05,Senate,"Third Reading Passed ",46,0,0,1,47
121778,138379,2010-04-02,Senate,"Third Reading Passed ",47,0,0,0,47
121778,138380,2010-04-02,Senate,"Third Reading Passed ",47,0,0,0,47
121779,138377,2010-04-02,Senate,"Third Reading Passed ",47,0,0,0,47
121779,138378,2010-04-02,Senate,"Third Reading Passed ",47,0,0,0,47
121780,138375,2010-04-02,Senate,"Third Reading Passed ",47,0,0,0,47
121780,138376,2010-04-02,Senate,"Third Reading Passed ",47,0,0,0,47
121781,138373,2010-04-02,Senate,"Third Reading Passed ",47,0,0,0,47
121781,138374,2010-04-02,Senate,"Third Reading Passed ",47,0,0,0,47
121783,138372,2010-04-01,Senate,"Third Reading Passed ",47,0,0,0,47
121794,138370,2010-03-31,Senate,"Third Reading Passed ",47,0,0,0,47
121794,138371,2010-03-31,Senate,"Third Reading Passed ",47,0,0,0,47
121806,138367,2010-04-01,Senate,"Third Reading Passed ",47,0,0,0,47
121807,138365,2010-04-02,Senate,"Third Reading Passed ",47,0,0,0,47
121807,138366,2010-04-02,Senate,"Third Reading Passed ",47,0,0,0,47
121814,138364,2010-04-07,Senate,"Third Reading Passed ",45,0,0,2,47
121822,138362,2010-04-02,Senate,"Third Reading Passed ",25,22,0,0,47
121822,138363,2010-04-02,Senate,"Third Reading Passed ",25,22,0,0,47
121824,138361,2010-04-07,Senate,"Third Reading Passed ",47,0,0,0,47
121825,138359,2010-04-02,Senate,"Third Reading Passed ",47,0,0,0,47
121825,138360,2010-04-02,Senate,"Third Reading Passed ",47,0,0,0,47
121826,138358,2010-04-10,Senate,"Third Reading Passed ",46,0,1,0,47
121827,138357,2010-04-01,Senate,"Third Reading Passed ",46,0,1,0,47
121835,138355,2010-03-31,Senate,"Third Reading Passed ",47,0,0,0,47
121835,138356,2010-03-31,Senate,"Third Reading Passed ",47,0,0,0,47
121836,138354,2010-04-07,Senate,"Third Reading Passed ",45,0,0,2,47
121838,138345,2010-04-06,Senate,"Motion Special Order until 4/12 (Harris) Adopted ",27,16,3,1,47
121838,138346,2010-04-07,Senate,"Floor Amendment (Harris) {463622/1 Rejected ",17,29,1,0,47
121838,138347,2010-04-07,Senate,"Floor Amendment (Garagiola) {233321/1 Adopted ",27,20,0,0,47
121838,138348,2010-04-07,Senate,"Floor Amendment (Harris) {953522/1 Rejected ",18,27,2,0,47
121838,138349,2010-04-08,Senate,"Floor Amendment (Pipkin) {643022/1 Rejected ",16,31,0,0,47
121838,138350,2010-04-08,Senate,"Floor Amendment (Pipkin) {523128/1 Rejected ",18,29,0,0,47
121838,138351,2010-04-08,Senate,"Floor Amendment (Pipkin) {863420/1 Rejected ",12,34,1,0,47
121838,138352,2010-04-08,Senate,"Floor Amendment (Pipkin) {983929/1 Rejected ",14,33,0,0,47
121838,138353,2010-04-08,Senate,"Third Reading Passed ",40,7,0,0,47
121839,138343,2010-04-01,Senate,"Third Reading Passed ",47,0,0,0,47
121839,138344,2010-04-08,Senate,"Third Reading Passed ",47,0,0,0,47
121843,138342,2010-04-04,Senate,"Third Reading Passed ",47,0,0,0,47
121845,138340,2010-03-31,Senate,"Third Reading Passed ",47,0,0,0,47
121845,138341,2010-03-31,Senate,"Third Reading Passed ",47,0,0,0,47
121846,138338,2010-04-02,Senate,"Third Reading Passed ",47,0,0,0,47
121846,138339,2010-04-02,Senate,"Third Reading Passed ",47,0,0,0,47
121848,138337,2010-04-01,Senate,"Third Reading Passed ",46,0,1,0,47
121849,138335,2010-03-31,Senate,"Third Reading Passed ",47,0,0,0,47
121849,138336,2010-03-31,Senate,"Third Reading Passed ",47,0,0,0,47
121855,138333,2010-04-02,Senate,"Third Reading Passed ",47,0,0,0,47
121855,138334,2010-04-02,Senate,"Third Reading Passed ",47,0,0,0,47
121860,138331,2010-04-02,Senate,"Third Reading Passed ",35,12,0,0,47
121860,138332,2010-04-02,Senate,"Third Reading Passed ",35,12,0,0,47
121861,138329,2010-04-02,Senate,"Third Reading Passed ",47,0,0,0,47
121861,138330,2010-04-02,Senate,"Third Reading Passed ",47,0,0,0,47
121863,138328,2010-04-07,Senate,"Third Reading Passed ",41,5,1,0,47
121864,138327,2010-04-05,Senate,"Third Reading Passed ",46,0,0,1,47
121865,138326,2010-04-01,Senate,"Third Reading Passed ",45,0,2,0,47
121868,138325,2010-04-05,Senate,"Third Reading Passed ",45,0,1,1,47
121869,138324,2010-03-24,Senate,"Third Reading Passed ",44,3,0,0,47
121870,138323,2010-04-04,Senate,"Third Reading Passed ",47,0,0,0,47
121872,138321,2010-04-02,Senate,"Third Reading Passed ",47,0,0,0,47
121872,138322,2010-04-02,Senate,"Third Reading Passed ",47,0,0,0,47
121876,138320,2010-04-05,Senate,"Third Reading Passed ",46,0,0,1,47
121879,138319,2010-04-01,Senate,"Third Reading Passed ",46,0,1,0,47
121889,138318,2010-04-05,Senate,"Third Reading Passed ",44,0,2,1,47
121890,138317,2010-04-09,Senate,"Third Reading Passed ",35,12,0,0,47
121892,138315,2010-04-02,Senate,"Third Reading Passed ",47,0,0,0,47
121892,138316,2010-04-02,Senate,"Third Reading Passed ",47,0,0,0,47
121893,138313,2010-04-02,Senate,"Third Reading Passed ",45,1,1,0,47
121893,138314,2010-04-02,Senate,"Third Reading Passed ",45,1,1,0,47
121896,138312,2010-04-01,Senate,"Third Reading Passed ",47,0,0,0,47
121897,138310,2010-04-03,Senate,"Third Reading Passed ",46,0,1,0,47
121897,138311,2010-04-03,Senate,"Third Reading Passed ",46,0,1,0,47
121898,138308,2010-04-03,Senate,"Third Reading Passed ",47,0,0,0,47
121898,138309,2010-04-03,Senate,"Third Reading Passed ",47,0,0,0,47
121901,138306,2010-04-06,Senate,"Third Reading Passed ",44,0,3,0,47
121901,138307,2010-04-09,Senate,"Third Reading Passed ",46,0,1,0,47
121904,138305,2010-04-01,Senate,"Third Reading Passed ",47,0,0,0,47
121907,138303,2010-04-02,Senate,"Third Reading Passed ",47,0,0,0,47
121907,138304,2010-04-02,Senate,"Third Reading Passed ",47,0,0,0,47
121908,138302,2010-04-01,Senate,"Third Reading Passed ",47,0,0,0,47
121914,138301,2010-04-01,Senate,"Third Reading Passed ",46,0,1,0,47
121916,138299,2010-04-04,Senate,"Third Reading Passed ",47,0,0,0,47
121916,138300,2010-04-08,Senate,"Third Reading Passed ",45,0,2,0,47
121919,138298,2010-04-09,Senate,"Third Reading Passed ",46,0,1,0,47
121922,138296,2010-04-02,Senate,"Third Reading Passed ",47,0,0,0,47
121922,138297,2010-04-02,Senate,"Third Reading Passed ",47,0,0,0,47
121924,138295,2010-04-05,Senate,"Third Reading Passed ",44,1,1,1,47
121925,138294,2010-04-01,Senate,"Third Reading Passed ",47,0,0,0,47
121927,138292,2010-04-02,Senate,"Third Reading Passed ",47,0,0,0,47
121927,138293,2010-04-02,Senate,"Third Reading Passed ",47,0,0,0,47
121930,138291,2010-04-06,Senate,"Third Reading Passed ",37,10,0,0,47
121931,138289,2010-04-01,Senate,"Third Reading Passed ",47,0,0,0,47
121931,138290,2010-04-06,Senate,"Third Reading Passed ",47,0,0,0,47
121937,138287,2010-04-07,Senate,"Third Reading Passed ",45,0,0,2,47
121939,138285,2010-04-02,Senate,"Third Reading Passed ",47,0,0,0,47
121939,138286,2010-04-02,Senate,"Third Reading Passed ",47,0,0,0,47
121940,138283,2010-04-01,Senate,"Third Reading Passed ",46,0,1,0,47
121943,138282,2010-04-05,Senate,"Third Reading Passed ",45,0,1,1,47
121949,138281,2010-04-07,Senate,"Third Reading Passed ",41,1,2,3,47
121950,138279,2010-04-02,Senate,"Third Reading Passed ",47,0,0,0,47
121950,138280,2010-04-02,Senate,"Third Reading Passed ",47,0,0,0,47
121952,138276,2010-04-02,Senate,"Third Reading Passed ",47,0,0,0,47
121952,138277,2010-04-02,Senate,"Third Reading Passed ",47,0,0,0,47
121953,138275,2010-04-01,Senate,"Third Reading Passed ",47,0,0,0,47
121955,138273,2010-04-01,Senate,"Third Reading Passed ",47,0,0,0,47
121966,138271,2010-04-07,Senate,"Third Reading Passed ",44,0,0,3,47
121967,138269,2010-04-05,Senate,"Third Reading Passed ",46,0,0,1,47
121968,138268,2010-04-07,Senate,"Third Reading Passed ",47,0,0,0,47
121971,138266,2010-04-07,Senate,"Third Reading Passed ",47,0,0,0,47
121973,138265,2010-04-04,Senate,"Third Reading Passed ",47,0,0,0,47
121975,138264,2010-04-07,Senate,"Third Reading Passed ",45,0,0,2,47
121976,138263,2010-04-01,Senate,"Third Reading Passed ",47,0,0,0,47
121977,138262,2010-04-01,Senate,"Third Reading Passed ",47,0,0,0,47
121982,138260,2010-03-31,Senate,"Third Reading Passed ",38,9,0,0,47
121982,138261,2010-03-31,Senate,"Third Reading Passed ",38,9,0,0,47
121985,138259,2010-04-01,Senate,"Third Reading Passed ",47,0,0,0,47
121987,138258,2010-04-05,Senate,"Third Reading Passed ",46,0,0,1,47
121988,138256,2010-04-02,Senate,"Third Reading Passed ",47,0,0,0,47
121988,138257,2010-04-02,Senate,"Third Reading Passed ",47,0,0,0,47
121993,138255,2010-04-05,Senate,"Third Reading Passed ",45,0,1,1,47
121994,138253,2010-04-02,Senate,"Third Reading Passed ",46,0,1,0,47
121994,138254,2010-04-02,Senate,"Third Reading Passed ",46,0,1,0,47
121998,138252,2010-04-05,Senate,"Third Reading Passed ",45,0,1,1,47
122005,138251,2010-04-07,Senate,"Third Reading Passed ",46,0,1,0,47
122008,138250,2010-04-10,Senate,"Third Reading Passed ",47,0,0,0,47
122014,138249,2010-04-05,Senate,"Third Reading Passed ",46,0,0,1,47
122017,138248,2010-04-05,Senate,"Third Reading Passed ",46,0,0,1,47
122021,138247,2010-04-07,Senate,"Third Reading Passed ",47,0,0,0,47
122024,138246,2010-04-01,Senate,"Third Reading Passed ",47,0,0,0,47
122027,138245,2010-04-07,Senate,"Third Reading Passed ",44,0,0,3,47
122033,138244,2010-04-01,Senate,"Third Reading Passed ",47,0,0,0,47
122040,138243,2010-04-07,Senate,"Third Reading Passed ",47,0,0,0,47
122041,138242,2010-04-10,Senate,"Third Reading Passed ",47,0,0,0,47
122042,138241,2010-04-01,Senate,"Third Reading Passed ",47,0,0,0,47
122044,138239,2010-03-31,Senate,"Third Reading Passed ",47,0,0,0,47
122044,138240,2010-03-31,Senate,"Third Reading Passed ",47,0,0,0,47
122048,138238,2010-04-07,Senate,"Third Reading Passed ",43,1,0,3,47
122049,138236,2010-04-03,Senate,"Third Reading Passed ",47,0,0,0,47
122049,138237,2010-04-03,Senate,"Third Reading Passed ",47,0,0,0,47
122051,138235,2010-04-04,Senate,"Third Reading Passed ",43,4,0,0,47
122052,138233,2010-04-03,Senate,"Third Reading Passed ",47,0,0,0,47
122052,138234,2010-04-03,Senate,"Third Reading Passed ",47,0,0,0,47
122053,138232,2010-04-04,Senate,"Third Reading Passed ",47,0,0,0,47
122054,138231,2010-04-07,Senate,"Third Reading Passed ",46,0,1,0,47
122055,138229,2010-04-04,Senate,"Third Reading Passed ",47,0,0,0,47
122055,138230,2010-04-09,Senate,"Third Reading Passed ",47,0,0,0,47
122056,138228,2010-04-04,Senate,"Third Reading Passed ",47,0,0,0,47
122057,138226,2010-04-03,Senate,"Third Reading Passed ",47,0,0,0,47
122057,138227,2010-04-03,Senate,"Third Reading Passed ",47,0,0,0,47
122058,138225,2010-04-10,Senate,"Third Reading Passed ",46,0,1,0,47
122060,138224,2010-04-05,Senate,"Third Reading Passed ",46,0,0,1,47
122061,138223,2010-04-01,Senate,"Third Reading Passed ",47,0,0,0,47
122062,138222,2010-04-01,Senate,"Third Reading Passed ",47,0,0,0,47
122066,138221,2010-04-01,Senate,"Third Reading Passed ",45,2,0,0,47
122067,138219,2010-04-02,Senate,"Third Reading Passed ",43,4,0,0,47
122067,138220,2010-04-02,Senate,"Third Reading Passed ",43,4,0,0,47
122069,138218,2010-04-05,Senate,"Third Reading Passed ",31,14,1,1,47
122070,138216,2010-04-02,Senate,"Third Reading Passed ",47,0,0,0,47
122070,138217,2010-04-02,Senate,"Third Reading Passed ",47,0,0,0,47
122072,138215,2010-04-01,Senate,"Third Reading Passed ",46,0,1,0,47
122084,138214,2010-04-07,Senate,"Third Reading Passed ",46,0,1,0,47
122085,138213,2010-04-05,Senate,"Third Reading Passed ",35,11,0,1,47
122088,138211,2010-04-04,Senate,"Third Reading Passed ",46,0,1,0,47
122088,138212,2010-04-06,Senate,"Third Reading Passed ",47,0,0,0,47
122092,138210,2010-04-05,Senate,"Third Reading Passed ",45,0,1,1,47
122098,138209,2010-04-01,Senate,"Third Reading Passed ",47,0,0,0,47
122099,138208,2010-04-01,Senate,"Third Reading Passed ",47,0,0,0,47
122101,138206,2010-04-07,Senate,"Third Reading Passed ",45,2,0,0,47
122102,138205,2010-04-01,Senate,"Third Reading Passed ",47,0,0,0,47
122103,138203,2010-04-02,Senate,"Third Reading Passed ",47,0,0,0,47
122103,138204,2010-04-02,Senate,"Third Reading Passed ",47,0,0,0,47
122104,138202,2010-04-01,Senate,"Third Reading Passed ",46,0,1,0,47
122106,138201,2010-04-07,Senate,"Third Reading Passed ",45,0,0,2,47
122108,138200,2010-04-01,Senate,"Third Reading Passed ",47,0,0,0,47
122109,138198,2010-04-02,Senate,"Third Reading Passed ",47,0,0,0,47
122109,138199,2010-04-02,Senate,"Third Reading Passed ",47,0,0,0,47
122114,138196,2010-04-04,Senate,"Third Reading Passed ",45,2,0,0,47
122115,138194,2010-04-05,Senate,"Third Reading Passed ",29,17,0,1,47
122115,138195,2010-04-08,Senate,"Third Reading Passed ",26,18,3,0,47
122116,138193,2010-04-07,Senate,"Third Reading Passed ",46,0,1,0,47
122119,138192,2010-04-05,Senate,"Third Reading Passed ",46,0,0,1,47
122120,138191,2010-04-09,Senate,"Third Reading Passed ",43,4,0,0,47
122122,138190,2010-04-07,Senate,"Third Reading Passed ",44,1,0,2,47
122123,138186,2010-04-06,Senate,"Floor Amendment (Pipkin) {213820/1 Rejected ",22,23,2,0,47
122123,138187,2010-04-06,Senate,"Floor Amendment (Pipkin) {453726/1 Rejected ",11,35,1,0,47
122123,138188,2010-04-06,Senate,"Third Reading Passed ",45,0,2,0,47
122123,138189,2010-04-09,Senate,"Third Reading Passed ",47,0,0,0,47
122124,138183,2010-04-03,Senate,"Third Reading Passed ",46,0,1,0,47
122124,138184,2010-04-03,Senate,"Third Reading Passed ",46,0,1,0,47
122124,138185,2010-04-09,Senate,"Third Reading Passed ",47,0,0,0,47
122125,138182,2010-04-08,Senate,"Third Reading Passed ",47,0,0,0,47
122126,138180,2010-04-09,Senate,"Third Reading Passed ",46,0,1,0,47
122134,138179,2010-04-04,Senate,"Third Reading Passed ",45,0,2,0,47
122135,138178,2010-04-05,Senate,"Third Reading Passed ",46,0,0,1,47
122137,138176,2010-04-02,Senate,"Third Reading Passed ",47,0,0,0,47
122137,138177,2010-04-02,Senate,"Third Reading Passed ",47,0,0,0,47
122144,138172,2010-04-02,Senate,"Third Reading Passed ",47,0,0,0,47
122144,138173,2010-04-02,Senate,"Third Reading Passed ",47,0,0,0,47
122146,138171,2010-04-04,Senate,"Third Reading Passed ",38,9,0,0,47
122147,138170,2010-04-05,Senate,"Third Reading Passed ",46,0,0,1,47
122150,138169,2010-04-05,Senate,"Third Reading Passed ",46,0,0,1,47
122151,138167,2010-04-05,Senate,"Third Reading Passed ",34,11,1,1,47
122151,138168,2010-04-09,Senate,"Third Reading Passed ",45,0,2,0,47
122152,138166,2010-04-05,Senate,"Third Reading Passed ",45,0,1,1,47
122162,138165,2010-04-05,Senate,"Third Reading Passed ",46,0,0,1,47
122167,138163,2010-04-02,Senate,"Third Reading Passed ",47,0,0,0,47
122167,138164,2010-04-02,Senate,"Third Reading Passed ",47,0,0,0,47
122168,138162,2010-04-09,Senate,"Third Reading Passed ",46,0,1,0,47
122178,138161,2010-04-07,Senate,"Third Reading Passed ",45,0,2,0,47
122182,138160,2010-04-07,Senate,"Third Reading Passed ",46,0,1,0,47
122185,138159,2010-04-01,Senate,"Third Reading Passed ",47,0,0,0,47
122187,138157,2010-04-03,Senate,"Third Reading Passed ",47,0,0,0,47
122187,138158,2010-04-03,Senate,"Third Reading Passed ",47,0,0,0,47
122188,138155,2010-04-02,Senate,"Third Reading Passed ",47,0,0,0,47
122188,138156,2010-04-02,Senate,"Third Reading Passed ",47,0,0,0,47
122199,138154,2010-04-04,Senate,"Third Reading Passed ",47,0,0,0,47
122202,138153,2010-04-01,Senate,"Third Reading Passed ",47,0,0,0,47
122203,138152,2010-04-06,Senate,"Third Reading Passed ",44,3,0,0,47
122210,138151,2010-04-07,Senate,"Third Reading Passed ",45,2,0,0,47
122211,138150,2010-04-07,Senate,"Third Reading Passed ",45,0,2,0,47
122218,138149,2010-04-07,Senate,"Third Reading Passed ",45,0,0,2,47
122219,138147,2010-04-03,Senate,"Third Reading Passed ",43,3,1,0,47
122219,138148,2010-04-03,Senate,"Third Reading Passed ",43,3,1,0,47
122222,138145,2010-04-03,Senate,"Third Reading Passed ",47,0,0,0,47
122222,138146,2010-04-03,Senate,"Third Reading Passed ",47,0,0,0,47
122223,138144,2010-04-07,Senate,"Third Reading Passed ",45,2,0,0,47
122225,138142,2010-04-03,Senate,"Third Reading Passed ",47,0,0,0,47
122225,138143,2010-04-03,Senate,"Third Reading Passed ",47,0,0,0,47
122226,138140,2010-04-03,Senate,"Third Reading Passed ",46,0,1,0,47
122226,138141,2010-04-03,Senate,"Third Reading Passed ",46,0,1,0,47
122228,138139,2010-04-09,Senate,"Third Reading Passed ",47,0,0,0,47
122234,138138,2010-04-06,Senate,"Third Reading Passed ",45,0,2,0,47
122242,138136,2010-04-02,Senate,"Third Reading Passed ",47,0,0,0,47
122242,138137,2010-04-02,Senate,"Third Reading Passed ",47,0,0,0,47
122244,138134,2010-03-31,Senate,"Third Reading Passed ",47,0,0,0,47
122244,138135,2010-03-31,Senate,"Third Reading Passed ",47,0,0,0,47
122247,138132,2010-03-31,Senate,"Third Reading Passed ",47,0,0,0,47
122247,138133,2010-03-31,Senate,"Third Reading Passed ",47,0,0,0,47
122251,138131,2010-04-09,Senate,"Third Reading Passed ",46,0,1,0,47
122252,138130,2010-04-01,Senate,"Third Reading Passed ",45,2,0,0,47
122253,138129,2010-04-07,Senate,"Third Reading Passed ",44,0,0,3,47
122257,138128,2010-04-01,Senate,"Third Reading Passed ",47,0,0,0,47
122259,138126,2010-04-02,Senate,"Third Reading Passed ",47,0,0,0,47
122259,138127,2010-04-02,Senate,"Third Reading Passed ",47,0,0,0,47
122264,138125,2010-04-01,Senate,"Third Reading Passed ",47,0,0,0,47
122271,138124,2010-04-01,Senate,"Third Reading Passed ",47,0,0,0,47
122272,138122,2010-04-02,Senate,"Third Reading Passed ",47,0,0,0,47
122272,138123,2010-04-02,Senate,"Third Reading Passed ",47,0,0,0,47
122273,138121,2010-04-06,Senate,"Floor Amendment (Kramer) {633427/1 Adopted ",26,21,0,0,47
122276,138119,2010-03-31,Senate,"Third Reading Passed ",47,0,0,0,47
122276,138120,2010-03-31,Senate,"Third Reading Passed ",47,0,0,0,47
122277,138118,2010-04-07,Senate,"Third Reading Passed ",47,0,0,0,47
122278,138117,2010-04-05,Senate,"Third Reading Passed ",45,0,1,1,47
122284,138115,2010-04-02,Senate,"Third Reading Passed ",47,0,0,0,47
122284,138116,2010-04-02,Senate,"Third Reading Passed ",47,0,0,0,47
122286,138114,2010-04-01,Senate,"Third Reading Passed ",47,0,0,0,47
122288,138112,2010-04-09,Senate,"Floor Amendment (Harris) {403428/2 Rejected ",18,28,1,0,47
122288,138113,2010-04-09,Senate,"Third Reading Passed ",37,5,5,0,47
122295,138110,2010-04-07,Senate,"Third Reading Passed ",46,0,0,1,47
122299,138109,2010-04-01,Senate,"Third Reading Passed ",47,0,0,0,47
122300,138108,2010-04-07,Senate,"Third Reading Passed ",46,1,0,0,47
122312,138104,2010-04-06,Senate,"Third Reading Passed ",45,0,2,0,47
122314,138103,2010-04-05,Senate,"Third Reading Passed ",46,0,0,1,47
122318,138101,2010-04-07,Senate,"Third Reading Passed ",46,0,0,1,47
122320,138099,2010-04-07,Senate,"Third Reading Passed ",44,1,0,2,47
122321,138097,2010-04-02,Senate,"Third Reading Passed ",47,0,0,0,47
122321,138098,2010-04-02,Senate,"Third Reading Passed ",47,0,0,0,47
122327,138096,2010-04-01,Senate,"Third Reading Passed ",47,0,0,0,47
122329,138095,2010-04-01,Senate,"Third Reading Passed ",47,0,0,0,47
122331,138094,2010-04-09,Senate,"Third Reading Passed ",47,0,0,0,47
122338,138093,2010-04-05,Senate,"Third Reading Passed ",46,0,0,1,47
122339,138092,2010-04-09,Senate,"Third Reading Passed ",46,0,1,0,47
122342,138091,2010-04-05,Senate,"Third Reading Passed ",46,0,0,1,47
122347,138090,2010-04-05,Senate,"Third Reading Passed ",46,0,0,1,47
122349,138088,2010-04-02,Senate,"Third Reading Passed ",46,0,1,0,47
122349,138089,2010-04-02,Senate,"Third Reading Passed ",46,0,1,0,47
122352,138087,2010-04-05,Senate,"Third Reading Passed ",46,0,0,1,47
122353,138086,2010-04-08,Senate,"Third Reading Passed ",44,0,3,0,47
122356,138085,2010-04-05,Senate,"Third Reading Passed ",46,0,0,1,47
122358,138084,2010-04-07,Senate,"Third Reading Passed ",44,0,0,3,47
122364,138083,2010-04-01,Senate,"Third Reading Passed ",46,0,1,0,47
122365,138082,2010-04-07,Senate,"Third Reading Passed ",46,1,0,0,47
122371,138080,2010-04-03,Senate,"Third Reading Passed ",47,0,0,0,47
122371,138081,2010-04-03,Senate,"Third Reading Passed ",47,0,0,0,47
122378,138079,2010-04-01,Senate,"Third Reading Passed ",47,0,0,0,47
122384,138077,2010-04-03,Senate,"Third Reading Passed ",44,2,1,0,47
122384,138078,2010-04-03,Senate,"Third Reading Passed ",44,2,1,0,47
122387,138075,2010-04-02,Senate,"Third Reading Passed ",47,0,0,0,47
122387,138076,2010-04-02,Senate,"Third Reading Passed ",47,0,0,0,47
122388,138073,2010-04-02,Senate,"Third Reading Passed ",47,0,0,0,47
122388,138074,2010-04-02,Senate,"Third Reading Passed ",47,0,0,0,47
122420,138071,2010-04-02,Senate,"Third Reading Passed ",47,0,0,0,47
122420,138072,2010-04-02,Senate,"Third Reading Passed ",47,0,0,0,47
122422,138068,2010-04-02,Senate,"Third Reading Passed ",47,0,0,0,47
122422,138069,2010-04-02,Senate,"Third Reading Passed ",47,0,0,0,47
122422,138070,2010-04-07,Senate,"Third Reading Passed ",46,0,1,0,47
122424,138066,2010-04-02,Senate,"Third Reading Passed ",47,0,0,0,47
122424,138067,2010-04-02,Senate,"Third Reading Passed ",47,0,0,0,47
122425,138064,2010-04-02,Senate,"Third Reading Passed ",39,8,0,0,47
122425,138065,2010-04-02,Senate,"Third Reading Passed ",39,8,0,0,47
122426,138062,2010-04-02,Senate,"Third Reading Passed ",47,0,0,0,47
122426,138063,2010-04-02,Senate,"Third Reading Passed ",47,0,0,0,47
122427,138060,2010-04-02,Senate,"Third Reading Passed ",47,0,0,0,47
122427,138061,2010-04-02,Senate,"Third Reading Passed ",47,0,0,0,47
122428,138059,2010-04-07,Senate,"Third Reading Passed ",44,0,0,3,47
122429,138056,2010-04-02,Senate,"Third Reading Passed ",39,8,0,0,47
122429,138057,2010-04-02,Senate,"Third Reading Passed ",39,8,0,0,47
122429,138058,2010-04-05,Senate,"Third Reading Passed ",46,0,0,1,47
122431,138055,2010-04-05,Senate,"Third Reading Passed ",46,0,0,1,47
122432,138054,2010-04-07,Senate,"Third Reading Passed ",46,0,0,1,47
122433,138053,2010-04-01,Senate,"Third Reading Passed ",47,0,0,0,47
122439,138052,2010-04-05,Senate,"Third Reading Passed ",46,0,0,1,47
122440,138051,2010-04-05,Senate,"Third Reading Passed ",46,0,0,1,47
122443,138050,2010-04-09,Senate,"Third Reading Passed ",46,0,1,0,47
122449,138049,2010-04-01,Senate,"Third Reading Passed ",47,0,0,0,47
122450,138048,2010-04-01,Senate,"Third Reading Passed ",47,0,0,0,47
122453,138047,2010-04-05,Senate,"Third Reading Passed ",45,0,1,1,47
122455,138046,2010-04-05,Senate,"Third Reading Passed ",46,0,0,1,47
122458,138045,2010-04-05,Senate,"Third Reading Passed ",46,0,0,1,47
122465,138044,2010-04-04,Senate,"Third Reading Passed ",46,0,1,0,47
122466,138040,2010-04-06,Senate,"Motion Special Order until 4/12 (Pipkin) Rejected ",15,32,0,0,47
122466,138041,2010-04-07,Senate,"Motion Special Order until later today (Pipkin) Rejected ",14,31,1,1,47
122466,138042,2010-04-07,Senate,"Floor Amendment (Pipkin) Rejected ",17,28,1,1,47
122466,138043,2010-04-07,Senate,"Third Reading Passed ",45,0,1,1,47
122468,138039,2010-04-04,Senate,"Third Reading Passed ",47,0,0,0,47
122469,138037,2010-04-06,Senate,"Motion Special Order until 4/12 (Brinkley) Rejected ",15,30,2,0,47
122469,138038,2010-04-07,Senate,"Third Reading Passed ",42,5,0,0,47
122470,138036,2010-04-05,Senate,"Third Reading Passed ",41,4,1,1,47
122472,138035,2010-04-01,Senate,"Third Reading Passed ",47,0,0,0,47
122475,138034,2010-04-01,Senate,"Third Reading Passed ",47,0,0,0,47
122476,138033,2010-04-01,Senate,"Third Reading Passed ",46,0,1,0,47
122477,138032,2010-04-07,Senate,"Third Reading Passed ",46,0,1,0,47
122479,138001,2010-04-01,Senate,"Floor Amendment (Kittleman) {853021/1 Rejected ",18,27,2,0,47
122479,138002,2010-04-02,Senate,"Floor Amendment (Glassman) {683620/1 Rejected ",16,28,3,0,47
122479,138003,2010-04-02,Senate,"Floor Amendment (Glassman) {683620/1 Rejected ",16,28,3,0,47
122479,138004,2010-04-02,Senate,"Floor Amendment (Pipkin) {103527/1 Rejected ",14,32,1,0,47
122479,138005,2010-04-02,Senate,"Floor Amendment (Pipkin) {103527/1 Rejected ",14,32,1,0,47
122479,138006,2010-04-02,Senate,"Floor Amendment (Pipkin) {783826/1 Rejected ",13,31,3,0,47
122479,138007,2010-04-02,Senate,"Floor Amendment (Pipkin) {783826/1 Rejected ",13,31,3,0,47
122479,138008,2010-04-02,Senate,"Floor Amendment (Pipkin) {393824/1 Rejected ",17,27,3,0,47
122479,138009,2010-04-02,Senate,"Floor Amendment (Pipkin) {393824/1 Rejected ",17,27,3,0,47
122479,138010,2010-04-02,Senate,"Floor Amendment (Pipkin) {763822/1 Rejected ",14,31,2,0,47
122479,138011,2010-04-02,Senate,"Floor Amendment (Pipkin) {763822/1 Rejected ",14,31,2,0,47
122479,138012,2010-04-02,Senate,"Floor Amendment (Kittleman) {583523/1 Rejected ",18,27,2,0,47
122479,138013,2010-04-02,Senate,"Floor Amendment (Kittleman) {583523/1 Rejected ",18,27,2,0,47
122479,138014,2010-04-02,Senate,"Floor Amendment (Kittleman) {393024/1 Rejected ",14,28,5,0,47
122479,138015,2010-04-02,Senate,"Floor Amendment (Kittleman) {393024/1 Rejected ",14,28,5,0,47
122479,138016,2010-04-02,Senate,"Floor Amendment (Pipkin) {943925/1 Rejected ",11,32,4,0,47
122479,138017,2010-04-02,Senate,"Floor Amendment (Pipkin) {943925/1 Rejected ",11,32,4,0,47
122479,138018,2010-04-02,Senate,"Motion Special Order until 4/7 (Gladden) Adopted ",32,15,0,0,47
122479,138019,2010-04-02,Senate,"Motion Special Order until 4/7 (Gladden) Adopted ",32,15,0,0,47
122479,138020,2010-04-03,Senate,"Floor Amendment (Kittleman) {693825/1 Rejected ",18,28,1,0,47
122479,138021,2010-04-03,Senate,"Floor Amendment (Kittleman) {693825/1 Rejected ",18,28,1,0,47
122479,138022,2010-04-03,Senate,"Floor Amendment (Mooney) {153725/1 Rejected ",14,32,1,0,47
122479,138023,2010-04-03,Senate,"Floor Amendment (Mooney) {153725/1 Rejected ",14,32,1,0,47
122479,138024,2010-04-03,Senate,"Floor Amendment (Kittleman) {423221/1 Rejected ",16,30,1,0,47
122479,138025,2010-04-03,Senate,"Floor Amendment (Kittleman) {423221/1 Rejected ",16,30,1,0,47
122479,138026,2010-04-03,Senate,"Floor Amendment (Reilly) {863328/1 Rejected ",13,33,1,0,47
122479,138027,2010-04-03,Senate,"Floor Amendment (Reilly) {863328/1 Rejected ",13,33,1,0,47
122479,138028,2010-04-03,Senate,"Floor Amendment (Pipkin) {823924/1 Rejected ",18,28,1,0,47
122479,138029,2010-04-03,Senate,"Floor Amendment (Pipkin) {823924/1 Rejected ",18,28,1,0,47
122479,138030,2010-04-03,Senate,"Third Reading Passed ",27,20,0,0,47
122479,138031,2010-04-03,Senate,"Third Reading Passed ",27,20,0,0,47
122483,138000,2010-04-07,Senate,"Third Reading Passed ",43,0,1,3,47
122484,137998,2010-04-02,Senate,"Third Reading Passed ",47,0,0,0,47
122484,137999,2010-04-02,Senate,"Third Reading Passed ",47,0,0,0,47
122488,137995,2010-03-31,Senate,"Third Reading Passed ",47,0,0,0,47
122488,137996,2010-03-31,Senate,"Third Reading Passed ",47,0,0,0,47
122491,137994,2010-04-07,Senate,"Third Reading Passed ",47,0,0,0,47
122493,137992,2010-04-02,Senate,"Third Reading Passed ",47,0,0,0,47
122493,137993,2010-04-02,Senate,"Third Reading Passed ",47,0,0,0,47
122502,137990,2010-04-02,Senate,"Third Reading Passed ",47,0,0,0,47
122502,137991,2010-04-02,Senate,"Third Reading Passed ",47,0,0,0,47
122503,137988,2010-03-31,Senate,"Third Reading Passed ",47,0,0,0,47
122503,137989,2010-03-31,Senate,"Third Reading Passed ",47,0,0,0,47
122504,137987,2010-04-05,Senate,"Third Reading Passed ",44,1,1,1,47
122508,137985,2010-04-02,Senate,"Third Reading Passed ",47,0,0,0,47
122508,137986,2010-04-02,Senate,"Third Reading Passed ",47,0,0,0,47
122509,137981,2010-04-02,Senate,"Floor Amendment (Simonaire) {583925/1 Rejected ",12,34,1,0,47
122509,137982,2010-04-02,Senate,"Floor Amendment (Simonaire) {583925/1 Rejected ",12,34,1,0,47
122509,137983,2010-04-02,Senate,"Third Reading Passed ",40,6,1,0,47
122509,137984,2010-04-02,Senate,"Third Reading Passed ",40,6,1,0,47
122510,137980,2010-04-04,Senate,"Third Reading Passed ",46,0,1,0,47
122515,137979,2010-04-05,Senate,"Third Reading Passed ",46,0,0,1,47
122517,137978,2010-04-05,Senate,"Third Reading Passed ",46,0,0,1,47
122522,137977,2010-04-01,Senate,"Third Reading Passed ",47,0,0,0,47
122523,137976,2010-04-01,Senate,"Third Reading Passed ",47,0,0,0,47
122524,137975,2010-04-10,Senate,"Third Reading Passed ",47,0,0,0,47
122527,137974,2010-04-05,Senate,"Third Reading Passed ",45,0,1,1,47
122532,137973,2010-04-05,Senate,"Third Reading Passed ",46,0,0,1,47
122534,137971,2010-04-02,Senate,"Third Reading Passed ",47,0,0,0,47
122534,137972,2010-04-02,Senate,"Third Reading Passed ",47,0,0,0,47
122536,137970,2010-04-01,Senate,"Third Reading Passed ",46,0,1,0,47
122545,137969,2010-04-05,Senate,"Third Reading Passed ",46,0,0,1,47
122546,137968,2010-04-04,Senate,"Third Reading Passed ",47,0,0,0,47
122553,137965,2010-04-02,Senate,"Third Reading Passed ",47,0,0,0,47
122553,137966,2010-04-02,Senate,"Third Reading Passed ",47,0,0,0,47
122553,137967,2010-04-07,Senate,"Third Reading Passed ",45,0,1,1,47
122554,137963,2010-04-02,Senate,"Third Reading Passed ",47,0,0,0,47
122554,137964,2010-04-02,Senate,"Third Reading Passed ",47,0,0,0,47
122557,137962,2010-04-05,Senate,"Third Reading Passed ",45,0,1,1,47
122559,137961,2010-04-05,Senate,"Third Reading Passed ",46,0,0,1,47
122561,137960,2010-04-07,Senate,"Third Reading Passed ",47,0,0,0,47
122562,137958,2010-04-02,Senate,"Third Reading Passed ",43,3,1,0,47
122562,137959,2010-04-02,Senate,"Third Reading Passed ",43,3,1,0,47
122564,137957,2010-04-05,Senate,"Third Reading Passed ",45,0,1,1,47
122569,137956,2010-04-05,Senate,"Third Reading Passed ",42,3,1,1,47
122577,137955,2010-04-05,Senate,"Third Reading Passed ",46,0,0,1,47
122580,137954,2010-04-07,Senate,"Third Reading Passed ",43,1,0,3,47
122581,137953,2010-04-10,Senate,"Third Reading Passed ",44,0,3,0,47
122583,137952,2010-04-05,Senate,"Third Reading Passed ",46,0,0,1,47
122585,137950,2010-04-05,Senate,"Third Reading Passed ",46,0,0,1,47
122585,137951,2010-04-08,Senate,"Third Reading Passed ",43,0,4,0,47
122587,137949,2010-04-01,Senate,"Third Reading Passed ",47,0,0,0,47
122588,137948,2010-04-09,Senate,"Third Reading Passed ",36,0,11,0,47
122590,137946,2010-04-06,Senate,"Third Reading Passed ",45,1,1,0,47
122590,137947,2010-04-09,Senate,"Third Reading Passed ",47,0,0,0,47
122597,137945,2010-04-05,Senate,"Third Reading Passed ",36,10,0,1,47
122601,137944,2010-04-07,Senate,"Third Reading Passed ",43,1,0,3,47
122602,137942,2010-04-02,Senate,"Third Reading Passed ",44,3,0,0,47
122602,137943,2010-04-02,Senate,"Third Reading Passed ",44,3,0,0,47
122610,137941,2010-04-07,Senate,"Third Reading Passed ",47,0,0,0,47
122617,137940,2010-04-07,Senate,"Third Reading Passed ",43,0,1,3,47
122620,137939,2010-04-05,Senate,"Third Reading Passed ",46,0,0,1,47
122625,137938,2010-04-01,Senate,"Third Reading Passed ",47,0,0,0,47
122626,137937,2010-04-01,Senate,"Third Reading Passed ",47,0,0,0,47
122627,137936,2010-04-09,Senate,"Third Reading Passed ",47,0,0,0,47
122628,137935,2010-04-05,Senate,"Third Reading Passed ",43,0,3,1,47
122629,137934,2010-04-08,Senate,"Third Reading Passed ",47,0,0,0,47
122635,137932,2010-04-02,Senate,"Third Reading Passed ",45,2,0,0,47
122635,137933,2010-04-02,Senate,"Third Reading Passed ",45,2,0,0,47
122636,137931,2010-04-07,Senate,"Third Reading Passed ",44,0,0,3,47
122637,137930,2010-04-07,Senate,"Third Reading Passed ",46,0,1,0,47
122642,137929,2010-04-05,Senate,"Third Reading Passed ",45,0,1,1,47
122643,137928,2010-04-07,Senate,"Third Reading Passed ",47,0,0,0,47
122644,137925,2010-04-02,Senate,"Third Reading Passed ",47,0,0,0,47
122644,137926,2010-04-02,Senate,"Third Reading Passed ",47,0,0,0,47
122644,137927,2010-04-07,Senate,"Third Reading Passed ",46,0,1,0,47
122649,137924,2010-04-05,Senate,"Third Reading Passed ",44,0,1,2,47
122663,137923,2010-04-01,Senate,"Third Reading Passed ",47,0,0,0,47
122665,137922,2010-04-09,Senate,"Third Reading Passed ",46,0,1,0,47
122671,137921,2010-04-05,Senate,"Third Reading Passed ",44,1,1,1,47
122678,137920,2010-04-05,Senate,"Third Reading Passed ",46,0,0,1,47
122680,137918,2010-04-02,Senate,"Third Reading Passed ",47,0,0,0,47
122680,137919,2010-04-02,Senate,"Third Reading Passed ",47,0,0,0,47
122687,137916,2010-04-02,Senate,"Third Reading Passed ",44,2,1,0,47
122687,137917,2010-04-02,Senate,"Third Reading Passed ",44,2,1,0,47
122688,137914,2010-04-02,Senate,"Third Reading Passed ",46,0,1,0,47
122688,137915,2010-04-02,Senate,"Third Reading Passed ",46,0,1,0,47
122689,137913,2010-04-06,Senate,"Third Reading Passed ",46,0,0,1,47
122697,137912,2010-04-08,Senate,"Third Reading Passed ",42,0,5,0,47
122698,137911,2010-04-07,Senate,"Third Reading Passed ",44,0,0,3,47
122699,137909,2010-04-02,Senate,"Third Reading Passed ",41,6,0,0,47
122699,137910,2010-04-02,Senate,"Third Reading Passed ",41,6,0,0,47
122701,137908,2010-04-07,Senate,"Third Reading Passed ",46,0,0,1,47
122705,137907,2010-04-04,Senate,"Third Reading Passed ",47,0,0,0,47
122706,137906,2010-04-07,Senate,"Third Reading Passed ",44,0,0,3,47
122708,137905,2010-04-10,Senate,"Third Reading Passed ",45,0,2,0,47
122711,137904,2010-04-05,Senate,"Third Reading Passed ",46,0,0,1,47
122714,137902,2010-04-02,Senate,"Third Reading Passed ",47,0,0,0,47
122714,137903,2010-04-02,Senate,"Third Reading Passed ",47,0,0,0,47
122717,137901,2010-04-05,Senate,"Third Reading Passed ",46,0,0,1,47
122719,137900,2010-04-07,Senate,"Third Reading Passed ",47,0,0,0,47
122728,137899,2010-04-07,Senate,"Third Reading Passed ",46,0,1,0,47
122731,137898,2010-04-05,Senate,"Third Reading Passed ",44,1,1,1,47
122748,137897,2010-04-05,Senate,"Third Reading Passed ",46,0,0,1,47
122749,137895,2010-03-31,Senate,"Third Reading Passed ",47,0,0,0,47
122749,137896,2010-03-31,Senate,"Third Reading Passed ",47,0,0,0,47
122755,137893,2010-04-02,Senate,"Third Reading Passed ",33,14,0,0,47
122755,137894,2010-04-02,Senate,"Third Reading Passed ",33,14,0,0,47
122764,137892,2010-04-08,Senate,"Third Reading Passed ",47,0,0,0,47
122765,137891,2010-04-07,Senate,"Third Reading Passed ",47,0,0,0,47
122767,137889,2010-03-31,Senate,"Third Reading Passed ",47,0,0,0,47
122767,137890,2010-03-31,Senate,"Third Reading Passed ",47,0,0,0,47
122769,137887,2010-04-02,Senate,"Third Reading Passed ",47,0,0,0,47
122769,137888,2010-04-02,Senate,"Third Reading Passed ",47,0,0,0,47
122772,137886,2010-04-09,Senate,"Third Reading Passed ",47,0,0,0,47
122775,137885,2010-04-09,Senate,"Third Reading Passed ",42,0,5,0,47
122789,137882,2010-04-02,Senate,"Third Reading Passed ",47,0,0,0,47
122789,137883,2010-04-02,Senate,"Third Reading Passed ",47,0,0,0,47
122790,137881,2010-04-05,Senate,"Third Reading Passed ",46,0,0,1,47
122791,137879,2010-04-03,Senate,"Third Reading Passed ",47,0,0,0,47
122791,137880,2010-04-03,Senate,"Third Reading Passed ",47,0,0,0,47
122793,137878,2010-04-05,Senate,"Third Reading Passed ",46,0,0,1,47
122796,137877,2010-04-05,Senate,"Third Reading Passed ",46,0,0,1,47
122800,137873,2010-04-05,Senate,"Third Reading Passed ",46,0,0,1,47
122804,137871,2010-04-07,Senate,"Third Reading Passed ",43,0,1,3,47
122806,137869,2010-04-03,Senate,"Third Reading Passed ",46,0,1,0,47
122806,137870,2010-04-03,Senate,"Third Reading Passed ",46,0,1,0,47
122807,137867,2010-04-02,Senate,"Third Reading Passed ",47,0,0,0,47
122807,137868,2010-04-02,Senate,"Third Reading Passed ",47,0,0,0,47
122810,137862,2010-04-07,Senate,"Motion Special Order until later today (Pipkin) Rejected ",15,31,0,1,47
122810,137863,2010-04-07,Senate,"Floor Amendment (Pipkin) {383325/1 Rejected ",16,30,1,0,47
122810,137864,2010-04-07,Senate,"Floor Amendment (Pipkin) {593527/1 Rejected ",14,30,3,0,47
122810,137865,2010-04-07,Senate,"Motion Special Order until later today (Pipkin) Rejected ",13,30,4,0,47
122810,137866,2010-04-07,Senate,"Third Reading Passed ",31,14,2,0,47
122811,137861,2010-04-09,Senate,"Third Reading Passed ",45,0,2,0,47
122815,137859,2010-04-06,Senate,"Third Reading Passed ",46,0,0,1,47
122815,137860,2010-04-09,Senate,"Third Reading Passed ",46,0,1,0,47
122816,137858,2010-04-05,Senate,"Third Reading Passed ",46,0,0,1,47
122818,137857,2010-04-07,Senate,"Third Reading Passed ",47,0,0,0,47
122819,137856,2010-04-09,Senate,"Third Reading Passed ",46,0,1,0,47
122822,137854,2010-04-02,Senate,"Third Reading Passed ",47,0,0,0,47
122822,137855,2010-04-02,Senate,"Third Reading Passed ",47,0,0,0,47
122829,137852,2010-04-05,Senate,"Third Reading Passed ",45,0,1,1,47
122829,137853,2010-04-09,Senate,"Third Reading Passed ",45,0,2,0,47
122830,137851,2010-04-09,Senate,"Third Reading Passed ",47,0,0,0,47
122837,137850,2010-04-09,Senate,"Third Reading Passed ",37,10,0,0,47
122843,137849,2010-04-10,Senate,"Third Reading Passed ",47,0,0,0,47
122854,137848,2010-04-07,Senate,"Third Reading Passed ",46,0,0,1,47
122855,137847,2010-04-05,Senate,"Third Reading Passed ",45,0,1,1,47
122856,137846,2010-04-05,Senate,"Third Reading Passed ",46,0,0,1,47
122857,137845,2010-04-05,Senate,"Third Reading Passed ",46,0,0,1,47
122860,137843,2010-04-03,Senate,"Third Reading Passed ",44,3,0,0,47
122860,137844,2010-04-03,Senate,"Third Reading Passed ",44,3,0,0,47
122861,137841,2010-04-02,Senate,"Third Reading Passed ",47,0,0,0,47
122861,137842,2010-04-02,Senate,"Third Reading Passed ",47,0,0,0,47
122874,137839,2010-04-02,Senate,"Third Reading Passed ",47,0,0,0,47
122874,137840,2010-04-02,Senate,"Third Reading Passed ",47,0,0,0,47
122877,137838,2010-04-07,Senate,"Third Reading Passed ",44,0,0,3,47
122881,137836,2010-04-02,Senate,"Third Reading Passed ",47,0,0,0,47
122881,137837,2010-04-02,Senate,"Third Reading Passed ",47,0,0,0,47
122899,137835,2010-04-05,Senate,"Third Reading Passed ",46,0,0,1,47
122905,137834,2010-04-05,Senate,"Third Reading Passed ",34,11,1,1,47
122909,137832,2010-04-02,Senate,"Third Reading Passed ",47,0,0,0,47
122909,137833,2010-04-02,Senate,"Third Reading Passed ",47,0,0,0,47
122918,137827,2010-04-02,Senate,"Floor Amendment (Mooney) {723729/1 Rejected ",13,34,0,0,47
122918,137828,2010-04-02,Senate,"Floor Amendment (Mooney) {723729/1 Rejected ",13,34,0,0,47
122918,137829,2010-04-02,Senate,"Third Reading Passed ",42,5,0,0,47
122918,137830,2010-04-02,Senate,"Third Reading Passed ",42,5,0,0,47
122918,137831,2010-04-09,Senate,"Third Reading Passed ",44,3,0,0,47
122922,137826,2010-04-05,Senate,"Third Reading Passed ",46,0,0,1,47
122928,137825,2010-04-10,Senate,"Third Reading Passed ",47,0,0,0,47
122930,137824,2010-04-05,Senate,"Third Reading Passed ",46,0,0,1,47
122949,137823,2010-04-07,Senate,"Third Reading Passed ",44,0,0,3,47
122950,137822,2010-04-04,Senate,"Third Reading Passed ",47,0,0,0,47
122953,137821,2010-04-01,Senate,"Third Reading Passed ",47,0,0,0,47
122954,137820,2010-04-05,Senate,"Third Reading Passed ",28,16,2,1,47
122957,137819,2010-04-05,Senate,"Third Reading Passed ",45,0,1,1,47
122958,137818,2010-04-05,Senate,"Third Reading Passed ",46,0,0,1,47
122964,137816,2010-04-03,Senate,"Third Reading Passed ",46,0,1,0,47
122964,137817,2010-04-03,Senate,"Third Reading Passed ",46,0,1,0,47
122967,137815,2010-04-09,Senate,"Third Reading Passed ",47,0,0,0,47
122977,137814,2010-04-07,Senate,"Third Reading Passed ",40,3,1,3,47
122978,137813,2010-04-07,Senate,"Third Reading Passed ",44,0,0,3,47
122981,137812,2010-04-05,Senate,"Third Reading Passed ",45,0,1,1,47
122985,137811,2010-04-07,Senate,"Third Reading Passed ",44,0,0,3,47
122990,137810,2010-04-07,Senate,"Third Reading Passed ",43,1,0,3,47
122991,137809,2010-04-07,Senate,"Third Reading Passed ",46,0,0,1,47
123001,137807,2010-04-06,Senate,"Floor Amendment (Simonaire) {973522/1 Rejected ",17,27,2,1,47
123001,137808,2010-04-07,Senate,"Third Reading Passed ",42,2,2,1,47
123008,137806,2010-04-08,Senate,"Third Reading Passed ",35,12,0,0,47
123009,137805,2010-04-05,Senate,"Third Reading Passed ",46,0,0,1,47
123018,137804,2010-04-09,Senate,"Third Reading Passed ",46,0,1,0,47
123026,137803,2010-04-04,Senate,"Third Reading Passed ",47,0,0,0,47
123031,137802,2010-04-09,Senate,"Third Reading Passed ",41,6,0,0,47
123038,137801,2010-04-05,Senate,"Third Reading Passed ",46,0,0,1,47
123045,137800,2010-04-10,Senate,"Third Reading Passed ",43,1,3,0,47
123055,137799,2010-04-07,Senate,"Third Reading Passed ",47,0,0,0,47
123058,137798,2010-04-06,Senate,"Third Reading Passed ",44,0,3,0,47
123072,137796,2010-04-02,Senate,"Third Reading Passed ",47,0,0,0,47
123072,137797,2010-04-02,Senate,"Third Reading Passed ",47,0,0,0,47
123080,137795,2010-04-07,Senate,"Third Reading Passed ",46,0,1,0,47
123081,137794,2010-04-07,Senate,"Third Reading Passed ",47,0,0,0,47
123087,137793,2010-04-07,Senate,"Third Reading Passed ",43,1,0,3,47
123096,137792,2010-04-04,Senate,"Third Reading Passed ",47,0,0,0,47
123099,137791,2010-04-05,Senate,"Third Reading Passed ",46,0,0,1,47
123110,137790,2010-04-09,Senate,"Third Reading Passed ",46,0,1,0,47
123120,137787,2010-04-07,Senate,"Third Reading Passed ",47,0,0,0,47
123122,137786,2010-04-05,Senate,"Third Reading Passed ",46,0,0,1,47
123126,137784,2010-04-03,Senate,"Third Reading Passed ",47,0,0,0,47
123126,137785,2010-04-03,Senate,"Third Reading Passed ",47,0,0,0,47
123127,137782,2010-04-02,Senate,"Third Reading Passed ",47,0,0,0,47
123127,137783,2010-04-02,Senate,"Third Reading Passed ",47,0,0,0,47
123128,137781,2010-04-07,Senate,"Third Reading Passed ",47,0,0,0,47
123129,137780,2010-04-09,Senate,"Third Reading Passed ",46,0,1,0,47
123133,137777,2010-04-07,Senate,"Floor Amendment (Pipkin) {463927/2 Rejected ",12,33,2,0,47
123133,137778,2010-04-07,Senate,"Motion Special Order until later today (Pipkin) Rejected ",13,33,1,0,47
123133,137779,2010-04-07,Senate,"Third Reading Passed ",29,18,0,0,47
123134,137776,2010-04-07,Senate,"Third Reading Passed ",42,2,1,2,47
123137,137775,2010-04-09,Senate,"Third Reading Passed ",46,0,1,0,47
123152,137772,2010-04-03,Senate,"Third Reading Passed ",45,2,0,0,47
123152,137773,2010-04-03,Senate,"Third Reading Passed ",45,2,0,0,47
123157,137771,2010-04-05,Senate,"Third Reading Passed ",46,0,0,1,47
123161,137770,2010-04-01,Senate,"Third Reading Passed ",45,0,2,0,47
123164,137768,2010-04-07,Senate,"Motion Special Order until later today (Pipkin) Rejected ",16,31,0,0,47
123164,137769,2010-04-07,Senate,"Third Reading Passed ",47,0,0,0,47
123168,137765,2010-04-09,Senate,"Motion Special Order until later (Madaleno) Rejected ",18,27,2,0,47
123168,137766,2010-04-09,Senate,"Motion two readings same day Const/Rule 24 (Frosh) Adopted ",41,3,3,0,47
123168,137767,2010-04-09,Senate,"Third Reading Passed ",42,1,4,0,47
123170,137764,2010-04-09,Senate,"Third Reading Passed ",46,0,1,0,47
123183,137763,2010-04-09,Senate,"Third Reading Passed ",47,0,0,0,47
123187,137762,2010-04-07,Senate,"Third Reading Passed ",46,0,1,0,47
123211,137761,2010-04-09,Senate,"Third Reading Passed ",46,0,1,0,47
123220,137757,2010-04-02,Senate,"Floor Amendment (Pipkin) {863126/1 Rejected ",20,27,0,0,47
123220,137758,2010-04-02,Senate,"Floor Amendment (Pipkin) {863126/1 Rejected ",20,27,0,0,47
123220,137759,2010-04-02,Senate,"Third Reading Passed ",47,0,0,0,47
123220,137760,2010-04-02,Senate,"Third Reading Passed ",47,0,0,0,47
123224,137756,2010-04-09,Senate,"Third Reading Passed ",47,0,0,0,47
123230,137755,2010-02-25,Senate,"Third Reading Passed ",46,0,0,1,47
123231,137754,2010-03-04,Senate,"Third Reading Passed ",47,0,0,0,47
123243,137753,2010-02-02,Senate,"Third Reading Passed ",46,0,0,1,47
123244,137752,2010-02-11,Senate,"Third Reading Passed ",42,0,1,4,47
123246,137751,2010-03-28,Senate,"Third Reading Passed ",47,0,0,0,47
123248,137750,2010-02-15,Senate,"Third Reading Passed ",47,0,0,0,47
123252,137749,2010-02-11,Senate,"Third Reading Passed ",42,0,1,4,47
123254,137747,2010-02-11,Senate,"Third Reading Passed ",43,0,0,4,47
123254,137748,2010-04-07,Senate,"Third Reading Passed ",47,0,0,0,47
123258,137745,2010-03-27,Senate,"Third Reading Passed ",47,0,0,0,47
123258,137746,2010-04-05,Senate,"Third Reading Passed ",45,1,0,1,47
123259,137744,2010-01-27,Senate,"Third Reading Passed ",47,0,0,0,47
123262,137743,2010-03-05,Senate,"Third Reading Passed ",47,0,0,0,47
123263,137742,2010-03-05,Senate,"Third Reading Passed ",47,0,0,0,47
123266,137740,2010-03-19,Senate,"Third Reading Passed ",47,0,0,0,47
123266,137741,2010-04-07,Senate,"Third Reading Passed ",46,0,1,0,47
123267,137739,2010-02-09,Senate,"Third Reading Passed ",44,0,0,3,47
123268,137736,2010-02-15,Senate,"Third Reading Failed ",23,23,1,0,47
123268,137737,2010-02-19,Senate,"Motion Returned Second Reading (Middleton) Adopted ",44,3,0,0,47
123268,137738,2010-02-23,Senate,"Third Reading Passed ",25,20,2,0,47
123269,137734,2010-03-11,Senate,"Third Reading Passed ",40,7,0,0,47
123269,137735,2010-04-05,Senate,"Third Reading Passed ",42,2,2,1,47
123270,137733,2010-03-03,Senate,"Third Reading Passed ",47,0,0,0,47
123272,137731,2010-03-04,Senate,"Third Reading Passed ",47,0,0,0,47
123272,137732,2010-04-05,Senate,"Third Reading Passed ",46,0,0,1,47
123275,137729,2010-01-28,Senate,"Third Reading Passed ",47,0,0,0,47
123275,137730,2010-04-07,Senate,"Third Reading Passed ",46,0,1,0,47
123278,137727,2010-03-03,Senate,"Third Reading Passed ",47,0,0,0,47
123278,137728,2010-04-04,Senate,"Third Reading Passed ",44,0,3,0,47
123282,137726,2010-02-11,Senate,"Third Reading Passed ",43,0,0,4,47
123283,137724,2010-02-02,Senate,"Third Reading Passed ",46,0,0,1,47
123284,137723,2010-02-05,Senate,"Third Reading Passed ",42,0,1,4,47
123285,137722,2010-02-11,Senate,"Third Reading Passed ",43,0,0,4,47
123286,137721,2010-03-26,Senate,"Third Reading Passed ",40,4,0,3,47
123287,137720,2010-03-05,Senate,"Third Reading Passed ",47,0,0,0,47
123288,137719,2010-02-11,Senate,"Third Reading Passed ",43,0,0,4,47
123289,137717,2010-02-11,Senate,"Third Reading Passed ",43,0,0,4,47
123289,137718,2010-04-05,Senate,"Third Reading Passed ",45,0,1,1,47
123293,137715,2010-02-11,Senate,"Third Reading Passed ",43,0,0,4,47
123293,137716,2010-04-08,Senate,"Third Reading Passed ",28,0,19,0,47
123294,137713,2010-02-02,Senate,"Third Reading Passed ",46,0,0,1,47
123294,137714,2010-04-05,Senate,"Third Reading Passed ",46,0,0,1,47
123295,137712,2010-02-04,Senate,"Third Reading Passed ",46,0,1,0,47
123296,137711,2010-01-28,Senate,"Third Reading Passed ",47,0,0,0,47
123297,137710,2010-01-28,Senate,"Third Reading Passed ",47,0,0,0,47
123298,137709,2010-01-28,Senate,"Third Reading Passed ",45,0,2,0,47
123299,137707,2010-02-15,Senate,"Third Reading Passed ",47,0,0,0,47
123299,137708,2010-04-05,Senate,"Third Reading Passed ",46,0,0,1,47
123300,137704,2010-02-04,Senate,"Third Reading Passed ",46,0,1,0,47
123300,137705,2010-04-07,Senate,"Third Reading Passed ",47,0,0,0,47
123301,137703,2010-02-05,Senate,"Third Reading Passed ",43,0,0,4,47
123302,137702,2010-02-11,Senate,"Third Reading Passed ",42,0,1,4,47
123303,137701,2010-02-11,Senate,"Third Reading Passed ",43,0,0,4,47
123304,137700,2010-02-11,Senate,"Third Reading Passed ",34,9,0,4,47
123306,137699,2010-02-05,Senate,"Third Reading Passed ",41,0,2,4,47
123308,137698,2010-03-24,Senate,"Third Reading Passed ",45,2,0,0,47
123309,137697,2010-03-11,Senate,"Third Reading Passed ",47,0,0,0,47
123310,137696,2010-02-25,Senate,"Third Reading Passed ",46,0,0,1,47
123311,137694,2010-02-02,Senate,"Third Reading Passed ",45,0,1,1,47
123311,137695,2010-04-09,Senate,"Third Reading Passed ",47,0,0,0,47
123312,137691,2010-02-17,Senate,"Floor Amendment (Pipkin) {793820/3 Adopted ",28,19,0,0,47
123312,137692,2010-02-17,Senate,"Floor Amendment (Jacobs) {383129/1 Rejected ",7,40,0,0,47
123312,137693,2010-02-19,Senate,"Third Reading Passed ",43,1,3,0,47
123313,137690,2010-02-02,Senate,"Third Reading Passed ",46,0,0,1,47
123314,137689,2010-01-21,Senate,"Third Reading Passed ",46,0,0,1,47
123315,137688,2010-01-21,Senate,"Third Reading Passed ",46,0,0,1,47
123316,137687,2010-02-11,Senate,"Third Reading Passed ",41,0,2,4,47
123317,137686,2010-02-02,Senate,"Third Reading Passed ",44,0,2,1,47
123318,137685,2010-02-02,Senate,"Third Reading Passed ",46,0,0,1,47
123319,137684,2010-02-11,Senate,"Third Reading Passed ",42,0,1,4,47
123320,137683,2010-01-21,Senate,"Third Reading Passed ",46,0,0,1,47
123321,137682,2010-01-21,Senate,"Third Reading Passed ",46,0,0,1,47
123322,137680,2010-02-11,Senate,"Third Reading Passed ",43,0,0,4,47
123322,137681,2010-04-09,Senate,"Third Reading Passed ",47,0,0,0,47
123323,137679,2010-02-11,Senate,"Third Reading Passed ",43,0,0,4,47
123324,137678,2010-02-11,Senate,"Third Reading Passed ",43,0,0,4,47
123325,137677,2010-02-11,Senate,"Third Reading Passed ",43,0,0,4,47
123326,137676,2010-02-11,Senate,"Third Reading Passed ",43,0,0,4,47
123327,137675,2010-03-11,Senate,"Third Reading Passed ",47,0,0,0,47
123328,137674,2010-03-11,Senate,"Third Reading Passed ",47,0,0,0,47
123329,137673,2010-02-02,Senate,"Third Reading Passed ",46,0,0,1,47
123330,137672,2010-02-11,Senate,"Third Reading Passed ",43,0,0,4,47
123332,137671,2010-02-11,Senate,"Third Reading Passed ",43,0,0,4,47
123333,137670,2010-02-11,Senate,"Third Reading Passed ",43,0,0,4,47
123334,137669,2010-02-26,Senate,"Third Reading Passed ",44,3,0,0,47
123335,137668,2010-03-22,Senate,"Third Reading Passed ",32,14,0,1,47
123337,137667,2010-03-02,Senate,"Third Reading Passed ",47,0,0,0,47
123338,137666,2010-02-23,Senate,"Third Reading Passed ",47,0,0,0,47
123339,137664,2010-03-26,Senate,"Third Reading Passed ",43,0,0,4,47
123339,137665,2010-04-09,Senate,"Third Reading Passed ",45,0,1,1,47
123341,137662,2010-02-15,Senate,"Third Reading Passed ",47,0,0,0,47
123341,137663,2010-04-08,Senate,"Third Reading Passed ",36,0,11,0,47
123345,137661,2010-02-23,Senate,"Third Reading Passed ",47,0,0,0,47
123346,137660,2010-02-23,Senate,"Third Reading Passed ",47,0,0,0,47
123348,137657,2010-02-24,Senate,"Floor Amendment (Mooney) {393625/1 Rejected ",6,40,0,1,47
123348,137658,2010-02-26,Senate,"Third Reading Passed ",47,0,0,0,47
123348,137659,2010-03-25,Senate,"Third Reading Passed ",45,0,0,2,47
123349,137656,2010-03-09,Senate,"Third Reading Passed ",46,0,0,1,47
123351,137655,2010-02-11,Senate,"Third Reading Passed ",43,0,0,4,47
123354,137654,2010-02-25,Senate,"Third Reading Passed ",46,0,0,1,47
123356,137653,2010-03-29,Senate,"Third Reading Passed ",36,11,0,0,47
123360,137651,2010-02-25,Senate,"Third Reading Passed ",33,13,0,1,47
123360,137652,2010-04-09,Senate,"Third Reading Passed ",35,11,1,0,47
123361,137649,2010-02-25,Senate,"Third Reading Passed ",32,13,1,1,47
123361,137650,2010-04-06,Senate,"Third Reading Passed ",36,11,0,0,47
123362,137648,2010-03-28,Senate,"Third Reading Passed ",47,0,0,0,47
123364,137647,2010-02-24,Senate,"Third Reading Passed ",45,0,0,2,47
123365,137646,2010-03-05,Senate,"Third Reading Passed ",47,0,0,0,47
123367,137645,2010-02-25,Senate,"Third Reading Passed ",46,0,0,1,47
123368,137644,2010-03-02,Senate,"Third Reading Passed ",47,0,0,0,47
123371,137642,2010-02-26,Senate,"Third Reading Passed ",47,0,0,0,47
123371,137643,2010-04-05,Senate,"Third Reading Passed ",46,0,0,1,47
123372,137641,2010-03-02,Senate,"Third Reading Passed ",47,0,0,0,47
123373,137640,2010-03-05,Senate,"Third Reading Passed ",46,1,0,0,47
123377,137638,2010-03-05,Senate,"Third Reading Passed ",47,0,0,0,47
123377,137639,2010-04-08,Senate,"Third Reading Passed ",46,0,1,0,47
123381,137637,2010-02-26,Senate,"Third Reading Passed ",47,0,0,0,47
123382,137625,2010-03-23,Senate,"Committee Amendment (#49-50) Adopted ",38,9,0,0,47
123382,137626,2010-03-23,Senate,"Committee Amendment (#82) Adopted ",33,14,0,0,47
123382,137627,2010-03-23,Senate,"Committee Amendment (#120,130) Adopted ",35,12,0,0,47
123382,137628,2010-03-23,Senate,"Floor Amendment (Kittleman) {863529/1 Rejected ",15,32,0,0,47
123382,137629,2010-03-23,Senate,"Floor Amendment (Jacobs) {783128/1 Rejected ",12,35,0,0,47
123382,137630,2010-03-23,Senate,"Floor Amendment (Harris) {843029/1 Rejected ",19,27,1,0,47
123382,137631,2010-03-23,Senate,"Floor Amendment (Harris) {443624/1 Rejected ",19,28,0,0,47
123382,137632,2010-03-23,Senate,"Floor Amendment (Reilly) {913426/1 Rejected ",20,26,0,1,47
123382,137633,2010-03-23,Senate,"Floor Amendment (Dyson) {713823/1 Rejected ",19,28,0,0,47
123382,137634,2010-03-24,Senate,"Third Reading Passed ",39,8,0,0,47
123382,137635,2010-04-05,Senate,"Conference Committee Report Adopted ",38,8,0,1,47
123382,137636,2010-04-05,Senate,"Third Reading Passed ",37,9,0,1,47
123383,137613,2010-03-23,Senate,"Committee Amendment (#39) Adopted ",28,19,0,0,47
123383,137614,2010-03-23,Senate,"Committee Amendment (#11) Adopted ",43,3,1,0,47
123383,137615,2010-03-23,Senate,"Committee Amendment (#19) Adopted ",38,9,0,0,47
123383,137616,2010-03-23,Senate,"Committee Amendment (#31) Adopted ",42,4,1,0,47
123383,137617,2010-03-23,Senate,"Floor Amendment (Della) {803827/2 Rejected ",16,30,0,1,47
123383,137618,2010-03-23,Senate,"Floor Amendment (Rosapepe) {193223/1 Rejected ",10,35,2,0,47
123383,137619,2010-03-23,Senate,"Floor Amendment (Rosapepe) {223421/1 Rejected ",10,37,0,0,47
123383,137620,2010-03-23,Senate,"Floor Amendment (Pipkin) {913722/1 Rejected ",13,33,1,0,47
123383,137621,2010-03-23,Senate,"Floor Amendment (Pipkin) {843221/1 Rejected ",16,31,0,0,47
123383,137622,2010-03-24,Senate,"Third Reading Passed ",42,5,0,0,47
123383,137623,2010-04-05,Senate,"Conference Committee Report {993122/1 Adopted ",37,9,0,1,47
123383,137624,2010-04-05,Senate,"Third Reading Passed ",37,9,0,1,47
123384,137606,2010-03-28,Senate,"Committee Amendment (#9) Adopted ",35,12,0,0,47
123384,137607,2010-03-28,Senate,"Committee Amendment (#19) Adopted ",38,8,1,0,47
123384,137608,2010-03-28,Senate,"Committee Amendment (#12) Adopted ",42,5,0,0,47
123384,137609,2010-03-28,Senate,"Committee Amendment (#32) Adopted ",42,5,0,0,47
123384,137610,2010-03-28,Senate,"Floor Amendment (Pipkin) {433927/1 Rejected ",10,36,1,0,47
123384,137611,2010-03-29,Senate,"Third Reading Passed ",43,4,0,0,47
123384,137612,2010-04-07,Senate,"Third Reading Passed ",43,4,0,0,47
123386,137605,2010-02-25,Senate,"Third Reading Passed ",45,0,1,1,47
123387,137604,2010-02-23,Senate,"Third Reading Passed ",45,0,2,0,47
123388,137603,2010-02-23,Senate,"Third Reading Passed ",47,0,0,0,47
123389,137602,2010-02-23,Senate,"Third Reading Passed ",47,0,0,0,47
123390,137601,2010-02-23,Senate,"Third Reading Passed ",47,0,0,0,47
123391,137600,2010-02-23,Senate,"Third Reading Passed ",47,0,0,0,47
123393,137599,2010-03-05,Senate,"Third Reading Passed ",47,0,0,0,47
123394,137597,2010-03-05,Senate,"Third Reading Passed ",47,0,0,0,47
123394,137598,2010-04-09,Senate,"Third Reading Passed ",46,0,1,0,47
123395,137596,2010-03-05,Senate,"Third Reading Passed ",47,0,0,0,47
123400,137595,2010-03-18,Senate,"Motion Postpone Indefinitely (Haines) Adopted ",24,23,0,0,47
123403,137593,2010-03-10,Senate,"Third Reading Passed ",47,0,0,0,47
123403,137594,2010-04-06,Senate,"Third Reading Passed ",47,0,0,0,47
123405,137591,2010-03-11,Senate,"Third Reading Passed ",47,0,0,0,47
123405,137592,2010-04-09,Senate,"Third Reading Passed ",47,0,0,0,47
123406,137590,2010-02-23,Senate,"Third Reading Passed ",46,0,1,0,47
123407,137588,2010-03-05,Senate,"Third Reading Passed ",47,0,0,0,47
123407,137589,2010-04-03,Senate,"Third Reading Passed ",47,0,0,0,47
123408,137587,2010-03-11,Senate,"Third Reading Passed ",47,0,0,0,47
123413,137585,2010-03-05,Senate,"Third Reading Passed ",47,0,0,0,47
123413,137586,2010-04-09,Senate,"Third Reading Passed ",47,0,0,0,47
123415,137584,2010-02-24,Senate,"Third Reading Passed ",45,0,0,2,47
123416,137582,2010-03-05,Senate,"Third Reading Passed ",42,0,5,0,47
123416,137583,2010-04-09,Senate,"Third Reading Passed ",45,0,2,0,47
123418,137581,2010-03-05,Senate,"Third Reading Passed ",47,0,0,0,47
123419,137580,2010-03-19,Senate,"Third Reading Passed ",47,0,0,0,47
123421,137579,2010-02-25,Senate,"Third Reading Passed ",46,0,0,1,47
123424,137578,2010-03-05,Senate,"Third Reading Passed ",47,0,0,0,47
123431,137576,2010-03-11,Senate,"Third Reading Passed ",47,0,0,0,47
123431,137577,2010-04-09,Senate,"Third Reading Passed ",46,0,1,0,47
123436,137574,2010-03-11,Senate,"Third Reading Passed ",47,0,0,0,47
123436,137575,2010-04-09,Senate,"Third Reading Passed ",46,0,1,0,47
123437,137573,2010-03-05,Senate,"Third Reading Passed ",47,0,0,0,47
123438,137571,2010-03-11,Senate,"Third Reading Passed ",47,0,0,0,47
123438,137572,2010-04-09,Senate,"Third Reading Passed ",47,0,0,0,47
123440,137570,2010-02-18,Senate,"Third Reading Passed ",47,0,0,0,47
123441,137569,2010-02-18,Senate,"Third Reading Passed ",47,0,0,0,47
123443,137568,2010-03-05,Senate,"Third Reading Passed ",47,0,0,0,47
123444,137567,2010-03-29,Senate,"Third Reading Passed ",47,0,0,0,47
123446,137566,2010-03-05,Senate,"Third Reading Passed ",47,0,0,0,47
123450,137565,2010-03-04,Senate,"Third Reading Passed ",47,0,0,0,47
123454,137564,2010-03-05,Senate,"Favorable with Amendments Rejected ",21,26,0,0,47
123455,137563,2010-02-25,Senate,"Third Reading Passed ",46,0,0,1,47
123459,137562,2010-02-23,Senate,"Third Reading Passed ",47,0,0,0,47
123463,137560,2010-03-27,Senate,"Third Reading Passed ",47,0,0,0,47
123463,137561,2010-04-07,Senate,"Third Reading Passed ",46,0,0,1,47
123465,137559,2010-02-25,Senate,"Third Reading Passed ",42,4,0,1,47
123466,137556,2010-03-05,Senate,"Third Reading Passed ",47,0,0,0,47
123466,137557,2010-04-09,Senate,"Senate Concur - House Amendments ",39,8,0,0,47
123466,137558,2010-04-09,Senate,"Third Reading Passed ",46,0,1,0,47
123471,137554,2010-03-05,Senate,"Third Reading Passed ",47,0,0,0,47
123471,137555,2010-04-07,Senate,"Third Reading Passed ",46,0,0,1,47
123472,137553,2010-03-05,Senate,"Third Reading Passed ",47,0,0,0,47
123473,137551,2010-02-25,Senate,"Third Reading Passed ",46,0,0,1,47
123473,137552,2010-04-01,Senate,"Third Reading Passed ",47,0,0,0,47
123476,137550,2010-03-18,Senate,"Third Reading Passed ",41,6,0,0,47
123477,137548,2010-03-12,Senate,"Third Reading Passed ",31,13,1,2,47
123477,137549,2010-04-07,Senate,"Third Reading Passed ",37,10,0,0,47
123478,137547,2010-02-18,Senate,"Third Reading Passed ",47,0,0,0,47
123479,137546,2010-02-26,Senate,"Third Reading Passed ",47,0,0,0,47
123481,137544,2010-03-15,Senate,"Floor Amendment (Stoltzfus) {153226/1 Adopted ",23,22,1,1,47
123481,137545,2010-03-17,Senate,"Third Reading Passed ",31,16,0,0,47
123483,137543,2010-03-02,Senate,"Third Reading Passed ",47,0,0,0,47
123487,137541,2010-02-11,Senate,"Third Reading Passed ",43,0,0,4,47
123487,137542,2010-04-04,Senate,"Third Reading Passed ",47,0,0,0,47
123489,137540,2010-03-15,Senate,"Third Reading Passed ",46,0,0,1,47
123490,137538,2010-03-05,Senate,"Third Reading Passed ",36,11,0,0,47
123490,137539,2010-04-09,Senate,"Third Reading Passed ",33,13,1,0,47
123491,137537,2010-02-23,Senate,"Third Reading Passed ",47,0,0,0,47
123493,137535,2010-02-25,Senate,"Third Reading Passed ",46,0,0,1,47
123494,137532,2010-03-05,Senate,"Floor Amendment (Zirkin) {653524/2 Rejected ",7,39,1,0,47
123494,137533,2010-03-09,Senate,"Third Reading Passed ",43,2,1,1,47
123494,137534,2010-04-08,Senate,"Third Reading Passed ",40,0,7,0,47
123497,137531,2010-03-05,Senate,"Third Reading Passed ",47,0,0,0,47
123498,137529,2010-03-03,Senate,"Floor Amendment (Kittleman) {123821/1 Rejected ",15,31,0,1,47
123498,137530,2010-03-05,Senate,"Third Reading Passed ",37,10,0,0,47
123501,137528,2010-03-18,Senate,"Third Reading Passed ",47,0,0,0,47
123503,137526,2010-03-11,Senate,"Third Reading Passed ",47,0,0,0,47
123503,137527,2010-04-06,Senate,"Third Reading Passed ",47,0,0,0,47
123506,137524,2010-03-23,Senate,"Floor Amendment (Klausmeier) {623223/1 Rejected ",16,31,0,0,47
123506,137525,2010-03-24,Senate,"Third Reading Passed ",46,1,0,0,47
123507,137523,2010-03-04,Senate,"Third Reading Passed ",47,0,0,0,47
123508,137522,2010-03-18,Senate,"Third Reading Passed ",47,0,0,0,47
123516,137521,2010-03-28,Senate,"Third Reading Passed ",40,6,1,0,47
123517,137519,2010-03-24,Senate,"Third Reading Passed ",36,11,0,0,47
123517,137520,2010-04-10,Senate,"Third Reading Passed ",43,3,1,0,47
123519,137511,2010-03-30,Senate,"Floor Amendment (Mooney) {943625/1 Rejected ",13,33,0,1,47
123519,137512,2010-03-30,Senate,"Floor Amendment (Jacobs) {593720/1 Rejected ",15,30,1,1,47
123519,137513,2010-03-30,Senate,"Floor Amendment (Brinkley) {123122/1 Rejected ",13,31,2,1,47
123519,137514,2010-03-30,Senate,"Motion Special Order until 4/2 (Harris) Rejected ",16,30,0,1,47
123519,137515,2010-03-30,Senate,"Floor Amendment (Harris) Rejected ",14,32,0,1,47
123519,137516,2010-03-30,Senate,"Floor Amendment (Mooney) {593722/1 Rejected ",13,33,0,1,47
123519,137517,2010-03-31,Senate,"Third Reading Passed ",31,15,0,1,47
123519,137518,2010-04-07,Senate,"Third Reading Passed ",31,15,0,1,47
123520,137510,2010-03-08,Senate,"Third Reading Passed ",45,2,0,0,47
123521,137508,2010-03-19,Senate,"Floor Amendment (Kittleman) {763228/1 Rejected ",20,26,1,0,47
123521,137509,2010-03-23,Senate,"Third Reading Passed ",37,8,2,0,47
123522,137505,2010-03-26,Senate,"Motion Returned Second Reading (Pipkin) Rejected ",12,30,2,3,47
123522,137506,2010-03-26,Senate,"Third Reading Passed ",42,0,2,3,47
123522,137507,2010-04-06,Senate,"Third Reading Passed ",45,0,2,0,47
123523,137504,2010-03-18,Senate,"Third Reading Passed ",47,0,0,0,47
123525,137502,2010-03-31,Senate,"Third Reading Passed ",39,8,0,0,47
123525,137503,2010-04-07,Senate,"Third Reading Passed ",43,3,0,1,47
123526,137501,2010-03-27,Senate,"Third Reading Passed ",28,19,0,0,47
123528,137499,2010-03-05,Senate,"Third Reading Passed ",47,0,0,0,47
123528,137500,2010-04-09,Senate,"Third Reading Passed ",45,0,2,0,47
123529,137498,2010-03-19,Senate,"Third Reading Passed ",47,0,0,0,47
123530,137497,2010-03-24,Senate,"Third Reading Passed ",47,0,0,0,47
123531,137496,2010-03-05,Senate,"Third Reading Passed ",47,0,0,0,47
123533,137494,2010-03-19,Senate,"Third Reading Passed ",47,0,0,0,47
123533,137495,2010-04-09,Senate,"Third Reading Passed ",47,0,0,0,47
123534,137493,2010-04-07,Senate,"Third Reading Passed ",44,0,1,2,47
123544,137492,2010-02-25,Senate,"Third Reading Passed ",43,0,3,1,47
123547,137491,2010-03-18,Senate,"Third Reading Passed ",47,0,0,0,47
123549,137490,2010-03-18,Senate,"Third Reading Passed ",46,0,1,0,47
123550,137488,2010-04-01,Senate,"Third Reading Passed ",47,0,0,0,47
123550,137489,2010-04-09,Senate,"Third Reading Passed ",47,0,0,0,47
123551,137486,2010-04-02,Senate,"Third Reading Passed ",46,0,1,0,47
123551,137487,2010-04-07,Senate,"Third Reading Passed ",47,0,0,0,47
123552,137484,2010-03-24,Senate,"Third Reading Passed ",47,0,0,0,47
123552,137485,2010-04-10,Senate,"Third Reading Passed ",47,0,0,0,47
123553,137483,2010-03-17,Senate,"Third Reading Passed ",33,14,0,0,47
123555,137482,2010-02-25,Senate,"Third Reading Passed ",46,0,0,1,47
123556,137477,2010-03-11,Senate,"Floor Amendment (Della) {213526/1 Rejected ",7,40,0,0,47
123556,137478,2010-03-11,Senate,"Floor Amendment (Brinkley) {783328/1 Rejected ",10,37,0,0,47
123556,137479,2010-03-11,Senate,"Floor Amendment (Della) {833627/1 Rejected ",7,40,0,0,47
123556,137480,2010-03-15,Senate,"Third Reading Passed ",37,9,0,1,47
123556,137481,2010-04-09,Senate,"Third Reading Passed ",42,5,0,0,47
123557,137476,2010-03-19,Senate,"Third Reading Passed ",46,0,1,0,47
123559,137474,2010-03-27,Senate,"Third Reading Passed ",42,5,0,0,47
123559,137475,2010-04-06,Senate,"Third Reading Passed ",47,0,0,0,47
123560,137473,2010-03-12,Senate,"Third Reading Passed ",45,0,0,2,47
123561,137471,2010-03-15,Senate,"Third Reading Passed ",38,8,0,1,47
123561,137472,2010-04-04,Senate,"Third Reading Passed ",43,4,0,0,47
123563,137454,2010-03-22,Senate,"Favorable with Amendments Adopted ",25,21,0,1,47
123563,137455,2010-03-22,Senate,"Floor Amendment (Mooney) {723526/1 Adopted ",26,20,0,1,47
123563,137456,2010-03-22,Senate,"Floor Amendment (Pipkin) {803623/1 Rejected ",15,31,0,1,47
123563,137457,2010-03-22,Senate,"Floor Amendment (Pipkin) {803623/3 Rejected ",17,29,0,1,47
123563,137458,2010-03-22,Senate,"Floor Amendment (Pipkin) {973527/1 Rejected ",15,30,1,1,47
123563,137459,2010-03-22,Senate,"Floor Amendment (Pipkin) {943227/1 Rejected ",14,31,1,1,47
123563,137460,2010-03-22,Senate,"Floor Amendment (Brinkley) {533223/1 Rejected ",17,28,1,1,47
123563,137461,2010-03-22,Senate,"Floor Amendment (Pipkin) {963123/1 Rejected ",18,28,0,1,47
123563,137462,2010-03-22,Senate,"Floor Amendment (Pipkin) {723025/1 Rejected ",15,31,0,1,47
123563,137463,2010-03-22,Senate,"Floor Amendment (Pipkin) {693723/1 Rejected ",17,28,1,1,47
123563,137464,2010-03-22,Senate,"Floor Amendment (Mooney) {233727/1 Rejected ",13,32,1,1,47
123563,137465,2010-03-22,Senate,"Floor Amendment (Mooney) {643627/1 Rejected ",12,33,1,1,47
123563,137466,2010-03-22,Senate,"Floor Amendment (Pipkin) {563821/1 Rejected ",16,29,1,1,47
123563,137467,2010-03-22,Senate,"Floor Amendment (Pipkin) {653122/1 Rejected ",13,29,4,1,47
123563,137468,2010-03-22,Senate,"Floor Amendment (Pipkin) {333322/1 Rejected ",7,37,2,1,47
123563,137469,2010-03-22,Senate,"Floor Amendment (Stone) {613823/1 Adopted ",43,0,3,1,47
123563,137470,2010-03-24,Senate,"Third Reading Passed ",24,23,0,0,47
123564,137452,2010-03-24,Senate,"Third Reading Passed ",44,3,0,0,47
123564,137453,2010-04-08,Senate,"Third Reading Passed ",27,2,18,0,47
123565,137451,2010-02-26,Senate,"Third Reading Passed ",46,0,1,0,47
123566,137450,2010-03-24,Senate,"Third Reading Passed ",47,0,0,0,47
123567,137449,2010-03-05,Senate,"Third Reading Passed ",47,0,0,0,47
123568,137448,2010-03-02,Senate,"Third Reading Passed ",47,0,0,0,47
123569,137446,2010-03-11,Senate,"Third Reading Passed ",46,0,1,0,47
123569,137447,2010-04-06,Senate,"Third Reading Passed ",46,0,1,0,47
123570,137445,2010-02-15,Senate,"Third Reading Passed ",46,0,1,0,47
123572,137443,2010-03-26,Senate,"Third Reading Passed ",42,2,0,3,47
123572,137444,2010-04-09,Senate,"Third Reading Passed ",47,0,0,0,47
123577,137442,2010-03-26,Senate,"Third Reading Passed ",44,0,0,3,47
123578,137441,2010-03-12,Senate,"Third Reading Passed ",45,0,0,2,47
123579,137440,2010-03-18,Senate,"Third Reading Passed ",47,0,0,0,47
123580,137439,2010-03-19,Senate,"Third Reading Passed ",47,0,0,0,47
123581,137438,2010-03-19,Senate,"Third Reading Passed ",47,0,0,0,47
123582,137437,2010-03-24,Senate,"Third Reading Passed ",46,0,1,0,47
123583,137436,2010-03-24,Senate,"Third Reading Passed ",47,0,0,0,47
123584,137433,2010-03-25,Senate,"Motion Special Order until 3/29 (Pipkin) Rejected ",21,23,1,2,47
123584,137434,2010-03-25,Senate,"Floor Amendment (Colburn) {403029/1 Adopted ",27,16,2,2,47
123584,137435,2010-03-26,Senate,"Third Reading Passed ",44,0,0,3,47
123585,137432,2010-03-05,Senate,"Third Reading Passed ",47,0,0,0,47
123586,137430,2010-03-24,Senate,"Third Reading Passed ",47,0,0,0,47
123586,137431,2010-04-07,Senate,"Third Reading Passed ",47,0,0,0,47
123589,137429,2010-03-18,Senate,"Third Reading Passed ",46,0,1,0,47
123590,137428,2010-02-26,Senate,"Third Reading Passed ",47,0,0,0,47
123597,137426,2010-03-11,Senate,"Third Reading Passed ",47,0,0,0,47
123597,137427,2010-04-05,Senate,"Third Reading Passed ",45,0,1,1,47
123603,137424,2010-03-03,Senate,"Favorable Adopted ",36,10,1,0,47
123603,137425,2010-03-05,Senate,"Third Reading Passed ",46,0,1,0,47
123610,137423,2010-03-11,Senate,"Third Reading Passed ",47,0,0,0,47
123614,137422,2010-03-15,Senate,"Third Reading Passed ",46,0,0,1,47
123615,137421,2010-03-15,Senate,"Third Reading Passed ",46,0,0,1,47
123616,137420,2010-03-24,Senate,"Third Reading Passed ",47,0,0,0,47
123617,137419,2010-03-24,Senate,"Third Reading Passed ",47,0,0,0,47
123618,137418,2010-03-18,Senate,"Third Reading Passed ",47,0,0,0,47
123619,137417,2010-03-05,Senate,"Third Reading Passed ",47,0,0,0,47
123620,137416,2010-03-05,Senate,"Third Reading Passed ",47,0,0,0,47
123625,137414,2010-03-26,Senate,"Third Reading Passed ",37,7,0,3,47
123625,137415,2010-04-09,Senate,"Third Reading Passed ",42,5,0,0,47
123626,137413,2010-03-16,Senate,"Third Reading Passed ",45,1,0,1,47
123628,137409,2010-03-12,Senate,"Floor Amendment (Exum) {673423/1 Rejected ",13,31,1,2,47
123628,137410,2010-03-12,Senate,"Motion Special Order until 3/15 (Gladden) Adopted ",31,13,1,2,47
123628,137411,2010-03-15,Senate,"Floor Amendment (Conway J) {913920/1 Rejected ",16,30,0,1,47
123628,137412,2010-03-17,Senate,"Third Reading Passed ",30,17,0,0,47
123630,137408,2010-03-11,Senate,"Third Reading Passed ",43,3,1,0,47
123633,137407,2010-03-10,Senate,"Third Reading Passed ",43,4,0,0,47
123637,137406,2010-03-18,Senate,"Third Reading Passed ",47,0,0,0,47
123638,137405,2010-04-01,Senate,"Third Reading Passed ",45,2,0,0,47
123639,137404,2010-04-07,Senate,"Third Reading Passed ",44,0,1,2,47
123641,137403,2010-03-04,Senate,"Floor Amendment (Munson) {123328/1 Rejected ",16,29,2,0,47
123642,137401,2010-03-04,Senate,"Third Reading Passed ",47,0,0,0,47
123642,137402,2010-04-09,Senate,"Third Reading Passed ",46,0,1,0,47
123643,137400,2010-03-26,Senate,"Third Reading Passed ",34,10,0,3,47
123645,137399,2010-03-11,Senate,"Third Reading Passed ",47,0,0,0,47
123651,137397,2010-02-25,Senate,"Third Reading Passed ",46,0,0,1,47
123651,137398,2010-04-05,Senate,"Third Reading Passed ",46,0,0,1,47
123654,137395,2010-03-27,Senate,"Third Reading Passed ",45,2,0,0,47
123654,137396,2010-04-06,Senate,"Third Reading Passed ",47,0,0,0,47
123655,137394,2010-03-05,Senate,"Third Reading Passed ",47,0,0,0,47
123656,137393,2010-03-30,Senate,"Third Reading Passed ",46,0,0,1,47
123658,137391,2010-03-24,Senate,"Third Reading Passed ",47,0,0,0,47
123658,137392,2010-04-07,Senate,"Third Reading Passed ",47,0,0,0,47
123659,137389,2010-03-18,Senate,"Third Reading Passed ",47,0,0,0,47
123659,137390,2010-04-07,Senate,"Third Reading Passed ",47,0,0,0,47
123665,137388,2010-03-24,Senate,"Third Reading Passed ",47,0,0,0,47
123672,137386,2010-03-11,Senate,"Third Reading Passed ",47,0,0,0,47
123672,137387,2010-04-01,Senate,"Third Reading Passed ",47,0,0,0,47
123674,137385,2010-03-01,Senate,"Third Reading Passed ",45,0,0,2,47
123685,137384,2010-03-04,Senate,"Third Reading Passed ",47,0,0,0,47
123686,137383,2010-03-18,Senate,"Third Reading Passed ",47,0,0,0,47
123687,137382,2010-03-15,Senate,"Third Reading Passed ",43,3,0,1,47
123692,137381,2010-03-11,Senate,"Third Reading Passed ",47,0,0,0,47
123693,137379,2010-03-31,Senate,"Third Reading Passed ",47,0,0,0,47
123693,137380,2010-04-07,Senate,"Third Reading Passed ",46,0,0,1,47
123694,137378,2010-03-26,Senate,"Third Reading Passed ",29,15,0,3,47
123695,137376,2010-03-18,Senate,"Third Reading Passed ",47,0,0,0,47
123695,137377,2010-04-09,Senate,"Third Reading Passed ",47,0,0,0,47
123696,137375,2010-03-10,Senate,"Third Reading Passed ",47,0,0,0,47
123697,137374,2010-03-05,Senate,"Third Reading Passed ",47,0,0,0,47
123699,137373,2010-03-28,Senate,"Third Reading Passed ",47,0,0,0,47
123702,137372,2010-04-09,Senate,"Third Reading Passed ",45,1,1,0,47
123706,137371,2010-03-11,Senate,"Third Reading Passed ",47,0,0,0,47
123708,137369,2010-03-28,Senate,"Third Reading Passed ",47,0,0,0,47
123708,137370,2010-04-05,Senate,"Third Reading Passed ",45,0,1,1,47
123709,137362,2010-03-17,Senate,"Floor Amendment (Edwards) {673822/1 Rejected ",18,29,0,0,47
123709,137363,2010-03-17,Senate,"Floor Amendment (Pipkin) {383820/1 Rejected ",16,30,1,0,47
123709,137364,2010-03-17,Senate,"Floor Amendment (Pipkin) {693424/1 Rejected ",18,29,0,0,47
123709,137365,2010-03-17,Senate,"Floor Amendment (Harris) {123721/1 Rejected ",17,30,0,0,47
123709,137366,2010-03-19,Senate,"Third Reading Passed ",28,19,0,0,47
123709,137367,2010-03-19,Senate,"Motion Reconsider Third Reading (Frosh) Adopted ",41,6,0,0,47
123709,137368,2010-03-19,Senate,"Third Reading Passed ",30,17,0,0,47
123710,137360,2010-03-24,Senate,"Third Reading Passed ",47,0,0,0,47
123710,137361,2010-04-07,Senate,"Third Reading Passed ",47,0,0,0,47
123712,137359,2010-02-23,Senate,"Third Reading Passed ",47,0,0,0,47
123713,137358,2010-02-23,Senate,"Third Reading Passed ",47,0,0,0,47
123718,137356,2010-03-11,Senate,"Third Reading Passed ",43,3,1,0,47
123718,137357,2010-04-09,Senate,"Third Reading Passed ",46,0,1,0,47
123719,137354,2010-02-24,Senate,"Floor Amendment (Kittleman) {193927/1 Rejected ",11,34,1,1,47
123719,137355,2010-02-26,Senate,"Third Reading Passed ",44,3,0,0,47
123720,137353,2010-03-11,Senate,"Third Reading Passed ",47,0,0,0,47
123721,137352,2010-03-24,Senate,"Third Reading Passed ",47,0,0,0,47
123722,137351,2010-03-24,Senate,"Third Reading Passed ",47,0,0,0,47
123723,137350,2010-03-15,Senate,"Third Reading Passed ",46,0,0,1,47
123724,137349,2010-03-05,Senate,"Third Reading Passed ",47,0,0,0,47
123725,137348,2010-03-04,Senate,"Third Reading Passed ",47,0,0,0,47
123726,137347,2010-03-11,Senate,"Third Reading Passed ",47,0,0,0,47
123727,137346,2010-03-28,Senate,"Third Reading Passed ",46,1,0,0,47
123728,137345,2010-03-18,Senate,"Third Reading Passed ",47,0,0,0,47
123736,137344,2010-03-11,Senate,"Third Reading Passed ",47,0,0,0,47
123737,137343,2010-03-05,Senate,"Third Reading Passed ",47,0,0,0,47
123738,137342,2010-03-12,Senate,"Third Reading Passed ",45,0,0,2,47
123739,137341,2010-03-12,Senate,"Third Reading Passed ",45,0,0,2,47
123740,137339,2010-03-24,Senate,"Third Reading Passed ",31,16,0,0,47
123740,137340,2010-04-09,Senate,"Third Reading Passed ",46,0,1,0,47
123741,137338,2010-03-24,Senate,"Third Reading Passed ",46,1,0,0,47
123742,137337,2010-03-28,Senate,"Third Reading Passed ",47,0,0,0,47
123744,137336,2010-03-10,Senate,"Third Reading Passed ",47,0,0,0,47
123747,137334,2010-03-25,Senate,"Favorable Adopted ",24,20,1,2,47
123747,137335,2010-03-28,Senate,"Third Reading Failed ",22,23,2,0,47
123750,137333,2010-04-07,Senate,"Third Reading Passed ",44,1,0,2,47
123751,137332,2010-03-18,Senate,"Third Reading Passed ",47,0,0,0,47
123752,137331,2010-03-18,Senate,"Third Reading Passed ",46,1,0,0,47
123754,137329,2010-03-28,Senate,"Floor Amendment (Pugh) {513321/1 Adopted ",43,4,0,0,47
123754,137330,2010-03-29,Senate,"Third Reading Passed ",45,2,0,0,47
123755,137328,2010-03-18,Senate,"Third Reading Passed ",47,0,0,0,47
123756,137327,2010-04-05,Senate,"Third Reading Passed ",46,0,0,1,47
123760,137319,2010-04-04,Senate,"Motion Special Order until 4/9 (Pugh) Adopted ",23,21,3,0,47
123760,137320,2010-04-06,Senate,"Favorable with Amendments Adopted ",36,11,0,0,47
123760,137321,2010-04-06,Senate,"Floor Amendment (Pugh) {993322/1 Rejected ",15,31,1,0,47
123760,137322,2010-04-06,Senate,"Floor Amendment (Pugh) {823426/3 Rejected ",11,34,2,0,47
123760,137323,2010-04-06,Senate,"Floor Amendment (Lenett) {153822/1 Rejected ",21,26,0,0,47
123760,137324,2010-04-06,Senate,"Floor Amendment (Gladden) {343924/2 Rejected ",17,29,1,0,47
123760,137325,2010-04-06,Senate,"Floor Amendment (Kelley) {133528/1 Rejected ",11,35,1,0,47
123760,137326,2010-04-07,Senate,"Third Reading Passed ",35,9,1,2,47
123763,137318,2010-03-30,Senate,"Third Reading Passed ",46,0,0,1,47
123766,137317,2010-03-09,Senate,"Third Reading Passed ",45,0,1,1,47
123770,137315,2010-03-11,Senate,"Third Reading Passed ",47,0,0,0,47
123770,137316,2010-04-01,Senate,"Third Reading Passed ",47,0,0,0,47
123772,137314,2010-03-04,Senate,"Third Reading Passed ",47,0,0,0,47
123774,137313,2010-03-26,Senate,"Third Reading Passed ",44,0,0,3,47
123779,137311,2010-03-27,Senate,"Third Reading Passed ",33,14,0,0,47
123779,137312,2010-04-06,Senate,"Third Reading Passed ",33,13,1,0,47
123781,137310,2010-03-29,Senate,"Third Reading Passed ",47,0,0,0,47
123783,137308,2010-03-18,Senate,"Third Reading Passed ",47,0,0,0,47
123783,137309,2010-04-09,Senate,"Third Reading Passed ",47,0,0,0,47
123784,137307,2010-03-05,Senate,"Third Reading Passed ",47,0,0,0,47
123785,137305,2010-03-22,Senate,"Third Reading Passed ",42,4,0,1,47
123785,137306,2010-04-07,Senate,"Third Reading Passed ",45,2,0,0,47
123789,137303,2010-03-24,Senate,"Third Reading Passed ",47,0,0,0,47
123789,137304,2010-04-09,Senate,"Third Reading Passed ",47,0,0,0,47
123790,137302,2010-03-23,Senate,"Third Reading Passed ",47,0,0,0,47
123791,137300,2010-03-19,Senate,"Third Reading Passed ",43,4,0,0,47
123793,137298,2010-03-12,Senate,"Third Reading Passed ",45,0,0,2,47
123793,137299,2010-04-06,Senate,"Third Reading Passed ",47,0,0,0,47
123794,137297,2010-04-07,Senate,"Third Reading Passed ",44,1,0,2,47
123795,137296,2010-03-12,Senate,"Third Reading Passed ",45,0,0,2,47
123797,137295,2010-04-05,Senate,"Third Reading Passed ",46,0,0,1,47
123798,137294,2010-03-18,Senate,"Third Reading Passed ",47,0,0,0,47
123799,137292,2010-03-26,Senate,"Third Reading Passed ",44,0,0,3,47
123799,137293,2010-04-09,Senate,"Third Reading Passed ",47,0,0,0,47
123800,137291,2010-03-26,Senate,"Third Reading Passed ",43,1,0,3,47
123802,137289,2010-03-19,Senate,"Third Reading Passed ",47,0,0,0,47
123802,137290,2010-04-03,Senate,"Third Reading Passed ",47,0,0,0,47
123803,137287,2010-03-24,Senate,"Third Reading Passed ",47,0,0,0,47
123803,137288,2010-04-06,Senate,"Third Reading Passed ",47,0,0,0,47
123805,137286,2010-03-18,Senate,"Third Reading Passed ",47,0,0,0,47
123807,137285,2010-03-26,Senate,"Third Reading Passed ",44,0,0,3,47
123810,137284,2010-03-15,Senate,"Third Reading Passed ",44,0,2,1,47
123819,137283,2010-03-24,Senate,"Third Reading Passed ",47,0,0,0,47
123833,137276,2010-03-26,Senate,"Floor Amendment (Brinkley) {873827/1 Rejected ",11,33,1,2,47
123833,137277,2010-03-26,Senate,"Floor Amendment (Jacobs) {803223/1 Rejected ",11,34,0,2,47
123833,137278,2010-03-26,Senate,"Floor Amendment (Jacobs) {533723/1 Rejected ",11,34,0,2,47
123833,137279,2010-03-26,Senate,"Floor Amendment (Jacobs) {333529/1 Rejected ",11,34,0,2,47
123833,137280,2010-03-26,Senate,"Floor Amendment (Reilly) {483723/1 Rejected ",12,33,0,2,47
123833,137281,2010-03-27,Senate,"Third Reading Passed ",35,12,0,0,47
123833,137282,2010-04-07,Senate,"Third Reading Passed ",35,12,0,0,47
123836,137274,2010-03-27,Senate,"Third Reading Passed ",47,0,0,0,47
123836,137275,2010-04-07,Senate,"Third Reading Passed ",47,0,0,0,47
123840,137273,2010-03-18,Senate,"Third Reading Passed ",47,0,0,0,47
123841,137272,2010-03-09,Senate,"Third Reading Passed ",46,0,0,1,47
123845,137270,2010-03-24,Senate,"Third Reading Passed ",47,0,0,0,47
123845,137271,2010-04-06,Senate,"Third Reading Passed ",47,0,0,0,47
123847,137269,2010-04-04,Senate,"Third Reading Passed ",47,0,0,0,47
123848,137268,2010-03-19,Senate,"Third Reading Passed ",47,0,0,0,47
123852,137267,2010-03-11,Senate,"Third Reading Passed ",44,3,0,0,47
123853,137266,2010-03-04,Senate,"Third Reading Passed ",47,0,0,0,47
123858,137265,2010-03-19,Senate,"Third Reading Passed ",47,0,0,0,47
123865,137263,2010-04-01,Senate,"Third Reading Passed ",44,1,2,0,47
123865,137264,2010-04-09,Senate,"Third Reading Passed ",47,0,0,0,47
123867,137262,2010-03-24,Senate,"Third Reading Passed ",47,0,0,0,47
123869,137261,2010-03-11,Senate,"Third Reading Passed ",42,4,1,0,47
123870,137257,2010-04-05,Senate,"Floor Amendment (Harris) {203422/1 Rejected ",10,33,3,1,47
123870,137258,2010-04-05,Senate,"Floor Amendment (Harris) {863928/1 Rejected ",17,28,1,1,47
123870,137259,2010-04-05,Senate,"Floor Amendment (Harris) {343020/1 Rejected ",13,30,3,1,47
123870,137260,2010-04-06,Senate,"Third Reading Passed ",35,12,0,0,47
123871,137256,2010-03-28,Senate,"Third Reading Passed ",47,0,0,0,47
123872,137255,2010-03-18,Senate,"Third Reading Passed ",47,0,0,0,47
123874,137254,2010-03-24,Senate,"Third Reading Passed ",47,0,0,0,47
123875,137252,2010-03-24,Senate,"Third Reading Passed ",47,0,0,0,47
123875,137253,2010-04-09,Senate,"Third Reading Passed ",47,0,0,0,47
123876,137250,2010-03-16,Senate,"Third Reading Passed ",46,0,0,1,47
123876,137251,2010-04-07,Senate,"Third Reading Passed ",47,0,0,0,47
123878,137249,2010-03-26,Senate,"Third Reading Passed ",44,0,0,3,47
123880,137248,2010-03-26,Senate,"Third Reading Passed ",44,0,0,3,47
123886,137247,2010-03-26,Senate,"Third Reading Passed ",44,0,0,3,47
123890,137246,2010-03-26,Senate,"Third Reading Passed ",44,0,0,3,47
123893,137245,2010-03-26,Senate,"Third Reading Passed ",44,0,0,3,47
123895,137244,2010-03-18,Senate,"Third Reading Passed ",47,0,0,0,47
123897,137243,2010-03-27,Senate,"Third Reading Passed ",47,0,0,0,47
123898,137242,2010-03-04,Senate,"Third Reading Passed ",47,0,0,0,47
123900,137240,2010-03-18,Senate,"Third Reading Passed ",47,0,0,0,47
123900,137241,2010-04-09,Senate,"Third Reading Passed ",47,0,0,0,47
123901,137238,2010-03-18,Senate,"Third Reading Passed ",47,0,0,0,47
123901,137239,2010-04-04,Senate,"Third Reading Passed ",46,0,1,0,47
123903,137237,2010-04-07,Senate,"Third Reading Passed ",45,0,0,2,47
123905,137236,2010-03-12,Senate,"Third Reading Passed ",45,0,0,2,47
123907,137235,2010-03-18,Senate,"Third Reading Passed ",47,0,0,0,47
123909,137234,2010-03-18,Senate,"Third Reading Passed ",47,0,0,0,47
123910,137233,2010-03-28,Senate,"Third Reading Passed ",47,0,0,0,47
123913,137232,2010-03-28,Senate,"Third Reading Passed ",47,0,0,0,47
123921,137231,2010-03-24,Senate,"Third Reading Passed ",47,0,0,0,47
123926,137229,2010-03-19,Senate,"Third Reading Passed ",46,0,1,0,47
123926,137230,2010-04-05,Senate,"Third Reading Passed ",44,0,2,1,47
123928,137227,2010-03-31,Senate,"Third Reading Passed ",47,0,0,0,47
123928,137228,2010-04-09,Senate,"Third Reading Passed ",46,0,1,0,47
123931,137226,2010-03-26,Senate,"Third Reading Passed ",43,0,1,3,47
123933,137225,2010-03-26,Senate,"Third Reading Passed ",44,0,0,3,47
123936,137223,2010-03-24,Senate,"Third Reading Passed ",47,0,0,0,47
123936,137224,2010-04-09,Senate,"Third Reading Passed ",47,0,0,0,47
123937,137222,2010-03-04,Senate,"Third Reading Passed ",46,0,1,0,47
123938,137221,2010-03-26,Senate,"Third Reading Passed ",44,0,0,3,47
123943,137220,2010-03-22,Senate,"Third Reading Passed ",44,2,0,1,47
123944,137219,2010-04-03,Senate,"Third Reading Passed ",47,0,0,0,47
123946,137218,2010-04-04,Senate,"Third Reading Passed ",47,0,0,0,47
123947,137216,2010-03-26,Senate,"Third Reading Passed ",44,0,0,3,47
123947,137217,2010-04-07,Senate,"Third Reading Passed ",47,0,0,0,47
123953,137215,2010-03-24,Senate,"Third Reading Passed ",47,0,0,0,47
123959,137214,2010-03-11,Senate,"Third Reading Passed ",47,0,0,0,47
123963,137213,2010-03-24,Senate,"Third Reading Passed ",47,0,0,0,47
123967,137212,2010-03-26,Senate,"Third Reading Passed ",44,0,0,3,47
123970,137210,2010-03-26,Senate,"Third Reading Passed ",40,3,1,3,47
123970,137211,2010-04-10,Senate,"Third Reading Passed ",45,1,1,0,47
123972,137209,2010-03-19,Senate,"Third Reading Passed ",47,0,0,0,47
123973,137208,2010-03-19,Senate,"Third Reading Passed ",47,0,0,0,47
123975,137207,2010-03-23,Senate,"Third Reading Passed ",44,3,0,0,47
123976,137206,2010-03-18,Senate,"Third Reading Passed ",47,0,0,0,47
123977,137205,2010-03-18,Senate,"Third Reading Passed ",47,0,0,0,47
123990,137204,2010-03-24,Senate,"Third Reading Passed ",47,0,0,0,47
123992,137202,2010-03-19,Senate,"Third Reading Passed ",47,0,0,0,47
123992,137203,2010-04-05,Senate,"Third Reading Passed ",46,0,0,1,47
123996,137200,2010-03-18,Senate,"Third Reading Passed ",47,0,0,0,47
124002,137199,2010-03-24,Senate,"Third Reading Passed ",47,0,0,0,47
124003,137198,2010-03-24,Senate,"Third Reading Passed ",47,0,0,0,47
124004,137193,2010-04-07,Senate,"Motion Special Order until later today (Pipkin) Rejected ",12,29,5,1,47
124004,137194,2010-04-07,Senate,"Motion limit debate (Kasemeyer) Adopted ",31,14,1,1,47
124004,137195,2010-04-07,Senate,"Floor Amendment (Pipkin) {223920/1 Rejected ",15,30,1,1,47
124004,137196,2010-04-07,Senate,"Floor Amendment (Pipkin) {103021/1 Rejected ",14,31,1,1,47
124004,137197,2010-04-09,Senate,"Third Reading Passed ",37,9,1,0,47
124005,137192,2010-03-27,Senate,"Third Reading Passed ",45,2,0,0,47
124006,137191,2010-03-11,Senate,"Third Reading Passed ",47,0,0,0,47
124014,137190,2010-03-24,Senate,"Third Reading Passed ",44,2,1,0,47
124018,137188,2010-03-19,Senate,"Third Reading Passed ",47,0,0,0,47
124018,137189,2010-04-05,Senate,"Third Reading Passed ",45,0,1,1,47
124019,137187,2010-03-24,Senate,"Third Reading Passed ",47,0,0,0,47
124020,137185,2010-04-02,Senate,"Third Reading Passed ",47,0,0,0,47
124020,137186,2010-04-09,Senate,"Third Reading Passed ",46,0,1,0,47
124021,137184,2010-03-24,Senate,"Third Reading Passed ",47,0,0,0,47
124022,137183,2010-03-24,Senate,"Third Reading Passed ",24,23,0,0,47
124024,137182,2010-03-26,Senate,"Third Reading Passed ",44,0,0,3,47
124026,137180,2010-03-30,Senate,"Third Reading Passed ",46,0,0,1,47
124026,137181,2010-04-09,Senate,"Third Reading Passed ",46,0,1,0,47
124028,137179,2010-03-28,Senate,"Third Reading Passed ",47,0,0,0,47
124031,137178,2010-03-09,Senate,"Third Reading Passed ",46,0,0,1,47
124033,137176,2010-03-29,Senate,"Floor Amendment (Mooney) {513826/1 Rejected ",17,30,0,0,47
124033,137177,2010-03-30,Senate,"Third Reading Passed ",28,18,0,1,47
124035,137175,2010-03-24,Senate,"Third Reading Passed ",35,12,0,0,47
124037,137174,2010-03-24,Senate,"Third Reading Passed ",46,0,1,0,47
124040,137172,2010-03-26,Senate,"Floor Amendment (Harrington) {493029/1 Adopted ",23,21,0,3,47
124040,137173,2010-03-27,Senate,"Third Reading Passed ",47,0,0,0,47
124041,137171,2010-03-28,Senate,"Third Reading Passed ",47,0,0,0,47
124044,137170,2010-03-18,Senate,"Third Reading Passed ",47,0,0,0,47
124056,137169,2010-03-27,Senate,"Third Reading Passed ",44,3,0,0,47
124059,137168,2010-03-31,Senate,"Third Reading Passed ",47,0,0,0,47
124064,137167,2010-03-26,Senate,"Third Reading Passed ",44,0,0,3,47
124072,137166,2010-03-31,Senate,"Third Reading Passed ",43,3,1,0,47
124073,137165,2010-03-24,Senate,"Third Reading Passed ",46,1,0,0,47
124078,137163,2010-03-27,Senate,"Third Reading Passed ",47,0,0,0,47
124078,137164,2010-04-07,Senate,"Third Reading Passed ",46,0,1,0,47
124080,137162,2010-04-01,Senate,"Third Reading Passed ",47,0,0,0,47
124091,137160,2010-03-24,Senate,"Third Reading Passed ",47,0,0,0,47
124091,137161,2010-04-09,Senate,"Third Reading Passed ",46,0,1,0,47
124093,137158,2010-03-24,Senate,"Third Reading Passed ",44,3,0,0,47
124093,137159,2010-04-09,Senate,"Third Reading Passed ",46,1,0,0,47
124098,137156,2010-03-27,Senate,"Third Reading Passed ",46,0,1,0,47
124098,137157,2010-04-09,Senate,"Third Reading Passed ",47,0,0,0,47
124099,137155,2010-03-26,Senate,"Third Reading Passed ",43,0,1,3,47
124100,137153,2010-03-27,Senate,"Third Reading Passed ",47,0,0,0,47
124100,137154,2010-04-06,Senate,"Third Reading Passed ",47,0,0,0,47
124101,137152,2010-03-30,Senate,"Third Reading Passed ",45,0,1,1,47
124102,137149,2010-03-23,Senate,"Motion Special Order until 3/26 (Mooney) Rejected ",7,39,0,1,47
124102,137150,2010-03-23,Senate,"Motion Withdrawn Amendment (Zirkin) Adopted ",42,4,0,1,47
124102,137151,2010-03-24,Senate,"Third Reading Passed ",46,0,0,1,47
124109,137148,2010-04-04,Senate,"Third Reading Passed ",47,0,0,0,47
124111,137147,2010-04-01,Senate,"Third Reading Passed ",47,0,0,0,47
124120,137146,2010-03-26,Senate,"Third Reading Passed ",40,4,0,3,47
124122,137145,2010-04-04,Senate,"Third Reading Passed ",47,0,0,0,47
124126,137143,2010-03-27,Senate,"Third Reading Passed ",40,7,0,0,47
124126,137144,2010-04-09,Senate,"Third Reading Passed ",43,0,4,0,47
124128,137142,2010-03-26,Senate,"Third Reading Passed ",40,4,0,3,47
124129,137141,2010-03-19,Senate,"Third Reading Passed ",47,0,0,0,47
124130,137139,2010-03-26,Senate,"Third Reading Passed ",43,0,1,3,47
124130,137140,2010-04-06,Senate,"Third Reading Passed ",46,0,0,1,47
124131,137137,2010-04-04,Senate,"Floor Amendment (Colburn) {763529/1 Rejected ",11,35,1,0,47
124131,137138,2010-04-05,Senate,"Third Reading Passed ",44,2,0,1,47
124136,137136,2010-04-07,Senate,"Third Reading Passed ",43,0,2,2,47
124137,137135,2010-03-26,Senate,"Third Reading Passed ",42,2,0,3,47
124141,137134,2010-03-29,Senate,"Third Reading Passed ",47,0,0,0,47
124142,137132,2010-03-19,Senate,"Third Reading Passed ",43,3,1,0,47
124142,137133,2010-04-05,Senate,"Third Reading Passed ",45,1,0,1,47
124143,137128,2010-03-24,Senate,"Floor Amendment (Kittleman) {873620/1 Rejected ",14,33,0,0,47
124143,137129,2010-03-24,Senate,"Floor Amendment (Kittleman) {653525/1 Rejected ",13,33,1,0,47
124143,137130,2010-03-26,Senate,"Third Reading Passed ",44,0,0,3,47
124143,137131,2010-04-09,Senate,"Third Reading Passed ",45,2,0,0,47
124144,137127,2010-03-26,Senate,"Third Reading Passed ",44,0,0,3,47
124148,137125,2010-03-24,Senate,"Third Reading Passed ",47,0,0,0,47
124148,137126,2010-04-09,Senate,"Third Reading Passed ",46,0,1,0,47
124149,137124,2010-03-18,Senate,"Third Reading Passed ",47,0,0,0,47
124150,137123,2010-04-03,Senate,"Third Reading Passed ",47,0,0,0,47
124155,137122,2010-04-01,Senate,"Third Reading Passed ",47,0,0,0,47
124158,137121,2010-03-27,Senate,"Third Reading Passed ",47,0,0,0,47
124164,137120,2010-03-26,Senate,"Third Reading Passed ",44,0,0,3,47
124166,137119,2010-03-30,Senate,"Third Reading Passed ",46,0,0,1,47
124167,137118,2010-03-26,Senate,"Third Reading Passed ",44,0,0,3,47
124168,137117,2010-03-26,Senate,"Third Reading Passed ",44,0,0,3,47
124169,137116,2010-03-26,Senate,"Third Reading Passed ",44,0,0,3,47
124170,137115,2010-03-18,Senate,"Third Reading Passed ",47,0,0,0,47
124173,137114,2010-03-30,Senate,"Third Reading Passed ",46,0,0,1,47
124179,137113,2010-04-07,Senate,"Third Reading Passed ",44,0,1,2,47
124184,137112,2010-04-02,Senate,"Third Reading Passed ",47,0,0,0,47
124187,137111,2010-03-19,Senate,"Third Reading Passed ",47,0,0,0,47
124191,137109,2010-03-26,Senate,"Third Reading Passed ",44,0,0,3,47
124191,137110,2010-04-03,Senate,"Third Reading Passed ",46,0,1,0,47
124192,137108,2010-04-05,Senate,"Third Reading Passed ",46,0,0,1,47
124199,137107,2010-03-26,Senate,"Third Reading Passed ",44,0,0,3,47
124201,137105,2010-03-26,Senate,"Third Reading Passed ",44,0,0,3,47
124201,137106,2010-04-07,Senate,"Third Reading Passed ",46,0,0,1,47
124202,137104,2010-03-27,Senate,"Third Reading Passed ",45,2,0,0,47
124210,137103,2010-03-27,Senate,"Third Reading Passed ",47,0,0,0,47
124219,137102,2010-03-27,Senate,"Third Reading Passed ",47,0,0,0,47
124222,137101,2010-03-27,Senate,"Third Reading Passed ",45,1,1,0,47
124223,137100,2010-04-04,Senate,"Third Reading Passed ",47,0,0,0,47
124231,137099,2010-04-03,Senate,"Third Reading Passed ",47,0,0,0,47
124234,137098,2010-04-07,Senate,"Third Reading Passed ",36,9,0,2,47
124236,137097,2010-03-30,Senate,"Third Reading Passed ",46,0,0,1,47
124238,137096,2010-04-05,Senate,"Third Reading Passed ",46,0,0,1,47
124244,137095,2010-04-07,Senate,"Third Reading Passed ",45,0,0,2,47
124250,137094,2010-03-28,Senate,"Third Reading Passed ",47,0,0,0,47
124251,137093,2010-04-07,Senate,"Third Reading Passed ",43,0,1,3,47
124256,137092,2010-04-02,Senate,"Third Reading Passed ",47,0,0,0,47
124257,137091,2010-03-30,Senate,"Third Reading Passed ",46,0,0,1,47
124262,137089,2010-03-29,Senate,"Third Reading Passed ",47,0,0,0,47
124262,137090,2010-04-06,Senate,"Third Reading Passed ",47,0,0,0,47
124263,137087,2010-03-26,Senate,"Third Reading Passed ",44,0,0,3,47
124263,137088,2010-04-07,Senate,"Third Reading Passed ",47,0,0,0,47
124264,137086,2010-03-27,Senate,"Third Reading Passed ",47,0,0,0,47
124266,137085,2010-04-07,Senate,"Third Reading Passed ",43,1,0,3,47
124275,137084,2010-03-26,Senate,"Third Reading Passed ",44,0,0,3,47
124277,137083,2010-04-04,Senate,"Third Reading Passed ",46,0,1,0,47
124279,137080,2010-03-19,Senate,"Floor Amendment (Kittleman) {683829/1 Rejected ",10,37,0,0,47
124279,137081,2010-03-19,Senate,"Floor Amendment (Pinsky) {503527/1 Adopted ",25,21,1,0,47
124279,137082,2010-03-24,Senate,"Third Reading Passed ",34,13,0,0,47
124280,137079,2010-03-26,Senate,"Third Reading Passed ",44,0,0,3,47
124285,137078,2010-03-31,Senate,"Third Reading Passed ",47,0,0,0,47
124287,137077,2010-04-05,Senate,"Third Reading Passed ",46,0,0,1,47
124294,137070,2010-03-26,Senate,"Third Reading Passed ",44,0,0,3,47
124301,137069,2010-04-05,Senate,"Favorable Rejected ",19,27,1,0,47
124307,137068,2010-03-28,Senate,"Third Reading Passed ",47,0,0,0,47
124311,137067,2010-03-26,Senate,"Third Reading Passed ",43,0,1,3,47
124325,137066,2010-03-30,Senate,"Third Reading Passed ",46,0,0,1,47
124327,137065,2010-04-04,Senate,"Third Reading Passed ",47,0,0,0,47
124328,137061,2010-03-28,Senate,"Floor Amendment (Brochin) {263627/1 Rejected ",22,23,2,0,47
124328,137062,2010-03-28,Senate,"Floor Amendment (Brochin) {723620/1 Adopted ",27,20,0,0,47
124328,137063,2010-03-28,Senate,"Floor Amendment (Zirkin) {783724/1 Adopted ",28,19,0,0,47
124328,137064,2010-03-30,Senate,"Third Reading Passed ",31,15,0,1,47
124330,137060,2010-04-04,Senate,"Third Reading Passed ",47,0,0,0,47
124332,137059,2010-04-04,Senate,"Third Reading Passed ",47,0,0,0,47
124335,137058,2010-04-06,Senate,"Third Reading Passed ",29,18,0,0,47
124345,137057,2010-04-07,Senate,"Third Reading Passed ",34,9,1,3,47
124348,137056,2010-04-05,Senate,"Third Reading Passed ",46,0,0,1,47
124351,137055,2010-03-29,Senate,"Third Reading Passed ",47,0,0,0,47
124361,137054,2010-04-05,Senate,"Third Reading Passed ",39,7,0,1,47
124366,137053,2010-03-29,Senate,"Third Reading Passed ",43,4,0,0,47
124367,137051,2010-03-30,Senate,"Third Reading Passed ",46,0,0,1,47
124367,137052,2010-04-07,Senate,"Third Reading Passed ",46,0,0,1,47
124368,137050,2010-03-28,Senate,"Third Reading Passed ",47,0,0,0,47
124371,137049,2010-04-07,Senate,"Third Reading Passed ",44,0,0,3,47
124375,137048,2010-02-16,Senate,"Third Reading Passed ",47,0,0,0,47
124376,137047,2010-03-02,Senate,"Third Reading Passed ",47,0,0,0,47
124377,137046,2010-02-16,Senate,"Third Reading Passed ",47,0,0,0,47
124378,137042,2010-02-17,Senate,"Motion Special Order until 2/18 (Harris) Rejected ",14,32,1,0,47
124378,137043,2010-02-17,Senate,"Floor Amendment (Harris) {793126/1 Rejected ",15,31,1,0,47
124378,137044,2010-02-19,Senate,"Third Reading Passed ",47,0,0,0,47
124378,137045,2010-04-08,Senate,"Third Reading Passed ",31,0,16,0,47
124379,137041,2010-04-01,Senate,"Third Reading Passed ",31,15,1,0,47
