bill_id,session_id,bill_number,status,status_desc,status_date,title,description,committee_id,committee,last_action_date,last_action,url,state_link
1375809,1763,HB4301,4,Passed,2020-10-01,"Relating to the use of force; declaring an emergency.","Provides that peace officer or corrections officer may not use force that impedes normal breathing or circulation of blood of another person by applying pressure on throat or neck except in specified circumstances. Provides that peace officer or corrections officer may not use force that impedes normal breathing or circulation of blood of another person by applying pressure on throat or neck except in specified circumstances. Modifies justification defenses available to peace officer who uses physical force or deadly physical force upon another person. Requires peace officer to give verbal warning, and reasonable opportunity to comply, before using physical force or deadly physical force if reasonable opportunity to do so exists. Requires peace officer to consider alternatives to physical force or deadly physical force if reasonable opportunity to do so exists. Declares emergency, effective on passage.",0,,2020-10-01,"Chapter 3, (2020 Laws): Effective date September 1, 2020.",https://legiscan.com/OR/bill/HB4301/2020/X2,https://olis.oregonlegislature.gov/liz/2020S2/Measures/Overview/HB4301
1375810,1763,HB4302,4,Passed,2020-10-01,"Relating to geological permits.","Establishes and modifies fees and requirements relating to permits for mineral exploration, mining operations, exclusion certificates, gas and oil drilling and exploration and geothermal well drilling operation. Establishes and modifies fees and requirements relating to permits for mineral exploration, mining operations, exclusion certificates, gas and oil drilling and exploration and geothermal well drilling operation. Limits number and distribution of onshore exploration sites and oil, gas and geothermal wells.",0,,2020-10-01,"Chapter 4, (2020 Laws): Effective date January 1, 2021.",https://legiscan.com/OR/bill/HB4302/2020/X2,https://olis.oregonlegislature.gov/liz/2020S2/Measures/Overview/HB4302
1375808,1763,HB4303,4,Passed,2020-10-01,"Relating to state financial administration; declaring an emergency; providing for transfer of moneys from the Education Stability Fund that requires approval by a three-fifths majority.","Directs State Treasurer to transfer moneys from Education Stability Fund to State School Fund. Directs State Treasurer to transfer moneys from Education Stability Fund to State School Fund. Declares emergency, effective on passage.",0,,2020-10-01,"Chapter 7, (2020 Laws): Effective date September 20, 2020.",https://legiscan.com/OR/bill/HB4303/2020/X2,https://olis.oregonlegislature.gov/liz/2020S2/Measures/Overview/HB4303
1375807,1763,HB4304,3,Enrolled,2020-08-10,"Relating to state financial administration; declaring an emergency.","Modifies requirements relating to certain fiscal reports. Modifies requirements relating to certain fiscal reports. Establishes, modifies and repeals certain transfers of moneys from funds and accounts to General Fund. Modifies law relating to costs for Oregon transparency website. Directs Oregon Department of Administrative Services to report on certain terms in certain collective bargaining agreements. Modifies authorized debt service payments. Directs Public Employees Retirement Board to submit proposals for crediting amounts to funds or accounts. Repeals transfers of certain moneys to certain funds. Directs Legislative Assembly to reflect balances of General Fund appropriations made to judicial and legislative departments, and adjustments thereto, in appropriation measures. Establishes and modifies programs for economic development. Modifies procedure for payment to children's advocacy centers. Modifies permissible uses of moneys in certain Department of Justice account. Modifies permissible uses for certain moneys allocated to Housing and Community Services Department. Transfers moneys for department purposes. Provides for distribution of certain federal moneys by department. Repeals certain pilot programs within Housing and Community Services Department and Department of Human Services. Abolishes Wildfire Damage Housing Relief Account. Permits use of certain revenues for operating costs of Oregon Department of Aviation. Modifies operative date for provisions relating to in-home care. Modifies procedure for expenditures from Water Supply Development Account. Authorizes use of Early Learning Account for construction of facilities. Specifies amounts transferred to education accounts. Authorizes use of Connect Oregon Fund for Coos Bay rail project. Authorizes contract for study related to wildfire costs. Encourages recipients of grants from Student Investment Account to prioritize use of grant moneys for purpose of meeting students' mental or behavioral health needs. Authorizes school district or public charter school that submitted grant application or entered into grant agreement for moneys from Student Investment Account for 2020-2021 school year to submit amended grant application or amended grant agreement. Declares emergency, effective on passage.",0,,2020-08-24,"President signed.",https://legiscan.com/OR/bill/HB4304/2020/X2,https://olis.oregonlegislature.gov/liz/2020S2/Measures/Overview/HB4304
1375799,1763,HB5221,4,Passed,2020-10-01,"Relating to state financial administration; declaring an emergency.","Modifies amounts of lottery funds allocated from Administrative Services Economic Development Fund to state agencies. Modifies amounts of lottery funds allocated from Administrative Services Economic Development Fund to state agencies. Modifies amounts allocated from Veterans' Services Fund. Modifies amounts allocated from Criminal Fine Account. Declares emergency, effective on passage.",0,,2020-10-01,"Chapter 8, (2020 Laws): Effective date September 20, 2020.",https://legiscan.com/OR/bill/HB5221/2020/X2,https://olis.oregonlegislature.gov/liz/2020S2/Measures/Overview/HB5221
1375800,1763,HCR221,4,Passed,2020-09-03,"Amending Legislative Branch Personnel Rule 27 and adopting Legislative Branch Personnel Rule 27-A.","Modifies obligation to make conduct reports under rule. Modifies obligation to make conduct reports under rule. Directs Legislative Equity Officer or, at officer's request, investigator to perform facial review on conduct reports and conduct complaints prior to investigation being undertaken. Provides exception. Provides that committee on conduct is to make recommendations on remedial measures to be imposed on partisan staff only if independent investigator has determined that rule violation has occurred. Extends time period committees on conduct have to conduct hearings, and to recommend and impose remedial measures on partisan staff. Expands numbers of alternates who serve on committees on conduct. Directs that complainants and identified impacted parties in matter be recused from service on committees on conduct when committee considers matter. Sunsets December 31, 2025.",0,,2020-09-03,"Filed with Secretary of State.",https://legiscan.com/OR/bill/HCR221/2020/X2,https://olis.oregonlegislature.gov/liz/2020S2/Measures/Overview/HCR221
1375805,1763,SB1701,4,Passed,2020-10-06,"Relating to unemployment insurance benefits; declaring an emergency.","Provides that unemployed individual receiving unemployment insurance benefits for weeks ending before January 1, 2022, who has earnings from less than full-time employment may earn greater of $300 or one-third of individual's weekly benefit amount before individual's weekly benefit amount is reduced. Provides that unemployed individual receiving unemployment insurance benefits for weeks ending before January 1, 2022, who has earnings from less than full-time employment may earn greater of $300 or one-third of individual's weekly benefit amount before individual's weekly benefit amount is reduced. Declares emergency, effective on passage.",0,,2020-10-06,"Effective date, September 1, 2020.",https://legiscan.com/OR/bill/SB1701/2020/X2,https://olis.oregonlegislature.gov/liz/2020S2/Measures/Overview/SB1701
1375798,1763,SB1702,6,Failed,2020-08-10,"Relating to unemployment insurance benefits; declaring an emergency.","Temporarily authorizes payment of unemployment insurance benefits to individuals performing services in other than instructional, research or principal administrative capacity for educational institution or institution of higher education in circumstances in which payment is currently denied. Temporarily authorizes payment of unemployment insurance benefits to individuals performing services in other than instructional, research or principal administrative capacity for educational institution or institution of higher education in circumstances in which payment is currently denied. Declares emergency, effective on passage.",0,,2020-08-10,"In committee upon adjournment.",https://legiscan.com/OR/bill/SB1702/2020/X2,https://olis.oregonlegislature.gov/liz/2020S2/Measures/Overview/SB1702
1375803,1763,SB1703,4,Passed,2020-10-06,"Relating to emergency disclosure by the Department of Revenue of certain tax information to state agencies; declaring an emergency.","Provides temporarily that during statutorily declared emergency Governor may authorize Director of Department of Revenue to disclose certain information set forth in tax report or return to Director of Employment Department if Director of Department of Revenue determines that administration of any federal or state law or program requires disclosure to enable Employment Department to verify identity or income level of any person for purposes related to emergency or any consequences of emergency. Provides temporarily that during statutorily declared emergency Governor may authorize Director of Department of Revenue to disclose certain information set forth in tax report or return to any state agency] Director of Employment Department if Director of Department of Revenue determines that administration of any federal or state law or program , including, but not limited to, administration of unemployment insurance laws and programs by Employment Department,] requires disclosure to enable agency] Employment Department to verify identity or income level of any person for purposes related to emergency or any consequences of emergency. Declares emergency, effective on passage.",0,,2020-10-06,"Effective date, September 1, 2020.",https://legiscan.com/OR/bill/SB1703/2020/X2,https://olis.oregonlegislature.gov/liz/2020S2/Measures/Overview/SB1703
1375804,1763,SB5721,4,Passed,2020-10-06,"Relating to state financial administration; declaring an emergency.","Modifies amounts and purposes authorized for issuance of general obligation bonds and revenue bonds for biennium. Modifies amounts and purposes authorized for issuance of general obligation bonds and revenue bonds for biennium. Requires public universities to impose certain requirements relating to apprenticeship, benefits and outreach to women, minority individuals and veterans on contractors for certain projects. Declares emergency, effective on passage.",0,,2020-10-06,"Effective date, September 20, 2020.",https://legiscan.com/OR/bill/SB5721/2020/X2,https://olis.oregonlegislature.gov/liz/2020S2/Measures/Overview/SB5721
1375801,1763,SB5722,4,Passed,2020-10-06,"Relating to state financial administration; declaring an emergency.","Modifies limits on payment of expenses from specified funds by certain state agencies for capital construction. Modifies limits on payment of expenses from specified funds by certain state agencies for capital construction. Declares emergency, effective on passage.",0,,2020-10-06,"Effective date, September 20, 2020.",https://legiscan.com/OR/bill/SB5722/2020/X2,https://olis.oregonlegislature.gov/liz/2020S2/Measures/Overview/SB5722
1375806,1763,SB5723,4,Passed,2020-10-06,"Relating to state financial administration; declaring an emergency.","Appropriates moneys from General Fund to Emergency Board for allocations during biennium. Appropriates moneys from General Fund to Emergency Board for allocations during biennium. Appropriates moneys from General Fund to specified state agencies for biennial expenses. Modifies certain biennial appropriations made from General Fund to specified state agencies and Emergency Board. Establishes and modifies limitations on expenditures for certain biennial expenses for specified state agencies. Declares emergency, effective on passage.",0,,2020-10-06,"Effective date, September 20, 2020.",https://legiscan.com/OR/bill/SB5723/2020/X2,https://olis.oregonlegislature.gov/liz/2020S2/Measures/Overview/SB5723
1375802,1763,SCR221,4,Passed,2020-08-25,"Adjourning sine die the 2020 second special session of the Eightieth Legislative Assembly.","Adjourns sine die 2020 second special session of Eightieth Legislative Assembly. Adjourns sine die 2020 second special session of Eightieth Legislative Assembly.",0,,2020-08-25,"Filed With Secretary of State.",https://legiscan.com/OR/bill/SCR221/2020/X2,https://olis.oregonlegislature.gov/liz/2020S2/Measures/Overview/SCR221
