bill_id,document_id,document_type,document_size,document_mime,document_desc,url,state_link
1375809,2204187,text,53215,application/pdf,Introduced,https://legiscan.com/OR/text/HB4301/id/2204187,https://olis.oregonlegislature.gov/liz/2020S2/Downloads/MeasureDocument/HB4301/Introduced
1375809,2205319,text,52312,application/pdf,Enrolled,https://legiscan.com/OR/text/HB4301/id/2205319,https://olis.oregonlegislature.gov/liz/2020S2/Downloads/MeasureDocument/HB4301/Enrolled
1375810,2204188,text,57820,application/pdf,Introduced,https://legiscan.com/OR/text/HB4302/id/2204188,https://olis.oregonlegislature.gov/liz/2020S2/Downloads/MeasureDocument/HB4302/Introduced
1375810,2205442,text,56055,application/pdf,Enrolled,https://legiscan.com/OR/text/HB4302/id/2205442,https://olis.oregonlegislature.gov/liz/2020S2/Downloads/MeasureDocument/HB4302/Enrolled
1375808,2204186,text,31101,application/pdf,Introduced,https://legiscan.com/OR/text/HB4303/id/2204186,https://olis.oregonlegislature.gov/liz/2020S2/Downloads/MeasureDocument/HB4303/Introduced
1375808,2205510,text,24246,application/pdf,Enrolled,https://legiscan.com/OR/text/HB4303/id/2205510,https://olis.oregonlegislature.gov/liz/2020S2/Downloads/MeasureDocument/HB4303/Enrolled
1375807,2204185,text,113108,application/pdf,Introduced,https://legiscan.com/OR/text/HB4304/id/2204185,https://olis.oregonlegislature.gov/liz/2020S2/Downloads/MeasureDocument/HB4304/Introduced
1375807,2205315,text,107780,application/pdf,Enrolled,https://legiscan.com/OR/text/HB4304/id/2205315,https://olis.oregonlegislature.gov/liz/2020S2/Downloads/MeasureDocument/HB4304/Enrolled
1375799,2204177,text,37639,application/pdf,Introduced,https://legiscan.com/OR/text/HB5221/id/2204177,https://olis.oregonlegislature.gov/liz/2020S2/Downloads/MeasureDocument/HB5221/Introduced
1375799,2205320,text,36601,application/pdf,Enrolled,https://legiscan.com/OR/text/HB5221/id/2205320,https://olis.oregonlegislature.gov/liz/2020S2/Downloads/MeasureDocument/HB5221/Enrolled
1375800,2204178,text,86950,application/pdf,Introduced,https://legiscan.com/OR/text/HCR221/id/2204178,https://olis.oregonlegislature.gov/liz/2020S2/Downloads/MeasureDocument/HCR221/Introduced
1375800,2205326,text,82527,application/pdf,Enrolled,https://legiscan.com/OR/text/HCR221/id/2205326,https://olis.oregonlegislature.gov/liz/2020S2/Downloads/MeasureDocument/HCR221/Enrolled
1375805,2204183,text,32897,application/pdf,Introduced,https://legiscan.com/OR/text/SB1701/id/2204183,https://olis.oregonlegislature.gov/liz/2020S2/Downloads/MeasureDocument/SB1701/Introduced
1375805,2204359,text,28846,application/pdf,Introduced,https://legiscan.com/OR/text/SB1701/id/2204359,https://olis.oregonlegislature.gov/liz/2020S2/Downloads/MeasureDocument/SB1701/Senate%20Amendments%20to%20Introduced
1375805,2204360,text,38338,application/pdf,Engrossed,https://legiscan.com/OR/text/SB1701/id/2204360,https://olis.oregonlegislature.gov/liz/2020S2/Downloads/MeasureDocument/SB1701/A-Engrossed
1375805,2205398,text,37508,application/pdf,Enrolled,https://legiscan.com/OR/text/SB1701/id/2205398,https://olis.oregonlegislature.gov/liz/2020S2/Downloads/MeasureDocument/SB1701/Enrolled
1375798,2204176,text,28891,application/pdf,Introduced,https://legiscan.com/OR/text/SB1702/id/2204176,https://olis.oregonlegislature.gov/liz/2020S2/Downloads/MeasureDocument/SB1702/Introduced
1375803,2204181,text,28569,application/pdf,Introduced,https://legiscan.com/OR/text/SB1703/id/2204181,https://olis.oregonlegislature.gov/liz/2020S2/Downloads/MeasureDocument/SB1703/Introduced
1375803,2204353,text,32366,application/pdf,Introduced,https://legiscan.com/OR/text/SB1703/id/2204353,https://olis.oregonlegislature.gov/liz/2020S2/Downloads/MeasureDocument/SB1703/Senate%20Amendments%20to%20Introduced
1375803,2204354,text,35106,application/pdf,Engrossed,https://legiscan.com/OR/text/SB1703/id/2204354,https://olis.oregonlegislature.gov/liz/2020S2/Downloads/MeasureDocument/SB1703/A-Engrossed
1375803,2205511,text,33044,application/pdf,Enrolled,https://legiscan.com/OR/text/SB1703/id/2205511,https://olis.oregonlegislature.gov/liz/2020S2/Downloads/MeasureDocument/SB1703/Enrolled
1375804,2204182,text,54193,application/pdf,Introduced,https://legiscan.com/OR/text/SB5721/id/2204182,https://olis.oregonlegislature.gov/liz/2020S2/Downloads/MeasureDocument/SB5721/Introduced
1375804,2205407,text,52597,application/pdf,Enrolled,https://legiscan.com/OR/text/SB5721/id/2205407,https://olis.oregonlegislature.gov/liz/2020S2/Downloads/MeasureDocument/SB5721/Enrolled
1375801,2204179,text,47591,application/pdf,Introduced,https://legiscan.com/OR/text/SB5722/id/2204179,https://olis.oregonlegislature.gov/liz/2020S2/Downloads/MeasureDocument/SB5722/Introduced
1375801,2205318,text,47223,application/pdf,Enrolled,https://legiscan.com/OR/text/SB5722/id/2205318,https://olis.oregonlegislature.gov/liz/2020S2/Downloads/MeasureDocument/SB5722/Enrolled
1375806,2204184,text,157555,application/pdf,Introduced,https://legiscan.com/OR/text/SB5723/id/2204184,https://olis.oregonlegislature.gov/liz/2020S2/Downloads/MeasureDocument/SB5723/Introduced
1375806,2205316,text,145935,application/pdf,Enrolled,https://legiscan.com/OR/text/SB5723/id/2205316,https://olis.oregonlegislature.gov/liz/2020S2/Downloads/MeasureDocument/SB5723/Enrolled
1375802,2204180,text,25402,application/pdf,Introduced,https://legiscan.com/OR/text/SCR221/id/2204180,https://olis.oregonlegislature.gov/liz/2020S2/Downloads/MeasureDocument/SCR221/Introduced
1375802,2205438,text,19670,application/pdf,Enrolled,https://legiscan.com/OR/text/SCR221/id/2205438,https://olis.oregonlegislature.gov/liz/2020S2/Downloads/MeasureDocument/SCR221/Enrolled
