bill_id,date,chamber,sequence,action
1375798,2020-08-10,Senate,1,"Introduction and first reading. Referred to President's desk."
1375798,2020-08-10,Senate,2,"Referred to The Second Special Session of 2020."
1375798,2020-08-10,Senate,3,"Work Session held."
1375798,2020-08-10,Senate,4,"In committee upon adjournment."
1375799,2020-08-10,House,1,"First reading. Referred to Speaker's desk."
1375799,2020-08-10,House,2,"Referred to The Second Special Session of 2020."
1375799,2020-08-10,House,3,"Work Session held."
1375799,2020-08-10,House,4,"Recommendation: Do pass."
1375799,2020-08-10,House,5,"Rules suspended. Second reading."
1375799,2020-08-10,House,6,"Rules suspended. Third reading. Carried by Rayfield. Passed. Ayes, 33; Nays, 24--Barker, Bonham, Boshart Davis, Breese-Iverson, Drazan, Evans, Hayden, Helt, Leif, Lewis, Moore-Green, Nearman, Neron, Owens, Post, Reschke, Smith DB, Sprenger, Stark, Wallan, Williams, Wilson, Witt, Zika; Excused, 3--Barreto, Mitchell, Power."
1375799,2020-08-10,House,7,"Vote explanation(s) filed by Smith DB."
1375799,2020-08-10,Senate,8,"First reading. Referred to President's desk."
1375799,2020-08-10,Senate,9,"Referred to The Second Special Session of 2020."
1375799,2020-08-10,Senate,10,"Recommendation: Do pass."
1375799,2020-08-10,Senate,11,"Rules suspended. Second reading."
1375799,2020-08-10,Senate,12,"Rules suspended. Third reading. Carried by Steiner Hayward. Passed. Ayes, 20; Nays, 6--Boles, Findley, Knopp, Linthicum, Thatcher, Thomsen; Excused, 4--Boquist, Hansell, Heard, Olsen."
1375799,2020-08-13,House,13,"Speaker signed."
1375799,2020-08-24,Senate,14,"President signed."
1375799,2020-09-20,House,15,"Governor signed."
1375799,2020-10-01,House,16,"Chapter 8, (2020 Laws): Effective date September 20, 2020."
1375800,2020-08-10,House,1,"First reading. Referred to Speaker's desk."
1375800,2020-08-10,House,2,"Referred to Policies for the Second Special Session."
1375800,2020-08-10,House,3,"Work Session held."
1375800,2020-08-10,House,4,"Recommendation: Be adopted."
1375800,2020-08-10,House,5,"Rules suspended. Read. Carried by Fahey, Noble. Adopted. Ayes, 54; Nays, 3--Barker, Hernandez, Post; Excused, 3--Barreto, Mitchell, Power."
1375800,2020-08-10,House,6,"Vote explanation(s) filed by Post."
1375800,2020-08-10,Senate,7,"First reading. Referred to President's desk."
1375800,2020-08-10,Senate,8,"Referred to Policies for the Second Special Session."
1375800,2020-08-10,Senate,9,"Recommendation: Do adopt."
1375800,2020-08-10,Senate,10,"Rules suspended. Second reading."
1375800,2020-08-10,Senate,11,"Rules suspended. Final reading. Carried by Prozanski. Adopted. Ayes, 23; Nays, 3--Baertschiger Jr, Girod, Linthicum; Excused, 4--Boquist, Hansell, Heard, Olsen."
1375800,2020-08-13,House,12,"Speaker signed."
1375800,2020-08-24,Senate,13,"President signed."
1375800,2020-09-03,House,14,"Filed with Secretary of State."
1375801,2020-08-10,Senate,1,"Introduction and first reading. Referred to President's desk."
1375801,2020-08-10,Senate,2,"Referred to The Second Special Session of 2020."
1375801,2020-08-10,Senate,3,"Work Session held."
1375801,2020-08-10,Senate,4,"Recommendation: Do pass."
1375801,2020-08-10,Senate,5,"Rules suspended. Second reading."
1375801,2020-08-10,Senate,6,"Rules suspended. Third reading. Carried by Findley. Passed. Ayes, 22; Nays, 5--Baertschiger Jr, Heard, Linthicum, Thatcher, Thomsen; Excused, 3--Boquist, Hansell, Olsen."
1375801,2020-08-10,House,7,"First reading. Referred to Speaker's desk."
1375801,2020-08-10,House,8,"Referred to The Second Special Session of 2020."
1375801,2020-08-10,House,9,"Recommendation: Do pass."
1375801,2020-08-10,House,10,"Rules suspended. Second reading."
1375801,2020-08-10,House,11,"Rules suspended. Third reading. Carried by Holvey. Passed. Ayes, 50; Nays, 7--Bonham, Boshart Davis, Breese-Iverson, Drazan, Nearman, Post, Reschke; Excused, 3--Barreto, Mitchell, Power."
1375801,2020-08-13,Senate,12,"President signed."
1375801,2020-08-20,House,13,"Speaker signed."
1375801,2020-09-20,Senate,14,"Governor signed."
1375801,2020-10-06,Senate,15,"Chapter 6, 2020 Laws."
1375801,2020-10-06,Senate,16,"Effective date, September 20, 2020."
1375802,2020-08-10,Senate,1,"Introduction and first reading. Referred to President's desk."
1375802,2020-08-10,Senate,2,"Referred to The Second Special Session of 2020."
1375802,2020-08-10,Senate,3,"Work Session held."
1375802,2020-08-10,Senate,4,"Recommendation: Do adopt."
1375802,2020-08-10,Senate,5,"Rules suspended. Second reading."
1375802,2020-08-10,Senate,6,"Rules suspended. Final reading. Resolution read in it's entirety. Carried by Wagner. Adopted. Ayes, 23; Nays, 1--Girod; Excused, 6--Baertschiger Jr, Boquist, Hansell, Heard, Olsen, Thomsen."
1375802,2020-08-10,House,7,"First reading. Referred to Speaker's desk."
1375802,2020-08-10,House,8,"Rules suspended. Read. Carried by Smith Warner. Adopted. Ayes, 55; Nays, 2--Hayden, Nosse; Excused, 3--Barreto, Mitchell, Power."
1375802,2020-08-13,Senate,9,"President signed."
1375802,2020-08-20,House,10,"Speaker signed."
1375802,2020-08-25,Senate,11,"Filed With Secretary of State."
1375803,2020-08-10,Senate,1,"Introduction and first reading. Referred to President's desk."
1375803,2020-08-10,Senate,2,"Referred to The Second Special Session of 2020."
1375803,2020-08-10,Senate,3,"Work Session held."
1375803,2020-08-10,Senate,4,"Recommendation: Do pass with amendments. (Printed A-Eng.)(Amendments distributed)"
1375803,2020-08-10,Senate,5,"Rules suspended. Second reading."
1375803,2020-08-10,Senate,6,"Rules suspended. Third reading. Carried by Hass. Passed. Ayes, 24; Nays, 3--Findley, Heard, Linthicum; Excused, 3--Boquist, Hansell, Olsen."
1375803,2020-08-10,House,7,"First reading. Referred to Speaker's desk."
1375803,2020-08-10,House,8,"Referred to The Second Special Session of 2020."
1375803,2020-08-10,House,9,"Recommendation: Do pass."
1375803,2020-08-10,House,10,"Rules suspended. Second reading."
1375803,2020-08-10,House,11,"Rules suspended. Third reading. Carried by Holvey. Passed. Ayes, 52; Nays, 5--Hayden, Nearman, Post, Stark, Wilson; Excused, 3--Barreto, Mitchell, Power."
1375803,2020-08-13,Senate,12,"President signed."
1375803,2020-08-20,House,13,"Speaker signed."
1375803,2020-09-01,Senate,14,"Governor signed."
1375803,2020-10-06,Senate,15,"Chapter 2, 2020 Laws."
1375803,2020-10-06,Senate,16,"Effective date, September 1, 2020."
1375804,2020-08-10,Senate,1,"Introduction and first reading. Referred to President's desk."
1375804,2020-08-10,Senate,2,"Referred to The Second Special Session of 2020."
1375804,2020-08-10,Senate,3,"Work Session held."
1375804,2020-08-10,Senate,4,"Recommendation: Do pass."
1375804,2020-08-10,Senate,5,"Rules suspended. Second reading."
1375804,2020-08-10,Senate,6,"Rules suspended. Third reading. Carried by Roblan. Passed. Ayes, 23; Nays, 4--Heard, Knopp, Thatcher, Thomsen; Excused, 3--Boquist, Hansell, Olsen."
1375804,2020-08-10,Senate,7,"Vote explanation filed by Knopp."
1375804,2020-08-10,House,8,"First reading. Referred to Speaker's desk."
1375804,2020-08-10,House,9,"Referred to The Second Special Session of 2020."
1375804,2020-08-10,House,10,"Recommendation: Do pass."
1375804,2020-08-10,House,11,"Rules suspended. Second reading."
1375804,2020-08-10,House,12,"Rules suspended. Third reading. Carried by Smith G. Passed. Ayes, 50; Nays, 7--Bonham, Boshart Davis, Breese-Iverson, Helt, Nearman, Post, Wallan; Excused, 3--Barreto, Mitchell, Power."
1375804,2020-08-13,Senate,13,"President signed."
1375804,2020-08-20,House,14,"Speaker signed."
1375804,2020-09-20,Senate,15,"Governor signed."
1375804,2020-10-06,Senate,16,"Chapter 5, 2020 Laws."
1375804,2020-10-06,Senate,17,"Effective date, September 20, 2020."
1375805,2020-08-10,Senate,1,"Introduction and first reading. Referred to President's desk."
1375805,2020-08-10,Senate,2,"Referred to The Second Special Session of 2020."
1375805,2020-08-10,Senate,3,"Work Session held."
1375805,2020-08-10,Senate,4,"Recommendation: Do pass with amendments. (Printed A-Eng.)(Amendments distributed)"
1375805,2020-08-10,Senate,5,"Rules suspended. Second reading."
1375805,2020-08-10,Senate,6,"Rules suspended. Third reading. Carried by Monnes Anderson. Passed. Ayes, 21; Nays, 6--Baertschiger Jr, Findley, Girod, Heard, Linthicum, Thomsen; Excused, 3--Boquist, Hansell, Olsen."
1375805,2020-08-10,House,7,"First reading. Referred to Speaker's desk."
1375805,2020-08-10,House,8,"Referred to The Second Special Session of 2020."
1375805,2020-08-10,House,9,"Recommendation: Do pass."
1375805,2020-08-10,House,10,"Rules suspended. Second reading."
1375805,2020-08-10,House,11,"Rules suspended. Third reading. Carried by Holvey. Passed. Ayes, 52; Nays, 5--Bonham, Boshart Davis, Breese-Iverson, Nearman, Reschke; Excused, 3--Barreto, Mitchell, Power."
1375805,2020-08-13,Senate,12,"President signed."
1375805,2020-08-20,House,13,"Speaker signed."
1375805,2020-09-01,Senate,14,"Governor signed."
1375805,2020-10-06,Senate,15,"Chapter 1, 2020 Laws."
1375805,2020-10-06,Senate,16,"Effective date, September 1, 2020."
1375806,2020-08-10,Senate,1,"Introduction and first reading. Referred to President's desk."
1375806,2020-08-10,Senate,2,"Referred to The Second Special Session of 2020."
1375806,2020-08-10,Senate,3,"Work Session held."
1375806,2020-08-10,Senate,4,"Recommendation: Do pass."
1375806,2020-08-10,Senate,5,"Rules suspended. Second reading."
1375806,2020-08-10,Senate,6,"Rules suspended. Third reading. Carried by Johnson. Passed. Ayes, 20; Nays, 7--Fagan, Girod, Hass, Heard, Linthicum, Thatcher, Thomsen; Excused, 3--Boquist, Hansell, Olsen."
1375806,2020-08-10,Senate,7,"Vote explanation filed by Golden."
1375806,2020-08-10,House,8,"First reading. Referred to Speaker's desk."
1375806,2020-08-10,House,9,"Referred to The Second Special Session of 2020."
1375806,2020-08-10,House,10,"Recommendation: Do pass."
1375806,2020-08-10,House,11,"Rules suspended. Second reading."
1375806,2020-08-10,House,12,"Rules suspended. Third reading. Carried by Rayfield. Passed. Ayes, 35; Nays, 22--Barker, Boshart Davis, Breese-Iverson, Clem, Evans, Hayden, Helt, Hernandez, Keny-Guyer, Lewis, Moore-Green, Nearman, Neron, Owens, Post, Prusak, Reschke, Stark, Wallan, Williams, Wilson, Zika; Excused, 3--Barreto, Mitchell, Power."
1375806,2020-08-10,House,13,"Vote explanation(s) filed by Keny-Guyer, Williams."
1375806,2020-08-13,Senate,14,"President signed."
1375806,2020-08-20,House,15,"Speaker signed."
1375806,2020-09-20,Senate,16,"Governor signed with line-item veto."
1375806,2020-10-06,Senate,17,"Chapter 9, 2020 Laws."
1375806,2020-10-06,Senate,18,"Effective date, September 20, 2020."
1375807,2020-08-10,House,1,"First reading. Referred to Speaker's desk."
1375807,2020-08-10,House,2,"Referred to The Second Special Session of 2020."
1375807,2020-08-10,House,3,"Work Session held."
1375807,2020-08-10,House,4,"Recommendation: Do pass."
1375807,2020-08-10,House,5,"Rules suspended. Second reading."
1375807,2020-08-10,House,6,"Rules suspended. Third reading. Carried by Rayfield. Passed. Ayes, 42; Nays, 15--Bonham, Boshart Davis, Breese-Iverson, Drazan, Leif, Moore-Green, Nearman, Owens, Post, Reschke, Smith DB, Stark, Wallan, Wilson, Zika; Excused, 3--Barreto, Mitchell, Power."
1375807,2020-08-10,House,7,"Vote explanation(s) filed by Williams."
1375807,2020-08-10,Senate,8,"First reading. Referred to President's desk."
1375807,2020-08-10,Senate,9,"Referred to The Second Special Session of 2020."
1375807,2020-08-10,Senate,10,"Recommendation: Do pass."
1375807,2020-08-10,Senate,11,"Rules suspended. Second reading."
1375807,2020-08-10,Senate,12,"Rules suspended. Third reading. Carried by Steiner Hayward. Passed. Ayes, 24; Excused, 6--Baertschiger Jr, Boquist, Hansell, Heard, Olsen, Thomsen."
1375807,2020-08-13,House,13,"Speaker signed."
1375807,2020-08-24,Senate,14,"President signed."
1375808,2020-08-10,House,1,"First reading. Referred to Speaker's desk."
1375808,2020-08-10,House,2,"Referred to The Second Special Session of 2020."
1375808,2020-08-10,House,3,"Work Session held."
1375808,2020-08-10,House,4,"Recommendation: Do pass."
1375808,2020-08-10,House,5,"Rules suspended. Second reading."
1375808,2020-08-10,House,6,"Rules suspended. Third reading. Carried by McLain. Passed. Ayes, 50; Nays, 7--Barker, Bonham, Keny-Guyer, Nearman, Post, Reschke, Stark; Excused, 3--Barreto, Mitchell, Power."
1375808,2020-08-10,House,7,"Vote explanation(s) filed by Keny-Guyer."
1375808,2020-08-10,Senate,8,"First reading. Referred to President's desk."
1375808,2020-08-10,Senate,9,"Referred to The Second Special Session of 2020."
1375808,2020-08-10,Senate,10,"Recommendation: Do pass."
1375808,2020-08-10,Senate,11,"Rules suspended. Second reading."
1375808,2020-08-10,Senate,12,"Rules suspended. Third reading. Carried by Frederick. Passed. Ayes, 23; Nays, 1--Linthicum; Excused, 6--Baertschiger Jr, Boquist, Hansell, Heard, Olsen, Thomsen."
1375808,2020-08-13,House,13,"Speaker signed."
1375808,2020-08-24,Senate,14,"President signed."
1375808,2020-09-20,House,15,"Governor signed."
1375808,2020-10-01,House,16,"Chapter 7, (2020 Laws): Effective date September 20, 2020."
1375809,2020-08-10,House,1,"First reading. Referred to Speaker's desk."
1375809,2020-08-10,House,2,"Referred to Policies for the Second Special Session."
1375809,2020-08-10,House,3,"Work Session held."
1375809,2020-08-10,House,4,"Recommendation: Do pass."
1375809,2020-08-10,House,5,"Rules suspended. Second reading."
1375809,2020-08-10,House,6,"Rules suspended. Third reading. Carried by Bynum. Passed. Ayes, 55; Nays, 2--Barker, Wilson; Excused, 3--Barreto, Mitchell, Power."
1375809,2020-08-10,Senate,7,"First reading. Referred to President's desk."
1375809,2020-08-10,Senate,8,"Referred to Policies for the Second Special Session."
1375809,2020-08-10,Senate,9,"Recommendation: Do pass."
1375809,2020-08-10,Senate,10,"Rules suspended. Second reading."
1375809,2020-08-10,Senate,11,"Rules suspended. Third reading. Carried by Manning Jr. Passed. Ayes, 22; Nays, 5--Baertschiger Jr, Girod, Heard, Linthicum, Thomsen; Excused, 3--Boquist, Hansell, Olsen."
1375809,2020-08-10,Senate,12,"Vote explanation filed by Heard."
1375809,2020-08-13,House,13,"Speaker signed."
1375809,2020-08-24,Senate,14,"President signed."
1375809,2020-09-01,House,15,"Governor signed."
1375809,2020-10-01,House,16,"Chapter 3, (2020 Laws): Effective date September 1, 2020."
1375810,2020-08-10,House,1,"First reading. Referred to Speaker's desk."
1375810,2020-08-10,House,2,"Referred to The Second Special Session of 2020."
1375810,2020-08-10,House,3,"Work Session held."
1375810,2020-08-10,House,4,"Recommendation: Do pass."
1375810,2020-08-10,House,5,"Rules suspended. Second reading."
1375810,2020-08-10,House,6,"Rules suspended. Third reading. Carried by Reardon. Passed. Ayes, 34; Nays, 23--Bonham, Boshart Davis, Breese-Iverson, Drazan, Evans, Hayden, Helt, Lewis, Moore-Green, Nearman, Neron, Owens, Post, Prusak, Reschke, Smith DB, Sprenger, Stark, Wallan, Williams, Wilson, Witt, Zika; Excused, 3--Barreto, Mitchell, Power."
1375810,2020-08-10,Senate,7,"First reading. Referred to President's desk."
1375810,2020-08-10,Senate,8,"Referred to The Second Special Session of 2020."
1375810,2020-08-10,Senate,9,"Recommendation: Do pass."
1375810,2020-08-10,Senate,10,"Rules suspended. Second reading."
1375810,2020-08-10,Senate,11,"Rules suspended. Third reading. Carried by Taylor. Passed. Ayes, 24; Nays, 3--Heard, Linthicum, Thatcher; Excused, 3--Boquist, Hansell, Olsen."
1375810,2020-08-13,House,12,"Speaker signed."
1375810,2020-08-24,Senate,13,"President signed."
1375810,2020-09-01,House,14,"Governor signed."
1375810,2020-10-01,House,15,"Chapter 4, (2020 Laws): Effective date January 1, 2021."
