bill_id,roll_call_id,date,chamber,description,yea,nay,nv,absent,total
1375798,975304,2020-08-10,Senate,"Senate Committee Do pass",7,3,0,0,10
1375799,975302,2020-08-10,House,"House Committee Do Pass",10,0,0,0,10
1375799,975430,2020-08-10,House,"House Third Reading",33,24,0,3,60
1375799,975431,2020-08-10,Senate,"Senate Third Reading",20,6,0,4,30
1375800,975409,2020-08-10,House,"House Committee Be Adopted",5,1,0,0,6
1375800,975410,2020-08-10,House,"House Read and Adopted",54,3,0,3,60
1375800,975462,2020-08-10,Senate,"Senate Final Reading",23,3,0,4,30
1375801,975391,2020-08-10,Senate,"Senate Committee Do pass",10,0,0,0,10
1375801,975392,2020-08-10,Senate,"Senate Third Reading",22,5,0,3,30
1375801,975393,2020-08-10,House,"House Third Reading",50,7,0,3,60
1375802,975397,2020-08-10,Senate,"Senate Committee Do adopt",10,0,0,0,10
1375802,975398,2020-08-10,Senate,"Senate Final Reading",23,1,0,6,30
1375802,975399,2020-08-10,House,"House Read and Adopted",55,2,0,3,60
1375803,975386,2020-08-10,Senate,"Senate Committee Do pass with amendments. (Printed A-Eng.)",9,1,0,0,10
1375803,975387,2020-08-10,Senate,"Senate Third Reading",24,3,0,3,30
1375803,975429,2020-08-10,House,"House Third Reading",52,5,0,3,60
1375804,975388,2020-08-10,Senate,"Senate Committee Do pass",9,1,0,0,10
1375804,975389,2020-08-10,Senate,"Senate Third Reading",23,4,0,3,30
1375804,975390,2020-08-10,House,"House Third Reading",50,7,0,3,60
1375805,975394,2020-08-10,Senate,"Senate Committee Do pass with amendments. (Printed A-Eng.)",8,2,0,0,10
1375805,975395,2020-08-10,Senate,"Senate Third Reading",21,6,0,3,30
1375805,975396,2020-08-10,House,"House Third Reading",52,5,0,3,60
1375806,975295,2020-08-10,Senate,"Senate Committee Do pass",7,3,0,0,10
1375806,975426,2020-08-10,Senate,"Senate Third Reading",20,7,0,3,30
1375806,975427,2020-08-10,House,"House Third Reading",35,22,0,3,60
1375807,975400,2020-08-10,House,"House Committee Do Pass",10,0,0,0,10
1375807,975401,2020-08-10,House,"House Third Reading",42,15,0,3,60
1375807,975402,2020-08-10,Senate,"Senate Third Reading",24,0,0,6,30
1375808,975403,2020-08-10,House,"House Committee Do Pass",10,0,0,0,10
1375808,975404,2020-08-10,House,"House Third Reading",50,7,0,3,60
1375808,975405,2020-08-10,Senate,"Senate Third Reading",23,1,0,6,30
1375809,975406,2020-08-10,House,"House Committee Do Pass",5,1,0,0,6
1375809,975407,2020-08-10,House,"House Third Reading",55,2,0,3,60
1375809,975408,2020-08-10,Senate,"Senate Third Reading",22,5,0,3,30
1375810,975411,2020-08-10,House,"House Committee Do Pass",10,0,0,0,10
1375810,975412,2020-08-10,House,"House Third Reading",34,23,0,3,60
1375810,975413,2020-08-10,Senate,"Senate Third Reading",24,3,0,3,30
