bill_id,document_id,document_type,document_size,document_mime,document_desc,url,state_link
1516323,2416810,text,11938,text/html,Introduced,https://legiscan.com/AZ/text/HB2001/id/2416810,https://www.azleg.gov/legtext/55leg/1s/bills/hb2001p.htm
1516323,2425260,text,10025,text/html,Introduced,https://legiscan.com/AZ/text/HB2001/id/2425260,https://www.azleg.gov/legtext/55leg/1r/bills/hb2001p.htm
1516323,2418072,text,12304,text/html,Engrossed,https://legiscan.com/AZ/text/HB2001/id/2418072,https://www.azleg.gov/legtext/55leg/1s/bills/hb2001h.htm
1516323,2425261,text,38333,text/html,Engrossed,https://legiscan.com/AZ/text/HB2001/id/2425261,https://www.azleg.gov/legtext/55leg/1r/bills/hb2001h.htm
1516323,2418902,text,13078,text/html,Chaptered,https://legiscan.com/AZ/text/HB2001/id/2418902,https://www.azleg.gov/legtext/55leg/1s/laws/0001.htm
1516324,2416811,text,11899,text/html,Introduced,https://legiscan.com/AZ/text/SB1001/id/2416811,https://www.azleg.gov/legtext/55leg/1s/bills/sb1001p.htm
1516324,2425365,text,11523,text/html,Introduced,https://legiscan.com/AZ/text/SB1001/id/2425365,https://www.azleg.gov/legtext/55leg/1r/bills/sb1001p.htm
1516324,2417952,text,12370,text/html,Engrossed,https://legiscan.com/AZ/text/SB1001/id/2417952,https://www.azleg.gov/legtext/55leg/1s/bills/sb1001s.htm
1516324,2425366,text,10839,text/html,Engrossed,https://legiscan.com/AZ/text/SB1001/id/2425366,https://www.azleg.gov/legtext/55leg/1r/bills/sb1001s.htm
1516324,2425367,text,12244,text/html,Chaptered,https://legiscan.com/AZ/text/SB1001/id/2425367,https://www.azleg.gov/legtext/55leg/1r/laws/0052.htm
1516323,117946,amendment,46848,text/html,"HOUSE - Appropriations - Strike Everything",https://legiscan.com/AZ/amendment/HB2001/id/117946,https://www.azleg.gov/legtext/55leg/1r/proposed/h.2001cobb.docx.htm
1516323,117945,amendment,46167,text/html,"HOUSE - Appropriations - Strike Everything",https://legiscan.com/AZ/amendment/HB2001/id/117945,https://www.azleg.gov/legtext/55leg/1r/adopted/h.2001appropriations.docx.htm
1516324,117951,amendment,10310,text/html,"SENATE - Pace flr amend (ref Bill) adopted",https://legiscan.com/AZ/amendment/SB1001/id/117951,https://www.azleg.gov/legtext/55leg/1r/adopted/s.1001pace1031.docx.htm
1516324,117507,amendment,10287,text/html,"SENATE - Otondo flr amend (ref Bill) adopted",https://legiscan.com/AZ/amendment/SB1001/id/117507,https://www.azleg.gov/legtext/55leg/1s/adopted/s.1001floorotondo948.docx.htm
1516323,208108,supplement,169328,application/pdf,Analysis,https://legiscan.com/AZ/supplement/HB2001/id/208108,https://apps.azleg.gov/BillStatus/GetDocumentPdf/484888
1516323,208109,supplement,173656,application/pdf,Analysis,https://legiscan.com/AZ/supplement/HB2001/id/208109,https://apps.azleg.gov/BillStatus/GetDocumentPdf/485263
1516323,208110,supplement,169695,application/pdf,Analysis,https://legiscan.com/AZ/supplement/HB2001/id/208110,https://apps.azleg.gov/BillStatus/GetDocumentPdf/486331
1516323,208112,supplement,57734,application/pdf,Analysis,https://legiscan.com/AZ/supplement/HB2001/id/208112,https://apps.azleg.gov/BillStatus/GetDocumentPdf/488194
1516323,208111,supplement,168169,application/pdf,Analysis,https://legiscan.com/AZ/supplement/HB2001/id/208111,https://apps.azleg.gov/BillStatus/GetDocumentPdf/489875
1516323,208114,supplement,55655,application/pdf,Misc,https://legiscan.com/AZ/supplement/HB2001/id/208114,https://apps.azleg.gov/BillStatus/GetDocumentPdf/489898
1516323,208113,supplement,118857,application/pdf,Analysis,https://legiscan.com/AZ/supplement/HB2001/id/208113,https://apps.azleg.gov/BillStatus/GetDocumentPdf/489921
1516323,204669,supplement,175045,application/pdf,Analysis,https://legiscan.com/AZ/supplement/HB2001/id/204669,https://apps.azleg.gov/BillStatus/GetDocumentPdf/490022
1516323,205082,supplement,172800,application/pdf,Analysis,https://legiscan.com/AZ/supplement/HB2001/id/205082,https://apps.azleg.gov/BillStatus/GetDocumentPdf/490027
1516323,205256,supplement,168819,application/pdf,Analysis,https://legiscan.com/AZ/supplement/HB2001/id/205256,https://apps.azleg.gov/BillStatus/GetDocumentPdf/490030
1516323,205782,supplement,110228,application/pdf,Analysis,https://legiscan.com/AZ/supplement/HB2001/id/205782,https://apps.azleg.gov/BillStatus/GetDocumentPdf/490062
1516324,208160,supplement,47037,application/pdf,Analysis,https://legiscan.com/AZ/supplement/SB1001/id/208160,https://apps.azleg.gov/BillStatus/GetDocumentPdf/480030
1516324,208161,supplement,113861,application/pdf,Analysis,https://legiscan.com/AZ/supplement/SB1001/id/208161,https://apps.azleg.gov/BillStatus/GetDocumentPdf/482201
1516324,208156,supplement,161981,application/pdf,Analysis,https://legiscan.com/AZ/supplement/SB1001/id/208156,https://apps.azleg.gov/BillStatus/GetDocumentPdf/485862
1516324,208157,supplement,164408,application/pdf,Analysis,https://legiscan.com/AZ/supplement/SB1001/id/208157,https://apps.azleg.gov/BillStatus/GetDocumentPdf/486226
1516324,208158,supplement,160483,application/pdf,Analysis,https://legiscan.com/AZ/supplement/SB1001/id/208158,https://apps.azleg.gov/BillStatus/GetDocumentPdf/488404
1516324,208159,supplement,161137,application/pdf,Analysis,https://legiscan.com/AZ/supplement/SB1001/id/208159,https://apps.azleg.gov/BillStatus/GetDocumentPdf/488429
1516324,204670,supplement,46534,application/pdf,Analysis,https://legiscan.com/AZ/supplement/SB1001/id/204670,https://apps.azleg.gov/BillStatus/GetDocumentPdf/490016
1516324,205340,supplement,109231,application/pdf,Analysis,https://legiscan.com/AZ/supplement/SB1001/id/205340,https://apps.azleg.gov/BillStatus/GetDocumentPdf/490031
1516324,205882,supplement,110228,application/pdf,Analysis,https://legiscan.com/AZ/supplement/SB1001/id/205882,https://apps.azleg.gov/BillStatus/GetDocumentPdf/490061
