bill_id,date,chamber,sequence,action
1516323,2021-06-15,House,1,"Introduced in House and read first time"
1516323,2021-06-15,House,2,"Assigned to House NREW Committee"
1516323,2021-06-15,House,3,"Assigned to House RULES Committee"
1516323,2021-06-16,House,4,"House NREW Committee action: Do Pass, voting: (10-0-0-0-0-0)"
1516323,2021-06-16,House,5,"House read second time"
1516323,2021-06-17,House,6,"House RULES Committee action: constitutional and in proper form, voting: (7-0-0-1-0-0)"
1516323,2021-06-17,House,7,"House majority caucus: Do pass"
1516323,2021-06-17,House,8,"House minority caucus: Do pass"
1516323,2021-06-17,House,9,"House Committee of the Whole action: Do Pass Amended"
1516323,2021-06-17,House,10,"House motion to amend"
1516323,2021-06-17,House,11,"House third reading PASSED voting: (56-2-2-0)"
1516323,2021-06-17,Senate,12,"Transmit to Senate"
1516323,2021-06-17,Senate,13,"Introduced in Senate and read first time"
1516323,2021-06-17,Senate,14,"Senate miscellaneous motion: HB 2001 substituted for SB 1001. Motion carried."
1516323,2021-06-17,Senate,15,"Senate third reading PASSED voting: (24-2-4-0)"
1516323,2021-06-17,House,16,"Transmit to House"
1516323,2021-06-17,Senate,17,"Transmitted to Governor"
1516323,2021-06-18,Senate,18,"Governor Signed"
1516323,2021-06-18,Senate,19,"Chapter 1"
1516324,2021-06-15,Senate,1,"Introduced in Senate and read first time"
1516324,2021-06-15,Senate,2,"Assigned to Senate NREW Committee"
1516324,2021-06-15,Senate,3,"Assigned to Senate RULES Committee"
1516324,2021-06-16,Senate,4,"Senate NREW Committee action: Do Pass, voting: (8-1-0-0)"
1516324,2021-06-16,Senate,5,"Senate read second time"
1516324,2021-06-17,Senate,6,"Senate RULES Committee action: Proper For Consideration, voting: (0-0-0-0)"
1516324,2021-06-17,Senate,7,"Senate minority caucus: Do pass"
1516324,2021-06-17,Senate,8,"Senate majority caucus: Do pass"
1516324,2021-06-17,Senate,9,"Senate Committee of the Whole action: Do Pass Amended"
