bill_id,roll_call_id,date,chamber,description,yea,nay,nv,absent,total
1516323,1098704,2021-06-16,House,"House Natural Resources, Energy & Water Committee Action (DP)",10,0,0,0,10
1516323,1098831,2021-06-17,House,"House Rules Committee Action (C&P)",7,0,0,1,8
1516323,1099257,2021-06-17,House,"House - Committee of the Whole (DPA)",0,0,0,0,0
1516323,1099258,2021-06-17,House,"House - Third Reading",56,2,2,0,60
1516323,1099259,2021-06-17,Senate,"Motion HB 2001 substituted for SB 1001. Motion carried.",0,0,0,0,0
1516323,1099260,2021-06-17,House,"House - Cano motion to amend COW report to show the Cano #2 flr am to bill pass - failed RCV",29,29,2,0,60
1516323,1099261,2021-06-17,Senate,"Senate - Third Reading",24,2,4,0,30
1516323,1105228,2021-06-17,House,"House Rules Committee Action (C&P)",7,0,0,1,8
1516323,1105229,2021-06-17,House,"House - Committee of the Whole (DPA)",0,0,0,0,0
1516323,1105230,2021-06-17,Senate,"Motion HB 2001 substituted for SB 1001. Motion carried.",0,0,0,0,0
1516324,1098500,2021-06-16,Senate,"Senate Natural Resources, Energy and Water Committee Action (DP)",8,1,0,0,9
1516324,1098996,2021-06-17,Senate,"Senate Rules Committee Action (PFC)",0,0,0,0,0
1516324,1098997,2021-06-17,Senate,"Senate - Committee of the Whole (DPA)",0,0,0,0,0
1516324,1105265,2021-06-17,Senate,"Senate Rules Committee Action (PFC)",0,0,0,0,0
1516324,1105266,2021-06-17,Senate,"Senate - Committee of the Whole (DPA)",0,0,0,0,0
