bill_id,session_id,bill_number,status,status_desc,status_date,title,description,committee_id,committee,last_action_date,last_action,url,state_link
785209,1166,HF1,4,Passed,2015-06-13,"Omnibus early childhood and k-12 funding and policy bill.","Omnibus early childhood and k-12 funding and policy bill.",0,,2015-06-13,"Secretary of State Chapter 3 ",https://legiscan.com/MN/bill/HF1/2015/X1,https://www.revisor.mn.gov/bills/bill.php?b=House&f=HF0001&ssn=1&y=2015
785176,1166,HF2,4,Passed,2015-06-13,"Omnibus bonding bill.","Omnibus bonding bill.",0,,2015-06-13,"Secretary of State Chapter 5 ",https://legiscan.com/MN/bill/HF2/2015/X1,https://www.revisor.mn.gov/bills/bill.php?b=House&f=HF0002&ssn=1&y=2015
785219,1166,HF3,4,Passed,2015-06-13,"Omnibus employment, economic development, jobs, and energy bill.","Omnibus employment, economic development, jobs, and energy bill.",0,,2015-06-13,"Secretary of State Chapter 1 ",https://legiscan.com/MN/bill/HF3/2015/X1,https://www.revisor.mn.gov/bills/bill.php?b=House&f=HF0003&ssn=1&y=2015
785224,1166,HF4,1,Introduced,2015-06-12,"Omnibus environment, natural resources, and agriculture bill.","Omnibus environment, natural resources, and agriculture bill.",0,,2015-06-12,"Introduction and first reading",https://legiscan.com/MN/bill/HF4/2015/X1,https://www.revisor.mn.gov/bills/bill.php?b=House&f=HF0004&ssn=1&y=2015
785264,1166,HF5,1,Introduced,2015-06-12,"Omnibus legacy bill.","Omnibus legacy bill.",0,,2015-06-12,"Authors added Hausman and Lillie.",https://legiscan.com/MN/bill/HF5/2015/X1,https://www.revisor.mn.gov/bills/bill.php?b=House&f=HF0005&ssn=1&y=2015
785249,1166,HF6,4,Passed,2015-06-13,"Revisor's bill; legislative enactment oversights, inconsistencies, ambiguities, unintended results, and technical errors corrected.","Revisor's bill; legislative enactment oversights, inconsistencies, ambiguities, unintended results, and technical errors corrected.",0,,2015-06-13,"Secretary of State Chapter 6 ",https://legiscan.com/MN/bill/HF6/2015/X1,https://www.revisor.mn.gov/bills/bill.php?b=House&f=HF0006&ssn=1&y=2015
785197,1166,HF7,1,Introduced,2015-06-12,"Legislative action deadlines specified, legislature authorized to meet in regular session in September of an odd-numbered year, and constitutional amendment proposed.","Legislative action deadlines specified, legislature authorized to meet in regular session in September of an odd-numbered year, and constitutional amendment proposed.",0,,2015-06-12,"Authors added Ward, Norton, Liebling, Bly, and Selcer.",https://legiscan.com/MN/bill/HF7/2015/X1,https://www.revisor.mn.gov/bills/bill.php?b=House&f=HF0007&ssn=1&y=2015
785227,1166,HF8,1,Introduced,2015-06-12,"Green zone grant program established, amortization of facilities allowed, and money appropriated.","Green zone grant program established, amortization of facilities allowed, and money appropriated.",0,,2015-06-12,"Introduction and first reading",https://legiscan.com/MN/bill/HF8/2015/X1,https://www.revisor.mn.gov/bills/bill.php?b=House&f=HF0008&ssn=1&y=2015
785215,1166,HF9,1,Introduced,2015-06-12,"Pollution Control Agency Citizens' Board maintained, amendments to statutes repealed, and repealed statutes revived.","Pollution Control Agency Citizens' Board maintained, amendments to statutes repealed, and repealed statutes revived.",0,,2015-06-12,"Author added Persell.",https://legiscan.com/MN/bill/HF9/2015/X1,https://www.revisor.mn.gov/bills/bill.php?b=House&f=HF0009&ssn=1&y=2015
785261,1166,HF10,1,Introduced,2015-06-12,"Job opportunity partnerships working group established.","Job opportunity partnerships working group established.",0,,2015-06-12,"Introduction and first reading",https://legiscan.com/MN/bill/HF10/2015/X1,https://www.revisor.mn.gov/bills/bill.php?b=House&f=HF0010&ssn=1&y=2015
785240,1166,HF11,1,Introduced,2015-06-12,"Public land and building betterment spending authorized, highway-rail grade crossing improvements provided, railroad assessment provided, bonds issued, and money appropriated.","Public land and building betterment spending authorized, highway-rail grade crossing improvements provided, railroad assessment provided, bonds issued, and money appropriated.",0,,2015-06-12,"Introduction and first reading",https://legiscan.com/MN/bill/HF11/2015/X1,https://www.revisor.mn.gov/bills/bill.php?b=House&f=HF0011&ssn=1&y=2015
785167,1166,HF12,1,Introduced,2015-06-12,"Electronic waste management modified.","Electronic waste management modified.",0,,2015-06-12,"Introduction and first reading",https://legiscan.com/MN/bill/HF12/2015/X1,https://www.revisor.mn.gov/bills/bill.php?b=House&f=HF0012&ssn=1&y=2015
785179,1166,HF13,1,Introduced,2015-06-12,"Supplemental omnibus transportation bill.","Supplemental omnibus transportation bill.",0,,2015-06-12,"Introduction and first reading",https://legiscan.com/MN/bill/HF13/2015/X1,https://www.revisor.mn.gov/bills/bill.php?b=House&f=HF0013&ssn=1&y=2015
785182,1166,HF14,1,Introduced,2015-06-12,"Agriculture policy and technical changes made, Industrial Hemp Development Act authorized, license exclusions for direct sale of prepared food modified, farm opportunity loan program established, and money appropriated.","Agriculture policy and technical changes made, Industrial Hemp Development Act authorized, license exclusions for direct sale of prepared food modified, farm opportunity loan program established, and money appropriated.",0,,2015-06-12,"Authors added Poppe and Johnson, C.",https://legiscan.com/MN/bill/HF14/2015/X1,https://www.revisor.mn.gov/bills/bill.php?b=House&f=HF0014&ssn=1&y=2015
785243,1166,HF15,1,Introduced,2015-06-12,"Metropolitan landfill contingency action trust account investment required and transfer requirements added.","Metropolitan landfill contingency action trust account investment required and transfer requirements added.",0,,2015-06-12,"Author added Hansen.",https://legiscan.com/MN/bill/HF15/2015/X1,https://www.revisor.mn.gov/bills/bill.php?b=House&f=HF0015&ssn=1&y=2015
785212,1166,HF16,1,Introduced,2015-06-12,"Nursing facility rates phased in for private paying residents.","Nursing facility rates phased in for private paying residents.",0,,2015-06-12,"Introduction and first reading, referred to",https://legiscan.com/MN/bill/HF16/2015/X1,https://www.revisor.mn.gov/bills/bill.php?b=House&f=HF0016&ssn=1&y=2015
785252,1166,HF17,1,Introduced,2015-06-12,"Avian influenza emergency response activity funding provided, disaster loan provisions modified, and money appropriated.","Avian influenza emergency response activity funding provided, disaster loan provisions modified, and money appropriated.",0,,2015-06-12,"Introduction and first reading",https://legiscan.com/MN/bill/HF17/2015/X1,https://www.revisor.mn.gov/bills/bill.php?b=House&f=HF0017&ssn=1&y=2015
785246,1166,HF18,1,Introduced,2015-06-12,"Unauthorized disclosure of images penalties provided, criminal defamation clarified, penalties for using another's identity to solicit sex established.","Unauthorized disclosure of images penalties provided, criminal defamation clarified, penalties for using another's identity to solicit sex established.",0,,2015-06-12,"Introduction and first reading",https://legiscan.com/MN/bill/HF18/2015/X1,https://www.revisor.mn.gov/bills/bill.php?b=House&f=HF0018&ssn=1&y=2015
785194,1166,HC1,4,Passed,2015-06-12,"A concurrent resolution relating to meeting in special session outside of the regular legislative chambers.","A concurrent resolution relating to meeting in special session outside of the regular legislative chambers.",0,,2015-06-12,Adopted,https://legiscan.com/MN/bill/HC1/2015/X1,https://www.revisor.mn.gov/bills/bill.php?b=House&f=HC0001&ssn=1&y=2015
785267,1166,SF1,4,Passed,2015-06-13,"Omnibus legacy appropriations bill","Omnibus legacy appropriations bill",0,,2015-06-13,"Secretary of State, Filed ",https://legiscan.com/MN/bill/SF1/2015/X1,https://www.revisor.mn.gov/bills/bill.php?b=Senate&f=SF0001&ssn=1&y=2015
785200,1166,SF2,1,Introduced,2015-06-12,"Omnibus jobs, housing, economic development and energy appropriations","Omnibus jobs, housing, economic development and energy appropriations",0,,2015-06-12,"HF passed, no substitution HF3",https://legiscan.com/MN/bill/SF2/2015/X1,https://www.revisor.mn.gov/bills/bill.php?b=Senate&f=SF0002&ssn=1&y=2015
785230,1166,SF3,1,Introduced,2015-06-12,"Omnibus early childhood, K-12, and adult education funding and policy bill","Omnibus early childhood, K-12, and adult education funding and policy bill",0,,2015-06-12,"HF passed, no substitution HF1",https://legiscan.com/MN/bill/SF3/2015/X1,https://www.revisor.mn.gov/bills/bill.php?b=Senate&f=SF0003&ssn=1&y=2015
785187,1166,SF4,1,Introduced,2015-06-12,"Omnibus bonding bill","Omnibus bonding bill",0,,2015-06-12,"HF passed, no substitution HF2",https://legiscan.com/MN/bill/SF4/2015/X1,https://www.revisor.mn.gov/bills/bill.php?b=Senate&f=SF0004&ssn=1&y=2015
785237,1166,SF5,4,Passed,2015-06-13,"Omnibus agriculture, environment and natural resources appropriations bill","Omnibus agriculture, environment and natural resources appropriations bill",0,,2015-06-13,"Secretary of State, Filed ",https://legiscan.com/MN/bill/SF5/2015/X1,https://www.revisor.mn.gov/bills/bill.php?b=Senate&f=SF0005&ssn=1&y=2015
785206,1166,SF6,1,Introduced,2015-06-12,"Revisor's bill","Revisor's bill",0,,2015-06-12,"HF passed, no substitution HF6",https://legiscan.com/MN/bill/SF6/2015/X1,https://www.revisor.mn.gov/bills/bill.php?b=Senate&f=SF0006&ssn=1&y=2015
785185,1166,SF7,1,Introduced,2015-06-12,"Malone Island bridge bond issue and appropriation","Malone Island bridge bond issue and appropriation",1750,"Senate Rules and Administration",2015-06-12,"Referred to Rules and Administration",https://legiscan.com/MN/bill/SF7/2015/X1,https://www.revisor.mn.gov/bills/bill.php?b=Senate&f=SF0007&ssn=1&y=2015
785222,1166,SF8,1,Introduced,2015-06-12,"Hennepin county center for African immigrant women and children facility bond issue and appropriation","Hennepin county center for African immigrant women and children facility bond issue and appropriation",1750,"Senate Rules and Administration",2015-06-12,"Referred to Rules and Administration",https://legiscan.com/MN/bill/SF8/2015/X1,https://www.revisor.mn.gov/bills/bill.php?b=Senate&f=SF0008&ssn=1&y=2015
785170,1166,SF9,1,Introduced,2015-06-12,"Rail crossing and highway projects bond issue and appropriation; railroad company assessment annual requirement","Rail crossing and highway projects bond issue and appropriation; railroad company assessment annual requirement",1750,"Senate Rules and Administration",2015-06-12,"Referred to Rules and Administration",https://legiscan.com/MN/bill/SF9/2015/X1,https://www.revisor.mn.gov/bills/bill.php?b=Senate&f=SF0009&ssn=1&y=2015
785233,1166,SF10,1,Introduced,2015-06-12,"Transportation supplemental funding; tax provisions; constitutional amendment for additional dedicated sales tax revenue; bond issuance; appropriations","Transportation supplemental funding; tax provisions; constitutional amendment for additional dedicated sales tax revenue; bond issuance; appropriations",1750,"Senate Rules and Administration",2015-06-12,"Referred to Rules and Administration",https://legiscan.com/MN/bill/SF10/2015/X1,https://www.revisor.mn.gov/bills/bill.php?b=Senate&f=SF0010&ssn=1&y=2015
785258,1166,SF11,1,Introduced,2015-06-12,"Community education revenue program funding increase; minimum population guarantee increase","Community education revenue program funding increase; minimum population guarantee increase",1750,"Senate Rules and Administration",2015-06-12,"Referred to Rules and Administration",https://legiscan.com/MN/bill/SF11/2015/X1,https://www.revisor.mn.gov/bills/bill.php?b=Senate&f=SF0011&ssn=1&y=2015
785255,1166,SF12,1,Introduced,2015-06-12,"Conference committee negotiations open to the public requirement expansion; associated business definition modification; lobbying restriction imposition and lobbyist and principal reporting requirements modifications; electioneering communications disclosure requirement","Conference committee negotiations open to the public requirement expansion; associated business definition modification; lobbying restriction imposition and lobbyist and principal reporting requirements modifications; electioneering communications disclosure requirement",1750,"Senate Rules and Administration",2015-06-12,"Referred to Rules and Administration",https://legiscan.com/MN/bill/SF12/2015/X1,https://www.revisor.mn.gov/bills/bill.php?b=Senate&f=SF0012&ssn=1&y=2015
785333,1166,SF13,1,Introduced,2015-06-12,"Green zone grant program and appropriation","Green zone grant program and appropriation",1750,"Senate Rules and Administration",2015-06-12,"Referred to Rules and Administration",https://legiscan.com/MN/bill/SF13/2015/X1,https://www.revisor.mn.gov/bills/bill.php?b=Senate&f=SF0013&ssn=1&y=2015
785324,1166,SF14,1,Introduced,2015-06-12,"Avian influenza emergency response activity funding, disaster recovery loan provisions modifications, and appropriation","Avian influenza emergency response activity funding, disaster recovery loan provisions modifications, and appropriation",1750,"Senate Rules and Administration",2015-06-12,"Referred to Rules and Administration",https://legiscan.com/MN/bill/SF14/2015/X1,https://www.revisor.mn.gov/bills/bill.php?b=Senate&f=SF0014&ssn=1&y=2015
785313,1166,SF15,1,Introduced,2015-06-12,"Electronic waste management modification","Electronic waste management modification",1750,"Senate Rules and Administration",2015-06-12,"Referred to Rules and Administration",https://legiscan.com/MN/bill/SF15/2015/X1,https://www.revisor.mn.gov/bills/bill.php?b=Senate&f=SF0015&ssn=1&y=2015
785173,1166,SR1,4,Passed,2015-06-12,"A Senate resolution relating to organization and operation of the Senate during the Special Session","A Senate resolution relating to organization and operation of the Senate during the Special Session",0,,2015-06-12,"Adopted vote: 62-1",https://legiscan.com/MN/bill/SR1/2015/X1,https://www.revisor.mn.gov/bills/bill.php?b=Senate&f=SR0001&ssn=1&y=2015
785204,1166,SR2,4,Passed,2015-06-12,"A Senate resolution relating to notifying the House of Representatives and the Governor that the Senate is organized","A Senate resolution relating to notifying the House of Representatives and the Governor that the Senate is organized",0,,2015-06-12,"Adopted (voice vote)",https://legiscan.com/MN/bill/SR2/2015/X1,https://www.revisor.mn.gov/bills/bill.php?b=Senate&f=SR0002&ssn=1&y=2015
785190,1166,SR3,4,Passed,2015-06-12,"A Senate resolution relating to adjournment of the Special Session","A Senate resolution relating to adjournment of the Special Session",0,,2015-06-12,Adopted,https://legiscan.com/MN/bill/SR3/2015/X1,https://www.revisor.mn.gov/bills/bill.php?b=Senate&f=SR0003&ssn=1&y=2015
