bill_id,document_id,document_type,document_size,document_mime,document_desc,url,state_link
785209,1247950,text,1086423,application/pdf,Introduced,https://legiscan.com/MN/text/HF1/id/1247950,https://www.revisor.mn.gov/bills/text.php?number=HF1&version=0&session=ls89&session_year=2015&session_number=1&format=pdf
785176,1247918,text,276552,application/pdf,Introduced,https://legiscan.com/MN/text/HF2/id/1247918,https://www.revisor.mn.gov/bills/text.php?number=HF2&version=0&session=ls89&session_year=2015&session_number=1&format=pdf
785219,1247960,text,617054,application/pdf,Introduced,https://legiscan.com/MN/text/HF3/id/1247960,https://www.revisor.mn.gov/bills/text.php?number=HF3&version=0&session=ls89&session_year=2015&session_number=1&format=pdf
785224,1247965,text,1180006,application/pdf,Introduced,https://legiscan.com/MN/text/HF4/id/1247965,https://www.revisor.mn.gov/bills/text.php?number=HF4&version=0&session=ls89&session_year=2015&session_number=1&format=pdf
785264,1248005,text,465859,application/pdf,Introduced,https://legiscan.com/MN/text/HF5/id/1248005,https://www.revisor.mn.gov/bills/text.php?number=HF5&version=0&session=ls89&session_year=2015&session_number=1&format=pdf
785249,1247990,text,144089,application/pdf,Introduced,https://legiscan.com/MN/text/HF6/id/1247990,https://www.revisor.mn.gov/bills/text.php?number=HF6&version=0&session=ls89&session_year=2015&session_number=1&format=pdf
785197,1247939,text,72588,application/pdf,Introduced,https://legiscan.com/MN/text/HF7/id/1247939,https://www.revisor.mn.gov/bills/text.php?number=HF7&version=0&session=ls89&session_year=2015&session_number=1&format=pdf
785227,1247968,text,85578,application/pdf,Introduced,https://legiscan.com/MN/text/HF8/id/1247968,https://www.revisor.mn.gov/bills/text.php?number=HF8&version=0&session=ls89&session_year=2015&session_number=1&format=pdf
785215,1247956,text,64310,application/pdf,Introduced,https://legiscan.com/MN/text/HF9/id/1247956,https://www.revisor.mn.gov/bills/text.php?number=HF9&version=0&session=ls89&session_year=2015&session_number=1&format=pdf
785261,1248002,text,79712,application/pdf,Introduced,https://legiscan.com/MN/text/HF10/id/1248002,https://www.revisor.mn.gov/bills/text.php?number=HF10&version=0&session=ls89&session_year=2015&session_number=1&format=pdf
785240,1247981,text,81552,application/pdf,Introduced,https://legiscan.com/MN/text/HF11/id/1247981,https://www.revisor.mn.gov/bills/text.php?number=HF11&version=0&session=ls89&session_year=2015&session_number=1&format=pdf
785167,1247909,text,73902,application/pdf,Introduced,https://legiscan.com/MN/text/HF12/id/1247909,https://www.revisor.mn.gov/bills/text.php?number=HF12&version=0&session=ls89&session_year=2015&session_number=1&format=pdf
785179,1247921,text,370974,application/pdf,Introduced,https://legiscan.com/MN/text/HF13/id/1247921,https://www.revisor.mn.gov/bills/text.php?number=HF13&version=0&session=ls89&session_year=2015&session_number=1&format=pdf
785182,1247924,text,455366,application/pdf,Introduced,https://legiscan.com/MN/text/HF14/id/1247924,https://www.revisor.mn.gov/bills/text.php?number=HF14&version=0&session=ls89&session_year=2015&session_number=1&format=pdf
785243,1247984,text,77414,application/pdf,Introduced,https://legiscan.com/MN/text/HF15/id/1247984,https://www.revisor.mn.gov/bills/text.php?number=HF15&version=0&session=ls89&session_year=2015&session_number=1&format=pdf
785212,1247953,text,69509,application/pdf,Introduced,https://legiscan.com/MN/text/HF16/id/1247953,https://www.revisor.mn.gov/bills/text.php?number=HF16&version=0&session=ls89&session_year=2015&session_number=1&format=pdf
785252,1247993,text,86159,application/pdf,Introduced,https://legiscan.com/MN/text/HF17/id/1247993,https://www.revisor.mn.gov/bills/text.php?number=HF17&version=0&session=ls89&session_year=2015&session_number=1&format=pdf
785246,1247987,text,87739,application/pdf,Introduced,https://legiscan.com/MN/text/HF18/id/1247987,https://www.revisor.mn.gov/bills/text.php?number=HF18&version=0&session=ls89&session_year=2015&session_number=1&format=pdf
785194,1247936,text,38029,text/html,Draft,https://legiscan.com/MN/text/HC1/id/1247936,https://www.revisor.mn.gov/bills/text.php?number=HC1&session=ls89&version=latest&session_number=1&session_year=2015
785267,1248008,text,468768,application/pdf,Introduced,https://legiscan.com/MN/text/SF1/id/1248008,https://www.revisor.mn.gov/bills/text.php?number=SF1&version=0&session=ls89&session_year=2015&session_number=1&format=pdf
785200,1247942,text,616601,application/pdf,Introduced,https://legiscan.com/MN/text/SF2/id/1247942,https://www.revisor.mn.gov/bills/text.php?number=SF2&version=0&session=ls89&session_year=2015&session_number=1&format=pdf
785230,1247971,text,1091748,application/pdf,Introduced,https://legiscan.com/MN/text/SF3/id/1247971,https://www.revisor.mn.gov/bills/text.php?number=SF3&version=0&session=ls89&session_year=2015&session_number=1&format=pdf
785187,1247929,text,277742,application/pdf,Introduced,https://legiscan.com/MN/text/SF4/id/1247929,https://www.revisor.mn.gov/bills/text.php?number=SF4&version=0&session=ls89&session_year=2015&session_number=1&format=pdf
785237,1247978,text,1178847,application/pdf,Introduced,https://legiscan.com/MN/text/SF5/id/1247978,https://www.revisor.mn.gov/bills/text.php?number=SF5&version=0&session=ls89&session_year=2015&session_number=1&format=pdf
785237,1248279,text,1160506,application/pdf,Engrossed,https://legiscan.com/MN/text/SF5/id/1248279,https://www.revisor.mn.gov/bills/text.php?number=SF5&version=1&session=ls89&session_year=2015&session_number=1&format=pdf
785237,1250575,text,1177647,application/pdf,Engrossed,https://legiscan.com/MN/text/SF5/id/1250575,https://www.revisor.mn.gov/bills/text.php?number=SF5&version=2&session=ls89&session_year=2015&session_number=1&format=pdf
785206,1247947,text,145473,application/pdf,Introduced,https://legiscan.com/MN/text/SF6/id/1247947,https://www.revisor.mn.gov/bills/text.php?number=SF6&version=0&session=ls89&session_year=2015&session_number=1&format=pdf
785185,1247927,text,70440,application/pdf,Introduced,https://legiscan.com/MN/text/SF7/id/1247927,https://www.revisor.mn.gov/bills/text.php?number=SF7&version=0&session=ls89&session_year=2015&session_number=1&format=pdf
785222,1247963,text,72376,application/pdf,Introduced,https://legiscan.com/MN/text/SF8/id/1247963,https://www.revisor.mn.gov/bills/text.php?number=SF8&version=0&session=ls89&session_year=2015&session_number=1&format=pdf
785170,1247912,text,82178,application/pdf,Introduced,https://legiscan.com/MN/text/SF9/id/1247912,https://www.revisor.mn.gov/bills/text.php?number=SF9&version=0&session=ls89&session_year=2015&session_number=1&format=pdf
785233,1247974,text,372496,application/pdf,Introduced,https://legiscan.com/MN/text/SF10/id/1247974,https://www.revisor.mn.gov/bills/text.php?number=SF10&version=0&session=ls89&session_year=2015&session_number=1&format=pdf
785258,1247999,text,71540,application/pdf,Introduced,https://legiscan.com/MN/text/SF11/id/1247999,https://www.revisor.mn.gov/bills/text.php?number=SF11&version=0&session=ls89&session_year=2015&session_number=1&format=pdf
785255,1247996,text,152068,application/pdf,Introduced,https://legiscan.com/MN/text/SF12/id/1247996,https://www.revisor.mn.gov/bills/text.php?number=SF12&version=0&session=ls89&session_year=2015&session_number=1&format=pdf
785333,1248182,text,86835,application/pdf,Introduced,https://legiscan.com/MN/text/SF13/id/1248182,https://www.revisor.mn.gov/bills/text.php?number=SF13&version=0&session=ls89&session_year=2015&session_number=1&format=pdf
785324,1248172,text,87155,application/pdf,Introduced,https://legiscan.com/MN/text/SF14/id/1248172,https://www.revisor.mn.gov/bills/text.php?number=SF14&version=0&session=ls89&session_year=2015&session_number=1&format=pdf
785313,1248160,text,76986,application/pdf,Introduced,https://legiscan.com/MN/text/SF15/id/1248160,https://www.revisor.mn.gov/bills/text.php?number=SF15&version=0&session=ls89&session_year=2015&session_number=1&format=pdf
785173,1247915,text,3413,text/html,Draft,https://legiscan.com/MN/text/SR1/id/1247915,https://www.revisor.mn.gov/bills/text.php?number=SR1&session=ls89&version=latest&session_number=1&session_year=2015
785204,1247945,text,1254,text/html,Draft,https://legiscan.com/MN/text/SR2/id/1247945,https://www.revisor.mn.gov/bills/text.php?number=SR2&session=ls89&version=latest&session_number=1&session_year=2015
785190,1247932,text,1332,text/html,Draft,https://legiscan.com/MN/text/SR3/id/1247932,https://www.revisor.mn.gov/bills/text.php?number=SR3&session=ls89&version=latest&session_number=1&session_year=2015
