bill_id,date,chamber,sequence,action
785167,2015-06-12,House,1,"Introduction and first reading"
785170,2015-06-12,Senate,1,"Introduction and first reading"
785170,2015-06-12,Senate,2,"Referred to Rules and Administration"
785173,2015-06-12,Senate,1,Introduction
785173,2015-06-12,Senate,2,"Adopted vote: 62-1"
785176,2015-06-12,House,1,"Introduction and first reading"
785176,2015-06-12,House,2,"Motion to suspend rules"
785176,2015-06-12,House,3,"Motion prevailed"
785176,2015-06-12,House,4,"Rules suspended, urgency declared"
785176,2015-06-12,House,5,"Second reading"
785176,2015-06-12,House,6,"Third reading"
785176,2015-06-12,House,7,"Laid on table"
785176,2015-06-12,House,8,"Taken from table"
785176,2015-06-12,House,9,"Bill was passed vote: 96-25"
785176,2015-06-12,House,10,"Authors added Hausman and Carlson."
785176,2015-06-12,Senate,11,"Received from House"
785176,2015-06-12,Senate,12,"Introduction and first reading"
785176,2015-06-12,Senate,13,"Urgency declared rules suspended"
785176,2015-06-12,Senate,14,"Second reading"
785176,2015-06-12,Senate,15,"Third reading Passed vote: 48-18"
785176,2015-06-13,,16,"Secretary of State, Filed "
785176,2015-06-13,,17,"Presented to Governor"
785176,2015-06-13,,18,"Governor's action Approval "
785176,2015-06-13,,19,"Secretary of State Chapter 5 "
785179,2015-06-12,House,1,"Introduction and first reading"
785182,2015-06-12,House,1,"Introduction and first reading"
785182,2015-06-12,House,2,"Authors added Poppe and Johnson, C."
785185,2015-06-12,Senate,1,"Introduction and first reading"
785185,2015-06-12,Senate,2,"Referred to Rules and Administration"
785187,2015-06-12,Senate,1,"Introduction and first reading"
785187,2015-06-12,Senate,2,"Laid on table"
785187,2015-06-12,Senate,3,"HF passed, no substitution HF2"
785190,2015-06-12,Senate,1,Introduction
785190,2015-06-12,Senate,2,Adopted
785194,2015-06-12,House,1,"Resolution introduced"
785194,2015-06-12,House,2,"Motion to suspend rules"
785194,2015-06-12,House,3,"Motion prevailed"
785194,2015-06-12,House,4,"Rules suspended"
785194,2015-06-12,House,5,"Resolution was adopted"
785194,2015-06-12,House,6,"Returned from Senate"
785194,2015-06-12,Senate,7,"Received from House"
785194,2015-06-12,Senate,8,"Introduction and first reading"
785194,2015-06-12,Senate,9,Adopted
785197,2015-06-12,House,1,"Introduction and first reading"
785197,2015-06-12,House,2,"Authors added Ward, Norton, Liebling, Bly, and Selcer."
785200,2015-06-12,Senate,1,"Introduction and first reading"
785200,2015-06-12,Senate,2,"Laid on table"
785200,2015-06-12,Senate,3,"HF passed, no substitution HF3"
785204,2015-06-12,Senate,1,Introduction
785204,2015-06-12,Senate,2,"Adopted (voice vote)"
785206,2015-06-12,Senate,1,"Introduction and first reading"
785206,2015-06-12,Senate,2,"Laid on table"
785206,2015-06-12,Senate,3,"HF passed, no substitution HF6"
785209,2015-06-12,House,1,"Introduction and first reading"
785209,2015-06-12,House,2,"Motion to suspend rules"
785209,2015-06-12,House,3,"Motion prevailed"
785209,2015-06-12,House,4,"Rules suspended, urgency declared"
785209,2015-06-12,House,5,"Second reading"
785209,2015-06-12,House,6,"Third reading"
785209,2015-06-12,House,7,"Bill was passed vote: 115-10"
785209,2015-06-12,House,8,"Returned from Senate"
785209,2015-06-12,House,9,"Author added Erickson."
785209,2015-06-12,Senate,10,"Received from House"
785209,2015-06-12,Senate,11,"Introduction and first reading"
785209,2015-06-12,Senate,12,"Urgency declared rules suspended"
785209,2015-06-12,Senate,13,"Second reading"
785209,2015-06-12,Senate,14,"Third reading Passed vote: 53-12"
785209,2015-06-13,,15,"Secretary of State, Filed "
785209,2015-06-13,,16,"Presented to Governor"
785209,2015-06-13,,17,"Governor's action Approval "
785209,2015-06-13,,18,"Secretary of State Chapter 3 "
785212,2015-06-12,House,1,"Introduction and first reading, referred to"
785215,2015-06-12,House,1,"Introduction and first reading"
785215,2015-06-12,House,2,"Author added Persell."
785219,2015-06-12,House,1,"Introduction and first reading"
785219,2015-06-12,House,2,"Motion to suspend rules"
785219,2015-06-12,House,3,"Motion prevailed"
785219,2015-06-12,House,4,"Rules suspended, urgency declared"
785219,2015-06-12,House,5,"Second reading"
785219,2015-06-12,House,6,"Third reading"
785219,2015-06-12,House,7,"Bill was passed vote: 78-47"
785219,2015-06-12,House,8,"Returned from Senate"
785219,2015-06-12,Senate,9,"Received from House"
785219,2015-06-12,Senate,10,"Introduction and first reading"
785219,2015-06-12,Senate,11,"Urgency declared rules suspended"
785219,2015-06-12,Senate,12,"Second reading"
785219,2015-06-12,Senate,13,"Third reading Passed vote: 50-14"
785219,2015-06-13,,14,"Secretary of State, Filed "
785219,2015-06-13,,15,"Presented to Governor"
785219,2015-06-13,,16,"Governor's action Approval "
785219,2015-06-13,,17,"Secretary of State Chapter 1 "
785222,2015-06-12,Senate,1,"Introduction and first reading"
785222,2015-06-12,Senate,2,"Referred to Rules and Administration"
785224,2015-06-12,House,1,"Introduction and first reading"
785227,2015-06-12,House,1,"Introduction and first reading"
785230,2015-06-12,Senate,1,"Introduction and first reading"
785230,2015-06-12,Senate,2,"Laid on table"
785230,2015-06-12,Senate,3,"HF passed, no substitution HF1"
785233,2015-06-12,Senate,1,"Introduction and first reading"
785233,2015-06-12,Senate,2,"Referred to Rules and Administration"
785237,2015-06-12,Senate,1,"Introduction and first reading"
785237,2015-06-12,Senate,2,"Laid on table"
785237,2015-06-12,Senate,3,"Taken from table"
785237,2015-06-12,Senate,4,"Urgency declared rules suspended"
785237,2015-06-12,Senate,5,"Second reading"
785237,2015-06-12,Senate,6,"Laid on table"
785237,2015-06-12,Senate,7,"Taken from table"
785237,2015-06-12,Senate,8,"Third reading Failed to pass vote: 33-32"
785237,2015-06-12,Senate,9,"Reconsidered Vote"
785237,2015-06-12,Senate,10,"Reconsidered Third Reading"
785237,2015-06-12,Senate,11,Amended
785237,2015-06-12,Senate,12,"Third reading Passed as amended vote: 40-26"
785237,2015-06-12,Senate,13,"Returned from House with amendment"
785237,2015-06-12,Senate,14,"Motion to not concur did not prevail vote: 28-39"
785237,2015-06-12,Senate,15,"Senate concurred"
785237,2015-06-12,Senate,16,"Third Reading Repassed vote: 38-29"
785237,2015-06-12,House,17,"Received from Senate"
785237,2015-06-12,House,18,"Introduction and first reading"
785237,2015-06-12,House,19,"Motion to suspend rules"
785237,2015-06-12,House,20,"Motion prevailed"
785237,2015-06-12,House,21,"Rules suspended, urgency declared"
785237,2015-06-12,House,22,"Second reading"
785237,2015-06-12,House,23,Amended
785237,2015-06-12,House,24,"Third reading as amended"
785237,2015-06-12,House,25,"Bill was passed as amended vote: 78-47"
785237,2015-06-13,,26,"Presented to Governor"
785237,2015-06-13,,27,"Governor's action Approval "
785237,2015-06-13,,28,"Secretary of State Chapter 4 "
785237,2015-06-13,,29,"Secretary of State, Filed "
785240,2015-06-12,House,1,"Introduction and first reading"
785243,2015-06-12,House,1,"Introduction and first reading"
785243,2015-06-12,House,2,"Author added Hansen."
785246,2015-06-12,House,1,"Introduction and first reading"
785249,2015-06-12,House,1,"Introduction and first reading"
785249,2015-06-12,House,2,"Motion to suspend rules"
785249,2015-06-12,House,3,"Motion prevailed"
785249,2015-06-12,House,4,"Rules suspended, urgency declared"
785249,2015-06-12,House,5,"Second reading"
785249,2015-06-12,House,6,"Third reading"
785249,2015-06-12,House,7,"Bill was passed vote: 125-0"
785249,2015-06-12,Senate,8,"Received from House"
785249,2015-06-12,Senate,9,"Introduction and first reading"
785249,2015-06-12,Senate,10,"Laid on table"
785249,2015-06-12,Senate,11,"Taken from table"
785249,2015-06-12,Senate,12,"Urgency declared rules suspended"
785249,2015-06-12,Senate,13,"Second reading"
785249,2015-06-12,Senate,14,"Third reading Passed vote: 61-1"
785249,2015-06-13,,15,"Secretary of State, Filed "
785249,2015-06-13,,16,"Presented to Governor"
785249,2015-06-13,,17,"Governor's action Approval "
785249,2015-06-13,,18,"Secretary of State Chapter 6 "
785252,2015-06-12,House,1,"Introduction and first reading"
785255,2015-06-12,Senate,1,"Introduction and first reading"
785255,2015-06-12,Senate,2,"Referred to Rules and Administration"
785258,2015-06-12,Senate,1,"Introduction and first reading"
785258,2015-06-12,Senate,2,"Referred to Rules and Administration"
785261,2015-06-12,House,1,"Introduction and first reading"
785264,2015-06-12,House,1,"Introduction and first reading"
785264,2015-06-12,House,2,"Authors added Hausman and Lillie."
785267,2015-06-12,Senate,1,"Introduction and first reading"
785267,2015-06-12,Senate,2,"Laid on table"
785267,2015-06-12,Senate,3,"Taken from table"
785267,2015-06-12,Senate,4,"Urgency declared rules suspended"
785267,2015-06-12,Senate,5,"Second reading"
785267,2015-06-12,Senate,6,"Third reading Passed vote: 54-10"
785267,2015-06-12,Senate,7,"Returned from House"
785267,2015-06-12,House,8,"Received from Senate"
785267,2015-06-12,House,9,"Senate file first reading"
785267,2015-06-12,House,10,"Motion to suspend rules"
785267,2015-06-12,House,11,"Motion prevailed"
785267,2015-06-12,House,12,"Rules suspended, urgency declared"
785267,2015-06-12,House,13,"Second reading"
785267,2015-06-12,House,14,"Third reading"
785267,2015-06-12,House,15,"Bill was passed vote: 116-6"
785267,2015-06-13,,16,"Presented to Governor"
785267,2015-06-13,,17,"Governor's action Approval "
785267,2015-06-13,,18,"Secretary of State Chapter 2 "
785267,2015-06-13,,19,"Secretary of State, Filed "
785313,2015-06-12,Senate,1,"Introduction and first reading"
785313,2015-06-12,Senate,2,"Referred to Rules and Administration"
785324,2015-06-12,Senate,1,"Introduction and first reading"
785324,2015-06-12,Senate,2,"Referred to Rules and Administration"
785333,2015-06-12,Senate,1,"Introduction and first reading"
785333,2015-06-12,Senate,2,"Referred to Rules and Administration"
