bill_id,roll_call_id,date,chamber,description,yea,nay,nv,absent,total
785176,459636,2015-06-12,House,"House: Passage",116,6,0,0,122
785176,459637,2015-06-12,House,"House: Passage",100,23,0,0,123
785209,459642,2015-06-12,House,"House: Passage",115,10,0,0,125
785219,459629,2015-06-12,House,"House: Passage",78,47,0,0,125
785237,459625,2015-06-12,House,"House: Passage",73,52,0,0,125
785237,459626,2015-06-12,House,"House: Passage",78,47,0,0,125
785249,459643,2015-06-12,House,"House: Passage",125,0,0,0,125
785267,459627,2015-06-12,House,"House: Passage",116,6,0,0,122
