people_id,name,first_name,middle_name,last_name,suffix,nickname,party_id,party,role_id,role,district,followthemoney_eid,votesmart_id,opensecrets_id,ballotpedia,knowwho_pid,committee_id
6287,"Anthony Sertich",Anthony,,Sertich,,Tony,1,D,1,Rep,HD-005B,6515467,54696,,Anthony_Sertich,208302,0
6288,"Alice Hausman",Alice,,Hausman,,,1,D,1,Rep,HD-066A,6428142,3778,,Alice_Hausman,195954,0
6289,"Thomas Huntley",Thomas,,Huntley,,,1,D,1,Rep,HD-007A,6428185,3783,,Thomas_Huntley,195834,0
6290,"Bernie Lieder",Bernie,L.,Lieder,,Bernard,1,D,1,Rep,HD-001B,6428361,3802,,Bernie_Lieder,195825,0
6291,"Lyndon Carlson",Lyndon,R.,Carlson,,,1,D,1,Rep,HD-045A,6427951,3755,,Jim_Carlson,195915,0
6292,"Margaret Kelliher",Margaret,Anderson,Kelliher,,,1,D,1,Rep,HD-060A,12472725,20192,,Margaret_Kelliher,195942,0
6293,"Michael Obermueller",Michael,,Obermueller,,,1,D,1,Rep,HD-038B,6517334,68755,,Mike_Obermueller,270960,0
6294,"Loren Solberg",Loren,A.,Solberg,,,1,D,1,Rep,HD-003B,6428711,3856,,Loren_Solberg,195828,0
6295,"Frank Hornstein",Frank,,Hornstein,,,1,D,1,Rep,HD-061A,338052,38589,,Frank_Hornstein,212973,0
6296,"Mary Murphy",Mary,,Murphy,,,1,D,1,Rep,HD-003B,6428480,3820,,Mary_Murphy_(Minnesota),195837,0
6297,"Will Morgan",Will,,Morgan,,,1,D,1,Rep,HD-056B,6517007,38639,,William_Morgan,249277,0
6298,"Gene Pelowski",Gene,,Pelowski,Jr.,,1,D,1,Rep,HD-028A,6428563,3835,,Gene_Pelowski_Jr.,195887,0
6299,"Katherine Knuth",Katherine,,Knuth,,Kate,1,D,1,Rep,HD-050B,6517263,66648,,Katherine_Knuth,249314,0
6300,"Jeff Hayden",Jeff,,Hayden,,,1,D,2,Sen,SD-062,6517840,109116,,Jeff_Hayden,271032,0
6301,"Erin Murphy",Erin,P.,Murphy,,,1,D,1,Rep,HD-064A,6517326,65842,,Erin_Murphy_(Minnesota),249338,0
6302,"Paul Thissen",Paul,C.,Thissen,,,1,D,1,Rep,HD-061B,13003043,38748,,Paul_Thissen,212974,0
6303,"Jeanne Poppe",Jeanne,E.,Poppe,,,1,D,1,Rep,HD-027B,6515650,38609,,Jeanne_Poppe,227790,0
6304,"Marsha Swails",Marsha,,Swails,,,1,D,1,Rep,HD-056B,6517428,68599,,Marsha_Swails,249328,0
6305,"Jeremy Kalin",Jeremy,,Kalin,,,1,D,1,Rep,HD-017B,13002832,38943,,Jeremy_Kalin,250682,0
6306,"Bobby Champion",Bobby,Joe,Champion,,,1,D,2,Sen,SD-059,13003030,109081,,Bobby_Joe_Champion,271019,0
6307,"Rick Hansen",Rick,,Hansen,,,1,D,1,Rep,HD-052A,13002934,38981,,Rick_Hansen_(Minnesota),227824,0
6308,"Phillip Sterner",Phillip,M.,Sterner,,,1,D,1,Rep,HD-037B,6517969,109149,,Phillip_Sterner,270957,0
6309,"Denise Dittrich",Denise,,Dittrich,,,1,D,1,Rep,HD-047A,6516847,38925,,Denise_Dittrich,227834,0
6310,"Mike Nelson",Mike,V.,Nelson,,,1,D,1,Rep,HD-040A,6515845,38885,,Michael_V._Nelson,212965,0
6311,"Paul Gardner",Paul,,Gardner,,,1,D,1,Rep,HD-053A,6516874,38721,,Paul_Gardner,250697,0
6312,"Julie Bunn",Julie,,Bunn,,,1,D,1,Rep,HD-056A,13003019,67038,,Julie_Bunn,250699,0
6313,"Sandra Masin",Sandra,A.,Masin,,,1,D,1,Rep,HD-051A,6516344,20247,,Sandra_Masin,250694,0
6314,"Tim Mahoney",Tim,,Mahoney,,,1,D,1,Rep,HD-067A,6516090,20271,,Tim_Mahoney_(Minnesota),195956,0
6315,"Jean Wagenius",Jean,,Wagenius,,,1,D,1,Rep,HD-063B,6428775,3869,,Jean_Wagenius,195949,0
6316,"Nora Slawik",Nora,,Slawik,,,1,D,1,Rep,HD-055B,13003016,13693,,Nora_Slawik,208317,0
6317,"Sandra Peterson",Sandra,E.,Peterson,,,1,D,1,Rep,HD-045A,6517052,38641,,Sandra_Peterson,227832,0
6318,"Diane Loeffler",Diane,,Loeffler,,,1,D,1,Rep,HD-060A,6516985,38631,,Diane_Loeffler,227846,0
6319,"Tom Tillberry",Tom,,Tillberry,,,1,D,1,Rep,HD-051B,6517603,65408,,Tom_Tillberry,249322,0
6320,"Karla Bigham",Karla,,Bigham,,,1,D,2,Sen,SD-054,6517192,68772,,Karla_Bigham,249330,0
6321,"Leon Lillie",Leon,Michael,Lillie,,,1,D,1,Rep,HD-043B,13002960,38900,,Leon_Lillie,227842,0
6322,"Mindy Greiling",Mindy,,Greiling,,,1,D,1,Rep,HD-054A,6428117,3787,,Mindy_Greiling,195930,0
6323,"Terry Morrow",Terry,,Morrow,,,1,D,1,Rep,HD-019A,6517321,68742,,Terry_Morrow,424763,0
6324,"Carlos Mariani",Carlos,,Mariani,,,1,D,1,Rep,HD-065B,6428388,3801,,Carlos_Mariani,195953,0
6325,"Jim Davnie",Jim,,Davnie,,,1,D,1,Rep,HD-063A,6516035,54646,,Jim_Davnie,208320,0
6326,"Gail Jackson",Gail,Kulick,Jackson,,,1,D,1,Rep,HD-016A,13002823,54575,,Gail_Jackson,270903,0
6327,"Kim Norton",Kim,,Norton,,,1,D,1,Rep,HD-025B,6517041,38524,,Kim_Norton,250688,0
6328,"Jerry Newton",Jerry,,Newton,,,1,D,2,Sen,SD-037,6516386,141032,,Jerry_Newton,270991,0
6329,"David Bly",David,H.,Bly,,,1,D,1,Rep,HD-020B,6515630,38772,,David_Bly,250684,0
6330,"Andrew Falk",Andrew,,Falk,,,1,D,1,Rep,HD-017A,6517811,109186,,Andrew_Falk_(Minnesota),270914,0
6331,"Debra Hilstrom",Debra,,Hilstrom,,,1,D,1,Rep,HD-040B,6515854,54536,,Debra_Hilstrom,208310,0
6332,"Tim Faust",Tim,D.,Faust,,,1,D,1,Rep,HD-011B,13002789,38623,,Tim_Faust,249255,0
6333,"Larry Haws",Larry,W.,Haws,,,1,D,1,Rep,HD-015B,6517242,59297,,Larry_Haws_(Minnesota),241923,0
6334,"Robin Brown",Robin,K.,Brown,,,1,D,1,Rep,HD-027A,6517500,65770,,Robin_Brown_(Minnesota),250686,0
6335,"John Benson",John,,Benson,,,1,D,1,Rep,HD-044B,6516786,38853,,John_Benson_(Minnesota),249305,0
6336,"John Ward",John,,Ward,,,1,D,1,Rep,HD-010A,13002797,66849,,John_Ward_(Minnesota),249257,0
6337,"Ryan Winkler",Ryan,P.,Winkler,,,1,D,1,Rep,HD-046A,6517453,67641,,Ryan_Winkler,249309,0
6338,"Paul Marquart",Paul,,Marquart,,,1,D,1,Rep,HD-004B,13002773,54545,,Paul_Marquart,208303,0
6339,"Steve Simon",Steve,,Simon,,,1,D,1,Rep,HD-046B,6517106,38501,,Steve_Simon,227830,0
6340,"John Persell",John,,Persell,,,1,D,1,Rep,HD-005A,6517916,109088,,John_Persell,270866,0
6341,"David Olin",David,M.,Olin,,Dave,1,D,1,Rep,HD-001A,6518008,67989,,David_Olin,249251,0
6342,"Karen Clark",Karen,J.,Clark,,,1,D,1,Rep,HD-062A,6427991,3746,,Karen_Clark,195944,0
6343,"Andy Welti",Andy,,Welti,,,1,D,1,Rep,HD-030B,13002892,38490,,Andy_Welti,227801,0
6344,"Melissa Hortman",Melissa,,Hortman,,,1,D,1,Rep,HD-036B,6462446,20295,,Melissa_Hortman,227836,0
6345,"Steve Gottwalt",Steve,,Gottwalt,,,2,R,1,Rep,HD-014A,13002816,66950,,Steve_Gottwalt,249261,0
6346,"Sarah Anderson",Sarah,,Anderson,,,2,R,1,Rep,HD-044A,6668020,68761,,Sarah_Anderson,249280,0
6347,"Carolyn Laine",Carolyn,,Laine,,,1,D,2,Sen,SD-041,6517281,66645,,Carolyn_Laine,249312,0
6348,"Roger Reinert",Roger,J.,Reinert,,,1,D,2,Sen,SD-007,13002782,109140,,Roger_Reinert,270880,0
6349,"Lawrence Hosch",Lawrence,,Hosch,,Larry,1,D,1,Rep,HD-014B,6516924,38586,,Larry_Hosch,227762,0
6350,"Thomas Rukavina",Thomas,,Rukavina,,Tom,1,D,1,Rep,HD-005A,6428630,3845,,Tom_Rukavina,0,0
6351,"Bob Gunther",Bob,,Gunther,,,2,R,1,Rep,HD-023A,6597674,13483,,Bob_Gunther,195875,0
6352,"Sheldon Johnson",Sheldon,,Johnson,,,1,D,1,Rep,HD-067B,6516096,54546,,Sheldon_Johnson,208321,0
6353,"Phyllis Kahn",Phyllis,,Kahn,,,1,D,1,Rep,HD-060B,6163807,3797,,Phyllis_Kahn,195941,0
6354,"Steve Smith",Steve,,Smith,,,2,R,1,Rep,HD-033A,13002906,3855,,Steve_Smith_(Minnesota),195891,0
6355,"Joe Mullery",Joe,,Mullery,,,1,D,1,Rep,HD-059A,6428470,13696,,Joe_Mullery,195939,0
6356,"Kathy Brynaert",Kathy,,Brynaert,,,1,D,1,Rep,HD-019B,6517506,68743,,Kathy_Brynaert,249267,0
6357,"Patti Fritz",Patti,,Fritz,,,1,D,1,Rep,HD-024B,6515638,38477,,Patti_Fritz,227784,0
6358,"Michael Paymar",Michael,,Paymar,,,1,D,1,Rep,HD-064B,6428551,13753,,Michael_Paymar,195951,0
6359,"Bill Hilty",Bill,,Hilty,,,1,D,1,Rep,HD-008A,6428156,13430,,Bill_Hilty,195836,0
6360,"Brita Sailer",Brita,,Sailer,,,1,D,1,Rep,HD-002B,6517077,38937,,Brita_Sailer,227756,0
6361,"Bernhard Eken",Bernhard,Kent,Eken,,,1,D,2,Sen,SD-004,6515436,38739,,Kent_Eken,212926,0
6362,"Kory Kath",Kory,,Kath,,,1,D,1,Rep,HD-026A,6517877,109221,,Kory_Kath,270927,0
6363,"Maria Ruud",Maria,Naomi,Ruud,,,1,D,1,Rep,HD-042A,6517069,38465,,Maria_Ruud,227828,0
6364,"Bev Scalze",Bev,,Scalze,,,1,D,2,Sen,SD-042,13003014,38852,,Bev_Scalze,227840,0
6365,"Paul Rosenthal",Paul,,Rosenthal,,,1,D,1,Rep,HD-049B,13002945,68517,,Paul_Rosenthal_(Minnesota),270967,0
6366,"Al Doty",Al,,Doty,,,1,D,1,Rep,HD-012B,6517805,38596,,Al_Doty,249259,0
6367,"Tina Liebling",Tina,,Liebling,,,1,D,1,Rep,HD-026A,13002868,38468,,Tina_Liebling,227797,0
6368,"Mary Kiffmeyer",Mary,E.,Kiffmeyer,,,2,R,2,Sen,SD-030,6598154,2078,,Mary_Kiffmeyer,218920,0
6369,"Laura Brod",Laura,,Brod,,,2,R,1,Rep,HD-025A,6597692,38640,,Laura_Brod,212946,0
6370,"Dean Urdahl",Dean,,Urdahl,,,2,R,1,Rep,HD-018A,6597622,38738,,Dean_Urdahl,212938,0
6371,"Cy Thao",Cy,,Thao,,,1,D,1,Rep,HD-065A,3465222,54654,,Cy_Thao,212976,0
6372,"Alan Juhnke",Alan,R.,Juhnke,,,1,D,1,Rep,HD-013B,6428256,13450,,Al_Juhnke,195853,0
6373,"Rod Hamilton",Rod,,Hamilton,,,2,R,1,Rep,HD-022B,6666071,38507,,Rod_Hamilton,227777,0
6374,"Paul Torkelson",Paul,,Torkelson,,,2,R,1,Rep,HD-016B,6678649,109197,,Paul_Torkelson,270918,0
6375,"Bud Nornes",Bud,,Nornes,,,2,R,1,Rep,HD-008A,6597529,13437,,Bud_Nornes,195841,0
6376,"Bob Dettmer",Bob,,Dettmer,,,2,R,1,Rep,HD-039A,6672976,68771,,Bob_Dettmer,249324,0
6377,"Matthew Dean",Matthew,,Dean,,Matt,2,R,1,Rep,HD-038B,6666036,38510,,Matt_Dean,227838,0
6378,"Carol McFarlane",Carol,,McFarlane,,,2,R,1,Rep,HD-053B,6673021,66660,,Carol_McFarlane,249326,0
6379,"Dennis McNamara",Dennis,,McNamara,,Denny,2,R,1,Rep,HD-054B,6598043,38580,,Denny_McNamara,212971,0
6380,"Ann Lenczewski",Ann,,Lenczewski,,,1,D,1,Rep,HD-050B,6515781,20315,,Ann_Lenczewski,195904,0
6381,"Paul H. Anderson",Paul,H.,Anderson,,,2,R,1,Rep,HD-012B,6560558,110598,,Paul_Anderson_(Minnesota),270896,0
6382,"Joyce Peppin",Joyce,,Peppin,,,2,R,1,Rep,HD-034A,6666112,38825,,Joyce_Peppin,227810,0
6383,"Tim Kelly",Tim,,Kelly,,,2,R,1,Rep,HD-021A,6678572,109236,,Tim_Kelly_(Minnesota),270933,0
6384,"Steve Drazkowski",Steve,,Drazkowski,,,2,R,1,Rep,HD-021B,6668032,65586,,Steve_Drazkowski,258645,0
6385,"Morrie Lanning",Morrie,,Lanning,,,2,R,1,Rep,HD-009A,6597516,38887,,Morrie_Lanning,212933,0
6386,"Tom Anzelc",Tom,,Anzelc,,,1,D,1,Rep,HD-005B,6517637,68726,,Tom_Anzelc,249253,0
6387,"Bruce Anderson",Bruce,D.,Anderson,,,2,R,2,Sen,SD-029,6597628,3752,,Bruce_Anderson_(Minnesota),195861,0
6388,"Ron Shimanski",Ron,,Shimanski,,,2,R,1,Rep,HD-018A,6673036,67635,,Ron_Shimanski,249263,0
6389,"Paul Kohls",Paul,,Kohls,,,2,R,1,Rep,HD-034A,13002912,38484,,Paul_Kohls,212951,0
6390,"Pat Garofalo",Pat,,Garofalo,,,2,R,1,Rep,HD-058B,6666056,38499,,Pat_Garofalo,227821,0
6391,"Randy Demmer",Randy,L.,Demmer,,,2,R,1,Rep,HD-029A,13002882,38743,,Randy_Demmer,212949,0
6392,"Gregory Davids",Gregory,M.,Davids,,Greg,2,R,1,Rep,HD-028B,13002881,3761,,Greg_Davids,195885,0
6393,"Michael Beard",Michael,,Beard,,,2,R,1,Rep,HD-055A,6597836,38756,,Michael_Beard,212953,0
6394,"Mark Murdock",Mark,,Murdock,,,2,R,1,Rep,HD-010B,6678610,109155,,Mark_Murdock,270888,0
6395,"Keith Downey",Keith,,Downey,,,2,R,1,Rep,HD-041A,13002942,109187,,Keith_Downey,270965,0
6396,"John Lesch",John,,Lesch,,,1,D,1,Rep,HD-066B,6516078,38700,,John_Lesch,212975,0
6397,"Connie Doepke",Connie,,Doepke,,,2,R,1,Rep,HD-033B,13002911,109127,,Connie_Doepke,270943,0
6398,"Joe Hoppe",Joe,,Hoppe,,,2,R,1,Rep,HD-047B,6597827,38902,,Joe_Hoppe,212952,0
6399,"Tim Sanders",Tim,,Sanders,,,2,R,1,Rep,HD-037B,13002925,109250,,Tim_Sanders_(Minnesota),270996,0
6400,"Thomas Emmer",Thomas,,Emmer,,,2,R,1,Rep,HD-019B,12996955,38894,,Tom_Emmer,227769,0
6401,"Linda Slocum",Linda,,Slocum,,,1,D,1,Rep,HD-050A,13002993,66776,,Linda_Slocum,249336,0
6402,"Dan Severson",Dan,,Severson,,Doc,2,R,1,Rep,HD-014A,6597572,38901,,Dan_Severson,212936,0
6403,"Torrey Westrom",Torrey,,Westrom,,,2,R,2,Sen,SD-012,6597542,13444,,Torrey_Westrom,195850,0
6404,"Marty Seifert",Marty,,Seifert,,,2,R,1,Rep,HD-021A,6597643,13472,,Marty_Seifert,195866,0
6405,"Mary Liz Holberg","Mary Liz",,Holberg,,,2,R,1,Rep,HD-058A,6597847,20331,,Mary_Liz_Holberg,212956,0
6406,"Mark Buesgens",Mark,W.,Buesgens,,,2,R,1,Rep,HD-035B,6597841,20339,,Mark_Buesgens,195893,0
6407,"Peggy Scott",Peggy,,Scott,,,2,R,1,Rep,HD-035B,6678633,109239,,Peggy_Scott,270989,0
6408,"Jim Abeler",Jim,J.,Abeler,,,2,R,2,Sen,SD-035,6597958,20208,,Jim_Abeler,195846,0
6409,"Joe Atkins",Joe,,Atkins,,,1,D,1,Rep,HD-052B,6515769,38811,,Joe_Atkins,212961,0
6410,"Jenifer Loon",Jenifer,,Loon,,,2,R,1,Rep,HD-048B,13002951,109180,,Jenifer_Loon,270971,0
6411,"Larry Howes",Larry,,Howes,,,2,R,1,Rep,HD-004B,6597490,20254,,Larry_Howes,195830,0
6412,"David Dill",David,,Dill,,,1,D,1,Rep,HD-003A,13002761,38503,,David_Dill,212929,0
6413,"Rob Eastlund",Rob,,Eastlund,,,2,R,1,Rep,HD-017A,13002827,54709,,Rob_Eastlund,209153,0
6414,"Doug Magnus",Doug,,Magnus,,,2,R,2,Sen,SD-022,6597655,38792,,Doug_Magnus,212944,0
6415,"Tom Hackbarth",Tom,,Hackbarth,,,2,R,1,Rep,HD-031B,13002897,3779,,Tom_Hackbarth,195922,0
6416,"Tony Cornish",Tony,,Cornish,,,2,R,1,Rep,HD-023B,13002856,38575,,Tony_Cornish,212945,0
6417,"Tara Mack",Tara,,Mack,,,2,R,1,Rep,HD-057A,6678595,109148,,Tara_Mack,270955,0
6419,"Mary Ellen Otremba","Mary Ellen",,Otremba,,,1,D,1,Rep,HD-011B,6515526,2088,,Mary_Ellen_Otremba,195843,0
6420,"Lyle Koenen",Lyle,J.,Koenen,,,1,D,2,Sen,SD-020,6515594,54609,,Lyle_Koenen,212942,0
6421,"Kurt Zellers",Kurt,,Zellers,,,2,R,1,Rep,HD-034B,6666165,38998,,Kurt_Zellers,215550,0
6423,"David Tomassoni",David,J,Tomassoni,,,1,D,2,Sen,SD-006,9342602,3861,,David_Tomassoni,195832,0
6424,"Richard Cohen",Richard,J,Cohen,,,1,D,2,Sen,SD-064,13012480,3886,,Dick_Cohen,195819,0
6425,"Keith Langseth",Keith,,Langseth,,,1,D,2,Sen,SD-009,13012368,3904,,Keith_Langseth,195764,0
6426,"Linda Berglin",Linda,,Berglin,,,1,D,2,Sen,SD-061,6427913,3881,,Linda_Berglin,195816,0
6427,"Steven Murphy",Steven,L.,Murphy,,Steve,1,D,2,Sen,SD-028,6428493,3915,,Steve_Murphy,195784,0
6428,"Tarryl Clark",Tarryl,,Clark,,,1,D,2,Sen,SD-015,13012381,54674,,Tarryl_Clark,241925,0
6429,"Mark Olson",Mark,,Olson,,,2,R,1,Rep,HD-016B,13002824,3815,,Mark_Douglas_Olson,249340,0
6430,"Ann Rest",Ann,H,Rest,,,1,D,2,Sen,SD-045,13002971,3841,,Ann_Rest,195916,0
6431,"Ann Lynch",Ann,,Lynch,,,1,D,2,Sen,SD-030,6517303,65335,,Ann_Lynch,249352,0
6432,"James Metzen",James,P,Metzen,,,1,D,2,Sen,SD-052,6428438,3911,,James_Metzen,195794,0
6433,"Daniel Sparks",Daniel,,Sparks,,Dan,1,D,2,Sen,SD-027,6485403,38471,,Dan_Sparks_(Minnesota),212985,0
6434,"Mark Anderson",Mark,,Anderson,,,2,R,1,Rep,HD-009A,12746161,140953,,State_Representative_Mark_Anderson_(Minnesota),424660,0
6435,"Yvonne Prettner Solon",Yvonne,,"Prettner Solon",,,1,D,2,Sen,SD-007,6515284,38525,,Yvonne_Prettner_Solon,210023,0
6436,"David Dibble",David,Scott,Dibble,,,1,D,2,Sen,SD-061,6515414,54751,,Scott_Dibble,208318,0
6437,"Michael Jungbauer",Michael,J,Jungbauer,,,2,R,2,Sen,SD-048,6597388,38489,,Mike_Jungbauer,212992,0
6438,"John Doll",John,P,Doll,,,1,D,2,Sen,SD-040,6517524,68715,,John_Doll_(Minnesota),249362,0
6439,"Ronald Latz",Ronald,,Latz,,Ron,1,D,2,Sen,SD-046,13002962,38473,,Ron_Latz,212962,0
6440,"Kevin Dahle",Kevin,L,Dahle,,,1,D,2,Sen,SD-020,6518270,101959,,Kevin_Dahle,261977,0
6441,"Kenneth Kelash",Kenneth,S.,Kelash,,Ken,1,D,2,Sen,SD-063,13012479,110559,,Ken_Kelash,271051,0
6442,"Donald Betzold",Donald,R.,Betzold,,Don,1,D,2,Sen,SD-051,13012449,3883,,Don_Betzold,195803,0
6443,"Katie Sieben",Katie,,Sieben,,,1,D,2,Sen,SD-054,13003022,38581,,Katie_Sieben,213909,0
6444,"John Marty",John,J.,Marty,,,1,D,2,Sen,SD-066,6428402,3909,,John_Marty,195809,0
6445,"Anthony Lourey",Anthony,,Lourey,,Tony,1,D,2,Sen,SD-011,6517292,65182,,Tony_Lourey,249342,0
6446,"Paul Koering",Paul,E,Koering,,,2,R,2,Sen,SD-012,13012373,13081,,Paul_Koering,212980,0
6447,"James Carlson",James,,Carlson,,Jim,1,D,2,Sen,SD-051,6516817,38829,,Jim_Carlson,249358,0
6448,"Terri Bonoff",Terri,E,Bonoff,,,1,D,2,Sen,SD-044,9154022,38482,,Terri_Bonoff,241920,0
6449,"Kathy Saltzman",Kathy,L,Saltzman,,,1,D,2,Sen,SD-056,13012463,68718,,Kathy_Saltzman,249373,0
6450,"Gen Olson",Gen,,Olson,,,2,R,2,Sen,SD-033,12996951,3919,,Gen_Olson,195789,0
6451,"Tom Saxhaug",Tom,,Saxhaug,,,1,D,2,Sen,SD-005,6515271,38845,,Tom_Saxhaug,212977,0
6452,"LeRoy Stumpf",LeRoy,A,Stumpf,,,1,D,2,Sen,SD-001,6428733,3936,,LeRoy_Stumpf,195756,0
6453,"Kathleen Sheran",Kathleen,,Sheran,,Kathy,1,D,2,Sen,SD-019,13012393,66655,,Kathy_Sheran,249348,0
6454,"Sharon Erickson Ropes",Sharon,,"Erickson Ropes",,,1,D,2,Sen,SD-031,6515346,38714,,Sharon_Erickson_Ropes,249354,0
6455,"Rick Olseen",Rick,E,Olseen,,,1,D,2,Sen,SD-017,13002905,68610,,Rick_Olseen,250680,0
6456,"Amy Koch",Amy,T,Koch,,,2,R,2,Sen,SD-019,13012391,38649,,Amy_Koch,241922,0
6457,"Lisa Fobbe",Lisa,A,Fobbe,,,0,,2,Sen,SD-016,6518258,110558,,Lisa_Fobbe,271049,0
6458,"Warren Limmer",Warren,,Limmer,,,2,R,2,Sen,SD-034,13012418,3908,,Warren_Limmer,195788,0
6459,"Linda Scheid",Linda,,Scheid,,,1,D,2,Sen,SD-046,6428652,13207,,Linda_Scheid,195802,0
6460,"Geoffrey Michel",Geoffrey,,Michel,,Geoff,2,R,2,Sen,SD-041,6597347,38934,,Geoff_Michel,212989,0
6461,"Charles Wiger",Charles,W,Wiger,,Chuck,1,D,2,Sen,SD-043,6428799,13228,,Charles_Wiger,195810,0
6462,"James Vickerman",James,M.,Vickerman,,Jim,1,D,2,Sen,SD-022,6428764,3938,,Jim_Vickerman,195777,0
6463,"William Ingebrigtsen",William,G.,Ingebrigtsen,,Bill,2,R,2,Sen,SD-008,13012366,67041,,Bill_Ingebrigtsen,249346,0
6464,"David Hann",David,W,Hann,,,2,R,2,Sen,SD-048,13012435,38741,,David_Hann,212990,0
6465,"David Senjem",David,H,Senjem,,,2,R,2,Sen,SD-025,6597291,38497,,David_Senjem,212986,0
6466,"Thomas Bakk",Thomas,M,Bakk,,Tom,1,D,2,Sen,SD-003,6427897,3749,,Thomas_Bakk,212979,0
6467,"Rod Skoe",Rod,,Skoe,,,1,D,2,Sen,SD-002,6515253,20284,,Rod_Skoe,195826,0
6468,"Stephen Dille",Stephen,E.,Dille,,Steve,2,R,2,Sen,SD-018,6597228,3888,,Steve_Dille,195775,0
6469,"Linda Higgins",Linda,,Higgins,,,1,D,2,Sen,SD-058,13012468,13255,,Linda_Higgins,195813,0
6470,"Julie Rosen",Julie,A,Rosen,,,2,R,2,Sen,SD-023,6597268,38540,,Julie_Rosen,212984,0
6471,"Mee Moua",Mee,,Moua,,,1,D,2,Sen,SD-067,13012483,38630,,Mee_Moua,210024,0
6472,"Chris Gerlach",Chris,,Gerlach,,,2,R,2,Sen,SD-037,6597853,20283,,Chris_Gerlach,195895,0
6473,"Sondra Erickson",Sondra,,Erickson,,,2,R,1,Rep,HD-015A,6597584,2089,,Sondra_Erickson,195857,0
6474,"Michelle Fischbach",Michelle,L,Fischbach,,,2,R,2,Sen,SD-013,13012379,3882,,Michelle_Fischbach,195769,0
6476,"Leo Foley",Leo,T,Foley,,,1,D,2,Sen,SD-047,6428091,13209,,Leo_Foley,195804,0
6477,"Claire Robling",Claire,A,Robling,,,2,R,2,Sen,SD-035,6597318,13159,,Claire_Robling,195790,0
6478,"Sandy Rummel",Sandy,,Rummel,,,1,D,2,Sen,SD-053,6517374,68609,,Sandy_Rummel,249369,0
6479,"Joseph Gimse",Joseph,,Gimse,,Joe,2,R,2,Sen,SD-013,6631823,20221,,Joe_Gimse,250678,0
6480,"Dick Day",Dick,,Day,,,2,R,2,Sen,SD-026,13012405,3887,,Dick_Day,195783,0
6481,"Gary Kubly",Gary,W,Kubly,,,1,D,2,Sen,SD-020,13002820,13451,,Gary_Kubly,212983,0
6482,"Patricia Pariseau",Patricia,,Pariseau,,Pat,2,R,2,Sen,SD-036,6597323,3922,,Patricia_Pariseau,195792,0
6483,"Sandra Pappas",Sandra,L,Pappas,,,1,D,2,Sen,SD-065,6428546,3921,,Sandra_Pappas,195820,0
6484,"Patricia Torres Ray",Patricia,,"Torres Ray",,,1,D,2,Sen,SD-063,13012477,66148,,Patricia_Torres_Ray,424626,0
6485,"Raymond Vandeveer",Raymond,,Vandeveer,,,2,R,2,Sen,SD-052,6597989,13213,,Ray_Vandeveer,195924,0
6486,"Debbie Johnson",Debbie,J.,Johnson,,,2,R,2,Sen,SD-049,6597395,54779,,Debbie_Johnson,208798,0
6487,"Dan Skogen",Dan,,Skogen,,,1,D,2,Sen,SD-010,13012367,66327,,Dan_Skogen,249344,0
6488,"Lawrence Pogemiller",Lawrence,J,Pogemiller,,,1,D,2,Sen,SD-059,6428585,3924,,Lawrence_Pogemiller,195814,0
6489,"Satveer Chaudhary",Satveer,S,Chaudhary,,,1,D,2,Sen,SD-050,13003001,13664,,Satveer_Chaudhary,195926,0
6490,"Julianne Ortman",Julianne,,Ortman,,,2,R,2,Sen,SD-047,6597314,38935,,Julianne_Ortman,212987,0
6491,"Mike Parry",Mike,,Parry,,,2,R,2,Sen,SD-026,6694668,117855,,Mike_Parry,283994,0
