bill_id,session_id,bill_number,status,status_desc,status_date,title,description,committee_id,committee,last_action_date,last_action,url,state_link
1264697,1666,HF1,4,Passed,2019-05-30,"Special session education finance bill.","Special session education finance bill.",0,,2019-05-30,"Secretary of State Chapter 11 ",https://legiscan.com/MN/bill/HF1/2019/X1,https://www.revisor.mn.gov/bills/bill.php?b=House&f=HF0001&ssn=1&y=2019
1264793,1666,HF2,4,Passed,2019-05-30,"Special session jobs, economic development, energy, and commerce finance bill.","Special session jobs, economic development, energy, and commerce finance bill.",0,,2019-05-30,"Secretary of State Chapter 7 ",https://legiscan.com/MN/bill/HF2/2019/X1,https://www.revisor.mn.gov/bills/bill.php?b=House&f=HF0002&ssn=1&y=2019
1264690,1666,HF3,1,Introduced,2019-05-24,"Special session public safety finance bill.","Special session public safety finance bill.",0,,2019-05-24,"Authors added Pinto, Moller, Zerwas, and Considine",https://legiscan.com/MN/bill/HF3/2019/X1,https://www.revisor.mn.gov/bills/bill.php?b=House&f=HF0003&ssn=1&y=2019
1264711,1666,HF4,1,Introduced,2019-05-24,"Special session environment and natural resources finance bill.","Special session environment and natural resources finance bill.",0,,2019-05-24,"Introduction and first reading",https://legiscan.com/MN/bill/HF4/2019/X1,https://www.revisor.mn.gov/bills/bill.php?b=House&f=HF0004&ssn=1&y=2019
1264704,1666,HF5,4,Passed,2019-05-30,"Special session tax bill.","Special session tax bill.",0,,2019-05-30,"Secretary of State Chapter 6 ",https://legiscan.com/MN/bill/HF5/2019/X1,https://www.revisor.mn.gov/bills/bill.php?b=House&f=HF0005&ssn=1&y=2019
1264743,1666,HF6,4,Passed,2019-05-30,"Special session transportation finance bill.","Special session transportation finance bill.",0,,2019-05-30,"Secretary of State Chapter 3 ",https://legiscan.com/MN/bill/HF6/2019/X1,https://www.revisor.mn.gov/bills/bill.php?b=House&f=HF0006&ssn=1&y=2019
1264776,1666,HF7,1,Introduced,2019-05-24,"Special session agricultural finance bill.","Special session agricultural finance bill.",0,,2019-05-24,"Introduction and first reading",https://legiscan.com/MN/bill/HF7/2019/X1,https://www.revisor.mn.gov/bills/bill.php?b=House&f=HF0007&ssn=1&y=2019
1264721,1666,HF8,1,Introduced,2019-05-24,"Special session state government finance bill.","Special session state government finance bill.",0,,2019-05-24,"Introduction and first reading",https://legiscan.com/MN/bill/HF8/2019/X1,https://www.revisor.mn.gov/bills/bill.php?b=House&f=HF0008&ssn=1&y=2019
1264785,1666,HF9,1,Introduced,2019-05-24,"Special session outdoor heritage legacy appropriations bill.","Special session outdoor heritage legacy appropriations bill.",0,,2019-05-24,"Introduction and first reading",https://legiscan.com/MN/bill/HF9/2019/X1,https://www.revisor.mn.gov/bills/bill.php?b=House&f=HF0009&ssn=1&y=2019
1264752,1666,HF10,4,Passed,2019-05-30,"Special session pension and retirement bill.","Special session pension and retirement bill.",0,,2019-05-30,"Secretary of State Chapter 8 ",https://legiscan.com/MN/bill/HF10/2019/X1,https://www.revisor.mn.gov/bills/bill.php?b=House&f=HF0010&ssn=1&y=2019
1264727,1666,HF11,1,Introduced,2019-05-24,"Special session capital asset preservation and replacement bonding bill.","Special session capital asset preservation and replacement bonding bill.",0,,2019-05-24,"Introduction and first reading",https://legiscan.com/MN/bill/HF11/2019/X1,https://www.revisor.mn.gov/bills/bill.php?b=House&f=HF0011&ssn=1&y=2019
1264760,1666,HF12,4,Passed,2019-05-30,"Special session housing bill.","Special session housing bill.",0,,2019-05-30,"Secretary of State Chapter 13 ",https://legiscan.com/MN/bill/HF12/2019/X1,https://www.revisor.mn.gov/bills/bill.php?b=House&f=HF0012&ssn=1&y=2019
1264734,1666,HF13,4,Passed,2019-05-30,"Special session revisor's bill.","Special session revisor's bill.",0,,2019-05-30,"Secretary of State Chapter 12 ",https://legiscan.com/MN/bill/HF13/2019/X1,https://www.revisor.mn.gov/bills/bill.php?b=House&f=HF0013&ssn=1&y=2019
1264841,1666,HF14,1,Introduced,2019-05-24,"Special session omnibus health and human services bill.","Special session omnibus health and human services bill.",0,,2019-05-24,"Introduction and first reading",https://legiscan.com/MN/bill/HF14/2019/X1,https://www.revisor.mn.gov/bills/bill.php?b=House&f=HF0014&ssn=1&y=2019
1264838,1666,HF15,1,Introduced,2019-05-24,"Special session renewable energy bill.","Special session renewable energy bill.",1777,"House Ways and Means",2019-05-24,"Introduction and first reading, referred to Ways and Means",https://legiscan.com/MN/bill/HF15/2019/X1,https://www.revisor.mn.gov/bills/bill.php?b=House&f=HF0015&ssn=1&y=2019
1264840,1666,HF16,1,Introduced,2019-05-24,"Special session bill reducing the size of the senate and house of representatives to one member each. ","Special session bill reducing the size of the senate and house of representatives to one member each. ",2702,"House Government Operations",2019-05-24,"Author added O'Neill",https://legiscan.com/MN/bill/HF16/2019/X1,https://www.revisor.mn.gov/bills/bill.php?b=House&f=HF0016&ssn=1&y=2019
1264874,1666,HF17,1,Introduced,2019-05-24,"Special session bill requiring the commissioner of revenue to conduct a study on background investigations under the Internal Revenue Code.","Special session bill requiring the commissioner of revenue to conduct a study on background investigations under the Internal Revenue Code.",1774,"House Taxes",2019-05-24,"Introduction and first reading, referred to Taxes",https://legiscan.com/MN/bill/HF17/2019/X1,https://www.revisor.mn.gov/bills/bill.php?b=House&f=HF0017&ssn=1&y=2019
1264873,1666,HF18,1,Introduced,2019-05-24,"Special session capital investment bill.","Special session capital investment bill.",1771,"House Rules and Legislative Administration",2019-05-24,"Introduction and first reading, referred to Rules and Legislative Administration",https://legiscan.com/MN/bill/HF18/2019/X1,https://www.revisor.mn.gov/bills/bill.php?b=House&f=HF0018&ssn=1&y=2019
1264683,1666,SF1,4,Passed,2019-05-30,"Omnibus agriculture department, rural development, and housing finance bill","Omnibus agriculture department, rural development, and housing finance bill",0,,2019-05-30,"Secretary of State, Filed ",https://legiscan.com/MN/bill/SF1/2019/X1,https://www.revisor.mn.gov/bills/bill.php?b=Senate&f=SF0001&ssn=1&y=2019
1264678,1666,SF2,1,Introduced,2019-05-24,"Omnibus jobs and economic development, energy and climate and telecommunications policy and finance bill","Omnibus jobs and economic development, energy and climate and telecommunications policy and finance bill",0,,2019-05-24,"Laid on table",https://legiscan.com/MN/bill/SF2/2019/X1,https://www.revisor.mn.gov/bills/bill.php?b=Senate&f=SF0002&ssn=1&y=2019
1264686,1666,SF3,4,Passed,2019-05-30,"Omnibus legacy finance bill","Omnibus legacy finance bill",0,,2019-05-30,"Secretary of State, Filed ",https://legiscan.com/MN/bill/SF3/2019/X1,https://www.revisor.mn.gov/bills/bill.php?b=Senate&f=SF0003&ssn=1&y=2019
1264673,1666,SF4,1,Introduced,2019-05-24,"Omnibus E-12 education finance bill ","Omnibus E-12 education finance bill ",0,,2019-05-24,"Laid on table",https://legiscan.com/MN/bill/SF4/2019/X1,https://www.revisor.mn.gov/bills/bill.php?b=Senate&f=SF0004&ssn=1&y=2019
1264684,1666,SF5,1,Introduced,2019-05-24,"Omnibus transportation finance bill","Omnibus transportation finance bill",0,,2019-05-24,"Laid on table",https://legiscan.com/MN/bill/SF5/2019/X1,https://www.revisor.mn.gov/bills/bill.php?b=Senate&f=SF0005&ssn=1&y=2019
1264677,1666,SF6,1,Introduced,2019-05-24,"Omnibus pension bill","Omnibus pension bill",0,,2019-05-24,"Laid on table",https://legiscan.com/MN/bill/SF6/2019/X1,https://www.revisor.mn.gov/bills/bill.php?b=Senate&f=SF0006&ssn=1&y=2019
1264668,1666,SF7,4,Passed,2019-05-30,"Omnibus environment and natural resources bill","Omnibus environment and natural resources bill",0,,2019-05-30,"Secretary of State, Filed ",https://legiscan.com/MN/bill/SF7/2019/X1,https://www.revisor.mn.gov/bills/bill.php?b=Senate&f=SF0007&ssn=1&y=2019
1264685,1666,SF8,4,Passed,2019-05-30,"Omnibus judiciary and public safety bill","Omnibus judiciary and public safety bill",0,,2019-05-30,"Secretary of State, Filed ",https://legiscan.com/MN/bill/SF8/2019/X1,https://www.revisor.mn.gov/bills/bill.php?b=Senate&f=SF0008&ssn=1&y=2019
1264672,1666,SF9,1,Introduced,2019-05-24,"Revisor's bill","Revisor's bill",0,,2019-05-24,"Laid on table",https://legiscan.com/MN/bill/SF9/2019/X1,https://www.revisor.mn.gov/bills/bill.php?b=Senate&f=SF0009&ssn=1&y=2019
1264767,1666,SF10,4,Passed,2019-05-30,"Omnibus state government appropriations","Omnibus state government appropriations",0,,2019-05-30,"Secretary of State, Filed ",https://legiscan.com/MN/bill/SF10/2019/X1,https://www.revisor.mn.gov/bills/bill.php?b=Senate&f=SF0010&ssn=1&y=2019
1264831,1666,SF11,1,Introduced,2019-05-24,"Omnibus tax bill","Omnibus tax bill",0,,2019-05-24,"Laid on table",https://legiscan.com/MN/bill/SF11/2019/X1,https://www.revisor.mn.gov/bills/bill.php?b=Senate&f=SF0011&ssn=1&y=2019
1264836,1666,SF12,4,Passed,2019-05-30,"Omnibus health and human services appropriation bill","Omnibus health and human services appropriation bill",0,,2019-05-30,"Secretary of State, Filed ",https://legiscan.com/MN/bill/SF12/2019/X1,https://www.revisor.mn.gov/bills/bill.php?b=Senate&f=SF0012&ssn=1&y=2019
1264871,1666,SF13,1,Introduced,2019-05-24,"Renewable energy grant programs establishment and appropriation","Renewable energy grant programs establishment and appropriation",1750,"Senate Rules and Administration",2019-05-24,"Referred to Rules and Administration",https://legiscan.com/MN/bill/SF13/2019/X1,https://www.revisor.mn.gov/bills/bill.php?b=Senate&f=SF0013&ssn=1&y=2019
1264872,1666,SF14,1,Introduced,2019-05-24,"Insulin assistance program establishment","Insulin assistance program establishment",1750,"Senate Rules and Administration",2019-05-24,"Referred to Rules and Administration",https://legiscan.com/MN/bill/SF14/2019/X1,https://www.revisor.mn.gov/bills/bill.php?b=Senate&f=SF0014&ssn=1&y=2019
1264674,1666,SR1,4,Passed,2019-05-24,"A Senate resolution relating to organization and operation of the Senate during the Special Session","A Senate resolution relating to organization and operation of the Senate during the Special Session",0,,2019-05-24,Adopted,https://legiscan.com/MN/bill/SR1/2019/X1,https://www.revisor.mn.gov/bills/bill.php?b=Senate&f=SR0001&ssn=1&y=2019
1264675,1666,SR2,4,Passed,2019-05-24,"A Senate resolution relating to notifying the House of Representatives and the Governor that the Senate is organized","A Senate resolution relating to notifying the House of Representatives and the Governor that the Senate is organized",0,,2019-05-24,"Adopted (voice vote)",https://legiscan.com/MN/bill/SR2/2019/X1,https://www.revisor.mn.gov/bills/bill.php?b=Senate&f=SR0002&ssn=1&y=2019
1264676,1666,SR3,1,Introduced,2019-05-24,"A Senate resolution congratulating Colton Stine for earning the rank of Eagle Scout","A Senate resolution congratulating Colton Stine for earning the rank of Eagle Scout",1750,"Senate Rules and Administration",2019-05-24,"Referred to Rules and Administration",https://legiscan.com/MN/bill/SR3/2019/X1,https://www.revisor.mn.gov/bills/bill.php?b=Senate&f=SR0003&ssn=1&y=2019
1264682,1666,SR4,1,Introduced,2019-05-24,"A Senate resolution congratulating Samuel Clysdale for earning the rank of Eagle Scout","A Senate resolution congratulating Samuel Clysdale for earning the rank of Eagle Scout",1750,"Senate Rules and Administration",2019-05-24,"Referred to Rules and Administration",https://legiscan.com/MN/bill/SR4/2019/X1,https://www.revisor.mn.gov/bills/bill.php?b=Senate&f=SR0004&ssn=1&y=2019
1264681,1666,SR5,1,Introduced,2019-05-24,"A Senate resolution congratulating James Williams for earning the rank of Eagle Scout","A Senate resolution congratulating James Williams for earning the rank of Eagle Scout",1750,"Senate Rules and Administration",2019-05-24,"Referred to Rules and Administration",https://legiscan.com/MN/bill/SR5/2019/X1,https://www.revisor.mn.gov/bills/bill.php?b=Senate&f=SR0005&ssn=1&y=2019
1264680,1666,SR6,1,Introduced,2019-05-24,"A Senate resolution congratulating Eli Knight for earning the rank of Eagle Scout","A Senate resolution congratulating Eli Knight for earning the rank of Eagle Scout",1750,"Senate Rules and Administration",2019-05-24,"Referred to Rules and Administration",https://legiscan.com/MN/bill/SR6/2019/X1,https://www.revisor.mn.gov/bills/bill.php?b=Senate&f=SR0006&ssn=1&y=2019
1264671,1666,SR7,1,Introduced,2019-05-24,"A Senate resolution congratulating Ryan Doering for earning the rank of Eagle Scout","A Senate resolution congratulating Ryan Doering for earning the rank of Eagle Scout",1750,"Senate Rules and Administration",2019-05-24,"Referred to Rules and Administration",https://legiscan.com/MN/bill/SR7/2019/X1,https://www.revisor.mn.gov/bills/bill.php?b=Senate&f=SR0007&ssn=1&y=2019
1264670,1666,SR8,1,Introduced,2019-05-24,"A Senate resolution congratulating Kyle Ly for earning the rank of Eagle Scout","A Senate resolution congratulating Kyle Ly for earning the rank of Eagle Scout",1750,"Senate Rules and Administration",2019-05-24,"Referred to Rules and Administration",https://legiscan.com/MN/bill/SR8/2019/X1,https://www.revisor.mn.gov/bills/bill.php?b=Senate&f=SR0008&ssn=1&y=2019
1264669,1666,SR9,1,Introduced,2019-05-24,"A Senate resolution congratulating Max Grier for earning the rank of Eagle Scout","A Senate resolution congratulating Max Grier for earning the rank of Eagle Scout",1750,"Senate Rules and Administration",2019-05-24,"Referred to Rules and Administration",https://legiscan.com/MN/bill/SR9/2019/X1,https://www.revisor.mn.gov/bills/bill.php?b=Senate&f=SR0009&ssn=1&y=2019
1264679,1666,SR10,1,Introduced,2019-05-24,"A Senate resolution congratulating Justin Andrew Cilley for earning the rank of Eagle Scout","A Senate resolution congratulating Justin Andrew Cilley for earning the rank of Eagle Scout",1750,"Senate Rules and Administration",2019-05-24,"Referred to Rules and Administration",https://legiscan.com/MN/bill/SR10/2019/X1,https://www.revisor.mn.gov/bills/bill.php?b=Senate&f=SR0010&ssn=1&y=2019
1264667,1666,SR11,1,Introduced,2019-05-24,"A Senate resolution congratulating Kase Kolberg for earning the rank of Eagle Scout","A Senate resolution congratulating Kase Kolberg for earning the rank of Eagle Scout",1750,"Senate Rules and Administration",2019-05-24,"Referred to Rules and Administration",https://legiscan.com/MN/bill/SR11/2019/X1,https://www.revisor.mn.gov/bills/bill.php?b=Senate&f=SR0011&ssn=1&y=2019
1264817,1666,SR12,1,Introduced,2019-05-24,"A Senate resolution congratulating Antonio Richard Vandal for earning the rank of Eagle Scout","A Senate resolution congratulating Antonio Richard Vandal for earning the rank of Eagle Scout",1750,"Senate Rules and Administration",2019-05-24,"Referred to Rules and Administration",https://legiscan.com/MN/bill/SR12/2019/X1,https://www.revisor.mn.gov/bills/bill.php?b=Senate&f=SR0012&ssn=1&y=2019
1264870,1666,SR13,4,Passed,2019-05-24,"A Senate resolution relating to adjournment of the Special Session","A Senate resolution relating to adjournment of the Special Session",0,,2019-05-24,"Adopted (voice vote)",https://legiscan.com/MN/bill/SR13/2019/X1,https://www.revisor.mn.gov/bills/bill.php?b=Senate&f=SR0013&ssn=1&y=2019
