bill_id,document_id,document_type,document_size,document_mime,document_desc,url,state_link
1264697,2026908,text,2863788,application/pdf,Introduced,https://legiscan.com/MN/text/HF1/id/2026908,https://www.revisor.mn.gov/bills/text.php?number=HF1&version=0&session=ls91&session_year=2019&session_number=1&format=pdf
1264793,2026989,text,2325461,application/pdf,Introduced,https://legiscan.com/MN/text/HF2/id/2026989,https://www.revisor.mn.gov/bills/text.php?number=HF2&version=0&session=ls91&session_year=2019&session_number=1&format=pdf
1264690,2026901,text,1714166,application/pdf,Introduced,https://legiscan.com/MN/text/HF3/id/2026901,https://www.revisor.mn.gov/bills/text.php?number=HF3&version=0&session=ls91&session_year=2019&session_number=1&format=pdf
1264711,2026920,text,2876812,application/pdf,Introduced,https://legiscan.com/MN/text/HF4/id/2026920,https://www.revisor.mn.gov/bills/text.php?number=HF4&version=0&session=ls91&session_year=2019&session_number=1&format=pdf
1264704,2026913,text,5676572,application/pdf,Introduced,https://legiscan.com/MN/text/HF5/id/2026913,https://www.revisor.mn.gov/bills/text.php?number=HF5&version=0&session=ls91&session_year=2019&session_number=1&format=pdf
1264743,2026946,text,2550133,application/pdf,Introduced,https://legiscan.com/MN/text/HF6/id/2026946,https://www.revisor.mn.gov/bills/text.php?number=HF6&version=0&session=ls91&session_year=2019&session_number=1&format=pdf
1264776,2026974,text,1710196,application/pdf,Introduced,https://legiscan.com/MN/text/HF7/id/2026974,https://www.revisor.mn.gov/bills/text.php?number=HF7&version=0&session=ls91&session_year=2019&session_number=1&format=pdf
1264721,2026930,text,1840467,application/pdf,Introduced,https://legiscan.com/MN/text/HF8/id/2026930,https://www.revisor.mn.gov/bills/text.php?number=HF8&version=0&session=ls91&session_year=2019&session_number=1&format=pdf
1264785,2026982,text,1141568,application/pdf,Introduced,https://legiscan.com/MN/text/HF9/id/2026982,https://www.revisor.mn.gov/bills/text.php?number=HF9&version=0&session=ls91&session_year=2019&session_number=1&format=pdf
1264752,2026954,text,1386164,application/pdf,Introduced,https://legiscan.com/MN/text/HF10/id/2026954,https://www.revisor.mn.gov/bills/text.php?number=HF10&version=0&session=ls91&session_year=2019&session_number=1&format=pdf
1264727,2026935,text,198112,application/pdf,Introduced,https://legiscan.com/MN/text/HF11/id/2026935,https://www.revisor.mn.gov/bills/text.php?number=HF11&version=0&session=ls91&session_year=2019&session_number=1&format=pdf
1264760,2026961,text,232395,application/pdf,Introduced,https://legiscan.com/MN/text/HF12/id/2026961,https://www.revisor.mn.gov/bills/text.php?number=HF12&version=0&session=ls91&session_year=2019&session_number=1&format=pdf
1264760,2031969,text,243950,application/pdf,Engrossed,https://legiscan.com/MN/text/HF12/id/2031969,https://www.revisor.mn.gov/bills/text.php?number=HF12&version=1&session=ls91&session_year=2019&session_number=1&format=pdf
1264734,2026940,text,228832,application/pdf,Introduced,https://legiscan.com/MN/text/HF13/id/2026940,https://www.revisor.mn.gov/bills/text.php?number=HF13&version=0&session=ls91&session_year=2019&session_number=1&format=pdf
1264734,2031993,text,432227,application/pdf,Engrossed,https://legiscan.com/MN/text/HF13/id/2031993,https://www.revisor.mn.gov/bills/text.php?number=HF13&version=1&session=ls91&session_year=2019&session_number=1&format=pdf
1264841,2027185,text,10171043,application/pdf,Introduced,https://legiscan.com/MN/text/HF14/id/2027185,https://www.revisor.mn.gov/bills/text.php?number=HF14&version=0&session=ls91&session_year=2019&session_number=1&format=pdf
1264838,2027182,text,329328,application/pdf,Introduced,https://legiscan.com/MN/text/HF15/id/2027182,https://www.revisor.mn.gov/bills/text.php?number=HF15&version=0&session=ls91&session_year=2019&session_number=1&format=pdf
1264840,2027184,text,201066,application/pdf,Introduced,https://legiscan.com/MN/text/HF16/id/2027184,https://www.revisor.mn.gov/bills/text.php?number=HF16&version=0&session=ls91&session_year=2019&session_number=1&format=pdf
1264874,2027365,text,192230,application/pdf,Introduced,https://legiscan.com/MN/text/HF17/id/2027365,https://www.revisor.mn.gov/bills/text.php?number=HF17&version=0&session=ls91&session_year=2019&session_number=1&format=pdf
1264873,2027364,text,752291,application/pdf,Introduced,https://legiscan.com/MN/text/HF18/id/2027364,https://www.revisor.mn.gov/bills/text.php?number=HF18&version=0&session=ls91&session_year=2019&session_number=1&format=pdf
1264683,2026851,text,1722052,application/pdf,Introduced,https://legiscan.com/MN/text/SF1/id/2026851,https://www.revisor.mn.gov/bills/text.php?number=SF1&version=0&session=ls91&session_year=2019&session_number=1&format=pdf
1264678,2026846,text,2339080,application/pdf,Introduced,https://legiscan.com/MN/text/SF2/id/2026846,https://www.revisor.mn.gov/bills/text.php?number=SF2&version=0&session=ls91&session_year=2019&session_number=1&format=pdf
1264686,2026854,text,1148968,application/pdf,Introduced,https://legiscan.com/MN/text/SF3/id/2026854,https://www.revisor.mn.gov/bills/text.php?number=SF3&version=0&session=ls91&session_year=2019&session_number=1&format=pdf
1264673,2026841,text,2711926,application/pdf,Introduced,https://legiscan.com/MN/text/SF4/id/2026841,https://www.revisor.mn.gov/bills/text.php?number=SF4&version=0&session=ls91&session_year=2019&session_number=1&format=pdf
1264684,2026852,text,2557528,application/pdf,Introduced,https://legiscan.com/MN/text/SF5/id/2026852,https://www.revisor.mn.gov/bills/text.php?number=SF5&version=0&session=ls91&session_year=2019&session_number=1&format=pdf
1264677,2026845,text,1394195,application/pdf,Introduced,https://legiscan.com/MN/text/SF6/id/2026845,https://www.revisor.mn.gov/bills/text.php?number=SF6&version=0&session=ls91&session_year=2019&session_number=1&format=pdf
1264668,2026836,text,2895947,application/pdf,Introduced,https://legiscan.com/MN/text/SF7/id/2026836,https://www.revisor.mn.gov/bills/text.php?number=SF7&version=0&session=ls91&session_year=2019&session_number=1&format=pdf
1264685,2026853,text,1723950,application/pdf,Introduced,https://legiscan.com/MN/text/SF8/id/2026853,https://www.revisor.mn.gov/bills/text.php?number=SF8&version=0&session=ls91&session_year=2019&session_number=1&format=pdf
1264672,2026840,text,230713,application/pdf,Introduced,https://legiscan.com/MN/text/SF9/id/2026840,https://www.revisor.mn.gov/bills/text.php?number=SF9&version=0&session=ls91&session_year=2019&session_number=1&format=pdf
1264767,2026965,text,1850448,application/pdf,Introduced,https://legiscan.com/MN/text/SF10/id/2026965,https://www.revisor.mn.gov/bills/text.php?number=SF10&version=0&session=ls91&session_year=2019&session_number=1&format=pdf
1264831,2027111,text,5704038,application/pdf,Introduced,https://legiscan.com/MN/text/SF11/id/2027111,https://www.revisor.mn.gov/bills/text.php?number=SF11&version=0&session=ls91&session_year=2019&session_number=1&format=pdf
1264836,2027180,text,9713662,application/pdf,Introduced,https://legiscan.com/MN/text/SF12/id/2027180,https://www.revisor.mn.gov/bills/text.php?number=SF12&version=0&session=ls91&session_year=2019&session_number=1&format=pdf
1264871,2027362,text,332273,application/pdf,Introduced,https://legiscan.com/MN/text/SF13/id/2027362,https://www.revisor.mn.gov/bills/text.php?number=SF13&version=0&session=ls91&session_year=2019&session_number=1&format=pdf
1264872,2027363,text,249319,application/pdf,Introduced,https://legiscan.com/MN/text/SF14/id/2027363,https://www.revisor.mn.gov/bills/text.php?number=SF14&version=0&session=ls91&session_year=2019&session_number=1&format=pdf
1264674,2026842,text,2005,text/html,Draft,https://legiscan.com/MN/text/SR1/id/2026842,https://www.revisor.mn.gov/bills/text.php?number=SR1&session=ls91&version=latest&session_number=1&session_year=2019
1264675,2026843,text,1236,text/html,Draft,https://legiscan.com/MN/text/SR2/id/2026843,https://www.revisor.mn.gov/bills/text.php?number=SR2&session=ls91&version=latest&session_number=1&session_year=2019
1264676,2026844,text,3329,text/html,Draft,https://legiscan.com/MN/text/SR3/id/2026844,https://www.revisor.mn.gov/bills/text.php?number=SR3&session=ls91&version=latest&session_number=1&session_year=2019
1264682,2026850,text,3331,text/html,Draft,https://legiscan.com/MN/text/SR4/id/2026850,https://www.revisor.mn.gov/bills/text.php?number=SR4&session=ls91&version=latest&session_number=1&session_year=2019
1264681,2026849,text,3342,text/html,Draft,https://legiscan.com/MN/text/SR5/id/2026849,https://www.revisor.mn.gov/bills/text.php?number=SR5&session=ls91&version=latest&session_number=1&session_year=2019
1264680,2026848,text,3224,text/html,Draft,https://legiscan.com/MN/text/SR6/id/2026848,https://www.revisor.mn.gov/bills/text.php?number=SR6&session=ls91&version=latest&session_number=1&session_year=2019
1264671,2026839,text,3256,text/html,Draft,https://legiscan.com/MN/text/SR7/id/2026839,https://www.revisor.mn.gov/bills/text.php?number=SR7&session=ls91&version=latest&session_number=1&session_year=2019
1264670,2026838,text,3229,text/html,Draft,https://legiscan.com/MN/text/SR8/id/2026838,https://www.revisor.mn.gov/bills/text.php?number=SR8&session=ls91&version=latest&session_number=1&session_year=2019
1264669,2026837,text,3243,text/html,Draft,https://legiscan.com/MN/text/SR9/id/2026837,https://www.revisor.mn.gov/bills/text.php?number=SR9&session=ls91&version=latest&session_number=1&session_year=2019
1264679,2026847,text,3380,text/html,Draft,https://legiscan.com/MN/text/SR10/id/2026847,https://www.revisor.mn.gov/bills/text.php?number=SR10&session=ls91&version=latest&session_number=1&session_year=2019
1264667,2026835,text,3244,text/html,Draft,https://legiscan.com/MN/text/SR11/id/2026835,https://www.revisor.mn.gov/bills/text.php?number=SR11&session=ls91&version=latest&session_number=1&session_year=2019
1264817,2027097,text,3687,text/html,Draft,https://legiscan.com/MN/text/SR12/id/2027097,https://www.revisor.mn.gov/bills/text.php?number=SR12&session=ls91&version=latest&session_number=1&session_year=2019
1264870,2027361,text,38321,text/html,Draft,https://legiscan.com/MN/text/SR13/id/2027361,https://www.revisor.mn.gov/bills/text.php?number=SR13&session=ls91&version=latest&session_number=1&session_year=2019
