bill_id,date,chamber,sequence,action
1264667,2019-05-24,Senate,1,Introduction
1264667,2019-05-24,Senate,2,"Referred to Rules and Administration"
1264668,2019-05-24,Senate,1,"Introduction and first reading"
1264668,2019-05-24,Senate,2,"Laid on table"
1264668,2019-05-24,Senate,3,"Taken from table"
1264668,2019-05-24,Senate,4,"Urgency declared rules suspended"
1264668,2019-05-24,Senate,5,"Second reading"
1264668,2019-05-24,Senate,6,"Laid on table"
1264668,2019-05-24,Senate,7,"Taken from table"
1264668,2019-05-24,Senate,8,"Third reading Passed"
1264668,2019-05-24,Senate,9,Reconsidered
1264668,2019-05-24,Senate,10,"Third reading Passed"
1264668,2019-05-24,Senate,11,"Returned from House"
1264668,2019-05-24,House,12,"Received from Senate"
1264668,2019-05-24,House,13,"Senate file first reading"
1264668,2019-05-24,House,14,"Rules suspended, urgency declared"
1264668,2019-05-24,House,15,"Second reading"
1264668,2019-05-24,House,16,"Third reading"
1264668,2019-05-24,House,17,"Bill was passed"
1264668,2019-05-28,,18,"Presented to Governor"
1264668,2019-05-30,,19,"Governor's action Approval "
1264668,2019-05-30,,20,"Secretary of State Chapter 4 "
1264668,2019-05-30,,21,"Governor approval "
1264668,2019-05-30,,22,"Secretary of State, Filed "
1264669,2019-05-24,Senate,1,Introduction
1264669,2019-05-24,Senate,2,"Referred to Rules and Administration"
1264670,2019-05-24,Senate,1,Introduction
1264670,2019-05-24,Senate,2,"Referred to Rules and Administration"
1264671,2019-05-24,Senate,1,Introduction
1264671,2019-05-24,Senate,2,"Referred to Rules and Administration"
1264672,2019-05-24,Senate,1,"Introduction and first reading"
1264672,2019-05-24,Senate,2,"Laid on table"
1264673,2019-05-24,Senate,1,"Introduction and first reading"
1264673,2019-05-24,Senate,2,"Laid on table"
1264673,2019-05-24,Senate,3,"Taken from table"
1264673,2019-05-24,Senate,4,"Urgency declared rules suspended"
1264673,2019-05-24,Senate,5,"Second reading"
1264673,2019-05-24,Senate,6,"Third reading"
1264673,2019-05-24,Senate,7,"Laid on table"
1264674,2019-05-24,Senate,1,Introduction
1264674,2019-05-24,Senate,2,Adopted
1264675,2019-05-24,Senate,1,Introduction
1264675,2019-05-24,Senate,2,"Adopted (voice vote)"
1264676,2019-05-24,Senate,1,Introduction
1264676,2019-05-24,Senate,2,"Referred to Rules and Administration"
1264677,2019-05-24,Senate,1,"Introduction and first reading"
1264677,2019-05-24,Senate,2,"Laid on table"
1264677,2019-05-24,Senate,3,"Taken from table"
1264677,2019-05-24,Senate,4,"Urgency declared rules suspended"
1264677,2019-05-24,Senate,5,"Second reading"
1264677,2019-05-24,Senate,6,"Third reading"
1264677,2019-05-24,Senate,7,"Laid on table"
1264678,2019-05-24,Senate,1,"Introduction and first reading"
1264678,2019-05-24,Senate,2,"Laid on table"
1264678,2019-05-24,Senate,3,"Taken from table"
1264678,2019-05-24,Senate,4,"Urgency declared rules suspended"
1264678,2019-05-24,Senate,5,"Second reading"
1264678,2019-05-24,Senate,6,"Third reading"
1264678,2019-05-24,Senate,7,"Laid on table"
1264679,2019-05-24,Senate,1,Introduction
1264679,2019-05-24,Senate,2,"Referred to Rules and Administration"
1264680,2019-05-24,Senate,1,Introduction
1264680,2019-05-24,Senate,2,"Referred to Rules and Administration"
1264681,2019-05-24,Senate,1,Introduction
1264681,2019-05-24,Senate,2,"Referred to Rules and Administration"
1264682,2019-05-24,Senate,1,Introduction
1264682,2019-05-24,Senate,2,"Referred to Rules and Administration"
1264683,2019-05-24,Senate,1,"Introduction and first reading"
1264683,2019-05-24,Senate,2,"Urgency declared rules suspended"
1264683,2019-05-24,Senate,3,"Second reading"
1264683,2019-05-24,Senate,4,"Third reading Passed"
1264683,2019-05-24,Senate,5,"Returned from House"
1264683,2019-05-24,House,6,"Received from Senate"
1264683,2019-05-24,House,7,"Senate file first reading"
1264683,2019-05-24,House,8,"Rules suspended, urgency declared"
1264683,2019-05-24,House,9,"Second reading"
1264683,2019-05-24,House,10,"Third reading"
1264683,2019-05-24,House,11,"Bill was passed"
1264683,2019-05-28,,12,"Presented to Governor"
1264683,2019-05-30,,13,"Governor's action Approval "
1264683,2019-05-30,,14,"Secretary of State Chapter 1 "
1264683,2019-05-30,,15,"Governor approval "
1264683,2019-05-30,,16,"Secretary of State, Filed "
1264684,2019-05-24,Senate,1,"Introduction and first reading"
1264684,2019-05-24,Senate,2,"Laid on table"
1264685,2019-05-24,Senate,1,"Introduction and first reading"
1264685,2019-05-24,Senate,2,"Laid on table"
1264685,2019-05-24,Senate,3,"Taken from table"
1264685,2019-05-24,Senate,4,"Urgency declared rules suspended"
1264685,2019-05-24,Senate,5,"Second reading"
1264685,2019-05-24,Senate,6,"Third reading Passed"
1264685,2019-05-24,Senate,7,"Returned from House"
1264685,2019-05-24,House,8,"Received from Senate"
1264685,2019-05-24,House,9,"Senate file first reading"
1264685,2019-05-24,House,10,"Rules suspended, urgency declared"
1264685,2019-05-24,House,11,"Second reading"
1264685,2019-05-24,House,12,"Amendments offered"
1264685,2019-05-24,House,13,"Third reading"
1264685,2019-05-24,House,14,"Bill was passed"
1264685,2019-05-28,,15,"Presented to Governor"
1264685,2019-05-30,,16,"Governor's action Approval "
1264685,2019-05-30,,17,"Secretary of State Chapter 5 "
1264685,2019-05-30,,18,"Governor approval "
1264685,2019-05-30,,19,"Secretary of State, Filed "
1264686,2019-05-24,Senate,1,"Introduction and first reading"
1264686,2019-05-24,Senate,2,"Laid on table"
1264686,2019-05-24,Senate,3,"Taken from table"
1264686,2019-05-24,Senate,4,"Urgency declared rules suspended"
1264686,2019-05-24,Senate,5,"Second reading"
1264686,2019-05-24,Senate,6,"Third reading Passed"
1264686,2019-05-24,Senate,7,"Returned from House"
1264686,2019-05-24,House,8,"Received from Senate"
1264686,2019-05-24,House,9,"Senate file first reading"
1264686,2019-05-24,House,10,"Rules suspended, urgency declared"
1264686,2019-05-24,House,11,"Second reading"
1264686,2019-05-24,House,12,"Third reading"
1264686,2019-05-24,House,13,"Bill was passed"
1264686,2019-05-28,,14,"Presented to Governor"
1264686,2019-05-30,,15,"Governor's action Approval "
1264686,2019-05-30,,16,"Secretary of State Chapter 2 "
1264686,2019-05-30,,17,"Governor approval "
1264686,2019-05-30,,18,"Secretary of State, Filed "
1264690,2019-05-24,House,1,"Introduction and first reading"
1264690,2019-05-24,House,2,"Authors added Pinto, Moller, Zerwas, and Considine"
1264697,2019-05-24,House,1,"Introduction and first reading"
1264697,2019-05-24,House,2,"Rules suspended, urgency declared"
1264697,2019-05-24,House,3,"Second reading"
1264697,2019-05-24,House,4,"Amendments offered"
1264697,2019-05-24,House,5,"Third reading"
1264697,2019-05-24,House,6,"Laid on table"
1264697,2019-05-24,House,7,"Taken from table"
1264697,2019-05-24,House,8,"Bill was passed"
1264697,2019-05-24,House,9,"Author added Moller"
1264697,2019-05-24,House,10,"Returned from Senate"
1264697,2019-05-24,Senate,11,"Received from House"
1264697,2019-05-24,Senate,12,"Introduction and first reading"
1264697,2019-05-24,Senate,13,"Urgency declared rules suspended"
1264697,2019-05-24,Senate,14,"Second reading"
1264697,2019-05-24,Senate,15,"Third reading Passed"
1264697,2019-05-28,,16,"Presented to Governor"
1264697,2019-05-30,,17,"Governor approval "
1264697,2019-05-30,,18,"Secretary of State, Filed "
1264697,2019-05-30,,19,"Governor's action Approval "
1264697,2019-05-30,,20,"Secretary of State Chapter 11 "
1264704,2019-05-24,House,1,"Introduction and first reading"
1264704,2019-05-24,House,2,"Rules suspended, urgency declared"
1264704,2019-05-24,House,3,"Second reading"
1264704,2019-05-24,House,4,"Amendments offered"
1264704,2019-05-24,House,5,"Third reading"
1264704,2019-05-24,House,6,"Bill was passed"
1264704,2019-05-24,House,7,"Returned from Senate"
1264704,2019-05-24,House,8,"Authors added Loeffler, Lislegard, and Youakim"
1264704,2019-05-24,Senate,9,"Received from House"
1264704,2019-05-24,Senate,10,"Introduction and first reading"
1264704,2019-05-24,Senate,11,"Urgency declared rules suspended"
1264704,2019-05-24,Senate,12,"Second reading"
1264704,2019-05-24,Senate,13,"Third reading Passed"
1264704,2019-05-28,,14,"Presented to Governor"
1264704,2019-05-30,,15,"Governor approval "
1264704,2019-05-30,,16,"Secretary of State, Filed "
1264704,2019-05-30,,17,"Governor's action Approval "
1264704,2019-05-30,,18,"Secretary of State Chapter 6 "
1264711,2019-05-24,House,1,"Introduction and first reading"
1264721,2019-05-24,House,1,"Introduction and first reading"
1264727,2019-05-24,House,1,"Introduction and first reading"
1264734,2019-05-24,House,1,"Introduction and first reading"
1264734,2019-05-24,House,2,"Rules suspended, urgency declared"
1264734,2019-05-24,House,3,"Second reading"
1264734,2019-05-24,House,4,Amended
1264734,2019-05-24,House,5,"Third reading as amended"
1264734,2019-05-24,House,6,"Bill was passed as amended"
1264734,2019-05-24,House,7,"Returned from Senate"
1264734,2019-05-24,Senate,8,"Received from House"
1264734,2019-05-24,Senate,9,"Introduction and first reading"
1264734,2019-05-24,Senate,10,"Urgency declared rules suspended"
1264734,2019-05-24,Senate,11,"Second reading"
1264734,2019-05-24,Senate,12,"Third reading Passed"
1264734,2019-05-28,,13,"Presented to Governor"
1264734,2019-05-30,,14,"Governor approval "
1264734,2019-05-30,,15,"Secretary of State, Filed "
1264734,2019-05-30,,16,"Governor's action Approval "
1264734,2019-05-30,,17,"Secretary of State Chapter 12 "
1264743,2019-05-24,House,1,"Introduction and first reading"
1264743,2019-05-24,House,2,"Rules suspended, urgency declared"
1264743,2019-05-24,House,3,"Second reading"
1264743,2019-05-24,House,4,"Third reading"
1264743,2019-05-24,House,5,"Bill was passed"
1264743,2019-05-24,House,6,"Returned from Senate"
1264743,2019-05-24,House,7,"Author added Youakim"
1264743,2019-05-24,Senate,8,"Received from House"
1264743,2019-05-24,Senate,9,"Introduction and first reading"
1264743,2019-05-24,Senate,10,"Laid on table"
1264743,2019-05-24,Senate,11,"Taken from table"
1264743,2019-05-24,Senate,12,"Urgency declared rules suspended"
1264743,2019-05-24,Senate,13,"Second reading"
1264743,2019-05-24,Senate,14,"Third reading Passed"
1264743,2019-05-28,,15,"Presented to Governor"
1264743,2019-05-30,,16,"Governor approval "
1264743,2019-05-30,,17,"Secretary of State, Filed "
1264743,2019-05-30,,18,"Governor's action Approval "
1264743,2019-05-30,,19,"Secretary of State Chapter 3 "
1264752,2019-05-24,House,1,"Introduction and first reading"
1264752,2019-05-24,House,2,"Rules suspended, urgency declared"
1264752,2019-05-24,House,3,"Second reading"
1264752,2019-05-24,House,4,"Third reading"
1264752,2019-05-24,House,5,"Bill was passed"
1264752,2019-05-24,House,6,"Returned from Senate"
1264752,2019-05-24,Senate,7,"Received from House"
1264752,2019-05-24,Senate,8,"Introduction and first reading"
1264752,2019-05-24,Senate,9,"Urgency declared rules suspended"
1264752,2019-05-24,Senate,10,"Second reading"
1264752,2019-05-24,Senate,11,"Third reading Passed"
1264752,2019-05-28,,12,"Presented to Governor"
1264752,2019-05-30,,13,"Governor approval "
1264752,2019-05-30,,14,"Secretary of State, Filed "
1264752,2019-05-30,,15,"Governor's action Approval "
1264752,2019-05-30,,16,"Secretary of State Chapter 8 "
1264760,2019-05-24,House,1,"Introduction and first reading"
1264760,2019-05-24,House,2,"Rules suspended, urgency declared"
1264760,2019-05-24,House,3,"Second reading"
1264760,2019-05-24,House,4,Amended
1264760,2019-05-24,House,5,"Third reading as amended"
1264760,2019-05-24,House,6,"Laid on table"
1264760,2019-05-24,House,7,"Taken from table"
1264760,2019-05-24,House,8,"Bill was passed as amended"
1264760,2019-05-24,House,9,"Returned from Senate"
1264760,2019-05-24,Senate,10,"Received from House"
1264760,2019-05-24,Senate,11,"Introduction and first reading"
1264760,2019-05-24,Senate,12,"Urgency declared rules suspended"
1264760,2019-05-24,Senate,13,"Second reading"
1264760,2019-05-24,Senate,14,"Third reading Passed"
1264760,2019-05-28,,15,"Presented to Governor"
1264760,2019-05-30,,16,"Governor approval "
1264760,2019-05-30,,17,"Secretary of State, Filed "
1264760,2019-05-30,,18,"Governor's action Approval "
1264760,2019-05-30,,19,"Secretary of State Chapter 13 "
1264767,2019-05-24,Senate,1,"Introduction and first reading"
1264767,2019-05-24,Senate,2,"Urgency declared rules suspended"
1264767,2019-05-24,Senate,3,"Second reading"
1264767,2019-05-24,Senate,4,"Third reading"
1264767,2019-05-24,Senate,5,"Laid on table"
1264767,2019-05-24,Senate,6,"Taken from table"
1264767,2019-05-24,Senate,7,"Bill passed"
1264767,2019-05-24,Senate,8,"Returned from House"
1264767,2019-05-24,House,9,"Received from Senate"
1264767,2019-05-24,House,10,"Senate file first reading"
1264767,2019-05-24,House,11,"Rules suspended, urgency declared"
1264767,2019-05-24,House,12,"Second reading"
1264767,2019-05-24,House,13,"Amendments offered"
1264767,2019-05-24,House,14,"Third reading"
1264767,2019-05-24,House,15,"Bill was passed"
1264767,2019-05-28,,16,"Presented to Governor"
1264767,2019-05-30,,17,"Governor's action Approval "
1264767,2019-05-30,,18,"Secretary of State Chapter 10 "
1264767,2019-05-30,,19,"Governor approval "
1264767,2019-05-30,,20,"Secretary of State, Filed "
1264776,2019-05-24,House,1,"Introduction and first reading"
1264785,2019-05-24,House,1,"Introduction and first reading"
1264793,2019-05-24,House,1,"Introduction and first reading"
1264793,2019-05-24,House,2,"Rules suspended, urgency declared"
1264793,2019-05-24,House,3,"Second reading"
1264793,2019-05-24,House,4,"Amendments offered"
1264793,2019-05-24,House,5,"Third reading"
1264793,2019-05-24,House,6,"Bill was passed"
1264793,2019-05-24,House,7,"Returned from Senate"
1264793,2019-05-24,Senate,8,"Received from House"
1264793,2019-05-24,Senate,9,"Introduction and first reading"
1264793,2019-05-24,Senate,10,"Urgency declared rules suspended"
1264793,2019-05-24,Senate,11,"Second reading"
1264793,2019-05-24,Senate,12,"Third reading Passed"
1264793,2019-05-28,,13,"Presented to Governor"
1264793,2019-05-30,,14,"Governor approval "
1264793,2019-05-30,,15,"Secretary of State, Filed "
1264793,2019-05-30,,16,"Governor's action Approval "
1264793,2019-05-30,,17,"Secretary of State Chapter 7 "
1264817,2019-05-24,Senate,1,Introduction
1264817,2019-05-24,Senate,2,"Referred to Rules and Administration"
1264831,2019-05-24,Senate,1,"Introduction and first reading"
1264831,2019-05-24,Senate,2,"Laid on table"
1264836,2019-05-24,Senate,1,"Introduction and first reading"
1264836,2019-05-24,Senate,2,"Laid on table"
1264836,2019-05-24,Senate,3,"Taken from table"
1264836,2019-05-24,Senate,4,"Urgency declared rules suspended"
1264836,2019-05-24,Senate,5,"Second reading"
1264836,2019-05-24,Senate,6,"Third reading Passed"
1264836,2019-05-24,Senate,7,"Returned from House"
1264836,2019-05-24,House,8,"Received from Senate"
1264836,2019-05-24,House,9,"Senate file first reading"
1264836,2019-05-24,House,10,"Rules suspended, urgency declared"
1264836,2019-05-24,House,11,"Second reading"
1264836,2019-05-24,House,12,"Amendments offered"
1264836,2019-05-24,House,13,"Third reading"
1264836,2019-05-24,House,14,"Bill was passed"
1264836,2019-05-28,,15,"Presented to Governor"
1264836,2019-05-30,,16,"Governor's action Approval "
1264836,2019-05-30,,17,"Secretary of State Chapter 9 "
1264836,2019-05-30,,18,"Governor approval "
1264836,2019-05-30,,19,"Secretary of State, Filed "
1264838,2019-05-24,House,1,"Introduction and first reading, referred to Ways and Means"
1264840,2019-05-24,House,1,"Introduction and first reading, referred to Government Operations"
1264840,2019-05-24,House,2,"Author added O'Neill"
1264841,2019-05-24,House,1,"Introduction and first reading"
1264870,2019-05-24,Senate,1,Introduction
1264870,2019-05-24,Senate,2,"Adopted (voice vote)"
1264871,2019-05-24,Senate,1,"Introduction and first reading"
1264871,2019-05-24,Senate,2,"Referred to Rules and Administration"
1264872,2019-05-24,Senate,1,"Introduction and first reading"
1264872,2019-05-24,Senate,2,"Referred to Rules and Administration"
1264873,2019-05-24,House,1,"Introduction and first reading, referred to Rules and Legislative Administration"
1264874,2019-05-24,House,1,"Introduction and first reading, referred to Taxes"
