bill_id,session_id,bill_number,status,status_desc,status_date,title,description,committee_id,committee,last_action_date,last_action,url,state_link
2042950,2225,HB3991,3,Enrolled,2025-09-29,"Relating to transportation; prescribing an effective date; and providing for revenue raising that requires approval by a three-fifths majority.","The Act increases and adds taxes related to roads, cars, trucks and buses and says how revenue must be used. The Act would make the per-mile road usage charge mandatory over time. The Act would let a person pay a yearly fee instead of the per-mile road usage charge. The Act tells the Division of Audits to do performance audits of ODOT. (Flesch Readability Score: 71.0). Directs the Division of Audits to conduct performance audits of the Department of Transportation. Alters the duties of the Joint Committee on Transportation and the Continuous Improvement Advisory Committee. Provides that the Governor shall appoint the Director of Transportation. Increases and adds transportation-related fees and taxes. Provides uses of revenues. Imposes a mandatory per-mile road usage charge for electric and hybrid vehicles. Allows an annual fee in lieu of the mandatory per-mile road usage charge. Repeals the mandatory toll program. Provides for diesel fuel to be taxed in the same manner as gasoline. Revises the formula for weight-mile taxes. Takes effect on the 91st day following adjournment sine die.",0,,2025-10-08,"President signed.",https://legiscan.com/OR/bill/HB3991/2025/X1,https://olis.oregonlegislature.gov/liz/2025S1/Measures/Overview/HB3991
2042926,2225,HB3992,3,Enrolled,2025-09-29,"Relating to state financial administration; and declaring an emergency.","The Act makes budget changes for certain state agencies. (Flesch Readability Score: 66.1). Modifies an appropriation from the General Fund to the Emergency Board. Modifies limitations on expenditures for certain biennial expenses for specified state agencies. Appropriates moneys from the General Fund to specified state agencies for specified biennial expenses. Declares an emergency, effective on passage.",0,,2025-10-08,"President signed.",https://legiscan.com/OR/bill/HB3992/2025/X1,https://olis.oregonlegislature.gov/liz/2025S1/Measures/Overview/HB3992
2042939,2225,HCR51,4,Passed,2025-10-09,"Adjourning sine die the 2025 special session of the Eighty-third Legislative Assembly.","Ends session. (Flesch Readability Score: 77.9). Adjourns sine die the 2025 special session of the Eighty-third Legislative Assembly.",0,,2025-10-09,"Filed with Secretary of State.",https://legiscan.com/OR/bill/HCR51/2025/X1,https://olis.oregonlegislature.gov/liz/2025S1/Measures/Overview/HCR51
2042979,2225,SB1221,0,,,"Relating to transportation; prescribing an effective date.","The Act changes laws about money for roads. The Act says that diesel will be taxed in the same way that gas is taxed now. (Flesch Readability Score: 82.3). Redirects revenues from the bicycle excise tax, tax on wages and vehicle privilege tax to the State Highway Fund. Directs the Department of Transportation to use redirected funds for specific purposes related to highways. Prohibits contracting agencies from requiring project labor agreements in connection with public improvement contracts, community benefit contracts or contracts for public works. Specifies exceptions. Directs the Department of Environmental Quality to make compliance instruments under any greenhouse gas regulation program available for purchase by motor vehicle fuel suppliers and deposit resulting moneys in the State Highway Fund to be used for highway maintenance. Revises the formula for weight-mile taxes. Provides for diesel fuel to be taxed in the same manner as gasoline. Directs the Division of Audits to conduct performance audits of the Department of Transportation. Alters the duties of the Joint Committee on Transportation and the Continuous Improvement Advisory Committee. Provides that the Governor shall appoint the Director of Transportation. Repeals the mandatory toll program. Creates the Office of Major Projects within the Department of Transportation. Takes effect on the 91st day following adjournment sine die.",0,,,,https://legiscan.com/OR/bill/SB1221/2025/X1,https://olis.oregonlegislature.gov/liz/2025S1/Measures/Overview/SB1221
