bill_id,document_id,document_type,document_size,document_mime,document_desc,url,state_link
2042950,3266798,text,197426,application/pdf,Introduced,https://legiscan.com/OR/text/HB3991/id/3266798,https://olis.oregonlegislature.gov/liz/2025S1/Downloads/MeasureDocument/HB3991/Introduced
2042950,3266842,text,27418,application/pdf,Introduced,https://legiscan.com/OR/text/HB3991/id/3266842,https://olis.oregonlegislature.gov/liz/2025S1/Downloads/MeasureDocument/HB3991/House%20Amendments%20to%20Introduced
2042950,3266843,text,200484,application/pdf,Engrossed,https://legiscan.com/OR/text/HB3991/id/3266843,https://olis.oregonlegislature.gov/liz/2025S1/Downloads/MeasureDocument/HB3991/A-Engrossed
2042950,3271093,text,189206,application/pdf,Enrolled,https://legiscan.com/OR/text/HB3991/id/3271093,https://olis.oregonlegislature.gov/liz/2025S1/Downloads/MeasureDocument/HB3991/Enrolled
2042926,3266774,text,29786,application/pdf,Introduced,https://legiscan.com/OR/text/HB3992/id/3266774,https://olis.oregonlegislature.gov/liz/2025S1/Downloads/MeasureDocument/HB3992/Introduced
2042926,3271111,text,26062,application/pdf,Enrolled,https://legiscan.com/OR/text/HB3992/id/3271111,https://olis.oregonlegislature.gov/liz/2025S1/Downloads/MeasureDocument/HB3992/Enrolled
2042939,3266787,text,24516,application/pdf,Introduced,https://legiscan.com/OR/text/HCR51/id/3266787,https://olis.oregonlegislature.gov/liz/2025S1/Downloads/MeasureDocument/HCR51/Introduced
2042939,3271305,text,19060,application/pdf,Enrolled,https://legiscan.com/OR/text/HCR51/id/3271305,https://olis.oregonlegislature.gov/liz/2025S1/Downloads/MeasureDocument/HCR51/Enrolled
2042979,3266891,text,181431,application/pdf,Introduced,https://legiscan.com/OR/text/SB1221/id/3266891,https://olis.oregonlegislature.gov/liz/2025S1/Downloads/MeasureDocument/SB1221/Introduced
2042950,263601,amendment,212867,application/pdf,"Joint Special Session Committee On Transportation Funding Amendment #-3",https://legiscan.com/OR/amendment/HB3991/id/263601,https://olis.oregonlegislature.gov/liz/2025S1/Downloads/ProposedAmendment/29818
2042950,263602,amendment,43051,application/pdf,"Joint Special Session Committee On Transportation Funding Amendment #-6",https://legiscan.com/OR/amendment/HB3991/id/263602,https://olis.oregonlegislature.gov/liz/2025S1/Downloads/ProposedAmendment/29819
2042950,263603,amendment,19839,application/pdf,"Joint Special Session Committee On Transportation Funding Amendment #-5",https://legiscan.com/OR/amendment/HB3991/id/263603,https://olis.oregonlegislature.gov/liz/2025S1/Downloads/ProposedAmendment/29820
2042950,263604,amendment,304722,application/pdf,"Joint Special Session Committee On Transportation Funding Amendment #-4",https://legiscan.com/OR/amendment/HB3991/id/263604,https://olis.oregonlegislature.gov/liz/2025S1/Downloads/ProposedAmendment/29821
2042950,263605,amendment,23987,application/pdf,"Joint Special Session Committee On Transportation Funding Amendment #-2",https://legiscan.com/OR/amendment/HB3991/id/263605,https://olis.oregonlegislature.gov/liz/2025S1/Downloads/ProposedAmendment/29822
2042950,263606,amendment,22952,application/pdf,"Joint Special Session Committee On Transportation Funding Amendment #-8",https://legiscan.com/OR/amendment/HB3991/id/263606,https://olis.oregonlegislature.gov/liz/2025S1/Downloads/ProposedAmendment/29823
2042950,263607,amendment,20781,application/pdf,"Joint Special Session Committee On Transportation Funding Amendment #-10",https://legiscan.com/OR/amendment/HB3991/id/263607,https://olis.oregonlegislature.gov/liz/2025S1/Downloads/ProposedAmendment/29824
2042950,263608,amendment,78226,application/pdf,"Joint Special Session Committee On Transportation Funding Amendment #-9",https://legiscan.com/OR/amendment/HB3991/id/263608,https://olis.oregonlegislature.gov/liz/2025S1/Downloads/ProposedAmendment/29825
2042950,263609,amendment,24440,application/pdf,"Joint Special Session Committee On Transportation Funding Amendment #-12",https://legiscan.com/OR/amendment/HB3991/id/263609,https://olis.oregonlegislature.gov/liz/2025S1/Downloads/ProposedAmendment/29826
2042950,263610,amendment,43336,application/pdf,"Joint Special Session Committee On Transportation Funding Amendment #-13",https://legiscan.com/OR/amendment/HB3991/id/263610,https://olis.oregonlegislature.gov/liz/2025S1/Downloads/ProposedAmendment/29827
2042950,263611,amendment,18426,application/pdf,"Joint Special Session Committee On Transportation Funding Amendment #-14",https://legiscan.com/OR/amendment/HB3991/id/263611,https://olis.oregonlegislature.gov/liz/2025S1/Downloads/ProposedAmendment/29828
2042950,263612,amendment,17444,application/pdf,"Joint Special Session Committee On Transportation Funding Amendment #-17",https://legiscan.com/OR/amendment/HB3991/id/263612,https://olis.oregonlegislature.gov/liz/2025S1/Downloads/ProposedAmendment/29829
2042950,263613,amendment,26511,application/pdf,"Joint Special Session Committee On Transportation Funding Amendment #-18",https://legiscan.com/OR/amendment/HB3991/id/263613,https://olis.oregonlegislature.gov/liz/2025S1/Downloads/ProposedAmendment/29830
2042950,263614,amendment,26107,application/pdf,"Joint Special Session Committee On Transportation Funding Amendment #-20",https://legiscan.com/OR/amendment/HB3991/id/263614,https://olis.oregonlegislature.gov/liz/2025S1/Downloads/ProposedAmendment/29831
2042950,617551,supplement,325206,application/pdf,"Open Government Impact",https://legiscan.com/OR/supplement/HB3991/id/617551,https://olis.oregonlegislature.gov/liz/2025S1/Downloads/MeasureAnalysisDocument/93873
2042950,617583,supplement,757242,application/pdf,"Fiscal Impact",https://legiscan.com/OR/supplement/HB3991/id/617583,https://olis.oregonlegislature.gov/liz/2025S1/Downloads/MeasureAnalysisDocument/93879
2042950,617584,supplement,717667,application/pdf,"Revenue Impact",https://legiscan.com/OR/supplement/HB3991/id/617584,https://olis.oregonlegislature.gov/liz/2025S1/Downloads/MeasureAnalysisDocument/93880
2042950,617599,supplement,758230,application/pdf,"Fiscal Impact",https://legiscan.com/OR/supplement/HB3991/id/617599,https://olis.oregonlegislature.gov/liz/2025S1/Downloads/MeasureAnalysisDocument/93882
2042950,617600,supplement,721209,application/pdf,"Revenue Impact",https://legiscan.com/OR/supplement/HB3991/id/617600,https://olis.oregonlegislature.gov/liz/2025S1/Downloads/MeasureAnalysisDocument/93884
2042950,617601,supplement,163202,application/pdf,"Staff Summary",https://legiscan.com/OR/supplement/HB3991/id/617601,https://olis.oregonlegislature.gov/liz/2025S1/Downloads/MeasureAnalysisDocument/93887
2042950,617612,supplement,162957,application/pdf,"Staff Summary",https://legiscan.com/OR/supplement/HB3991/id/617612,https://olis.oregonlegislature.gov/liz/2025S1/Downloads/MeasureAnalysisDocument/93891
2042950,617650,supplement,325284,application/pdf,"Open Government Impact",https://legiscan.com/OR/supplement/HB3991/id/617650,https://olis.oregonlegislature.gov/liz/2025S1/Downloads/MeasureAnalysisDocument/93892
2042950,617585,supplement,102268,application/pdf,"Meeting Material",https://legiscan.com/OR/supplement/HB3991/id/617585,https://olis.oregonlegislature.gov/liz/2025S1/Downloads/CommitteeMeetingDocument/309875
2042950,617586,supplement,631648,application/pdf,"Meeting Material",https://legiscan.com/OR/supplement/HB3991/id/617586,https://olis.oregonlegislature.gov/liz/2025S1/Downloads/CommitteeMeetingDocument/309876
2042950,617587,supplement,214480,application/pdf,"Meeting Material",https://legiscan.com/OR/supplement/HB3991/id/617587,https://olis.oregonlegislature.gov/liz/2025S1/Downloads/CommitteeMeetingDocument/309878
2042950,617588,supplement,208020,application/pdf,"Preliminary SMS",https://legiscan.com/OR/supplement/HB3991/id/617588,https://olis.oregonlegislature.gov/liz/2025S1/Downloads/CommitteeMeetingDocument/309884
2042950,617589,supplement,217637,application/pdf,"Fiscal Impact Statement",https://legiscan.com/OR/supplement/HB3991/id/617589,https://olis.oregonlegislature.gov/liz/2025S1/Downloads/CommitteeMeetingDocument/309886
2042950,617590,supplement,158826,application/pdf,"Meeting Material",https://legiscan.com/OR/supplement/HB3991/id/617590,https://olis.oregonlegislature.gov/liz/2025S1/Downloads/CommitteeMeetingDocument/309887
2042950,617591,supplement,1199208,application/pdf,"Revenue Impact Statement",https://legiscan.com/OR/supplement/HB3991/id/617591,https://olis.oregonlegislature.gov/liz/2025S1/Downloads/CommitteeMeetingDocument/309888
2042950,617602,supplement,210307,application/pdf,"Preliminary SMS",https://legiscan.com/OR/supplement/HB3991/id/617602,https://olis.oregonlegislature.gov/liz/2025S1/Downloads/CommitteeMeetingDocument/309891
2042950,617603,supplement,1201393,application/pdf,"Revenue Impact Statement",https://legiscan.com/OR/supplement/HB3991/id/617603,https://olis.oregonlegislature.gov/liz/2025S1/Downloads/CommitteeMeetingDocument/309892
2042950,617604,supplement,1142236,application/pdf,"Revenue Impact Statement",https://legiscan.com/OR/supplement/HB3991/id/617604,https://olis.oregonlegislature.gov/liz/2025S1/Downloads/CommitteeMeetingDocument/309893
2042950,617605,supplement,470404,application/pdf,"Fiscal Impact Statement",https://legiscan.com/OR/supplement/HB3991/id/617605,https://olis.oregonlegislature.gov/liz/2025S1/Downloads/CommitteeMeetingDocument/309894
2042950,617606,supplement,475126,application/pdf,"Fiscal Impact Statement",https://legiscan.com/OR/supplement/HB3991/id/617606,https://olis.oregonlegislature.gov/liz/2025S1/Downloads/CommitteeMeetingDocument/309895
2042950,617607,supplement,181406,application/pdf,"Witness Registration",https://legiscan.com/OR/supplement/HB3991/id/617607,https://olis.oregonlegislature.gov/liz/2025S1/Downloads/CommitteeMeetingDocument/309896
2042926,617549,supplement,324926,application/pdf,"Open Government Impact",https://legiscan.com/OR/supplement/HB3992/id/617549,https://olis.oregonlegislature.gov/liz/2025S1/Downloads/MeasureAnalysisDocument/93874
2042926,617580,supplement,612610,application/pdf,"Revenue Impact",https://legiscan.com/OR/supplement/HB3992/id/617580,https://olis.oregonlegislature.gov/liz/2025S1/Downloads/MeasureAnalysisDocument/93878
2042926,617597,supplement,1168190,application/pdf,"Budget Report",https://legiscan.com/OR/supplement/HB3992/id/617597,https://olis.oregonlegislature.gov/liz/2025S1/Downloads/MeasureAnalysisDocument/93885
2042926,617611,supplement,1166842,application/pdf,"Budget Report",https://legiscan.com/OR/supplement/HB3992/id/617611,https://olis.oregonlegislature.gov/liz/2025S1/Downloads/MeasureAnalysisDocument/93888
2042926,617581,supplement,1181049,application/pdf,"Budget Report",https://legiscan.com/OR/supplement/HB3992/id/617581,https://olis.oregonlegislature.gov/liz/2025S1/Downloads/CommitteeMeetingDocument/309880
2042926,617582,supplement,79212,application/pdf,"Revenue Impact Statement",https://legiscan.com/OR/supplement/HB3992/id/617582,https://olis.oregonlegislature.gov/liz/2025S1/Downloads/CommitteeMeetingDocument/309881
2042926,617598,supplement,150949,application/pdf,"Witness Registration",https://legiscan.com/OR/supplement/HB3992/id/617598,https://olis.oregonlegislature.gov/liz/2025S1/Downloads/CommitteeMeetingDocument/309897
2042939,617550,supplement,323276,application/pdf,"Open Government Impact",https://legiscan.com/OR/supplement/HCR51/id/617550,https://olis.oregonlegislature.gov/liz/2025S1/Downloads/MeasureAnalysisDocument/93872
2042939,617592,supplement,628465,application/pdf,"Fiscal Impact",https://legiscan.com/OR/supplement/HCR51/id/617592,https://olis.oregonlegislature.gov/liz/2025S1/Downloads/MeasureAnalysisDocument/93875
2042939,617593,supplement,612611,application/pdf,"Revenue Impact",https://legiscan.com/OR/supplement/HCR51/id/617593,https://olis.oregonlegislature.gov/liz/2025S1/Downloads/MeasureAnalysisDocument/93877
2042939,617608,supplement,123222,application/pdf,"Staff Summary",https://legiscan.com/OR/supplement/HCR51/id/617608,https://olis.oregonlegislature.gov/liz/2025S1/Downloads/MeasureAnalysisDocument/93883
2042939,617613,supplement,123353,application/pdf,"Staff Summary",https://legiscan.com/OR/supplement/HCR51/id/617613,https://olis.oregonlegislature.gov/liz/2025S1/Downloads/MeasureAnalysisDocument/93889
2042939,617594,supplement,113122,application/pdf,"Fiscal Impact Statement",https://legiscan.com/OR/supplement/HCR51/id/617594,https://olis.oregonlegislature.gov/liz/2025S1/Downloads/CommitteeMeetingDocument/309882
2042939,617595,supplement,79214,application/pdf,"Revenue Impact Statement",https://legiscan.com/OR/supplement/HCR51/id/617595,https://olis.oregonlegislature.gov/liz/2025S1/Downloads/CommitteeMeetingDocument/309883
2042939,617596,supplement,137179,application/pdf,"Preliminary SMS",https://legiscan.com/OR/supplement/HCR51/id/617596,https://olis.oregonlegislature.gov/liz/2025S1/Downloads/CommitteeMeetingDocument/309885
