bill_id,roll_call_id,date,chamber,description,yea,nay,nv,absent,total
216844,214274,2011-02-10,House,Amendment,100,29,0,0,129
216844,214275,2011-02-10,House,"Re-Referral, Atkins motion",55,72,0,0,127
216844,214276,2011-02-10,House,Amendment,54,72,0,0,126
216844,214277,2011-02-10,House,Amendment,55,70,0,0,125
216844,214278,2011-02-10,House,Amendment,54,71,0,0,125
216844,214279,2011-02-10,House,"Passage, as amended",82,42,0,0,124
216844,214280,2011-02-28,House,"Fabian Motion to Concur",87,44,0,0,131
216844,214281,2011-02-28,House,"Repassage, as amended by the Senate",89,42,0,0,131
216848,214750,2011-01-20,House,"Recall and Re-referral",68,59,0,0,127
216851,214332,2011-04-28,House,Amendment,132,0,0,0,132
216851,214333,2011-04-28,House,Amendment,60,71,0,0,131
216851,214334,2011-04-28,House,"Amendment to Amendment",72,60,0,0,132
216851,214335,2011-04-28,House,"Amendment, as amended",132,0,0,0,132
216851,214336,2011-04-28,House,"Passage, as amended",70,62,0,0,132
216851,214337,2012-04-28,House,"Repassage, as amended by Conference Committee",69,60,0,0,129
216855,214286,2011-03-24,House,"Hosch motion - Declare an Urgency",112,8,0,0,120
216855,214287,2011-03-24,House,Passage,98,24,0,0,122
216855,214288,2011-04-11,House,"Repassage, as amended by Conference committee",102,27,0,0,129
216885,214509,2011-03-28,House,"Amendment to Amendment",69,63,0,0,132
216885,214510,2011-03-28,House,"Amendment to Amendment",60,72,0,0,132
216885,214511,2011-03-28,House,"Amendment to Amendment",61,70,0,0,131
216885,214512,2011-03-28,House,"Amendment to Amendment",60,72,0,0,132
216885,214513,2011-03-28,House,,73,59,0,0,132
216885,214514,2011-03-28,House,"Amendment to Amendment",58,74,0,0,132
216885,214515,2011-03-28,House,"Amendment to Amendment",132,0,0,0,132
216885,214516,2011-03-28,House,Amendment,54,78,0,0,132
216885,214517,2011-03-28,House,Amendment,108,24,0,0,132
216885,214518,2011-03-28,House,Amendment,56,76,0,0,132
216885,214519,2011-03-28,House,Amendment,59,72,0,0,131
216885,214520,2011-03-28,House,"Passage, as amended",73,59,0,0,132
216885,214521,2011-05-17,House,"Hosch motion - Refuse to Adopt",61,72,0,0,133
216885,214522,2011-05-17,House,"Repassage, as amended by Conference committee",71,58,0,0,129
216895,214312,2011-04-04,House,Passage,79,52,0,0,131
216895,214313,2011-04-28,House,"Repassage, as amended by the Senate",129,0,0,0,129
216898,214320,2011-02-10,House,Passage,90,29,0,0,119
216899,214063,2012-02-01,House,Passage,125,0,0,0,125
216900,214033,2011-02-24,House,Passage,124,4,0,0,128
216900,214034,2011-05-19,House,"Repassage, as amended by Conference committee",124,8,0,0,132
216909,214613,2011-05-16,House,"Carlson motion - Re-Referral",62,67,0,0,129
216909,214614,2011-05-16,House,"Passage, as amended",69,61,0,0,130
216913,213931,2011-02-17,House,Amendment,52,79,0,0,131
216913,213932,2011-02-17,House,Amendment,55,76,0,0,131
216913,213933,2011-02-17,House,Amendment,94,37,0,0,131
216913,213934,2011-02-17,House,Amendment,57,73,0,0,130
216913,213935,2011-02-17,House,"Oral Amendment to Amendment",70,61,0,0,131
216913,213936,2011-02-17,House,Amendment,53,75,0,0,128
216913,213937,2011-02-17,House,Amendment,57,73,0,0,130
216913,213938,2011-02-17,House,Passage,81,50,0,0,131
224354,214324,2011-03-10,House,Passage,128,3,0,0,131
224363,214532,2011-03-03,House,Passage,75,54,0,0,129
224387,214338,2011-02-10,House,"Passage, as amended",72,59,0,0,131
224387,214339,2011-03-03,House,"Repassage, as amended by conference committee",81,50,0,0,131
228538,214364,2011-05-23,House,"Passage, as amended",132,1,0,0,133
228539,214554,2011-05-02,House,Amendment,17,110,0,0,127
228539,214555,2011-05-02,House,"Passage, as amended",123,6,0,0,129
228540,214058,2011-03-22,House,"Erickson motion - RECALL AND RE-REFER",70,57,0,0,127
228540,214059,2011-04-11,House,Passage,69,60,0,0,129
232555,214384,2011-02-24,House,Passage,126,3,0,0,129
232562,214538,2011-03-10,House,Passage,126,5,0,0,131
232582,214557,2011-01-26,House,"Marquart motion Re-Referral",56,71,0,0,127
232582,214558,2011-01-26,House,"Nelson motion Re-Referral",56,71,0,0,127
232582,214559,2011-01-27,House,Passage,68,63,0,0,131
232582,214560,2011-02-09,House,"Falk motion - Refuse to Adopt",58,70,0,0,128
232582,214561,2011-02-09,House,"Holberg motion - Adoption",68,61,0,0,129
232582,214562,2011-02-09,House,"Repassage, as amended by Conference committee",68,61,0,0,129
232593,214386,2011-02-24,House,Passage,107,22,0,0,129
232593,214387,2011-03-17,House,"Repassage, as amended by the Senate",109,14,0,0,123
232772,214399,2011-05-19,House,Passage,133,0,0,0,133
237682,213880,2011-05-11,House,Amendment,77,49,0,0,126
237682,213881,2011-05-11,House,"Amendment to Amendment",67,60,0,0,127
237682,213882,2011-05-11,House,Amendment,53,75,0,0,128
237682,213883,2011-05-11,House,"Amendment to Amendment",55,74,0,0,129
237682,213884,2011-05-11,House,Amendment,54,75,0,0,129
237682,213885,2011-05-11,House,Amendment,59,70,0,0,129
237682,213886,2011-05-11,House,"Passage, as amended",76,54,0,0,130
237682,213887,2011-05-22,House,"Repassage, as amended by Conference committee",75,54,0,0,129
241129,214417,2011-04-27,House,Passage,123,3,0,0,126
241129,214418,2011-05-19,House,"Repassage, as amended by Conference committee",133,0,0,0,133
241134,214572,2011-05-21,House,"Passage, as amended",116,16,0,0,132
241144,214576,2011-05-06,House,Passage,80,44,0,0,124
241144,214577,2011-05-19,House,"Repassage, as amended by Conference committee",84,48,0,0,132
241146,214595,2011-03-03,House,Passage,77,54,0,0,131
241146,214596,2012-04-27,House,"Repassage, as amended by Conference Committee",82,45,0,0,127
241149,214569,2011-05-10,House,Passage,126,2,0,0,128
245297,214419,2011-05-16,House,Passage,132,1,0,0,133
245297,214420,2011-05-21,House,"Repassage, as amended by the Senate",132,0,0,0,132
245300,214422,2011-05-20,House,Amendment,119,15,0,0,134
245300,214423,2011-05-20,House,"Passage, as amended",128,6,0,0,134
245300,214424,2011-05-23,House,"Repassage, as amended by Conference Committee",128,4,0,0,132
245303,214430,2011-03-03,House,Passage,131,0,0,0,131
245315,214472,2011-04-04,House,Passage,93,39,0,0,132
245321,214473,2011-03-10,House,"Passage, as amended",130,0,0,0,130
245330,213856,2012-03-01,House,Passage,77,55,0,0,132
245333,214478,2011-05-20,House,"Passage,as amended",133,1,0,0,134
245335,214489,2011-02-10,House,"Passage, as amended",119,0,0,0,119
246887,214314,2011-05-10,House,Passage,113,16,0,0,129
246887,214315,2012-05-09,House,"Davnie motion - Refuse to Adopt",58,72,0,0,130
246887,214316,2012-05-09,House,Repassage,73,56,0,0,129
247156,214490,2011-03-03,House,Passage,129,0,0,0,129
248093,213843,2011-05-23,House,Amendment,74,56,0,0,130
248093,213844,2011-05-23,House,Amendment,60,70,0,0,130
248093,213845,2011-05-23,House,Amendment,60,71,0,0,131
248093,213846,2011-05-23,House,Amendment,128,2,0,0,130
248093,213847,2012-02-01,House,Amendment,61,69,0,0,130
248093,213848,2012-02-01,House,Amendment,62,69,0,0,131
248093,213849,2012-02-01,House,Amendment,62,69,0,0,131
248093,213850,2012-02-01,House,Amendment,61,70,0,0,131
248093,213851,2012-02-01,House,Amendment,63,68,0,0,131
248093,213852,2012-02-01,House,Amendment,61,71,0,0,132
248093,213853,2012-02-01,House,Passage,72,59,0,0,131
248310,214598,2011-05-05,House,Amendment,71,59,0,0,130
248310,214599,2011-05-05,House,"Passage, as amended",91,39,0,0,130
248310,214600,2011-05-19,House,"Repassage, as amended by Conference committee",87,41,0,0,128
249770,214918,2012-02-13,House,Passage,133,0,0,0,133
249770,214919,2012-03-22,House,"Repassage, as amended by the Senate",131,0,0,0,131
249800,214491,2011-03-17,House,Passage,119,6,0,0,125
250134,214587,2011-05-20,House,Amendment,57,74,0,0,131
250134,214588,2011-05-20,House,"Oral Amendment",70,62,0,0,132
250134,214589,2011-05-20,House,"Amendment to Amendment",59,72,0,0,131
250134,214590,2011-05-20,House,Amendment,59,72,0,0,131
250134,214591,2011-05-20,House,Amendment,61,71,0,0,132
250134,214592,2011-05-20,House,"Falk motion - Lay on the Table",59,73,0,0,132
250134,214593,2011-05-20,House,"Passage, as amended",76,56,0,0,132
251193,214492,2011-05-16,House,Passage,134,0,0,0,134
251812,213857,2011-05-20,House,"Amendment to Amendment",62,71,0,0,133
251812,213858,2011-05-20,House,"Passage, as amended",131,0,0,0,131
252137,213815,2012-04-18,House,Amendment,51,76,0,0,127
252137,213816,2012-04-18,House,"Passage, as amended",80,53,0,0,133
252137,213817,2012-05-09,House,Repassage,86,42,0,0,128
252288,214761,2012-03-28,House,,74,58,0,0,132
252288,214762,2012-03-28,House,Passage,73,60,0,0,133
252327,214495,2011-04-04,House,Passage,131,0,0,0,131
252756,214262,2012-04-26,House,"Passage, as amended",75,56,0,0,131
254253,214581,2011-04-27,House,Passage,93,35,0,0,128
254298,214585,2011-03-07,House,Passage,128,0,0,0,128
254298,214586,2011-03-24,House,"Repassage, as amended by the Senate",122,0,0,0,122
254547,213823,2012-04-18,House,"Is it the judgment of the House that the Winkler point of order is well taken?""",64,67,0,0,131
254547,213824,2012-04-18,House,Passage,77,52,0,0,129
255380,214850,2012-04-18,House,Passage,132,1,0,0,133
255471,214645,2012-02-16,House,Passage,71,58,0,0,129
255471,214646,2012-04-18,House,"Repassage, as amended by Conference Committee",76,57,0,0,133
255669,214601,2011-05-20,House,Passage,129,4,0,0,133
259689,214616,2011-05-02,House,Passage,130,0,0,0,130
259689,214617,2011-05-21,House,"Repassage, as amended by Conference committee",131,0,0,0,131
259711,214861,2011-04-04,House,"Passage, as amended",131,0,0,0,131
259711,214862,2012-03-26,House,"Repassage, as amended by Conference Committee",131,0,0,0,131
260027,214667,2012-03-29,House,"Passage, as amended",76,53,0,0,129
260090,214232,2011-05-16,House,Passage,133,1,0,0,134
260090,214233,2012-03-22,House,"Repassage, as amended by Conference committee",131,1,0,0,132
260156,214633,2011-05-05,House,Passage,126,2,0,0,128
263754,214400,2012-04-24,House,"Passage, as amended",75,56,0,0,131
264926,214611,2012-04-16,House,Passage,120,10,0,0,130
264926,214612,2012-04-27,House,"Repassage, as amended by Conference Committee",120,9,0,0,129
266834,214607,2011-05-02,House,Passage,128,0,0,0,128
267026,214641,2011-03-31,House,Passage,90,40,0,0,130
267026,214642,2011-05-19,House,"Repassage, as amended by the Senate",97,36,0,0,133
267100,214632,2011-05-05,House,Passage,127,0,0,0,127
268082,214637,2011-05-20,House,"Passage, as amended",131,1,0,0,132
268167,214639,2011-05-20,House,Passage,133,0,0,0,133
269642,214649,2011-05-10,House,Passage,101,29,0,0,130
269709,214546,2012-04-17,House,Passage,107,24,0,0,131
270656,214725,2011-05-05,House,Passage,124,5,0,0,129
270656,214726,2011-05-19,House,"Repassage, as amended by the Senate",132,1,0,0,133
275769,214741,2011-05-23,House,Passage,129,1,0,0,130
277546,214677,2011-03-10,House,Passage,123,8,0,0,131
277866,214678,2011-05-10,House,Passage,111,20,0,0,131
278160,214745,2011-04-04,House,Passage,124,8,0,0,132
278448,214474,2012-03-01,House,Amendment,60,71,0,0,131
278448,214475,2012-03-01,House,,71,61,0,0,132
278448,214476,2012-03-01,House,Passage,74,57,0,0,131
278448,214477,2012-03-26,House,"Repassage, as amended by the Senate",70,60,0,0,130
278481,214698,2011-04-11,House,Passage,115,14,0,0,129
278481,214699,2011-05-21,House,"Sanders - Motion to Concur",67,66,0,0,133
278481,214700,2011-05-21,House,"Repassage, as amended by the Senate",68,65,0,0,133
278590,214751,2011-04-07,House,Passage,123,0,0,0,123
278756,214681,2011-05-16,House,Passage,129,3,0,0,132
281188,214479,2012-04-17,House,Passage,83,47,0,0,130
282104,213892,2012-01-30,House,Re-Referral,60,67,0,0,127
282104,213893,2012-02-01,House,Amendment,61,69,0,0,130
282104,213894,2012-02-01,House,"Amendment to Falk Amendment",59,69,0,0,128
282104,213895,2012-02-01,House,Amendment,59,69,0,0,128
282104,213896,2012-02-01,House,Amendment,60,67,0,0,127
282104,213897,2012-02-01,House,Amendment,59,68,0,0,127
282104,213898,2012-02-01,House,Amendment,59,68,0,0,127
282104,213899,2012-02-01,House,Amendment,58,68,0,0,126
282104,213900,2012-02-01,House,"Melin motion for Re-Referral",59,68,0,0,127
282104,213901,2012-02-01,House,Passage,71,56,0,0,127
285147,214709,2011-05-16,House,Passage,131,2,0,0,133
285159,214703,2011-05-16,House,Passage,113,20,0,0,133
285195,214752,2011-03-10,House,Passage,132,0,0,0,132
285195,214753,2011-04-18,House,"Repassage, as amended by the Senate",114,0,0,0,114
285247,214742,2011-05-13,House,Passage,130,1,0,0,131
287703,213829,2012-01-30,House,Re-Referral,60,67,0,0,127
287703,213830,2012-02-01,House,Amendment,58,68,0,0,126
287703,213831,2012-02-01,House,Amendment,57,69,0,0,126
287703,213832,2012-02-01,House,Amendment,54,71,0,0,125
287703,213833,2012-02-01,House,Amendment,56,69,0,0,125
287703,213834,2012-02-01,House,Amendment,57,67,0,0,124
287703,213835,2012-02-01,House,Passage,76,49,0,0,125
289509,214756,2011-05-19,House,Passage,131,0,0,0,131
289642,213879,2012-03-27,House,"Passage, as amended",83,50,0,0,133
289662,214763,2011-03-21,House,Passage,128,0,0,0,128
289864,214765,2011-04-27,House,"Passage, as amended",129,0,0,0,129
289864,214766,2011-05-21,House,"Repassage, as amended by the Senate",133,0,0,0,133
289917,213977,2012-04-05,House,Passage,120,1,0,0,121
289942,214729,2011-05-05,House,Amendment,73,60,0,0,133
289942,214730,2011-05-05,House,,73,58,0,0,131
289942,214731,2011-05-05,House,Amendment,58,75,0,0,133
289942,214732,2011-05-05,House,Amendment,59,73,0,0,132
289942,214733,2011-05-05,House,,60,71,0,0,131
289942,214734,2011-05-05,House,"Passage, as amended",73,59,0,0,132
289942,214735,2011-05-21,House,"Kiffmeyer motion - Adoption",72,60,0,0,132
289942,214736,2011-05-21,House,"Repassage, as amended by Conference committee",74,58,0,0,132
290254,214036,2012-02-01,House,"Atkins Motion to Continue S.F. 530 on the Calendar for the day",58,70,0,0,128
290254,214037,2012-02-01,House,Amendment,61,70,0,0,131
290254,214038,2012-02-01,House,Amendment,61,70,0,0,131
290254,214039,2012-02-01,House,"Amendment to Simon Amendment",129,0,0,0,129
290254,214040,2012-02-01,House,"Amendment, as amended",60,70,0,0,130
290254,214041,2012-02-01,House,Amendment,60,70,0,0,130
290254,214042,2012-02-01,House,Amendment,59,71,0,0,130
290254,214043,2012-02-01,House,Amendment,63,67,0,0,130
290254,214044,2012-02-01,House,Amendment,60,70,0,0,130
290254,214045,2012-02-01,House,Amendment,59,71,0,0,130
290254,214046,2012-02-01,House,Amendment,60,69,0,0,129
290254,214047,2012-02-01,House,Passage,75,55,0,0,130
290270,214602,2012-04-20,House,"Passage, as amended",77,49,0,0,126
290270,214603,2012-05-03,House,"Repassage, as amended by Conference Committee",73,54,0,0,127
290443,214770,2011-05-20,House,Passage,132,2,0,0,134
290558,214775,2011-05-22,House,Passage,128,2,0,0,130
290568,214777,2011-05-21,House,Passage,131,2,0,0,133
290597,214780,2011-04-04,House,Passage,131,0,0,0,131
290923,214630,2011-05-16,House,Passage,134,0,0,0,134
290923,214631,2012-04-19,House,"Repassage, as amended by the Senate",130,0,0,0,130
290955,214758,2011-05-21,House,"Passage, as amended",131,1,0,0,132
291017,214781,2011-05-02,House,Passage,79,51,0,0,130
291017,214782,2011-05-23,House,"Repassage, as amended by Conference",94,40,0,0,134
291214,214787,2011-05-06,House,Passage,121,0,0,0,121
291372,214803,2011-05-10,House,Passage,130,0,0,0,130
291387,214807,2011-05-10,House,Passage,130,1,0,0,131
293076,214813,2011-04-14,House,Passage,121,5,0,0,126
293821,214815,2011-03-21,House,Passage,129,0,0,0,129
293821,214816,2011-05-12,House,"Repassage, as amended by the Senate",129,1,0,0,130
293958,214817,2011-05-16,House,Passage,128,6,0,0,134
293958,214818,2011-05-21,House,"Repassage, as amended by the Senate",125,8,0,0,133
293994,214819,2011-05-16,House,Passage,131,0,0,0,131
293994,214820,2011-05-21,House,"Repassage, as amended by the Senate",133,0,0,0,133
294069,214531,2011-05-10,House,Passage,130,2,0,0,132
294077,213860,2011-05-02,House,"Passage, as amended",123,6,0,0,129
294082,213813,2011-05-02,House,Passage,126,4,0,0,130
294102,214790,2011-04-27,House,Passage,127,2,0,0,129
294102,214791,2012-04-18,House,"Repassage, as amended by the Senate",122,0,0,0,122
294145,214774,2011-05-10,House,Passage,130,2,0,0,132
294741,214822,2011-04-14,House,"Passage, as amended",126,0,0,0,126
294741,214823,2011-05-10,House,"Repassage, as amended by Conference committee",127,1,0,0,128
294986,213827,2011-05-22,House,Passage,125,4,0,0,129
295277,213904,2011-03-29,House,Amendment,58,70,0,0,128
295277,213905,2011-03-29,House,"Amendment to Amendment",59,71,0,0,130
295277,213906,2011-03-29,House,Amendment,55,75,0,0,130
295277,213907,2011-03-29,House,Amendment,16,112,0,0,128
295277,213908,2011-03-29,House,"Amendment - second Portion",128,0,0,0,128
295277,213909,2011-03-29,House,"Amendment - first Portion",57,69,0,0,126
295277,213910,2011-03-29,House,Amendment,66,60,0,0,126
295277,213911,2011-03-29,House,Amendment,126,0,0,0,126
295277,213912,2011-03-29,House,Amendment,126,0,0,0,126
295277,213913,2011-03-29,House,Amendment,58,66,0,0,124
295277,213914,2011-03-29,House,Amendment,57,67,0,0,124
295277,213915,2011-03-29,House,Amendment,56,69,0,0,125
295277,213916,2011-03-30,House,Amendment,59,68,0,0,127
295277,213917,2011-03-30,House,Amendment,52,74,0,0,126
295277,213918,2011-03-30,House,"Passage, as amended",68,59,0,0,127
295277,213919,2011-05-17,House,"Repassage, as amended by Conference committee",70,55,0,0,125
295328,213923,2011-05-10,House,Passage,126,6,0,0,132
295366,213924,2011-05-06,House,Amendment,82,44,0,0,126
295366,213925,2011-05-06,House,Amendment,46,81,0,0,127
295366,213926,2011-05-06,House,"Passage, as amended",82,46,0,0,128
295366,213927,2011-05-19,House,Repassage,84,48,0,0,132
295464,214827,2011-04-27,House,Amendment,60,69,0,0,129
295464,214828,2011-04-27,House,Passage,102,25,0,0,127
295574,213928,2011-05-10,House,"Passage, as amended",116,10,0,0,126
296589,214830,2011-05-21,House,Passage,122,10,0,0,132
297408,214831,2011-04-18,House,Passage,115,0,0,0,115
297411,214832,2011-05-22,House,"Passage, as amended",123,7,0,0,130
297463,214837,2011-04-04,House,Amendment,49,81,0,0,130
297463,214838,2011-04-04,House,Passage,68,64,0,0,132
297463,214839,2011-05-22,House,"Repassage, as amended by Conference committee",95,33,0,0,128
297545,213951,2011-05-19,House,Passage,90,40,0,0,130
297545,213952,2011-05-22,House,"Repassage, as amended by the Senate",81,46,0,0,127
297555,214841,2011-05-19,House,Passage,125,7,0,0,132
297618,213982,2011-05-16,House,Passage,84,48,0,0,132
297660,213978,2011-05-20,House,Amendment,126,6,0,0,132
297660,213979,2011-05-20,House,Amendment,122,11,0,0,133
297660,213980,2011-05-20,House,Amendment,55,78,0,0,133
297660,213981,2011-05-20,House,Passage,76,57,0,0,133
298133,214493,2012-02-29,House,Passage,126,3,0,0,129
298321,213962,2011-03-29,House,Amendment,106,22,0,0,128
298321,213963,2011-03-29,House,"Amendment - first portion",128,0,0,0,128
298321,213964,2011-03-29,House,Amendment,54,75,0,0,129
298321,213965,2011-03-29,House,Amendment,61,68,0,0,129
298321,213966,2011-03-29,House,Amendment,54,73,0,0,127
298321,213967,2011-03-29,House,Amendment,55,74,0,0,129
298321,213968,2011-03-29,House,"Amendment - first portion",46,83,0,0,129
298321,213969,2011-03-29,House,"Amendment - second portion",57,72,0,0,129
298321,213970,2011-03-29,House,Amendment,113,16,0,0,129
298321,213971,2011-03-29,House,"Passage, as amended",72,57,0,0,129
298321,213972,2011-05-17,House,"Thissen motion - postpone",49,72,0,0,121
298321,213973,2011-05-18,House,"McNamara motion - Adoption",72,61,0,0,133
298321,213974,2011-05-18,House,"Repassage, as amended by Conference committee",72,61,0,0,133
298338,214844,2011-05-16,House,Amendment,75,55,0,0,130
298338,214845,2011-05-16,House,"Passage, as amended",105,25,0,0,130
298338,214846,2011-05-23,House,"Repassage, as amended by Conference Committee",107,23,0,0,130
298376,214009,2011-05-10,House,Passage,115,14,0,0,129
298632,214015,2011-04-04,House,"Thissen motion - Recall and Re-refer",60,71,0,0,131
298632,214016,2011-04-06,House,"Amendment - second portion",71,58,0,0,129
298632,214017,2011-04-06,House,Amendment,71,60,0,0,131
298632,214018,2011-04-06,House,"Amendment to Amendment",47,84,0,0,131
298632,214019,2011-04-06,House,Amendment,88,39,0,0,127
298632,214020,2011-04-06,House,Amendment,105,25,0,0,130
298632,214021,2011-04-06,House,Amendment,61,70,0,0,131
298632,214022,2011-04-06,House,"Amendment to Amendment",4,127,0,0,131
298632,214023,2011-04-06,House,Amendment,29,102,0,0,131
298632,214024,2011-04-06,House,Amendment,130,2,0,0,132
298632,214025,2011-04-06,House,Amendment,62,70,0,0,132
298632,214026,2011-04-06,House,"Amendment - first Portion",60,72,0,0,132
298632,214027,2011-04-06,House,Amendment,60,70,0,0,130
298632,214028,2011-04-06,House,"Passage,as amended",70,62,0,0,132
298632,214029,2011-05-18,House,"Repassage, as amended by Conference committee",69,63,0,0,132
298730,214847,2011-05-22,House,Passage,130,0,0,0,130
298794,214854,2011-05-19,House,Passage,133,0,0,0,133
298835,214231,2012-04-17,House,Passage,131,0,0,0,131
300484,214055,2011-05-03,House,"Liebling motion for Re-referral",60,69,0,0,129
300586,214855,2011-05-05,House,Passage,85,43,0,0,128
300586,214856,2011-05-22,House,"Repassage, as amended by the Senate",129,0,0,0,129
300717,214150,2012-02-29,House,Amendment,51,80,0,0,131
300717,214151,2012-02-29,House,"Passage, as amended",130,1,0,0,131
300783,214858,2011-05-16,House,Passage,113,19,0,0,132
301150,214064,2011-05-05,House,Passage,127,1,0,0,128
301280,214682,2012-05-07,House,Amendment,97,31,0,0,128
301280,214683,2012-05-07,House,Amendment,57,74,0,0,131
301280,214684,2012-05-07,House,Amendment,39,91,0,0,130
301280,214685,2012-05-07,House,Amendment,37,94,0,0,131
301280,214686,2012-05-07,House,Amendment,36,95,0,0,131
301280,214687,2012-05-07,House,Amendment,66,65,0,0,131
301280,214688,2012-05-07,House,Amendment,44,84,0,0,128
301280,214689,2012-05-07,House,Amendment,47,83,0,0,130
301280,214690,2012-05-07,House,Amendment,40,91,0,0,131
301280,214691,2012-05-07,House,Amendment,19,111,0,0,130
301280,214692,2012-05-07,House,Amendment,70,60,0,0,130
301280,214693,2012-05-07,House,Amendment,18,112,0,0,130
301280,214694,2012-05-07,House,Amendment,29,100,0,0,129
301280,214695,2012-05-07,House,"Passage, as amended",73,58,0,0,131
301305,214860,2011-05-20,House,Passage,131,2,0,0,133
301353,214069,2011-05-19,House,Amendment,35,94,0,0,129
301353,214070,2011-05-19,House,Amendment,22,109,0,0,131
301353,214071,2011-05-19,House,Amendment,37,94,0,0,131
301353,214072,2011-05-19,House,Amendment,47,84,0,0,131
301353,214073,2011-05-19,House,`,69,63,0,0,132
301353,214074,2011-05-19,House,"Passage, as amended",104,28,0,0,132
301353,214075,2011-05-23,House,"Repassage, as amended by Conference Committee",104,28,0,0,132
301504,214778,2012-04-05,House,"Passage, as amended",121,0,0,0,121
301508,214863,2011-05-05,House,Passage,124,5,0,0,129
301508,214864,2011-05-23,House,Repassage,129,0,0,0,129
301669,214542,2012-05-03,House,"Passage, as amended",127,0,0,0,127
301787,214866,2011-05-20,House,"Passage, as amended",110,23,0,0,133
301787,214867,2011-05-23,House,"Thissen motion to Reconsider",60,71,0,0,131
301787,214868,2011-05-23,House,"Repassage, as amended by the Senate",74,57,0,0,131
301841,214317,2012-04-17,House,Passage,133,0,0,0,133
302174,214094,2011-04-05,House,Amendment,60,71,0,0,131
302174,214095,2011-04-05,House,Passage,70,60,0,0,130
302174,214096,2011-05-18,House,"Repassage, as amended by Conference committee",71,61,0,0,132
302426,213990,2011-05-22,House,Amendment,54,76,0,0,130
302426,213991,2011-05-22,House,Amendment,57,74,0,0,131
302426,213992,2011-05-22,House,"Passage, as amended",82,49,0,0,131
302447,214084,2011-03-29,House,,79,48,0,0,127
302447,214085,2011-03-29,House,,80,49,0,0,129
302447,214086,2011-03-29,House,"Amendment to Amendment",50,79,0,0,129
302447,214087,2011-03-29,House,Amendment,81,48,0,0,129
302447,214088,2011-03-29,House,Amendment,89,38,0,0,127
302447,214089,2011-03-29,House,Amendment,60,68,0,0,128
302447,214090,2011-03-29,House,"Passage, as amended",69,60,0,0,129
302447,214091,2011-05-17,House,"Repassage, as amended by Conference committee",69,57,0,0,126
302774,214081,2011-05-16,House,"Passage, as amended",129,3,0,0,132
303247,213945,2012-04-17,House,Amendment,67,65,0,0,132
303247,213946,2012-04-17,House,Amendment,132,0,0,0,132
303247,213947,2012-04-17,House,Amendment,132,0,0,0,132
303247,213948,2012-04-17,House,Amendment,70,64,0,0,134
303247,213949,2012-04-17,House,"Passage, as amended",133,1,0,0,134
303247,213950,2012-05-07,House,"Repassage, as amended by Conference Committee",130,0,0,0,130
303249,214634,2012-04-17,House,Passage,127,6,0,0,133
304217,214124,2011-05-06,House,Amendment,120,0,0,0,120
304217,214125,2011-05-06,House,Amendment,69,59,0,0,128
304217,214126,2011-05-06,House,"Murphy, M. motion - Re-Referral",62,66,0,0,128
304217,214127,2011-05-06,House,"Passage, as amended",69,58,0,0,127
304539,213975,2012-04-02,House,"Passage, as amended",126,6,0,0,132
304539,213976,2012-04-26,House,"Repassage, as amended by the Senate",110,17,0,0,127
305118,213995,2012-04-05,House,"Oral Amendment",52,68,0,0,120
305118,213996,2012-04-05,House,Passage,69,56,0,0,125
305175,214122,2011-05-16,House,Amendment,127,2,0,0,129
305175,214123,2011-05-16,House,"Passage, as amended",69,60,0,0,129
305509,214869,2011-05-20,House,"Passage, as amended",133,1,0,0,134
305936,214570,2011-05-20,House,Passage,129,3,0,0,132
305936,214571,2012-03-30,House,"Repassage, as amended by the Senate",108,13,0,0,121
306814,214870,2011-05-21,House,Passage,130,2,0,0,132
306925,214141,2011-05-16,House,"Passage, as amended",91,41,0,0,132
307239,214131,2011-03-22,House,"Thissen motion - RECALL AND RE-REFER",57,70,0,0,127
307239,214132,2011-03-28,House,Amendment,72,60,0,0,132
307239,214133,2011-03-28,House,Amendment,59,73,0,0,132
307239,214134,2011-03-28,House,Amendment,71,61,0,0,132
307239,214135,2011-03-28,House,"Thissen motion - Re-refer to Tax Committee",61,71,0,0,132
307239,214136,2011-03-28,House,"Passage, as amended",70,61,0,0,131
307239,214137,2011-05-18,House,Repassage,71,61,0,0,132
307545,214871,2011-05-23,House,"Passage, as amended",130,1,0,0,131
307918,214245,2011-05-13,House,Passage,71,61,0,0,132
308489,214388,2012-04-26,House,Amendment,42,86,0,0,128
308489,214389,2012-04-26,House,"Passage, as amended",121,8,0,0,129
308505,214251,2011-05-02,House,Passage,130,0,0,0,130
309473,214872,2011-05-20,House,Passage,130,4,0,0,134
310067,214833,2012-02-13,House,Passage,133,0,0,0,133
311397,214873,2011-05-19,House,Passage,106,22,0,0,128
311397,214874,2011-05-22,House,"Repassage, as amended by Conference",103,24,0,0,127
311797,214878,2011-05-20,House,"Passage, as anended",130,4,0,0,134
311797,214879,2011-05-23,House,"Passage as amended by Conference Committee",133,0,0,0,133
312097,214880,2011-05-22,House,Passage,126,4,0,0,130
312466,214282,2011-03-30,House,Passage,104,20,0,0,124
312466,214283,2011-04-14,House,"Repassage, as amended by Conference committee",107,20,0,0,127
312483,214881,2011-05-05,House,"Passage, as amended",127,3,0,0,130
312611,214882,2011-05-11,House,"Ward motion to Declare an Urgency",64,66,0,0,130
312611,214883,2011-05-12,House,Amendment,71,60,0,0,131
312611,214884,2011-05-12,House,"Amendment to Amendment",45,84,0,0,129
312611,214885,2011-05-12,House,Amendment,80,49,0,0,129
312611,214886,2011-05-12,House,Amendment,60,67,0,0,127
312611,214887,2011-05-12,House,Amendment,41,87,0,0,128
312611,214888,2011-05-12,House,Amendment,58,71,0,0,129
312611,214889,2011-05-12,House,Amendment,61,68,0,0,129
312611,214890,2011-05-12,House,Amendment,49,80,0,0,129
312611,214891,2011-05-12,House,Amendment,61,67,0,0,128
312611,214892,2011-05-12,House,Amendment,57,75,0,0,132
312611,214893,2011-05-12,House,Amendment,53,78,0,0,131
312611,214894,2011-05-12,House,Amendment,56,76,0,0,132
312611,214895,2011-05-12,House,"Passage, as amended",95,37,0,0,132
312611,214896,2011-05-23,House,"Repassage, as amended by Conference Committee",82,49,0,0,131
312793,214264,2011-05-10,House,"Passage, as amended",76,50,0,0,126
312803,214897,2011-05-21,House,Passage,133,0,0,0,133
313213,214650,2012-03-29,House,"Passage, as amended",130,0,0,0,130
313449,214898,2011-05-20,House,Passage,133,0,0,0,133
314310,214356,2011-05-14,House,"Passage, as amended",79,50,0,0,129
314310,214357,2012-02-29,House,"Repassage, as amended by the Senate",85,47,0,0,132
315096,214292,2011-03-31,House,"Passage, as amended",71,59,0,0,130
315096,214293,2011-05-18,House,"Repassage, as amended by Conference committee",71,61,0,0,132
315543,214899,2011-05-05,House,Passage,125,3,0,0,128
315602,214901,2011-05-16,House,"Passage, as amended",129,3,0,0,132
315673,214902,2011-05-10,House,Passage,127,5,0,0,132
315673,214903,2011-05-19,House,"Repassage, as amended by Conference committee",130,3,0,0,133
315837,213841,2012-04-19,House,"Passage, as amended",113,15,0,0,128
315837,213842,2012-04-26,House,"Repassage, as amended by Conference Committee",128,1,0,0,129
315877,214303,2011-05-09,House,"Amendment to Amendment",56,73,0,0,129
315877,214304,2011-05-09,House,Amendment,73,56,0,0,129
315877,214305,2011-05-09,House,Amendment,97,32,0,0,129
315877,214306,2011-05-09,House,Amendment,56,74,0,0,130
315877,214307,2011-05-09,House,Amendment,59,71,0,0,130
315877,214308,2011-05-09,House,Amendment,53,76,0,0,129
315877,214309,2011-05-09,House,"Morrow motion for Re-Referral",59,71,0,0,130
315877,214310,2011-05-09,House,"Passage as amended",74,55,0,0,129
315877,214311,2011-05-23,House,"Repassage, as amended by Conference Committee",73,59,0,0,132
316404,214904,2011-05-22,House,Passage,129,1,0,0,130
316785,213939,2012-03-01,House,Passage,128,0,0,0,128
317018,214295,2011-05-17,House,"Sarah Anderson motion - Adoption",60,73,0,0,133
317205,214462,2011-04-28,House,"Atkins motion - Re-referral",61,70,0,0,131
317297,214917,2012-03-08,House,Passage,129,1,0,0,130
317305,214326,2011-04-28,House,Amendment,61,71,0,0,132
317305,214327,2011-04-28,House,Amendment,61,71,0,0,132
317305,214328,2011-04-28,House,"Passage, as amended",70,62,0,0,132
317937,214340,2011-04-06,House,,72,60,0,0,132
317937,214341,2011-04-06,House,Amendment,59,71,0,0,130
317937,214342,2011-04-06,House,Amendment,60,71,0,0,131
317937,214343,2011-04-06,House,Amendment,54,78,0,0,132
317937,214344,2011-04-06,House,Amendment,57,75,0,0,132
317937,214345,2011-04-06,House,Amendment,60,72,0,0,132
317937,214346,2011-04-06,House,Amendment,64,69,0,0,133
317937,214347,2011-04-06,House,Amendment,71,61,0,0,132
317937,214348,2011-04-06,House,"Amendment to Amendment",62,70,0,0,132
317937,214349,2011-04-06,House,"Passage, as amended",72,61,0,0,133
317937,214350,2011-05-09,House,"Thissen motion to Discharge Conference Committee",59,70,0,0,129
317937,214351,2011-05-18,House,"Repassage, as amended by Conference committee",70,62,0,0,132
318074,214354,2012-03-15,House,Passage,132,0,0,0,132
318105,214905,2011-05-20,House,Passage,130,4,0,0,134
318187,214906,2011-05-21,House,Passage,101,32,0,0,133
318484,214359,2011-05-20,House,Passage,131,3,0,0,134
318641,214810,2012-03-29,House,Passage,127,2,0,0,129
318641,214811,2012-04-19,House,"Repassage, as amended by the Senate",127,3,0,0,130
319100,214907,2011-05-21,House,Passage,133,0,0,0,133
319156,214908,2011-04-28,House,"Passage, as amended",125,3,0,0,128
325376,214448,2012-03-01,House,Passage,70,62,0,0,132
325389,214909,2011-05-20,House,"Passage, as amended",127,5,0,0,132
325422,214910,2011-05-23,House,Passage,131,0,0,0,131
325440,214911,2011-05-21,House,"Passage, as amended",131,2,0,0,133
325440,214912,2011-05-23,House,"Repassage, as amended by Conference Committee",128,5,0,0,133
325641,214913,2011-05-20,House,"Passage, as amended",117,17,0,0,134
325655,214914,2011-05-20,House,Passage,132,2,0,0,134
325660,214395,2011-05-16,House,Passage,132,1,0,0,133
325707,214915,2011-05-23,House,"Passage, as amended",130,1,0,0,131
325905,214007,2011-05-21,House,"Murphy, E. motion Re-Referral",61,71,0,0,132
325905,214008,2011-05-21,House,Passage,70,62,0,0,132
326101,214923,2012-02-13,House,Passage,133,0,0,0,133
326614,213988,2012-04-19,House,Passage,119,10,0,0,129
326614,213989,2012-04-26,House,"Repassage, as amended by Conference Committee",121,4,0,0,125
327029,214849,2012-02-29,House,Passage,123,9,0,0,132
327032,214431,2011-05-14,House,Amendment,54,79,0,0,133
327032,214432,2011-05-14,House,Amendment,38,94,0,0,132
327032,214433,2011-05-14,House,"Amendment, as amended",74,55,0,0,129
327032,214434,2011-05-14,House,Amendment,63,69,0,0,132
327032,214435,2011-05-14,House,Amendment,124,6,0,0,130
327032,214436,2011-05-14,House,Amendment,49,81,0,0,130
327032,214437,2011-05-14,House,Amendment,49,82,0,0,131
327032,214438,2011-05-14,House,Amendment,119,12,0,0,131
327032,214439,2011-05-14,House,Amendment,52,79,0,0,131
327032,214440,2011-05-14,House,Amendment,60,70,0,0,130
327032,214441,2011-05-14,House,"Passage, as amended",86,45,0,0,131
327032,214442,2011-05-23,House,"Hansen motion to refuse to adopt the Conference Committee Report",119,14,0,0,133
327032,214443,2011-05-23,House,,69,65,0,0,134
327122,213825,2012-03-27,House,Passage,112,19,0,0,131
329545,214266,2012-04-17,House,Passage,131,0,0,0,131
329551,214196,2012-05-09,House,,126,2,0,0,128
330304,214273,2012-03-15,House,Passage,95,36,0,0,131
330591,213921,2012-04-20,House,"Passage, as amended",110,14,0,0,124
330591,213922,2012-05-07,House,Repassage,111,17,0,0,128
331366,214916,2012-03-08,House,Passage,130,0,0,0,130
331502,214792,2012-05-07,House,"Holberg motion - Suspension of Rule 4.05",102,29,0,0,131
331502,214793,2012-05-07,House,Amendment,62,69,0,0,131
331502,214794,2012-05-07,House,Amendment,47,84,0,0,131
331502,214795,2012-05-07,House,Amendment,37,92,0,0,129
331502,214796,2012-05-07,House,"Passage, as amended",99,32,0,0,131
331502,214797,2012-05-08,House,"Repassage, as amended by the Senate",97,33,0,0,130
382910,214759,2012-04-05,House,"Passage, as amended",122,0,0,0,122
382915,214706,2012-04-05,House,Passage,116,3,0,0,119
382916,214836,2012-04-16,House,Passage,127,0,0,0,127
382937,214840,2012-04-16,House,Passage,128,0,0,0,128
382939,214940,2012-04-25,House,"Passage, as amended",125,0,0,0,125
382950,214842,2012-03-27,House,"Passage, as amended",128,4,0,0,132
382950,214843,2012-04-05,House,"Repassage, as amended by Conference committee",122,0,0,0,122
382963,214609,2012-04-19,House,"Passage, as amended",129,1,0,0,130
382963,214610,2012-04-27,House,"Repassage, as amended by Conference Committee",75,54,0,0,129
382969,214049,2012-03-22,House,,71,60,0,0,131
382969,214050,2012-03-22,House,Amendment,50,77,0,0,127
382969,214051,2012-03-22,House,Amendment,53,74,0,0,127
382969,214052,2012-03-22,House,"Oral Amendment",46,81,0,0,127
382969,214053,2012-03-22,House,"Passage, as amended",79,49,0,0,128
382969,214054,2012-03-29,House,"Repassage, as amended by Conference Committee",92,36,0,0,128
382983,214584,2012-04-05,House,"Passage, as amended",122,0,0,0,122
382993,214921,2012-04-05,House,Passage,126,0,0,0,126
382994,214760,2012-03-26,House,Passage,131,0,0,0,131
383008,213889,2012-03-30,House,Passage,96,32,0,0,128
383008,213890,2012-04-28,House,"Repassage, as amended by Conference Committee",129,0,0,0,129
383044,214865,2012-04-16,House,Passage,128,0,0,0,128
383062,214776,2012-03-28,House,Passage,133,0,0,0,133
383069,214463,2012-04-02,House,Passage,77,53,0,0,130
383069,214464,2012-04-19,House,"Repassage, as amended by the Senate",78,51,0,0,129
383071,214567,2012-03-29,House,Passage,68,63,0,0,131
383071,214568,2012-04-24,House,"Repassage, as amended by Conference Committee",68,63,0,0,131
383119,214920,2012-02-16,House,Passage,129,0,0,0,129
383122,214480,2012-03-26,House,Amendment,69,62,0,0,131
383122,214481,2012-03-26,House,"Passage, as amended",71,60,0,0,131
383142,214184,2012-03-01,House,Passage,128,0,0,0,128
383166,214469,2012-02-29,House,Passage,130,1,0,0,131
383175,213942,2012-02-16,House,"Kath motion to Re-Referral",60,70,0,0,130
383175,213943,2012-02-16,House,"Passage, as amended",68,61,0,0,129
383175,213944,2012-04-26,House,"Repassage, as amended by Conference Committee",70,61,0,0,131
383195,214834,2012-03-01,House,Passage,91,39,0,0,130
383195,214835,2012-04-18,House,"Repassage, as amended by the Senate",105,17,0,0,122
383210,213822,2012-02-29,House,Passage,128,2,0,0,130
383216,213821,2012-02-29,House,Passage,116,15,0,0,131
383229,214748,2012-03-28,House,Passage,91,40,0,0,131
383229,214749,2012-04-16,House,"Repassage, as amended by Conference Committee",83,41,0,0,124
383232,214707,2012-03-28,House,Passage,81,50,0,0,131
383232,214708,2012-04-19,House,"Repassage, as amended by the Senate",87,43,0,0,130
383233,214651,2012-03-01,House,Amendment,64,68,0,0,132
383233,214652,2012-03-01,House,Passage,69,63,0,0,132
383275,213819,2012-02-13,House,Amendment,29,104,0,0,133
383275,213820,2012-02-13,House,Passage,132,0,0,0,132
383279,214710,2012-02-09,House,Passage,74,55,0,0,129
383822,214574,2012-03-08,House,Passage,129,0,0,0,129
384118,214260,2012-03-29,House,Passage,128,0,0,0,128
385377,214536,2012-02-29,House,Passage,131,0,0,0,131
385377,214537,2012-04-27,House,"Repassage, as amnended by the Senate",93,30,0,0,123
385647,214704,2012-03-15,House,"Passage, as amended",130,0,0,0,130
385647,214705,2012-03-28,House,"Repassage, as amended by the Senate",131,0,0,0,131
385686,214654,2012-03-13,House,"Dean motion to Lay on the Table",72,57,0,0,129
385686,214655,2012-03-13,House,,71,60,0,0,131
385686,214656,2012-03-13,House,"Adoption of the Majority Report",72,59,0,0,131
385686,214657,2012-03-13,House,,71,60,0,0,131
385686,214658,2012-03-15,House,Amendment,59,73,0,0,132
385686,214659,2012-03-15,House,,72,61,0,0,133
385686,214660,2012-03-15,House,,73,59,0,0,132
385686,214661,2012-03-15,House,Passage,74,59,0,0,133
385686,214662,2012-04-02,House,"Garofalo motion Refuse to Adopt",55,72,0,0,127
385686,214663,2012-04-02,House,"Repassage, as amended by Conference",75,56,0,0,131
385978,214224,2012-04-28,House,"Passage, as amended",118,11,0,0,129
385978,214225,2012-05-09,House,Repassage,116,13,0,0,129
386013,214556,2012-04-30,House,Passage,71,61,0,0,132
386268,214788,2012-04-18,House,"Passage, as amended",127,1,0,0,128
386309,214640,2012-04-18,House,Passage,133,0,0,0,133
386320,214451,2012-04-28,House,,128,0,0,0,128
386453,214757,2012-04-16,House,Passage,129,0,0,0,129
386521,214533,2012-04-23,House,"Passage, as amended",77,50,0,0,127
391001,214142,2012-03-27,House,Amendment,62,70,0,0,132
391001,214143,2012-03-27,House,Amendment,62,71,0,0,133
391001,214144,2012-03-27,House,Amendment,62,71,0,0,133
391001,214145,2012-03-27,House,Amendment,64,69,0,0,133
391001,214146,2012-03-27,House,Amendment,52,80,0,0,132
391001,214147,2012-03-27,House,Passage,81,51,0,0,132
391444,214552,2012-04-18,House,"Passage, as amended",128,0,0,0,128
391444,214553,2012-05-03,House,"Repassage, as amended by Conference Committee",87,40,0,0,127
392379,213983,2012-04-28,House,"Amendment to Garofalo Amendment",16,114,0,0,130
392379,213984,2012-04-28,House,"Passage, as amended",72,58,0,0,130
392379,213985,2012-05-07,House,"Repassage, as amended by Conference Committee",78,50,0,0,128
392386,214653,2012-04-24,House,Passage,131,0,0,0,131
392413,214380,2012-04-03,House,Amendment,83,45,0,0,128
392413,214381,2012-04-03,House,"Passage, as amended",90,41,0,0,131
392413,214382,2012-04-23,House,"Repassage, as amended by Conference Committee",95,33,0,0,128
392509,214779,2012-03-08,House,Passage,130,0,0,0,130
392530,214635,2012-03-28,House,Passage,130,0,0,0,130
392594,214406,2012-04-26,House,,118,9,0,0,127
392618,214407,2012-04-20,House,Passage,127,0,0,0,127
392618,214408,2012-04-27,House,"Repassage, as amended by the Senate",127,0,0,0,127
392643,214605,2012-03-08,House,Passage,130,0,0,0,130
392643,214606,2012-04-17,House,"Repassage, as amended by the Senate",131,0,0,0,131
392671,214701,2012-03-29,House,Passage,129,0,0,0,129
392671,214702,2012-04-16,House,"Repassage, as amended by Conference Committee",125,0,0,0,125
394437,214580,2012-03-19,House,Passage,129,0,0,0,129
394454,214167,2012-03-26,House,Passage,126,5,0,0,131
394454,214168,2012-04-20,House,"Repassage, as amended by Conference Committee",118,6,0,0,124
394478,214496,2012-04-03,House,"Oral Amendment to Hackbarth Amendment",61,70,0,0,131
394478,214497,2012-04-03,House,"Amendment to Hackbarth Amendment",62,68,0,0,130
394478,214498,2012-04-03,House,Amendment,87,44,0,0,131
394478,214499,2012-04-03,House,Amendment,60,71,0,0,131
394478,214500,2012-04-03,House,,71,59,0,0,130
394478,214501,2012-04-03,House,Amendment,61,70,0,0,131
394478,214502,2012-04-03,House,Amendment,53,77,0,0,130
394478,214503,2012-04-03,House,Amendment,57,73,0,0,130
394478,214504,2012-04-03,House,Amendment,49,82,0,0,131
394478,214505,2012-04-03,House,Amendment,55,76,0,0,131
394478,214506,2012-04-03,House,Amendment,47,81,0,0,128
394478,214507,2012-04-03,House,"Passage, as amended",82,49,0,0,131
394478,214508,2012-04-28,House,"Repassage, as amended by Conference Committee",68,62,0,0,130
394584,213861,2012-04-05,House,Amendment,55,71,0,0,126
394584,213862,2012-04-05,House,Amendment,59,67,0,0,126
394584,213863,2012-04-05,House,Amendment,51,74,0,0,125
394584,213864,2012-04-05,House,Amendment,57,67,0,0,124
394584,213865,2012-04-05,House,Amendment,42,83,0,0,125
394584,213866,2012-04-05,House,Amendment,56,68,0,0,124
394584,213867,2012-04-05,House,Amendment,17,108,0,0,125
394584,213868,2012-04-05,House,Amendment,64,61,0,0,125
394584,213869,2012-04-05,House,Amendment,57,67,0,0,124
394584,213870,2012-04-05,House,Amendment,59,66,0,0,125
394584,213871,2012-04-05,House,Amendment,68,57,0,0,125
394584,213872,2012-04-05,House,Amendment,41,82,0,0,123
394584,213873,2012-04-05,House,Amendment,74,51,0,0,125
394584,213874,2012-04-05,House,Amendment,51,74,0,0,125
394584,213875,2012-04-05,House,Amendment,45,80,0,0,125
394584,213876,2012-04-05,House,Amendment,53,72,0,0,125
394584,213877,2012-04-05,House,"Passage, as amended",74,52,0,0,126
394584,213878,2012-04-27,House,"Repassage, as amended by Conference Committee",77,52,0,0,129
394643,214582,2012-03-29,House,Passage,116,12,0,0,128
395401,214240,2012-04-02,House,Passage,115,18,0,0,133
395567,213958,2012-05-03,House,,97,28,0,0,125
395567,213959,2012-05-03,House,Passage,104,24,0,0,128
395579,214494,2012-04-03,House,Passage,130,0,0,0,130
395647,214747,2012-04-05,House,Passage,116,0,0,0,116
396633,214767,2012-03-19,House,"Passage, as amended",104,26,0,0,130
396633,214768,2012-04-25,House,"Repassage, as amended by Conference Committee",110,21,0,0,131
396665,214738,2012-03-28,House,"Passage, as amended",133,0,0,0,133
396665,214739,2012-04-16,House,"Repassage, as amended by Conference Committee",125,0,0,0,125
396725,214728,2012-04-19,House,Passage,89,40,0,0,129
396855,213997,2012-04-02,House,,71,61,0,0,132
396855,213998,2012-04-02,House,"Passage, as amended",131,0,0,0,131
397100,214852,2012-03-28,House,"Passage,as amended",131,0,0,0,131
397100,214853,2012-04-05,House,"Repassage, as amended by the Senate",122,0,0,0,122
397790,214848,2012-04-16,House,Passage,119,9,0,0,128
397902,214226,2012-04-02,House,Passage,120,12,0,0,132
397938,213814,2012-05-07,House,Passage,74,56,0,0,130
398694,214754,2012-02-29,House,"Passage, as amended",130,0,0,0,130
398694,214755,2012-04-19,House,"Repassage, as amended by the Senate",129,0,0,0,129
398739,214179,2012-03-26,House,Passage,131,0,0,0,131
398852,214482,2012-04-20,House,Passage,126,1,0,0,127
398852,214483,2012-04-30,House,"Repassage, as amended by Conference Committee",127,1,0,0,128
398903,213903,2012-04-05,House,"Passage, as amended",122,0,0,0,122
399008,214744,2012-03-15,House,Passage,129,1,0,0,130
399031,214106,2012-03-29,House,,71,56,0,0,127
399031,214107,2012-03-29,House,,71,55,0,0,126
399031,214108,2012-03-29,House,Amendment,56,70,0,0,126
399031,214109,2012-03-29,House,Amendment,56,69,0,0,125
399031,214110,2012-03-29,House,,76,49,0,0,125
399031,214111,2012-03-29,House,"Passage, as amended",79,49,0,0,128
399031,214112,2012-04-24,House,"Repassage, as amended by Conference Committee",128,2,0,0,130
399264,214173,2012-03-28,House,"Passage, as amended",116,16,0,0,132
399268,214622,2012-04-20,House,Amendment,36,87,0,0,123
399268,214623,2012-04-20,House,Passage,81,40,0,0,121
399268,214624,2012-04-20,House,Passage,80,47,0,0,127
399269,214189,2012-04-23,House,Amendment,54,74,0,0,128
399269,214190,2012-04-23,House,Passage,88,40,0,0,128
399813,214539,2012-04-18,House,Amendment,28,95,0,0,123
399813,214540,2012-04-18,House,Passage,80,48,0,0,128
399813,214541,2012-04-26,House,"Repassage, as amended by the Senate",76,47,0,0,123
399938,214534,2012-03-21,House,"Passage, as amended",72,62,0,0,134
399938,214535,2012-05-01,House,"Repassage, as amended by Conference Committee",73,57,0,0,130
399997,214013,2012-04-02,House,"Passage, as amended",118,15,0,0,133
400056,214808,2012-03-22,House,Passage,128,0,0,0,128
400056,214809,2012-04-05,House,"Repassage, as amended by the Senate",122,0,0,0,122
400926,214056,2012-04-25,House,Amendment,128,2,0,0,130
400926,214057,2012-04-25,House,"Passage, as amended",70,58,0,0,128
400928,214194,2012-04-02,House,Passage,88,42,0,0,130
400928,214195,2012-04-02,House,"Passage, as amended",90,42,0,0,132
401052,214597,2012-04-16,House,Passage,117,8,0,0,125
401119,214237,2012-04-02,House,Passage,107,25,0,0,132
401123,214789,2012-05-07,House,"Passage, as amended",131,0,0,0,131
401156,214829,2012-04-02,House,Passage,131,1,0,0,132
401790,214669,2012-03-30,House,Amendment,43,85,0,0,128
401790,214670,2012-03-30,House,Amendment,52,74,0,0,126
401790,214671,2012-03-30,House,Amendment,39,86,0,0,125
401790,214672,2012-03-30,House,Amendment,44,81,0,0,125
401790,214673,2012-03-30,House,,67,56,0,0,123
401790,214674,2012-03-30,House,Amendment,49,70,0,0,119
401790,214675,2012-03-30,House,"Passage, as amended",102,20,0,0,122
401790,214676,2012-04-24,House,"Repassage, as amended by Conference Committee",111,20,0,0,131
401821,214105,2012-02-20,House,Passage,127,1,0,0,128
401838,214551,2012-03-08,House,Passage,129,1,0,0,130
401972,214543,2012-03-08,House,Passage,130,0,0,0,130
401998,214740,2012-03-29,House,Passage,121,9,0,0,130
402229,214548,2012-04-17,House,"Oral Amendment to Franson et al Amendment",59,71,0,0,130
402229,214549,2012-04-17,House,Amendment,72,59,0,0,131
402229,214550,2012-04-17,House,"Passage, as amended",72,59,0,0,131
403648,214900,2012-04-02,House,Passage,132,0,0,0,132
403685,214857,2012-04-16,House,Passage,128,0,0,0,128
403903,214737,2012-04-02,House,Passage,81,48,0,0,129
404015,213920,2012-04-16,House,Passage,67,63,0,0,130
404044,214615,2012-04-20,House,"Passage, as amended",99,28,0,0,127
404055,214429,2012-03-08,House,Passage,130,0,0,0,130
404093,214161,2012-04-19,House,Passage,128,1,0,0,129
405990,213855,2012-04-25,House,Passage,128,0,0,0,128
406036,214727,2012-04-05,House,Passage,121,0,0,0,121
406162,214564,2012-04-16,House,Passage,128,0,0,0,128
406176,214769,2012-04-19,House,Passage,126,1,0,0,127
406293,214566,2012-04-27,House,Passage,96,34,0,0,130
406401,214804,2012-04-02,House,Passage,131,0,0,0,131
407341,214626,2012-03-29,House,,72,57,0,0,129
407341,214627,2012-03-29,House,,73,55,0,0,128
407341,214628,2012-03-29,House,Passage,78,51,0,0,129
407341,214629,2012-04-18,House,"Repassage, as amended by the Senate",73,54,0,0,127
407350,214003,2012-03-28,House,Passage,120,11,0,0,131
407350,214004,2012-04-20,House,"Repassage, as amended by Conference Committee",117,6,0,0,123
407453,214563,2012-04-17,House,Passage,133,0,0,0,133
407480,214120,2012-04-17,House,Passage,130,0,0,0,130
407604,214484,2012-04-20,House,"Amendment to Amendment",53,74,0,0,127
407604,214485,2012-04-20,House,Amendment,34,93,0,0,127
407604,214486,2012-04-20,House,Amendment,53,73,0,0,126
407604,214487,2012-04-20,House,"Passage, as amended",90,36,0,0,126
407604,214488,2012-04-28,House,"Repassage, as amended by Conference Committee",101,27,0,0,128
408695,214859,2012-04-05,House,Passage,119,0,0,0,119
408697,214604,2012-04-16,House,Passage,128,1,0,0,129
408705,214647,2012-04-17,House,"Oral Amendment",57,72,0,0,129
408705,214648,2012-04-17,House,Passage,85,46,0,0,131
408736,213854,2012-04-03,House,"Passage, as amended",130,0,0,0,130
408876,214525,2012-04-16,House,Passage,130,0,0,0,130
409007,213818,2012-04-18,House,"Passage, as amended",72,57,0,0,129
409579,214393,2012-04-16,House,Passage,114,17,0,0,131
409579,214394,2012-04-26,House,"Repassage, as amended by the Senate",123,1,0,0,124
409815,214415,2012-03-29,House,"Dean motion - Lay on the Table",71,59,0,0,130
409815,214416,2012-03-29,House,"Adoption of Majority Report",68,61,0,0,129
410543,214668,2012-04-17,House,Passage,131,2,0,0,133
410824,214271,2012-04-17,House,Passage,132,0,0,0,132
410837,214270,2012-04-02,House,Passage,132,0,0,0,132
411002,214875,2012-04-24,House,,72,59,0,0,131
411002,214876,2012-04-24,House,"Passage, as amended",109,20,0,0,129
411002,214877,2012-05-09,House,Repassage,99,30,0,0,129
411026,214798,2012-04-26,House,Amendment,57,70,0,0,127
411026,214799,2012-04-26,House,,56,71,0,0,127
411026,214800,2012-04-26,House,Amendment,35,92,0,0,127
411026,214801,2012-04-26,House,"Passage, as amended",89,38,0,0,127
411026,214802,2012-05-07,House,"Repassage, as amended by Conference Committee",128,2,0,0,130
411034,213902,2012-03-15,House,"Liebling motion - Recall and Re-Referral",52,75,0,0,127
411065,214805,2012-03-27,House,Amendment,55,76,0,0,131
411065,214806,2012-03-27,House,Passage,104,28,0,0,132
411192,214526,2012-04-16,House,"Passage, as amended",131,0,0,0,131
411192,214527,2012-04-30,House,"Repassage, as amended by the Senate",130,0,0,0,130
411226,214455,2012-03-27,House,"Passage, as amended",133,0,0,0,133
411243,214523,2012-03-29,House,Passage,82,48,0,0,130
412044,214458,2012-04-16,House,Passage,125,0,0,0,125
412105,214177,2012-04-05,House,Passage,118,3,0,0,121
412105,214178,2012-04-23,House,"Repassage, as amended by the Senate",125,3,0,0,128
412126,214711,2012-03-20,House,Amendment,59,74,0,0,133
412126,214712,2012-03-20,House,Amendment,65,69,0,0,134
412126,214713,2012-03-20,House,Amendment,62,72,0,0,134
412126,214714,2012-03-20,House,Amendment,62,72,0,0,134
412126,214715,2012-03-20,House,Amendment,62,72,0,0,134
412126,214716,2012-03-20,House,Amendment,63,71,0,0,134
412126,214717,2012-03-20,House,Amendment,62,72,0,0,134
412126,214718,2012-03-20,House,Amendment,62,72,0,0,134
412126,214719,2012-03-20,House,Amendment,59,73,0,0,132
412126,214720,2012-03-20,House,Amendment,63,71,0,0,134
412126,214721,2012-03-20,House,Amendment,62,72,0,0,134
412126,214722,2012-03-20,House,Passage,72,62,0,0,134
412126,214723,2012-04-03,House,"Repassage, as amended by Conference",72,57,0,0,129
412165,214366,2012-04-04,House,,60,71,0,0,131
412165,214367,2012-04-04,House,Amendment,66,65,0,0,131
412165,214368,2012-04-04,House,Amendment,30,98,0,0,128
412165,214369,2012-04-04,House,Amendment,74,53,0,0,127
412165,214370,2012-04-04,House,"Passage, as amended",78,51,0,0,129
412165,214371,2012-04-26,House,"Repassage, as amended by Conference Committee",127,0,0,0,127
412166,214851,2012-04-02,House,Passage,122,0,0,0,122
412220,214826,2012-04-19,House,Passage,128,0,0,0,128
412243,214620,2012-04-18,House,Passage,133,0,0,0,133
412243,214621,2012-04-26,House,"Repassage, as amended by Conference Committee",128,0,0,0,128
412267,214934,2012-04-17,House,Amendment,60,72,0,0,132
412267,214935,2012-04-17,House,Amendment,55,76,0,0,131
412267,214936,2012-04-17,House,"Passage, as amended",131,1,0,0,132
412267,214937,2012-04-26,House,"Repassage, as amended by Conference Committee",126,1,0,0,127
412287,214924,2012-04-25,House,"Passage, as amended",128,0,0,0,128
412311,214578,2012-04-19,House,Passage,128,0,0,0,128
412675,214764,2012-04-19,House,Passage,80,50,0,0,130
412932,214824,2012-04-16,House,Passage,128,0,0,0,128
412995,214812,2012-04-18,House,Passage,128,0,0,0,128
413039,214185,2012-03-30,House,Amendment,25,97,0,0,122
413039,214186,2012-03-30,House,Amendment,21,99,0,0,120
413039,214187,2012-03-30,House,"Passage, as amended",107,16,0,0,123
413039,214188,2012-04-23,House,Repassage,115,13,0,0,128
413044,214814,2012-04-05,House,Passage,122,0,0,0,122
413316,214565,2012-04-19,House,Passage,84,44,0,0,128
413327,214547,2012-04-18,House,Passage,118,3,0,0,121
413338,214724,2012-03-26,House,Passage,131,0,0,0,131
413346,214529,2012-04-24,House,Passage,131,0,0,0,131
413346,214530,2012-04-30,House,"Repassage, as amended by the Senate",97,34,0,0,131
413398,214573,2012-04-19,House,"Dean moved that the Thissen motion be laid on the table.",68,59,0,0,127
413434,214263,2012-04-17,House,"Passage, as amended",77,55,0,0,132
414182,214821,2012-04-16,House,Passage,113,14,0,0,127
414300,214743,2012-04-19,House,Passage,129,0,0,0,129
414976,213807,2012-04-04,House,Amendment,52,77,0,0,129
414976,213808,2012-04-04,House,Amendment,45,83,0,0,128
414976,213809,2012-04-04,House,Amendment,56,72,0,0,128
414976,213810,2012-04-04,House,"Passage, as amended",101,28,0,0,129
414976,213811,2012-04-26,House,"Urdahl motion - Adoption",85,46,0,0,131
414976,213812,2012-04-26,House,"Repassage, as amended by Conference Committee",75,56,0,0,131
416271,214035,2012-03-27,House,"Percell motion - Recall and Re-Referral",62,70,0,0,132
416413,214579,2012-03-29,House,Passage,73,57,0,0,130
416516,214941,2012-04-25,House,"Passage, as amended",128,0,0,0,128
417039,214162,2012-04-02,House,Amendment,59,71,0,0,130
417039,214163,2012-04-02,House,Amendment,55,76,0,0,131
417039,214164,2012-04-02,House,Amendment,46,85,0,0,131
417039,214165,2012-04-02,House,"Passage, as amended",78,54,0,0,132
417039,214166,2012-04-23,House,"Repassage, as amended by Conference Committee",119,9,0,0,128
417573,214771,2012-04-19,House,Passage,80,50,0,0,130
417573,214772,2012-05-09,House,"Wardlow motion - Refuse to Adopt",54,77,0,0,131
417573,214773,2012-05-09,House,Repassage,71,60,0,0,131
417932,214783,2012-04-24,House,Amendment,131,0,0,0,131
417932,214784,2012-04-24,House,"Passage, as amended",74,56,0,0,130
417932,214785,2012-05-07,House,"Thissen motion - Refuse to Concur",58,73,0,0,131
417932,214786,2012-05-07,House,"Repassage, as amended by the Senate",131,0,0,0,131
