bill_id,session_id,bill_number,status,status_desc,status_date,title,description,committee_id,committee,last_action_date,last_action,url,state_link
1388583,1795,HB4401,4,Passed,2020-12-23,"Relating to residential tenancies; declaring an emergency.","Requires Housing and Community Services Department to provide distributions to certain residential landlords for unpaid rent after April 1, 2020. Requires Housing and Community Services Department to provide distributions to certain residential landlords for unpaid rent after April 1, 2020. Requires department to report to Legislative Assembly on grants by September 15, 2021. Sunsets January 2, 2023. Extends until December 31, 2020, emergency period during which residential evictions for nonpayment are prohibited. Extends until June 30, 2021, prohibitions of terminations without cause, emergency period and repayment date for nonpayment by tenants declaring financial hardships. Extends 72- and 144-hour notices for nonpayment of rent to 10- and 13-day notices and increases penalty for landlord's retaliatory conduct until June 30, 2021. Tolls statute of limitations for residential landlords' claims for nonpayment through June 30, 2021. Declares emergency, effective on passage.",0,,2020-12-23,"Chapter 3, (2020 Laws): Effective date December 23, 2020.",https://legiscan.com/OR/bill/HB4401/2020/X3,https://olis.oregonlegislature.gov/liz/2020S3/Measures/Overview/HB4401
1388590,1795,HB4402,4,Passed,2020-12-23,"Relating to claims arising during the COVID-19 emergency period; declaring an emergency.","Limits liability of school districts, union high schools, education service districts, public charter schools, private schools providing instruction to any grade from kindergarten through grade 12 and community colleges for certain claims arising during COVID-19 emergency period. Limits liability of school districts, union high schools, education service districts, public charter schools, private schools providing instruction to any grade from kindergarten through grade 12 and community colleges for certain claims arising during COVID-19 emergency period. Prohibits certain private employers from engaging in retaliatory conduct relating to protected activities taken by employee during COVID-19 emergency period. Declares emergency, effective on passage.",0,,2020-12-23,"Chapter 4, (2020 Laws): Effective date December 23, 2020.",https://legiscan.com/OR/bill/HB4402/2020/X3,https://olis.oregonlegislature.gov/liz/2020S3/Measures/Overview/HB4402
1388579,1795,SB1801,4,Passed,2020-12-23,"Relating to consumable items; and declaring an emergency.","Allows holder of full on-premises sales license to sell and deliver mixed drinks or single serving of wine in sealed containers for off-premises consumption. Allows holder of full on-premises sales license to sell and deliver mixed drinks or single serving of wine in sealed containers for off-premises consumption. Requires Oregon Liquor Control Commission to adopt rules providing that not more than two mixed drinks or single servings of wine may be ordered per substantial food item ordered. Limits fees that third-party food platform may charge restaurant. Exempts restaurants located in specified jurisdictions from limits on fees. Establishes private right of action against third-party food platform for specified violation. Defines ""third-party food platform."" Requires third-party food platform to meet certain requirements within seven days of effective date. Sunsets 60 days after date on which declaration of state of emergency issued by Governor on March 8, 2020, and any extension of declaration, is no longer in effect. Declares emergency, effective on passage.",0,,2020-12-23,"Governor signed.",https://legiscan.com/OR/bill/SB1801/2020/X3,https://olis.oregonlegislature.gov/liz/2020S3/Measures/Overview/SB1801
1388572,1795,SB1802,6,Failed,2020-12-21,"Relating to civil claims arising during the COVID-19 emergency period; declaring an emergency.","Limits liability of health care providers, health maintenance organizations and hospitals for certain claims arising during COVID-19 emergency period. Limits liability of health care providers, health maintenance organizations and hospitals for certain claims arising during COVID-19 emergency period. Declares emergency, effective on passage.",0,,2020-12-21,"At President's desk upon adjournment.",https://legiscan.com/OR/bill/SB1802/2020/X3,https://olis.oregonlegislature.gov/liz/2020S3/Measures/Overview/SB1802
1388575,1795,SB1803,6,Failed,2020-12-21,"Relating to health care provided during the COVID-19 emergency period; declaring an emergency.","Limits liability of hospitals, health maintenance organizations, health care providers and locations where health care services are provided for certain claims arising during COVID-19 emergency period. Limits liability of hospitals, health maintenance organizations, health care providers and locations where health care services are provided for certain claims arising during COVID-19 emergency period. Declares emergency, effective on passage.",0,,2020-12-21,"In committee upon adjournment.",https://legiscan.com/OR/bill/SB1803/2020/X3,https://olis.oregonlegislature.gov/liz/2020S3/Measures/Overview/SB1803
1388567,1795,SB5731,4,Passed,2020-12-23,"Relating to state financial administration; and declaring an emergency.","Appropriates moneys from General Fund to Emergency Board for allocations during current biennium. Appropriates moneys from General Fund to Emergency Board for allocations during current biennium. Appropriates moneys to Housing and Community Services Department for certain expenses. Declares emergency, effective on passage.",0,,2020-12-23,"Governor signed.",https://legiscan.com/OR/bill/SB5731/2020/X3,https://olis.oregonlegislature.gov/liz/2020S3/Measures/Overview/SB5731
1388586,1795,SCR231,4,Passed,2020-12-23,"Adjourning sine die 2020 third special session of Eightieth Legislative Assembly.","Adjourns sine die 2020 third special session of Eightieth Legislative Assembly. Adjourns sine die 2020 third special session of Eightieth Legislative Assembly.",0,,2020-12-23,"Filed With Secretary of State.",https://legiscan.com/OR/bill/SCR231/2020/X3,https://olis.oregonlegislature.gov/liz/2020S3/Measures/Overview/SCR231
