bill_id,document_id,document_type,document_size,document_mime,document_desc,url,state_link
1388583,2222643,text,102589,application/pdf,Introduced,https://legiscan.com/OR/text/HB4401/id/2222643,https://olis.oregonlegislature.gov/liz/2020S3/Downloads/MeasureDocument/HB4401/Introduced
1388583,2222974,text,98137,application/pdf,Enrolled,https://legiscan.com/OR/text/HB4401/id/2222974,https://olis.oregonlegislature.gov/liz/2020S3/Downloads/MeasureDocument/HB4401/Enrolled
1388590,2222649,text,37370,application/pdf,Introduced,https://legiscan.com/OR/text/HB4402/id/2222649,https://olis.oregonlegislature.gov/liz/2020S3/Downloads/MeasureDocument/HB4402/Introduced
1388590,2222808,text,35552,application/pdf,Introduced,https://legiscan.com/OR/text/HB4402/id/2222808,https://olis.oregonlegislature.gov/liz/2020S3/Downloads/MeasureDocument/HB4402/House%20Amendments%20to%20Introduced
1388590,2222809,text,37735,application/pdf,Engrossed,https://legiscan.com/OR/text/HB4402/id/2222809,https://olis.oregonlegislature.gov/liz/2020S3/Downloads/MeasureDocument/HB4402/A-Engrossed
1388590,2223158,text,35236,application/pdf,Enrolled,https://legiscan.com/OR/text/HB4402/id/2223158,https://olis.oregonlegislature.gov/liz/2020S3/Downloads/MeasureDocument/HB4402/Enrolled
1388579,2222639,text,33261,application/pdf,Introduced,https://legiscan.com/OR/text/SB1801/id/2222639,https://olis.oregonlegislature.gov/liz/2020S3/Downloads/MeasureDocument/SB1801/Introduced
1388579,2222798,text,18600,application/pdf,Introduced,https://legiscan.com/OR/text/SB1801/id/2222798,https://olis.oregonlegislature.gov/liz/2020S3/Downloads/MeasureDocument/SB1801/Senate%20Amendments%20to%20Introduced
1388579,2222799,text,33385,application/pdf,Engrossed,https://legiscan.com/OR/text/SB1801/id/2222799,https://olis.oregonlegislature.gov/liz/2020S3/Downloads/MeasureDocument/SB1801/A-Engrossed
1388579,2222973,text,28121,application/pdf,Enrolled,https://legiscan.com/OR/text/SB1801/id/2222973,https://olis.oregonlegislature.gov/liz/2020S3/Downloads/MeasureDocument/SB1801/Enrolled
1388572,2222634,text,34205,application/pdf,Introduced,https://legiscan.com/OR/text/SB1802/id/2222634,https://olis.oregonlegislature.gov/liz/2020S3/Downloads/MeasureDocument/SB1802/Introduced
1388575,2222636,text,33444,application/pdf,Introduced,https://legiscan.com/OR/text/SB1803/id/2222636,https://olis.oregonlegislature.gov/liz/2020S3/Downloads/MeasureDocument/SB1803/Introduced
1388567,2222629,text,31265,application/pdf,Introduced,https://legiscan.com/OR/text/SB5731/id/2222629,https://olis.oregonlegislature.gov/liz/2020S3/Downloads/MeasureDocument/SB5731/Introduced
1388567,2223155,text,24053,application/pdf,Enrolled,https://legiscan.com/OR/text/SB5731/id/2223155,https://olis.oregonlegislature.gov/liz/2020S3/Downloads/MeasureDocument/SB5731/Enrolled
1388586,2222646,text,25680,application/pdf,Introduced,https://legiscan.com/OR/text/SCR231/id/2222646,https://olis.oregonlegislature.gov/liz/2020S3/Downloads/MeasureDocument/SCR231/Introduced
1388586,2223091,text,20293,application/pdf,Enrolled,https://legiscan.com/OR/text/SCR231/id/2223091,https://olis.oregonlegislature.gov/liz/2020S3/Downloads/MeasureDocument/SCR231/Enrolled
