bill_id,date,chamber,sequence,action
1388567,2020-12-21,Senate,1,"Introduction and first reading. Referred to President's desk."
1388567,2020-12-21,Senate,2,"Referred to The Third Special Session of 2020."
1388567,2020-12-21,Senate,3,"Work Session held."
1388567,2020-12-21,Senate,4,"Recommendation: Do pass."
1388567,2020-12-21,Senate,5,"Rules suspended. Second reading."
1388567,2020-12-21,Senate,6,"Rules suspended. Third reading. Carried by Manning Jr. Passed. Ayes, 24; Excused, 6--Boquist, Hansell, Heard, Johnson, Linthicum, Olsen."
1388567,2020-12-21,House,7,"First reading. Referred to Speaker's desk."
1388567,2020-12-21,House,8,"Referred to The Third Special Session of 2020."
1388567,2020-12-21,House,9,"Recommendation: Do pass."
1388567,2020-12-21,House,10,"Rules suspended. Second reading."
1388567,2020-12-21,House,11,"Rules suspended. Third reading. Carried by Rayfield. Passed. Ayes, 52; Nays, 2--Nearman, Reschke; Excused, 6--Barreto, Bynum, Doherty, Wallan, Wilde, Wilson."
1388567,2020-12-23,Senate,12,"President signed."
1388567,2020-12-23,House,13,"Speaker signed."
1388567,2020-12-23,Senate,14,"Governor signed."
1388572,2020-12-21,Senate,1,"Introduction and first reading. Referred to President's desk."
1388572,2020-12-21,Senate,2,"At President's desk upon adjournment."
1388575,2020-12-21,Senate,1,"Introduction and first reading. Referred to President's desk."
1388575,2020-12-21,Senate,2,"Referred to The Third Special Session of 2020."
1388575,2020-12-21,Senate,3,"Work Session held."
1388575,2020-12-21,Senate,4,"In committee upon adjournment."
1388579,2020-12-21,Senate,1,"Introduction and first reading. Referred to President's desk."
1388579,2020-12-21,Senate,2,"Referred to The Third Special Session of 2020."
1388579,2020-12-21,Senate,3,"Work Session held."
1388579,2020-12-21,Senate,4,"Recommendation: Do pass with amendments. (Printed A-Eng.)"
1388579,2020-12-21,Senate,5,"Rules suspended. Second reading."
1388579,2020-12-21,Senate,6,"Rules suspended. Third reading. Carried by Steiner Hayward. Passed. Ayes, 21; Nays, 3--Findley, Monnes Anderson, Thatcher; Excused, 6--Boquist, Hansell, Heard, Johnson, Linthicum, Olsen."
1388579,2020-12-21,Senate,7,"Vote explanation filed by Monnes Anderson."
1388579,2020-12-21,House,8,"First reading. Referred to Speaker's desk."
1388579,2020-12-21,House,9,"Referred to The Third Special Session of 2020."
1388579,2020-12-21,House,10,"Recommendation: Do pass."
1388579,2020-12-21,House,11,"Rules suspended. Second reading."
1388579,2020-12-21,House,12,"Rules suspended. Third reading. Carried by Nosse. Passed. Ayes, 50; Nays, 4--Nearman, Reschke, Sanchez, Sollman; Excused, 6--Barreto, Bynum, Doherty, Wallan, Wilde, Wilson."
1388579,2020-12-21,House,13,"Vote explanation(s) filed by Keny-Guyer, Sollman."
1388579,2020-12-23,Senate,14,"President signed."
1388579,2020-12-23,House,15,"Speaker signed."
1388579,2020-12-23,Senate,16,"Governor signed."
1388583,2020-12-21,House,1,"First reading. Referred to Speaker's desk."
1388583,2020-12-21,House,2,"Referred to The Third Special Session of 2020."
1388583,2020-12-21,House,3,"Work Session held."
1388583,2020-12-21,House,4,"Recommendation: Do pass."
1388583,2020-12-21,House,5,"Rules suspended. Second reading."
1388583,2020-12-21,House,6,"Rules suspended. Third reading. Carried by Fahey. Passed. Ayes, 40; Nays, 14--Bonham, Boshart Davis, Breese-Iverson, Drazan, Hayden, Helt, Lewis, Meek, Moore-Green, Nearman, Post, Reschke, Sprenger, Stark; Excused, 6--Barreto, Bynum, Doherty, Wallan, Wilde, Wilson."
1388583,2020-12-21,Senate,7,"First reading. Referred to President's desk."
1388583,2020-12-21,Senate,8,"Referred to The Third Special Session of 2020."
1388583,2020-12-21,Senate,9,"Recommendation: Do pass."
1388583,2020-12-21,Senate,10,"Rules suspended. Second reading."
1388583,2020-12-21,Senate,11,"Rules suspended. Third reading. Carried by Beyer. Passed. Ayes, 18; Nays, 6--Baertschiger Jr, Boles, Findley, Girod, Knopp, Thatcher; Excused, 6--Boquist, Hansell, Heard, Johnson, Linthicum, Olsen."
1388583,2020-12-23,House,12,"Speaker signed."
1388583,2020-12-23,Senate,13,"President signed."
1388583,2020-12-23,House,14,"Governor signed."
1388583,2020-12-23,House,15,"Chapter 3, (2020 Laws): Effective date December 23, 2020."
1388586,2020-12-21,Senate,1,"Introduction and first reading. Referred to President's desk."
1388586,2020-12-21,Senate,2,"Referred to The Third Special Session of 2020."
1388586,2020-12-21,Senate,3,"Work Session held."
1388586,2020-12-21,Senate,4,"Recommendation: Do adopt."
1388586,2020-12-21,Senate,5,"Rules suspended. Second reading."
1388586,2020-12-21,Senate,6,"Rules suspended. Final reading. Carried by Wagner. Adopted. Ayes, 24; Excused, 6--Boquist, Hansell, Heard, Johnson, Linthicum, Olsen."
1388586,2020-12-21,House,7,"First reading. Referred to Speaker's desk."
1388586,2020-12-21,House,8,"Rules suspended. Read. Carried by Smith Warner. Adopted. Ayes, 51; Excused, 9--Barreto, Bynum, Clem, Doherty, Evans, Prusak, Wallan, Wilde, Wilson."
1388586,2020-12-23,Senate,9,"President signed."
1388586,2020-12-23,House,10,"Speaker signed."
1388586,2020-12-23,Senate,11,"Filed With Secretary of State."
1388590,2020-12-21,House,1,"First reading. Referred to Speaker's desk."
1388590,2020-12-21,House,2,"Referred to The Third Special Session of 2020."
1388590,2020-12-21,House,3,"Work Session held."
1388590,2020-12-21,House,4,"Recommendation: Do pass with amendments and be printed A-Engrossed."
1388590,2020-12-21,House,5,"Rules suspended. Second reading."
1388590,2020-12-21,House,6,"Rules suspended. Third reading. Carried by Sollman. Passed. Ayes, 46; Nays, 8--Evans, Fahey, Holvey, Lawrence Spence, Nearman, Nosse, Rayfield, Reschke; Excused, 6--Barreto, Bynum, Doherty, Wallan, Wilde, Wilson."
1388590,2020-12-21,House,7,"Vote explanation(s) filed by Keny-Guyer, Reschke."
1388590,2020-12-21,Senate,8,"First reading. Referred to President's desk."
1388590,2020-12-21,Senate,9,"Referred to The Third Special Session of 2020."
1388590,2020-12-21,Senate,10,"Recommendation: Do pass the A-Eng. bill."
1388590,2020-12-21,Senate,11,"Rules suspended. Second reading."
1388590,2020-12-21,Senate,12,"Rules suspended. Third reading. Carried by Girod. Passed. Ayes, 20; Nays, 4--Fagan, Frederick, Gelser, Riley; Excused, 6--Boquist, Hansell, Heard, Johnson, Linthicum, Olsen."
1388590,2020-12-21,Senate,13,"Baertschiger Jr, Burdick, Girod, Golden, Hass, Monnes Anderson, Thatcher, Wagner declared potential conflict of interest."
1388590,2020-12-21,Senate,14,"Vote explanations filed by Dembrow, Gelser."
1388590,2020-12-23,House,15,"Speaker signed."
1388590,2020-12-23,Senate,16,"President signed."
1388590,2020-12-23,House,17,"Governor signed."
1388590,2020-12-23,House,18,"Chapter 4, (2020 Laws): Effective date December 23, 2020."
