bill_id,roll_call_id,date,chamber,description,yea,nay,nv,absent,total
1388567,983785,2020-12-21,Senate,"Senate Committee Do pass",10,0,0,0,10
1388567,983786,2020-12-21,Senate,"Senate Third Reading",24,0,0,6,30
1388567,983812,2020-12-21,House,"House Third Reading",52,2,0,6,60
1388575,983799,2020-12-21,Senate,"Senate Committee Do pass",7,3,0,0,10
1388579,983783,2020-12-21,Senate,"Senate Committee Do pass with amendments. (Printed A-Eng.)",9,1,0,0,10
1388579,983784,2020-12-21,Senate,"Senate Third Reading",21,3,0,6,30
1388579,983811,2020-12-21,House,"House Third Reading",50,4,0,6,60
1388583,983791,2020-12-21,House,"House Committee Do Pass",6,4,0,0,10
1388583,983806,2020-12-21,Senate,"Senate Third Reading",18,6,0,6,30
1388583,983810,2020-12-21,House,"House Third Reading",40,14,0,6,60
1388586,983800,2020-12-21,Senate,"Senate Committee Do adopt",10,0,0,0,10
1388586,983830,2020-12-21,Senate,"Senate Final Reading",24,0,0,6,30
1388586,983831,2020-12-21,House,"House Read and Adopted",51,0,0,9,60
1388590,983793,2020-12-21,House,"House Committee Do pass with amendments. (Printed A-Eng.)",9,1,0,0,10
1388590,983808,2020-12-21,House,"House Third Reading",46,8,0,6,60
1388590,983809,2020-12-21,Senate,"Senate Third Reading",20,4,0,6,30
