bill_id,session_id,bill_number,status,status_desc,status_date,title,description,committee_id,committee,last_action_date,last_action,url,state_link
1534599,1950,HB2001,2,Engrossed,2021-02-12,"Creating the crime of sexual extortion and requiring an offender to register under the Kansas offender registration act.","Creating the crime of sexual extortion and requiring an offender to register under the Kansas offender registration act.",0,,2021-03-15,"Senate Committee Report recommending bill be passed as amended by Committee on Judiciary",https://legiscan.com/KS/bill/HB2001/2021/X1,http://kslegislature.org/li/b2021_22/measures/hb2001/
1534598,1950,HB2002,1,Introduced,2021-01-11,"Enacting the national popular vote interstate compact for electing the president of the United States.","Enacting the national popular vote interstate compact for electing the president of the United States.",1376,"House Elections",2021-01-11,"House Referred to Committee on Elections",https://legiscan.com/KS/bill/HB2002/2021/X1,http://kslegislature.org/li/b2021_22/measures/hb2002/
1534664,1950,HB2003,1,Introduced,2021-01-11,"Providing for county treasurers to establish a payment plan for the payment of delinquent or nondelinquent taxes.","Providing for county treasurers to establish a payment plan for the payment of delinquent or nondelinquent taxes.",1392,"House Taxation",2021-01-20,"House Hearing: Wednesday, January 20, 2021, 3:30 PM Room 346-S - CANCELED",https://legiscan.com/KS/bill/HB2003/2021/X1,http://kslegislature.org/li/b2021_22/measures/hb2003/
1534601,1950,HR6001,4,Passed,2021-01-21,"Providing for the organization of the House of Representatives for the 2021 session.","Providing for the organization of the House of Representatives for the 2021 session.",0,,2021-01-21,"House Enrolled on Thursday, January 21, 2021",https://legiscan.com/KS/bill/HR6001/2021/X1,http://kslegislature.org/li/b2021_22/measures/hr6001/
1534600,1950,HR6002,4,Passed,2021-01-21,"Assigning seats in the House of Representatives for the 2021 session.","Assigning seats in the House of Representatives for the 2021 session.",0,,2021-01-21,"House Enrolled on Thursday, January 21, 2021",https://legiscan.com/KS/bill/HR6002/2021/X1,http://kslegislature.org/li/b2021_22/measures/hr6002/
1534602,1950,SB1,2,Engrossed,2021-02-05,"Authorizing the state fair board to use moneys in the state fair capital improvements fund for general operations for fiscal years 2021 and 2022.","Authorizing the state fair board to use moneys in the state fair capital improvements fund for general operations for fiscal years 2021 and 2022.",1369,"House Appropriations",2021-02-17,"House Hearing: Wednesday, February 17, 2021, 9:00 AM Room 112-N",https://legiscan.com/KS/bill/SB1/2021/X1,http://kslegislature.org/li/b2021_22/measures/sb1/
1534724,1950,SB2,2,Engrossed,2021-03-25,"Allowing consumption of beer and wine on the Kansas state fairgrounds and crediting a portion of moneys collected from the liquor enforcement tax to the state fair capital improvements fund.","Allowing consumption of beer and wine on the Kansas state fairgrounds and crediting a portion of moneys collected from the liquor enforcement tax to the state fair capital improvements fund.",2782,"House Commerce, Labor and Economic Development",2021-03-25,"House Referred to Committee on Commerce, Labor and Economic Development",https://legiscan.com/KS/bill/SB2/2021/X1,http://kslegislature.org/li/b2021_22/measures/sb2/
1534716,1950,SR1701,4,Passed,2021-01-12,"Providing for the organization of the Senate for the 2021 session.","Providing for the organization of the Senate for the 2021 session.",0,,2021-01-12,"Senate Enrolled on Tuesday, January 12, 2021",https://legiscan.com/KS/bill/SR1701/2021/X1,http://kslegislature.org/li/b2021_22/measures/sr1701/
1534691,1950,SCR1601,4,Passed,2021-01-12,"Informing the Governor that the two houses of the Legislature are organized and ready to receive communications.","Informing the Governor that the two houses of the Legislature are organized and ready to receive communications.",0,,2021-01-12,"Senate Enrolled and presented to Secretary of State on Tuesday, January 12, 2021",https://legiscan.com/KS/bill/SCR1601/2021/X1,http://kslegislature.org/li/b2021_22/measures/scr1601/
1534725,1950,SCR1602,1,Introduced,2021-01-12,"Amending the bill of rights of the constitution of the state of Kansas to reserve to the people the right to regulate abortion through their elected state representatives and senators.","Amending the bill of rights of the constitution of the state of Kansas to reserve to the people the right to regulate abortion through their elected state representatives and senators.",0,,2021-02-01,"Senate Motion to strike from the calendar - adopted",https://legiscan.com/KS/bill/SCR1602/2021/X1,http://kslegislature.org/li/b2021_22/measures/scr1602/
