bill_id,document_id,document_type,document_size,document_mime,document_desc,url,state_link
1534599,2451141,text,76485,application/pdf,Introduced,https://legiscan.com/KS/text/HB2001/id/2451141,http://kslegislature.org/li_2021s/b2021s/measures/documents/hb2001_00_0000.pdf
1534599,2461269,text,116989,application/pdf,Introduced,https://legiscan.com/KS/text/HB2001/id/2461269,http://kslegislature.org/li/b2021_22/measures/documents/hb2001_00_0000.pdf
1534599,2451274,text,84262,application/pdf,Amended,https://legiscan.com/KS/text/HB2001/id/2451274,http://kslegislature.org/li_2021s/b2021s/measures/documents/hb2001_01_0000.pdf
1534599,2451275,text,128274,application/pdf,Amended,https://legiscan.com/KS/text/HB2001/id/2451275,http://kslegislature.org/li_2021s/b2021s/measures/documents/hb2001_02_0000.pdf
1534599,2461270,text,127592,application/pdf,Amended,https://legiscan.com/KS/text/HB2001/id/2461270,http://kslegislature.org/li/b2021_22/measures/documents/hb2001_01_0000.pdf
1534599,2461271,text,141384,application/pdf,Amended,https://legiscan.com/KS/text/HB2001/id/2461271,http://kslegislature.org/li/b2021_22/measures/documents/hb2001_02_0000.pdf
1534599,2451439,text,72603,application/pdf,Enrolled,https://legiscan.com/KS/text/HB2001/id/2451439,http://kslegislature.org/li_2021s/b2021s/measures/documents/hb2001_enrolled.pdf
1534598,2451140,text,340161,application/pdf,Introduced,https://legiscan.com/KS/text/HB2002/id/2451140,http://kslegislature.org/li_2021s/b2021s/measures/documents/hb2002_00_0000.pdf
1534598,2461267,text,82398,application/pdf,Introduced,https://legiscan.com/KS/text/HB2002/id/2461267,http://kslegislature.org/li/b2021_22/measures/documents/hb2002_00_0000.pdf
1534664,2451276,text,100136,application/pdf,Introduced,https://legiscan.com/KS/text/HB2003/id/2451276,http://kslegislature.org/li_2021s/b2021s/measures/documents/hb2003_00_0000.pdf
1534664,2462310,text,64417,application/pdf,Introduced,https://legiscan.com/KS/text/HB2003/id/2462310,http://kslegislature.org/li/b2021_22/measures/documents/hb2003_00_0000.pdf
1534601,2452101,text,64166,application/pdf,Introduced,https://legiscan.com/KS/text/HR6001/id/2452101,http://kslegislature.org/li_2021s/b2021s/measures/documents/hr6001_00_0000.pdf
1534601,2451590,text,48456,application/pdf,Enrolled,https://legiscan.com/KS/text/HR6001/id/2451590,http://kslegislature.org/li_2021s/b2021s/measures/documents/hr6001_enrolled.pdf
1534601,2462151,text,48789,application/pdf,Enrolled,https://legiscan.com/KS/text/HR6001/id/2462151,http://kslegislature.org/li/b2021_22/measures/documents/hr6001_enrolled.pdf
1534600,2452100,text,64112,application/pdf,Introduced,https://legiscan.com/KS/text/HR6002/id/2452100,http://kslegislature.org/li_2021s/b2021s/measures/documents/hr6002_00_0000.pdf
1534600,2451589,text,49878,application/pdf,Enrolled,https://legiscan.com/KS/text/HR6002/id/2451589,http://kslegislature.org/li_2021s/b2021s/measures/documents/hr6002_enrolled.pdf
1534600,2462150,text,58445,application/pdf,Enrolled,https://legiscan.com/KS/text/HR6002/id/2462150,http://kslegislature.org/li/b2021_22/measures/documents/hr6002_enrolled.pdf
1534602,2451142,text,79934,application/pdf,Introduced,https://legiscan.com/KS/text/SB1/id/2451142,http://kslegislature.org/li_2021s/b2021s/measures/documents/sb1_00_0000.pdf
1534602,2461268,text,72929,application/pdf,Introduced,https://legiscan.com/KS/text/SB1/id/2461268,http://kslegislature.org/li/b2021_22/measures/documents/sb1_00_0000.pdf
1534724,2451272,text,294288,application/pdf,Introduced,https://legiscan.com/KS/text/SB2/id/2451272,http://kslegislature.org/li_2021s/b2021s/measures/documents/sb2_00_0000.pdf
1534724,2462155,text,118595,application/pdf,Introduced,https://legiscan.com/KS/text/SB2/id/2462155,http://kslegislature.org/li/b2021_22/measures/documents/sb2_00_0000.pdf
1534716,2451591,text,49350,application/pdf,Enrolled,https://legiscan.com/KS/text/SR1701/id/2451591,http://kslegislature.org/li_2021s/b2021s/measures/documents/sr1701_enrolled.pdf
1534716,2462152,text,45828,application/pdf,Enrolled,https://legiscan.com/KS/text/SR1701/id/2462152,http://kslegislature.org/li/b2021_22/measures/documents/sr1701_enrolled.pdf
1534691,2451592,text,43441,application/pdf,Enrolled,https://legiscan.com/KS/text/SCR1601/id/2451592,http://kslegislature.org/li_2021s/b2021s/measures/documents/scr1601_enrolled.pdf
1534691,2462153,text,47087,application/pdf,Enrolled,https://legiscan.com/KS/text/SCR1601/id/2462153,http://kslegislature.org/li/b2021_22/measures/documents/scr1601_enrolled.pdf
1534725,2462154,text,80169,application/pdf,Introduced,https://legiscan.com/KS/text/SCR1602/id/2462154,http://kslegislature.org/li/b2021_22/measures/documents/scr1602_00_0000.pdf
1534725,2451607,text,42647,application/pdf,Enrolled,https://legiscan.com/KS/text/SCR1602/id/2451607,http://kslegislature.org/li_2021s/b2021s/measures/documents/scr1602_enrolled.pdf
1534599,121748,amendment,50082,application/pdf,"House Committee on Judiciary Report",https://legiscan.com/KS/amendment/HB2001/id/121748,http://kslegislature.org/li/b2021_22/measures/documents/cr_2021_hb2001_h_1097.pdf
1534599,121749,amendment,47161,application/pdf,"Senate Committee on Judiciary Report",https://legiscan.com/KS/amendment/HB2001/id/121749,http://kslegislature.org/li/b2021_22/measures/documents/cr_2021_hb2001_s_1714.pdf
1534599,120821,amendment,44592,application/pdf,"House Floor Amendment (Handwritten motion to amend offered by Rep. Jacobs.)",https://legiscan.com/KS/amendment/HB2001/id/120821,http://kslegislature.org/li_2021s/b2021s/measures/documents/fa_2021_hb2001_h_9131.pdf
1534599,120822,amendment,64436,application/pdf,"Senate Floor Amendment (Committee of the Whole - Motion to Amend - Offered by  Senator Masterson)",https://legiscan.com/KS/amendment/HB2001/id/120822,http://kslegislature.org/li_2021s/b2021s/measures/documents/fa_2021_hb2001_s_9135.pdf
1534599,120823,amendment,45514,application/pdf,"Senate Floor Amendment (Committee of the Whole - Motion to Amend - Offered by  Senator Pyle)",https://legiscan.com/KS/amendment/HB2001/id/120823,http://kslegislature.org/li_2021s/b2021s/measures/documents/fa_2021_hb2001_s_9139.pdf
1534599,120824,amendment,45759,application/pdf,"Senate Floor Amendment (Committee of the Whole - Motion to Amend - Offered by  Senator McGinn)",https://legiscan.com/KS/amendment/HB2001/id/120824,http://kslegislature.org/li_2021s/b2021s/measures/documents/fa_2021_hb2001_s_9138.pdf
1534599,120825,amendment,44091,application/pdf,"Senate Floor Amendment (Committee of the Whole - Motion to Amend - Offered by  Senator Straub)",https://legiscan.com/KS/amendment/HB2001/id/120825,http://kslegislature.org/li_2021s/b2021s/measures/documents/fa_2021_hb2001_s_9143.pdf
1534599,120827,amendment,40822,application/pdf,"Conference Committee Report",https://legiscan.com/KS/amendment/HB2001/id/120827,http://kslegislature.org/li_2021s/b2021s/measures/documents/ccr_2021_hb2001_s_9145.pdf
1534599,120828,amendment,65321,application/pdf,"Conference Committee Report",https://legiscan.com/KS/amendment/HB2001/id/120828,http://kslegislature.org/li_2021s/b2021s/measures/documents/ccr_2021_hb2001_s_9146.pdf
1534724,121751,amendment,39673,application/pdf,"Senate Committee on Federal and State Affairs Report",https://legiscan.com/KS/amendment/SB2/id/121751,http://kslegislature.org/li/b2021_22/measures/documents/cr_2021_sb2_s_1694.pdf
1534725,121750,amendment,38962,application/pdf,"Senate Committee on Judiciary Report",https://legiscan.com/KS/amendment/SCR1602/id/121750,http://kslegislature.org/li/b2021_22/measures/documents/cr_2021_scr1602_s_0556.pdf
1534599,216832,supplement,89418,application/pdf,Analysis,https://legiscan.com/KS/supplement/HB2001/id/216832,http://kslegislature.org/li_2021s/b2021s/measures/documents/supp_note_hb2001_01_0000.pdf
1534599,216833,supplement,106828,application/pdf,Analysis,https://legiscan.com/KS/supplement/HB2001/id/216833,http://kslegislature.org/li_2021s/b2021s/measures/documents/supp_note_hb2001_02_0000.pdf
1534599,216842,supplement,110531,application/pdf,Analysis,https://legiscan.com/KS/supplement/HB2001/id/216842,http://kslegislature.org/li_2021s/b2021s/measures/documents/ccrb_hb2001_02_0000.pdf
1534599,217721,supplement,88971,application/pdf,Analysis,https://legiscan.com/KS/supplement/HB2001/id/217721,http://kslegislature.org/li_2021s/b2021s/measures/documents/summary_hb_2001_2021.pdf
1534599,218911,supplement,116954,application/pdf,"Fiscal Note",https://legiscan.com/KS/supplement/HB2001/id/218911,http://kslegislature.org/li/b2021_22/measures/documents/fisc_note_hb2001_00_0000.pdf
1534599,218912,supplement,83869,application/pdf,Analysis,https://legiscan.com/KS/supplement/HB2001/id/218912,http://kslegislature.org/li/b2021_22/measures/documents/supp_note_hb2001_01_0000.pdf
1534599,218913,supplement,85376,application/pdf,Analysis,https://legiscan.com/KS/supplement/HB2001/id/218913,http://kslegislature.org/li/b2021_22/measures/documents/supp_note_hb2001_02_0000.pdf
1534598,218908,supplement,73294,application/pdf,"Fiscal Note",https://legiscan.com/KS/supplement/HB2002/id/218908,http://kslegislature.org/li/b2021_22/measures/documents/fisc_note_hb2002_00_0000.pdf
1534664,218948,supplement,15480,application/pdf,"Fiscal Note",https://legiscan.com/KS/supplement/HB2003/id/218948,http://kslegislature.org/li/b2021_22/measures/documents/fisc_note_hb2003_00_0000.pdf
1534602,218909,supplement,14214,application/pdf,"Fiscal Note",https://legiscan.com/KS/supplement/SB1/id/218909,http://kslegislature.org/li/b2021_22/measures/documents/fisc_note_sb1_00_0000.pdf
1534602,218910,supplement,68505,application/pdf,Analysis,https://legiscan.com/KS/supplement/SB1/id/218910,http://kslegislature.org/li/b2021_22/measures/documents/supp_note_sb1_00_0000.pdf
1534724,218915,supplement,111809,application/pdf,"Fiscal Note",https://legiscan.com/KS/supplement/SB2/id/218915,http://kslegislature.org/li/b2021_22/measures/documents/fisc_note_sb2_00_0000.pdf
1534724,218916,supplement,90725,application/pdf,Analysis,https://legiscan.com/KS/supplement/SB2/id/218916,http://kslegislature.org/li/b2021_22/measures/documents/supp_note_sb2_00_0000.pdf
1534725,218914,supplement,92204,application/pdf,Analysis,https://legiscan.com/KS/supplement/SCR1602/id/218914,http://kslegislature.org/li/b2021_22/measures/documents/supp_note_scr1602_00_0000.pdf
