bill_id,date,chamber,sequence,action
1534598,2021-01-11,House,1,"House Prefiled for Introduction on Tuesday, December 8, 2020"
1534598,2021-01-11,House,2,"House Introduced"
1534598,2021-01-11,House,3,"House Referred to Committee on Elections"
1534599,2021-01-11,House,1,"House Prefiled for Introduction on Thursday, December 3, 2020"
1534599,2021-01-11,House,2,"House Final Action - Passed;"
1534599,2021-01-11,House,3,"House Introduced"
1534599,2021-01-11,House,4,"House Referred to Committee on Corrections and Juvenile Justice"
1534599,2021-01-13,House,5,"House Withdrawn from  Committee on Corrections and Juvenile Justice; Referred to Committee on Judiciary"
1534599,2021-01-20,House,6,"House Hearing: Wednesday, January 20, 2021, 3:30 PM Room 582-N"
1534599,2021-02-08,House,7,"House Committee Report recommending bill be passed as amended by Committee on Judiciary"
1534599,2021-02-11,House,8,"House Committee of the Whole - Committee Report be adopted"
1534599,2021-02-11,House,9,"House Committee of the Whole - Be passed as amended"
1534599,2021-02-11,House,10,"House Emergency Final Action - Passed as amended;  Yea: 123 Nay: 0"
1534599,2021-02-12,House,11,"House Engrossed on Thursday, February 11, 2021"
1534599,2021-02-12,Senate,12,"Senate Received and Introduced"
1534599,2021-02-15,Senate,13,"Senate Referred to Committee on Judiciary"
1534599,2021-03-15,Senate,14,"Senate Hearing: Monday, March 15, 2021, 10:30 AM Room 346-S"
1534599,2021-03-15,Senate,15,"Senate Committee Report recommending bill be passed as amended by Committee on Judiciary"
1534600,2021-01-11,House,1,"House Introduced"
1534600,2021-01-11,House,2,"House Adopted without roll call"
1534600,2021-01-21,House,3,"House Enrolled on Thursday, January 21, 2021"
1534601,2021-01-11,House,1,"House Introduced"
1534601,2021-01-11,House,2,"House Adopted without roll call"
1534601,2021-01-21,House,3,"House Enrolled on Thursday, January 21, 2021"
1534602,2021-01-11,Senate,1,"Senate Prefiled for Introduction on Tuesday, December 8, 2020"
1534602,2021-01-11,Senate,2,"Senate Introduced"
1534602,2021-01-12,Senate,3,"Senate Referred to Committee on Ways and Means"
1534602,2021-01-26,Senate,4,"Senate Hearing: Tuesday, January 26, 2021, 10:30 AM Room 548-S"
1534602,2021-01-28,Senate,5,"Senate Committee Report recommending bill be passed and placed on Consent Calendar by"
1534602,2021-02-04,Senate,6,"Senate Consent Calendar Passed  Yea: 37 Nay: 0"
1534602,2021-02-05,House,7,"House Received and Introduced"
1534602,2021-02-05,House,8,"House Referred to Committee on Appropriations"
1534602,2021-02-17,House,9,"House Hearing: Wednesday, February 17, 2021, 9:00 AM Room 112-N"
1534664,2021-01-11,House,1,"House Prefiled for Introduction on Wednesday, December 9, 2020"
1534664,2021-01-11,House,2,"House Introduced"
1534664,2021-01-11,House,3,"House Referred to Committee on Taxation"
1534664,2021-01-20,House,4,"House Hearing: Wednesday, January 20, 2021, 3:30 PM Room 346-S - CANCELED"
1534691,2021-01-11,Senate,1,"Senate Introduced"
1534691,2021-01-11,Senate,2,"Senate Adopted without roll call"
1534691,2021-01-11,House,3,"House Received and Introduced"
1534691,2021-01-11,House,4,"House Adopted without roll call"
1534691,2021-01-12,Senate,5,"Senate Enrolled and presented to Secretary of State on Tuesday, January 12, 2021"
1534716,2021-01-11,Senate,1,"Senate Introduced"
1534716,2021-01-11,Senate,2,"Senate Adopted without roll call"
1534716,2021-01-12,Senate,3,"Senate Enrolled on Tuesday, January 12, 2021"
1534724,2021-01-11,Senate,1,"Senate Prefiled for Introduction on Thursday, December 10, 2020"
1534724,2021-01-11,Senate,2,"Senate Introduced"
1534724,2021-01-12,Senate,3,"Senate Referred to Committee on Federal and State Affairs"
1534724,2021-02-25,Senate,4,"Senate Hearing: Thursday, February 25, 2021, 10:30 AM Room 144-S"
1534724,2021-03-12,Senate,5,"Senate Committee Report recommending bill be passed by Committee on Federal and State Affairs"
1534724,2021-03-23,Senate,6,"Senate Committee of the Whole - Be passed"
1534724,2021-03-24,Senate,7,"Senate Final Action - Passed;  Yea: 31 Nay: 8"
1534724,2021-03-25,House,8,"House Received and Introduced"
1534724,2021-03-25,House,9,"House Referred to Committee on Commerce, Labor and Economic Development"
1534725,2021-01-12,Senate,1,"Senate Introduced"
1534725,2021-01-13,Senate,2,"Senate Referred to Committee on Judiciary"
1534725,2021-01-19,Senate,3,"Senate Committee Report recommending resolution be adopted by Committee on Judiciary"
1534725,2021-02-01,Senate,4,"Senate Motion to strike from the calendar - adopted"
