bill_id,roll_call_id,date,chamber,description,yea,nay,nv,absent,total
1534599,1116351,2021-11-22,Senate,"Senate Committee of the Whole - Amendment by  Senator Pyle was adopted - Yea: 28 Nay: 7",28,7,3,2,40
1534599,1116352,2021-11-22,Senate,"Senate Committee of the Whole - Amendment by  Senator Straub was adopted - Yea: 30 Nay: 6",30,6,2,2,40
1534599,1116353,2021-11-22,Senate,"Senate Emergency Final Action - Passed as amended - Yea: 25 Nay: 13",25,13,0,2,40
1534599,1116354,2021-11-22,Senate,"Senate Conference Committee Report was adopted - Yea: 24 Nay: 11",24,11,0,5,40
1534599,1116355,2021-11-22,House,"House Emergency Final Action - Passed as amended - Yea: 78 Nay: 40",78,40,0,7,125
1534599,1116356,2021-11-22,House,"House Conference Committee Report was adopted - Yea: 77 Nay: 34",77,34,0,14,125
1534599,1119973,2021-02-11,House,"House Emergency Final Action - Passed as amended - Yea: 123 Nay: 0",123,0,0,2,125
1534602,1119972,2021-02-04,Senate,"Senate Consent Calendar Passed - Yea: 37 Nay: 0",37,0,0,3,40
1534724,1119974,2021-03-24,Senate,"Senate Final Action - Passed - Yea: 31 Nay: 8",31,8,1,0,40
