bill_id,document_id,document_type,document_size,document_mime,document_desc,url,state_link
1069933,1697448,text,395061,text/html,Introduced,https://legiscan.com/AZ/text/HB2001/id/1697448,https://www.azleg.gov/legtext/53leg/1s/bills/hb2001p.htm
1069933,1706408,text,362587,text/html,Engrossed,https://legiscan.com/AZ/text/HB2001/id/1706408,https://www.azleg.gov/legtext/53leg/1s/bills/hb2001h.htm
1069934,1697449,text,395041,text/html,Introduced,https://legiscan.com/AZ/text/SB1001/id/1697449,https://www.azleg.gov/legtext/53leg/1s/bills/sb1001p.htm
1069934,1706409,text,362572,text/html,Engrossed,https://legiscan.com/AZ/text/SB1001/id/1706409,https://www.azleg.gov/legtext/53leg/1s/bills/sb1001s.htm
1069934,54810,amendment,72105,text/html,"SENATE - Yarbrough #1 flr amend (ref Bill) adopted",https://legiscan.com/AZ/amendment/SB1001/id/54810,https://www.azleg.gov/legtext/53leg/1s/adopted/s.1001flooryarbrough.docx.htm
1069934,54811,amendment,32466,text/html,"SENATE - Yarbrough #2 flr amend (ref bill) adopted",https://legiscan.com/AZ/amendment/SB1001/id/54811,https://www.azleg.gov/legtext/53leg/1s/adopted/s.1001flooryarbrough3.docx.htm
1069934,54812,amendment,32646,text/html,"SENATE - Yarbrough flr amend (ref Yarbrough #1 flr amend) adopted",https://legiscan.com/AZ/amendment/SB1001/id/54812,https://www.azleg.gov/legtext/53leg/1s/adopted/s.1001flooryarbrough2.docx.htm
