bill_id,date,chamber,sequence,action
1069933,2018-01-22,House,1,"Introduced in House and read first time"
1069933,2018-01-22,House,2,"Assigned to House HEALTH Committee"
1069933,2018-01-22,House,3,"Assigned to House RULES Committee"
1069933,2018-01-23,House,4,"House HEALTH Committee action: Do Pass, voting: (8-0-0-1-0-0)"
1069933,2018-01-23,House,5,"House read second time"
1069933,2018-01-24,House,6,"House RULES Committee action: constitutional and in proper form, voting: (8-0-0-1-0-0)"
1069933,2018-01-25,House,7,"House majority caucus: Do pass"
1069933,2018-01-25,House,8,"House minority caucus: Do pass"
1069933,2018-01-25,House,9,"House Committee of the Whole action: Do Pass Amended"
1069934,2018-01-22,Senate,1,"Introduced in Senate and read first time"
1069934,2018-01-22,Senate,2,"Assigned to Senate HHS Committee"
1069934,2018-01-22,Senate,3,"Assigned to Senate RULES Committee"
1069934,2018-01-23,Senate,4,"Senate read second time"
1069934,2018-01-24,Senate,5,"Senate HHS Committee action: Do Pass, voting: (7-0-0-0)"
1069934,2018-01-25,Senate,6,"Senate RULES Committee action: Proper For Consideration, voting: (0-0-0-0)"
1069934,2018-01-25,Senate,7,"Senate majority caucus: Do pass"
1069934,2018-01-25,Senate,8,"Senate minority caucus: Do pass"
1069934,2018-01-25,Senate,9,"Senate Committee of the Whole action: Do Pass Amended"
1069934,2018-01-25,Senate,10,"Senate third reading None voting: (30-0-0-0)"
1069934,2018-01-25,House,11,"Transmit to House"
1069934,2018-01-25,House,12,"House third reading PASSED voting: (58-0-2-0)"
1069934,2018-01-26,Senate,13,"Transmitted to Governor"
1069934,2018-01-26,Senate,14,"Governor Signed"
