bill_id,roll_call_id,date,chamber,description,yea,nay,nv,absent,total
1069933,687661,2018-01-23,House,"House Health Committee Action (DP)",8,0,0,1,9
1069933,688133,2018-01-24,House,"House Rules Committee Action (C&P)",8,0,0,1,9
1069933,689018,2018-01-25,House,"House - Committee of the Whole (DPA)",0,0,0,0,0
1069934,688450,2018-01-24,Senate,"Senate Health and Human Services Committee Action (DP)",7,0,0,0,7
1069934,688451,2018-01-25,Senate,"Senate Rules Committee Action (PFC)",0,0,0,0,0
1069934,689019,2018-01-25,Senate,"Senate - Committee of the Whole (DPA)",0,0,0,0,0
1069934,689020,2018-01-25,Senate,"Senate - Third Reading",30,0,0,0,30
1069934,689021,2018-01-25,House,"House - Third Reading",58,0,2,0,60
