people_id,name,first_name,middle_name,last_name,suffix,nickname,party_id,party,role_id,role,district,followthemoney_eid,votesmart_id,opensecrets_id,ballotpedia,knowwho_pid,committee_id
6204,"Sara Gelser Blouin",Sara,,"Gelser Blouin",,,1,D,2,Sen,SD-008,13005239,46496,,Sara_Gelser,242297,0
6221,"Kim Thatcher",Lona,Kim,Thatcher,,Kim,2,R,2,Sen,SD-011,5092523,46657,,Kim_Thatcher,227709,0
6229,"Lew Frederick",Lew,,Frederick,,,1,D,1,Rep,SD-022,13005395,116854,,Lew_Frederick,282474,0
6241,"Gregory Smith",Gregory,V.,Smith,,,2,R,1,Rep,HD-057,13005467,46752,,Greg_Smith_(Oregon),205700,0
6267,"Nancy Nathanson",Nancy,,Nathanson,,,1,D,1,Rep,HD-013,6469164,58128,,Nancy_Nathanson,249739,0
6275,"Fred Girod",Fred,,Girod,,,2,R,2,Sen,SD-009,5281005,69243,,Fred_Girod,249743,0
6283,"Floyd Prozanski",Floyd,F.,Prozanski,,,1,D,2,Sen,SD-004,13005177,3024,,Floyd_Prozanski,212095,0
6284,"Bruce Starr",Bruce,,Starr,,,2,R,2,Sen,SD-012,5128710,23802,,Bruce_Starr,198116,0
10752,"Mike McLane",Mike,,McLane,,,2,R,1,Rep,SD-030,5066170,117352,,Mike_McLane,292501,0
14772,"David Gomberg",David,,Gomberg,,,1,D,1,Rep,HD-010,6514531,135192,,David_Gomberg,390756,0
15768,"Chris Gorsek",Chris,,Gorsek,,,1,D,1,Rep,SD-025,6440685,46542,,Chris_Gorsek,401678,0
15769,"John Lively",John,D.,Lively,,,1,D,1,Rep,HD-007,10238475,136777,,John_Lively,395942,0
15827,"Higher Education And Workforce Development",,,,,,0,,1,Rep,,0,0,,,0,2821
16808,"Paul Evans",Paul,,Evans,,,1,D,1,Rep,HD-020,935961,57891,,Paul_Evans_(Oregon),478101,0
16809,"Ken Helm",Ken,,Helm,,,1,D,1,Rep,HD-027,22206757,150835,,Ken_Helm,490809,0
16810,"Susan McLain",Susan,,McLain,,,1,D,1,Rep,HD-029,5181165,151034,,Susan_McLain,490807,0
16811,"Robert Nosse",Robert,A.,Nosse,Jr.,Rob,1,D,1,Rep,HD-042,14974670,150910,,Rob_Nosse,489955,0
16814,"Kathleen Taylor",Kathleen,,Taylor,,,1,D,1,Rep,SD-021,4989207,150928,,Kathleen_Taylor_(Oregon),490810,0
16818,"Cedric Hayden",Cedric,Ross,Hayden,,,2,R,2,Sen,SD-006,13434002,155196,,Cedric_Hayden,205692,0
17538,"Finance And Revenue",,,,,,0,,2,Sen,,0,0,,,0,1851
17543,Judiciary,,,,,,0,,1,Rep,,0,0,,,0,1844
17544,Revenue,,,,,,0,,1,Rep,,0,0,,,0,1833
17554,Judiciary,,,,,,0,,2,Sen,,0,0,,,0,1846
17560,Education,,,,,,0,,1,Rep,,0,0,,,0,1834
17567,Rules,,,,,,0,,1,Rep,,0,0,,,0,1835
17619,Education,,,,,,0,,2,Sen,,0,0,,,0,3184
18581,"David Smith",David,Brock,Smith,,DB,2,R,1,Rep,SD-001,39434450,168016,,David_Smith_(Oregon),573666,0
18583,"Julianne Fahey",Julianne,,Fahey,,,1,D,1,Rep,HD-014,39434464,168037,,Julie_Fahey,556739,0
18585,"Pam Marsh",Pam,J.,Marsh,,,1,D,1,Rep,HD-005,5008202,168022,,Pam_Marsh,565345,0
18586,"Mark Meek",Mark,W.,Meek,,,1,D,1,Rep,SD-020,23399532,168081,,Mark_Meek,559263,0
18588,"Tawna Sanchez",Tawna,,Sanchez,,,1,D,1,Rep,HD-043,39434517,168092,,Tawna_Sanchez,560919,0
18597,"James Manning",James,I.,Manning,Jr.,,1,D,2,Sen,SD-007,34819276,168035,,James_Manning_(Oregon),556737,0
18600,"Werner Reschke",Eric,Werner,Reschke,,Werner,2,R,1,Rep,HD-055,39434538,168110,,E._Werner_Reschke,573686,0
18601,"Janeen Sollman",Janeen,A.,Sollman,,,1,D,1,Rep,SD-015,39434497,168074,,Janeen_Sollman,573675,0
19312,"Rick Lewis",Rick,,Lewis,,,2,R,1,Rep,HD-018,44284204,176436,,Rick_Lewis_(Oregon),617669,0
19542,"Jeff Helfrich",Jeff,,Helfrich,,,2,R,1,Rep,HD-052,44284203,178200,,Jeffrey_Helfrich,646682,0
19543,"Daniel Bonham",Daniel,,Bonham,,,2,R,1,Rep,SD-026,44284202,178197,,Daniel_Bonham,646024,0
19566,"Rob Wagner",Rob,,Wagner,,,1,D,2,Sen,SD-019,16155295,178216,,Rob_Wagner,643184,0
20424,"Christine Drazan",Christine,,Drazan,,,2,R,1,Rep,HD-051,44426842,179911,,Christine_Drazan,656780,0
20426,"Courtney Neron Misslin",Courtney,,"Neron Misslin",,,1,D,1,Rep,HD-026,45957456,184580,,Courtney_Neron,682550,0
20429,"Jeffrey Golden",Jeffrey,S.,Golden,,Jeff,1,D,2,Sen,SD-003,44426795,179932,,Jeff_Golden_(Oregon),647928,0
20616,"Kimberly Wallan",Kimberly,D.,Wallan,,Kim,2,R,1,Rep,HD-006,40321730,179875,,Kim_Wallan,643271,0
20618,"Shelly Boshart Davis",Shelly,,"Boshart Davis",,,2,R,1,Rep,HD-015,44581553,179882,,Shelly_Boshart_Davis,657588,0
21434,"Vikki Breese-Iverson",Vikki,,Breese-Iverson,,,2,R,1,Rep,HD-059,48691439,187078,,Vikki_Breese-Iverson,715128,0
21542,"Mark Owens",Mark,,Owens,,,2,R,1,Rep,HD-060,48691442,189513,,Mark_Owens_(Oregon),722582,0
22306,"Richard Anderson",Richard,S.,Anderson,,Dick,2,R,2,Sen,SD-005,39434547,168001,,Dick_Anderson_(Oregon),569510,0
22307,"Kayse Jama",Kayse,M.,Jama,,,1,D,2,Sen,SD-024,44283194,179945,,Kayse_Jama,643187,0
22308,"Katherine Lieber",Katherine,B.,Lieber,,Kate,1,D,2,Sen,SD-014,39789546,190788,,Kate_Lieber,722417,0
22309,"Deb Patterson",Deb,,Patterson,,,1,D,2,Sen,SD-010,42673580,179938,,Deb_Patterson,643180,0
22311,"Wlnsvey Campos",Wlnsvey,E.,Campos,,,1,D,1,Rep,SD-018,49394709,190833,,Wlnsvey_Campos,722564,0
22312,"Jami Cate",Jami,J.,Cate,,,2,R,1,Rep,HD-011,49394682,190814,,Jami_Cate,722558,0
22313,"Dacia Grayber",Dacia,,Grayber,,,1,D,1,Rep,HD-028,42160921,190850,,Dacia_Grayber,731564,0
22314,"Zach Hudson",Zachary,T.,Hudson,,Zach,1,D,1,Rep,HD-049,49394745,190877,,Zach_Hudson,722581,0
22315,"Jason Kropf",Jason,S.,Kropf,,,1,D,1,Rep,HD-054,49394753,190883,,Jason_Kropf,735117,0
22316,"Bobby Levy",Barbara,L.,Levy,,Bobby,2,R,1,Rep,HD-058,14011343,190888,,Bobby_Levy,731588,0
22318,"Khanh Pham",Katherine,,Pham,,Khanh,1,D,2,Sen,SD-023,49394741,190874,,Khanh_Pham,731574,0
22319,"Lisa Reynolds",Lisa,,Reynolds,,,1,D,1,Rep,SD-017,42520803,190855,,Lisa_Reynolds,722572,0
22320,"Ricki Ruiz",Ricardo,,Ruiz,,Ricki,1,D,1,Rep,HD-050,49394747,190879,,Ricardo_Ruiz_(Oregon),731582,0
22321,"Suzanne Weber",Suzanne,,Weber,,,2,R,1,Rep,SD-016,49394720,190841,,Suzanne_Weber,731561,0
22322,"Boomer Wright",Gerald,D.,Wright,,Boomer,2,R,1,Rep,HD-009,49394667,190805,,Boomer_Wright,731548,0
22875,"Energy and Environment",,,,,,0,,2,Sen,,0,0,,,0,4370
22909,"Andrea Valderrama",Andrea,,Valderrama,,,1,D,1,Rep,HD-047,54284056,195918,,Andrea_Valderrama,771845,0
22950,"Anna Scharf",Anna,,Scharf,,,2,R,1,Rep,HD-023,54453477,197557,,Anna_Scharf,780737,0
23063,"Travis Nelson",Travis,,Nelson,,,1,D,1,Rep,HD-044,0,201609,,Travis_Nelson_(Oregon),796974,0
23064,"Nathan Sosa",Nathan,,Sosa,,,1,D,1,Rep,HD-030,55358267,201864,,Nathan_Sosa,624780,0
23847,"Ben Bowman",Benjamin,W.,Bowman,,Ben,1,D,1,Rep,HD-025,55358257,0,,Ben_Bowman,0,0
23848,"Ed  Diehl",Edwin,L.,Diehl,III,Ed,2,R,1,Rep,HD-017,55358238,202904,,Ed_Diehl,0,0
23849,"Mark Gamba",Mark,F.,Gamba,,,1,D,1,Rep,HD-041,55358292,189869,,Mark_Gamba,0,0
23850,"Annessa Hartman",Annessa,D.,Hartman,,,1,D,1,Rep,HD-040,55358288,0,,Annessa_Hartman,0,0
23851,"Cyrus Javadi",Cyrus,,Javadi,,,2,R,1,Rep,HD-032,55358271,0,,,0,0
23852,"Emerson Levy",Emerson,,Levy,,,1,D,1,Rep,HD-053,49394751,0,,Emerson_Levy,0,0
23853,"Kevin Mannix",Kevin,L.,Mannix,,,2,R,1,Rep,HD-021,5050418,0,,Kevin_Mannix,0,0
23854,"Virgle Osborne",Virgle,,Osborne,,,2,R,1,Rep,HD-002,55358218,202857,,Virgle_Osborne,0,0
23855,"Hai Pham",Hai,T.,Pham,,,1,D,1,Rep,HD-036,55358280,0,,Hai_Pham,0,0
23856,"Jules Walters",Julianna,A.,Walters,,Jules,1,D,1,Rep,HD-037,55358282,0,,Jules_Walters,0,0
23857,"Aaron Woods",Aaron,,Woods,,,1,D,2,Sen,SD-013,4958966,0,,Aaron_Woods,0,0
23867,"Emily McIntire",Emily,G.,McIntire,,,2,R,1,Rep,HD-056,55358315,202867,,Emily_McIntire,0,0
23910,"Lucetta Elmer",Lucetta,,Elmer,,,2,R,1,Rep,HD-024,55358255,202901,,Lucetta_Elmer,0,0
23912,"Thuy Tran",Thuy,C.,Tran,,,1,D,1,Rep,HD-045,55358300,135208,,Thuy_Tran,0,0
23913,"Hoa Nguyen",Hoa,H.,Nguyen,,,1,D,1,Rep,HD-048,55358304,0,,Hoa_Nguyen,0,0
23914,"Farrah Chaichi",Farrah,,Chaichi,,,1,D,1,Rep,HD-035,55358277,0,,Farrah_Chaichi,0,0
24261,"Tom Andersen",Thomas,,Andersen,,Tom,1,D,1,Rep,HD-019,55358241,0,,Tom_Andersen,0,0
24263,"Daniel Nguyen",Daniel,,Nguyen,,,1,D,1,Rep,HD-038,44972957,0,,Daniel_Nguyen,0,0
24785,"Agriculture, Land Use, Natural Resources, and Water",,,,,,0,,1,Rep,,0,0,,,0,4699
24860,"Climate, Energy, and Environment",,,,,,0,,1,Rep,,0,0,,,0,4701
24887,"Court Boice",Court,,Boice,,,2,R,1,Rep,HD-001,44426782,0,,Court_Boice,0,0
24898,"Veterans, Emergency Management, Federal and World Affairs",,,,,,0,,2,Sen,,0,0,,,0,4724
24904,"Emergency Management, General Government, and Veterans",,,,,,0,,1,Rep,,0,0,,,0,4702
24905,"Housing and Homelessness",,,,,,0,,1,Rep,,0,0,,,0,4703
25131,"Dwayne Yunker",Dwayne,,Yunker,,,2,R,1,Rep,HD-003,0,214543,,Dwayne_Yunker,0,0
25435,"Shannon Isadore",Shannon,Jones,Isadore,,,1,D,1,Rep,HD-033,59829637,215506,,Shannon_Isadore,0,0
26274,"Willy Chotzen",Willy,,Chotzen,,,1,D,1,Rep,HD-046,59829432,215515,,Willy_Chotzen,0,0
26275,"Darcey Edwards",Darcey,,Edwards,,,2,R,1,Rep,HD-031,59829374,215501,,Darcey_Edwards,0,0
26276,"Lisa Fragala",Lisa,,Fragala,,,1,D,1,Rep,HD-008,59829583,215488,,Lisa_Fragala,0,0
26277,"Darin Harbick",Darin,,Harbick,,,2,R,1,Rep,HD-012,55766348,202771,,Darin_Harbick,0,0
26278,"Sarah Finger McDonald",Sarah,,"Finger McDonald",,,1,D,1,Rep,HD-016,59829420,215496,,Sarah_McDonald,869928,0
26279,"Lesly Munoz",Lesly,,Munoz,,,1,D,1,Rep,HD-022,59829191,215500,,Lesly_Munoz,0,0
26280,"Anthony Broadman",Anthony,,Broadman,,,1,D,2,Sen,SD-027,59829561,215437,,Anthony_Broadman,0,0
26281,"Todd Nash",Todd,,Nash,,,2,R,2,Sen,SD-029,59829350,215479,,Todd_Nash,0,0
26282,"April Dobson",April,,Dobson,,,1,D,1,Rep,HD-039,59829424,215510,,April_Dobson,0,0
26283,"Alek Skarlatos",Alek,,Skarlatos,,,2,R,1,Rep,HD-004,59829678,189868,,Alek_Skarlatos,0,0
26284,"Diane Linthicum",Diane,,Linthicum,,,2,R,2,Sen,SD-028,60445454,215475,,Diane_Linthicum,791506,0
26285,"Noah Robinson",Noah,,Robinson,,,2,R,2,Sen,SD-002,59829172,215468,,Noah_Robinson_(Oregon),870158,0
26384,"Mari Watanabe",Mari,,Watanabe,,,1,D,1,Rep,HD-034,0,0,,,0,0
26390,"Human Services",,,,,,0,,3,Jnt,,0,0,,,0,4954
26392,"Commerce and Consumer Protection",,,,,,0,,1,Rep,,0,0,,,0,5029
26403,Transportation,,,,,,0,,3,Jnt,,0,0,,,0,4952
26418,"Early Childhood and Human Services",,,,,,0,,1,Rep,,0,0,,,0,4704
26419,"Natural Resources and Wildfire",,,,,,0,,2,Sen,,0,0,,,0,4942
26442,"Early Childhood and Behavioral Health Committee",,,,,,0,,2,Sen,,0,0,,,0,5032
26475,"Sue Rieke Smith",Sue,,"Rieke Smith",,,1,D,1,Rep,HD-026,0,0,,Sue_Rieke_Smith,0,0
26476,"Transportation Reinvestment",,,,,,0,,1,Rep,,0,0,,,0,5216
26486,"Behavioral Health and Health Care",,,,,,0,,1,Rep,,0,0,,,0,4700
26487,"Labor and Workplace Standards",,,,,,0,,1,Rep,,0,0,,,0,5031
26488,"Addiction and Community Safety Response",,,,,,0,,3,Jnt,,0,0,,,0,4941
