bill_id,roll_call_id,date,chamber,description,yea,nay,nv,absent,total
1141959,782073,2019-01-08,Senate,"Senate: Adopted",65,0,0,0,65
1141961,782074,2019-01-08,Senate,"Senate: Adopted",65,0,0,0,65
1141962,782075,2019-01-08,Senate,"Senate: Adopted",33,32,0,0,65
1141963,782076,2019-01-08,Senate,"Senate: Adopted",65,0,0,0,65
1143634,783831,2019-01-14,Senate,"Senate: Adopted",61,0,0,0,61
1143671,836629,2019-04-04,Senate,"Senate: Third reading Passed",66,1,0,0,67
1143671,959224,2020-05-17,Senate,"Senate: Third reading",67,0,0,0,67
1143671,964688,2020-05-17,House,"House: MOTIONS AND RESOLUTIONS",124,7,0,0,131
1143671,964689,2020-05-17,House,"House: MOTIONS AND RESOLUTIONS",106,26,0,0,132
1143897,781829,2019-01-08,Senate,"Senate: Adopted",65,0,0,0,65
1143902,838857,2019-04-08,Senate,"Senate: Third reading Passed",56,9,0,0,65
1144086,959191,2020-05-16,Senate,"Senate: Third reading Passed",64,3,0,0,67
1145155,937987,2020-02-27,House,"House: Passage",69,62,0,0,131
1145218,826801,2019-03-21,House,"House: Scott - Amendment to Moller Amendment - H0010A8",52,72,0,0,124
1145218,826802,2019-03-21,House,"House: Passage, as amended",113,10,0,0,123
1145281,821476,2019-03-13,House,"House: H.F. NO. 5",57,70,0,0,127
1145281,944541,2020-03-05,House,"House: 73 - Amendment - Nays",56,73,0,0,129
1145281,944542,2020-03-05,House,"House: Passage, as amended",70,59,0,0,129
1145607,816244,2019-03-07,House,"House: Scott - Amendment - H0013A7",59,69,0,0,128
1145607,816245,2019-03-07,House,"House: O'Neill - Amendment - H0013A10",57,72,0,0,129
1145607,816246,2019-03-07,House,"House: O'Neill - Amendment - H0013A8",60,69,0,0,129
1145607,816247,2019-03-07,House,"House: Gruenhagen - Amendment - A19-0149",52,75,0,0,127
1145607,816248,2019-03-07,House,"House: Passage",72,55,0,0,127
1145931,812523,2019-02-21,House,"House: Passage",130,0,0,0,130
1145931,854947,2019-04-29,Senate,"Senate: Third reading Passed",66,0,0,0,66
1145931,856961,2019-05-01,House,"House: H.F. NO. 15",132,0,0,0,132
1146067,813579,2019-02-18,House,"House: H.F. NO. 17",47,78,0,0,125
1146774,811775,2019-02-28,Senate,"Senate: Third reading Passed",35,32,0,0,67
1146774,813242,2019-02-21,House,"House: Passage",105,23,0,0,128
1146774,813243,2019-02-28,House,"House: H.F. NO. 14",52,73,0,0,125
1146774,813244,2019-02-28,House,"House: H.F. NO. 14",73,50,0,0,123
1147093,938138,2020-02-27,House,"House: 72 - Amendment to Nash Amendment - Nays",58,72,0,0,130
1147093,938139,2020-02-27,House,"House: Passage",68,62,0,0,130
1148164,783797,2019-01-14,Senate,"Senate: Adopted",61,0,0,0,61
1148205,802957,2019-02-18,Senate,"Senate: Third reading Passed",60,3,0,0,63
1148215,806505,2019-02-21,Senate,"Senate: Third reading Passed",63,0,0,0,63
1148346,806638,2019-02-21,Senate,"Senate: Third reading Passed",63,0,0,0,63
1148346,836537,2019-04-04,House,"House: Passage",130,0,0,0,130
1148552,916465,2019-05-19,Senate,"Senate: Third reading Passed",66,0,0,0,66
1149629,813557,2019-02-04,House,"House: Passage",128,0,0,0,128
1149826,813257,2019-01-28,House,"House: H.F. NO. 70",52,72,0,0,124
1149826,862028,2019-05-09,House,"House: Passage",128,0,0,0,128
1149893,862537,2019-05-10,House,"House: Passage",81,0,0,0,81
1150036,824718,2019-03-18,House,"House: Torkelson - Amendment - H0050A10",53,74,0,0,127
1150036,824719,2019-03-18,House,"House: Passage",106,21,0,0,127
1150036,828349,2019-03-25,Senate,"Senate: Third reading Passed",56,10,0,0,66
1150036,839967,2019-04-09,House,"House: H.F. NO. 50",107,19,0,0,126
1150036,843105,2019-04-11,Senate,"Senate: Third reading",48,12,0,0,60
1150315,812661,2019-02-21,House,"House: Passage",129,0,0,0,129
1150315,857596,2019-05-01,Senate,"Senate: Third reading Passed",58,0,0,0,58
1155406,836769,2019-04-04,Senate,"Senate: Third reading Passed",67,0,0,0,67
1155504,858292,2019-05-02,Senate,"Senate: Third reading Passed",65,0,0,0,65
1158258,813245,2019-02-21,House,"House: Passage",129,0,0,0,129
1158258,861883,2019-05-08,Senate,"Senate: Third reading Passed",65,0,0,0,65
1158258,866917,2019-05-17,House,"House: H.F. NO. 148",130,0,0,0,130
1158258,916478,2019-05-17,Senate,"Senate: Third reading",61,0,0,0,61
1158375,813261,2019-03-04,House,"House: H.F. NO. 80",105,16,0,0,121
1158375,813541,2019-03-04,Senate,"Senate: Third reading Passed",63,1,0,0,64
1158464,862449,2019-05-10,House,"House: Gruenhagen - Amendment to Schultz Amendment - H0090A20",44,74,0,0,118
1158464,862450,2019-05-10,House,"House: Drazkowski motion - Re-Referral",45,74,0,0,119
1158464,862451,2019-05-10,House,"House: Zerwas motion - Suspension of Rules 3.33",46,74,0,0,120
1158464,862452,2019-05-10,House,"House: Passage, as amended",73,45,0,0,118
1158464,867119,2019-05-19,House,"House: H.F. NO. 90",125,6,0,0,131
1158464,916689,2019-05-19,Senate,"Senate: Third reading Passed",66,1,0,0,67
1158621,827654,2019-03-25,House,"House: Passage",126,0,0,0,126
1158621,860911,2019-05-07,Senate,"Senate: Third reading Passed",65,0,0,0,65
1158621,862697,2019-05-10,House,"House: H.F. NO. 85",116,0,0,0,116
1158829,964813,2020-05-17,House,"House: 73 - Amendment to Youakim Amendment - Nays",58,73,0,0,131
1158829,964814,2020-05-17,House,"House: 69 - Amendment to Youakim Amendment - Nays",61,69,0,0,130
1158829,964815,2020-05-17,House,"House: 74 - Amendment to Youakim Amendment - Nays",58,74,0,0,132
1158829,964816,2020-05-17,House,"House: 73 - Amendment to Youakim Amendment - Nays",58,73,0,0,131
1158829,964817,2020-05-17,House,"House: CALENDAR FOR THE DAY",74,59,0,0,133
1158829,964818,2020-05-17,House,"House: 72 - Amendment to Youakim amendment - Nays",55,72,0,0,127
1158829,964819,2020-05-17,House,"House: CALENDAR FOR THE DAY",77,56,0,0,133
1158840,864904,2019-05-15,House,"House: Passage",120,8,0,0,128
1158840,916459,2019-05-19,Senate,"Senate: Third reading Passed",67,0,0,0,67
1159457,813146,2019-02-14,House,"House: H.F. NO. 168",71,53,0,0,124
1161897,855482,2019-04-29,Senate,"Senate: Third reading Passed",66,0,0,0,66
1161897,867016,2019-05-17,House,"House: Passage",126,0,0,0,126
1161971,836108,2019-04-04,Senate,"Senate: Third reading Passed",67,0,0,0,67
1161971,862232,2019-05-09,House,"House: Passage",87,42,0,0,129
1161971,865865,2019-05-16,House,"House: S.F. NO. 278",132,0,0,0,132
1161971,865866,2019-05-16,House,"House: S.F. NO. 278",130,2,0,0,132
1161971,916721,2019-05-16,Senate,"Senate: Third reading",67,0,0,0,67
1162012,826894,2019-03-21,Senate,"Senate: Third reading Passed",67,0,0,0,67
1162012,831128,2019-03-28,House,"House: Jurgens - Amendment - S0307A1",47,80,0,0,127
1162012,831129,2019-03-28,House,"House: Passage",127,0,0,0,127
1162075,854979,2019-04-29,Senate,"Senate: Third reading Passed",65,1,0,0,66
1162075,863013,2019-05-13,House,"House: Passage, as amended",116,2,0,0,118
1162075,916659,2019-05-14,Senate,"Senate: Third reading",53,0,0,0,53
1162231,862375,2019-05-09,Senate,"Senate: Third reading Passed",66,0,0,0,66
1162231,866023,2019-05-16,House,"House: Passage",129,2,0,0,131
1162316,858724,2019-05-02,Senate,"Senate: Third reading Passed",61,0,0,0,61
1162316,863774,2019-05-14,House,"House: Passage, as amended",128,0,0,0,128
1162316,867866,2019-05-20,House,"House: S.F. NO. 316",134,0,0,0,134
1162316,916647,2019-05-20,Senate,"Senate: Third reading",63,0,0,0,63
1165410,813232,2019-03-04,House,"House: Passage",123,0,0,0,123
1165828,813390,2019-01-28,House,"House: H.F. NO. 285",52,70,0,0,122
1165962,812513,2019-02-14,House,"House: Passage",122,0,0,0,122
1165962,816737,2019-03-07,Senate,"Senate: Third reading Passed",63,0,0,0,63
1166245,816606,2019-03-07,House,"House: Passage",126,1,0,0,127
1166245,865397,2019-05-16,House,"House: H.F. NO. 281",131,0,0,0,131
1166245,916631,2019-05-14,Senate,"Senate: Third reading Passed",54,0,0,0,54
1166261,864801,2019-05-15,House,"House: Heinrich - Amendment - A19-0401",56,74,0,0,130
1166261,864802,2019-05-15,House,"House: Koznick - Amendment - A19-0403",47,84,0,0,131
1166261,864803,2019-05-15,House,"House: Torkelson - Amendment - A19-0404",57,73,0,0,130
1166261,864804,2019-05-15,House,"House: Lucero motion - Re-Referral",56,74,0,0,130
1166261,864805,2019-05-15,House,"House: Passage",77,52,0,0,129
1168768,858364,2019-05-02,Senate,"Senate: Third reading Passed",60,0,0,0,60
1171517,958021,2020-05-09,House,"House: Passage",89,41,0,0,130
1171517,958622,2020-05-13,Senate,"Senate: Third reading Passed",43,21,0,0,64
1171625,822466,2019-03-14,House,"House: Passage",100,25,0,0,125
1171634,865166,2019-05-16,House,"House: Passage",125,5,0,0,130
1171634,916517,2019-05-19,Senate,"Senate: Third reading Passed",66,0,0,0,66
1173980,838726,2019-04-08,Senate,"Senate: Third reading Passed",66,0,0,0,66
1173980,862102,2019-05-07,House,"House: Passage",129,0,0,0,129
1174159,806698,2019-02-21,Senate,"Senate: Third reading Passed",63,0,0,0,63
1174159,836358,2019-04-04,House,"House: Passage",130,0,0,0,130
1174162,813521,2019-03-04,Senate,"Senate: Third reading Passed",64,0,0,0,64
1174162,867130,2019-05-19,House,"House: Passage",131,0,0,0,131
1174184,959154,2020-05-15,Senate,"Senate: Third reading Passed",67,0,0,0,67
1175067,802858,2019-02-18,Senate,"Senate: Third reading Passed",40,23,0,0,63
1175395,826974,2019-03-21,Senate,"Senate: Third reading Passed",60,6,0,0,66
1175395,857935,2019-05-02,House,"House: S.F. NO. 621",51,76,0,0,127
1176408,812645,2019-02-28,House,"House: Jurgens - Amendment - H0476A3",49,74,0,0,123
1176408,812646,2019-02-28,House,"House: Appeal Ruling of the Speaker",74,49,0,0,123
1176408,812647,2019-02-28,House,"House: O'Driscoll - O'Driscoll Amendment to Jurgens Amendment - H0476A13",52,72,0,0,124
1176408,812648,2019-02-28,House,"House: Scott - Scott Amendment to Jurgens Amendment - H0476A14",52,72,0,0,124
1176408,812649,2019-02-28,House,"House: Jurgens - Amendment - H0476A6",51,73,0,0,124
1176408,812650,2019-02-28,House,"House: Jurgens - Amendment - H0476DE1",53,72,0,0,125
1176408,812651,2019-02-28,House,"House: Passage",70,54,0,0,124
1176572,813426,2019-01-28,House,"House: H.F. NO. 390",52,71,0,0,123
1176777,832791,2019-04-01,House,"House: Munson - Amendment - A19-0129",55,72,0,0,127
1176777,832792,2019-04-01,House,"House: Munson - Amendment - A19-0143",53,73,0,0,126
1176777,832793,2019-04-01,House,"House: Munson - Amendment - A19-0316",56,71,0,0,127
1176777,832794,2019-04-01,House,"House: Pierson motion - Lay on the Table",54,71,0,0,125
1176777,832795,2019-04-01,House,"House: Johnson - Amendment - H0495A11",52,71,0,0,123
1176777,832796,2019-04-01,House,"House: Passage",71,53,0,0,124
1176912,813124,2019-02-14,House,"House: Passage",122,0,0,0,122
1176912,959153,2020-05-15,Senate,"Senate: Third reading Passed as amended",67,0,0,0,67
1176912,965153,2020-05-16,House,"House: CONCURRENCE AND REPASSAGE",131,2,0,0,133
1181154,854754,2019-04-29,Senate,"Senate: Third reading Passed",66,0,0,0,66
1181366,862368,2019-05-09,Senate,"Senate: Third reading Passed",67,0,0,0,67
1183597,836248,2019-04-04,House,"House: Passage",130,0,0,0,130
1183597,854923,2019-04-29,Senate,"Senate: Third reading Passed",66,0,0,0,66
1183655,862148,2019-05-07,House,"House: Passage",112,17,0,0,129
1183655,916605,2019-05-14,Senate,"Senate: Third reading Passed",54,0,0,0,54
1183839,959023,2020-05-14,Senate,"Senate: Third reading Passed",67,0,0,0,67
1183839,961371,2020-05-12,House,"House: CALENDAR FOR THE DAY",133,1,0,0,134
1183916,867110,2019-05-19,House,"House: Passage",127,4,0,0,131
1184393,816458,2019-03-07,House,"House: McDonald motion - Re-Referral",54,74,0,0,128
1184393,816459,2019-03-07,House,"House: Passage",128,0,0,0,128
1184393,838687,2019-04-08,Senate,"Senate: Third reading Passed",65,0,0,0,65
1184439,818623,2019-03-11,House,"House: Passage",127,0,0,0,127
1184579,838091,2019-04-08,House,"House: Passage",127,0,0,0,127
1184579,916755,2019-05-14,Senate,"Senate: Third reading Passed",54,0,0,0,54
1185599,851856,2019-04-24,Senate,"Senate: Third reading Passed",44,23,0,0,67
1185599,854611,2019-04-29,House,"House: Lucero - Amendment - S0802A14",57,73,0,0,130
1185599,854612,2019-04-29,House,"House: Johnson - Amendment - S0802A35",57,73,0,0,130
1185599,854613,2019-04-29,House,"House: O'Neill - Amendment - S0802A48",58,74,0,0,132
1185599,854614,2019-04-29,House,"House: Zerwas - Amendment - S0802A27",57,75,0,0,132
1185599,854615,2019-04-29,House,"House: Nash - Amendment - S0802A19",58,74,0,0,132
1185599,854616,2019-04-29,House,"House: O'Neill - Amendment - S0802A28",57,75,0,0,132
1185599,854617,2019-04-29,House,"House: Poston - Amendment - S0802A29",59,74,0,0,133
1185599,854618,2019-04-29,House,"House: Johnson - Amendment - S0802A30",58,76,0,0,134
1185599,854619,2019-04-29,House,"House: Grossell - Amendment - S0802A34",60,74,0,0,134
1185599,854620,2019-04-29,House,"House: Zerwas - Amendment - S0802A4",59,75,0,0,134
1185599,854621,2019-04-29,House,"House: Poston - Amendment - S0802A47",58,72,0,0,130
1185599,854622,2019-04-29,House,"House: Lucero - Amendment - S0802A18",57,76,0,0,133
1185599,854623,2019-04-29,House,"House: Heintzeman - Amendment - S0802A13",64,70,0,0,134
1185599,854624,2019-04-29,House,"House: Zerwas - Amendment - S0802A5",60,74,0,0,134
1185599,854625,2019-04-29,House,"House: Erickson - Amendment - S0802A1",59,74,0,0,133
1185599,854626,2019-04-29,House,"House: Runbeck - Amendment - S0802A43",58,75,0,0,133
1185599,854627,2019-04-29,House,"House: Mariani - Amendment to Grossell Amendment - S0802A103",75,58,0,0,133
1185599,854628,2019-04-29,House,"House: Drazkowski - Amendment to Lien Amendment - S0802A92",61,73,0,0,134
1185599,854629,2019-04-29,House,"House: Drazkowski - Amendment to Lien Amendment - S0802A90",62,72,0,0,134
1185599,854630,2019-04-29,House,"House: Drazkowski - Amendment to Drazkowski Amendment - S0802A88",59,74,0,0,133
1185599,854631,2019-04-29,House,"House: Drazkowski - Amendment - A19-0518",63,71,0,0,134
1185599,854632,2019-04-29,House,"House: Bennett - Amendment - S0802A81",61,73,0,0,134
1185599,854633,2019-04-29,House,"House: Heintzeman - Amendment - S0802A36",64,70,0,0,134
1185599,854634,2019-04-29,House,"House: Nash - Amendment - S0802A51",134,0,0,0,134
1185599,854635,2019-04-29,House,"House: Becker-Finn - Amendment - S0802A84",63,69,0,0,132
1185599,854636,2019-04-30,House,"House: Scott - Amendment to O'Neill Amendment - S0802A78",67,67,0,0,134
1185599,854637,2019-04-30,House,"House: O'Neill - Amendment - S0802A56",120,11,0,0,131
1185599,854638,2019-04-30,House,"House: Moller - Amendment - S0802A76",95,35,0,0,130
1185599,854639,2019-04-30,House,"House: O'Neill - Amendment - S0802A74",56,75,0,0,131
1185599,854640,2019-04-30,House,"House: Scott - Amendment to Lucero Amendment - S0802A41",60,73,0,0,133
1185599,854641,2019-04-30,House,"House: Lucero - Amendment - S0802A37",134,0,0,0,134
1185599,854642,2019-04-30,House,"House: Passage, as amended",70,64,0,0,134
1185599,883277,2019-04-29,House,"House: Appeal Ruling of the Speaker",76,58,0,0,134
1185599,883278,2019-04-29,House,"House: Appeal Ruling of the Speaker",75,59,0,0,134
1185755,819016,2019-03-11,Senate,"Senate: Third reading Passed",37,28,0,0,65
1185755,826533,2019-03-20,House,"House: S.F. NO. 761",46,79,0,0,125
1187204,857955,2019-05-02,House,"House: Green - Amendment - A19-0490",50,76,0,0,126
1187204,857956,2019-05-02,House,"House: Green - Amendment - H0653A16",54,74,0,0,128
1187204,857957,2019-05-02,House,"House: Green - Amendment to Green Amendment - H0653A24",25,102,0,0,127
1187204,857958,2019-05-02,House,"House: Daudt - Amendment to Green Amendment - H0653A26",119,3,0,0,122
1187204,857959,2019-05-02,House,"House: Green - Amendment, as amended - A19-0531",73,48,0,0,121
1187204,857960,2019-05-02,House,"House: Passage, as amended",100,26,0,0,126
1187204,861695,2019-05-08,Senate,"Senate: Third reading Passed",63,2,0,0,65
1187388,826547,2019-03-21,House,"House: Passage",123,0,0,0,123
1187388,843110,2019-04-11,Senate,"Senate: Third reading Passed",60,0,0,0,60
1187640,826540,2019-03-21,House,"House: Hertaus - Amendment - A19-0245",53,69,0,0,122
1187640,826541,2019-03-21,House,"House: Passage",100,24,0,0,124
1187653,838655,2019-04-08,House,"House: Passage",127,0,0,0,127
1187653,916496,2019-05-19,Senate,"Senate: Third reading Passed",66,0,0,0,66
1187743,816674,2019-03-07,House,"House: Passage",127,0,0,0,127
1187743,957630,2020-05-06,Senate,"Senate: Third reading Passed",66,0,0,0,66
1187743,958102,2020-05-09,House,"House: Messages from the Senate",132,0,0,0,132
1192494,861686,2019-05-08,Senate,"Senate: Third reading Passed",65,0,0,0,65
1192494,867851,2019-05-20,House,"House: S.F. NO. 973",133,0,0,0,133
1192494,916598,2019-05-20,Senate,"Senate: Third reading",66,0,0,0,66
1192521,956969,2020-04-27,Senate,"Senate: Third reading Passed",66,1,0,0,67
1192690,861704,2019-05-08,Senate,"Senate: Third reading Passed",57,8,0,0,65
1192690,863418,2019-05-14,House,"House: Passage",127,0,0,0,127
1192929,861122,2019-05-07,Senate,"Senate: Third reading Passed",65,0,0,0,65
1192929,863616,2019-05-14,House,"House: Passage",126,0,0,0,126
1193190,867132,2019-05-19,House,"House: Passage",129,2,0,0,131
1193190,916618,2019-05-13,Senate,"Senate: Third reading Passed",63,0,0,0,63
1195091,826711,2019-03-21,House,"House: Passage",123,0,0,0,123
1195091,916526,2019-05-18,Senate,"Senate: Third reading Passed",65,0,0,0,65
1195119,813185,2019-02-28,House,"House: Torkelson - Amendment - H0861A31",50,73,0,0,123
1195119,813186,2019-02-28,House,"House: Petersburg - Amendment - H0861A40",50,73,0,0,123
1195119,813187,2019-02-28,House,"House: Torkelson - Amendment - H0861A41",50,73,0,0,123
1195119,813188,2019-02-28,House,"House: Torkelson - Amendment - H0861A42",49,74,0,0,123
1195119,813189,2019-02-28,House,"House: Koznick - Amendment - H0861A45",122,1,0,0,123
1195119,813190,2019-02-28,House,"House: Petersburg - Amendment - H0861A30",52,70,0,0,122
1195119,813191,2019-02-28,House,"House: Passage, as amended",89,33,0,0,122
1195119,813192,2019-03-04,House,"House: H.F. NO. 861",51,70,0,0,121
1195119,813193,2019-03-04,House,"House: H.F. NO. 861",71,51,0,0,122
1195119,813194,2019-03-04,House,"House: H.F. NO. 861",71,50,0,0,121
1195119,813516,2019-03-04,Senate,"Senate: Third reading Passed",52,12,0,0,64
1195180,818275,2019-03-11,House,"House: Passage",126,0,0,0,126
1195180,838745,2019-04-08,Senate,"Senate: Third reading Passed",65,0,0,0,65
1195180,856980,2019-05-01,House,"House: H.F. NO. 819",131,0,0,0,131
1195323,862577,2019-05-10,House,"House: Passage, as amended",116,0,0,0,116
1195323,916636,2019-05-15,Senate,"Senate: Third reading Passed",61,0,0,0,61
1195621,864815,2019-05-15,House,"House: Passage",92,19,0,0,111
1195621,916537,2019-05-17,Senate,"Senate: Third reading Passed",63,0,0,0,63
1197652,956626,2020-04-20,Senate,"Senate: Third reading Passed",63,2,0,0,65
1197652,958047,2020-05-09,House,"House: Passage",99,33,0,0,132
1197834,861681,2019-05-08,Senate,"Senate: Third reading Passed",58,7,0,0,65
1197834,867062,2019-05-17,House,"House: Passage, as amended",122,8,0,0,130
1198778,838544,2019-04-08,House,"House: Passage",127,0,0,0,127
1198778,867111,2019-05-19,House,"House: H.F. NO. 990",131,0,0,0,131
1198778,916470,2019-05-18,Senate,"Senate: Third reading Passed",63,0,0,0,63
1201467,861697,2019-05-08,Senate,"Senate: Third reading Passed",63,0,0,0,63
1201467,867120,2019-05-19,House,"House: Passage",131,0,0,0,131
1201481,916663,2019-05-17,Senate,"Senate: Third reading Passed",63,0,0,0,63
1201924,836678,2019-04-04,Senate,"Senate: Third reading Passed",67,0,0,0,67
1201924,867131,2019-05-19,House,"House: Passage, as amended",132,0,0,0,132
1201924,916590,2019-05-20,Senate,"Senate: Third reading",61,0,0,0,61
1202315,916472,2019-05-17,Senate,"Senate: Third reading Passed",64,0,0,0,64
1204087,864587,2019-05-15,House,"House: Passage",130,1,0,0,131
1204087,916436,2019-05-19,Senate,"Senate: Third reading Passed",66,0,0,0,66
1204155,818699,2019-03-11,House,"House: Passage",100,24,0,0,124
1204155,860610,2019-05-06,Senate,"Senate: Third reading Passed",57,7,0,0,64
1204155,862051,2019-05-09,House,"House: H.F. NO. 1244",94,33,0,0,127
1204447,838026,2019-04-08,House,"House: Passage",127,0,0,0,127
1204447,854914,2019-04-29,Senate,"Senate: Third reading Passed",66,0,0,0,66
1204447,856729,2019-05-01,House,"House: H.F. NO. 1188",131,0,0,0,131
1204575,862043,2019-05-09,House,"House: Passage",130,0,0,0,130
1204575,916513,2019-05-19,Senate,"Senate: Third reading Passed",67,0,0,0,67
1207531,833260,2019-04-01,Senate,"Senate: Third reading Passed",65,0,0,0,65
1207531,838591,2019-04-08,House,"House: 72 - Amendment - Nays",55,72,0,0,127
1207531,838592,2019-04-08,House,"House: Passage",126,1,0,0,127
1207531,839022,2019-04-08,House,"House: Appeal Ruling of the Speaker",72,55,0,0,127
1209062,862059,2019-05-07,House,"House: Passage",127,0,0,0,127
1211519,831622,2019-03-28,Senate,"Senate: Third reading Passed",64,0,0,0,64
1211694,828470,2019-03-25,Senate,"Senate: Third reading Passed",64,0,0,0,64
1211694,865149,2019-05-16,House,"House: Passage",131,0,0,0,131
1213165,854471,2019-04-26,House,"House: Theis - Amendment - S1555A30",126,0,0,0,126
1213165,854472,2019-04-26,House,"House: Bahr - Amendment - A19-0508",46,78,0,0,124
1213165,854473,2019-04-26,House,"House: Torkelson - Amendment - H1555A31",60,65,0,0,125
1213165,854474,2019-04-26,House,"House: Torkelson - Amendment - H1555A34",1,125,0,0,126
1213165,854475,2019-04-26,House,"House: Daudt - Amendment - H1555A58",126,0,0,0,126
1213165,854476,2019-04-26,House,"House: Daudt - Amendment - H1555A58",55,70,0,0,125
1213165,854477,2019-04-26,House,"House: Heinrich - Amendment - H1555A33",52,73,0,0,125
1213165,854478,2019-04-26,House,"House: Gruenhagen - Amendment - H1555A67",51,74,0,0,125
1213165,854688,2019-04-29,House,"House: Grossell - Amendment - H1555A80",56,74,0,0,130
1213165,854689,2019-04-29,House,"House: Runbeck - Amendment - H1555A32",53,74,0,0,127
1213165,854690,2019-04-29,House,"House: Runbeck - Amendment - H1555A82",55,74,0,0,129
1213165,854691,2019-04-29,House,"House: Lucero - Amendment - H1555A81",55,74,0,0,129
1213165,854692,2019-04-29,House,"House: Bahr - Amendment - A19-0507",56,73,0,0,129
1213165,854693,2019-04-29,House,"House: Runbeck - Amendment - H1555A76",55,73,0,0,128
1213165,854694,2019-04-29,House,"House: Nash - Amendment to Nash Amendment - H1555A90",55,75,0,0,130
1213165,854695,2019-04-29,House,"House: Nash - Amendment - H1555A47",56,75,0,0,131
1213165,854696,2019-04-29,House,"House: Torkelson - Amendment - H1555A92",56,74,0,0,130
1213165,854697,2019-04-29,House,"House: Koznick - Amendment - H1555A38",58,74,0,0,132
1213165,854698,2019-04-29,House,"House: Lucero - Amendment to Runbeck Amendment - H1555A37",57,74,0,0,131
1213165,854699,2019-04-29,House,"House: Runbeck - Amendment - H1555A35",57,74,0,0,131
1213165,854700,2019-04-29,House,"House: Torkelson - Amendment - H1555A55",55,76,0,0,131
1213165,854701,2019-04-29,House,"House: Torkelson - Amendment - H1555A70",56,75,0,0,131
1213165,854702,2019-04-29,House,"House: West - Amendment - H1555A72",58,73,0,0,131
1213165,854703,2019-04-29,House,"House: Torkelson - Amendment - H1555A86",57,75,0,0,132
1213165,854704,2019-04-29,House,"House: Petersburg - Amendment - H1555A51",56,74,0,0,130
1213165,854705,2019-04-29,House,"House: Torkelson - Amendment - H1555A71",58,74,0,0,132
1213165,854706,2019-04-29,House,"House: Torkelson - Amendment - H1555A96",57,74,0,0,131
1213165,854707,2019-04-29,House,"House: Johnson - Amendment - H1555A65",56,75,0,0,131
1213165,854708,2019-04-29,House,"House: Petersburg - Amendment - H1555A64",57,75,0,0,132
1213165,854709,2019-04-29,House,"House: Petersburg - Amendment - H1555A62",56,75,0,0,131
1213165,854710,2019-04-29,House,"House: Grossell - Amendment - H1555A63",57,75,0,0,132
1213165,854711,2019-04-29,House,"House: Runbeck - Amendment - H1555A27",59,72,0,0,131
1213165,854712,2019-04-29,House,"House: Passage, as amended",74,58,0,0,132
1213165,857080,2019-05-01,Senate,"Senate: Third reading Passed",40,27,0,0,67
1213165,883915,2019-04-29,House,"House: Appeal Ruling of the Speaker",75,57,0,0,132
1213244,826646,2019-03-21,House,"House: Passage",123,0,0,0,123
1213315,958071,2020-05-07,House,"House: H.F. No. 1507",57,76,0,0,133
1213315,958072,2020-05-07,House,"House: H.F. No. 1507",57,77,0,0,134
1213315,958073,2020-05-07,House,"House: Hertaus motion Appeal ruling of the Speaker",75,59,0,0,134
1213315,958074,2020-05-07,House,"House: H.F. No. 1507",75,58,0,0,133
1213559,837358,2019-04-05,House,"House: Albright - Amendment to Winkler Amendment - H1500A44",54,75,0,0,129
1213559,837359,2019-04-05,House,"House: Daudt - Amendment - H1500A16",54,73,0,0,127
1213559,837360,2019-04-05,House,"House: Quam - Amendment - H1500A30",54,75,0,0,129
1213559,837361,2019-04-05,House,"House: Torkelson - Amendment - H1500A24",124,0,0,0,124
1213559,837362,2019-04-05,House,"House: Passage, as amended",74,52,0,0,126
1213559,837623,2019-04-05,House,"House: Appeal Ruling of the Speaker",74,55,0,0,129
1213559,837624,2019-04-05,House,"House: Appeal Ruling of the Speaker",73,55,0,0,128
1213601,857963,2019-05-02,House,"House: Passage",121,6,0,0,127
1214922,855462,2019-04-29,Senate,"Senate: Third reading Passed",66,0,0,0,66
1214922,861950,2019-05-07,House,"House: Passage",129,0,0,0,129
1215009,862443,2019-05-09,Senate,"Senate: Third reading Passed",67,0,0,0,67
1215013,855081,2019-04-29,Senate,"Senate: Third reading Passed",66,0,0,0,66
1215013,860132,2019-05-06,House,"House: Passage",131,0,0,0,131
1215142,816801,2019-03-07,Senate,"Senate: Third reading Passed",61,2,0,0,63
1215142,823943,2019-03-18,House,"House: Passage, as amended",105,21,0,0,126
1215142,831445,2019-03-28,House,"House: S.F. NO. 1743",115,12,0,0,127
1215142,831846,2019-03-28,Senate,"Senate: Third reading",61,2,0,0,63
1216768,818444,2019-03-11,House,"House: H.F. NO. 1710",56,65,0,0,121
1217284,816240,2019-03-07,House,"House: H.F. NO. 400",53,71,0,0,124
1217284,823651,2019-03-18,House,"House: Schomacker - Amendment to Zerwas Amendment - H0400A41",52,75,0,0,127
1217284,823652,2019-03-18,House,"House: Zerwas - Amendment, as amended - H0400A26",125,2,0,0,127
1217284,823653,2019-03-18,House,"House: Theis - Amendment - H0400A25",49,78,0,0,127
1217284,823654,2019-03-18,House,"House: Zerwas - Amendment - H0400A28",51,77,0,0,128
1217284,823655,2019-03-18,House,"House: Baker - Amendment - H0400A30-1",53,74,0,0,127
1217284,823656,2019-03-18,House,"House: O'Neill - Amendment, as amended - H0400A32",53,75,0,0,128
1217284,823657,2019-03-18,House,"House: Bennett - Amendment - H0400A35-1",51,77,0,0,128
1217284,823658,2019-03-18,House,"House: Passage",94,34,0,0,128
1217284,825167,2019-03-18,House,"House: Appeal Ruling of the Speaker",75,53,0,0,128
1217284,833944,2019-04-01,Senate,"Senate: Third reading Passed",29,36,0,0,65
1217284,867872,2019-05-20,House,"House: H.F. NO. 400",109,25,0,0,134
1217284,916678,2019-05-20,Senate,"Senate: Third reading",60,3,0,0,63
1218382,859616,2019-05-06,Senate,"Senate: Third reading Passed",64,0,0,0,64
1218382,865901,2019-05-16,House,"House: Passage",90,37,0,0,127
1218612,957683,2020-05-06,Senate,"Senate: Third reading Passed",66,0,0,0,66
1219058,831529,2019-03-28,House,"House: S.F. NO. 1757",75,51,0,0,126
1219058,831930,2019-03-28,Senate,"Senate: Third reading Passed",34,30,0,0,64
1222147,856970,2019-05-01,House,"House: Hamilton - Amendment - H1733A20",55,73,0,0,128
1222147,856971,2019-05-01,House,"House: Hamilton - Amendment - H1733A20",58,73,0,0,131
1222147,856972,2019-05-01,House,"House: Passage, as amended",81,49,0,0,130
1222147,861151,2019-05-07,Senate,"Senate: Third reading Passed",42,22,0,0,64
1222147,865568,2019-05-16,House,"House: H.F. NO. 1733",131,0,0,0,131
1222147,916638,2019-05-16,Senate,"Senate: Third reading",65,0,0,0,65
1223429,858686,2019-05-02,Senate,"Senate: Third reading Passed",42,19,0,0,61
1224653,838653,2019-04-08,House,"House: Passage",125,2,0,0,127
1224653,858352,2019-05-02,Senate,"Senate: Third reading Passed",65,0,0,0,65
1224761,959223,2020-05-17,Senate,"Senate: Third reading Passed",59,8,0,0,67
1224761,965106,2020-05-15,House,"House: 74 - Amendment - Nays",58,74,0,0,132
1224761,965107,2020-05-15,House,"House: CALENDAR FOR THE DAY",84,49,0,0,133
1224996,838642,2019-04-08,House,"House: Passage, as amended",125,2,0,0,127
1224996,958232,2020-05-11,Senate,"Senate: Third reading Passed",62,5,0,0,67
1224996,961491,2020-05-12,House,"House: MESSAGES FROM THE SENATE",131,0,0,0,131
1228990,856995,2019-05-01,House,"House: Passage, as amended",120,10,0,0,130
1228990,916486,2019-05-18,Senate,"Senate: Third reading Passed",65,0,0,0,65
1229030,838405,2019-04-08,House,"House: Passage",127,0,0,0,127
1229030,867118,2019-05-19,House,"House: H.F. NO. 1960",131,0,0,0,131
1229030,916777,2019-05-19,Senate,"Senate: Third reading Passed",67,0,0,0,67
1229142,836690,2019-04-04,House,"House: Passage",120,10,0,0,130
1229275,838512,2019-04-08,House,"House: Passage",127,0,0,0,127
1229275,862364,2019-05-09,Senate,"Senate: Third reading Passed",67,0,0,0,67
1231523,862421,2019-05-09,Senate,"Senate: Third reading Passed",66,0,0,0,66
1231523,867060,2019-05-18,House,"House: Passage",130,0,0,0,130
1231560,859650,2019-05-06,Senate,"Senate: Third reading Passed",64,0,0,0,64
1231604,956579,2020-04-16,Senate,"Senate: Third reading Passed",63,3,0,0,66
1231688,959141,2020-05-15,Senate,"Senate: Third reading Passed",67,0,0,0,67
1231763,822318,2019-03-14,House,"House: S.F. NO. 2225",127,0,0,0,127
1231763,822503,2019-03-14,Senate,"Senate: Third reading Passed",60,0,0,0,60
1231885,862382,2019-05-09,Senate,"Senate: Third reading Passed",66,0,0,0,66
1231885,867121,2019-05-19,House,"House: Passage",131,0,0,0,131
1231929,836889,2019-04-04,Senate,"Senate: Third reading Passed",57,10,0,0,67
1231929,959196,2020-05-17,Senate,"Senate: Third reading",62,5,0,0,67
1231929,964900,2020-05-16,House,"House: CALENDAR FOR THE DAY",132,0,0,0,132
1233168,863103,2019-05-13,House,"House: Passage, as amended",81,41,0,0,122
1233168,916456,2019-05-19,Senate,"Senate: Third reading Passed",57,9,0,0,66
1233357,838496,2019-04-08,House,"House: Passage",127,0,0,0,127
1233366,850233,2019-04-23,House,"House: Albright motion - Re-Referral",58,70,0,0,128
1233366,850234,2019-04-23,House,"House:  - Amendment to - ",57,74,0,0,131
1233366,850235,2019-04-23,House,"House: Lesch - Amendment - H2208A46",130,0,0,0,130
1233366,853055,2019-04-24,House,"House: Halverson - Amendment to Nash Amendment - H2208A97",73,58,0,0,131
1233366,853056,2019-04-24,House,"House: Nash - Amendment - H2208A78",5,125,0,0,130
1233366,853057,2019-04-24,House,"House: Baker - Amendment to Garofalo Amendment - H2208A98",56,76,0,0,132
1233366,853058,2019-04-24,House,"House: Baker - Amendment to Garofalo Amendment - H2208A100",53,77,0,0,130
1233366,853059,2019-04-24,House,"House: Davids - Amendment to Davids Amendment - H2208A105",51,81,0,0,132
1233366,853060,2019-04-24,House,"House: Davids - Amendment - H2208A85",56,75,0,0,131
1233366,853061,2019-04-24,House,"House: Robbins - Amendment - H2208A68",39,89,0,0,128
1233366,853062,2019-04-24,House,"House: Swedzinski - Amendment to Hornstein Amendment - H2208A102",50,76,0,0,126
1233366,853063,2019-04-24,House,"House: Hornstein - Amendment - H2208A93",79,50,0,0,129
1233366,853064,2019-04-24,House,"House: Swedzinski - Amendment to Baker Amendment - H2208A108",55,75,0,0,130
1233366,853065,2019-04-24,House,"House: Baker - Amendment - H2208A54",56,74,0,0,130
1233366,853066,2019-04-24,House,"House: Baker - Amendment - H2208A67",57,72,0,0,129
1233366,853067,2019-04-24,House,"House: Baker - Amendment - H2208A61",56,74,0,0,130
1233366,853068,2019-04-24,House,"House: Baker - Amendment - H2208A48",56,73,0,0,129
1233366,853069,2019-04-24,House,"House: Baker - Amendment - H2208A88",55,75,0,0,130
1233366,853070,2019-04-24,House,"House: Haley - Amendment - H2208A40",53,77,0,0,130
1233366,853071,2019-04-24,House,"House: Swedzinski - Amendment - H2208A41",57,73,0,0,130
1233366,853072,2019-04-24,House,"House: Mekeland - Amendment - H2208A49",56,75,0,0,131
1233366,853073,2019-04-24,House,"House: Baker - Amendment - H2208A63",65,66,0,0,131
1233366,853074,2019-04-24,House,"House: Swedzinski - Amendment - H2208A43",59,70,0,0,129
1233366,853075,2019-04-24,House,"House: Lucero - Amendment - H2208A65",54,74,0,0,128
1233366,853076,2019-04-24,House,"House: Swedzinski - Amendment - H2208A44",57,72,0,0,129
1233366,853077,2019-04-24,House,"House: Fabian - Amendment - H2208A39",60,70,0,0,130
1233366,853078,2019-04-24,House,"House: Swedzinski - Amendment - H2208A42",29,93,0,0,122
1233366,853079,2019-04-24,House,"House: Swedzinski - Amendment - H2208A86",8,115,0,0,123
1233366,853080,2019-04-24,House,"House: Neu motion - Suspension of Rules 3.33",53,76,0,0,129
1233366,853081,2019-04-24,House,"House: Passage, as amended",74,59,0,0,133
1233366,854682,2019-04-29,Senate,"Senate: Third reading Passed",31,35,0,0,66
1233366,860413,2019-04-24,House,"House: APPEAL RULING OF THE SPEAKER",74,58,0,0,132
1233366,860414,2019-04-24,House,"House: APPEAL RULING OF THE SPEAKER",74,57,0,0,131
1233485,838553,2019-04-08,House,"House: Passage",106,19,0,0,125
1233485,854916,2019-04-29,Senate,"Senate: Third reading Passed",66,0,0,0,66
1233533,853003,2019-04-25,House,"House: Drazkowski - Amendment - H2125A52",48,74,0,0,122
1233533,853004,2019-04-25,House,"House: Albright - Amendment to Drazkowski Amendment - H2125A60",129,0,0,0,129
1233533,853005,2019-04-25,House,"House: Drazkowski - Amendment, as amended - H2125A55",48,79,0,0,127
1233533,853006,2019-04-25,House,"House: Garofalo - Amendment to O'Neill Amendment - H2125A42",54,75,0,0,129
1233533,853007,2019-04-25,House,"House: O'Neill - Amendment - H2125A24",54,75,0,0,129
1233533,853008,2019-04-25,House,"House: Hertaus - Amendment to Albright Amendment - H2125A28",54,75,0,0,129
1233533,853009,2019-04-25,House,"House: Garofalo - Amendment to Albright Amendment - H2125A30",54,75,0,0,129
1233533,853010,2019-04-25,House,"House: O'Neill - Amendment to Albright Amendment - H2125A56",3,126,0,0,129
1233533,853012,2019-04-25,House,"House: O'Neill - Amendment to Petersburg Amendment - H2125A47",54,75,0,0,129
1233533,853013,2019-04-25,House,"House: O'Neill - Amendment to Petersburg Amendment - H2125A25",54,75,0,0,129
1233533,853014,2019-04-25,House,"House: Marquart - Amendment to Neu Amendment - H2125A59",76,53,0,0,129
1233533,853015,2019-04-25,House,"House: Hertaus - Amendment to Neu Amendment - H2125A48",54,73,0,0,127
1233533,853016,2019-04-25,House,"House: Passage, as amended",74,55,0,0,129
1233533,856128,2019-04-30,Senate,"Senate: Third reading Passed",39,28,0,0,67
1233621,832805,2019-04-01,House,"House: Passage",120,7,0,0,127
1233748,833069,2019-04-01,House,"House: Passage",73,54,0,0,127
1233870,838500,2019-04-08,House,"House: Passage",127,0,0,0,127
1235401,853224,2019-04-25,Senate,"Senate: Third reading Passed",37,28,0,0,65
1235401,855749,2019-04-30,House,"House: Kiel - Amendment to Nelson, M. Amendment - S2227A58",59,73,0,0,132
1235401,855750,2019-04-30,House,"House: Xiong, T. - Amendment - S2227A51",133,0,0,0,133
1235401,855751,2019-04-30,House,"House: Vogel - Amendment - S2227A45",59,71,0,0,130
1235401,855752,2019-04-30,House,"House: Nash - Amendment to Long Amendment - S2227A59",58,73,0,0,131
1235401,855753,2019-04-30,House,"House: Long - Amendment, as amended - S2227A32",80,51,0,0,131
1235401,855754,2019-04-30,House,"House: Vogel - Amendment - S2227A22",57,72,0,0,129
1235401,855755,2019-04-30,House,"House: Dehn - Amendment to Nash Amendment - S2227A63",72,59,0,0,131
1235401,855756,2019-04-30,House,"House: O'Driscoll - Amendment - S2227A26",57,74,0,0,131
1235401,855757,2019-04-30,House,"House: Nash - Amendment - S2227A46",57,73,0,0,130
1235401,855758,2019-04-30,House,"House: Nash - Amendment - S2227A29",58,73,0,0,131
1235401,855759,2019-04-30,House,"House: Dettmer - Amendment - S2227A49",131,0,0,0,131
1235401,855760,2019-04-30,House,"House: O'Neill - Amendment - S2227A6",55,76,0,0,131
1235401,855761,2019-04-30,House,"House: Green - Amendment to Albright Amendment - S2227A38",60,71,0,0,131
1235401,855762,2019-04-30,House,"House: Albright - Amendment to Albright Amendment - S2227A39",58,72,0,0,130
1235401,855763,2019-04-30,House,"House: Kiel - Amendment to Albright Amendment - S2227A41",58,73,0,0,131
1235401,855764,2019-04-30,House,"House: Kiel - Amendment to Albright Amendment - S2227A54",58,73,0,0,131
1235401,855765,2019-04-30,House,"House: Nash - Amendment - S2227A36",58,71,0,0,129
1235401,855766,2019-04-30,House,"House: Passage, as amended",73,58,0,0,131
1235433,858405,2019-05-02,Senate,"Senate: Third reading Passed",65,0,0,0,65
1235441,861951,2019-05-08,Senate,"Senate: Third reading Passed",65,0,0,0,65
1235441,863746,2019-05-14,House,"House: Passage",126,0,0,0,126
1235591,850988,2019-04-23,Senate,"Senate: Third reading Passed",67,0,0,0,67
1235591,855964,2019-04-30,House,"House: Drazkowski - Amendment - A19-0525",59,73,0,0,132
1235591,855965,2019-04-30,House,"House: Fabian - Amendment - S2314A11",59,73,0,0,132
1235591,855966,2019-04-30,House,"House: Fischer - Amendment - S2314A16",66,65,0,0,131
1235591,855967,2019-04-30,House,"House: Passage, as amended",73,60,0,0,133
1235705,850668,2019-04-23,Senate,"Senate: Third reading Passed",43,24,0,0,67
1235705,853492,2019-04-26,House,"House: Lueck - Amendment to Poppe Amendment - S2226A48",53,73,0,0,126
1235705,853493,2019-04-26,House,"House: Anderson - Amendment to Anderson Amendment - S2226A16",52,73,0,0,125
1235705,853494,2019-04-26,House,"House: Poston - Amendment - S2226A8",53,73,0,0,126
1235705,853495,2019-04-26,House,"House: Kiel - Amendment - S2226A9",54,73,0,0,127
1235705,853496,2019-04-26,House,"House: Anderson - Amendment - S2226A30",52,73,0,0,125
1235705,853497,2019-04-26,House,"House: Anderson - Amendment - S2226A12",54,73,0,0,127
1235705,853498,2019-04-26,House,"House: Lueck - Amendment - S2226A34",53,73,0,0,126
1235705,853499,2019-04-26,House,"House: Theis - Amendment - S2226A31",53,73,0,0,126
1235705,853500,2019-04-26,House,"House: Passage, as amended",99,28,0,0,127
1235705,916549,2019-05-20,Senate,"Senate: Third reading",48,17,0,0,65
1236981,867063,2019-05-18,House,"House: Passage",128,0,0,0,128
1237810,851890,2019-04-24,Senate,"Senate: Third reading Passed",38,29,0,0,67
1237810,855705,2019-04-30,House,"House: Runbeck - Amendment - S2415A12",58,71,0,0,129
1237810,855706,2019-04-30,House,"House: Franson - Amendment - S2415A3",59,69,0,0,128
1237810,855707,2019-04-30,House,"House: Lucero - Amendment - S2415A10",54,69,0,0,123
1237810,855708,2019-04-30,House,"House: Baker - Amendment - S2415A15",53,75,0,0,128
1237810,855709,2019-04-30,House,"House: Runbeck - Amendment - S2415A6",58,70,0,0,128
1237810,855710,2019-04-30,House,"House: Zerwas - Amendment - S2415A8",58,69,0,0,127
1237810,855711,2019-04-30,House,"House: Passage, as amended",72,57,0,0,129
1237810,867854,2019-05-20,House,"House: S.F. NO. 2415",84,49,0,0,133
1237810,916504,2019-05-20,Senate,"Senate: Third reading",62,3,0,0,65
1238245,852924,2019-04-25,House,"House: Albright - Amendment - H2414A130",122,0,0,0,122
1238245,852925,2019-04-25,House,"House: Cantrell - Amendment - A19-0464",72,53,0,0,125
1238245,852926,2019-04-25,House,"House: Neu - Amendment - H2414A144-1",53,74,0,0,127
1238245,852927,2019-04-25,House,"House: Neu - Amendment - H2414A148-1",53,75,0,0,128
1238245,852928,2019-04-25,House,"House: Baker - Amendment - H2414A153-1",53,75,0,0,128
1238245,852929,2019-04-25,House,"House: Neu - Amendment - H2414a156-1",53,75,0,0,128
1238245,852930,2019-04-25,House,"House: Franson - Amendment to Franson Amendment - H2414A196",54,74,0,0,128
1238245,852931,2019-04-25,House,"House: Franson - Amendment - H2414A100",129,0,0,0,129
1238245,852932,2019-04-25,House,"House: Franson - Amendment - H2414A109",54,74,0,0,128
1238245,852933,2019-04-25,House,"House: Franson - Amendment - H2414A184",53,76,0,0,129
1238245,852934,2019-04-25,House,"House: Franson - Amendment - H2414A181",55,73,0,0,128
1238245,852935,2019-04-25,House,"House: Heintzeman - Amendment - H2414A166",52,74,0,0,126
1238245,852936,2019-04-25,House,"House: Zerwas and Franson - Amendment - H2414A99",55,73,0,0,128
1238245,852937,2019-04-25,House,"House: Heintzeman - Amendment - H2414A95",54,73,0,0,127
1238245,852938,2019-04-25,House,"House: Drazkowski - Amendment - H2414A94",53,73,0,0,126
1238245,852939,2019-04-25,House,"House: Miller - Amendment - A19-0460",58,69,0,0,127
1238245,852940,2019-04-25,House,"House: Scott - Amendment - H2414A159",59,70,0,0,129
1238245,852941,2019-04-25,House,"House: Baker - Amendment - H2414A135",48,74,0,0,122
1238245,852942,2019-04-25,House,"House: Gruenhagen - Amendment - H2414A129",3,124,0,0,127
1238245,852943,2019-04-25,House,"House: Davids - Amendment - H2414A116",47,77,0,0,124
1238245,852944,2019-04-25,House,"House: Petersburg - Amendment - H2414A141",54,75,0,0,129
1238245,852945,2019-04-25,House,"House: Urdahl - Amendment - H2414A151",53,76,0,0,129
1238245,852946,2019-04-25,House,"House: Gruenhagen - Amendment - H2414A133",56,73,0,0,129
1238245,852947,2019-04-25,House,"House: Passage, as amended",74,55,0,0,129
1238245,856152,2019-04-30,Senate,"Senate: Third reading Passed",36,28,0,0,64
1238245,863389,2019-04-25,House,"House: APPEAL RULING OF THE SPEAKER",76,53,0,0,129
1238245,863390,2019-04-25,House,"House: APPEAL RULING OF THE SPEAKER",74,54,0,0,128
1238305,850297,2019-04-23,House,"House: Kresha motion - Re-Referral",56,75,0,0,131
1238305,850298,2019-04-23,House,"House: Kresha - Amendment to Sandell Amendment - H2400A197",128,0,0,0,128
1238305,850299,2019-04-23,House,"House: Gruenhagen - Amendment to Gruenhagen Amendment - H2400A173",118,14,0,0,132
1238305,850300,2019-04-23,House,"House: O'Driscoll - Amendment - H2400A129",132,0,0,0,132
1238305,850301,2019-04-23,House,"House: Youakim - 1st portion Amendment to Kresha Amendment - H2400A200",73,59,0,0,132
1238305,850302,2019-04-23,House,"House: Scott - Amendment - H2400A146",58,73,0,0,131
1238305,850303,2019-04-23,House,"House: Youakim - Amendment to Scott Amendment - H2400A198",74,58,0,0,132
1238305,850304,2019-04-23,House,"House: Scott - Amendment as amended - H2400A105",132,0,0,0,132
1238305,850305,2019-04-23,House,"House: Scott - Amendment - H2400A104",132,0,0,0,132
1238305,850306,2019-04-23,House,"House: Scott - Amendment - H2400A102",57,75,0,0,132
1238305,850307,2019-04-23,House,"House: Bennett - Amendment - H2400A78",58,73,0,0,131
1238305,850308,2019-04-23,House,"House: Scott - Amendment - H2400A47",55,74,0,0,129
1238305,850309,2019-04-23,House,"House: Kresha - Amendment - H2400DE2",54,74,0,0,128
1238305,850310,2019-04-23,House,"House: Kresha - Amendment - H2400A136",53,73,0,0,126
1238305,850311,2019-04-23,House,"House: Kresha - Amendment - H2400A137",55,73,0,0,128
1238305,850312,2019-04-23,House,"House: Jurgens - Amendment - H2400A131",49,79,0,0,128
1238305,850313,2019-04-23,House,"House: Fabian - Amendment - H2400A127",59,72,0,0,131
1238305,850314,2019-04-23,House,"House: Jurgens - Amendment - H2400A90",129,0,0,0,129
1238305,850315,2019-04-23,House,"House: Jurgens - Amendment - H2400A54",57,74,0,0,131
1238305,850316,2019-04-23,House,"House: Kresha - Amendment - H2400A165",48,83,0,0,131
1238305,850317,2019-04-23,House,"House: Demuth - Amendment - H2400A117",48,81,0,0,129
1238305,850318,2019-04-23,House,"House: Franson - Amendment - H2400A132",52,78,0,0,130
1238305,850319,2019-04-23,House,"House: Demuth - Amendment - H2400A110",50,81,0,0,131
1238305,850320,2019-04-23,House,"House: Franson - Amendment - H2400A113",55,76,0,0,131
1238305,850321,2019-04-23,House,"House: Demuth - Amendment - H2400A111",125,4,0,0,129
1238305,850322,2019-04-23,House,"House: Heintzeman - Amendment - H2400A115",56,75,0,0,131
1238305,850323,2019-04-23,House,"House: Kresha - Amendment to Demuth Amendment - H2400A168",56,74,0,0,130
1238305,850324,2019-04-23,House,"House: Demuth - Amendment - H2400A86",56,75,0,0,131
1238305,850325,2019-04-23,House,"House: Erickson - Amendment - H2400A109",55,76,0,0,131
1238305,850326,2019-04-23,House,"House: Baker - Amendment - H2400A53",57,74,0,0,131
1238305,850327,2019-04-23,House,"House: Bennett - Amendment - H2400A65",56,74,0,0,130
1238305,850328,2019-04-23,House,"House: Quam - Amendment - H2400A88",53,77,0,0,130
1238305,850329,2019-04-23,House,"House: Jurgens - Amendment - H2400A126",52,77,0,0,129
1238305,850330,2019-04-23,House,"House: Nornes - Amendment - H2400A92",44,81,0,0,125
1238305,850331,2019-04-23,House,"House: Bennett - Amendment - H2400A135",57,75,0,0,132
1238305,850332,2019-04-23,House,"House: Franson - Amendment - H2400A43",56,76,0,0,132
1238305,850333,2019-04-23,House,"House: Quam - Amendment to Quam Amendment - H2400A171",55,77,0,0,132
1238305,850334,2019-04-23,House,"House: Erickson - Amendment - H2400A63",57,72,0,0,129
1238305,850335,2019-04-23,House,"House: Erickson - Amendment - H2400A66",55,76,0,0,131
1238305,850336,2019-04-23,House,"House: Erickson - Amendment - H2400A95",56,73,0,0,129
1238305,850337,2019-04-23,House,"House: Erickson - Amendment - H2400A96",56,75,0,0,131
1238305,850338,2019-04-23,House,"House: Erickson - Amendment - H2400A68",54,77,0,0,131
1238305,850339,2019-04-23,House,"House: Erickson - Amendment - H2400A79",55,75,0,0,130
1238305,850340,2019-04-23,House,"House: Demuth - Amendment - H2400A106",57,74,0,0,131
1238305,850341,2019-04-23,House,"House: Ecklund et al - Amendment - H2400A138",93,38,0,0,131
1238305,850342,2019-04-23,House,"House: Passage, as amended",78,55,0,0,133
1238305,857031,2019-05-01,Senate,"Senate: Third reading Passed",37,30,0,0,67
1238305,858322,2019-04-23,House,"House: APPEAL RULING OF THE SPEAKER",75,57,0,0,132
1238701,957344,2020-05-04,Senate,"Senate: Third reading Passed",66,0,0,0,66
1238701,961494,2020-05-13,House,"House: CALENDAR FOR THE DAY",126,8,0,0,134
1239164,859739,2019-05-06,House,"House: Hertaus - Amendment - A19-0535",56,75,0,0,131
1239164,859740,2019-05-06,House,"House: Hertaus - Amendment - A19-0536",59,72,0,0,131
1239164,859741,2019-05-06,House,"House: Hertaus - Amendment - A19-0538",58,74,0,0,132
1239164,859742,2019-05-06,House,"House: Hertaus - Amendment - A19-0539",55,76,0,0,131
1239164,859743,2019-05-06,House,"House: Hertaus - Amendment - A19-0540",58,74,0,0,132
1239164,859744,2019-05-06,House,"House: Hertaus - Amendment - A19-0542",53,77,0,0,130
1239164,859745,2019-05-06,House,"House: Theis - Amendment - H2542A12",59,73,0,0,132
1239164,859746,2019-05-06,House,"House: Theis - Amendment - H2542A13",61,71,0,0,132
1239164,859747,2019-05-06,House,"House: Lucero - Amendment - H2542A14",58,75,0,0,133
1239164,859748,2019-05-06,House,"House: Lucero - Amendment - H2542A16",58,75,0,0,133
1239164,859749,2019-05-06,House,"House: Passage, as amended",85,48,0,0,133
1239164,959205,2020-05-17,Senate,"Senate: Third reading Passed",35,32,0,0,67
1239192,965135,2020-05-16,House,"House: CALENDAR FOR THE DAY",75,58,0,0,133
1239438,863371,2019-05-13,House,"House: Passage",100,5,0,0,105
1240047,827276,2019-03-18,Senate,"Senate: Adopted",61,0,0,0,61
1243903,959242,2020-05-17,Senate,"Senate: Third reading Passed",67,0,0,0,67
1243903,965124,2020-05-15,House,"House: CALENDAR FOR THE DAY",110,21,0,0,131
1244035,862536,2019-05-10,House,"House: Passage",112,4,0,0,116
1244035,916452,2019-05-19,Senate,"Senate: Third reading Passed",63,0,0,0,63
1247425,961142,2020-05-11,House,"House: CALENDAR FOR THE DAY",74,60,0,0,134
1248300,867133,2019-05-19,House,"House: Passage",131,0,0,0,131
1248300,959157,2020-05-16,Senate,"Senate: Third reading Passed",34,33,0,0,67
1248300,959158,2020-05-17,Senate,"Senate: Third reading Passed as amended",34,33,0,0,67
1249236,836736,2019-04-04,House,"House: H.F. NO. 2815",56,74,0,0,130
1249601,867067,2019-05-18,House,"House: Passage",116,14,0,0,130
1249663,867061,2019-05-18,House,"House: Passage",104,26,0,0,130
1253662,861955,2019-05-09,House,"House: Passage",125,0,0,0,125
1253662,865167,2019-05-16,House,"House: H.F. NO. 2849",128,2,0,0,130
1253662,916581,2019-05-15,Senate,"Senate: Third reading Passed",60,0,0,0,60
1261362,958615,2020-05-13,Senate,"Senate: Third reading Passed",64,3,0,0,67
1261362,964647,2020-05-17,House,"House: MOTIONS AND RESOLUTIONS",128,3,0,0,131
1261362,964648,2020-05-17,House,"House: MOTIONS AND RESOLUTIONS",128,4,0,0,132
1261764,916668,2019-05-16,Senate,"Senate: Adopted",66,0,0,0,66
1262609,956973,2020-04-27,Senate,"Senate: Third reading Passed",42,24,0,0,66
1332646,927410,2020-02-19,House,"House: H.F. NO. 2959",53,72,0,0,125
1332646,944764,2020-03-05,House,"House: Passage",127,2,0,0,129
1332646,951328,2020-03-12,Senate,"Senate: Third reading Passed",65,0,0,0,65
1332777,965109,2020-05-15,House,"House: CALENDAR FOR THE DAY",92,39,0,0,131
1332788,936893,2020-02-26,House,"House: Scott - Amendment - H3068DE1",35,90,0,0,125
1332788,936894,2020-02-26,House,"House: Scott - Amendment - H3068A5",56,72,0,0,128
1332788,936895,2020-02-26,House,"House: Passage",72,55,0,0,127
1332821,936966,2020-02-26,House,"House: APPEAL RULING OF THE SPEAKER",72,54,0,0,126
1332821,936967,2020-02-26,House,"House: Schomacker - Amendment - H3100A18",53,73,0,0,126
1332821,936968,2020-02-26,House,"House: Passage",75,52,0,0,127
1332821,951233,2020-03-12,Senate,"Senate: Third reading Passed",66,0,0,0,66
1332821,956255,2020-04-14,Senate,"Senate: Third reading",67,0,0,0,67
1332821,956584,2020-04-14,House,"House: H.F. NO. 3100",111,22,0,0,133
1334463,925451,2020-02-13,Senate,"Senate: Adopted",62,0,0,0,62
1334643,956966,2020-04-27,Senate,"Senate: Third reading Passed",67,0,0,0,67
1334739,924183,2020-02-11,Senate,"Senate: Adopted",65,0,0,0,65
1334810,956959,2020-04-27,Senate,"Senate: Third reading Passed",67,0,0,0,67
1334810,958026,2020-05-09,House,"House: Passage",130,0,0,0,130
1334883,924185,2020-02-11,Senate,"Senate: Adopted",66,0,0,0,66
1334893,958395,2020-05-12,Senate,"Senate: Third reading Passed",62,4,0,0,66
1335656,965095,2020-05-16,House,"House: 0 - Amendment as amended - Nays",133,0,0,0,133
1335656,965096,2020-05-16,House,"House: CALENDAR FOR THE DAY",76,57,0,0,133
1337007,956586,2020-04-16,Senate,"Senate: Third reading Passed",67,0,0,0,67
1337116,957347,2020-05-04,Senate,"Senate: Third reading Passed",66,0,0,0,66
1337116,961389,2020-05-12,House,"House: CALENDAR FOR THE DAY",131,2,0,0,133
1337177,956951,2020-04-27,Senate,"Senate: Third reading Passed",67,0,0,0,67
1337247,957098,2020-04-30,Senate,"Senate: Third reading Passed",67,0,0,0,67
1337247,964875,2020-05-16,House,"House: CALENDAR FOR THE DAY",132,1,0,0,133
1338407,959219,2020-05-17,Senate,"Senate: Third reading Passed",67,0,0,0,67
1338407,964969,2020-05-16,House,"House: CALENDAR FOR THE DAY",132,0,0,0,132
1340094,958197,2020-05-11,Senate,"Senate: Third reading Passed",67,0,0,0,67
1340110,958925,2020-05-14,Senate,"Senate: Third reading Passed",67,0,0,0,67
1340110,964609,2020-05-17,House,"House: CALENDAR FOR THE DAY",129,2,0,0,131
1340397,956631,2020-04-20,Senate,"Senate: Third reading Passed",65,2,0,0,67
1340732,957843,2020-05-07,Senate,"Senate: Third reading Passed",67,0,0,0,67
1340799,959147,2020-05-15,Senate,"Senate: Third reading Passed",37,30,0,0,67
1340846,958634,2020-05-13,Senate,"Senate: Third reading Passed",67,0,0,0,67
1340846,964639,2020-05-17,House,"House: S. F. No. 3204",123,9,0,0,132
1341994,958040,2020-05-09,House,"House: Passage",132,0,0,0,132
1341994,958682,2020-05-13,Senate,"Senate: Third reading Passed",67,0,0,0,67
1341994,965163,2020-05-15,House,"House: MESSAGES FROM THE SENATE",129,0,0,0,129
1342059,957862,2020-05-07,Senate,"Senate: Third reading Passed as amended",66,1,0,0,67
1342059,958008,2020-05-04,House,"House: H.F. No. 3429",119,14,0,0,133
1342059,958009,2020-05-09,House,"House: Messages from the Senate",122,10,0,0,132
1343440,958387,2020-05-12,Senate,"Senate: Third reading Passed",66,0,0,0,66
1343498,957890,2020-05-07,Senate,"Senate: Third reading Passed",67,0,0,0,67
1343498,961709,2020-05-13,House,"House: CALENDAR FOR THE DAY",132,2,0,0,134
1343565,957635,2020-05-06,Senate,"Senate: Third reading Passed",66,0,0,0,66
1343565,961711,2020-05-13,House,"House: CALENDAR FOR THE DAY",134,0,0,0,134
1343569,958214,2020-05-11,Senate,"Senate: Third reading Passed",67,0,0,0,67
1343569,964890,2020-05-15,House,"House: CALENDAR FOR THE DAY",124,8,0,0,132
1343747,956650,2020-04-20,Senate,"Senate: Third reading Passed",65,2,0,0,67
1343747,959190,2020-05-16,Senate,"Senate: Third reading",67,0,0,0,67
1343747,965097,2020-05-14,House,"House: CALENDAR FOR THE DAY",126,5,0,0,131
1343835,958176,2020-05-11,Senate,"Senate: Third reading Passed",67,0,0,0,67
1343835,965116,2020-05-16,House,"House: CALENDAR FOR THE DAY",133,0,0,0,133
1346365,958240,2020-05-11,Senate,"Senate: Third reading Passed",67,0,0,0,67
1346365,964937,2020-05-15,House,"House: CALENDAR FOR THE DAY",132,0,0,0,132
1346471,944849,2020-03-05,Senate,"Senate: Third reading Passed",66,0,0,0,66
1346471,950645,2020-03-12,House,"House: Passage",125,0,0,0,125
1346706,957841,2020-05-07,Senate,"Senate: Third reading Passed",67,0,0,0,67
1346706,964690,2020-05-16,House,"House: 81 - Amend, Garofalo Amendment - Nays",53,81,0,0,134
1346706,964691,2020-05-16,House,"House: 53 - Amend the Garofalo amendment as amended - Nays",81,53,0,0,134
1346706,964692,2020-05-16,House,"House: CALENDAR FOR THE DAY",80,54,0,0,134
1351013,957637,2020-05-06,Senate,"Senate: Third reading Passed",66,0,0,0,66
1351013,965198,2020-05-17,House,"House: CALENDAR FOR THE DAY",132,1,0,0,133
1351118,958882,2020-05-14,Senate,"Senate: Third reading Passed",67,0,0,0,67
1351118,959192,2020-05-17,Senate,"Senate: Third reading",61,6,0,0,67
1351118,964881,2020-05-17,House,"House: CALENDAR FOR THE DAY",133,0,0,0,133
1351302,958880,2020-05-14,Senate,"Senate: Third reading Passed",67,0,0,0,67
1351302,965219,2020-05-17,House,"House: CALENDAR FOR THE DAY",126,5,0,0,131
1353222,958876,2020-05-14,Senate,"Senate: Third reading Passed",67,0,0,0,67
1353222,965239,2020-05-17,House,"House: CALENDAR FOR THE DAY",133,0,0,0,133
1353355,957084,2020-04-30,Senate,"Senate: Third reading Passed as amended",40,27,0,0,67
1353355,957087,2020-04-30,Senate,"Senate: Third reading Passed as amended",40,27,0,0,67
1353385,947374,2020-03-09,House,"House: S.F. NO. 3813",133,0,0,0,133
1353385,947783,2020-03-09,Senate,"Senate: Third reading",56,0,0,0,56
1353385,947784,2020-03-09,Senate,"Senate: Third reading Passed",64,0,0,0,64
1353520,952621,2020-03-17,House,"House: S.F. NO. 3878",96,9,0,0,105
1353520,952778,2020-03-16,Senate,"Senate: Third reading Passed",55,0,0,0,55
1353994,958028,2020-05-09,House,"House: Passage",131,1,0,0,132
1353994,958613,2020-05-13,Senate,"Senate: Third reading Passed",67,0,0,0,67
1355393,959146,2020-05-15,Senate,"Senate: Third reading Passed",67,0,0,0,67
1355393,961110,2020-05-12,House,"House: CALENDAR FOR THE DAY",131,3,0,0,134
1355785,957086,2020-04-30,Senate,"Senate: Third reading Passed",66,1,0,0,67
1356335,959193,2020-05-17,Senate,"Senate: Third reading Passed",45,22,0,0,67
1356335,964892,2020-05-15,House,"House: CALENDAR FOR THE DAY",131,0,0,0,131
1357155,957343,2020-05-04,Senate,"Senate: Third reading Passed",66,0,0,0,66
1357155,958010,2020-05-09,House,"House: Passage",132,0,0,0,132
1357903,958892,2020-05-14,Senate,"Senate: Third reading Passed",67,0,0,0,67
1357903,961390,2020-05-12,House,"House: CALENDAR FOR THE DAY",132,1,0,0,133
1358827,958012,2020-05-04,House,"House: H.F. No. 4415",58,75,0,0,133
1358827,958013,2020-05-04,House,"House: H.F. No 4415",83,49,0,0,132
1358827,959160,2020-05-16,Senate,"Senate: Third reading Passed",66,1,0,0,67
1358827,964643,2020-05-17,House,"House: MESSAGES FROM THE SENATE",75,55,0,0,130
1359382,959030,2020-05-14,Senate,"Senate: Third reading Passed",67,0,0,0,67
1359382,961407,2020-05-12,House,"House: CALENDAR FOR THE DAY",131,2,0,0,133
1359888,952599,2020-03-17,House,"House: S.F. NO. 4334",108,0,0,0,108
1360046,961189,2020-05-11,House,"House: 75 - Amendment - Nays",59,75,0,0,134
1360046,961190,2020-05-11,House,"House: CALENDAR FOR THE DAY",79,55,0,0,134
1360069,964962,2020-05-15,House,"House: CALENDAR FOR THE DAY",124,8,0,0,132
1360073,959152,2020-05-15,Senate,"Senate: Third reading Passed as amended",67,0,0,0,67
1360073,961662,2020-05-13,House,"House: CALENDAR FOR THE DAY",133,1,0,0,134
1360073,965111,2020-05-16,House,"House: CONCURRENCE AND REPASSAGE",133,1,0,0,134
1361865,955025,2020-03-26,House,"House: H.F. NO. 4531",99,4,0,0,103
1361865,956595,2020-03-26,Senate,"Senate: Third reading Passed",67,0,0,0,67
1362669,956596,2020-04-07,Senate,"Senate: Third reading Passed",67,0,0,0,67
1362669,956597,2020-04-07,House,"House: H. F. No. 4537",134,0,0,0,134
1362669,956598,2020-04-07,House,"House: H. F. No. 4537",130,4,0,0,134
1363062,956194,2020-04-14,Senate,"Senate: Third reading Passed",64,3,0,0,67
1363062,956569,2020-04-14,House,"House: H. F No. 4556",131,1,0,0,132
1363062,956570,2020-04-14,House,"House: H. F. No. 4556",103,31,0,0,134
1363089,964849,2020-05-16,House,"House: 69 - Amendment - Nays",63,69,0,0,132
1363089,964850,2020-05-16,House,"House: CALENDAR FOR THE DAY",74,59,0,0,133
1363105,956585,2020-04-14,House,"House: H. C. No. 9",57,76,0,0,133
1363214,958391,2020-05-12,Senate,"Senate: Third reading Passed",59,7,0,0,66
1363235,956583,2020-04-16,Senate,"Senate: Third reading Passed",65,2,0,0,67
1363235,958378,2020-04-17,House,"House: Winkler motion - DECLARATION OF URGENCY",132,0,0,0,132
1363235,958379,2020-04-17,House,"House: PASSAGE",129,1,0,0,130
1363249,956952,2020-04-27,Senate,"Senate: Third reading Passed",42,25,0,0,67
1363308,959156,2020-05-16,Senate,"Senate: Third reading Passed",41,26,0,0,67
1363314,957342,2020-05-04,Senate,"Senate: Third reading Passed",66,0,0,0,66
1363491,959149,2020-05-15,Senate,"Senate: Third reading Passed",36,31,0,0,67
1363522,958211,2020-05-11,Senate,"Senate: Third reading Passed",39,28,0,0,67
1363774,958033,2020-05-09,House,"House: Passage",73,59,0,0,132
1363778,959151,2020-05-15,Senate,"Senate: Third reading Passed",67,0,0,0,67
1363778,961626,2020-05-13,House,"House: CALENDAR FOR THE DAY",134,0,0,0,134
1363795,959222,2020-05-17,Senate,"Senate: Third reading Passed",65,2,0,0,67
1363795,965012,2020-05-15,House,"House: CALENDAR FOR THE DAY",97,34,0,0,131
1363800,959194,2020-05-17,Senate,"Senate: Third reading Passed",67,0,0,0,67
1363800,961124,2020-05-12,House,"House: CALENDAR FOR THE DAY",114,18,0,0,132
1363804,959155,2020-05-16,Senate,"Senate: Third reading Passed",67,0,0,0,67
1363804,961686,2020-05-13,House,"House: CALENDAR FOR THE DAY",124,9,0,0,133
1363804,965140,2020-05-17,House,"House: MESSAGES FROM THE SENATE",123,5,0,0,128
1363945,958881,2020-05-14,Senate,"Senate: Third reading Passed",67,0,0,0,67
1363945,961383,2020-05-12,House,"House: CALENDAR FOR THE DAY",134,0,0,0,134
1363945,961384,2020-05-12,House,"House: 71 - Amendment - Nays",63,71,0,0,134
1363954,961679,2020-05-13,House,"House: MOTIONS AND RESOLUTIONS",62,71,0,0,133
1364484,958437,2020-05-12,Senate,"Senate: Third reading Passed",66,0,0,0,66
1364494,959159,2020-05-17,Senate,"Senate: Bill passed",45,22,0,0,67
1365133,965129,2020-05-16,House,"House: MOTIONS AND RESOLUTIONS",55,72,0,0,127
1365138,961141,2020-05-12,House,"House: MOTION TO SUSPEND RULES",60,74,0,0,134
1366056,959292,2020-05-16,Senate,"Senate: Adopted",67,0,0,0,67
1366056,959982,2020-05-16,Senate,"Senate: Adopted",67,0,0,0,67
