bill_id,session_id,bill_number,status,status_desc,status_date,title,description,committee_id,committee,last_action_date,last_action,url,state_link
415942,210,HB2002,4,Passed,2010-03-18,"Capital outlay appropriations; 2010-2011","Capital outlay appropriations; 2010-2011",0,,2010-03-18,"Governor Signed",https://legiscan.com/AZ/bill/HB2002/2010/X7,http://www.azleg.gov/DocumentsForBill.asp?Session_ID=96&Bill_Number=HB2002
415931,210,HB2003,4,Passed,2010-03-18,"Budget procedures; budget reconciliation; 2010-2011","Budget procedures; budget reconciliation; 2010-2011",0,,2010-03-18,"Governor Signed",https://legiscan.com/AZ/bill/HB2003/2010/X7,http://www.azleg.gov/DocumentsForBill.asp?Session_ID=96&Bill_Number=HB2003
415916,210,HB2004,4,Passed,2010-03-18,"Regulation; budget reconciliation; 2010-2011","Regulation; budget reconciliation; 2010-2011",0,,2010-03-18,"Governor Signed",https://legiscan.com/AZ/bill/HB2004/2010/X7,http://www.azleg.gov/DocumentsForBill.asp?Session_ID=96&Bill_Number=HB2004
415900,210,HB2005,4,Passed,2010-03-18,"General government; budget reconciliation; 2010-2011","General government; budget reconciliation; 2010-2011",0,,2010-03-18,"Governor Signed",https://legiscan.com/AZ/bill/HB2005/2010/X7,http://www.azleg.gov/DocumentsForBill.asp?Session_ID=96&Bill_Number=HB2005
415887,210,HB2006,4,Passed,2010-03-18,"Criminal justice; budget reconciliation; 2010-2011","Criminal justice; budget reconciliation; 2010-2011",0,,2010-03-18,"Governor Signed",https://legiscan.com/AZ/bill/HB2006/2010/X7,http://www.azleg.gov/DocumentsForBill.asp?Session_ID=96&Bill_Number=HB2006
415872,210,HB2007,4,Passed,2010-03-18,"Environment; budget reconciliation; 2010-2011","Environment; budget reconciliation; 2010-2011",0,,2010-03-18,"Governor Signed",https://legiscan.com/AZ/bill/HB2007/2010/X7,http://www.azleg.gov/DocumentsForBill.asp?Session_ID=96&Bill_Number=HB2007
415858,210,HB2008,4,Passed,2010-03-18,"K-12 education; budget reconciliation; 2010-2011","K-12 education; budget reconciliation; 2010-2011",0,,2010-03-18,"Governor Signed",https://legiscan.com/AZ/bill/HB2008/2010/X7,http://www.azleg.gov/DocumentsForBill.asp?Session_ID=96&Bill_Number=HB2008
415845,210,HB2009,4,Passed,2010-03-18,"Higher education; budget reconciliation; 2010-2011","Higher education; budget reconciliation; 2010-2011",0,,2010-03-18,"Governor Signed",https://legiscan.com/AZ/bill/HB2009/2010/X7,http://www.azleg.gov/DocumentsForBill.asp?Session_ID=96&Bill_Number=HB2009
415832,210,HB2010,4,Passed,2010-03-18,"Health; budget reconciliation; 2010-2011","Health; budget reconciliation; 2010-2011",0,,2010-03-18,"Governor Signed",https://legiscan.com/AZ/bill/HB2010/2010/X7,http://www.azleg.gov/DocumentsForBill.asp?Session_ID=96&Bill_Number=HB2010
415816,210,HB2011,4,Passed,2010-03-18,"Welfare; budget reconciliation; 2010-2011","Welfare; budget reconciliation; 2010-2011",0,,2010-03-18,"Governor Signed",https://legiscan.com/AZ/bill/HB2011/2010/X7,http://www.azleg.gov/DocumentsForBill.asp?Session_ID=96&Bill_Number=HB2011
415802,210,HB2012,4,Passed,2010-03-18,"Revenues; budget reconciliation; 2010-2011","Revenues; budget reconciliation; 2010-2011",0,,2010-03-18,"Governor Signed",https://legiscan.com/AZ/bill/HB2012/2010/X7,http://www.azleg.gov/DocumentsForBill.asp?Session_ID=96&Bill_Number=HB2012
415787,210,HB2013,2,Engrossed,2010-03-11,"Accounting expenses tax credit; repeal","Accounting expenses tax credit; repeal",0,,2010-03-11,"Transmit to Senate",https://legiscan.com/AZ/bill/HB2013/2010/X7,http://www.azleg.gov/DocumentsForBill.asp?Session_ID=96&Bill_Number=HB2013
415772,210,HCR2001,4,Passed,2010-03-16,"Early childhood development; health; repeal","Early childhood development; health; repeal",0,,2010-03-16,"Transmitted to Secretary Of State",https://legiscan.com/AZ/bill/HCR2001/2010/X7,http://www.azleg.gov/DocumentsForBill.asp?Session_ID=96&Bill_Number=HCR2001
415758,210,HCR2002,4,Passed,2010-03-15,"Land conservation fund; reversion","Land conservation fund; reversion",0,,2010-03-15,"Transmitted to Secretary Of State",https://legiscan.com/AZ/bill/HCR2002/2010/X7,http://www.azleg.gov/DocumentsForBill.asp?Session_ID=96&Bill_Number=HCR2002
415745,210,SB1001,1,Introduced,2010-03-08,"General appropriations; 2009-2010; 2010-2011.","General appropriations; 2009-2010; 2010-2011.",0,,2010-03-11,"Senate Committee of the Whole action: Do Pass Amended",https://legiscan.com/AZ/bill/SB1001/2010/X7,http://www.azleg.gov/DocumentsForBill.asp?Session_ID=96&Bill_Number=SB1001
415730,210,SB1002,1,Introduced,2010-03-08,"Capital outlay appropriations; 2010-2011.","Capital outlay appropriations; 2010-2011.",0,,2010-03-11,"Senate Committee of the Whole action: Do Pass",https://legiscan.com/AZ/bill/SB1002/2010/X7,http://www.azleg.gov/DocumentsForBill.asp?Session_ID=96&Bill_Number=SB1002
415717,210,SB1003,1,Introduced,2010-03-08,"Budget procedures; budget reconciliation; 2010-2011.","Budget procedures; budget reconciliation; 2010-2011.",0,,2010-03-11,"Senate Committee of the Whole action: Do Pass Amended",https://legiscan.com/AZ/bill/SB1003/2010/X7,http://www.azleg.gov/DocumentsForBill.asp?Session_ID=96&Bill_Number=SB1003
415702,210,SB1004,1,Introduced,2010-03-08,"Regulation; budget reconciliation; 2010-2011.","Regulation; budget reconciliation; 2010-2011.",0,,2010-03-11,"Senate Committee of the Whole action: Do Pass",https://legiscan.com/AZ/bill/SB1004/2010/X7,http://www.azleg.gov/DocumentsForBill.asp?Session_ID=96&Bill_Number=SB1004
415687,210,SB1005,1,Introduced,2010-03-08,"General government; budget reconciliation; 2010-2011.","General government; budget reconciliation; 2010-2011.",0,,2010-03-11,"Senate Committee of the Whole action: Do Pass",https://legiscan.com/AZ/bill/SB1005/2010/X7,http://www.azleg.gov/DocumentsForBill.asp?Session_ID=96&Bill_Number=SB1005
415672,210,SB1006,1,Introduced,2010-03-08,"Criminal justice; budget reconciliation; 2010-2011.","Criminal justice; budget reconciliation; 2010-2011.",0,,2010-03-11,"Senate Committee of the Whole action: Do Pass Amended",https://legiscan.com/AZ/bill/SB1006/2010/X7,http://www.azleg.gov/DocumentsForBill.asp?Session_ID=96&Bill_Number=SB1006
415660,210,SB1007,1,Introduced,2010-03-08,"Environment; budget reconciliation; 2010-2011.","Environment; budget reconciliation; 2010-2011.",0,,2010-03-11,"Senate Committee of the Whole action: Do Pass Amended",https://legiscan.com/AZ/bill/SB1007/2010/X7,http://www.azleg.gov/DocumentsForBill.asp?Session_ID=96&Bill_Number=SB1007
415643,210,SB1008,1,Introduced,2010-03-08,"K-12 education; budget reconciliation; 2010-2011.","K-12 education; budget reconciliation; 2010-2011.",0,,2010-03-11,"Senate Committee of the Whole action: Do Pass Amended",https://legiscan.com/AZ/bill/SB1008/2010/X7,http://www.azleg.gov/DocumentsForBill.asp?Session_ID=96&Bill_Number=SB1008
415630,210,SB1009,1,Introduced,2010-03-08,"Higher education; budget reconciliation; 2010-2011.","Higher education; budget reconciliation; 2010-2011.",0,,2010-03-11,"Senate Committee of the Whole action: Do Pass Amended",https://legiscan.com/AZ/bill/SB1009/2010/X7,http://www.azleg.gov/DocumentsForBill.asp?Session_ID=96&Bill_Number=SB1009
415615,210,SB1010,1,Introduced,2010-03-08,"Health; budget reconciliation; 2010-2011.","Health; budget reconciliation; 2010-2011.",0,,2010-03-11,"Senate Committee of the Whole action: Do Pass Amended",https://legiscan.com/AZ/bill/SB1010/2010/X7,http://www.azleg.gov/DocumentsForBill.asp?Session_ID=96&Bill_Number=SB1010
415601,210,SB1011,1,Introduced,2010-03-08,"Welfare; budget reconciliation; 2010-2011.","Welfare; budget reconciliation; 2010-2011.",0,,2010-03-11,"Senate Committee of the Whole action: Do Pass",https://legiscan.com/AZ/bill/SB1011/2010/X7,http://www.azleg.gov/DocumentsForBill.asp?Session_ID=96&Bill_Number=SB1011
415587,210,SB1012,1,Introduced,2010-03-08,"Revenues; budget reconciliation; 2010-2011.","Revenues; budget reconciliation; 2010-2011.",0,,2010-03-11,"Senate Committee of the Whole action: Do Pass Amended",https://legiscan.com/AZ/bill/SB1012/2010/X7,http://www.azleg.gov/DocumentsForBill.asp?Session_ID=96&Bill_Number=SB1012
415574,210,SB1013,1,Introduced,2010-03-08,"Accounting expenses tax credit; repeal.","Accounting expenses tax credit; repeal.",0,,2010-03-11,"Senate Committee of the Whole action: Do Pass",https://legiscan.com/AZ/bill/SB1013/2010/X7,http://www.azleg.gov/DocumentsForBill.asp?Session_ID=96&Bill_Number=SB1013
415560,210,SCR1001,1,Introduced,2010-03-08,"Early childhood development; health; repeal.","Early childhood development; health; repeal.",0,,2010-03-11,"Senate Committee of the Whole action: Do Pass",https://legiscan.com/AZ/bill/SCR1001/2010/X7,http://www.azleg.gov/DocumentsForBill.asp?Session_ID=96&Bill_Number=SCR1001
415545,210,SCR1002,1,Introduced,2010-03-08,"Land conservation fund; reversion.","Land conservation fund; reversion.",0,,2010-03-11,"Senate Committee of the Whole action: Do Pass",https://legiscan.com/AZ/bill/SCR1002/2010/X7,http://www.azleg.gov/DocumentsForBill.asp?Session_ID=96&Bill_Number=SCR1002
