bill_id,document_id,document_type,document_size,document_mime,document_desc,url,state_link
415942,610067,text,36460,text/html,Introduced,https://legiscan.com/AZ/text/HB2002/id/610067,http://www.azleg.gov/legtext/49leg/7s/bills/hb2002p.htm
415942,610068,text,36108,text/html,Chaptered,https://legiscan.com/AZ/text/HB2002/id/610068,http://www.azleg.gov/legtext/49leg/7s/bills/hb2002h.htm
415931,610046,text,44691,text/html,Introduced,https://legiscan.com/AZ/text/HB2003/id/610046,http://www.azleg.gov/legtext/49leg/7s/bills/hb2003p.htm
415931,610047,text,44394,text/html,Chaptered,https://legiscan.com/AZ/text/HB2003/id/610047,http://www.azleg.gov/legtext/49leg/7s/bills/hb2003h.htm
415916,610020,text,37569,text/html,Introduced,https://legiscan.com/AZ/text/HB2004/id/610020,http://www.azleg.gov/legtext/49leg/7s/bills/hb2004p.htm
415916,610021,text,37272,text/html,Chaptered,https://legiscan.com/AZ/text/HB2004/id/610021,http://www.azleg.gov/legtext/49leg/7s/bills/hb2004h.htm
415900,609994,text,28697,text/html,Introduced,https://legiscan.com/AZ/text/HB2005/id/609994,http://www.azleg.gov/legtext/49leg/7s/bills/hb2005p.htm
415900,609995,text,28333,text/html,Chaptered,https://legiscan.com/AZ/text/HB2005/id/609995,http://www.azleg.gov/legtext/49leg/7s/bills/hb2005h.htm
415887,609972,text,143303,text/html,Introduced,https://legiscan.com/AZ/text/HB2006/id/609972,http://www.azleg.gov/legtext/49leg/7s/bills/hb2006p.htm
415887,609973,text,140947,text/html,Chaptered,https://legiscan.com/AZ/text/HB2006/id/609973,http://www.azleg.gov/legtext/49leg/7s/bills/hb2006h.htm
415872,609950,text,29030,text/html,Introduced,https://legiscan.com/AZ/text/HB2007/id/609950,http://www.azleg.gov/legtext/49leg/7s/bills/hb2007p.htm
415872,609951,text,29033,text/html,Chaptered,https://legiscan.com/AZ/text/HB2007/id/609951,http://www.azleg.gov/legtext/49leg/7s/bills/hb2007h.htm
415858,609927,text,125493,text/html,Introduced,https://legiscan.com/AZ/text/HB2008/id/609927,http://www.azleg.gov/legtext/49leg/7s/bills/hb2008p.htm
415858,609928,text,125597,text/html,Chaptered,https://legiscan.com/AZ/text/HB2008/id/609928,http://www.azleg.gov/legtext/49leg/7s/bills/hb2008h.htm
415845,609908,text,36522,text/html,Introduced,https://legiscan.com/AZ/text/HB2009/id/609908,http://www.azleg.gov/legtext/49leg/7s/bills/hb2009p.htm
415845,609909,text,25767,text/html,Chaptered,https://legiscan.com/AZ/text/HB2009/id/609909,http://www.azleg.gov/legtext/49leg/7s/bills/hb2009h.htm
415832,609891,text,181379,text/html,Introduced,https://legiscan.com/AZ/text/HB2010/id/609891,http://www.azleg.gov/legtext/49leg/7s/bills/hb2010p.htm
415832,609892,text,180753,text/html,Chaptered,https://legiscan.com/AZ/text/HB2010/id/609892,http://www.azleg.gov/legtext/49leg/7s/bills/hb2010h.htm
415816,609866,text,90110,text/html,Introduced,https://legiscan.com/AZ/text/HB2011/id/609866,http://www.azleg.gov/legtext/49leg/7s/bills/hb2011p.htm
415816,609867,text,89748,text/html,Chaptered,https://legiscan.com/AZ/text/HB2011/id/609867,http://www.azleg.gov/legtext/49leg/7s/bills/hb2011h.htm
415802,609844,text,290354,text/html,Introduced,https://legiscan.com/AZ/text/HB2012/id/609844,http://www.azleg.gov/legtext/49leg/7s/bills/hb2012p.htm
415802,609845,text,281183,text/html,Chaptered,https://legiscan.com/AZ/text/HB2012/id/609845,http://www.azleg.gov/legtext/49leg/7s/bills/hb2012h.htm
415787,609826,text,23322,text/html,Introduced,https://legiscan.com/AZ/text/HB2013/id/609826,http://www.azleg.gov/legtext/49leg/7s/bills/hb2013p.htm
415787,609827,text,22969,text/html,Engrossed,https://legiscan.com/AZ/text/HB2013/id/609827,http://www.azleg.gov/legtext/49leg/7s/bills/hb2013h.htm
415772,609802,text,25312,text/html,Introduced,https://legiscan.com/AZ/text/HCR2001/id/609802,http://www.azleg.gov/legtext/49leg/7s/bills/hcr2001p.htm
415772,609803,text,25118,text/html,Engrossed,https://legiscan.com/AZ/text/HCR2001/id/609803,http://www.azleg.gov/legtext/49leg/7s/bills/hcr2001h.htm
415758,609781,text,23833,text/html,Introduced,https://legiscan.com/AZ/text/HCR2002/id/609781,http://www.azleg.gov/legtext/49leg/7s/bills/hcr2002p.htm
415758,609782,text,23504,text/html,Engrossed,https://legiscan.com/AZ/text/HCR2002/id/609782,http://www.azleg.gov/legtext/49leg/7s/bills/hcr2002h.htm
415745,609761,text,402160,text/html,Introduced,https://legiscan.com/AZ/text/SB1001/id/609761,http://www.azleg.gov/legtext/49leg/7s/bills/sb1001p.htm
415745,609762,text,403010,text/html,Engrossed,https://legiscan.com/AZ/text/SB1001/id/609762,http://www.azleg.gov/legtext/49leg/7s/bills/sb1001s.htm
415730,609736,text,36448,text/html,Introduced,https://legiscan.com/AZ/text/SB1002/id/609736,http://www.azleg.gov/legtext/49leg/7s/bills/sb1002p.htm
415730,609737,text,36096,text/html,Engrossed,https://legiscan.com/AZ/text/SB1002/id/609737,http://www.azleg.gov/legtext/49leg/7s/bills/sb1002s.htm
415717,609711,text,44667,text/html,Introduced,https://legiscan.com/AZ/text/SB1003/id/609711,http://www.azleg.gov/legtext/49leg/7s/bills/sb1003p.htm
415717,609712,text,44378,text/html,Engrossed,https://legiscan.com/AZ/text/SB1003/id/609712,http://www.azleg.gov/legtext/49leg/7s/bills/sb1003s.htm
415702,609683,text,37550,text/html,Introduced,https://legiscan.com/AZ/text/SB1004/id/609683,http://www.azleg.gov/legtext/49leg/7s/bills/sb1004p.htm
415702,609684,text,37261,text/html,Engrossed,https://legiscan.com/AZ/text/SB1004/id/609684,http://www.azleg.gov/legtext/49leg/7s/bills/sb1004s.htm
415687,609662,text,28679,text/html,Introduced,https://legiscan.com/AZ/text/SB1005/id/609662,http://www.azleg.gov/legtext/49leg/7s/bills/sb1005p.htm
415687,609663,text,28316,text/html,Engrossed,https://legiscan.com/AZ/text/SB1005/id/609663,http://www.azleg.gov/legtext/49leg/7s/bills/sb1005s.htm
415672,609643,text,143289,text/html,Introduced,https://legiscan.com/AZ/text/SB1006/id/609643,http://www.azleg.gov/legtext/49leg/7s/bills/sb1006p.htm
415672,609644,text,140938,text/html,Engrossed,https://legiscan.com/AZ/text/SB1006/id/609644,http://www.azleg.gov/legtext/49leg/7s/bills/sb1006s.htm
415660,609628,text,28944,text/html,Introduced,https://legiscan.com/AZ/text/SB1007/id/609628,http://www.azleg.gov/legtext/49leg/7s/bills/sb1007p.htm
415660,609629,text,29017,text/html,Engrossed,https://legiscan.com/AZ/text/SB1007/id/609629,http://www.azleg.gov/legtext/49leg/7s/bills/sb1007s.htm
415643,609600,text,125532,text/html,Introduced,https://legiscan.com/AZ/text/SB1008/id/609600,http://www.azleg.gov/legtext/49leg/7s/bills/sb1008p.htm
415643,609601,text,125644,text/html,Engrossed,https://legiscan.com/AZ/text/SB1008/id/609601,http://www.azleg.gov/legtext/49leg/7s/bills/sb1008s.htm
415630,609579,text,36510,text/html,Introduced,https://legiscan.com/AZ/text/SB1009/id/609579,http://www.azleg.gov/legtext/49leg/7s/bills/sb1009p.htm
415630,609580,text,25756,text/html,Engrossed,https://legiscan.com/AZ/text/SB1009/id/609580,http://www.azleg.gov/legtext/49leg/7s/bills/sb1009s.htm
415615,609551,text,181351,text/html,Introduced,https://legiscan.com/AZ/text/SB1010/id/609551,http://www.azleg.gov/legtext/49leg/7s/bills/sb1010p.htm
415615,609552,text,180749,text/html,Engrossed,https://legiscan.com/AZ/text/SB1010/id/609552,http://www.azleg.gov/legtext/49leg/7s/bills/sb1010s.htm
415601,609527,text,90094,text/html,Introduced,https://legiscan.com/AZ/text/SB1011/id/609527,http://www.azleg.gov/legtext/49leg/7s/bills/sb1011p.htm
415601,609528,text,89739,text/html,Engrossed,https://legiscan.com/AZ/text/SB1011/id/609528,http://www.azleg.gov/legtext/49leg/7s/bills/sb1011s.htm
415587,609503,text,290395,text/html,Introduced,https://legiscan.com/AZ/text/SB1012/id/609503,http://www.azleg.gov/legtext/49leg/7s/bills/sb1012p.htm
415587,609504,text,281295,text/html,Engrossed,https://legiscan.com/AZ/text/SB1012/id/609504,http://www.azleg.gov/legtext/49leg/7s/bills/sb1012s.htm
415574,609475,text,23303,text/html,Introduced,https://legiscan.com/AZ/text/SB1013/id/609475,http://www.azleg.gov/legtext/49leg/7s/bills/sb1013p.htm
415574,609476,text,22958,text/html,Engrossed,https://legiscan.com/AZ/text/SB1013/id/609476,http://www.azleg.gov/legtext/49leg/7s/bills/sb1013s.htm
415560,609444,text,25294,text/html,Introduced,https://legiscan.com/AZ/text/SCR1001/id/609444,http://www.azleg.gov/legtext/49leg/7s/bills/scr1001p.htm
415560,609445,text,25110,text/html,Engrossed,https://legiscan.com/AZ/text/SCR1001/id/609445,http://www.azleg.gov/legtext/49leg/7s/bills/scr1001s.htm
415545,609413,text,23809,text/html,Introduced,https://legiscan.com/AZ/text/SCR1002/id/609413,http://www.azleg.gov/legtext/49leg/7s/bills/scr1002p.htm
415545,609414,text,23491,text/html,Engrossed,https://legiscan.com/AZ/text/SCR1002/id/609414,http://www.azleg.gov/legtext/49leg/7s/bills/scr1002s.htm
