bill_id,date,chamber,sequence,action
415545,2010-03-08,,1,"Introduced in Senate and read first time"
415545,2010-03-08,,2,"Assigned to Senate APPROP Committee"
415545,2010-03-08,,3,"Assigned to Senate RULES Committee"
415545,2010-03-09,,4,"Senate read second time"
415545,2010-03-09,,5,"Referred to Senate APPROP Committee"
415545,2010-03-09,,6,"Senate APPROP Committee action: Do Pass, voting: (6-3-0-0)"
415545,2010-03-08,,7,"Referred to Senate RULES Committee"
415545,2010-03-11,,8,"Senate RULES Committee action: Proper For Consideration"
415545,2010-03-11,,9,"Senate minority caucus: Do pass"
415545,2010-03-11,,10,"Senate majority caucus: Do pass"
415545,2010-03-11,,11,"Senate Committee of the Whole action: Do Pass"
415560,2010-03-08,,1,"Introduced in Senate and read first time"
415560,2010-03-08,,2,"Assigned to Senate APPROP Committee"
415560,2010-03-08,,3,"Assigned to Senate RULES Committee"
415560,2010-03-09,,4,"Senate read second time"
415560,2010-03-09,,5,"Referred to Senate APPROP Committee"
415560,2010-03-09,,6,"Senate APPROP Committee action: Do Pass, voting: (6-3-0-0)"
415560,2010-03-08,,7,"Referred to Senate RULES Committee"
415560,2010-03-11,,8,"Senate RULES Committee action: Proper For Consideration"
415560,2010-03-11,,9,"Senate minority caucus: Do pass"
415560,2010-03-11,,10,"Senate majority caucus: Do pass"
415560,2010-03-11,,11,"Senate Committee of the Whole action: Do Pass"
415574,2010-03-08,,1,"Introduced in Senate and read first time"
415574,2010-03-08,,2,"Assigned to Senate APPROP Committee"
415574,2010-03-08,,3,"Assigned to Senate RULES Committee"
415574,2010-03-09,,4,"Senate read second time"
415574,2010-03-09,,5,"Referred to Senate APPROP Committee"
415574,2010-03-09,,6,"Senate APPROP Committee action: Do Pass, voting: (5-3-1-0)"
415574,2010-03-08,,7,"Referred to Senate RULES Committee"
415574,2010-03-11,,8,"Senate RULES Committee action: Proper For Consideration"
415574,2010-03-11,,9,"Senate minority caucus: Do pass"
415574,2010-03-11,,10,"Senate majority caucus: Do pass"
415574,2010-03-11,,11,"Senate Committee of the Whole action: Do Pass"
415587,2010-03-08,,1,"Introduced in Senate and read first time"
415587,2010-03-08,,2,"Assigned to Senate APPROP Committee"
415587,2010-03-08,,3,"Assigned to Senate RULES Committee"
415587,2010-03-09,,4,"Senate read second time"
415587,2010-03-09,,5,"Referred to Senate APPROP Committee"
415587,2010-03-09,,6,"Senate APPROP Committee action: Do Pass, voting: (6-3-0-0)"
415587,2010-03-08,,7,"Referred to Senate RULES Committee"
415587,2010-03-11,,8,"Senate RULES Committee action: Proper For Consideration"
415587,2010-03-11,,9,"Senate minority caucus: Do pass"
415587,2010-03-11,,10,"Senate majority caucus: Do pass"
415587,2010-03-11,,11,"Senate Committee of the Whole action: Do Pass Amended"
415601,2010-03-08,,1,"Introduced in Senate and read first time"
415601,2010-03-08,,2,"Assigned to Senate APPROP Committee"
415601,2010-03-08,,3,"Assigned to Senate RULES Committee"
415601,2010-03-09,,4,"Senate read second time"
415601,2010-03-09,,5,"Referred to Senate APPROP Committee"
415601,2010-03-09,,6,"Senate APPROP Committee action: Do Pass, voting: (6-3-0-0)"
415601,2010-03-08,,7,"Referred to Senate RULES Committee"
415601,2010-03-11,,8,"Senate RULES Committee action: Proper For Consideration"
415601,2010-03-11,,9,"Senate minority caucus: Do pass"
415601,2010-03-11,,10,"Senate majority caucus: Do pass"
415601,2010-03-11,,11,"Senate Committee of the Whole action: Do Pass"
415615,2010-03-08,,1,"Introduced in Senate and read first time"
415615,2010-03-08,,2,"Assigned to Senate APPROP Committee"
415615,2010-03-08,,3,"Assigned to Senate RULES Committee"
415615,2010-03-09,,4,"Senate read second time"
415615,2010-03-09,,5,"Referred to Senate APPROP Committee"
415615,2010-03-09,,6,"Senate APPROP Committee action: Do Pass, voting: (6-3-0-0)"
415615,2010-03-08,,7,"Referred to Senate RULES Committee"
415615,2010-03-11,,8,"Senate RULES Committee action: Proper For Consideration"
415615,2010-03-11,,9,"Senate minority caucus: Do pass"
415615,2010-03-11,,10,"Senate majority caucus: Do pass"
415615,2010-03-11,,11,"Senate Committee of the Whole action: Do Pass Amended"
415630,2010-03-08,,1,"Introduced in Senate and read first time"
415630,2010-03-08,,2,"Assigned to Senate APPROP Committee"
415630,2010-03-08,,3,"Assigned to Senate RULES Committee"
415630,2010-03-09,,4,"Senate read second time"
415630,2010-03-09,,5,"Referred to Senate APPROP Committee"
415630,2010-03-09,,6,"Senate APPROP Committee action: Do Pass, voting: (6-3-0-0)"
415630,2010-03-08,,7,"Referred to Senate RULES Committee"
415630,2010-03-11,,8,"Senate RULES Committee action: Proper For Consideration"
415630,2010-03-11,,9,"Senate minority caucus: Do pass"
415630,2010-03-11,,10,"Senate majority caucus: Do pass"
415630,2010-03-11,,11,"Senate Committee of the Whole action: Do Pass Amended"
415643,2010-03-08,,1,"Introduced in Senate and read first time"
415643,2010-03-08,,2,"Assigned to Senate APPROP Committee"
415643,2010-03-08,,3,"Assigned to Senate RULES Committee"
415643,2010-03-09,,4,"Senate read second time"
415643,2010-03-09,,5,"Referred to Senate APPROP Committee"
415643,2010-03-09,,6,"Senate APPROP Committee action: Do Pass, voting: (5-4-0-0)"
415643,2010-03-08,,7,"Referred to Senate RULES Committee"
415643,2010-03-11,,8,"Senate RULES Committee action: Proper For Consideration"
415643,2010-03-11,,9,"Senate minority caucus: Do pass"
415643,2010-03-11,,10,"Senate majority caucus: Do pass"
415643,2010-03-11,,11,"Senate Committee of the Whole action: Do Pass Amended"
415660,2010-03-08,,1,"Introduced in Senate and read first time"
415660,2010-03-08,,2,"Assigned to Senate APPROP Committee"
415660,2010-03-08,,3,"Assigned to Senate RULES Committee"
415660,2010-03-09,,4,"Senate read second time"
415660,2010-03-09,,5,"Referred to Senate APPROP Committee"
415660,2010-03-09,,6,"Senate APPROP Committee action: Do Pass, voting: (6-3-0-0)"
415660,2010-03-08,,7,"Referred to Senate RULES Committee"
415660,2010-03-11,,8,"Senate RULES Committee action: Proper For Consideration"
415660,2010-03-11,,9,"Senate minority caucus: Do pass"
415660,2010-03-11,,10,"Senate majority caucus: Do pass"
415660,2010-03-11,,11,"Senate Committee of the Whole action: Do Pass Amended"
415672,2010-03-08,,1,"Introduced in Senate and read first time"
415672,2010-03-08,,2,"Assigned to Senate APPROP Committee"
415672,2010-03-08,,3,"Assigned to Senate RULES Committee"
415672,2010-03-09,,4,"Senate read second time"
415672,2010-03-09,,5,"Referred to Senate APPROP Committee"
415672,2010-03-09,,6,"Senate APPROP Committee action: Do Pass, voting: (6-3-0-0)"
415672,2010-03-08,,7,"Referred to Senate RULES Committee"
415672,2010-03-11,,8,"Senate RULES Committee action: Proper For Consideration"
415672,2010-03-11,,9,"Senate minority caucus: Do pass"
415672,2010-03-11,,10,"Senate majority caucus: Do pass"
415672,2010-03-11,,11,"Senate Committee of the Whole action: Do Pass Amended"
415687,2010-03-08,,1,"Introduced in Senate and read first time"
415687,2010-03-08,,2,"Assigned to Senate APPROP Committee"
415687,2010-03-08,,3,"Assigned to Senate RULES Committee"
415687,2010-03-09,,4,"Senate read second time"
415687,2010-03-09,,5,"Referred to Senate APPROP Committee"
415687,2010-03-09,,6,"Senate APPROP Committee action: Do Pass, voting: (6-2-1-0)"
415687,2010-03-08,,7,"Referred to Senate RULES Committee"
415687,2010-03-11,,8,"Senate RULES Committee action: Proper For Consideration"
415687,2010-03-11,,9,"Senate minority caucus: Do pass"
415687,2010-03-11,,10,"Senate majority caucus: Do pass"
415687,2010-03-11,,11,"Senate Committee of the Whole action: Do Pass"
415702,2010-03-08,,1,"Introduced in Senate and read first time"
415702,2010-03-08,,2,"Assigned to Senate APPROP Committee"
415702,2010-03-08,,3,"Assigned to Senate RULES Committee"
415702,2010-03-09,,4,"Senate read second time"
415702,2010-03-09,,5,"Referred to Senate APPROP Committee"
415702,2010-03-09,,6,"Senate APPROP Committee action: Do Pass, voting: (8-0-1-0)"
415702,2010-03-08,,7,"Referred to Senate RULES Committee"
415702,2010-03-11,,8,"Senate RULES Committee action: Proper For Consideration"
415702,2010-03-11,,9,"Senate minority caucus: Do pass"
415702,2010-03-11,,10,"Senate majority caucus: Do pass"
415702,2010-03-11,,11,"Senate Committee of the Whole action: Do Pass"
415717,2010-03-08,,1,"Introduced in Senate and read first time"
415717,2010-03-08,,2,"Assigned to Senate APPROP Committee"
415717,2010-03-08,,3,"Assigned to Senate RULES Committee"
415717,2010-03-09,,4,"Senate read second time"
415717,2010-03-09,,5,"Referred to Senate APPROP Committee"
415717,2010-03-09,,6,"Senate APPROP Committee action: Do Pass, voting: (6-2-1-0)"
415717,2010-03-08,,7,"Referred to Senate RULES Committee"
415717,2010-03-11,,8,"Senate RULES Committee action: Proper For Consideration"
415717,2010-03-11,,9,"Senate minority caucus: Do pass"
415717,2010-03-11,,10,"Senate majority caucus: Do pass"
415717,2010-03-11,,11,"Senate Committee of the Whole action: Do Pass Amended"
415730,2010-03-08,,1,"Introduced in Senate and read first time"
415730,2010-03-08,,2,"Assigned to Senate APPROP Committee"
415730,2010-03-08,,3,"Assigned to Senate RULES Committee"
415730,2010-03-09,,4,"Senate read second time"
415730,2010-03-09,,5,"Referred to Senate APPROP Committee"
415730,2010-03-09,,6,"Senate APPROP Committee action: Do Pass, voting: (6-0-3-0)"
415730,2010-03-08,,7,"Referred to Senate RULES Committee"
415730,2010-03-11,,8,"Senate RULES Committee action: Proper For Consideration"
415730,2010-03-11,,9,"Senate minority caucus: Do pass"
415730,2010-03-11,,10,"Senate majority caucus: Do pass"
415730,2010-03-11,,11,"Senate Committee of the Whole action: Do Pass"
415745,2010-03-08,,1,"Introduced in Senate and read first time"
415745,2010-03-08,,2,"Assigned to Senate APPROP Committee"
415745,2010-03-08,,3,"Assigned to Senate RULES Committee"
415745,2010-03-09,,4,"Senate read second time"
415745,2010-03-09,,5,"Referred to Senate APPROP Committee"
415745,2010-03-09,,6,"Senate APPROP Committee action: Do Pass, voting: (6-2-1-0)"
415745,2010-03-08,,7,"Referred to Senate RULES Committee"
415745,2010-03-11,,8,"Senate RULES Committee action: Proper For Consideration"
415745,2010-03-11,,9,"Senate minority caucus: Do pass"
415745,2010-03-11,,10,"Senate majority caucus: Do pass"
415745,2010-03-11,,11,"Senate Committee of the Whole action: Do Pass Amended"
415758,2010-03-08,,1,"Introduced in House and read first time"
415758,2010-03-08,,2,"Assigned to House APPROP Committee"
415758,2010-03-08,,3,"Assigned to House RULES Committee"
415758,2010-03-09,,4,"House read second time"
415758,2010-03-09,,5,"Referred to House APPROP Committee"
415758,2010-03-09,,6,"House APPROP Committee action: Do Pass, voting: (8-5-0-0-0)"
415758,2010-03-08,,7,"Referred to House RULES Committee"
415758,2010-03-09,,8,"House RULES Committee action: constitutional and in proper form, voting: (5-3-0-0-0)"
415758,2010-03-09,,9,"House minority caucus: Do pass"
415758,2010-03-09,,10,"House majority caucus: Do pass"
415758,2010-03-11,,11,"House Committee of the Whole action: Do Pass"
415758,2010-03-11,,12,"House third reading PASSED voting: (34-25-0-0)"
415758,2010-03-11,,13,"Transmit to Senate"
415758,2010-03-11,,14,"Introduced in Senate and read first time"
415758,2010-03-09,,15,"Referred to Senate  Committee"
415758,2010-03-08,,16,"Referred to Senate  Committee"
415758,2010-03-11,,17,"Senate third reading PASSED voting: (17-10-3-0)"
415758,2010-03-12,,18,"Transmit to House"
415758,2010-03-15,,19,"Transmitted to Secretary Of State"
415772,2010-03-08,,1,"Introduced in House and read first time"
415772,2010-03-08,,2,"Assigned to House APPROP Committee"
415772,2010-03-08,,3,"Assigned to House RULES Committee"
415772,2010-03-09,,4,"House read second time"
415772,2010-03-09,,5,"Referred to House APPROP Committee"
415772,2010-03-09,,6,"House APPROP Committee action: Do Pass, voting: (7-5-1-0-0)"
415772,2010-03-08,,7,"Referred to House RULES Committee"
415772,2010-03-09,,8,"House RULES Committee action: constitutional and in proper form, voting: (5-3-0-0-0)"
415772,2010-03-09,,9,"House minority caucus: Do pass"
415772,2010-03-09,,10,"House majority caucus: Do pass"
415772,2010-03-11,,11,"House Committee of the Whole action: Do Pass"
415772,2010-03-11,,12,"House third reading PASSED voting: (31-28-0-0)"
415772,2010-03-11,,13,"Transmit to Senate"
415772,2010-03-16,,14,"Introduced in Senate and read first time"
415772,2010-03-09,,15,"Referred to Senate  Committee"
415772,2010-03-08,,16,"Referred to Senate  Committee"
415772,2010-03-16,,17,"Senate third reading PASSED voting: (17-13-0-0)"
415772,2010-03-16,,18,"Transmit to House"
415772,2010-03-16,,19,"Transmitted to Secretary Of State"
415787,2010-03-08,,1,"Introduced in House and read first time"
415787,2010-03-08,,2,"Assigned to House APPROP Committee"
415787,2010-03-08,,3,"Assigned to House RULES Committee"
415787,2010-03-09,,4,"House read second time"
415787,2010-03-09,,5,"Referred to House APPROP Committee"
415787,2010-03-09,,6,"House APPROP Committee action: Do Pass, voting: (11-1-0-1-0)"
415787,2010-03-08,,7,"Referred to House RULES Committee"
415787,2010-03-09,,8,"House RULES Committee action: constitutional and in proper form, voting: (5-3-0-0-0)"
415787,2010-03-09,,9,"House minority caucus: Do pass"
415787,2010-03-09,,10,"House majority caucus: Do pass"
415787,2010-03-11,,11,"House Committee of the Whole action: Do Pass"
415787,2010-03-11,,12,"House third reading PASSED voting: (50-9-0-0)"
415787,2010-03-11,,13,"Transmit to Senate"
415802,2010-03-08,,1,"Introduced in House and read first time"
415802,2010-03-08,,2,"Assigned to House APPROP Committee"
415802,2010-03-08,,3,"Assigned to House RULES Committee"
415802,2010-03-09,,4,"House read second time"
415802,2010-03-09,,5,"Referred to House APPROP Committee"
415802,2010-03-09,,6,"House APPROP Committee action: Do Pass, voting: (8-5-0-0-0)"
415802,2010-03-08,,7,"Referred to House RULES Committee"
415802,2010-03-09,,8,"House RULES Committee action: constitutional and in proper form, voting: (5-3-0-0-0)"
415802,2010-03-09,,9,"House minority caucus: Do pass"
415802,2010-03-09,,10,"House majority caucus: Do pass"
415802,2010-03-11,,11,"House Committee of the Whole action: Do Pass Amended"
415802,2010-03-11,,12,"House third reading PASSED voting: (34-25-0-0)"
415802,2010-03-11,,13,"Transmit to Senate"
415802,2010-03-11,,14,"Introduced in Senate and read first time"
415802,2010-03-09,,15,"Referred to Senate  Committee"
415802,2010-03-08,,16,"Referred to Senate  Committee"
415802,2010-03-11,,17,"Senate third reading PASSED voting: (16-13-1-0)"
415802,2010-03-12,,18,"Transmit to House"
415802,2010-03-15,,19,"Transmitted to Governor"
415802,2010-03-18,,20,"Governor Signed"
415816,2010-03-08,,1,"Introduced in House and read first time"
415816,2010-03-08,,2,"Assigned to House APPROP Committee"
415816,2010-03-08,,3,"Assigned to House RULES Committee"
415816,2010-03-09,,4,"House read second time"
415816,2010-03-09,,5,"Referred to House APPROP Committee"
415816,2010-03-09,,6,"House APPROP Committee action: Do Pass, voting: (8-5-0-0-0)"
415816,2010-03-08,,7,"Referred to House RULES Committee"
415816,2010-03-09,,8,"House RULES Committee action: constitutional and in proper form, voting: (5-3-0-0-0)"
415816,2010-03-09,,9,"House minority caucus: Do pass"
415816,2010-03-09,,10,"House majority caucus: Do pass"
415816,2010-03-11,,11,"House Committee of the Whole action: Do Pass"
415816,2010-03-11,,12,"House third reading PASSED voting: (34-25-0-0)"
415816,2010-03-11,,13,"Transmit to Senate"
415816,2010-03-11,,14,"Introduced in Senate and read first time"
415816,2010-03-09,,15,"Referred to Senate  Committee"
415816,2010-03-08,,16,"Referred to Senate  Committee"
415816,2010-03-11,,17,"Senate third reading PASSED voting: (17-12-1-0)"
415816,2010-03-12,,18,"Transmit to House"
415816,2010-03-15,,19,"Transmitted to Governor"
415816,2010-03-18,,20,"Governor Signed"
415832,2010-03-08,,1,"Introduced in House and read first time"
415832,2010-03-08,,2,"Assigned to House APPROP Committee"
415832,2010-03-08,,3,"Assigned to House RULES Committee"
415832,2010-03-09,,4,"House read second time"
415832,2010-03-09,,5,"Referred to House APPROP Committee"
415832,2010-03-09,,6,"House APPROP Committee action: Do Pass, voting: (8-5-0-0-0)"
415832,2010-03-08,,7,"Referred to House RULES Committee"
415832,2010-03-09,,8,"House RULES Committee action: constitutional and in proper form, voting: (5-3-0-0-0)"
415832,2010-03-09,,9,"House minority caucus: Do pass"
415832,2010-03-09,,10,"House majority caucus: Do pass"
415832,2010-03-11,,11,"House Committee of the Whole action: Do Pass Amended"
415832,2010-03-11,,12,"House third reading PASSED voting: (33-26-0-0)"
415832,2010-03-11,,13,"Transmit to Senate"
415832,2010-03-11,,14,"Introduced in Senate and read first time"
415832,2010-03-09,,15,"Referred to Senate  Committee"
415832,2010-03-08,,16,"Referred to Senate  Committee"
415832,2010-03-11,,17,"Senate third reading PASSED voting: (16-13-1-0)"
415832,2010-03-12,,18,"Transmit to House"
415832,2010-03-15,,19,"Transmitted to Governor"
415832,2010-03-18,,20,"Governor Signed"
415845,2010-03-08,,1,"Introduced in House and read first time"
415845,2010-03-08,,2,"Assigned to House APPROP Committee"
415845,2010-03-08,,3,"Assigned to House RULES Committee"
415845,2010-03-09,,4,"House read second time"
415845,2010-03-09,,5,"Referred to House APPROP Committee"
415845,2010-03-09,,6,"House APPROP Committee action: Do Pass, voting: (8-4-0-1-0)"
415845,2010-03-08,,7,"Referred to House RULES Committee"
415845,2010-03-09,,8,"House RULES Committee action: constitutional and in proper form, voting: (5-3-0-0-0)"
415845,2010-03-09,,9,"House minority caucus: Do pass"
415845,2010-03-09,,10,"House majority caucus: Do pass"
415845,2010-03-11,,11,"House Committee of the Whole action: Do Pass Amended"
415845,2010-03-11,,12,"House third reading PASSED voting: (34-25-0-0)"
415845,2010-03-11,,13,"Transmit to Senate"
415845,2010-03-11,,14,"Introduced in Senate and read first time"
415845,2010-03-09,,15,"Referred to Senate  Committee"
415845,2010-03-08,,16,"Referred to Senate  Committee"
415845,2010-03-11,,17,"Senate third reading PASSED voting: (17-12-1-0)"
415845,2010-03-12,,18,"Transmit to House"
415845,2010-03-15,,19,"Transmitted to Governor"
415845,2010-03-18,,20,"Governor Signed"
415858,2010-03-08,,1,"Introduced in House and read first time"
415858,2010-03-08,,2,"Assigned to House APPROP Committee"
415858,2010-03-08,,3,"Assigned to House RULES Committee"
415858,2010-03-09,,4,"House read second time"
415858,2010-03-09,,5,"Referred to House APPROP Committee"
415858,2010-03-09,,6,"House APPROP Committee action: Do Pass, voting: (8-5-0-0-0)"
415858,2010-03-08,,7,"Referred to House RULES Committee"
415858,2010-03-09,,8,"House RULES Committee action: constitutional and in proper form, voting: (5-3-0-0-0)"
415858,2010-03-09,,9,"House minority caucus: Do pass"
415858,2010-03-09,,10,"House majority caucus: Do pass"
415858,2010-03-11,,11,"House Committee of the Whole action: Do Pass Amended"
415858,2010-03-11,,12,"House third reading PASSED voting: (33-26-0-0)"
415858,2010-03-11,,13,"Transmit to Senate"
415858,2010-03-11,,14,"Introduced in Senate and read first time"
415858,2010-03-09,,15,"Referred to Senate  Committee"
415858,2010-03-08,,16,"Referred to Senate  Committee"
415858,2010-03-11,,17,"Senate third reading PASSED voting: (17-12-1-0)"
415858,2010-03-12,,18,"Transmit to House"
415858,2010-03-15,,19,"Transmitted to Governor"
415858,2010-03-18,,20,"Governor Signed"
415872,2010-03-08,,1,"Introduced in House and read first time"
415872,2010-03-08,,2,"Assigned to House APPROP Committee"
415872,2010-03-08,,3,"Assigned to House RULES Committee"
415872,2010-03-09,,4,"House read second time"
415872,2010-03-09,,5,"Referred to House APPROP Committee"
415872,2010-03-09,,6,"House APPROP Committee action: Do Pass, voting: (8-5-0-0-0)"
415872,2010-03-08,,7,"Referred to House RULES Committee"
415872,2010-03-09,,8,"House RULES Committee action: constitutional and in proper form, voting: (5-3-0-0-0)"
415872,2010-03-09,,9,"House minority caucus: Do pass"
415872,2010-03-09,,10,"House majority caucus: Do pass"
415872,2010-03-11,,11,"House Committee of the Whole action: Do Pass Amended"
415872,2010-03-11,,12,"House third reading PASSED voting: (34-25-0-0)"
415872,2010-03-11,,13,"Transmit to Senate"
415872,2010-03-11,,14,"Introduced in Senate and read first time"
415872,2010-03-09,,15,"Referred to Senate  Committee"
415872,2010-03-08,,16,"Referred to Senate  Committee"
415872,2010-03-11,,17,"Senate third reading PASSED voting: (17-12-1-0)"
415872,2010-03-12,,18,"Transmit to House"
415872,2010-03-15,,19,"Transmitted to Governor"
415872,2010-03-18,,20,"Governor Signed"
415887,2010-03-08,,1,"Introduced in House and read first time"
415887,2010-03-08,,2,"Assigned to House APPROP Committee"
415887,2010-03-08,,3,"Assigned to House RULES Committee"
415887,2010-03-09,,4,"House read second time"
415887,2010-03-09,,5,"Referred to House APPROP Committee"
415887,2010-03-09,,6,"House APPROP Committee action: Do Pass, voting: (8-5-0-0-0)"
415887,2010-03-08,,7,"Referred to House RULES Committee"
415887,2010-03-09,,8,"House RULES Committee action: constitutional and in proper form, voting: (5-3-0-0-0)"
415887,2010-03-09,,9,"House minority caucus: Do pass"
415887,2010-03-09,,10,"House majority caucus: Do pass"
415887,2010-03-11,,11,"House Committee of the Whole action: Do Pass Amended"
415887,2010-03-11,,12,"House third reading PASSED voting: (33-26-0-0)"
415887,2010-03-11,,13,"Transmit to Senate"
415887,2010-03-11,,14,"Introduced in Senate and read first time"
415887,2010-03-09,,15,"Referred to Senate  Committee"
415887,2010-03-08,,16,"Referred to Senate  Committee"
415887,2010-03-11,,17,"Senate third reading PASSED voting: (17-12-1-0)"
415887,2010-03-12,,18,"Transmit to House"
415887,2010-03-15,,19,"Transmitted to Governor"
415887,2010-03-18,,20,"Governor Signed"
415900,2010-03-08,,1,"Introduced in House and read first time"
415900,2010-03-08,,2,"Assigned to House APPROP Committee"
415900,2010-03-08,,3,"Assigned to House RULES Committee"
415900,2010-03-09,,4,"House read second time"
415900,2010-03-09,,5,"Referred to House APPROP Committee"
415900,2010-03-09,,6,"House APPROP Committee action: Do Pass, voting: (8-4-0-1-0)"
415900,2010-03-08,,7,"Referred to House RULES Committee"
415900,2010-03-09,,8,"House RULES Committee action: constitutional and in proper form, voting: (5-3-0-0-0)"
415900,2010-03-09,,9,"House minority caucus: Do pass"
415900,2010-03-09,,10,"House majority caucus: Do pass"
415900,2010-03-11,,11,"House Committee of the Whole action: Do Pass"
415900,2010-03-11,,12,"House third reading PASSED voting: (34-25-0-0)"
415900,2010-03-11,,13,"Transmit to Senate"
415900,2010-03-11,,14,"Introduced in Senate and read first time"
415900,2010-03-09,,15,"Referred to Senate  Committee"
415900,2010-03-08,,16,"Referred to Senate  Committee"
415900,2010-03-11,,17,"Senate third reading PASSED voting: (17-12-1-0)"
415900,2010-03-12,,18,"Transmit to House"
415900,2010-03-15,,19,"Transmitted to Governor"
415900,2010-03-18,,20,"Governor Signed"
415916,2010-03-08,,1,"Introduced in House and read first time"
415916,2010-03-08,,2,"Assigned to House APPROP Committee"
415916,2010-03-08,,3,"Assigned to House RULES Committee"
415916,2010-03-09,,4,"House read second time"
415916,2010-03-09,,5,"Referred to House APPROP Committee"
415916,2010-03-09,,6,"House APPROP Committee action: Do Pass, voting: (7-5-0-1-0)"
415916,2010-03-08,,7,"Referred to House RULES Committee"
415916,2010-03-09,,8,"House RULES Committee action: constitutional and in proper form, voting: (5-3-0-0-0)"
415916,2010-03-09,,9,"House minority caucus: Do pass"
415916,2010-03-09,,10,"House majority caucus: Do pass"
415916,2010-03-11,,11,"House Committee of the Whole action: Do Pass"
415916,2010-03-11,,12,"House third reading PASSED voting: (34-25-0-0)"
415916,2010-03-11,,13,"Transmit to Senate"
415916,2010-03-11,,14,"Introduced in Senate and read first time"
415916,2010-03-09,,15,"Referred to Senate  Committee"
415916,2010-03-08,,16,"Referred to Senate  Committee"
415916,2010-03-11,,17,"Senate third reading PASSED voting: (17-12-1-0)"
415916,2010-03-12,,18,"Transmit to House"
415916,2010-03-15,,19,"Transmitted to Governor"
415916,2010-03-18,,20,"Governor Signed"
415931,2010-03-08,,1,"Introduced in House and read first time"
415931,2010-03-08,,2,"Assigned to House APPROP Committee"
415931,2010-03-08,,3,"Assigned to House RULES Committee"
415931,2010-03-09,,4,"House read second time"
415931,2010-03-09,,5,"Referred to House APPROP Committee"
415931,2010-03-09,,6,"House APPROP Committee action: Do Pass, voting: (8-5-0-0-0)"
415931,2010-03-08,,7,"Referred to House RULES Committee"
415931,2010-03-09,,8,"House RULES Committee action: constitutional and in proper form, voting: (5-3-0-0-0)"
415931,2010-03-09,,9,"House minority caucus: Do pass"
415931,2010-03-09,,10,"House majority caucus: Do pass"
415931,2010-03-11,,11,"House Committee of the Whole action: Do Pass Amended"
415931,2010-03-11,,12,"House third reading PASSED voting: (34-25-0-0)"
415931,2010-03-11,,13,"Transmit to Senate"
415931,2010-03-11,,14,"Introduced in Senate and read first time"
415931,2010-03-09,,15,"Referred to Senate  Committee"
415931,2010-03-08,,16,"Referred to Senate  Committee"
415931,2010-03-11,,17,"Senate third reading PASSED voting: (17-12-1-0)"
415931,2010-03-12,,18,"Transmit to House"
415931,2010-03-15,,19,"Transmitted to Governor"
415931,2010-03-18,,20,"Governor Signed"
415942,2010-03-08,,1,"Introduced in House and read first time"
415942,2010-03-08,,2,"Assigned to House APPROP Committee"
415942,2010-03-08,,3,"Assigned to House RULES Committee"
415942,2010-03-09,,4,"House read second time"
415942,2010-03-09,,5,"Referred to House APPROP Committee"
415942,2010-03-09,,6,"House APPROP Committee action: Do Pass, voting: (7-3-0-3-0)"
415942,2010-03-08,,7,"Referred to House RULES Committee"
415942,2010-03-09,,8,"House RULES Committee action: constitutional and in proper form, voting: (5-3-0-0-0)"
415942,2010-03-09,,9,"House minority caucus: Do pass"
415942,2010-03-09,,10,"House majority caucus: Do pass"
415942,2010-03-11,,11,"House Committee of the Whole action: Do Pass"
415942,2010-03-11,,12,"House third reading PASSED voting: (34-25-0-0)"
415942,2010-03-11,,13,"Transmit to Senate"
415942,2010-03-11,,14,"Introduced in Senate and read first time"
415942,2010-03-09,,15,"Referred to Senate  Committee"
415942,2010-03-08,,16,"Referred to Senate  Committee"
415942,2010-03-11,,17,"Senate third reading PASSED voting: (17-12-1-0)"
415942,2010-03-12,,18,"Transmit to House"
415942,2010-03-15,,19,"Transmitted to Governor"
415942,2010-03-18,,20,"Governor Signed"
