bill_id,roll_call_id,date,chamber,description,yea,nay,nv,absent,total
415545,174348,2010-03-09,Senate,"Senate Appropriations Committee Action (DP)",6,3,0,0,9
415560,174360,2010-03-09,Senate,"Senate Appropriations Committee Action (DP)",6,3,0,0,9
415574,174395,2010-03-09,Senate,"Senate Appropriations Committee Action (DP)",5,3,1,0,9
415587,174407,2010-03-09,Senate,"Senate Appropriations Committee Action (DP)",6,3,0,0,9
415587,174408,2010-03-11,Senate,"Senate - COW Motion to Amend",13,16,1,0,30
415587,174409,2010-03-11,Senate,"Senate - COW Motion to Amend",12,17,1,0,30
415601,174419,2010-03-09,Senate,"Senate Appropriations Committee Action (DP)",6,3,0,0,9
415601,174420,2010-03-11,Senate,"Senate - COW Motion to Amend",12,17,1,0,30
415615,174427,2010-03-09,Senate,"Senate Appropriations Committee Action (DP)",6,3,0,0,9
415615,174428,2010-03-11,Senate,"Senate - COW Motion to Amend",12,17,1,0,30
415615,174429,2010-03-11,Senate,"Senate - COW Motion to Amend",12,17,1,0,30
415630,174446,2010-03-09,Senate,"Senate Appropriations Committee Action (DP)",6,3,0,0,9
415630,174447,2010-03-11,Senate,"Senate - COW Motion to Amend",12,17,1,0,30
415643,174465,2010-03-09,Senate,"Senate Appropriations Committee Action (DP)",5,4,0,0,9
415643,174466,2010-03-11,Senate,"Senate - COW Motion to Amend",12,17,1,0,30
415643,174467,2010-03-11,Senate,"Senate - COW Motion to Amend",12,17,1,0,30
415643,174468,2010-03-11,Senate,"Senate - COW Motion to Amend",13,16,1,0,30
415660,174522,2010-03-09,Senate,"Senate Appropriations Committee Action (DP)",6,3,0,0,9
415672,174528,2010-03-09,Senate,"Senate Appropriations Committee Action (DP)",6,3,0,0,9
415687,174534,2010-03-09,Senate,"Senate Appropriations Committee Action (DP)",6,2,1,0,9
415702,174545,2010-03-09,Senate,"Senate Appropriations Committee Action (DP)",8,0,1,0,9
415717,174559,2010-03-09,Senate,"Senate Appropriations Committee Action (DP)",6,2,1,0,9
415717,174560,2010-03-11,Senate,"Senate - COW Motion to Amend",14,15,1,0,30
415730,174581,2010-03-09,Senate,"Senate Appropriations Committee Action (DP)",6,0,3,0,9
415745,174589,2010-03-09,Senate,"Senate Appropriations Committee Action (DP)",6,2,1,0,9
415745,174590,2010-03-11,Senate,"Senate - COW Motion to Amend",12,17,1,0,30
415745,174591,2010-03-11,Senate,"Senate - COW Motion to Amend",12,17,1,0,30
415758,174598,2010-03-09,House,"House Appropriations Committee Action (DP)",8,5,0,0,13
415758,174599,2010-03-09,House,"House Rules Committee Action (C&P)",5,3,0,0,8
415758,174600,2010-03-11,House,"House - Third Reading",34,25,0,1,60
415758,174601,2010-03-11,Senate,"Senate - Third Reading",17,10,3,0,30
415772,174606,2010-03-09,House,"House Appropriations Committee Action (DP)",7,5,1,0,13
415772,174607,2010-03-09,House,"House Rules Committee Action (C&P)",5,3,0,0,8
415772,174608,2010-03-11,House,"House - Third Reading",31,28,0,1,60
415772,174609,2010-03-16,Senate,"Senate - Third Reading",17,13,0,0,30
415787,174614,2010-03-09,House,"House Appropriations Committee Action (DP)",11,1,0,1,13
415787,174615,2010-03-09,House,"House Rules Committee Action (C&P)",5,3,0,0,8
415787,174616,2010-03-11,House,"House - Third Reading",50,9,0,1,60
415802,174619,2010-03-09,House,"House Appropriations Committee Action (DP)",8,5,0,0,13
415802,174620,2010-03-09,House,"House Rules Committee Action (C&P)",5,3,0,0,8
415802,174621,2010-03-11,House,"House - Third Reading",34,25,0,1,60
415802,174622,2010-03-11,Senate,"Senate - Third Reading",16,13,1,0,30
415816,174644,2010-03-09,House,"House Appropriations Committee Action (DP)",8,5,0,0,13
415816,174645,2010-03-09,House,"House Rules Committee Action (C&P)",5,3,0,0,8
415816,174646,2010-03-11,House,"House - Third Reading",34,25,0,1,60
415816,174647,2010-03-11,Senate,"Senate - Third Reading",17,12,1,0,30
415832,174660,2010-03-09,House,"House Appropriations Committee Action (DP)",8,5,0,0,13
415832,174661,2010-03-09,House,"House Rules Committee Action (C&P)",5,3,0,0,8
415832,174662,2010-03-11,House,"House - Third Reading",33,26,0,1,60
415832,174663,2010-03-11,Senate,"Senate - Third Reading",16,13,1,0,30
415845,174668,2010-03-09,House,"House Appropriations Committee Action (DP)",8,4,0,1,13
415845,174669,2010-03-09,House,"House Rules Committee Action (C&P)",5,3,0,0,8
415845,174670,2010-03-11,House,"House - Third Reading",34,25,0,1,60
415845,174671,2010-03-11,Senate,"Senate - Third Reading",17,12,1,0,30
415858,174680,2010-03-09,House,"House Appropriations Committee Action (DP)",8,5,0,0,13
415858,174681,2010-03-09,House,"House Rules Committee Action (C&P)",5,3,0,0,8
415858,174682,2010-03-11,House,"House - Third Reading",33,26,0,1,60
415858,174683,2010-03-11,Senate,"Senate - Third Reading",17,12,1,0,30
415872,174710,2010-03-09,House,"House Appropriations Committee Action (DP)",8,5,0,0,13
415872,174711,2010-03-09,House,"House Rules Committee Action (C&P)",5,3,0,0,8
415872,174712,2010-03-11,House,"House - Third Reading",34,25,0,1,60
415872,174713,2010-03-11,Senate,"Senate - Third Reading",17,12,1,0,30
415887,174717,2010-03-09,House,"House Appropriations Committee Action (DP)",8,5,0,0,13
415887,174718,2010-03-09,House,"House Rules Committee Action (C&P)",5,3,0,0,8
415887,174719,2010-03-11,House,"House - Third Reading",33,26,0,1,60
415887,174720,2010-03-11,Senate,"Senate - Third Reading",17,12,1,0,30
415900,174822,2010-03-09,House,"House Appropriations Committee Action (DP)",8,4,0,1,13
415900,174823,2010-03-09,House,"House Rules Committee Action (C&P)",5,3,0,0,8
415900,174824,2010-03-11,House,"House - Third Reading",34,25,0,1,60
415900,174825,2010-03-11,Senate,"Senate - Third Reading",17,12,1,0,30
415916,174839,2010-03-09,House,"House Appropriations Committee Action (DP)",7,5,0,1,13
415916,174840,2010-03-09,House,"House Rules Committee Action (C&P)",5,3,0,0,8
415916,174841,2010-03-11,House,"House - Third Reading",34,25,0,1,60
415916,174842,2010-03-11,Senate,"Senate - Third Reading",17,12,1,0,30
415931,174847,2010-03-09,House,"House Appropriations Committee Action (DP)",8,5,0,0,13
415931,174848,2010-03-09,House,"House Rules Committee Action (C&P)",5,3,0,0,8
415931,174849,2010-03-11,House,"House - Third Reading",34,25,0,1,60
415931,174850,2010-03-11,Senate,"Senate - Third Reading",17,12,1,0,30
415942,174857,2010-03-09,House,"House Appropriations Committee Action (DP)",7,3,0,3,13
415942,174858,2010-03-09,House,"House Rules Committee Action (C&P)",5,3,0,0,8
415942,174859,2010-03-11,House,"House - Third Reading",34,25,0,1,60
415942,174860,2010-03-11,Senate,"Senate - Third Reading",17,12,1,0,30
