people_id,name,first_name,middle_name,last_name,suffix,nickname,party_id,party,role_id,role,district,followthemoney_eid,votesmart_id,opensecrets_id,ballotpedia,knowwho_pid,committee_id
1782,"Lee Anderson",Lee,,Anderson,,,2,R,2,Sen,SD-024,6620668,84624,,Lee_Anderson,267971,0
1792,"Tommy Benton",Tommy,,Benton,,,2,R,1,Rep,HD-031,6662499,31470,,Thomas_Benton,228436,0
1795,"Roger Bruce",Roger,B.,Bruce,,,1,D,1,Rep,HD-061,6390075,31646,,Roger_Bruce,211884,0
1797,"Debbie Buckner",Debbie,Gignilliat,Buckner,,,1,D,1,Rep,HD-137,12999298,31792,,Debbie_Buckner,211902,0
1799,"Jon Burns",Jon,G.,Burns,,,2,R,1,Rep,HD-159,6662547,31806,,Jon_G._Burns,228473,0
1801,"Charlice Byrd",Charlice,,Byrd,,,2,R,1,Rep,HD-020,12999127,32017,,Charlice_Byrd,228410,0
1807,"Mike Cheokas",Mike,A.,Cheokas,,Mike,2,R,1,Rep,HD-138,6459549,31576,,Mike_Cheokas,228467,0
1813,"Sharon Cooper",Sharon,,Cooper,,,2,R,1,Rep,HD-043,6573006,11740,,Sharon_Cooper,193728,0
1820,"Katie Dempsey",Katie,M.,Dempsey,,,2,R,1,Rep,HD-013,6671760,67815,,Katie_Dempsey,249150,0
1824,"Matt Dollar",Matt,,Dollar,,,2,R,1,Rep,HD-045,6587137,31586,,Matt_Dollar,213905,0
1826,"Karla Drenner",Karla,Lea,Drenner,,,1,D,1,Rep,HD-085,6376376,31687,,Karla_Drenner,209132,0
1827,"Winfred Dukes",Winfred,,Dukes,,,1,D,1,Rep,HD-154,12999336,11810,,Winfred_Dukes,193659,0
1829,"Terry England",Terry,Lamar,England,,,2,R,1,Rep,HD-116,6662731,31952,,Terry_England,228455,0
1836,"Gloria Frazier",Gloria,,Frazier,,,1,D,1,Rep,HD-126,6480988,65812,,Gloria_Frazier,249183,0
1840,"Mike Glanton",Mike,,Glanton,,,1,D,1,Rep,HD-075,6481004,67970,,Mike_Glanton,249168,0
1844,"Gerald Greene",Gerald,E.,Greene,,,2,R,1,Rep,HD-151,6376348,7889,,Gerald_Greene,193658,0
1859,"Penny Houston",Penny,,Houston,,,2,R,1,Rep,HD-170,6376492,1742,,Penny_Houston,193859,0
1860,"Henry Howard",Henry,Wayne,Howard,,Wayne,1,D,1,Rep,HD-124,16844136,66998,,Henry_Howard,258409,0
1862,"Carolyn Hugley",Carolyn,F.,Hugley,,,1,D,1,Rep,HD-136,12999307,7904,,Carolyn_Hugley,193829,0
1863,"Mack Jackson",Mack,,Jackson,,,1,D,1,Rep,HD-128,6490929,105230,,Mack_Jackson,267977,0
1869,"Jan Jones",Jan,,Jones,,,2,R,1,Rep,HD-047,6587196,32034,,Jan_Jones,211887,0
1870,"Sheila Jones",Sheila,,Jones,,,1,D,1,Rep,HD-053,6390054,31662,,Sheila_Jones,228440,0
1876,"David Knight",David,,Knight,,,2,R,1,Rep,HD-130,6662854,31358,,David_Knight_(Georgia),228465,0
1884,"David Lucas",David,E.,Lucas,,,1,D,2,Sen,SD-026,6376950,7925,,David_Lucas_Sr.,193820,0
1890,"Pedro Marin",Pedro,,Marin,,Pete,1,D,1,Rep,HD-096,6378455,31653,,Pedro_Marin,211881,0
1891,"Charles Martin",Charles,E.,Martin,Jr.,,2,R,1,Rep,HD-049,6587184,31524,,Charles_Martin_Jr.,211888,0
1900,"Billy Mitchell",Billy,,Mitchell,,,1,D,1,Rep,HD-088,6390159,17460,,Billy_Mitchell,211877,0
1902,"Greg Morris",Greg,,Morris,,,2,R,1,Rep,HD-156,6376993,17547,,Greg_Morris,193752,0
1906,"Randy Nix",Randy,,Nix,,,2,R,1,Rep,HD-069,6671810,65508,,Randy_Nix,249164,0
1908,"Mary Oliver",Mary,Margaret,Oliver,,,1,D,1,Rep,HD-082,12997088,7820,,Mary_Margaret_Oliver,211886,0
1910,"Butch Parrish",Butch,,Parrish,,,2,R,1,Rep,HD-158,6377097,7942,,Butch_Parrish,193840,0
1911,"Don Parsons",Don,L.,Parsons,,,2,R,1,Rep,HD-044,12999150,7943,,Don_Parsons,193737,0
1914,"Alan Powell",Alan,,Powell,,,2,R,1,Rep,HD-032,6377001,7950,,Alan_Powell,193721,0
1918,"David Ralston",David,,Ralston,,,2,R,1,Rep,HD-007,6621539,7824,,David_Ralston,211899,0
1931,"Ed Setzler",Ed,,Setzler,,,2,R,1,Rep,HD-035,12999163,31918,,Ed_Setzler,228437,0
1941,"Lynn Smith",Lynn,R.,Smith,,,2,R,1,Rep,HD-070,7866204,11780,,Lynn_Smith,193751,0
1942,"Richard Smith",Richard,H.,Smith,,,2,R,1,Rep,HD-134,6663063,31564,,Richard_H._Smith,228466,0
1945,"Calvin Smyre",Calvin,,Smyre,,,1,D,1,Rep,HD-135,7720760,7978,,Calvin_Smyre,193832,0
1946,"Edward Stephens",Edward,,Stephens,,Mickey,1,D,1,Rep,HD-165,12409978,31485,,Edward_Stephens,211914,0
1947,"Ron Stephens",Ron,,Stephens,,,2,R,1,Rep,HD-164,6573167,15219,,Ron_Stephens_(Georgia_Representative),193846,0
1958,"Al Williams",Al,,Williams,,,1,D,1,Rep,HD-168,6390322,31449,,Al_Williams_(Georgia_legislator),211917,0
1969,"Gloria Butler",Gloria,,Butler,,,1,D,2,Sen,SD-055,6376627,17612,,Gloria_Butler,193696,0
1974,"Bill Cowsert",Bill,,Cowsert,,,2,R,2,Sen,SD-046,6662652,31562,,Bill_Cowsert,249203,0
1982,"Ed Harbison",Ed,,Harbison,,,1,D,2,Sen,SD-015,6376357,7804,,Ed_Harbison,193648,0
1984,"Lee Hawkins",Lee,,Hawkins,,,2,R,1,Rep,HD-027,6840501,67378,,Lee_Hawkins,249205,0
1992,"Lester Jackson",Lester,G.,Jackson,III,,1,D,2,Sen,SD-002,6376428,17540,,Lester_Jackson,193844,0
1993,"Donzella James",Donzella,,James,,,1,D,2,Sen,SD-035,13011504,7809,,Donzella_James,193669,0
1995,"Emanuel Jones",Emanuel,,Jones,,,1,D,2,Sen,SD-010,6459717,31536,,Emanuel_Jones,227397,0
1997,"Jeff Mullis",Jeff,,Mullis,,,2,R,2,Sen,SD-053,6573404,17715,,Jeff_Mullis,208608,0
1999,"Nan Orrock",Nan,Grogan,Orrock,,,1,D,2,Sen,SD-036,6905812,7940,,Nan_Orrock,193754,0
2006,"Valencia Seay",Valencia,,Seay,,,1,D,2,Sen,SD-034,12999269,32093,,Valencia_Seay,209135,0
2008,"Freddie Sims",Freddie,Powell,Sims,,,1,D,2,Sen,SD-012,6459920,31367,,Freddie_Sims,228472,0
2013,"Horacena Tate",Horacena,,Tate,,,1,D,2,Sen,SD-038,6376803,17558,,Horacena_Tate,193644,0
11589,"Butch Miller",Butch,,Miller,,,2,R,2,Sen,SD-049,6806219,122513,,Butch_Miller,288551,0
11777,"Hugh Williamson",Hugh,Brewster,Williamson,III,Bruce,2,R,1,Rep,HD-115,6688756,122885,,Bruce_Williamson_(Georgia),291275,0
11778,"Dar'shun Kendrick",Dar'shun,N.,Kendrick,,,1,D,1,Rep,HD-093,6505613,122848,,Dar%27shun_Kendrick,291253,0
11785,"Frank Ginn",Frank,,Ginn,,,2,R,2,Sen,SD-047,6688949,122693,,Frank_Ginn,289546,0
11786,"Gail Davenport",Gail,Paulette,Davenport,,,1,D,2,Sen,SD-044,6480941,66317,,Gail_Davenport,249201,0
11788,"John Albers",John,,Albers,,,2,R,2,Sen,SD-056,6688981,122715,,John_Albers,291192,0
11790,"Lindsey Tippins",Lindsey,,Tippins,,,2,R,2,Sen,SD-037,6688917,122669,,Lindsey_Tippins,291174,0
11792,"Steve Gooch",Steve,,Gooch,,,2,R,2,Sen,SD-051,6676213,82557,,Steve_Gooch,291186,0
11924,"Susan Holmes",Susan,,Holmes,,,2,R,1,Rep,HD-129,6688775,122892,,Susan_Holmes,291280,0
11925,"Rick Jasperse",Rick,,Jasperse,,,2,R,1,Rep,HD-011,6688599,122511,,Rick_Jasperse,289552,0
11926,"Elena Parent",Elena,C.,Parent,,,1,D,2,Sen,SD-042,6505594,122835,,Elena_Parent,291248,0
11927,"Ben Watson",Ben,,Watson,,,2,R,2,Sen,SD-001,6688809,122908,,Ben_Watson,291293,0
12004,"Jan Tankersley",Jan,,Tankersley,,,2,R,1,Rep,HD-160,6688803,81986,,Jan_Tankersley,289578,0
12039,"Stacey Evans",Stacey,,Evans,,,1,D,1,Rep,HD-057,6505514,122796,,Stacey_Evans,291225,0
12040,"James Hatchett",James,Matthew,Hatchett,,Matt,2,R,1,Rep,HD-150,6688787,122896,,Matt_Hatchett,291285,0
12041,"Scott Holcomb",Scott,M.,Holcomb,,,1,D,1,Rep,HD-081,5788200,122840,,Scott_Holcomb,308528,0
12043,"Darlene Taylor",Darlene,K.,Taylor,,,2,R,1,Rep,HD-173,12999374,122919,,Darlene_Taylor,291302,0
12120,"Yasmin Neal",Yasmin,,Neal,,,1,D,1,Rep,HD-074,6490986,105185,,Yasmin_Neal,291239,0
12192,"David Wilkerson",David,,Wilkerson,,,1,D,1,Rep,HD-038,6505487,122779,,David_Wilkerson,291220,0
12194,"Sandra Scott",Sandra,G.,Scott,,,1,D,1,Rep,HD-076,6505581,122826,,Sandra_Scott,291242,0
12477,"Robert Dickey",Robert,,Dickey,,,2,R,1,Rep,HD-140,5701076,128763,,Robert_Dickey,332039,0
13757,"Miriam Paris",Miriam,L.,Paris,,,1,D,1,Rep,HD-142,6513793,72142,,Miriam_Paris,354164,0
13778,"James Beverly",James,,Beverly,,,1,D,1,Rep,HD-143,6513760,134107,,James_Beverly,351083,0
13779,"John Carson",John,,Carson,,,2,R,1,Rep,HD-046,12999174,135769,,John_Carson_(Georgia),291782,0
13780,"Emory Dunahoo",Emory,West,Dunahoo,Jr.,,2,R,1,Rep,HD-030,12999144,134884,,Emory_West_Dunahoo_Jr.,384553,0
13940,"Tom Kirby",Tom,,Kirby,,,2,R,1,Rep,HD-114,6802006,122247,,Tom_Kirby,286433,0
15155,"Brandon Beach",Brandon,,Beach,,,2,R,2,Sen,SD-021,6688984,122717,,Brandon_Beach,291193,0
15156,"Michael Dugan",Michael,B.,Dugan,,Mike,2,R,2,Sen,SD-030,6874008,143535,,Mike_Dugan,438560,0
15157,"Tyler Harper",Tyler,,Harper,,,2,R,2,Sen,SD-007,12746039,140252,,Tyler_Harper,422805,0
15158,"Burt Jones",Burt,,Jones,,,2,R,2,Sen,SD-025,12377849,140261,,Burt_Jones,423153,0
15161,"Chuck Hufstetler",Chuck,,Hufstetler,,,2,R,2,Sen,SD-052,12746045,140281,,Chuck_Hufstetler,423249,0
15167,"Barry Fleming",Barry,A.,Fleming,,,2,R,1,Rep,HD-121,6587274,31801,,Barry_Fleming_(Georgia),211901,0
15168,"Bill Hitchens",Bill,,Hitchens,,,2,R,1,Rep,HD-161,7753199,142235,,Bill_Hitchens,264563,0
15169,"Brian Strickland",Brian,,Strickland,,,2,R,2,Sen,SD-017,12746080,142212,,Brian_Strickland,423293,0
15175,"Demetrius Douglas",Demetrius,,Douglas,,,1,D,1,Rep,HD-078,12745834,142009,,Demetrius_Douglas,423253,0
15176,"Dexter Sharper",Dexter,L.,Sharper,,,1,D,1,Rep,HD-177,12745874,142244,,Dexter_Sharper,423431,0
15177,"Eddie Lumsden",Eddie,,Lumsden,,,2,R,1,Rep,HD-012,6836010,82648,,Eddie_Lumsden,423066,0
15185,"Karen Bennett",Karen,,Bennett,,,1,D,1,Rep,HD-094,12745813,142025,,Karen_Bennett_(Georgia),423265,0
15187,"Kimberly Alexander",Kimberly,,Alexander,,,1,D,1,Rep,HD-066,6505547,122813,,Kimberly_Alexander,291234,0
15191,"Mandi Ballinger",Mandi,L.,Ballinger,,,2,R,1,Rep,HD-023,12746015,140297,,Mandi_Ballinger,423083,0
15193,"Micah Gravley",Micah,T.,Gravley,,,2,R,1,Rep,HD-067,16072346,143532,,Micah_Gravley,435444,0
15194,"Michael Smith",Michael,,Smith,,,1,D,1,Rep,HD-041,6491042,105161,,Michael_Smith_(Georgia_state_representative),423121,0
15195,"Patty Bentley",Patty,,Bentley,,,1,D,1,Rep,HD-139,12745815,142227,,Patty_Bentley,423352,0
15198,"Sam Watson",Sam,,Watson,,,2,R,1,Rep,HD-172,12746088,142240,,Sam_Watson,423416,0
15199,"Spencer Frye",Spencer,,Frye,,,1,D,1,Rep,HD-118,12745840,142218,,Spencer_Frye,423310,0
15200,"Timothy Barr",Timothy,,Barr,,,2,R,1,Rep,HD-103,12746016,142206,,Timothy_Barr,423274,0
15201,"Tonya Anderson",Tonya,P.,Anderson,,,1,D,2,Sen,SD-043,12745810,142015,,Tonya_Anderson,423258,0
15202,"Trey Kelley",Trey,,Kelley,,,2,R,1,Rep,HD-016,12746051,140293,,Trey_Kelley,423072,0
15885,"Dean Burke",Dean,,Burke,,,2,R,2,Sen,SD-011,6842336,17696,,Dean_Burke,451756,0
16138,"Bruce Thompson",Bruce,,Thompson,,,2,R,2,Sen,SD-014,6892062,145367,,Bruce_Thompson_(Georgia),478082,0
16153,"Chuck Efstration",Chuck,,Efstration,,,2,R,1,Rep,HD-104,6802240,122243,,Chuck_Efstration,286068,0
16154,"Dewey McClain",Dewey,,McClain,,,1,D,1,Rep,HD-100,7499298,145375,,Dewey_McClain,477626,0
16155,"Brian Prince",Brian,,Prince,,,1,D,1,Rep,HD-127,18912331,145374,,Brian_Prince,481015,0
16222,"Steve Tarvin",Steve,,Tarvin,,,2,R,1,Rep,HD-002,6842170,120443,,Steve_Tarvin,284381,0
16717,"Dave Belton",DC,,Belton,,Dave,2,R,1,Rep,HD-112,6856062,151079,,Dave_Belton,491893,0
16719,"Wesley Cantrell",Wesley,E.,Cantrell,,Wes,2,R,1,Rep,HD-022,24360975,150945,,Wes_Cantrell,491684,0
16720,"Heath Clark",Heath,N.,Clark,,,2,R,1,Rep,HD-147,24361012,151108,,Heath_N._Clark,491947,0
16721,"John Corbett",John,L.,Corbett,,,2,R,1,Rep,HD-174,24361024,151186,,John_L._Corbett,491993,0
16724,"Dominic Lariccia",Dominic,F.,Lariccia,,,2,R,1,Rep,HD-169,14050472,151158,,Dominic_F._LaRiccia,493021,0
16725,"Jesse Petrea",Jesse,L.,Petrea,,,2,R,1,Rep,HD-166,6807334,151148,,Jesse_L._Petrea,491977,0
16726,"Albert Reeves",Albert,T.,Reeves,,Bert,2,R,1,Rep,HD-034,24360983,152324,,Bert_Reeves,491696,0
16727,"Erica Thomas",Erica,Renee,Thomas,,,1,D,1,Rep,HD-039,24360852,151011,,Erica_R._Thomas,491704,0
16729,"William Werkheiser",William,A.,Werkheiser,,Bill,2,R,1,Rep,HD-157,24361017,151138,,Bill_Werkheiser,498868,0
16730,"Marty Harbin",Marty,H.,Harbin,,Marty,2,R,2,Sen,SD-016,7247802,151370,,Marty_Harbin,491608,0
16731,"Harold Jones",Harold,V.,Jones,II,,1,D,2,Sen,SD-022,6390257,31433,,Harold_V._Jones_II,491994,0
16732,"John Kennedy",John,F.,Kennedy,,,2,R,2,Sen,SD-018,16718522,151375,,John_F._Kennedy_(Georgia),491611,0
16735,"Michael Rhett",Michael,A.,Rhett,,Doc,1,D,2,Sen,SD-033,6820186,151423,,Michael_A._Rhett,492090,0
17397,"David Clark",David,T.,Clark,,,2,R,1,Rep,HD-098,27826810,155931,,David_Clark_(Georgia),517795,0
17556,"Trey Rhodes",Trey,,Rhodes,,,2,R,1,Rep,HD-120,6864327,155991,,Trey_Rhodes,527148,0
17797,"Shaw Blackmon",Shaw,,Blackmon,,,2,R,1,Rep,HD-146,6847725,157218,,Shaw_Blackmon,549507,0
17798,"Doreen Carter",Doreen,,Carter,,,1,D,1,Rep,HD-092,12745822,142016,,Doreen_Carter,423259,0
17799,"Sheri Gilligan",Sheri,Smallwood,Gilligan,,,2,R,1,Rep,HD-024,14048906,150947,,Sheri_Smallwood_Gilligan,491689,0
17800,"Jodi Lott",Jodi,,Lott,,,2,R,1,Rep,HD-122,33387318,165762,,Jodi_Lott,564027,0
17801,"Marie Metze",Marie,Robinson,Metze,,,1,D,1,Rep,HD-055,7369972,156835,,Marie_Metze,548216,0
17802,"Clay Pirkle",Clay,,Pirkle,,,2,R,1,Rep,HD-155,21190885,158270,,Clay_Pirkle,549579,0
17843,"Larry Walker",Larry,,Walker,,III,2,R,2,Sen,SD-020,31649698,157220,,Larry_Walker_(Georgia),564050,0
17915,"Park Cannon",Park,,Cannon,,,1,D,1,Rep,HD-058,37701277,168251,,Park_Cannon,571285,0
18617,"William Boddie",William,K.,Boddie,Jr.,,1,D,1,Rep,HD-062,39525487,168261,,William_Boddie,573852,0
18706,"Karen Mathiak",Karen,,Mathiak,,,2,R,1,Rep,HD-073,39525505,168333,,Karen_Mathiak,573867,0
18707,"Samuel Park",Samuel,,Park,,,1,D,1,Rep,HD-101,39525534,168354,,Samuel_Park,573883,0
18708,"Ricky Williams",Ricky,A.,Williams,,,2,R,1,Rep,HD-145,7082937,168374,,Ricky_Williams,573931,0
18709,"Blake Tillery",Blake,,Tillery,,,2,R,2,Sen,SD-019,29678984,157680,,Blake_Tillery,573160,0
18730,"David Dreyer",David,,Dreyer,,,1,D,1,Rep,HD-059,6822224,168252,,David_Dreyer,573848,0
18875,"Josh Bonner",Josh,,Bonner,,,2,R,1,Rep,HD-072,39525503,168331,,Josh_Bonner,581561,0
18879,"Debra Bazemore",Debra,,Bazemore,,,1,D,1,Rep,HD-063,39525488,168263,,Debra_Bazemore,573210,0
18880,"Rhonda Burnough",Rhonda,,Burnough,,,1,D,1,Rep,HD-077,39525511,168337,,Rhonda_Burnough,573232,0
18881,"J Collins",J,,Collins,,,2,R,1,Rep,HD-068,6819833,170165,,J._Collins,583998,0
18883,"Matt Dubnik",Matt,,Dubnik,,,2,R,1,Rep,HD-029,39525455,168220,,Matt_Dubnik,573189,0
18884,"Carl Gilliard",Carl,,Gilliard,,,1,D,1,Rep,HD-162,38601745,168382,,Carl_Gilliard,573899,0
18886,"Dewayne Hill",Dewayne,,Hill,,,2,R,1,Rep,HD-003,39525434,82289,,Dewayne_Hill,573917,0
18888,"Don Hogan",Don,,Hogan,,,2,R,1,Rep,HD-179,39525588,82790,,Don_Hogan,573253,0
18889,"Derrick Jackson",Derrick,L.,Jackson,,,1,D,1,Rep,HD-064,39525492,168268,,Derrick_Jackson,573858,0
18890,"Todd Jones",Todd,,Jones,,,2,R,1,Rep,HD-025,436063,168219,,Todd_Jones,573835,0
18894,"Sheila Nelson",Sheila,Clark,Nelson,,,1,D,1,Rep,HD-125,39525557,168370,,Sheila_Clark_Nelson,573892,0
18895,"Mark Newton",Mark,,Newton,,,2,R,1,Rep,HD-123,7114507,168368,,Mark_Newton,573237,0
18896,"Jason Ridley",Jason,T.,Ridley,,,2,R,1,Rep,HD-006,39525436,168189,,Jason_Ridley,573174,0
18897,"Renitta Shannon",Renitta,,Shannon,,,1,D,1,Rep,HD-084,38197310,168344,,Renitta_Shannon,573877,0
18899,"Matt Brass",Matt,,Brass,,,2,R,2,Sen,SD-028,6699883,168481,,Matt_Brass,440923,0
19105,"Chuck Payne",Chuck,,Payne,,,2,R,2,Sen,SD-054,42679108,176008,,Chuck_Payne,613186,0
19497,"Kim Schofield",Kim,,Schofield,,,1,D,1,Rep,HD-060,44001482,176796,,Kim_Schofield,648722,0
19498,"Kay Kirkpatrick",Kay,,Kirkpatrick,,,2,R,2,Sen,SD-032,7088065,176159,,Kay_Kirkpatrick,627812,0
19511,"Jennifer Jordan",Jennifer,,Jordan,,,1,D,2,Sen,SD-006,44001464,114846,,Jen_Jordan,648742,0
19514,"Teri Anulewicz",Teri,,Anulewicz,,,1,D,1,Rep,HD-042,44001480,72361,,Teri_Anulewicz,645774,0
19524,"Kasey Carpenter",Kasey,,Carpenter,,,2,R,1,Rep,HD-004,38197505,168187,,Kasey_Carpenter,573173,0
19525,"Bee Nguyen",Bee,,Nguyen,,,1,D,1,Rep,HD-089,41839523,176752,,Bee_Nguyen,648723,0
19584,"John LaHood",John,,LaHood,,,2,R,1,Rep,HD-175,44290775,177653,,John_LaHood,655973,0
20734,"Greg Dolezal",Greg,,Dolezal,,,2,R,2,Sen,SD-027,18331857,178679,,Greg_Dolezal,658381,0
20735,"Sally Harrell",Sally,,Harrell,,,1,D,2,Sen,SD-040,6376362,17571,,Sally_Harrell,193760,0
20737,"Sheikh Rahman",Sheikh,,Rahman,,,1,D,2,Sen,SD-005,6867473,142232,,Sheikh_Rahman,423383,0
20738,"Randy Robertson",Randy,,Robertson,,,2,R,2,Sen,SD-029,44893420,178681,,Randy_Robertson,665456,0
20784,"Bonnie Rich",Bonnie,,Rich,,,2,R,1,Rep,HD-097,44893372,178941,,Bonnie_Rich,665546,0
20841,"El-Mahdi Holly",El-Mahdi,,Holly,,,1,D,1,Rep,HD-111,44113802,177390,,El-Mahdi_Holly,658587,0
20842,"Josh McLaurin",Josh,,McLaurin,,,1,D,1,Rep,HD-051,44893350,178766,,Josh_McLaurin,658495,0
20844,"Vance Smith",Vance,,Smith,,,2,R,1,Rep,HD-133,44893382,7976,,Vance_Smith,193799,0
20845,"Matthew Wilson",Matthew,,Wilson,,,1,D,1,Rep,HD-080,44893363,178932,,Matthew_Wilson_(Georgia),658518,0
20967,"Erick Allen",Erick,E.,Allen,,,1,D,1,Rep,HD-040,21252191,151013,,Erick_E._Allen,491708,0
20968,"Jasmine Clark",Jasmine,,Clark,,,1,D,1,Rep,HD-108,44893375,178958,,Jasmine_Clark,665556,0
20969,"Viola Davis",Viola,,Davis,,,1,D,1,Rep,HD-087,6587222,31566,,Viola_Davis,658534,0
20970,"Chris Erwin",Chris,,Erwin,,,2,R,1,Rep,HD-028,44893324,178732,,Chris_Erwin,665492,0
20971,"Becky Evans",Becky,,Evans,,,1,D,1,Rep,HD-083,44893365,178935,,Becky_Evans_(Georgia),658527,0
20972,"Houston Gaines",Houston,,Gaines,,,2,R,1,Rep,HD-117,44001488,176757,,Houston_Gaines,658598,0
20973,"Matthew Gambill",Matthew,,Gambill,,,2,R,1,Rep,HD-015,29111738,178719,,Matthew_Gambill,658445,0
20974,"Joseph Gullett",Joseph,,Gullett,,,2,R,1,Rep,HD-019,6800837,178724,,Joseph_Gullett,658451,0
20975,"Betsy Holland",Betsy,,Holland,,,1,D,1,Rep,HD-054,44893112,178801,,Betsy_Holland,658498,0
20976,"CaMia Hopson",CaMia,Whitaker,Hopson,,,1,D,1,Rep,HD-153,44893393,178983,,CaMia_Whitaker_Hopson,665579,0
20977,"Shelly Hutchinson",Shelly,,Hutchinson,,,1,D,1,Rep,HD-107,18153920,178957,,Shelly_Hutchinson,658574,0
20978,"Angelika Kausche",Angelika,,Kausche,,,1,D,1,Rep,HD-050,44220842,178762,,Angelika_Kausche,658490,0
20979,"Gregg Kennard",Gregg,,Kennard,,,1,D,1,Rep,HD-102,44893155,178948,,Gregg_Kennard,658554,0
20980,"Danny Mathis",Danny,,Mathis,,,2,R,1,Rep,HD-144,44893197,178975,,Danny_Mathis,658627,0
20981,"Donna McLeod",Donna,,McLeod,,,1,D,1,Rep,HD-105,17045708,169282,,Donna_McLeod,581569,0
20982,"Steven Meeks",Steven,,Meeks,,,2,R,1,Rep,HD-178,44893399,178992,,Steven_Meeks,206302,0
20983,"Martin Momtahan",Martin,,Momtahan,,,2,R,1,Rep,HD-017,44893053,178720,,Martin_Momtahan,658449,0
20984,"Beth Moore",Beth,,Moore,,,1,D,1,Rep,HD-095,44893142,178939,,Beth_Moore,658540,0
20986,"Mary Robichaux",Mary,,Robichaux,,,1,D,1,Rep,HD-048,44893345,178759,,Mary_Robichaux,665514,0
20987,"Steven Sainz",Steven,,Sainz,,,2,R,1,Rep,HD-180,44893402,178994,,Steven_Sainz,658649,0
20988,"Mitchell Scoggins",Mitchell,,Scoggins,,,2,R,1,Rep,HD-014,46894497,185909,,Mitchell_Scoggins,689039,0
20989,"Dale Washburn",Dale,,Washburn,,,2,R,1,Rep,HD-141,12999337,32064,,Dale_Washburn,658620,0
20990,"Marcus Wiedower",Marcus,A.,Wiedower,,,2,R,1,Rep,HD-119,44001491,176760,,Marcus_Wiedower,658604,0
20991,"Michael Wilensky",Michael,S.,Wilensky,,Mike,1,D,1,Rep,HD-079,44893361,178931,,Michael_Wilensky,658517,0
20992,"Mary Williams",Mary,Frances,Williams,,,1,D,1,Rep,HD-037,12379054,178744,,Mary_Frances_Williams,665505,0
20993,"Noel Williams",Noel,,Williams,Jr.,,2,R,1,Rep,HD-148,44893206,178980,,Noel_Williams_Jr.,658630,0
21114,"Ginny Ehrhart",Ginny,,Ehrhart,,,2,R,1,Rep,HD-036,44893328,178740,,Ginny_Ehrhart,665500,0
21240,"Matt Barton",Matt,,Barton,,,2,R,1,Rep,HD-005,46894535,185940,,Matt_Barton,696155,0
21333,"James Burchett",James,,Burchett,,,2,R,1,Rep,HD-176,47156676,185983,,James_Burchett,699697,0
21417,"Bill Yearta",Bill,,Yearta,,,2,R,1,Rep,HD-152,6846950,187287,,Bill_Yearta,727953,0
21418,"Philip Singleton",Philip,,Singleton,,,2,R,1,Rep,HD-071,47924781,178531,,Philip_Singleton,628152,0
21611,"Joe Campbell",Joe,,Campbell,,,2,R,1,Rep,HD-171,19289746,188950,,Joe_Campbell_(Georgia),731916,0
21619,"Carden Summers",Carden,H.,Summers,,,2,R,2,Sen,SD-013,6586954,31416,,Carden_Summers,734733,0
22295,"Jason Anavitarte",Jason,,Anavitarte,,,2,R,2,Sen,SD-031,49394267,190320,,Jason_Anavitarte,713765,0
22296,"Michelle Au",Michelle,,Au,,,1,D,2,Sen,SD-048,42173481,190185,,Michelle_Au,734985,0
22297,"Max Burns",Max,,Burns,,,2,R,2,Sen,SD-023,7175988,32069,,Max_Burns,211721,0
22298,"Clint Dixon",Clint,,Dixon,,,2,R,2,Sen,SD-045,49394328,190326,,Clint_Dixon,734973,0
22299,"Russ Goodman",Russ,,Goodman,,,2,R,2,Sen,SD-008,17729274,190131,,Russ_Goodman,734566,0
22300,"Sonya Halpern",Sonya,,Halpern,,,1,D,2,Sen,SD-039,50861573,195315,,Sonya_Halpern,752261,0
22301,"Bo Hatchett",Bo,,Hatchett,,,2,R,2,Sen,SD-050,49574422,190329,,Bo_Hatchett,734993,0
22302,"Billy Hickman",Billy,,Hickman,,,2,R,2,Sen,SD-004,49746231,192247,,Billy_Hickman_(Georgia),743607,0
22303,"Kim Jackson",Kim,,Jackson,,,1,D,2,Sen,SD-041,49394370,190173,,Kim_Jackson,734955,0
22304,"Sheila McNeill",Sheila,,McNeill,,,2,R,2,Sen,SD-003,16717886,190127,,Sheila_McNeill,734522,0
22305,"Nikki Merritt",Nikki,,Merritt,,,1,D,2,Sen,SD-009,47927375,190132,,Nikki_Merritt,734709,0
22325,"Victor Anderson",Victor,E.,Anderson,,,2,R,1,Rep,HD-010,49394268,158056,,Victor_Anderson,739380,0
22326,"Mike Cameron",Mike,,Cameron,,,2,R,1,Rep,HD-001,49394301,190334,,Mike_Cameron,734519,0
22327,"Beth Camp",Beth,,Camp,,,2,R,1,Rep,HD-131,48023426,190404,,Beth_Camp,735207,0
22328,"Clint Crowe",Clinton,T.,Crowe,,Clint,2,R,1,Rep,HD-110,14052075,190389,,Clint_Crowe,739408,0
22329,"Buddy DeLoach",Homer,,DeLoach,,Buddy,2,R,1,Rep,HD-167,6529113,190389,,Buddy_DeLoach,193815,0
22330,"Stan Gunter",Stan,,Gunter,,,2,R,1,Rep,HD-008,13009998,190339,,Stan_Gunter,734770,0
22331,"Sharon Henderson",Sharon,,Henderson,,,1,D,1,Rep,HD-113,39525548,168364,,Sharon_Henderson,573235,0
22332,"David Jenkins",David,,Jenkins,,,2,R,1,Rep,HD-132,45295121,190406,,David_Jenkins_(Georgia),735208,0
22333,"Rob Leverett",Rob,,Leverett,,,2,R,1,Rep,HD-033,49394392,190366,,Rob_Leverett,735259,0
22334,"Regina Lewis-Ward",Regina,,Lewis-Ward,,,1,D,1,Rep,HD-109,44893166,178960,,Regina_Lewis-Ward,658578,0
22335,"Marvin Lim",Marvin,,Lim,,,1,D,1,Rep,HD-099,49394393,190276,,Marvin_Lim,735378,0
22336,"Zulma Lopez",Zulma,,Lopez,,,1,D,1,Rep,HD-086,44216827,190266,,Zulma_Lopez,735137,0
22337,"Mesha Mainor",Mesha,,Mainor,,,1,D,1,Rep,HD-056,49394396,190238,,Mesha_Mainor,739393,0
22338,"Derek Mallow",Derek,J.,Mallow,,,1,D,1,Rep,HD-163,49394397,190302,,Derek_Mallow,735196,0
22339,"Lauren McDonald",Lauren,W.,McDonald,III,,2,R,1,Rep,HD-026,24360979,151410,,Lauren_W._McDonald_III,492060,0
22340,"Rebecca Mitchell",Rebecca,,Mitchell,,,1,D,1,Rep,HD-106,49394413,190281,,Rebecca_Mitchell_(Georgia),670379,0
22341,"Robert Pruitt",Robert,,Pruitt,,,2,R,1,Rep,HD-149,23328280,190425,,Robert_Pruitt,735209,0
22342,"Shea Roberts",Shea,,Roberts,,,1,D,1,Rep,HD-052,44893351,178768,,Shea_Roberts,658497,0
22343,"Tyler Smith",Tyler,Paul,Smith,,,2,R,1,Rep,HD-018,49574399,190358,,Tyler_Smith_(Georgia),734881,0
22344,"Rhonda Taylor",Rhonda,S.,Taylor,,,1,D,1,Rep,HD-091,39525525,168348,,Rhonda_Taylor_(Georgia),581565,0
22345,"Brad Thomas",Brad,,Thomas,,,2,R,1,Rep,HD-021,49394482,190364,,Brad_Thomas_(Georgia),739385,0
22346,"Mandisha Thomas",Mandisha,A.,Thomas,,,1,D,1,Rep,HD-065,44893121,178808,,Mandisha_Thomas,658505,0
22347,"Will Wade",Will,,Wade,,,2,R,1,Rep,HD-009,49394489,190349,,Will_Wade,708501,0
22900,"Angela Moore",Angela,,Moore,,,1,D,1,Rep,HD-090,6467833,105138,,Angela_Moore,770752,0
22970,"Leesa Hagan",Leesa,,Hagan,,,2,R,1,Rep,HD-156,53819056,196273,,Leesa_Hagan,781443,0
22971,"Edna Jackson",Edna,,Jackson,,,1,D,1,Rep,HD-165,54381931,72328,,Edna_Jackson,790588,0
22972,"Devan Seabaugh",Devan,,Seabaugh,,,2,R,1,Rep,HD-034,45798852,196271,,Devan_Seabaugh,781440,0
