bill_id,session_id,bill_number,status,status_desc,status_date,title,description,committee_id,committee,last_action_date,last_action,url,state_link
1532141,1919,HB1,4,Passed,2021-12-30,"Georgia House of Representatives Redistricting Act of 2021; enact","A BILL to be entitled an Act to provide for the composition and number of state house districts; to provide for a short title; to provide when members of the House of Representatives elected shall take office; to provide for the continuation of the present representative districts until a certain time; to provide that the provisions of this Act shall supersede and replace a districting plan and certain changes thereto; to provide for related matters; to provide an effective date; to repeal specific Acts; to repeal conflicting laws; and for other purposes.",0,,2021-12-30,"Effective Date 2021-12-30",https://legiscan.com/GA/bill/HB1/2021/X1,https://www.legis.ga.gov/legislation/60897
1532127,1919,HB2,1,Introduced,2021-11-03,"Georgia Congressional Redistricting Act of 2021; enact","A BILL to be entitled an Act to provide for the composition and number of congressional districts; to provide for a short title; to provide when such representatives shall take office; to provide for continuation of present congressional districts until a certain time; to provide for related matters; to provide an effective date; to repeal a specific Act; to repeal conflicting laws; and for other purposes.",589,"House Legislative and Congressional Reapportionment",2021-11-04,"House Second Readers",https://legiscan.com/GA/bill/HB2/2021/X1,https://www.legis.ga.gov/legislation/60898
1532138,1919,HB3,4,Passed,2021-12-08,"Coolidge, City of; provide new charter","A BILL to be entitled an Act to provide a new charter for the City of Coolidge; to provide for pending matters; to provide for definitions and construction; to provide for severability; to provide for related matters; to repeal specific Acts; to repeal conflicting laws; and for other purposes.",0,,2021-12-08,"Effective Date 2021-12-08",https://legiscan.com/GA/bill/HB3/2021/X1,https://www.legis.ga.gov/legislation/60901
1532135,1919,HB4,1,Introduced,2021-11-03,"Georgia House of Representatives Redistricting Act of 2021; enact","A BILL to be entitled an Act to provide for the composition and number of state house districts; to provide for a short title; to provide when members of the House of Representatives elected shall take office; to provide for the continuation of the present representative districts until a certain time; to provide that the provisions of this Act shall supersede and replace a districting plan and certain changes thereto; to provide for related matters; to provide an effective date; to repeal specific Acts; to repeal conflicting laws; and for other purposes.",589,"House Legislative and Congressional Reapportionment",2021-11-05,"House Second Readers",https://legiscan.com/GA/bill/HB4/2021/X1,https://www.legis.ga.gov/legislation/60902
1532132,1919,HB5,1,Introduced,2021-11-03,"Georgia Congressional Redistricting Act of 2021; enact","A BILL to be entitled an Act to provide for the composition and number of congressional districts; to provide for a short title; to provide when such representatives shall take office; to provide for continuation of present congressional districts until a certain time; to provide for related matters; to provide an effective date; to repeal a specific Act; to repeal conflicting laws; and for other purposes.",589,"House Legislative and Congressional Reapportionment",2021-11-05,"House Second Readers",https://legiscan.com/GA/bill/HB5/2021/X1,https://www.legis.ga.gov/legislation/60903
1532313,1919,HB6,4,Passed,2021-12-08,"Chattooga County Public Facilities Authority Act; enact","A BILL to be entitled an Act to create the Chattooga County Public Facilities Authority; to provide for related matters; to repeal conflicting laws; and for other purposes.",0,,2021-12-08,"Effective Date 2021-12-08",https://legiscan.com/GA/bill/HB6/2021/X1,https://www.legis.ga.gov/legislation/60907
1532597,1919,HB7,4,Passed,2021-12-08,"Revenue and taxation; Internal Revenue Code and Internal Revenue Code of 1986; define terms and incorporate certain provisions of federal law into Georgia law","A BILL to be entitled an Act to amend Title 48 of the Official Code of Georgia Annotated, relating to revenue and taxation, so as to revise the terms ""Internal Revenue Code"" and ""Internal Revenue Code of 1986"" and thereby incorporate certain provisions of the federal law into Georgia law; to provide for related matters; to provide for an effective date and applicability; to repeal conflicting laws; and for other purposes.",0,,2021-12-08,"Effective Date 2021-12-08",https://legiscan.com/GA/bill/HB7/2021/X1,https://www.legis.ga.gov/legislation/60918
1532598,1919,HB8,4,Passed,2021-11-19,"Floyd County; Board of Elections and Registration; reconstitute and reestablish","A BILL to be entitled an Act to reconstitute and reestablish the board of elections and registration for Floyd County, Georgia; to provide for the powers and duties of the board; to provide for the appointment, resignation, and removal of its members; to provide for meetings and special meetings of the board; to provide an administrative office for elections and registrations; to staff such office with an elections supervisor, clerical assistants, and other employees; to provide compensation for administrative personnel and members of the board; to provide definitions; to provide for related matters; to provide a contingent effective date and automatic repeal; to repeal conflicting laws; and for other purposes.",0,,2021-11-19,"Effective Date 2021-11-19",https://legiscan.com/GA/bill/HB8/2021/X1,https://www.legis.ga.gov/legislation/60919
1532599,1919,HB9,4,Passed,2021-11-19,"Floyd County; Board of Elections and Registration; provide for abolition","A BILL to be entitled an Act to amend an Act to create a board of elections and registration for Floyd County and provide for its powers and duties, approved March 28, 1986 (Ga. L. 1986, p. 5289), as amended, so as to provide for abolition of the board; to authorize the board of commissioners to appoint an interim chief clerk; to provide for related matters; to repeal conflicting laws; and for other purposes.",0,,2021-11-19,"Effective Date 2021-11-19",https://legiscan.com/GA/bill/HB9/2021/X1,https://www.legis.ga.gov/legislation/60920
1532946,1919,HB10,1,Introduced,2021-11-10,"Brookhaven, City of; expenditure of funds; repeal provisions","A BILL to be entitled an Act to amend an Act to authorize the governing authority of the City of Brookhaven to levy an excise tax pursuant to the authority of subsection (b) of Code Section 48-13-51 of the O.C.G.A., approved May 8, 2017 (Ga. L. 2017, p. 3992), so as to repeal provisions regarding expenditure of funds; to repeal an automatic reversion; to repeal a conditional provision; to provide for related matters; to repeal conflicting laws; and for other purposes.",0,,2021-11-15,"House Withdrawn, Recommitted",https://legiscan.com/GA/bill/HB10/2021/X1,https://www.legis.ga.gov/legislation/60932
1533474,1919,HB11,2,Engrossed,2021-11-18,"Cornelia, City of; Redevelopment Powers Law; provide for referendum","A BILL to be entitled an Act to authorize the City of Cornelia, Georgia, to exercise all redevelopment and other powers under Article IX, Section II, Paragraph VII(b) of the Georgia Constitution and Chapter 44 of Title 36 of the O.C.G.A., the ""Redevelopment Powers Law,"" as amended; to provide for a referendum; to provide for effective dates; to provide for automatic repeal under certain circumstances; to repeal conflicting laws; and for other purposes.",0,,2021-11-22,"Senate Committee Favorably Reported",https://legiscan.com/GA/bill/HB11/2021/X1,https://www.legis.ga.gov/legislation/60951
1532139,1919,HR1,4,Passed,2021-11-03,"House convened; notify Senate","A RESOLUTION to notify the Senate that the House of Representatives has convened; and for other purposes.",0,,2021-11-03,"House Read and Adopted",https://legiscan.com/GA/bill/HR1/2021/X1,https://www.legis.ga.gov/legislation/60899
1532129,1919,HR2,4,Passed,2021-11-04,"Adjournment; relative to","A RESOLUTION relative to meetings and adjournments of the General Assembly; and for other purposes.",0,,2021-11-04,"Senate Read and Adopted",https://legiscan.com/GA/bill/HR2/2021/X1,https://www.legis.ga.gov/legislation/60900
1532253,1919,HR3,2,Engrossed,2021-11-15,"Governor Brian P. Kemp's Executive Order; suspend collection of motor fuel and diesel fuel taxes; ratify","A RESOLUTION ratifying Governor Brian P. Kemp's Executive Order Nos. 05.10.21.02, 05.14.21.01, 05.21.21.01, and 05.28.21.03 suspending the collection of motor fuel and diesel fuel taxes; and for other purposes.",0,,2021-11-18,"Senate Passed/Adopted",https://legiscan.com/GA/bill/HR3/2021/X1,https://www.legis.ga.gov/legislation/60908
1532337,1919,HR4,4,Passed,2021-11-04,"Atlanta Braves; commend","A RESOLUTION congratulating the Atlanta Braves; and for other purposes.",0,,2021-11-04,"House Read and Adopted",https://legiscan.com/GA/bill/HR4/2021/X1,https://www.legis.ga.gov/legislation/60909
1532277,1919,HR5,4,Passed,2021-11-04,"James, Representative Lynmore; condolences","A RESOLUTION honoring the life and memory of Representative Lynmore James; and for other purposes.",0,,2021-11-04,"House Read and Adopted",https://legiscan.com/GA/bill/HR5/2021/X1,https://www.legis.ga.gov/legislation/60910
1532301,1919,HR6,4,Passed,2021-11-04,"Moore, Jovita; condolences","A RESOLUTION honoring the life and memory of Jovita Moore; and for other purposes.",0,,2021-11-04,"House Read and Adopted",https://legiscan.com/GA/bill/HR6/2021/X1,https://www.legis.ga.gov/legislation/60911
1532289,1919,HR7,4,Passed,2021-11-04,"Clayton County Parks and Recreation Department; commend","A RESOLUTION recognizing and commending the Clayton County Parks and Recreation Department; and for other purposes.",0,,2021-11-04,"House Read and Adopted",https://legiscan.com/GA/bill/HR7/2021/X1,https://www.legis.ga.gov/legislation/60912
1532423,1919,HR8,4,Passed,2021-11-05,"Payne, Doug; commend","A RESOLUTION recognizing and commending Doug Payne; and for other purposes.",0,,2021-11-05,"House Read and Adopted",https://legiscan.com/GA/bill/HR8/2021/X1,https://www.legis.ga.gov/legislation/60915
1532817,1919,HR9,4,Passed,2021-11-09,"United Stated Armed Forces; 13 members who died during evacuation of the Kabul Airport in Afghanistan; condolences","A RESOLUTION commending the 13 members of the United States Armed Forces who died during the evacuation of the Kabul Airport in Afghanistan; and for other purposes.",0,,2021-11-09,"House Read and Adopted",https://legiscan.com/GA/bill/HR9/2021/X1,https://www.legis.ga.gov/legislation/60928
1532804,1919,HR10,4,Passed,2021-11-09,"Henriques, Mayor Donnie; commend","A RESOLUTION recognizing and commending Mayor Donnie Henriques; and for other purposes.",0,,2021-11-09,"House Read and Adopted",https://legiscan.com/GA/bill/HR10/2021/X1,https://www.legis.ga.gov/legislation/60929
1532790,1919,HR11,4,Passed,2021-11-09,"Hughes, LaSharn; condolences","A RESOLUTION honoring the life and memory of LaSharn Hughes; and for other purposes.",0,,2021-11-09,"House Read and Adopted",https://legiscan.com/GA/bill/HR11/2021/X1,https://www.legis.ga.gov/legislation/60930
1532811,1919,HR12,4,Passed,2021-11-09,"STEM Atlanta Women; commend","A RESOLUTION commending STEM Atlanta Women; and for other purposes.",0,,2021-11-09,"House Read and Adopted",https://legiscan.com/GA/bill/HR12/2021/X1,https://www.legis.ga.gov/legislation/60931
1532951,1919,HR13,4,Passed,2021-11-10,"Griswell, James Clifford ""Charley""; condolences","A RESOLUTION honoring the life and memory of James Clifford ""Charley"" Griswell; and for other purposes.",0,,2021-11-10,"House Read and Adopted",https://legiscan.com/GA/bill/HR13/2021/X1,https://www.legis.ga.gov/legislation/60933
1532952,1919,HR14,4,Passed,2021-11-10,"Ahrens, Edward John, III; commend","A RESOLUTION commending and congratulating Edward John Ahrens III; and for other purposes.",0,,2021-11-10,"House Read and Adopted",https://legiscan.com/GA/bill/HR14/2021/X1,https://www.legis.ga.gov/legislation/60934
1532945,1919,HR15,4,Passed,2021-11-10,"Burrows, Jack Stewart; commend","A RESOLUTION commending and congratulating Jack Stewart Burrows; and for other purposes.",0,,2021-11-10,"House Read and Adopted",https://legiscan.com/GA/bill/HR15/2021/X1,https://www.legis.ga.gov/legislation/60935
1532947,1919,HR16,4,Passed,2021-11-10,"Kenworthy, Adam Criswell; commend","A RESOLUTION commending and congratulating Adam Criswell Kenworthy; and for other purposes.",0,,2021-11-10,"House Read and Adopted",https://legiscan.com/GA/bill/HR16/2021/X1,https://www.legis.ga.gov/legislation/60936
1532944,1919,HR17,4,Passed,2021-11-10,"Positive American Youth Day; September 18, 2021; recognize","A RESOLUTION recognizing September 18, 2021, as Positive American Youth Day; and for other purposes.",0,,2021-11-10,"House Read and Adopted",https://legiscan.com/GA/bill/HR17/2021/X1,https://www.legis.ga.gov/legislation/60937
1532948,1919,HR18,4,Passed,2021-11-10,"Hoard, Kathy; grand occasion of her 70th birthday; commend","A RESOLUTION commending Kathy Hoard on the grand occasion of her 70th birthday; and for other purposes.",0,,2021-11-10,"House Read and Adopted",https://legiscan.com/GA/bill/HR18/2021/X1,https://www.legis.ga.gov/legislation/60938
1532950,1919,HR19,4,Passed,2021-11-10,"Pakistan Resolution Day; March 23, 2021; recognize","A RESOLUTION recognizing March 23, 2021, as Pakistan Resolution Day; and for other purposes.",0,,2021-11-10,"House Read and Adopted",https://legiscan.com/GA/bill/HR19/2021/X1,https://www.legis.ga.gov/legislation/60939
1532949,1919,HR20,4,Passed,2021-11-10,"Georgia Hispanic Construction Association; commend","A RESOLUTION recognizing and commending the Georgia Hispanic Construction Association; and for other purposes.",0,,2021-11-10,"House Read and Adopted",https://legiscan.com/GA/bill/HR20/2021/X1,https://www.legis.ga.gov/legislation/60940
1533239,1919,HR21,4,Passed,2021-11-12,"STEM Atlanta Women; commend","A RESOLUTION commending STEM Atlanta Women; and for other purposes.",0,,2021-11-12,"House Read and Adopted",https://legiscan.com/GA/bill/HR21/2021/X1,https://www.legis.ga.gov/legislation/60947
1533455,1919,HR22,4,Passed,2021-11-15,"Lower Muscogee Creek Tribe, the Cherokee of Georgia, and the Georgia Tribe of Eastern Cherokee; commend","A RESOLUTION commending the Lower Muscogee Creek Tribe, the Cherokee of Georgia, and the Georgia Tribe of Eastern Cherokee; and for other purposes.",0,,2021-11-15,"House Read and Adopted",https://legiscan.com/GA/bill/HR22/2021/X1,https://www.legis.ga.gov/legislation/60959
1533483,1919,HR23,4,Passed,2021-11-15,"Desai, Officer Paramhans; condolences","A RESOLUTION honoring the life and memory of Officer Paramhans Desai; and for other purposes.",0,,2021-11-15,"House Read and Adopted",https://legiscan.com/GA/bill/HR23/2021/X1,https://www.legis.ga.gov/legislation/60961
1533451,1919,HR24,4,Passed,2021-11-15,"Stuckey, Dr. Anthony JaRoy; condolences","A RESOLUTION honoring the life and memory of Dr. Anthony JaRoy Stuckey; and for other purposes.",0,,2021-11-15,"House Read and Adopted",https://legiscan.com/GA/bill/HR24/2021/X1,https://www.legis.ga.gov/legislation/60962
1533481,1919,HR25,4,Passed,2021-11-15,"Howard, Elysea Tyrona; condolences","A RESOLUTION honoring the life and memory of Elysea Tyrona Howard; and for other purposes.",0,,2021-11-15,"House Read and Adopted",https://legiscan.com/GA/bill/HR25/2021/X1,https://www.legis.ga.gov/legislation/60963
1533457,1919,HR26,4,Passed,2021-11-15,"Cleland, Mr. Max; condolences","A RESOLUTION honoring the life and memory of Mr. Max Cleland; and for other purposes.",0,,2021-11-15,"House Read and Adopted",https://legiscan.com/GA/bill/HR26/2021/X1,https://www.legis.ga.gov/legislation/60964
1533812,1919,HR27,4,Passed,2021-11-16,"Buist, Ashleigh; Tri-Cities High School's 2021 Professional of the Year; commend","A RESOLUTION commending Ashleigh Buist, Tri-Cities High School's 2021 Professional of the Year; and for other purposes.",0,,2021-11-16,"House Read and Adopted",https://legiscan.com/GA/bill/HR27/2021/X1,https://www.legis.ga.gov/legislation/60974
1533810,1919,HR28,4,Passed,2021-11-16,"Butler, Mr. Adonis Ross ""AD""; condolences","A RESOLUTION honoring the life and memory of Mr. Adonis Ross ""AD"" Butler; and for other purposes.",0,,2021-11-16,"House Read and Adopted",https://legiscan.com/GA/bill/HR28/2021/X1,https://www.legis.ga.gov/legislation/60975
1533813,1919,HR29,4,Passed,2021-11-16,"Boyd, Emma Jean; condolences","A RESOLUTION honoring the life and memory of Emma Jean Boyd; and for other purposes.",0,,2021-11-16,"House Read and Adopted",https://legiscan.com/GA/bill/HR29/2021/X1,https://www.legis.ga.gov/legislation/60976
1533818,1919,HR30,4,Passed,2021-11-16,"Miller, Phillip; Tri-Cities High School's 2021 Teacher of the Year; commend","A RESOLUTION commending Phillip Miller, Tri-Cities High School's 2021 Teacher of the Year; and for other purposes.",0,,2021-11-16,"House Read and Adopted",https://legiscan.com/GA/bill/HR30/2021/X1,https://www.legis.ga.gov/legislation/60977
1533814,1919,HR31,4,Passed,2021-11-16,"National Disability Awareness Month; 76th anniversary; Americans with Disabilities Act of 1990; 31st anniversary; recognize","A RESOLUTION recognizing and commemorating the 76th anniversary of National Disability Employment Awareness Month and the 31st anniversary of the enactment of the Americans with Disabilities Act of 1990; and for other purposes.",0,,2021-11-16,"House Read and Adopted",https://legiscan.com/GA/bill/HR31/2021/X1,https://www.legis.ga.gov/legislation/60978
1534276,1919,HR32,4,Passed,2021-11-17,"Retired Educators Day; November 7, 2021; recognize","A RESOLUTION recognizing November 7, 2021, as Retired Educators Day; and for other purposes.",0,,2021-11-17,"House Read and Adopted",https://legiscan.com/GA/bill/HR32/2021/X1,https://www.legis.ga.gov/legislation/60986
1534243,1919,HR33,4,Passed,2021-11-17,"Crumbley, Kenya and Torrence; commend","A RESOLUTION recognizing and commending Kenya and Torrence Crumbley; and for other purposes.",0,,2021-11-17,"House Read and Adopted",https://legiscan.com/GA/bill/HR33/2021/X1,https://www.legis.ga.gov/legislation/60987
1534239,1919,HR34,4,Passed,2021-11-17,"Pierce, Mayor Pro Tem Tammy; outstanding public service; commend","A RESOLUTION recognizing and commending Mayor Pro Tem Tammy Pierce on her outstanding public service; and for other purposes.",0,,2021-11-17,"House Read and Adopted",https://legiscan.com/GA/bill/HR34/2021/X1,https://www.legis.ga.gov/legislation/60988
1534284,1919,HR35,4,Passed,2021-11-17,"Native American Heritage Month; November 2021; recognize","A RESOLUTION recognizing November 2021 as Native American Heritage Month; and for other purposes.",0,,2021-11-17,"House Read and Adopted",https://legiscan.com/GA/bill/HR35/2021/X1,https://www.legis.ga.gov/legislation/60989
1534247,1919,HR36,4,Passed,2021-11-17,"Bodker, Mayor Mike; commend","A RESOLUTION recognizing and commending Mayor Mike Bodker; and for other purposes.",0,,2021-11-17,"House Read and Adopted",https://legiscan.com/GA/bill/HR36/2021/X1,https://www.legis.ga.gov/legislation/60990
1534268,1919,HR37,4,Passed,2021-11-17,"Terry, John Quincy; outstanding service to his community; commend","A RESOLUTION recognizing and commending John Quincy Terry on his outstanding service to his community; and for other purposes.",0,,2021-11-17,"House Read and Adopted",https://legiscan.com/GA/bill/HR37/2021/X1,https://www.legis.ga.gov/legislation/60991
1534280,1919,HR38,4,Passed,2021-11-17,"Lockwood, Mayor Joe; commend","A RESOLUTION recognizing and commending Mayor Joe Lockwood; and for other purposes.",0,,2021-11-17,"House Read and Adopted",https://legiscan.com/GA/bill/HR38/2021/X1,https://www.legis.ga.gov/legislation/60992
1534255,1919,HR39,4,Passed,2021-11-17,"Women Entrepreneurship Day; sixth annual; celebrate","A RESOLUTION celebrating the sixth annual Women Entrepreneurship Day; and for other purposes.",0,,2021-11-17,"House Read and Adopted",https://legiscan.com/GA/bill/HR39/2021/X1,https://www.legis.ga.gov/legislation/60993
1534288,1919,HR40,4,Passed,2021-11-17,"McGhee-McCrary; Debra; condolences","A RESOLUTION honoring the life and memory of Debra McGhee-McCrary; and for other purposes.",0,,2021-11-17,"House Read and Adopted",https://legiscan.com/GA/bill/HR40/2021/X1,https://www.legis.ga.gov/legislation/60994
1534259,1919,HR41,4,Passed,2021-11-17,"Akins, Doyle; long life; recognize","A RESOLUTION recognizing and celebrating the long life of Doyle Akins; and for other purposes.",0,,2021-11-17,"House Read and Adopted",https://legiscan.com/GA/bill/HR41/2021/X1,https://www.legis.ga.gov/legislation/60995
1534235,1919,HR42,4,Passed,2021-11-17,"Trott, Mayor Jim; outstanding public service; commend","A RESOLUTION recognizing and commending Mayor Jim Trott on his outstanding public service; and for other purposes.",0,,2021-11-17,"House Read and Adopted",https://legiscan.com/GA/bill/HR42/2021/X1,https://www.legis.ga.gov/legislation/60996
1534591,1919,HR43,4,Passed,2021-11-19,"Thomas, Sam; condolences","A RESOLUTION honoring the life and memory of Sam Thomas; and for other purposes.",0,,2021-11-19,"House Read and Adopted",https://legiscan.com/GA/bill/HR43/2021/X1,https://www.legis.ga.gov/legislation/61011
1534588,1919,HR44,4,Passed,2021-11-19,"Shuman, Beautine Elouise (Law); condolences","A RESOLUTION honoring the life and memory of Beautine Elouise (Law) Shuman; and for other purposes.",0,,2021-11-19,"House Read and Adopted",https://legiscan.com/GA/bill/HR44/2021/X1,https://www.legis.ga.gov/legislation/61012
1534575,1919,HR45,4,Passed,2021-11-19,"Ballard-Washington, Kimberly; commend","A RESOLUTION recognizing and commending Kimberly Ballard-Washington; and for other purposes.",0,,2021-11-19,"House Read and Adopted",https://legiscan.com/GA/bill/HR45/2021/X1,https://www.legis.ga.gov/legislation/61013
1534586,1919,HR46,4,Passed,2021-11-19,"National Museum of the Mighty Eighth Air Force; 25th anniversary; commemorate","A RESOLUTION commemorating the 25th anniversary of the National Museum of the Mighty Eighth Air Force; and for other purposes.",0,,2021-11-19,"House Read and Adopted",https://legiscan.com/GA/bill/HR46/2021/X1,https://www.legis.ga.gov/legislation/61014
1534580,1919,HR47,4,Passed,2021-11-19,"Honore'; Darold Peter, III; commend","A RESOLUTION commending and congratulating Darold Peter Honore' III; and for other purposes.",0,,2021-11-19,"House Read and Adopted",https://legiscan.com/GA/bill/HR47/2021/X1,https://www.legis.ga.gov/legislation/61015
1534589,1919,HR48,4,Passed,2021-11-19,"Matthews-Coaxum, Mrs.; work in public education; acknowledge","A RESOLUTION acknowledging Mrs. Matthews-Coaxum for her work in public education; and for other purposes.",0,,2021-11-19,"House Read and Adopted",https://legiscan.com/GA/bill/HR48/2021/X1,https://www.legis.ga.gov/legislation/61016
1534578,1919,HR49,4,Passed,2021-11-19,"Jones, Miss Karen P.; commend","A RESOLUTION recognizing and commending Miss Karen P. Jones; and for other purposes.",0,,2021-11-19,"House Read and Adopted",https://legiscan.com/GA/bill/HR49/2021/X1,https://www.legis.ga.gov/legislation/61017
1534572,1919,HR50,4,Passed,2021-11-19,"Monroe Bicentennial Celebration Day; November 30, 2021; recognize","A RESOLUTION recognizing November 30, 2021, as Monroe Bicentennial Celebration Day; and for other purposes.",0,,2021-11-19,"House Read and Adopted",https://legiscan.com/GA/bill/HR50/2021/X1,https://www.legis.ga.gov/legislation/61018
1534585,1919,HR51,4,Passed,2021-11-19,"Vietnam era and Vietnam War veterans and their families; commend","A RESOLUTION commending all Vietnam era and Vietnam War veterans and their families; and for other purposes.",0,,2021-11-19,"House Read and Adopted",https://legiscan.com/GA/bill/HR51/2021/X1,https://www.legis.ga.gov/legislation/61019
1534567,1919,HR52,4,Passed,2021-11-19,"Grizzard, Timothy C .; commend","A RESOLUTION recognizing and commending Timothy C. Grizzard; and for other purposes.",0,,2021-11-19,"House Read and Adopted",https://legiscan.com/GA/bill/HR52/2021/X1,https://www.legis.ga.gov/legislation/61020
1534597,1919,HR53,4,Passed,2021-11-20,"Langford, Michael; condolences","A RESOLUTION honoring the life and memory of Michael Langford; and for other purposes.",0,,2021-11-20,"House Read and Adopted",https://legiscan.com/GA/bill/HR53/2021/X1,https://www.legis.ga.gov/legislation/61023
1534596,1919,HR54,4,Passed,2021-11-20,"African Methodist Episcopal Church 6th District Alzheimer's Awareness Purple Sunday; November 14, 2021; recognize","A RESOLUTION recognizing November 14, 2021, as African Methodist Episcopal Church 6th District Alzheimer's Awareness Purple Sunday; and for other purposes.",0,,2021-11-20,"House Read and Adopted",https://legiscan.com/GA/bill/HR54/2021/X1,https://www.legis.ga.gov/legislation/61024
1534729,1919,HR55,4,Passed,2021-11-22,"Johnson, Colonel Joe Slade, Jr.; condolences","A RESOLUTION honoring the life and memory of Colonel Joe Slade Johnson, Jr.; and for other purposes.",0,,2021-11-22,"House Read and Adopted",https://legiscan.com/GA/bill/HR55/2021/X1,https://www.legis.ga.gov/legislation/61035
1534737,1919,HR56,4,Passed,2021-11-22,"Faircloth, Jimmy; condolences","A RESOLUTION honoring the life and memory of Jimmy Faircloth; and for other purposes.",0,,2021-11-22,"House Read and Adopted",https://legiscan.com/GA/bill/HR56/2021/X1,https://www.legis.ga.gov/legislation/61036
1534732,1919,HR57,4,Passed,2021-11-22,"McConnell, Levis Aldine, L.A., ""Buster"", Jr.; condolences","A RESOLUTION honoring the life and memory of Levis Aldine, L.A., ""Buster"" McConnell Jr.; and for other purposes.",0,,2021-11-22,"House Read and Adopted",https://legiscan.com/GA/bill/HR57/2021/X1,https://www.legis.ga.gov/legislation/61037
1534739,1919,HR58,4,Passed,2021-11-22,"Dorman, Mary Ella; 102 years of age; commend","A RESOLUTION honoring and celebrating the life of Mary Ella Dorman for the grand occasion of reaching 102 years of age; and for other purposes.",0,,2021-11-22,"House Read and Adopted",https://legiscan.com/GA/bill/HR58/2021/X1,https://www.legis.ga.gov/legislation/61038
1534728,1919,HR59,4,Passed,2021-11-22,"Robinson, Marlene Pearl; condolences","A RESOLUTION honoring the life and memory of Marlene Pearl Robinson; and for other purposes.",0,,2021-11-22,"House Read and Adopted",https://legiscan.com/GA/bill/HR59/2021/X1,https://www.legis.ga.gov/legislation/61039
1534730,1919,HR60,4,Passed,2021-11-22,"Wright, Gina; Georgia General Assembly Legislative and Congressional Reapportionment Office staff; commend","A RESOLUTION commending Gina Wright and the staff of the Georgia General Assembly Legislative and Congressional Reapportionment Office; and for other purposes.",0,,2021-11-22,"House Read and Adopted",https://legiscan.com/GA/bill/HR60/2021/X1,https://www.legis.ga.gov/legislation/61040
1534736,1919,HR61,4,Passed,2021-11-22,"Boggs, Larry B.; commend","A RESOLUTION recognizing and commending Larry B. Boggs; and for other purposes.",0,,2021-11-22,"House Read and Adopted",https://legiscan.com/GA/bill/HR61/2021/X1,https://www.legis.ga.gov/legislation/61041
1534735,1919,HR62,4,Passed,2021-11-22,"Republic of China (Taiwan) in the International Criminal Police Organization (INTERPOL); support inclusion","A RESOLUTION supporting the inclusion of the Republic of China (Taiwan) in the International Criminal Police Organization (INTERPOL); and for other purposes.",0,,2021-11-22,"House Read and Adopted",https://legiscan.com/GA/bill/HR62/2021/X1,https://www.legis.ga.gov/legislation/61042
1534727,1919,HR63,4,Passed,2021-11-22,"Trans Day of Remembrance; November 20, 2021; recognize","A RESOLUTION recognizing November 20, 2021, as Trans Day of Remembrance; and for other purposes.",0,,2021-11-22,"House Read and Adopted",https://legiscan.com/GA/bill/HR63/2021/X1,https://www.legis.ga.gov/legislation/61043
1534740,1919,HR64,4,Passed,2021-11-22,"United Way of Toombs, Montgomery, and Wheeler Counties; commend","A RESOLUTION recognizing and commending the United Way of Toombs, Montgomery, and Wheeler Counties; and for other purposes.",0,,2021-11-22,"House Read and Adopted",https://legiscan.com/GA/bill/HR64/2021/X1,https://www.legis.ga.gov/legislation/61044
1534726,1919,HR65,4,Passed,2021-11-22,"Scouts BSA Troop 29; Benjamin Ackerman, Blythe Kidwell, and Amelia Sharp; commend","A RESOLUTION commending scouts of Scouts BSA Troop 29, to wit Benjamin Ackerman, Blythe Kidwell, and Amelia Sharp; and for other purposes.",0,,2021-11-22,"House Read and Adopted",https://legiscan.com/GA/bill/HR65/2021/X1,https://www.legis.ga.gov/legislation/61045
1534733,1919,HR66,4,Passed,2021-11-22,"Jackson, Johnny Denise; commend","A RESOLUTION recognizing and commending Johnny Denise Jackson; and for other purposes.",0,,2021-11-22,"House Read and Adopted",https://legiscan.com/GA/bill/HR66/2021/X1,https://www.legis.ga.gov/legislation/61046
1534734,1919,HR67,4,Passed,2021-11-22,"Martin, Jameria; Toney Elementary School's 2020-2021 Teacher of the Year; commend","A RESOLUTION commending Jameria Martin for being named Toney Elementary School's 2020-2021 Teacher of the Year; and for other purposes.",0,,2021-11-22,"House Read and Adopted",https://legiscan.com/GA/bill/HR67/2021/X1,https://www.legis.ga.gov/legislation/61047
1534731,1919,HR68,4,Passed,2021-11-22,"Crittenden, Christy; Toney Elementary School's 2019 Teacher of the Year; commend","A RESOLUTION commending Christy Crittenden for being named Toney Elementary School's 2019 Teacher of the Year; and for other purposes.",0,,2021-11-22,"House Read and Adopted",https://legiscan.com/GA/bill/HR68/2021/X1,https://www.legis.ga.gov/legislation/61048
1534738,1919,HR69,4,Passed,2021-11-22,"Brown, Jennifer; Henry County Schools' 2021 Teacher of the Year; commend","A RESOLUTION commending Jennifer Brown for being named Henry County Schools' 2021 Teacher of the Year; and for other purposes.",0,,2021-11-22,"House Read and Adopted",https://legiscan.com/GA/bill/HR69/2021/X1,https://www.legis.ga.gov/legislation/61049
1532131,1919,SB1,3,Enrolled,2021-11-30,"""Georgia Senate Redistricting Act of 2021""; enact","A BILL to be entitled an Act to provide for the composition and number of state senatorial districts; to provide for a short title; to provide when members of the Senate elected shall take office; to provide for the continuation of present senatorial districts until a certain time; to provide that the provisions of this Act shall supersede and replace a districting plan and certain changes thereto; to provide for related matters; to provide an effective date; to repeal specific Acts; to repeal conflicting laws; and for other purposes.",0,,2021-11-30,"Senate Sent to Governor",https://legiscan.com/GA/bill/SB1/2021/X1,https://www.legis.ga.gov/legislation/60894
1532130,1919,SB2,3,Enrolled,2021-11-30,"""Georgia Congressional Redistricting Act""; enact","A BILL to be entitled an Act to provide for the composition and number of congressional districts; to provide for a short title; to provide when such representatives shall take office; to provide for continuation of present congressional districts until a certain time; to provide for related matters; to provide an effective date; to repeal a specific Act; to repeal conflicting laws; and for other purposes.",0,,2021-11-30,"Senate Sent to Governor",https://legiscan.com/GA/bill/SB2/2021/X1,https://www.legis.ga.gov/legislation/60895
1532142,1919,SB3,1,Introduced,2021-11-03,"""Georgia Congressional Redistricting Act of 2021""; enact","A BILL to be entitled an Act to provide for the composition and number of congressional districts; to provide for a short title; to provide when such representatives shall take office; to provide for continuation of present congressional districts until a certain time; to provide for related matters; to provide an effective date; to repeal a specific Act; to repeal conflicting laws; and for other purposes.",623,"Senate Reapportionment and Redistricting",2021-11-04,"Senate Read and Referred",https://legiscan.com/GA/bill/SB3/2021/X1,https://www.legis.ga.gov/legislation/60905
1532133,1919,SB4,1,Introduced,2021-11-03,"""Georgia Senate Redistricting Act of 2021""; enact","A BILL to be entitled an Act to provide for the composition and number of state senatorial districts; to provide for a short title; to provide when members of the Senate elected shall take office; to provide for the continuation of present senatorial districts until a certain time; to provide that the provisions of this Act shall supersede and replace a districting plan and certain changes thereto; to provide for related matters; to provide an effective date; to repeal specific Acts; to repeal conflicting laws; and for other purposes.",623,"Senate Reapportionment and Redistricting",2021-11-04,"Senate Read and Referred",https://legiscan.com/GA/bill/SB4/2021/X1,https://www.legis.ga.gov/legislation/60906
1532594,1919,SB5,1,Introduced,2021-11-08,"Gwinnett County; board of education; education district boundaries; revise","A BILL to be entitled an Act to amend an Act relating to education districts for the election of members of the Board of Education of Gwinnett County, approved April 7, 1972 (Ga. L. 1972, p. 4058), as amended, particularly by an Act approved September 21, 2011 (Ga. L. 2011 Ex. Sess., p. 402), so as to revise the education district boundaries; to define certain terms; to provide that future elections for members of the board of education shall be nonpartisan; to provide for related matters; to repeal conflicting laws; and for other purposes.",0,,2021-11-16,"Senate Recommitted",https://legiscan.com/GA/bill/SB5/2021/X1,https://www.legis.ga.gov/legislation/60921
1532596,1919,SB6,1,Introduced,2021-11-08,"Gwinnett County; board of commissioners; reconstitute","A BILL to be entitled an Act to amend an Act creating the Board of Commissioners of Gwinnett County, approved January 31, 1968 (Ga. L. 1968, p. 2003), as amended, particularly by an Act approved March 24, 1988 (Ga. L. 1988, p. 4658), an Act approved April 1, 1994 (Ga. L. 1994, p. 4497), and by an Act approved September 21, 2011 (Ga. L. 2011 Ex. Sess., p. 296), so as to reconstitute the board of commissioners; to provide for five additional districts; to provide for election and terms of office of subsequent members; to provide for related matters; to provide for effective dates; to repeal conflicting laws; and for other purposes.",0,,2021-11-16,"Senate Recommitted",https://legiscan.com/GA/bill/SB6/2021/X1,https://www.legis.ga.gov/legislation/60923
1532140,1919,SR1,2,Engrossed,2021-11-03,"Senate Rules; adopt","A RESOLUTION adopting the Rules of the Georgia Senate for the 2021 special session of the General Assembly of Georgia; and for other purposes.",0,,2021-11-03,"Senate Passed/Adopted",https://legiscan.com/GA/bill/SR1/2021/X1,https://www.legis.ga.gov/legislation/60891
1532128,1919,SR2,4,Passed,2021-11-03,"Senate Convened; notify House of Representatives","A RESOLUTION to notify the House of Representatives that the Senate has convened; and for other purposes.",0,,2021-11-03,"Senate Read and Adopted",https://legiscan.com/GA/bill/SR2/2021/X1,https://www.legis.ga.gov/legislation/60892
1532136,1919,SR3,4,Passed,2021-11-03,"General Assembly Convened; notify the Governor","A RESOLUTION to notify the Governor that the General Assembly has convened; and for other purposes.",0,,2021-11-03,"House Read and Adopted",https://legiscan.com/GA/bill/SR3/2021/X1,https://www.legis.ga.gov/legislation/60893
1532137,1919,SR4,2,Engrossed,2021-11-10,"Atlanta Braves; recognize","A RESOLUTION recognizing and commending the Atlanta Braves; and for other purposes.",0,,2021-11-10,"Senate Passed/Adopted By Substitute",https://legiscan.com/GA/bill/SR4/2021/X1,https://www.legis.ga.gov/legislation/60896
1532134,1919,SR5,2,Engrossed,2021-11-10,"Governor Brian P. Kemp's Executive Order; suspending the collection of motor fuel and diesel fuel taxes; ratify","A RESOLUTION ratifying Governor Brian P. Kemp's Executive Order Nos. 05.10.21.02, 05.14.21.01, 05.21.21.01, and 05.28.21.03 suspending the collection of motor fuel and diesel fuel taxes; and for other purposes.",603,"House Ways and Means",2021-11-12,"House Second Readers",https://legiscan.com/GA/bill/SR5/2021/X1,https://www.legis.ga.gov/legislation/60904
1532265,1919,SR6,4,Passed,2021-11-05,"James, Representative Lynmore; condolences","A RESOLUTION honoring the life and memory of Representative Lynmore James; and for other purposes.",0,,2021-11-05,"Senate Read and Adopted",https://legiscan.com/GA/bill/SR6/2021/X1,https://www.legis.ga.gov/legislation/60913
1532325,1919,SR7,4,Passed,2021-11-05,"The Atlanta Braves; congratulate","A RESOLUTION congratulating the Atlanta Braves; and for other purposes.",0,,2021-11-05,"Senate Read and Adopted",https://legiscan.com/GA/bill/SR7/2021/X1,https://www.legis.ga.gov/legislation/60914
1532422,1919,SR8,4,Passed,2021-11-08,"Moore, Jovita; condolences","A RESOLUTION honoring the life and memory of Jovita Moore; and for other purposes.",0,,2021-11-08,"Senate Read and Adopted",https://legiscan.com/GA/bill/SR8/2021/X1,https://www.legis.ga.gov/legislation/60916
1532600,1919,SR9,4,Passed,2021-11-09,"Diwali; celebrate","A RESOLUTION celebrating Diwali; and for other purposes.",0,,2021-11-09,"Senate Read and Adopted",https://legiscan.com/GA/bill/SR9/2021/X1,https://www.legis.ga.gov/legislation/60917
1532595,1919,SR10,4,Passed,2021-11-09,"Hemmerly, Scott William; condolences","A RESOLUTION honoring the life and memory of Scott William Hemmerly; and for other purposes.",0,,2021-11-09,"Senate Read and Adopted",https://legiscan.com/GA/bill/SR10/2021/X1,https://www.legis.ga.gov/legislation/60922
1532838,1919,SR11,4,Passed,2021-11-10,"Bodker, Mayor Mike; recognize","A RESOLUTION recognizing and commending Mayor Mike Bodker; and for other purposes.",0,,2021-11-10,"Senate Read and Adopted",https://legiscan.com/GA/bill/SR11/2021/X1,https://www.legis.ga.gov/legislation/60924
1532831,1919,SR12,4,Passed,2021-11-10,"Knowles, Marjorie Fine; condolences","A RESOLUTION honoring the life and memory of Marjorie Fine Knowles; and for other purposes.",0,,2021-11-10,"Senate Read and Adopted",https://legiscan.com/GA/bill/SR12/2021/X1,https://www.legis.ga.gov/legislation/60925
1532797,1919,SR13,4,Passed,2021-11-10,"Montgomery, Renee; recognize","A RESOLUTION recognizing and commending Renee Montgomery; and for other purposes.",0,,2021-11-10,"Senate Read and Adopted",https://legiscan.com/GA/bill/SR13/2021/X1,https://www.legis.ga.gov/legislation/60926
1532824,1919,SR14,4,Passed,2021-11-10,"Katz, Ira; honoring","A RESOLUTION honoring Ira Katz; and for other purposes.",0,,2021-11-10,"Senate Read and Adopted",https://legiscan.com/GA/bill/SR14/2021/X1,https://www.legis.ga.gov/legislation/60927
1533057,1919,SR15,4,Passed,2021-11-12,"Bleckley County High School; commend","A RESOLUTION commending Bleckley County High School; and for other purposes.",0,,2021-11-12,"Senate Read and Adopted",https://legiscan.com/GA/bill/SR15/2021/X1,https://www.legis.ga.gov/legislation/60941
1533055,1919,SR16,4,Passed,2021-11-12,"Benton, Robin; recognize","A RESOLUTION recognizing and commending Robin Benton on her outstanding public service; and for other purposes.",0,,2021-11-12,"Senate Read and Adopted",https://legiscan.com/GA/bill/SR16/2021/X1,https://www.legis.ga.gov/legislation/60942
1533054,1919,SR17,4,Passed,2021-11-11,"Tolleson Jr., Senator Thorborn ""Ross""; condolences","A RESOLUTION honoring the life and memory of Senator Thorborn ""Ross"" Tolleson Jr.; and for other purposes.",0,,2021-11-11,"Senate Read and Adopted",https://legiscan.com/GA/bill/SR17/2021/X1,https://www.legis.ga.gov/legislation/60943
1533056,1919,SR18,4,Passed,2021-11-12,"Lockwood, Mayor Joe; recognize","A RESOLUTION recognizing and commending Mayor Joe Lockwood; and for other purposes.",0,,2021-11-12,"Senate Read and Adopted",https://legiscan.com/GA/bill/SR18/2021/X1,https://www.legis.ga.gov/legislation/60944
1533058,1919,SR19,4,Passed,2021-11-12,"Lower Muscogee Creek Tribe, the Cherokee of Georgia, and the Georgia Tribe of Eastern Cherokee; commend","A RESOLUTION commending the Lower Muscogee Creek Tribe, the Cherokee of Georgia, and the Georgia Tribe of Eastern Cherokee; and for other purposes.",0,,2021-11-12,"Senate Read and Adopted",https://legiscan.com/GA/bill/SR19/2021/X1,https://www.legis.ga.gov/legislation/60945
1533249,1919,SR20,4,Passed,2021-11-15,"Caldwell Jr., John F.; condolences","A RESOLUTION honoring the life and legacy of John F. Caldwell Jr.; and for other purposes.",0,,2021-11-15,"Senate Read and Adopted",https://legiscan.com/GA/bill/SR20/2021/X1,https://www.legis.ga.gov/legislation/60946
1533230,1919,SR21,4,Passed,2021-11-15,"Henriques, Mayor Donnie; recognize","A RESOLUTION recognizing and commending Mayor Donnie Henriques; and for other purposes.",0,,2021-11-15,"Senate Read and Adopted",https://legiscan.com/GA/bill/SR21/2021/X1,https://www.legis.ga.gov/legislation/60948
1533470,1919,SR22,4,Passed,2021-11-16,"Atlanta Braves; honoring","A RESOLUTION honoring the Atlanta Braves; and for other purposes.",0,,2021-11-16,"Senate Read and Adopted",https://legiscan.com/GA/bill/SR22/2021/X1,https://www.legis.ga.gov/legislation/60950
1533466,1919,SR23,4,Passed,2021-11-16,"Womack, Chris; commend","A RESOLUTION commending Chris Womack; and for other purposes.",0,,2021-11-16,"Senate Read and Adopted",https://legiscan.com/GA/bill/SR23/2021/X1,https://www.legis.ga.gov/legislation/60965
1533447,1919,SR24,4,Passed,2021-11-16,"Beville, Betty; recognize","A RESOLUTION recognizing and commending Betty Beville on her outstanding public service; and for other purposes.",0,,2021-11-16,"Senate Read and Adopted",https://legiscan.com/GA/bill/SR24/2021/X1,https://www.legis.ga.gov/legislation/60966
1533489,1919,SR25,4,Passed,2021-11-16,"Royale Cafe; recognize","A RESOLUTION recognizing and commending the Royal Cafe; and for other purposes.",0,,2021-11-16,"Senate Read and Adopted",https://legiscan.com/GA/bill/SR25/2021/X1,https://www.legis.ga.gov/legislation/60967
1533479,1919,SR26,4,Passed,2021-11-16,"Buchanan, Edgar; recognize","A RESOLUTION recognizing and commending Edgar Buchanan; and for other purposes.",0,,2021-11-16,"Senate Read and Adopted",https://legiscan.com/GA/bill/SR26/2021/X1,https://www.legis.ga.gov/legislation/60968
1533462,1919,SR27,4,Passed,2021-11-16,"Bussey, Mary Lee Hall; condolences","A RESOLUTION honoring the life and memory of Mary Lee Hall Bussey; and for other purposes.",0,,2021-11-16,"Senate Read and Adopted",https://legiscan.com/GA/bill/SR27/2021/X1,https://www.legis.ga.gov/legislation/60969
1533464,1919,SR28,4,Passed,2021-11-16,"McGill, Bishop Marshall S.; recognize","A RESOLUTION recognizing and commending Bishop Marshall S. McGill; and for other purposes.",0,,2021-11-16,"Senate Read and Adopted",https://legiscan.com/GA/bill/SR28/2021/X1,https://www.legis.ga.gov/legislation/60952
1533485,1919,SR29,4,Passed,2021-11-16,"Crocker Jr., Reverend Dr. Curtis; recognize","A RESOLUTION recognizing and commending Reverend Dr. Curtis Crocker Jr.; and for other purposes.",0,,2021-11-16,"Senate Read and Adopted",https://legiscan.com/GA/bill/SR29/2021/X1,https://www.legis.ga.gov/legislation/60953
1533472,1919,SR30,4,Passed,2021-11-16,"Malone, Dr. Thomas M.; commend","A RESOLUTION commending Dr. Thomas M. Malone; and for other purposes.",0,,2021-11-16,"Senate Read and Adopted",https://legiscan.com/GA/bill/SR30/2021/X1,https://www.legis.ga.gov/legislation/60954
1533453,1919,SR31,4,Passed,2021-11-16,"Alford, Pastor Bruce O.; recognize","A RESOLUTION recognizing and commending Pastor Bruce O. Alford; and for other purposes.",0,,2021-11-16,"Senate Read and Adopted",https://legiscan.com/GA/bill/SR31/2021/X1,https://www.legis.ga.gov/legislation/60955
1533468,1919,SR32,4,Passed,2021-11-16,"Lang, Sarah; commend","A RESOLUTION commending Sarah Lang; and for other purposes.",0,,2021-11-16,"Senate Read and Adopted",https://legiscan.com/GA/bill/SR32/2021/X1,https://www.legis.ga.gov/legislation/60956
1533459,1919,SR33,2,Engrossed,2021-11-19,"DuBose, Minister Edward O.; recognize","A RESOLUTION recognizing and commending Minister Edward O. DuBose; and for other purposes.",0,,2021-11-19,"Senate Passed/Adopted By Substitute",https://legiscan.com/GA/bill/SR33/2021/X1,https://www.legis.ga.gov/legislation/60957
1533487,1919,SR34,4,Passed,2021-11-16,"Flakes III, Reverend Dr. Johnny H.; recognize","A RESOLUTION recognizing and commending Reverend Dr. Johnny H. Flakes III; and for other purposes.",0,,2021-11-16,"Senate Read and Adopted",https://legiscan.com/GA/bill/SR34/2021/X1,https://www.legis.ga.gov/legislation/60958
1533477,1919,SR35,4,Passed,2021-11-16,"Huling, Reverend Dr. Ralph W.; recognize","A RESOLUTION recognizing and commending Reverend Dr. Ralph W. Huling; and for other purposes.",0,,2021-11-16,"Senate Read and Adopted",https://legiscan.com/GA/bill/SR35/2021/X1,https://www.legis.ga.gov/legislation/60960
1533449,1919,SR36,4,Passed,2021-11-16,"Willis, Michelle Taylor; commend","A RESOLUTION commending Michelle Taylor Willis; and for other purposes.",0,,2021-11-16,"Senate Read and Adopted",https://legiscan.com/GA/bill/SR36/2021/X1,https://www.legis.ga.gov/legislation/60970
1533819,1919,SR37,4,Passed,2021-11-17,"Fleck, Judith; condolences","A RESOLUTION honoring the life and memory of Judith Fleck; and for other purposes.",0,,2021-11-17,"Senate Read and Adopted",https://legiscan.com/GA/bill/SR37/2021/X1,https://www.legis.ga.gov/legislation/60972
1533820,1919,SR38,4,Passed,2021-11-17,"Russell, Lena Ledbetter; celebrate the birth","A RESOLUTION celebrating the birth of Lena Ledbetter Russell; and for other purposes.",0,,2021-11-17,"Senate Read and Adopted",https://legiscan.com/GA/bill/SR38/2021/X1,https://www.legis.ga.gov/legislation/60973
1533808,1919,SR39,4,Passed,2021-11-17,"Griswell, James Clifford ""Charley""; condolences","A RESOLUTION honoring the life and memory of James Clifford ""Charley"" Griswell; and for other purposes.",0,,2021-11-17,"Senate Read and Adopted",https://legiscan.com/GA/bill/SR39/2021/X1,https://www.legis.ga.gov/legislation/60980
1533817,1919,SR40,4,Passed,2021-11-17,"Hughes, LaSharn; condolences","A RESOLUTION honoring the life and memory of LaSharn Hughes; and for other purposes.",0,,2021-11-17,"Senate Read and Adopted",https://legiscan.com/GA/bill/SR40/2021/X1,https://www.legis.ga.gov/legislation/60981
1534292,1919,SR41,4,Passed,2021-11-18,"Ballard, Brian; commend","A RESOLUTION commending Brian Ballard; and for other purposes.",0,,2021-11-18,"Senate Read and Adopted",https://legiscan.com/GA/bill/SR41/2021/X1,https://www.legis.ga.gov/legislation/60982
1534227,1919,SR42,4,Passed,2021-11-18,"Bert Adams Scout Camp; recognize","A RESOLUTION recognizing and commending Bert Adams Scout Camp upon the occasion of its 61st anniversary in Covington, Georgia; and for other purposes.",0,,2021-11-18,"Senate Read and Adopted",https://legiscan.com/GA/bill/SR42/2021/X1,https://www.legis.ga.gov/legislation/60983
1534264,1919,SR43,4,Passed,2021-11-18,"Kaiser, Eric; condolences","A RESOLUTION honoring the life and memory of Eric Kaiser; and for other purposes.",0,,2021-11-18,"Senate Read and Adopted",https://legiscan.com/GA/bill/SR43/2021/X1,https://www.legis.ga.gov/legislation/60984
1534251,1919,SR44,4,Passed,2021-11-18,"Mack II Inc.; commemorating the 50th anniversary","A RESOLUTION commemorating the 50th anniversary of Mack Wilbourn establishing Mack II Inc. and recognizing his avid investment in the Atlanta business and nonprofit community; and for other purposes.",0,,2021-11-18,"Senate Read and Adopted",https://legiscan.com/GA/bill/SR44/2021/X1,https://www.legis.ga.gov/legislation/60985
1534272,1919,SR45,4,Passed,2021-11-18,"Gebbia Sr., Joseph; recognize","A RESOLUTION recognizing the service and accomplishments of Joseph Gebbia Sr., councilman and mayor pro tem of the City of Brookhaven, upon his retirement from the council; and for other purposes.",0,,2021-11-18,"Senate Read and Adopted",https://legiscan.com/GA/bill/SR45/2021/X1,https://www.legis.ga.gov/legislation/60997
1534231,1919,SR46,4,Passed,2021-11-18,"Stansell, Larry; recognize","A RESOLUTION recognizing and commending Larry Stansell; and for other purposes.",0,,2021-11-18,"Senate Read and Adopted",https://legiscan.com/GA/bill/SR46/2021/X1,https://www.legis.ga.gov/legislation/60998
1534367,1919,SR47,4,Passed,2021-11-19,"Smith, Pete; recognize","A RESOLUTION recognizing and commending Pete Smith; and for other purposes.",0,,2021-11-19,"Senate Read and Adopted",https://legiscan.com/GA/bill/SR47/2021/X1,https://www.legis.ga.gov/legislation/61001
1534369,1919,SR48,4,Passed,2021-11-19,"Adjournment; relative to","A RESOLUTION relative to meetings and adjournments of the General Assembly; and for other purposes.",0,,2021-11-19,"House Read and Adopted",https://legiscan.com/GA/bill/SR48/2021/X1,https://www.legis.ga.gov/legislation/61000
1534366,1919,SR49,4,Passed,2021-11-19,"Tippins, Laura Jane Taylor; celebrate the birth","A RESOLUTION celebrating the birth of Laura Jane Taylor Tippins; and for other purposes.",0,,2021-11-19,"Senate Read and Adopted",https://legiscan.com/GA/bill/SR49/2021/X1,https://www.legis.ga.gov/legislation/61002
1534368,1919,SR50,4,Passed,2021-11-19,"Boyd, Emma Jean; condolences","A RESOLUTION honoring the life and memory of Emma Jean Boyd; and for other purposes.",0,,2021-11-19,"Senate Read and Adopted",https://legiscan.com/GA/bill/SR50/2021/X1,https://www.legis.ga.gov/legislation/61003
1534370,1919,SR51,4,Passed,2021-11-19,"Dhanani, Aziz; recognize","A RESOLUTION recognizing and commending Aziz Dhanani; and for other purposes.",0,,2021-11-19,"Senate Read and Adopted",https://legiscan.com/GA/bill/SR51/2021/X1,https://www.legis.ga.gov/legislation/61004
1534566,1919,SR52,4,Passed,2021-11-19,"City of Helen; recognize","A RESOLUTION recognizing and commending the City of Helen; and for other purposes.",0,,2021-11-19,"Senate Read and Adopted",https://legiscan.com/GA/bill/SR52/2021/X1,https://www.legis.ga.gov/legislation/61005
1534583,1919,SR53,4,Passed,2021-11-19,"Marshall, Deputy Lena; condolences","A RESOLUTION honoring the life and memory of Deputy Lena Marshall; and for other purposes.",0,,2021-11-19,"Senate Read and Adopted",https://legiscan.com/GA/bill/SR53/2021/X1,https://www.legis.ga.gov/legislation/61006
1534577,1919,SR54,4,Passed,2021-11-19,"PMB Broadcasting LLC; commend","A RESOLUTION commending PMB Broadcasting LLC.; and for other purposes.",0,,2021-11-19,"Senate Read and Adopted",https://legiscan.com/GA/bill/SR54/2021/X1,https://www.legis.ga.gov/legislation/61007
1534570,1919,SR55,4,Passed,2021-11-19,"Youth Legislative Assembly Day; recognize November 30, 2021","A RESOLUTION recognizing November 30, 2021, as Youth Legislative Assembly Day at the state capitol; and for other purposes.",0,,2021-11-19,"Senate Read and Adopted",https://legiscan.com/GA/bill/SR55/2021/X1,https://www.legis.ga.gov/legislation/61008
1534581,1919,SR56,4,Passed,2021-11-19,"Glaize, LaMarcus Kwame; condolences","A RESOLUTION honoring the life and memory of LaMarcus Kwame Glaize; and for other purposes.",0,,2021-11-19,"Senate Read and Adopted",https://legiscan.com/GA/bill/SR56/2021/X1,https://www.legis.ga.gov/legislation/61009
1534569,1919,SR57,4,Passed,2021-11-19,"Harbison, Dr. Kamesha; recognize","A RESOLUTION recognizing and commending Dr. Kamesha Harbison; and for other purposes.",0,,2021-11-19,"Senate Read and Adopted",https://legiscan.com/GA/bill/SR57/2021/X1,https://www.legis.ga.gov/legislation/61010
1534573,1919,SR58,4,Passed,2021-11-19,"Langford, Michael; condolences","A RESOLUTION honoring the life and memory of Michael Langford; and for other purposes.",0,,2021-11-19,"Senate Read and Adopted",https://legiscan.com/GA/bill/SR58/2021/X1,https://www.legis.ga.gov/legislation/61022
