bill_id,document_id,document_type,document_size,document_mime,document_desc,url,state_link
1532141,2448007,text,13295,application/pdf,Introduced,https://legiscan.com/GA/text/HB1/id/2448007,https://www.legis.ga.gov/api/legislation/document/2021EX/202711
1532141,2448887,text,267119,application/pdf,"Comm Sub",https://legiscan.com/GA/text/HB1/id/2448887,https://www.legis.ga.gov/api/legislation/document/2021EX/202784
1532141,2449168,text,327850,application/pdf,"Comm Sub",https://legiscan.com/GA/text/HB1/id/2449168,https://www.legis.ga.gov/api/legislation/document/2021EX/202796
1532141,2449830,text,326506,application/pdf,Enrolled,https://legiscan.com/GA/text/HB1/id/2449830,https://www.legis.ga.gov/api/legislation/document/2021EX/202864
1532127,2447992,text,11746,application/pdf,Introduced,https://legiscan.com/GA/text/HB2/id/2447992,https://www.legis.ga.gov/api/legislation/document/2021EX/202712
1532138,2448004,text,96530,application/pdf,Introduced,https://legiscan.com/GA/text/HB3/id/2448004,https://www.legis.ga.gov/api/legislation/document/2021EX/202716
1532138,2450936,text,96766,application/pdf,Enrolled,https://legiscan.com/GA/text/HB3/id/2450936,https://www.legis.ga.gov/api/legislation/document/2021EX/203021
1532135,2448000,text,277597,application/pdf,Introduced,https://legiscan.com/GA/text/HB4/id/2448000,https://www.legis.ga.gov/api/legislation/document/2021EX/202717
1532132,2447997,text,96308,application/pdf,Introduced,https://legiscan.com/GA/text/HB5/id/2447997,https://www.legis.ga.gov/api/legislation/document/2021EX/202718
1532313,2448191,text,39445,application/pdf,Introduced,https://legiscan.com/GA/text/HB6/id/2448191,https://www.legis.ga.gov/api/legislation/document/2021EX/202733
1532313,2450939,text,39547,application/pdf,Enrolled,https://legiscan.com/GA/text/HB6/id/2450939,https://www.legis.ga.gov/api/legislation/document/2021EX/203022
1532597,2448580,text,13777,application/pdf,Introduced,https://legiscan.com/GA/text/HB7/id/2448580,https://www.legis.ga.gov/api/legislation/document/2021EX/202764
1532597,2451092,text,13818,application/pdf,Enrolled,https://legiscan.com/GA/text/HB7/id/2451092,https://www.legis.ga.gov/api/legislation/document/2021EX/203049
1532598,2448581,text,20249,application/pdf,Introduced,https://legiscan.com/GA/text/HB8/id/2448581,https://www.legis.ga.gov/api/legislation/document/2021EX/202765
1532598,2450941,text,20312,application/pdf,Enrolled,https://legiscan.com/GA/text/HB8/id/2450941,https://www.legis.ga.gov/api/legislation/document/2021EX/203023
1532599,2448582,text,10540,application/pdf,Introduced,https://legiscan.com/GA/text/HB9/id/2448582,https://www.legis.ga.gov/api/legislation/document/2021EX/202766
1532599,2450959,text,10569,application/pdf,Enrolled,https://legiscan.com/GA/text/HB9/id/2450959,https://www.legis.ga.gov/api/legislation/document/2021EX/203024
1532946,2449173,text,7060,application/pdf,Introduced,https://legiscan.com/GA/text/HB10/id/2449173,https://www.legis.ga.gov/api/legislation/document/2021EX/202816
1533474,2449820,text,10304,application/pdf,Introduced,https://legiscan.com/GA/text/HB11/id/2449820,https://www.legis.ga.gov/api/legislation/document/2021EX/202899
1532139,2448005,text,6502,application/pdf,Introduced,https://legiscan.com/GA/text/HR1/id/2448005,https://www.legis.ga.gov/api/legislation/document/2021EX/202708
1532129,2447994,text,10468,application/pdf,Introduced,https://legiscan.com/GA/text/HR2/id/2447994,https://www.legis.ga.gov/api/legislation/document/2021EX/202709
1532253,2448185,text,8891,application/pdf,Introduced,https://legiscan.com/GA/text/HR3/id/2448185,https://www.legis.ga.gov/api/legislation/document/2021EX/202728
1532337,2448194,text,8518,application/pdf,Introduced,https://legiscan.com/GA/text/HR4/id/2448194,https://www.legis.ga.gov/api/legislation/document/2021EX/202734
1532277,2448187,text,8926,application/pdf,Introduced,https://legiscan.com/GA/text/HR5/id/2448187,https://www.legis.ga.gov/api/legislation/document/2021EX/202735
1532301,2448190,text,9188,application/pdf,Introduced,https://legiscan.com/GA/text/HR6/id/2448190,https://www.legis.ga.gov/api/legislation/document/2021EX/202736
1532289,2448188,text,8940,application/pdf,Introduced,https://legiscan.com/GA/text/HR7/id/2448188,https://www.legis.ga.gov/api/legislation/document/2021EX/202737
1532423,2448315,text,8668,application/pdf,Introduced,https://legiscan.com/GA/text/HR8/id/2448315,https://www.legis.ga.gov/api/legislation/document/2021EX/202750
1532817,2448908,text,9435,application/pdf,Introduced,https://legiscan.com/GA/text/HR9/id/2448908,https://www.legis.ga.gov/api/legislation/document/2021EX/202802
1532804,2448904,text,9082,application/pdf,Introduced,https://legiscan.com/GA/text/HR10/id/2448904,https://www.legis.ga.gov/api/legislation/document/2021EX/202803
1532790,2448901,text,8707,application/pdf,Introduced,https://legiscan.com/GA/text/HR11/id/2448901,https://www.legis.ga.gov/api/legislation/document/2021EX/202804
1532811,2448906,text,8855,application/pdf,Introduced,https://legiscan.com/GA/text/HR12/id/2448906,https://www.legis.ga.gov/api/legislation/document/2021EX/202805
1532951,2449178,text,9170,application/pdf,Introduced,https://legiscan.com/GA/text/HR13/id/2449178,https://www.legis.ga.gov/api/legislation/document/2021EX/202826
1532952,2449179,text,8412,application/pdf,Introduced,https://legiscan.com/GA/text/HR14/id/2449179,https://www.legis.ga.gov/api/legislation/document/2021EX/202827
1532945,2449172,text,8387,application/pdf,Introduced,https://legiscan.com/GA/text/HR15/id/2449172,https://www.legis.ga.gov/api/legislation/document/2021EX/202828
1532947,2449174,text,8414,application/pdf,Introduced,https://legiscan.com/GA/text/HR16/id/2449174,https://www.legis.ga.gov/api/legislation/document/2021EX/202829
1532944,2449171,text,8506,application/pdf,Introduced,https://legiscan.com/GA/text/HR17/id/2449171,https://www.legis.ga.gov/api/legislation/document/2021EX/202830
1532948,2449175,text,8691,application/pdf,Introduced,https://legiscan.com/GA/text/HR18/id/2449175,https://www.legis.ga.gov/api/legislation/document/2021EX/202831
1532950,2449177,text,7981,application/pdf,Introduced,https://legiscan.com/GA/text/HR19/id/2449177,https://www.legis.ga.gov/api/legislation/document/2021EX/202832
1532949,2449176,text,8796,application/pdf,Introduced,https://legiscan.com/GA/text/HR20/id/2449176,https://www.legis.ga.gov/api/legislation/document/2021EX/202833
1533239,2449549,text,9055,application/pdf,Introduced,https://legiscan.com/GA/text/HR21/id/2449549,https://www.legis.ga.gov/api/legislation/document/2021EX/202862
1533455,2449811,text,11687,application/pdf,Introduced,https://legiscan.com/GA/text/HR22/id/2449811,https://www.legis.ga.gov/api/legislation/document/2021EX/202890
1533483,2449824,text,8481,application/pdf,Introduced,https://legiscan.com/GA/text/HR23/id/2449824,https://www.legis.ga.gov/api/legislation/document/2021EX/202894
1533451,2449809,text,9017,application/pdf,Introduced,https://legiscan.com/GA/text/HR24/id/2449809,https://www.legis.ga.gov/api/legislation/document/2021EX/202895
1533481,2449823,text,9003,application/pdf,Introduced,https://legiscan.com/GA/text/HR25/id/2449823,https://www.legis.ga.gov/api/legislation/document/2021EX/202897
1533457,2449812,text,8764,application/pdf,Introduced,https://legiscan.com/GA/text/HR26/id/2449812,https://www.legis.ga.gov/api/legislation/document/2021EX/202901
1533812,2450284,text,8423,application/pdf,Introduced,https://legiscan.com/GA/text/HR27/id/2450284,https://www.legis.ga.gov/api/legislation/document/2021EX/202957
1533810,2450282,text,8734,application/pdf,Introduced,https://legiscan.com/GA/text/HR28/id/2450282,https://www.legis.ga.gov/api/legislation/document/2021EX/202946
1533813,2450285,text,8585,application/pdf,Introduced,https://legiscan.com/GA/text/HR29/id/2450285,https://www.legis.ga.gov/api/legislation/document/2021EX/202947
1533818,2450290,text,8351,application/pdf,Introduced,https://legiscan.com/GA/text/HR30/id/2450290,https://www.legis.ga.gov/api/legislation/document/2021EX/202953
1533814,2450286,text,10238,application/pdf,Introduced,https://legiscan.com/GA/text/HR31/id/2450286,https://www.legis.ga.gov/api/legislation/document/2021EX/202948
1534276,2450780,text,8092,application/pdf,Introduced,https://legiscan.com/GA/text/HR32/id/2450780,https://www.legis.ga.gov/api/legislation/document/2021EX/202992
1534243,2450771,text,8777,application/pdf,Introduced,https://legiscan.com/GA/text/HR33/id/2450771,https://www.legis.ga.gov/api/legislation/document/2021EX/202993
1534239,2450770,text,8987,application/pdf,Introduced,https://legiscan.com/GA/text/HR34/id/2450770,https://www.legis.ga.gov/api/legislation/document/2021EX/202994
1534284,2450782,text,9054,application/pdf,Introduced,https://legiscan.com/GA/text/HR35/id/2450782,https://www.legis.ga.gov/api/legislation/document/2021EX/202995
1534247,2450772,text,8852,application/pdf,Introduced,https://legiscan.com/GA/text/HR36/id/2450772,https://www.legis.ga.gov/api/legislation/document/2021EX/202996
1534268,2450778,text,8870,application/pdf,Introduced,https://legiscan.com/GA/text/HR37/id/2450778,https://www.legis.ga.gov/api/legislation/document/2021EX/202997
1534280,2450781,text,9036,application/pdf,Introduced,https://legiscan.com/GA/text/HR38/id/2450781,https://www.legis.ga.gov/api/legislation/document/2021EX/202998
1534255,2450774,text,8335,application/pdf,Introduced,https://legiscan.com/GA/text/HR39/id/2450774,https://www.legis.ga.gov/api/legislation/document/2021EX/202999
1534288,2450783,text,8637,application/pdf,Introduced,https://legiscan.com/GA/text/HR40/id/2450783,https://www.legis.ga.gov/api/legislation/document/2021EX/203001
1534259,2450775,text,8824,application/pdf,Introduced,https://legiscan.com/GA/text/HR41/id/2450775,https://www.legis.ga.gov/api/legislation/document/2021EX/203002
1534235,2450769,text,8875,application/pdf,Introduced,https://legiscan.com/GA/text/HR42/id/2450769,https://www.legis.ga.gov/api/legislation/document/2021EX/203003
1534591,2451117,text,8897,application/pdf,Introduced,https://legiscan.com/GA/text/HR43/id/2451117,https://www.legis.ga.gov/api/legislation/document/2021EX/203082
1534588,2451115,text,10102,application/pdf,Introduced,https://legiscan.com/GA/text/HR44/id/2451115,https://www.legis.ga.gov/api/legislation/document/2021EX/203084
1534575,2451107,text,8685,application/pdf,Introduced,https://legiscan.com/GA/text/HR45/id/2451107,https://www.legis.ga.gov/api/legislation/document/2021EX/203086
1534586,2451114,text,9173,application/pdf,Introduced,https://legiscan.com/GA/text/HR46/id/2451114,https://www.legis.ga.gov/api/legislation/document/2021EX/203088
1534580,2451110,text,8617,application/pdf,Introduced,https://legiscan.com/GA/text/HR47/id/2451110,https://www.legis.ga.gov/api/legislation/document/2021EX/203090
1534589,2451116,text,10041,application/pdf,Introduced,https://legiscan.com/GA/text/HR48/id/2451116,https://www.legis.ga.gov/api/legislation/document/2021EX/203081
1534578,2451109,text,9986,application/pdf,Introduced,https://legiscan.com/GA/text/HR49/id/2451109,https://www.legis.ga.gov/api/legislation/document/2021EX/203083
1534572,2451105,text,8857,application/pdf,Introduced,https://legiscan.com/GA/text/HR50/id/2451105,https://www.legis.ga.gov/api/legislation/document/2021EX/203085
1534585,2451113,text,9226,application/pdf,Introduced,https://legiscan.com/GA/text/HR51/id/2451113,https://www.legis.ga.gov/api/legislation/document/2021EX/203087
1534567,2451102,text,9115,application/pdf,Introduced,https://legiscan.com/GA/text/HR52/id/2451102,https://www.legis.ga.gov/api/legislation/document/2021EX/203089
1534597,2451135,text,8403,application/pdf,Introduced,https://legiscan.com/GA/text/HR53/id/2451135,https://www.legis.ga.gov/api/legislation/document/2021EX/203108
1534596,2451134,text,9935,application/pdf,Introduced,https://legiscan.com/GA/text/HR54/id/2451134,https://www.legis.ga.gov/api/legislation/document/2021EX/203109
1534729,2451299,text,10076,application/pdf,Introduced,https://legiscan.com/GA/text/HR55/id/2451299,https://www.legis.ga.gov/api/legislation/document/2021EX/203149
1534737,2451307,text,8429,application/pdf,Introduced,https://legiscan.com/GA/text/HR56/id/2451307,https://www.legis.ga.gov/api/legislation/document/2021EX/203150
1534732,2451302,text,10174,application/pdf,Introduced,https://legiscan.com/GA/text/HR57/id/2451302,https://www.legis.ga.gov/api/legislation/document/2021EX/203151
1534739,2451309,text,8422,application/pdf,Introduced,https://legiscan.com/GA/text/HR58/id/2451309,https://www.legis.ga.gov/api/legislation/document/2021EX/203152
1534728,2451298,text,8809,application/pdf,Introduced,https://legiscan.com/GA/text/HR59/id/2451298,https://www.legis.ga.gov/api/legislation/document/2021EX/203153
1534730,2451300,text,10395,application/pdf,Introduced,https://legiscan.com/GA/text/HR60/id/2451300,https://www.legis.ga.gov/api/legislation/document/2021EX/203154
1534736,2451306,text,8813,application/pdf,Introduced,https://legiscan.com/GA/text/HR61/id/2451306,https://www.legis.ga.gov/api/legislation/document/2021EX/203155
1534735,2451305,text,10429,application/pdf,Introduced,https://legiscan.com/GA/text/HR62/id/2451305,https://www.legis.ga.gov/api/legislation/document/2021EX/203157
1534727,2451297,text,8687,application/pdf,Introduced,https://legiscan.com/GA/text/HR63/id/2451297,https://www.legis.ga.gov/api/legislation/document/2021EX/203159
1534740,2451310,text,8288,application/pdf,Introduced,https://legiscan.com/GA/text/HR64/id/2451310,https://www.legis.ga.gov/api/legislation/document/2021EX/203160
1534726,2451296,text,8725,application/pdf,Introduced,https://legiscan.com/GA/text/HR65/id/2451296,https://www.legis.ga.gov/api/legislation/document/2021EX/203161
1534733,2451303,text,8642,application/pdf,Introduced,https://legiscan.com/GA/text/HR66/id/2451303,https://www.legis.ga.gov/api/legislation/document/2021EX/203162
1534734,2451304,text,8839,application/pdf,Introduced,https://legiscan.com/GA/text/HR67/id/2451304,https://www.legis.ga.gov/api/legislation/document/2021EX/203163
1534731,2451301,text,8570,application/pdf,Introduced,https://legiscan.com/GA/text/HR68/id/2451301,https://www.legis.ga.gov/api/legislation/document/2021EX/203164
1534738,2451308,text,8417,application/pdf,Introduced,https://legiscan.com/GA/text/HR69/id/2451308,https://www.legis.ga.gov/api/legislation/document/2021EX/203165
1532131,2447996,text,12244,application/pdf,Introduced,https://legiscan.com/GA/text/SB1/id/2447996,https://www.legis.ga.gov/api/legislation/document/2021EX/202699
1532131,2448895,text,98461,application/pdf,Introduced,https://legiscan.com/GA/text/SB1/id/2448895,https://www.legis.ga.gov/api/legislation/document/2021EX/202786
1532131,2448316,text,119338,application/pdf,"Comm Sub",https://legiscan.com/GA/text/SB1/id/2448316,https://www.legis.ga.gov/api/legislation/document/2021EX/202757
1532131,2448896,text,151337,application/pdf,Engrossed,https://legiscan.com/GA/text/SB1/id/2448896,https://www.legis.ga.gov/api/legislation/document/2021EX/202797
1532131,2449873,text,150383,application/pdf,Enrolled,https://legiscan.com/GA/text/SB1/id/2449873,https://www.legis.ga.gov/api/legislation/document/2021EX/202935
1532130,2447995,text,11892,application/pdf,Introduced,https://legiscan.com/GA/text/SB2/id/2447995,https://www.legis.ga.gov/api/legislation/document/2021EX/202700
1532130,2451008,text,81700,application/pdf,"Comm Sub",https://legiscan.com/GA/text/SB2/id/2451008,https://www.legis.ga.gov/api/legislation/document/2021EX/203026
1532130,2451091,text,85125,application/pdf,Engrossed,https://legiscan.com/GA/text/SB2/id/2451091,https://www.legis.ga.gov/api/legislation/document/2021EX/203057
1532130,2451312,text,84561,application/pdf,Enrolled,https://legiscan.com/GA/text/SB2/id/2451312,https://www.legis.ga.gov/api/legislation/document/2021EX/203133
1532142,2448008,text,96566,application/pdf,Introduced,https://legiscan.com/GA/text/SB3/id/2448008,https://www.legis.ga.gov/api/legislation/document/2021EX/202724
1532133,2447998,text,125758,application/pdf,Introduced,https://legiscan.com/GA/text/SB4/id/2447998,https://www.legis.ga.gov/api/legislation/document/2021EX/202725
1532594,2448576,text,23827,application/pdf,Introduced,https://legiscan.com/GA/text/SB5/id/2448576,https://www.legis.ga.gov/api/legislation/document/2021EX/202770
1532596,2448578,text,26212,application/pdf,Introduced,https://legiscan.com/GA/text/SB6/id/2448578,https://www.legis.ga.gov/api/legislation/document/2021EX/202778
1532140,2448006,text,17963,application/pdf,Introduced,https://legiscan.com/GA/text/SR1/id/2448006,https://www.legis.ga.gov/api/legislation/document/2021EX/202694
1532140,2449186,text,17989,application/pdf,Enrolled,https://legiscan.com/GA/text/SR1/id/2449186,https://www.legis.ga.gov/api/legislation/document/2021EX/202810
1532128,2447993,text,6619,application/pdf,Introduced,https://legiscan.com/GA/text/SR2/id/2447993,https://www.legis.ga.gov/api/legislation/document/2021EX/202695
1532128,2449576,text,6730,application/pdf,Enrolled,https://legiscan.com/GA/text/SR2/id/2449576,https://www.legis.ga.gov/api/legislation/document/2021EX/202811
1532136,2448001,text,6763,application/pdf,Introduced,https://legiscan.com/GA/text/SR3/id/2448001,https://www.legis.ga.gov/api/legislation/document/2021EX/202696
1532136,2448002,text,6868,application/pdf,Enrolled,https://legiscan.com/GA/text/SR3/id/2448002,https://www.legis.ga.gov/api/legislation/document/2021EX/202710
1532137,2448561,text,8133,application/pdf,"Comm Sub",https://legiscan.com/GA/text/SR4/id/2448561,https://www.legis.ga.gov/api/legislation/document/2021EX/202776
1532137,2448003,text,8722,application/pdf,Enrolled,https://legiscan.com/GA/text/SR4/id/2448003,https://www.legis.ga.gov/api/legislation/document/2021EX/202702
1532137,2449167,text,8702,application/pdf,Enrolled,https://legiscan.com/GA/text/SR4/id/2449167,https://www.legis.ga.gov/api/legislation/document/2021EX/202814
1532134,2447999,text,8954,application/pdf,Introduced,https://legiscan.com/GA/text/SR5/id/2447999,https://www.legis.ga.gov/api/legislation/document/2021EX/202720
1532134,2449164,text,9050,application/pdf,Enrolled,https://legiscan.com/GA/text/SR5/id/2449164,https://www.legis.ga.gov/api/legislation/document/2021EX/202815
1532265,2448186,text,8803,application/pdf,Enrolled,https://legiscan.com/GA/text/SR6/id/2448186,https://www.legis.ga.gov/api/legislation/document/2021EX/202744
1532325,2448193,text,8473,application/pdf,Enrolled,https://legiscan.com/GA/text/SR7/id/2448193,https://www.legis.ga.gov/api/legislation/document/2021EX/202747
1532422,2448314,text,9133,application/pdf,Enrolled,https://legiscan.com/GA/text/SR8/id/2448314,https://www.legis.ga.gov/api/legislation/document/2021EX/202753
1532600,2448583,text,8658,application/pdf,Enrolled,https://legiscan.com/GA/text/SR9/id/2448583,https://www.legis.ga.gov/api/legislation/document/2021EX/202759
1532595,2448577,text,8668,application/pdf,Enrolled,https://legiscan.com/GA/text/SR10/id/2448577,https://www.legis.ga.gov/api/legislation/document/2021EX/202773
1532838,2448916,text,8769,application/pdf,Enrolled,https://legiscan.com/GA/text/SR11/id/2448916,https://www.legis.ga.gov/api/legislation/document/2021EX/202781
1532831,2448913,text,10583,application/pdf,Enrolled,https://legiscan.com/GA/text/SR12/id/2448913,https://www.legis.ga.gov/api/legislation/document/2021EX/202788
1532797,2448903,text,8814,application/pdf,Enrolled,https://legiscan.com/GA/text/SR13/id/2448903,https://www.legis.ga.gov/api/legislation/document/2021EX/202791
1532824,2448909,text,8653,application/pdf,Enrolled,https://legiscan.com/GA/text/SR14/id/2448909,https://www.legis.ga.gov/api/legislation/document/2021EX/202794
1533057,2449326,text,8418,application/pdf,Enrolled,https://legiscan.com/GA/text/SR15/id/2449326,https://www.legis.ga.gov/api/legislation/document/2021EX/202843
1533055,2449324,text,8186,application/pdf,Enrolled,https://legiscan.com/GA/text/SR16/id/2449324,https://www.legis.ga.gov/api/legislation/document/2021EX/202852
1533054,2449323,text,9238,application/pdf,Enrolled,https://legiscan.com/GA/text/SR17/id/2449323,https://www.legis.ga.gov/api/legislation/document/2021EX/202847
1533056,2449325,text,9906,application/pdf,Enrolled,https://legiscan.com/GA/text/SR18/id/2449325,https://www.legis.ga.gov/api/legislation/document/2021EX/202849
1533058,2449327,text,11704,application/pdf,Enrolled,https://legiscan.com/GA/text/SR19/id/2449327,https://www.legis.ga.gov/api/legislation/document/2021EX/202855
1533249,2449553,text,9959,application/pdf,Enrolled,https://legiscan.com/GA/text/SR20/id/2449553,https://www.legis.ga.gov/api/legislation/document/2021EX/202858
1533230,2449547,text,9196,application/pdf,Enrolled,https://legiscan.com/GA/text/SR21/id/2449547,https://www.legis.ga.gov/api/legislation/document/2021EX/202866
1533470,2449818,text,8422,application/pdf,Enrolled,https://legiscan.com/GA/text/SR22/id/2449818,https://www.legis.ga.gov/api/legislation/document/2021EX/202871
1533466,2449816,text,8417,application/pdf,Enrolled,https://legiscan.com/GA/text/SR23/id/2449816,https://www.legis.ga.gov/api/legislation/document/2021EX/202906
1533447,2449807,text,8663,application/pdf,Enrolled,https://legiscan.com/GA/text/SR24/id/2449807,https://www.legis.ga.gov/api/legislation/document/2021EX/202911
1533489,2449827,text,7895,application/pdf,Enrolled,https://legiscan.com/GA/text/SR25/id/2449827,https://www.legis.ga.gov/api/legislation/document/2021EX/202912
1533479,2449822,text,8292,application/pdf,Enrolled,https://legiscan.com/GA/text/SR26/id/2449822,https://www.legis.ga.gov/api/legislation/document/2021EX/202914
1533462,2449814,text,8927,application/pdf,Enrolled,https://legiscan.com/GA/text/SR27/id/2449814,https://www.legis.ga.gov/api/legislation/document/2021EX/202915
1533464,2449815,text,8746,application/pdf,Enrolled,https://legiscan.com/GA/text/SR28/id/2449815,https://www.legis.ga.gov/api/legislation/document/2021EX/202893
1533485,2449825,text,8585,application/pdf,Enrolled,https://legiscan.com/GA/text/SR29/id/2449825,https://www.legis.ga.gov/api/legislation/document/2021EX/202898
1533472,2449819,text,8138,application/pdf,Enrolled,https://legiscan.com/GA/text/SR30/id/2449819,https://www.legis.ga.gov/api/legislation/document/2021EX/202902
1533453,2449810,text,8746,application/pdf,Enrolled,https://legiscan.com/GA/text/SR31/id/2449810,https://www.legis.ga.gov/api/legislation/document/2021EX/202904
1533468,2449817,text,8652,application/pdf,Enrolled,https://legiscan.com/GA/text/SR32/id/2449817,https://www.legis.ga.gov/api/legislation/document/2021EX/202907
1533459,2450932,text,8465,application/pdf,"Comm Sub",https://legiscan.com/GA/text/SR33/id/2450932,https://www.legis.ga.gov/api/legislation/document/2021EX/203047
1533459,2449813,text,8875,application/pdf,Enrolled,https://legiscan.com/GA/text/SR33/id/2449813,https://www.legis.ga.gov/api/legislation/document/2021EX/202909
1533459,2451100,text,8890,application/pdf,Enrolled,https://legiscan.com/GA/text/SR33/id/2451100,https://www.legis.ga.gov/api/legislation/document/2021EX/203069
1533487,2449826,text,8639,application/pdf,Enrolled,https://legiscan.com/GA/text/SR34/id/2449826,https://www.legis.ga.gov/api/legislation/document/2021EX/202916
1533477,2449821,text,8460,application/pdf,Enrolled,https://legiscan.com/GA/text/SR35/id/2449821,https://www.legis.ga.gov/api/legislation/document/2021EX/202918
1533449,2449808,text,9081,application/pdf,Enrolled,https://legiscan.com/GA/text/SR36/id/2449808,https://www.legis.ga.gov/api/legislation/document/2021EX/202931
1533819,2450291,text,8838,application/pdf,Enrolled,https://legiscan.com/GA/text/SR37/id/2450291,https://www.legis.ga.gov/api/legislation/document/2021EX/202938
1533820,2450292,text,8178,application/pdf,Enrolled,https://legiscan.com/GA/text/SR38/id/2450292,https://www.legis.ga.gov/api/legislation/document/2021EX/202941
1533808,2450280,text,9120,application/pdf,Enrolled,https://legiscan.com/GA/text/SR39/id/2450280,https://www.legis.ga.gov/api/legislation/document/2021EX/202952
1533817,2450289,text,8672,application/pdf,Enrolled,https://legiscan.com/GA/text/SR40/id/2450289,https://www.legis.ga.gov/api/legislation/document/2021EX/202964
1534292,2450784,text,8678,application/pdf,Enrolled,https://legiscan.com/GA/text/SR41/id/2450784,https://www.legis.ga.gov/api/legislation/document/2021EX/202969
1534227,2450767,text,8250,application/pdf,Enrolled,https://legiscan.com/GA/text/SR42/id/2450767,https://www.legis.ga.gov/api/legislation/document/2021EX/202971
1534264,2450777,text,8848,application/pdf,Enrolled,https://legiscan.com/GA/text/SR43/id/2450777,https://www.legis.ga.gov/api/legislation/document/2021EX/202973
1534251,2450773,text,9847,application/pdf,Enrolled,https://legiscan.com/GA/text/SR44/id/2450773,https://www.legis.ga.gov/api/legislation/document/2021EX/202978
1534272,2450779,text,11105,application/pdf,Enrolled,https://legiscan.com/GA/text/SR45/id/2450779,https://www.legis.ga.gov/api/legislation/document/2021EX/203017
1534231,2450768,text,8155,application/pdf,Enrolled,https://legiscan.com/GA/text/SR46/id/2450768,https://www.legis.ga.gov/api/legislation/document/2021EX/203019
1534367,2450945,text,8391,application/pdf,Enrolled,https://legiscan.com/GA/text/SR47/id/2450945,https://www.legis.ga.gov/api/legislation/document/2021EX/203035
1534369,2450947,text,10579,application/pdf,Enrolled,https://legiscan.com/GA/text/SR48/id/2450947,https://www.legis.ga.gov/api/legislation/document/2021EX/203031
1534369,2450948,text,10688,application/pdf,Enrolled,https://legiscan.com/GA/text/SR48/id/2450948,https://www.legis.ga.gov/api/legislation/document/2021EX/203032
1534366,2450944,text,8665,application/pdf,Enrolled,https://legiscan.com/GA/text/SR49/id/2450944,https://www.legis.ga.gov/api/legislation/document/2021EX/203037
1534368,2450946,text,8694,application/pdf,Enrolled,https://legiscan.com/GA/text/SR50/id/2450946,https://www.legis.ga.gov/api/legislation/document/2021EX/203041
1534370,2450949,text,9636,application/pdf,Enrolled,https://legiscan.com/GA/text/SR51/id/2450949,https://www.legis.ga.gov/api/legislation/document/2021EX/203043
1534566,2451101,text,8111,application/pdf,Enrolled,https://legiscan.com/GA/text/SR52/id/2451101,https://www.legis.ga.gov/api/legislation/document/2021EX/203053
1534583,2451112,text,8228,application/pdf,Enrolled,https://legiscan.com/GA/text/SR53/id/2451112,https://www.legis.ga.gov/api/legislation/document/2021EX/203055
1534577,2451108,text,8850,application/pdf,Enrolled,https://legiscan.com/GA/text/SR54/id/2451108,https://www.legis.ga.gov/api/legislation/document/2021EX/203062
1534570,2451104,text,8767,application/pdf,Enrolled,https://legiscan.com/GA/text/SR55/id/2451104,https://www.legis.ga.gov/api/legislation/document/2021EX/203063
1534581,2451111,text,8912,application/pdf,Enrolled,https://legiscan.com/GA/text/SR56/id/2451111,https://www.legis.ga.gov/api/legislation/document/2021EX/203064
1534569,2451103,text,8596,application/pdf,Enrolled,https://legiscan.com/GA/text/SR57/id/2451103,https://www.legis.ga.gov/api/legislation/document/2021EX/203065
1534573,2451106,text,8488,application/pdf,Enrolled,https://legiscan.com/GA/text/SR58/id/2451106,https://www.legis.ga.gov/api/legislation/document/2021EX/203095
