bill_id,date,chamber,sequence,action
1532127,2021-11-03,House,1,"House Hopper"
1532127,2021-11-03,House,2,"House First Readers"
1532127,2021-11-04,House,3,"House Second Readers"
1532128,2021-11-02,Senate,1,"Senate Hopper"
1532128,2021-11-03,Senate,2,"Senate Read and Adopted"
1532129,2021-11-03,House,1,"House Hopper"
1532129,2021-11-03,House,2,"House First Readers"
1532129,2021-11-03,House,3,"House Read and Adopted"
1532129,2021-11-04,Senate,4,"Senate Read and Adopted"
1532130,2021-11-02,Senate,1,"Senate Hopper"
1532130,2021-11-03,Senate,2,"Senate Read and Referred"
1532130,2021-11-18,Senate,3,"Senate Committee Favorably Reported By Substitute"
1532130,2021-11-18,Senate,4,"Senate Read Second Time"
1532130,2021-11-19,Senate,5,"Senate Third Read"
1532130,2021-11-19,Senate,6,"Senate Passed/Adopted By Substitute"
1532130,2021-11-19,House,7,"House First Readers"
1532130,2021-11-20,House,8,"House Second Readers"
1532130,2021-11-20,House,9,"House Committee Favorably Reported"
1532130,2021-11-22,House,10,"House Third Readers"
1532130,2021-11-22,House,11,"House Passed/Adopted"
1532130,2021-11-30,Senate,12,"Senate Sent to Governor"
1532131,2021-11-02,Senate,1,"Senate Hopper"
1532131,2021-11-03,Senate,2,"Senate Read and Referred"
1532131,2021-11-08,Senate,3,"Senate Committee Favorably Reported By Substitute"
1532131,2021-11-08,Senate,4,"Senate Read Second Time"
1532131,2021-11-09,Senate,5,"Senate Third Read"
1532131,2021-11-09,Senate,6,"Senate Passed/Adopted By Substitute"
1532131,2021-11-10,House,7,"House First Readers"
1532131,2021-11-12,House,8,"House Second Readers"
1532131,2021-11-12,House,9,"House Committee Favorably Reported"
1532131,2021-11-15,House,10,"House Third Readers"
1532131,2021-11-15,House,11,"House Passed/Adopted"
1532131,2021-11-30,Senate,12,"Senate Sent to Governor"
1532132,2021-11-03,House,1,"House Hopper"
1532132,2021-11-04,House,2,"House First Readers"
1532132,2021-11-05,House,3,"House Second Readers"
1532133,2021-11-03,Senate,1,"Senate Hopper"
1532133,2021-11-04,Senate,2,"Senate Read and Referred"
1532134,2021-11-03,Senate,1,"Senate Hopper"
1532134,2021-11-04,Senate,2,"Senate Read and Referred"
1532134,2021-11-09,Senate,3,"Senate Committee Favorably Reported"
1532134,2021-11-09,Senate,4,"Senate Read Second Time"
1532134,2021-11-10,Senate,5,"Senate Third Read"
1532134,2021-11-10,Senate,6,"Senate Passed/Adopted"
1532134,2021-11-10,House,7,"House First Readers"
1532134,2021-11-12,House,8,"House Second Readers"
1532135,2021-11-03,House,1,"House Hopper"
1532135,2021-11-04,House,2,"House First Readers"
1532135,2021-11-05,House,3,"House Second Readers"
1532136,2021-11-02,Senate,1,"Senate Hopper"
1532136,2021-11-03,Senate,2,"Senate Read and Adopted"
1532136,2021-11-03,House,3,"House Read and Adopted"
1532137,2021-11-03,Senate,1,"Senate Hopper"
1532137,2021-11-04,Senate,2,"Senate Read and Referred"
1532137,2021-11-09,Senate,3,"Senate Committee Favorably Reported By Substitute"
1532137,2021-11-09,Senate,4,"Senate Read Second Time"
1532137,2021-11-10,Senate,5,"Senate Third Read"
1532137,2021-11-10,Senate,6,"Senate Passed/Adopted By Substitute"
1532138,2021-11-03,House,1,"House Hopper"
1532138,2021-11-04,House,2,"House First Readers"
1532138,2021-11-05,House,3,"House Second Readers"
1532138,2021-11-10,House,4,"House Committee Favorably Reported"
1532138,2021-11-10,House,5,"House Third Readers"
1532138,2021-11-10,House,6,"House Passed/Adopted"
1532138,2021-11-11,Senate,7,"Senate Read and Referred"
1532138,2021-11-17,Senate,8,"Senate Committee Favorably Reported"
1532138,2021-11-17,Senate,9,"Senate Passed/Adopted"
1532138,2021-11-29,House,10,"House Sent to Governor"
1532138,2021-12-08,House,11,"House Date Signed by Governor"
1532138,2021-12-08,,12,"Act 3EX"
1532138,2021-12-08,,13,"Effective Date 2021-12-08"
1532139,2021-11-03,House,1,"House Hopper"
1532139,2021-11-03,House,2,"House First Readers"
1532139,2021-11-03,House,3,"House Read and Adopted"
1532140,2021-11-02,Senate,1,"Senate Hopper"
1532140,2021-11-03,Senate,2,"Senate Engrossed"
1532140,2021-11-03,Senate,3,"Senate Passed/Adopted"
1532141,2021-11-03,House,1,"House Hopper"
1532141,2021-11-03,House,2,"House First Readers"
1532141,2021-11-04,House,3,"House Second Readers"
1532141,2021-11-09,House,4,"House Committee Favorably Reported By Substitute"
1532141,2021-11-10,House,5,"House Third Readers"
1532141,2021-11-10,House,6,"House Passed/Adopted By Substitute"
1532141,2021-11-10,House,7,"House Immediately Transmitted to Senate"
1532141,2021-11-10,Senate,8,"Senate Read and Referred"
1532141,2021-11-11,Senate,9,"Senate Committee Favorably Reported"
1532141,2021-11-11,Senate,10,"Senate Read Second Time"
1532141,2021-11-12,Senate,11,"Senate Third Read"
1532141,2021-11-12,Senate,12,"Senate Passed/Adopted"
1532141,2021-11-29,House,13,"House Sent to Governor"
1532141,2021-12-30,House,14,"House Date Signed by Governor"
1532141,2021-12-30,,15,"Act 6EX"
1532141,2021-12-30,,16,"Effective Date 2021-12-30"
1532142,2021-11-03,Senate,1,"Senate Hopper"
1532142,2021-11-04,Senate,2,"Senate Read and Referred"
1532253,2021-11-04,House,1,"House Hopper"
1532253,2021-11-05,House,2,"House First Readers"
1532253,2021-11-08,House,3,"House Second Readers"
1532253,2021-11-10,House,4,"House Committee Favorably Reported"
1532253,2021-11-15,House,5,"House Third Readers"
1532253,2021-11-15,House,6,"House Passed/Adopted"
1532253,2021-11-15,House,7,"House Immediately Transmitted to Senate"
1532253,2021-11-16,Senate,8,"Senate Read and Referred"
1532253,2021-11-17,Senate,9,"Senate Committee Favorably Reported"
1532253,2021-11-17,Senate,10,"Senate Read Second Time"
1532253,2021-11-18,Senate,11,"Senate Engrossed"
1532253,2021-11-18,Senate,12,"Senate Third Read"
1532253,2021-11-18,Senate,13,"Senate Passed/Adopted"
1532265,2021-11-04,Senate,1,"Senate Hopper"
1532265,2021-11-05,Senate,2,"Senate Read and Adopted"
1532277,2021-11-04,House,1,"House Hopper"
1532277,2021-11-04,House,2,"House First Readers"
1532277,2021-11-04,House,3,"House Read and Adopted"
1532289,2021-11-04,House,1,"House Hopper"
1532289,2021-11-04,House,2,"House First Readers"
1532289,2021-11-04,House,3,"House Read and Adopted"
1532301,2021-11-04,House,1,"House Hopper"
1532301,2021-11-04,House,2,"House First Readers"
1532301,2021-11-04,House,3,"House Read and Adopted"
1532313,2021-11-04,House,1,"House Hopper"
1532313,2021-11-05,House,2,"House First Readers"
1532313,2021-11-08,House,3,"House Second Readers"
1532313,2021-11-10,House,4,"House Committee Favorably Reported"
1532313,2021-11-10,House,5,"House Third Readers"
1532313,2021-11-10,House,6,"House Passed/Adopted"
1532313,2021-11-11,Senate,7,"Senate Read and Referred"
1532313,2021-11-17,Senate,8,"Senate Committee Favorably Reported"
1532313,2021-11-17,Senate,9,"Senate Passed/Adopted"
1532313,2021-11-29,House,10,"House Sent to Governor"
1532313,2021-12-08,House,11,"House Date Signed by Governor"
1532313,2021-12-08,,12,"Act 4EX"
1532313,2021-12-08,,13,"Effective Date 2021-12-08"
1532325,2021-11-04,Senate,1,"Senate Hopper"
1532325,2021-11-05,Senate,2,"Senate Read and Adopted"
1532337,2021-11-04,House,1,"House Hopper"
1532337,2021-11-04,House,2,"House First Readers"
1532337,2021-11-04,House,3,"House Read and Adopted"
1532422,2021-11-05,Senate,1,"Senate Hopper"
1532422,2021-11-08,Senate,2,"Senate Read and Adopted"
1532423,2021-11-05,House,1,"House Hopper"
1532423,2021-11-05,House,2,"House First Readers"
1532423,2021-11-05,House,3,"House Read and Adopted"
1532594,2021-11-08,Senate,1,"Senate Hopper"
1532594,2021-11-09,Senate,2,"Senate Read and Referred"
1532594,2021-11-11,Senate,3,"Senate Committee Favorably Reported"
1532594,2021-11-11,Senate,4,"Senate Read Second Time"
1532594,2021-11-16,Senate,5,"Senate Recommitted"
1532595,2021-11-08,Senate,1,"Senate Hopper"
1532595,2021-11-09,Senate,2,"Senate Read and Adopted"
1532596,2021-11-08,Senate,1,"Senate Hopper"
1532596,2021-11-09,Senate,2,"Senate Read and Referred"
1532596,2021-11-11,Senate,3,"Senate Committee Favorably Reported"
1532596,2021-11-11,Senate,4,"Senate Read Second Time"
1532596,2021-11-16,Senate,5,"Senate Recommitted"
1532597,2021-11-08,House,1,"House Hopper"
1532597,2021-11-09,House,2,"House First Readers"
1532597,2021-11-10,House,3,"House Second Readers"
1532597,2021-11-10,House,4,"House Committee Favorably Reported"
1532597,2021-11-15,House,5,"House Third Readers"
1532597,2021-11-15,House,6,"House Passed/Adopted"
1532597,2021-11-15,House,7,"House Immediately Transmitted to Senate"
1532597,2021-11-16,Senate,8,"Senate Read and Referred"
1532597,2021-11-17,Senate,9,"Senate Committee Favorably Reported"
1532597,2021-11-17,Senate,10,"Senate Read Second Time"
1532597,2021-11-18,Senate,11,"Senate Engrossed"
1532597,2021-11-18,Senate,12,"Senate Third Read"
1532597,2021-11-18,Senate,13,"Senate Passed/Adopted"
1532597,2021-11-29,House,14,"House Sent to Governor"
1532597,2021-12-08,House,15,"House Date Signed by Governor"
1532597,2021-12-08,,16,"Act 5EX"
1532597,2021-12-08,,17,"Effective Date 2021-12-08"
1532598,2021-11-08,House,1,"House Hopper"
1532598,2021-11-09,House,2,"House First Readers"
1532598,2021-11-10,House,3,"House Second Readers"
1532598,2021-11-15,House,4,"House Committee Favorably Reported"
1532598,2021-11-15,House,5,"House Third Readers"
1532598,2021-11-15,House,6,"House Passed/Adopted"
1532598,2021-11-15,House,7,"House Immediately Transmitted to Senate"
1532598,2021-11-16,Senate,8,"Senate Read and Referred"
1532598,2021-11-17,Senate,9,"Senate Committee Favorably Reported"
1532598,2021-11-17,Senate,10,"Senate Passed/Adopted"
1532598,2021-11-19,House,11,"House Sent to Governor"
1532598,2021-11-19,House,12,"House Date Signed by Governor"
1532598,2021-11-19,,13,"Act 2EX"
1532598,2021-11-19,,14,"Effective Date 2021-11-19"
1532599,2021-11-08,House,1,"House Hopper"
1532599,2021-11-09,House,2,"House First Readers"
1532599,2021-11-10,House,3,"House Second Readers"
1532599,2021-11-15,House,4,"House Committee Favorably Reported"
1532599,2021-11-15,House,5,"House Third Readers"
1532599,2021-11-15,House,6,"House Passed/Adopted"
1532599,2021-11-15,House,7,"House Immediately Transmitted to Senate"
1532599,2021-11-16,Senate,8,"Senate Read and Referred"
1532599,2021-11-17,Senate,9,"Senate Committee Favorably Reported"
1532599,2021-11-17,Senate,10,"Senate Passed/Adopted"
1532599,2021-11-19,House,11,"House Sent to Governor"
1532599,2021-11-19,House,12,"House Date Signed by Governor"
1532599,2021-11-19,,13,"Act 1EX"
1532599,2021-11-19,,14,"Effective Date 2021-11-19"
1532600,2021-11-08,Senate,1,"Senate Hopper"
1532600,2021-11-09,Senate,2,"Senate Read and Adopted"
1532790,2021-11-09,House,1,"House Hopper"
1532790,2021-11-09,House,2,"House First Readers"
1532790,2021-11-09,House,3,"House Read and Adopted"
1532797,2021-11-09,Senate,1,"Senate Hopper"
1532797,2021-11-10,Senate,2,"Senate Read and Adopted"
1532804,2021-11-09,House,1,"House Hopper"
1532804,2021-11-09,House,2,"House First Readers"
1532804,2021-11-09,House,3,"House Read and Adopted"
1532811,2021-11-09,House,1,"House Hopper"
1532811,2021-11-09,House,2,"House First Readers"
1532811,2021-11-09,House,3,"House Read and Adopted"
1532817,2021-11-09,House,1,"House Hopper"
1532817,2021-11-09,House,2,"House First Readers"
1532817,2021-11-09,House,3,"House Read and Adopted"
1532824,2021-11-09,Senate,1,"Senate Hopper"
1532824,2021-11-10,Senate,2,"Senate Read and Adopted"
1532831,2021-11-09,Senate,1,"Senate Hopper"
1532831,2021-11-10,Senate,2,"Senate Read and Adopted"
1532838,2021-11-09,Senate,1,"Senate Hopper"
1532838,2021-11-10,Senate,2,"Senate Read and Adopted"
1532944,2021-11-10,House,1,"House Hopper"
1532944,2021-11-10,House,2,"House First Readers"
1532944,2021-11-10,House,3,"House Read and Adopted"
1532945,2021-11-10,House,1,"House Hopper"
1532945,2021-11-10,House,2,"House First Readers"
1532945,2021-11-10,House,3,"House Read and Adopted"
1532946,2021-11-10,House,1,"House Hopper"
1532946,2021-11-10,House,2,"House First Readers"
1532946,2021-11-12,House,3,"House Second Readers"
1532946,2021-11-15,House,4,"House Committee Favorably Reported"
1532946,2021-11-15,House,5,"House Withdrawn, Recommitted"
1532947,2021-11-10,House,1,"House Hopper"
1532947,2021-11-10,House,2,"House First Readers"
1532947,2021-11-10,House,3,"House Read and Adopted"
1532948,2021-11-10,House,1,"House Hopper"
1532948,2021-11-10,House,2,"House First Readers"
1532948,2021-11-10,House,3,"House Read and Adopted"
1532949,2021-11-10,House,1,"House Hopper"
1532949,2021-11-10,House,2,"House First Readers"
1532949,2021-11-10,House,3,"House Read and Adopted"
1532950,2021-11-10,House,1,"House Hopper"
1532950,2021-11-10,House,2,"House First Readers"
1532950,2021-11-10,House,3,"House Read and Adopted"
1532951,2021-11-10,House,1,"House Hopper"
1532951,2021-11-10,House,2,"House First Readers"
1532951,2021-11-10,House,3,"House Read and Adopted"
1532952,2021-11-10,House,1,"House Hopper"
1532952,2021-11-10,House,2,"House First Readers"
1532952,2021-11-10,House,3,"House Read and Adopted"
1533054,2021-11-11,Senate,1,"Senate Hopper"
1533054,2021-11-11,Senate,2,"Senate Read and Adopted"
1533055,2021-11-11,Senate,1,"Senate Hopper"
1533055,2021-11-12,Senate,2,"Senate Read and Adopted"
1533056,2021-11-11,Senate,1,"Senate Hopper"
1533056,2021-11-12,Senate,2,"Senate Read and Adopted"
1533057,2021-11-11,Senate,1,"Senate Hopper"
1533057,2021-11-12,Senate,2,"Senate Read and Adopted"
1533058,2021-11-11,Senate,1,"Senate Hopper"
1533058,2021-11-12,Senate,2,"Senate Read and Adopted"
1533230,2021-11-12,Senate,1,"Senate Hopper"
1533230,2021-11-15,Senate,2,"Senate Read and Adopted"
1533239,2021-11-12,House,1,"House Hopper"
1533239,2021-11-12,House,2,"House First Readers"
1533239,2021-11-12,House,3,"House Read and Adopted"
1533249,2021-11-12,Senate,1,"Senate Hopper"
1533249,2021-11-15,Senate,2,"Senate Read and Adopted"
1533447,2021-11-15,Senate,1,"Senate Hopper"
1533447,2021-11-16,Senate,2,"Senate Read and Adopted"
1533449,2021-11-15,Senate,1,"Senate Hopper"
1533449,2021-11-16,Senate,2,"Senate Read and Adopted"
1533451,2021-11-15,House,1,"House Hopper"
1533451,2021-11-15,House,2,"House First Readers"
1533451,2021-11-15,House,3,"House Read and Adopted"
1533453,2021-11-15,Senate,1,"Senate Hopper"
1533453,2021-11-16,Senate,2,"Senate Read and Adopted"
1533455,2021-11-15,House,1,"House Hopper"
1533455,2021-11-15,House,2,"House First Readers"
1533455,2021-11-15,House,3,"House Read and Adopted"
1533457,2021-11-15,House,1,"House Hopper"
1533457,2021-11-15,House,2,"House First Readers"
1533457,2021-11-15,House,3,"House Read and Adopted"
1533459,2021-11-15,Senate,1,"Senate Hopper"
1533459,2021-11-16,Senate,2,"Senate Read and Referred"
1533459,2021-11-19,Senate,3,"Senate Committee Favorably Reported By Substitute"
1533459,2021-11-19,Senate,4,"Senate Read Second Time"
1533459,2021-11-19,Senate,5,"Senate Third Read"
1533459,2021-11-19,Senate,6,"Senate Passed/Adopted By Substitute"
1533462,2021-11-15,Senate,1,"Senate Hopper"
1533462,2021-11-16,Senate,2,"Senate Read and Adopted"
1533464,2021-11-15,Senate,1,"Senate Hopper"
1533464,2021-11-16,Senate,2,"Senate Read and Adopted"
1533466,2021-11-15,Senate,1,"Senate Hopper"
1533466,2021-11-16,Senate,2,"Senate Read and Adopted"
1533468,2021-11-15,Senate,1,"Senate Hopper"
1533468,2021-11-16,Senate,2,"Senate Read and Adopted"
1533470,2021-11-15,Senate,1,"Senate Hopper"
1533470,2021-11-16,Senate,2,"Senate Read and Adopted"
1533472,2021-11-15,Senate,1,"Senate Hopper"
1533472,2021-11-16,Senate,2,"Senate Read and Adopted"
1533474,2021-11-15,House,1,"House Hopper"
1533474,2021-11-16,House,2,"House First Readers"
1533474,2021-11-17,House,3,"House Second Readers"
1533474,2021-11-18,House,4,"House Committee Favorably Reported"
1533474,2021-11-18,House,5,"House Third Readers"
1533474,2021-11-18,House,6,"House Passed/Adopted"
1533474,2021-11-19,Senate,7,"Senate Read and Referred"
1533474,2021-11-22,Senate,8,"Senate Committee Favorably Reported"
1533477,2021-11-15,Senate,1,"Senate Hopper"
1533477,2021-11-16,Senate,2,"Senate Read and Adopted"
1533479,2021-11-15,Senate,1,"Senate Hopper"
1533479,2021-11-16,Senate,2,"Senate Read and Adopted"
1533481,2021-11-15,House,1,"House Hopper"
1533481,2021-11-15,House,2,"House First Readers"
1533481,2021-11-15,House,3,"House Read and Adopted"
1533483,2021-11-15,House,1,"House Hopper"
1533483,2021-11-15,House,2,"House First Readers"
1533483,2021-11-15,House,3,"House Read and Adopted"
1533485,2021-11-15,Senate,1,"Senate Hopper"
1533485,2021-11-16,Senate,2,"Senate Read and Adopted"
1533487,2021-11-15,Senate,1,"Senate Hopper"
1533487,2021-11-16,Senate,2,"Senate Read and Adopted"
1533489,2021-11-15,Senate,1,"Senate Hopper"
1533489,2021-11-16,Senate,2,"Senate Read and Adopted"
1533808,2021-11-16,Senate,1,"Senate Hopper"
1533808,2021-11-17,Senate,2,"Senate Read and Adopted"
1533810,2021-11-16,House,1,"House Hopper"
1533810,2021-11-16,House,2,"House First Readers"
1533810,2021-11-16,House,3,"House Read and Adopted"
1533812,2021-11-16,House,1,"House Hopper"
1533812,2021-11-16,House,2,"House First Readers"
1533812,2021-11-16,House,3,"House Read and Adopted"
1533813,2021-11-16,House,1,"House Hopper"
1533813,2021-11-16,House,2,"House First Readers"
1533813,2021-11-16,House,3,"House Read and Adopted"
1533814,2021-11-16,House,1,"House Hopper"
1533814,2021-11-16,House,2,"House First Readers"
1533814,2021-11-16,House,3,"House Read and Adopted"
1533817,2021-11-16,Senate,1,"Senate Hopper"
1533817,2021-11-17,Senate,2,"Senate Read and Adopted"
1533818,2021-11-16,House,1,"House Hopper"
1533818,2021-11-16,House,2,"House First Readers"
1533818,2021-11-16,House,3,"House Read and Adopted"
1533819,2021-11-16,Senate,1,"Senate Hopper"
1533819,2021-11-17,Senate,2,"Senate Read and Adopted"
1533820,2021-11-16,Senate,1,"Senate Hopper"
1533820,2021-11-17,Senate,2,"Senate Read and Adopted"
1534227,2021-11-17,Senate,1,"Senate Hopper"
1534227,2021-11-18,Senate,2,"Senate Read and Adopted"
1534231,2021-11-17,Senate,1,"Senate Hopper"
1534231,2021-11-18,Senate,2,"Senate Read and Adopted"
1534235,2021-11-17,House,1,"House Hopper"
1534235,2021-11-17,House,2,"House First Readers"
1534235,2021-11-17,House,3,"House Read and Adopted"
1534239,2021-11-17,House,1,"House Hopper"
1534239,2021-11-17,House,2,"House First Readers"
1534239,2021-11-17,House,3,"House Read and Adopted"
1534243,2021-11-17,House,1,"House Hopper"
1534243,2021-11-17,House,2,"House First Readers"
1534243,2021-11-17,House,3,"House Read and Adopted"
1534247,2021-11-17,House,1,"House Hopper"
1534247,2021-11-17,House,2,"House First Readers"
1534247,2021-11-17,House,3,"House Read and Adopted"
1534251,2021-11-17,Senate,1,"Senate Hopper"
1534251,2021-11-18,Senate,2,"Senate Read and Adopted"
1534255,2021-11-17,House,1,"House Hopper"
1534255,2021-11-17,House,2,"House First Readers"
1534255,2021-11-17,House,3,"House Read and Adopted"
1534259,2021-11-17,House,1,"House Hopper"
1534259,2021-11-17,House,2,"House First Readers"
1534259,2021-11-17,House,3,"House Read and Adopted"
1534264,2021-11-17,Senate,1,"Senate Hopper"
1534264,2021-11-18,Senate,2,"Senate Read and Adopted"
1534268,2021-11-17,House,1,"House Hopper"
1534268,2021-11-17,House,2,"House First Readers"
1534268,2021-11-17,House,3,"House Read and Adopted"
1534272,2021-11-17,Senate,1,"Senate Hopper"
1534272,2021-11-18,Senate,2,"Senate Read and Adopted"
1534276,2021-11-17,House,1,"House Hopper"
1534276,2021-11-17,House,2,"House First Readers"
1534276,2021-11-17,House,3,"House Read and Adopted"
1534280,2021-11-17,House,1,"House Hopper"
1534280,2021-11-17,House,2,"House First Readers"
1534280,2021-11-17,House,3,"House Read and Adopted"
1534284,2021-11-17,House,1,"House Hopper"
1534284,2021-11-17,House,2,"House First Readers"
1534284,2021-11-17,House,3,"House Read and Adopted"
1534288,2021-11-17,House,1,"House Hopper"
1534288,2021-11-17,House,2,"House First Readers"
1534288,2021-11-17,House,3,"House Read and Adopted"
1534292,2021-11-17,Senate,1,"Senate Hopper"
1534292,2021-11-18,Senate,2,"Senate Read and Adopted"
1534366,2021-11-18,Senate,1,"Senate Hopper"
1534366,2021-11-19,Senate,2,"Senate Read and Adopted"
1534367,2021-11-18,Senate,1,"Senate Hopper"
1534367,2021-11-19,Senate,2,"Senate Read and Adopted"
1534368,2021-11-18,Senate,1,"Senate Hopper"
1534368,2021-11-19,Senate,2,"Senate Read and Adopted"
1534369,2021-11-18,Senate,1,"Senate Hopper"
1534369,2021-11-18,Senate,2,"Senate Passed/Adopted"
1534369,2021-11-19,House,3,"House First Readers"
1534369,2021-11-19,House,4,"House Read and Adopted"
1534370,2021-11-18,Senate,1,"Senate Hopper"
1534370,2021-11-19,Senate,2,"Senate Read and Adopted"
1534566,2021-11-19,Senate,1,"Senate Hopper"
1534566,2021-11-19,Senate,2,"Senate Read and Adopted"
1534567,2021-11-19,House,1,"House Hopper"
1534567,2021-11-19,House,2,"House First Readers"
1534567,2021-11-19,House,3,"House Read and Adopted"
1534569,2021-11-19,Senate,1,"Senate Hopper"
1534569,2021-11-19,Senate,2,"Senate Read and Adopted"
1534570,2021-11-19,Senate,1,"Senate Hopper"
1534570,2021-11-19,Senate,2,"Senate Read and Adopted"
1534572,2021-11-19,House,1,"House Hopper"
1534572,2021-11-19,House,2,"House First Readers"
1534572,2021-11-19,House,3,"House Read and Adopted"
1534573,2021-11-19,Senate,1,"Senate Hopper"
1534573,2021-11-19,Senate,2,"Senate Read and Adopted"
1534575,2021-11-19,House,1,"House Hopper"
1534575,2021-11-19,House,2,"House First Readers"
1534575,2021-11-19,House,3,"House Read and Adopted"
1534577,2021-11-19,Senate,1,"Senate Hopper"
1534577,2021-11-19,Senate,2,"Senate Read and Adopted"
1534578,2021-11-19,House,1,"House Hopper"
1534578,2021-11-19,House,2,"House First Readers"
1534578,2021-11-19,House,3,"House Read and Adopted"
1534580,2021-11-19,House,1,"House Hopper"
1534580,2021-11-19,House,2,"House First Readers"
1534580,2021-11-19,House,3,"House Read and Adopted"
1534581,2021-11-19,Senate,1,"Senate Hopper"
1534581,2021-11-19,Senate,2,"Senate Read and Adopted"
1534583,2021-11-19,Senate,1,"Senate Hopper"
1534583,2021-11-19,Senate,2,"Senate Read and Adopted"
1534585,2021-11-19,House,1,"House Hopper"
1534585,2021-11-19,House,2,"House First Readers"
1534585,2021-11-19,House,3,"House Read and Adopted"
1534586,2021-11-19,House,1,"House Hopper"
1534586,2021-11-19,House,2,"House First Readers"
1534586,2021-11-19,House,3,"House Read and Adopted"
1534588,2021-11-19,House,1,"House Hopper"
1534588,2021-11-19,House,2,"House First Readers"
1534588,2021-11-19,House,3,"House Read and Adopted"
1534589,2021-11-19,House,1,"House Hopper"
1534589,2021-11-19,House,2,"House First Readers"
1534589,2021-11-19,House,3,"House Read and Adopted"
1534591,2021-11-19,House,1,"House Hopper"
1534591,2021-11-19,House,2,"House First Readers"
1534591,2021-11-19,House,3,"House Read and Adopted"
1534596,2021-11-20,House,1,"House Hopper"
1534596,2021-11-20,House,2,"House First Readers"
1534596,2021-11-20,House,3,"House Read and Adopted"
1534597,2021-11-20,House,1,"House Hopper"
1534597,2021-11-20,House,2,"House First Readers"
1534597,2021-11-20,House,3,"House Read and Adopted"
1534726,2021-11-22,House,1,"House Hopper"
1534726,2021-11-22,House,2,"House First Readers"
1534726,2021-11-22,House,3,"House Read and Adopted"
1534727,2021-11-22,House,1,"House Hopper"
1534727,2021-11-22,House,2,"House First Readers"
1534727,2021-11-22,House,3,"House Read and Adopted"
1534728,2021-11-22,House,1,"House Hopper"
1534728,2021-11-22,House,2,"House First Readers"
1534728,2021-11-22,House,3,"House Read and Adopted"
1534729,2021-11-22,House,1,"House Hopper"
1534729,2021-11-22,House,2,"House First Readers"
1534729,2021-11-22,House,3,"House Read and Adopted"
1534730,2021-11-22,House,1,"House Hopper"
1534730,2021-11-22,House,2,"House First Readers"
1534730,2021-11-22,House,3,"House Read and Adopted"
1534731,2021-11-22,House,1,"House Hopper"
1534731,2021-11-22,House,2,"House First Readers"
1534731,2021-11-22,House,3,"House Read and Adopted"
1534732,2021-11-22,House,1,"House Hopper"
1534732,2021-11-22,House,2,"House First Readers"
1534732,2021-11-22,House,3,"House Read and Adopted"
1534733,2021-11-22,House,1,"House Hopper"
1534733,2021-11-22,House,2,"House First Readers"
1534733,2021-11-22,House,3,"House Read and Adopted"
1534734,2021-11-22,House,1,"House Hopper"
1534734,2021-11-22,House,2,"House First Readers"
1534734,2021-11-22,House,3,"House Read and Adopted"
1534735,2021-11-22,House,1,"House Hopper"
1534735,2021-11-22,House,2,"House First Readers"
1534735,2021-11-22,House,3,"House Read and Adopted"
1534736,2021-11-22,House,1,"House Hopper"
1534736,2021-11-22,House,2,"House First Readers"
1534736,2021-11-22,House,3,"House Read and Adopted"
1534737,2021-11-22,House,1,"House Hopper"
1534737,2021-11-22,House,2,"House First Readers"
1534737,2021-11-22,House,3,"House Read and Adopted"
1534738,2021-11-22,House,1,"House Hopper"
1534738,2021-11-22,House,2,"House First Readers"
1534738,2021-11-22,House,3,"House Read and Adopted"
1534739,2021-11-22,House,1,"House Hopper"
1534739,2021-11-22,House,2,"House First Readers"
1534739,2021-11-22,House,3,"House Read and Adopted"
1534740,2021-11-22,House,1,"House Hopper"
1534740,2021-11-22,House,2,"House First Readers"
1534740,2021-11-22,House,3,"House Read and Adopted"
