bill_id,roll_call_id,date,chamber,description,yea,nay,nv,absent,total
1532129,1115936,2021-11-10,Senate,"Motion To Recess, Pending Receipt Of A Message From The House: Senate Vote #10",29,18,4,5,56
1532130,1116334,2021-11-19,Senate,"Passage By Substitute: Senate Vote #23",32,21,0,3,56
1532130,1116360,2021-11-22,House,"Passage: House Vote #22",96,68,4,12,180
1532131,1115898,2021-11-09,Senate,"Motion To Suspend Senate Rules: Senate Vote #6",21,33,1,1,56
1532131,1115899,2021-11-09,Senate,"Passage By Substitute: Senate Vote #7",34,21,0,1,56
1532131,1116081,2021-11-15,House,"Passage: House Vote #12",96,70,1,13,180
1532134,1115894,2021-11-10,Senate,"Adoption: Senate Vote #9",49,1,0,6,56
1532137,1115900,2021-11-10,Senate,"Adoption By Substitute: Senate Vote #8",49,0,4,3,56
1532138,1115893,2021-11-10,House,"Local Calendar: House Vote #7",163,0,14,3,180
1532138,1116268,2021-11-17,Senate,"Local Consent Calendar: Senate Vote #14",38,1,15,2,56
1532140,1115494,2021-11-03,Senate,"Motion To Engross: Senate Vote #2",33,20,1,2,56
1532140,1115495,2021-11-03,Senate,"Adoption: Senate Vote #3",34,19,0,3,56
1532141,1115896,2021-11-10,House,"Passage: House Vote #8",99,79,1,1,180
1532141,1115935,2021-11-12,Senate,"Passage: Senate Vote #13",32,21,0,3,56
1532253,1116086,2021-11-15,House,"Adopt: House Vote #13",162,2,3,13,180
1532253,1116087,2021-11-15,House,"Immediately Transmit: House Vote #14",159,4,4,13,180
1532253,1116301,2021-11-18,Senate,"Motion To Engross Hb 7 Ex & Hr 3 Ex: Senate Vote #17",30,19,1,6,56
1532253,1116302,2021-11-18,Senate,"Adoption: Senate Vote #19",49,1,0,6,56
1532313,1115892,2021-11-10,House,"Local Calendar: House Vote #7",163,0,14,3,180
1532313,1116279,2021-11-17,Senate,"Local Consent Calendar: Senate Vote #14",38,1,15,2,56
1532597,1116051,2021-11-15,House,"Passage: House Vote #15",165,0,2,13,180
1532597,1116303,2021-11-18,Senate,"Motion To Engross Hb 7 Ex & Hr 3 Ex: Senate Vote #17",30,19,1,6,56
1532597,1116304,2021-11-18,Senate,"Passage: Senate Vote #18",49,0,1,6,56
1532598,1116078,2021-11-15,House,"Local Calendar Without Hb 10: House Vote #11",150,7,7,16,180
1532598,1116271,2021-11-17,Senate,"Local Consent Calendar: Senate Vote #14",38,1,15,2,56
1532599,1116103,2021-11-15,House,"Local Calendar Without Hb 10: House Vote #11",150,7,7,16,180
1532599,1116265,2021-11-17,Senate,"Local Consent Calendar: Senate Vote #14",38,1,15,2,56
1533459,1116335,2021-11-19,Senate,"Adoption By Substitute: Senate Vote #22",46,0,6,4,56
1533474,1116305,2021-11-18,House,"Local Calendar: House Vote #19",139,0,19,22,180
1534369,1116307,2021-11-18,Senate,"Adoption: Senate Vote #20",48,0,1,7,56
