bill_id,session_id,bill_number,status,status_desc,status_date,title,description,committee_id,committee,last_action_date,last_action,url,state_link
1882796,2147,HB2001,4,Passed,2024-06-18,"Authorizing the secretary of commerce to enter into agreements with major professional sports franchises to establish STAR bond projects for a major professional sports complex, providing for additional revenue sources, expanding the powers and discretion of the secretary and making other changes to the STAR bonds financing act to facilitate such projects, limiting the secretary’s authority to approve such projects to one year unless extended by the legislative coordinating council, authorizing the Kansas development finance authority to issue STAR bonds for such projects, transferring funds under certain circumstances from the state gaming revenues fund to the attracting professional sports to Kansas fund for the fiscal year ending June 30, 2025, and, if approved by the legislative coordinating council, for the fiscal year ending June 30, 2026.","Authorizing the secretary of commerce to enter into agreements with major professional sports franchises to establish STAR bond projects for a major professional sports complex, providing for additional revenue sources, expanding the powers and discretion of the secretary and making other changes to the STAR bonds financing act to facilitate such projects, limiting the secretary’s authority to approve such projects to one year unless extended by the legislative coordinating council, authorizing the Kansas development finance authority to issue STAR bonds for such projects, transferring funds under certain circumstances from the state gaming revenues fund to the attracting professional sports to Kansas fund for the fiscal year ending June 30, 2025, and, if approved by the legislative coordinating council, for the fiscal year ending June 30, 2026.",0,,2024-06-18,"House Approved by Governor on Thursday, June 20, 2024",https://legiscan.com/KS/bill/HB2001/2024/X1,https://kslegislature.gov/li_2024s/b2023_24/measures/hb2001/
1882824,2147,HB2002,6,Failed,2024-06-18,"Expanding medical assistance eligibility and enacting the cutting healthcare costs for all Kansans act.","Expanding medical assistance eligibility and enacting the cutting healthcare costs for all Kansans act.",0,,2024-06-18,"House Died on Calendar",https://legiscan.com/KS/bill/HB2002/2024/X1,https://kslegislature.gov/li_2024s/b2023_24/measures/hb2002/
1882808,2147,HB2003,6,Failed,2024-06-18,"Establishing the veterans' valor property tax relief act providing for an income tax credit or refund for eligible individuals, modifying the definition of household income and increasing the appraised value threshold for eligibility of seniors and disabled veterans related to increased property tax claims and citing the section as the homeowners' property tax freeze program, providing property tax exemptions for certain personal property including watercraft, marine equipment, off-road vehicles, motorized bicycles and certain trailers, excluding internal revenue code section 1031 exchange transactions as indicators of fair market value, providing for certain exclusions from the prohibition of paying taxes under protest after a valuation notice appeal and providing four prior years' values on the annual valuation notice.","Establishing the veterans' valor property tax relief act providing for an income tax credit or refund for eligible individuals, modifying the definition of household income and increasing the appraised value threshold for eligibility of seniors and disabled veterans related to increased property tax claims and citing the section as the homeowners' property tax freeze program, providing property tax exemptions for certain personal property including watercraft, marine equipment, off-road vehicles, motorized bicycles and certain trailers, excluding internal revenue code section 1031 exchange transactions as indicators of fair market value, providing for certain exclusions from the prohibition of paying taxes under protest after a valuation notice appeal and providing four prior years' values on the annual valuation notice.",0,,2024-06-18,"House Died on Calendar",https://legiscan.com/KS/bill/HB2003/2024/X1,https://kslegislature.gov/li_2024s/b2023_24/measures/hb2003/
1882801,2147,HB2004,6,Failed,2024-06-18,"Authorizing counties to propose an earnings tax for ballot question.","Authorizing counties to propose an earnings tax for ballot question.",0,,2024-06-18,"House Died on Calendar",https://legiscan.com/KS/bill/HB2004/2024/X1,https://kslegislature.gov/li_2024s/b2023_24/measures/hb2004/
1882855,2147,HR6001,4,Passed,2024-06-18,"Providing for the organization of the House of Representatives for the 2024 special session of the Legislature.","Providing for the organization of the House of Representatives for the 2024 special session of the Legislature.",0,,2024-06-18,"House Enrolled on Wednesday, June 19, 2024",https://legiscan.com/KS/bill/HR6001/2024/X1,https://kslegislature.gov/li_2024s/b2023_24/measures/hr6001/
1882858,2147,HR6002,4,Passed,2024-06-18,"Providing for assignment of seats in the House of Representatives for the 2024 special session of the Legislature.","Providing for assignment of seats in the House of Representatives for the 2024 special session of the Legislature.",0,,2024-06-18,"House Enrolled on Wednesday, June 19, 2024",https://legiscan.com/KS/bill/HR6002/2024/X1,https://kslegislature.gov/li_2024s/b2023_24/measures/hr6002/
1882814,2147,HCR5001,6,Failed,2024-06-18,"Proposing a constitutional amendment to add the right to vote in section 2 of the bill of rights of the constitution of the state of Kansas.","Proposing a constitutional amendment to add the right to vote in section 2 of the bill of rights of the constitution of the state of Kansas.",0,,2024-06-18,"House Died on Calendar",https://legiscan.com/KS/bill/HCR5001/2024/X1,https://kslegislature.gov/li_2024s/b2023_24/measures/hcr5001/
1882818,2147,HCR5002,4,Passed,2024-06-18,"Providing for the adjournment sine die of the 2024 special session of the Legislature.","Providing for the adjournment sine die of the 2024 special session of the Legislature.",0,,2024-06-18,"House Enrolled and presented to Secretary of State on Thursday, June 20, 2024",https://legiscan.com/KS/bill/HCR5002/2024/X1,https://kslegislature.gov/li_2024s/b2023_24/measures/hcr5002/
1882862,2147,SB1,4,Passed,2024-06-18,"Modifying income tax rates for individuals, exempting all social security benefits from Kansas income tax, increasing the Kansas standard deduction and the Kansas personal exemption, increasing the income tax credit amount for household and dependent care expenses, decreasing the privilege tax normal tax, excluding internal revenue code section 1031 exchange transactions as indicators of fair market value for property tax valuation purposes, increasing the extent of property tax exemption for residential property from the statewide school levy, providing for certain transfers to the state school district finance fund and abolishing the local ad valorem tax reduction fund and the county and city revenue sharing fund.","Modifying income tax rates for individuals, exempting all social security benefits from Kansas income tax, increasing the Kansas standard deduction and the Kansas personal exemption, increasing the income tax credit amount for household and dependent care expenses, decreasing the privilege tax normal tax, excluding internal revenue code section 1031 exchange transactions as indicators of fair market value for property tax valuation purposes, increasing the extent of property tax exemption for residential property from the statewide school levy, providing for certain transfers to the state school district finance fund and abolishing the local ad valorem tax reduction fund and the county and city revenue sharing fund.",0,,2024-06-18,"Senate Approved by Governor on Thursday, June 20, 2024",https://legiscan.com/KS/bill/SB1/2024/X1,https://kslegislature.gov/li_2024s/b2023_24/measures/sb1/
1882811,2147,SB2,6,Failed,2024-06-18,"Eliminating the income limit to qualify for the subtraction modification exempting social security benefits, increasing the income tax credit amount for household and dependent care expenses, establishing the veterans' valor property tax relief act providing for an income tax credit or refund for eligible individuals, citing the increased property tax homestead refund claim section as the homeowners' property tax freeze program, decreasing the normal privilege tax rate, increasing the extent of property tax exemption for residential property from the statewide school levy, decreasing the rate of ad valorem tax imposed by a school district; providing for certain transfers to the state school district finance fund, reducing the state rate of tax on sales of food and food ingredients and modifying the percent credited to the state highway fund from revenue collected.","Eliminating the income limit to qualify for the subtraction modification exempting social security benefits, increasing the income tax credit amount for household and dependent care expenses, establishing the veterans' valor property tax relief act providing for an income tax credit or refund for eligible individuals, citing the increased property tax homestead refund claim section as the homeowners' property tax freeze program, decreasing the normal privilege tax rate, increasing the extent of property tax exemption for residential property from the statewide school levy, decreasing the rate of ad valorem tax imposed by a school district; providing for certain transfers to the state school district finance fund, reducing the state rate of tax on sales of food and food ingredients and modifying the percent credited to the state highway fund from revenue collected.",0,,2024-06-18,"Senate Died on Calendar",https://legiscan.com/KS/bill/SB2/2024/X1,https://kslegislature.gov/li_2024s/b2023_24/measures/sb2/
1882835,2147,SB3,6,Failed,2024-06-18,"Clarifying the procedures and restrictions on accepting a nomination for an elected office.","Clarifying the procedures and restrictions on accepting a nomination for an elected office.",0,,2024-06-18,"Senate Died on Calendar",https://legiscan.com/KS/bill/SB3/2024/X1,https://kslegislature.gov/li_2024s/b2023_24/measures/sb3/
1882854,2147,SB4,6,Failed,2024-06-18,"Requiring all advance voting ballots be returned by 7:00 p.m. on election day.","Requiring all advance voting ballots be returned by 7:00 p.m. on election day.",0,,2024-06-18,"Senate Died on Calendar",https://legiscan.com/KS/bill/SB4/2024/X1,https://kslegislature.gov/li_2024s/b2023_24/measures/sb4/
1882828,2147,SB5,6,Failed,2024-06-18,"Authorizing counties to impose an earnings tax.","Authorizing counties to impose an earnings tax.",0,,2024-06-18,"Senate Died on Calendar",https://legiscan.com/KS/bill/SB5/2024/X1,https://kslegislature.gov/li_2024s/b2023_24/measures/sb5/
1882845,2147,SB6,6,Failed,2024-06-18,"Providing a sales tax exemption for sales of electricity to residential premises by municipally owned or operated utilities.","Providing a sales tax exemption for sales of electricity to residential premises by municipally owned or operated utilities.",0,,2024-06-18,"Senate Died on Calendar",https://legiscan.com/KS/bill/SB6/2024/X1,https://kslegislature.gov/li_2024s/b2023_24/measures/sb6/
1882865,2147,SB7,6,Failed,2024-06-18,"Authorizing federally licensed firearm dealers, in addition to county sheriffs, to receive applications for concealed carry licenses and forward such applications to the attorney general, prohibiting sheriffs from assessing any fee related to application services and allowing dealers to assess a fee related to application services not to exceed $20.","Authorizing federally licensed firearm dealers, in addition to county sheriffs, to receive applications for concealed carry licenses and forward such applications to the attorney general, prohibiting sheriffs from assessing any fee related to application services and allowing dealers to assess a fee related to application services not to exceed $20.",0,,2024-06-18,"Senate Died on Calendar",https://legiscan.com/KS/bill/SB7/2024/X1,https://kslegislature.gov/li_2024s/b2023_24/measures/sb7/
1882842,2147,SB8,6,Failed,2024-06-18,"Exempting the sale of firearms, firearms accessories, ammunition, firearm safes and firearm safety devices from the retatilers' sales tax.","Exempting the sale of firearms, firearms accessories, ammunition, firearm safes and firearm safety devices from the retatilers' sales tax.",0,,2024-06-18,"Senate Died on Calendar",https://legiscan.com/KS/bill/SB8/2024/X1,https://kslegislature.gov/li_2024s/b2023_24/measures/sb8/
1882839,2147,SR1701,4,Passed,2024-06-18,"Providing for the organization of the Senate for the 2024 special session of the Legislature.","Providing for the organization of the Senate for the 2024 special session of the Legislature.",0,,2024-06-18,"Senate Enrolled on Thursday, June 20, 2024",https://legiscan.com/KS/bill/SR1701/2024/X1,https://kslegislature.gov/li_2024s/b2023_24/measures/sr1701/
1882821,2147,SR1702,4,Passed,2024-06-18,"A resolution honoring the life, career and trailblazing achievements of Kansas icon Ed Dwight.","A resolution honoring the life, career and trailblazing achievements of Kansas icon Ed Dwight.",0,,2024-06-18,"Senate Enrolled on Thursday, June 20, 2024",https://legiscan.com/KS/bill/SR1702/2024/X1,https://kslegislature.gov/li_2024s/b2023_24/measures/sr1702/
1882798,2147,SR1703,4,Passed,2024-06-18,"Recognizing November 14, 2024, as Ruby Bridges Walk to School Day.","Recognizing November 14, 2024, as Ruby Bridges Walk to School Day.",0,,2024-06-18,"Senate Enrolled on Thursday, June 20, 2024",https://legiscan.com/KS/bill/SR1703/2024/X1,https://kslegislature.gov/li_2024s/b2023_24/measures/sr1703/
1882848,2147,SCR1601,4,Passed,2024-06-18,"Informing the Governor that the two houses of the Legislature are organized and ready to receive communications.","Informing the Governor that the two houses of the Legislature are organized and ready to receive communications.",0,,2024-06-18,"Senate Enrolled and presented to Secretary of State on Thursday, June 20, 2024",https://legiscan.com/KS/bill/SCR1601/2024/X1,https://kslegislature.gov/li_2024s/b2023_24/measures/scr1601/
1882833,2147,SCR1602,6,Failed,2024-06-18,"Approving the creation of a port authority in Wyandotte County Kansas.","Approving the creation of a port authority in Wyandotte County Kansas.",0,,2024-06-18,"Senate Died on Calendar",https://legiscan.com/KS/bill/SCR1602/2024/X1,https://kslegislature.gov/li_2024s/b2023_24/measures/scr1602/
1882804,2147,SCR1603,6,Failed,2024-06-18,"Proposing to amend section 1 of article 11 of the constitution of the state of Kansas to limit property tax valuation increases for residential property.","Proposing to amend section 1 of article 11 of the constitution of the state of Kansas to limit property tax valuation increases for residential property.",0,,2024-06-18,"Senate Died on Calendar",https://legiscan.com/KS/bill/SCR1603/2024/X1,https://kslegislature.gov/li_2024s/b2023_24/measures/scr1603/
1882868,2147,SCR1604,6,Failed,2024-06-18,"Proposing to amend section 1 of article 11 of the constitution of the state of Kansas to limit property tax valuation increases for real property and personal property mobile homes.","Proposing to amend section 1 of article 11 of the constitution of the state of Kansas to limit property tax valuation increases for real property and personal property mobile homes.",0,,2024-06-18,"Senate Died on Calendar",https://legiscan.com/KS/bill/SCR1604/2024/X1,https://kslegislature.gov/li_2024s/b2023_24/measures/scr1604/
