people_id,name,first_name,middle_name,last_name,suffix,nickname,party_id,party,role_id,role,district,followthemoney_eid,votesmart_id,opensecrets_id,ballotpedia,knowwho_pid,committee_id
6694,"Elaine Bowers",Elaine,S.,Bowers,,,2,R,2,Sen,SD-036,13000542,68331,,Elaine_Bowers,249060,0
6698,"Sydney Carlin",Sydney,,Carlin,,,1,D,1,Rep,HD-066,6408970,18618,,Sydney_Carlin,212289,0
6724,"Cindy Neighbor",Cindy,,Neighbor,,,1,D,1,Rep,HD-018,6474268,34808,,Cindy_Neighbor,212280,0
6732,"Louis Ruiz",Louis,E.,Ruiz,,,1,D,1,Rep,HD-031,6464705,34820,,Louis_Ruiz,226766,0
6733,"Tom Sawyer",Tom,,Sawyer,,,1,D,1,Rep,HD-095,6409235,7023,,Tom_Sawyer_(Kansas),212277,0
6743,"Valdenia Winn",Valdenia,C.,Winn,,,1,D,1,Rep,HD-034,6409411,34866,,Valdenia_Winn,208517,0
6767,"Dan Kerschen",Dan,,Kerschen,,,2,R,2,Sen,SD-026,6677569,107298,,Dan_Kerschen,268167,0
6768,"Brenda Landwehr",Brenda,,Landwehr,,,2,R,1,Rep,HD-105,6612446,6985,,Brenda_Landwehr,194683,0
6772,"Robert Olson",Robert,,Olson,,Rob,2,R,2,Sen,SD-023,6612577,34452,,Robert_Olson,226762,0
6774,"Virgil Peck",Virgil,,Peck,Jr.,,2,R,2,Sen,SD-015,6612606,34716,,"Virgil_Peck,_Jr.",226757,0
6803,"Barbara Ballard",Barbara,W.,Ballard,,,1,D,1,Rep,HD-044,6408945,6927,,Barbara_Ballard,194636,0
6816,"Joe Seiwert",Joe,,Seiwert,,,2,R,1,Rep,HD-101,6677634,107323,,Joe_Seiwert,268174,0
6831,"David Haley",David,,Haley,,,1,D,2,Sen,SD-004,6409048,6965,,David_Haley,194626,0
6836,"Oletha Faust-Goudeau",Oletha,,Faust-Goudeau,,,1,D,2,Sen,SD-029,6409034,34890,,Oletha_Faust-Goudeau,268213,0
6838,"Ty Masterson",Ty,,Masterson,,,2,R,2,Sen,SD-016,6671671,57517,,Ty_Masterson,241430,0
6856,"Marci Francisco",Marci,,Francisco,,,1,D,2,Sen,SD-002,6464512,34489,,Marci_Francisco,226794,0
6857,"Tom Holland",Thomas,,Holland,,Tom,1,D,2,Sen,SD-003,6409084,34760,,Tom_Holland,212293,0
6863,"Carolyn McGinn",Carolyn,,McGinn,,,2,R,2,Sen,SD-031,8850968,34688,,Carolyn_McGinn,226811,0
6866,"Dennis Pyle",Dennis,D.,Pyle,,,2,R,2,Sen,SD-001,13000500,12606,,Dennis_Pyle,208519,0
6871,"Mike Petersen",Mike,,Petersen,,,2,R,2,Sen,SD-028,6625947,12657,,Mike_Petersen_(Kansas),226809,0
12663,"Richard Billinger",Richard,,Billinger,,Rick,2,R,2,Sen,SD-040,6700179,128532,,Rick_Billinger,329063,0
12674,"Randy Garber",Randy,,Garber,,,2,R,1,Rep,HD-062,6690879,125129,,Randy_Garber,311288,0
12681,"Kyle Hoffman",Kyle,D.,Hoffman,,,2,R,1,Rep,HD-116,6690980,125232,,Kyle_Hoffman,293943,0
12698,"Caryn Tyson",Caryn,,Tyson,,,2,R,2,Sen,SD-012,6665784,34467,,Caryn_Tyson,293826,0
12703,"Jeff Longbine",Jeff,,Longbine,,,2,R,2,Sen,SD-017,13011945,128208,,Jeff_Longbine,310269,0
14861,"Pat Pettey",Pat,Huggins,Pettey,,,1,D,2,Sen,SD-006,6421497,7013,,Pat_Pettey,424106,0
15637,"John Alcala",John,,Alcala,,,1,D,1,Rep,HD-057,13703446,73317,,John_Alcala,425289,0
15644,"Will Carpenter",Will,G.,Carpenter,,,2,R,1,Rep,HD-075,13011943,86398,,Will_Carpenter,425312,0
15645,"J.R. Claeys",J.R.,,Claeys,,,2,R,2,Sen,SD-024,13010833,125027,,J.R._Claeys,425304,0
15646,"Stephanie Clayton",Stephanie,,Sawyer-Clayton,,,1,D,1,Rep,HD-019,6690817,125047,,Stephanie_Clayton,293843,0
15647,"Susan Concannon",Susan,L.,Concannon,,,2,R,1,Rep,HD-107,13703500,140849,,Susan_L._Concannon,425342,0
15648,"Ken Corbet",Ken,,Corbet,,,2,R,1,Rep,HD-054,13703442,138058,,Ken_Corbet,410321,0
15651,"John Doll",John,,Doll,,,2,R,2,Sen,SD-039,8806784,67769,,John_Doll_(Kansas),424137,0
15658,"Dan Hawkins",Dan,,Hawkins,,,2,R,1,Rep,HD-100,13703488,140839,,Daniel_Hawkins_(Kansas),425334,0
15661,"Michael Houser",Michael,,Houser,,,2,R,1,Rep,HD-001,6690781,125035,,Michael_Houser_(Kansas),311160,0
15677,"Ronald Ryckman",Ronald,,Ryckman,Sr.,,2,R,2,Sen,SD-038,13703512,113957,,Ronald_Ryckman,330119,0
15679,"Bill Sutton",William,,Sutton,,Bill,2,R,1,Rep,HD-043,13703429,138061,,Bill_Sutton,410309,0
15682,"Troy Waymaster",Troy,L.,Waymaster,,,2,R,1,Rep,HD-109,8920028,140852,,Troy_L._Waymaster,420124,0
15683,"Virgil Weigel",Virgil,,Weigel,,,1,D,1,Rep,HD-056,13703445,140799,,Virgil_Weigel,425287,0
16173,"John Carmichael",John,,Carmichael,,,1,D,1,Rep,HD-092,8770083,151210,,John_Carmichael_(Kansas),471426,0
16233,"Pam Curtis",Pam,,Curtis,,,1,D,1,Rep,HD-032,24844618,151914,,Pam_Curtis,490032,0
16248,"Molly Baumgardner",Molly,,Baumgardner,,,2,R,2,Sen,SD-037,24844712,152463,,Molly_Baumgardner,498534,0
17011,"Richard Wilborn",Richard,,Wilborn,,,2,R,2,Sen,SD-035,7911683,152461,,Rick_Wilborn,523796,0
17259,"Blake Carpenter",Blake,,Carpenter,,,2,R,1,Rep,HD-081,24844661,152996,,Blake_Carpenter,500386,0
17389,"Shannon Francis",Shannon,G.,Francis,,,2,R,1,Rep,HD-125,24844706,85931,,Shannon_Francis,499612,0
17392,"Dennis Highberger",Dennis,,Highberger,,Boog,1,D,1,Rep,HD-046,24844628,73994,,Dennis_Highberger,494758,0
17393,"Jarrod Ousley",Jarrod,,Ousley,,,1,D,1,Rep,HD-024,24844614,152963,,Jarrod_Ousley,500838,0
17579,"Kristey Williams",Kristey,S.,Williams,,,2,R,1,Rep,HD-077,8812946,152437,,Kristey_Williams,499611,0
17602,"Charles Smith",Charles,,Smith,,Chuck,2,R,1,Rep,HD-003,24844589,171752,,Charles_Smith_(Maryland),500350,0
17847,"Ken Rahjes",Ken,,Rahjes,,,2,R,1,Rep,HD-110,40609442,167130,,Ken_Rahjes,408869,0
17848,"Henry Helgerson",Henry,,Helgerson,,,1,D,1,Rep,HD-083,6421376,6969,,Henry_Helgerson,194678,0
18440,"Vic Miller",Vic,,Miller,,T-Bone,1,D,1,Rep,HD-058,40609428,85428,,Vic_Miller,583200,0
18441,"KC Ohaebosim",KC,,Ohaebosim,,,1,D,1,Rep,HD-089,6494084,107061,,KC_Ohaebosim,415749,0
18442,"Jeff Pittman",Jeffrey,,Pittman,,Jeff,1,D,2,Sen,SD-005,40609440,171873,,Jeff_Pittman_(Kansas),575316,0
18651,"Dinah Sykes",Dinah,H.,Sykes,,,1,D,2,Sen,SD-021,40609508,171684,,Dinah_Sykes,556650,0
18836,"Adam Smith",Adam,W.,Smith,,,2,R,1,Rep,HD-120,24844703,116224,,Adam_Smith_(Kansas),500398,0
18837,"Eric Smith",Eric,L.,Smith,,,2,R,1,Rep,HD-076,40609453,171952,,Eric_Smith_(Kansas),584431,0
18839,"Francis Awerkamp",Francis,,Awerkamp,,,2,R,1,Rep,HD-061,8893095,171927,,Francis_Awerkamp,582382,0
18842,"Douglas Blex",Douglas,,Blex,,,2,R,1,Rep,HD-012,14443340,171775,,Doug_Blex,583191,0
18846,"Leo Delperdang",Leo,,Delperdang,,,2,R,1,Rep,HD-094,40609372,171988,,Leo_Delperdang,586020,0
18847,"Brenda Dietrich",Brenda,S.,Dietrich,,,2,R,2,Sen,SD-020,15673767,171910,,Brenda_Dietrich,573097,0
18849,"Ronald Ellis",Ronald,B.,Ellis,,,2,R,1,Rep,HD-047,13703886,140713,,Ronald_Ellis_(Kansas),425123,0
18850,"John Eplee",John,R.,Eplee,,,2,R,1,Rep,HD-063,8779519,171929,,John_Eplee,569182,0
18854,"Cindy Holscher",Cindy,,Holscher,,,1,D,2,Sen,SD-008,39431621,171793,,Cindy_Holscher,562138,0
18855,"Susan Humphries",Susan,,Humphries,,,2,R,1,Rep,HD-099,8849917,172004,,Susan_Humphries,581712,0
18856,"Trevor Jacobs",Trevor,,Jacobs,,,2,R,1,Rep,HD-004,15740312,171757,,Trevor_Jacobs,584419,0
18869,"Mark Schreiber",Mark,,Schreiber,,,2,R,1,Rep,HD-060,8777244,171923,,Mark_Schreiber,584938,0
18870,"Jerry Stogsdill",Jerry,,Stogsdill,,,1,D,1,Rep,HD-021,40609454,171811,,Jerry_Stogsdill,578115,0
18871,"Sean Tarwater",Sean,E.,Tarwater,Sr.,,2,R,1,Rep,HD-027,40609456,171828,,Sean_Tarwater_Sr.,567158,0
18963,"Larry Alley",Larry,W.,Alley,,,2,R,2,Sen,SD-032,6536324,128209,,Larry_Alley,311299,0
18966,"Dan Goddard",Dan,,Goddard,,,2,R,1,Rep,HD-007,40609479,171668,,Dan_Goddard,583187,0
19297,"John Resman",John,,Resman,,,2,R,1,Rep,HD-121,43139716,176181,,John_Resman,622353,0
19540,"Jason Probst",Jason,,Probst,,,1,D,1,Rep,HD-102,44259127,177881,,Jason_Probst,629524,0
19553,"Emil Bergquist",Emil,,Bergquist,,,2,R,1,Rep,HD-091,14443369,177880,,Emil_Bergquist,654268,0
20149,"Bill Rhiley",Bill,,Rhiley,,,2,R,1,Rep,HD-080,45399256,183575,,Bill_Rhiley,653658,0
20250,"Mary Ware",Mary,,Ware,,,1,D,2,Sen,SD-025,47033143,186030,,Mary_Ware,693623,0
20436,"Nick Hoheisel",Nick,,Hoheisel,,,2,R,1,Rep,HD-097,40609393,171996,,Nick_Hoheisel,573105,0
20818,"Brandon Woodard",Brandon,,Woodard,,,1,D,1,Rep,HD-108,44364925,183545,,Brandon_Woodard,667877,0
21060,"Susan Ruiz",Susan,,Ruiz,,,1,D,1,Rep,HD-023,45399259,183533,,Susan_Ruiz_(Kansas),668210,0
21062,"Rui Xu",Rui,,Xu,,,1,D,1,Rep,HD-025,45399288,183534,,Rui_Xu,668212,0
21067,"Mike Amyx",Mike,,Amyx,,,1,D,1,Rep,HD-045,17490086,73996,,Mike_Amyx,668860,0
21069,"Kenneth Collins",Kenneth,,Collins,,,2,R,1,Rep,HD-002,45399193,183509,,Kenneth_Collins_(Kansas),643438,0
21070,"Chris Croft",Chris,,Croft,,,2,R,1,Rep,HD-008,45399195,183515,,Chris_Croft,668813,0
21071,"Renee Erickson",Renee,,Erickson,,,2,R,2,Sen,SD-030,16293100,171710,,Renee_Erickson,575310,0
21079,"Stephen Owens",Stephen,,Owens,,,2,R,1,Rep,HD-074,45399251,183573,,Stephen_Owens,663023,0
21082,"Adam Thomas",Adam,,Thomas,,,2,R,1,Rep,HD-026,45399274,183536,,Adam_Thomas,668840,0
21084,"Paul Waggoner",Paul,,Waggoner,,,2,R,1,Rep,HD-104,15842276,183585,,Paul_Waggoner,668920,0
21085,"Kellie Warren",Kellie,,Warren,,,2,R,2,Sen,SD-011,37045603,183542,,Kellie_Warren,664947,0
21086,"Barbara Wasinger",Barbara,,Wasinger,,,2,R,1,Rep,HD-111,44363063,145676,,Barbara_Wasinger,656145,0
21334,"Alicia Straub",Alicia,,Straub,,,2,R,2,Sen,SD-033,49117282,159120,,Alicia_Straub,699696,0
21512,"Mike Thompson",Mike,,Thompson,,,2,R,2,Sen,SD-010,8783090,190030,,Mike_Thompson_(Kansas),729713,0
22007,"Christina Haswood",Christina,,Haswood,,,1,D,1,Rep,HD-010,50052562,193011,,Christina_Haswood,743282,0
22008,"Lance Neelly",Lance,W.,Neelly,,,2,R,1,Rep,HD-042,45399249,183553,,Lance_Neelly,664950,0
22009,"Pat Proctor",Patrick,,Proctor,,Pat,2,R,1,Rep,HD-041,47946263,193010,,Pat_Proctor,739513,0
22010,"Timothy Johnson",Timothy,H.,Johnson,,,2,R,1,Rep,HD-038,50052585,193023,,Timothy_Johnson_(Kansas),739451,0
22113,"Michael Fagg",Michael,A.,Fagg,,,2,R,2,Sen,SD-014,50052670,192911,,Michael_Fagg,743197,0
22114,"Rick Kloos",Richard,G.,Kloos,,Rick,2,R,2,Sen,SD-019,44000991,184118,,Rick_Kloos,640269,0
22115,"Mark Steffen",Mark,,Steffen,,,2,R,2,Sen,SD-034,37909767,192936,,Mark_Steffen_(Kansas),743261,0
22116,"Lindsay Vaughn",Lindsay,,Vaughn,,,1,D,1,Rep,HD-022,50052572,193046,,Lindsay_Vaughn,739436,0
22439,"Michael Murphy",Michael,,Murphy,,,2,R,1,Rep,HD-114,41410324,192945,,Michael_Murphy_(Kansas),739553,0
22492,"Ethan Corson",Ethan,,Corson,,,1,D,2,Sen,SD-007,4637439,192899,,Ethan_Corson,541890,0
22493,"Beverly Gossage",Beverly,E.,Gossage,,,2,R,2,Sen,SD-009,19117543,152454,,Beverly_Gossage,753120,0
22494,"Kristen O'Shea",Kristen,,O'Shea,,,2,R,2,Sen,SD-018,50052675,192914,,Kristen_O'Shea,743250,0
22581,"Avery Anderson",Avery,,Anderson,,,2,R,1,Rep,HD-072,50052616,192987,,Avery_Anderson,743365,0
22582,"Brian Bergkamp",Brian,,Bergkamp,,,2,R,1,Rep,HD-093,50052638,192964,,Brian_Bergkamp,743408,0
22583,"Jesse Borjon",Jesse,,Borjon,,,2,R,1,Rep,HD-052,50052599,193001,,Jesse_Borjon,739517,0
22585,"Mike Dodson",Michael,,Dodson,,Mike,2,R,1,Rep,HD-067,50052609,159016,,Mike_Dodson,743350,0
22586,"Brett Fairchild",Brett,,Fairchild,,,2,R,1,Rep,HD-113,45399204,183591,,Brett_Fairchild,653661,0
22587,"Linda Featherston",Linda,,Featherston,,,1,D,1,Rep,HD-016,26826630,193015,,Linda_Featherston,739431,0
22588,"Steven Howe",Steven,K.,Howe,,,2,R,1,Rep,HD-071,26811410,192988,,Steven_Howe,232485,0
22589,"Jo Ella Hoye","Jo Ella",,Hoye,,,1,D,1,Rep,HD-017,43138639,193017,,Jo_Ella_Hoye,739432,0
22590,"Tom Kessler",Tom,,Kessler,,,2,R,1,Rep,HD-096,50052643,192960,,Tom_Kessler,739537,0
22592,"Jim Minnix",Jim,,Minnix,,,2,R,1,Rep,HD-118,50052660,131680,,Jim_Minnix,739554,0
22593,"Lisa Moser",Lisa,M.,Moser,,,2,R,1,Rep,HD-106,50052654,192949,,Lisa_Moser_(Kansas),739542,0
22594,"Patrick Penn",Patrick,,Penn,,,2,R,1,Rep,HD-085,49451532,192974,,Patrick_Penn,739529,0
22595,"Samantha Poetter Parshall",Samantha,M.,"Poetter Parshall",,,2,R,1,Rep,HD-006,50052558,192934,,Samantha_Poetter,743279,0
22596,"Mari-Lynn Poskin",Mari-Lynn,,Poskin,,,1,D,1,Rep,HD-020,44981186,193042,,Mari-Lynn_Poskin,739434,0
22597,"Clarke Sanders",Clarke,,Sanders,,,2,R,1,Rep,HD-069,6626555,34817,,Clarke_Sanders,743353,0
22598,"Carl Turner",Carl,,Turner,,,2,R,1,Rep,HD-028,8784222,193036,,Carl_Turner,743314,0
22853,"Susan Estes",Susan,Oliver,Estes,,,2,R,1,Rep,HD-087,50052629,192967,,Susan_Estes,739531,0
22977,"Bill Clifford",Bill,,Clifford,,,2,R,1,Rep,HD-122,8958669,159234,,Bill_Clifford,717798,0
22978,"Cyndi Howerton",Cyndi,,Howerton,,,2,R,1,Rep,HD-098,50052628,192972,,Cyndi_Howerton,739530,0
22979,"Heather Meyer",Heather,,Meyer,,,1,D,1,Rep,HD-029,24844615,152373,,Heather_Meyer,499608,0
22980,"Dan Osman",Dan,,Osman,,,1,D,1,Rep,HD-048,54461303,197558,,Dan_Osman,780952,0
23045,"Leah Howell",Leah,,Howell,,,2,R,1,Rep,HD-082,54461301,201923,,Leah_Howell,795614,0
23743,"Carrie Barth",Carrie,,Barth,,,2,R,1,Rep,HD-005,55692911,207986,,Carrie_Barth,0,0
23744,"Scott Hill",Scott,,Hill,,,2,R,1,Rep,HD-070,55692967,208110,,Scott_Hill,0,0
23779,"David Buehler",David,,Buehler,,,2,R,1,Rep,HD-040,55692944,208006,,David_Buehler,0,0
23780,"Robyn Essex",Robyn,R.,Essex,,,2,R,1,Rep,HD-078,55692970,208114,,Robyn_Essex,0,0
23781,"Carl Maughan",Carl,,Maughan,,,2,R,1,Rep,HD-090,46760766,208133,,Carl_Maughan,0,0
23782,"Sandy Pickert",Sandy,,Pickert,,,2,R,1,Rep,HD-088,47950829,0,,Sandy_Pickert,0,0
23783,"Adam Turk",Adam,,Turk,,,2,R,1,Rep,HD-117,55693002,208158,,Adam_Turk,0,0
23784,"Jeff Underhill",Jeff,,Underhill,,,2,R,1,Rep,HD-065,55692961,208102,,Jeff_Underhill,0,0
24491,"Nathan Butler",Nathan,,Butler,,Nate,2,R,1,Rep,HD-068,55692964,208107,,Nathan_Butler,812830,0
24658,"Chase Blasi",Chase,,Blasi,,,2,R,2,Sen,SD-027,0,0,,Chase_Blasi,0,0
24659,"Lewis Bloom",Lewis,,Bloom,,Bill,2,R,1,Rep,HD-064,55692960,208099,,Lewis_Bloom,0,0
24661,"Duane Droge",Duane,,Droge,,,2,R,1,Rep,HD-013,0,0,,,0,0
24662,"Fred Gardner",Fred,,Gardner,,,2,R,1,Rep,HD-009,55692913,207987,,Fred_Gardner,0,0
24663,"Jason Goetz",Jason,W.,Goetz,,,2,R,1,Rep,HD-119,55693003,210246,,Jason_Goetz,0,0
24664,"Kirk Haskins",Kirk,R.,Haskins,,,1,D,1,Rep,HD-053,55692952,210234,,Kirk_Haskins,0,0
24665,"Allison Hougland",Allison,,Hougland,,,1,D,1,Rep,HD-015,55692918,0,,Allison_Hougland,0,0
24666,"Bob Lewis",Bob,,Lewis,,,2,R,1,Rep,HD-123,55693006,208160,,Bob_Lewis_(Kansas),0,0
24667,"Angela Martinez",Angela,,Martinez,,,1,D,1,Rep,HD-103,55692988,140844,,Angela_Martinez,0,0
24668,"Lynn Melton",Lynn,,Melton,,,1,D,1,Rep,HD-036,55692941,208002,,Lynn_Melton,0,0
24669,"Dennis Miller",Dennis,,Miller,,,1,D,1,Rep,HD-014,40310460,0,,Dennis_Miller_(Kansas),812197,0
24670,"Silas Miller",Silas,,Miller,,,1,D,1,Rep,HD-086,55692979,210242,,Silas_Miller,812985,0
24671,"Melissa Oropeza",Melissa,,Oropeza,,,1,D,1,Rep,HD-037,55692942,208003,,Melissa_Oropeza,0,0
24672,"Usha Reddi",Usha,,Reddi,,,1,D,2,Sen,SD-022,0,146311,,Usha_Reddi,0,0
24673,"Webster Roth",Webster,T.,Roth,,,2,R,1,Rep,HD-079,55692973,208116,,Webster_Roth,0,0
24674,"Rebecca Schmoe",Rebecca,,Schmoe,,,2,R,1,Rep,HD-059,55692957,208096,,Rebecca_Schmoe,0,0
24675,"Kenny Titus",Kenny,,Titus,,,2,R,1,Rep,HD-051,55692950,208090,,Kenny_Titus,0,0
24676,"Gary White",Gary,,White,,,2,R,1,Rep,HD-115,55692998,208151,,Gary_White,0,0
24677,"Laura Williams",Laura,,Williams,,,2,R,1,Rep,HD-030,50052579,0,,Laura_Williams,0,0
24678,"David Younger",David,,Younger,,,2,R,1,Rep,HD-124,41831943,208161,,David_Younger,0,0
24784,"Tobias Schlingensiepen",Tobias,"J. H.",Schlingensiepen,,,1,D,1,Rep,HD-055,8911994,140710,,Tobias_Schlingensiepen,425120,0
24818,"Ron Bryce",Ron,,Bryce,,,2,R,1,Rep,HD-011,55692915,207989,,Ron_Bryce,812193,0
24819,"Marvin Robinson",Marvin,S.,Robinson,II,,1,D,1,Rep,HD-035,55692939,208001,,Marvin_Robinson_II,812607,0
24856,"Tory Blew",Tory,Marie,Arnberger-Blew,,,2,R,1,Rep,HD-112,40609345,172040,,Tory_Marie_Blew,0,0
24857,"Ford Carr",Ford,,Carr,,,1,D,1,Rep,HD-084,55692976,210963,,Ford_Carr,0,0
24862,"Mike Thompson",Mike,,Thompson,,,2,R,1,Rep,HD-033,55644744,207999,,Mike_Thompson_(Kansas_House_candidate),812587,0
24866,"Tim Shallenburger",Tim,,Shallenburger,,,2,R,2,Sen,SD-013,6612676,0,,,0,0
25024,"Nikki McDonald",Nikki,,McDonald,,,1,D,1,Rep,HD-049,59725049,214418,,Nikki_McDonald,0,0
25025,"Kyle McNorton",Kyle,C.,McNorton,,,2,R,1,Rep,HD-050,0,0,,,0,0
25176,"Angela Stiens",Angela,,Stiens,,,2,R,1,Rep,HD-039,0,0,,,0,0
25206,"Lori Shultz",Lori,,Shultz,,,2,R,1,Rep,HD-073,0,0,,,0,0
