bill_id,session_id,bill_number,status,status_desc,status_date,title,description,committee_id,committee,last_action_date,last_action,url,state_link
1368300,1746,HB2001,6,Failed,2020-06-04,"Adding a public defender to the Kansas criminal justice reform commission, allowing nonlegislator members to receive mileage, tolls and parking, and extending the due date for the final report of the commission.","Adding a public defender to the Kansas criminal justice reform commission, allowing nonlegislator members to receive mileage, tolls and parking, and extending the due date for the final report of the commission.",0,,2020-06-04,"House Died in Committee",https://legiscan.com/KS/bill/HB2001/2020/X1,http://kslegislature.org/li_2020s/b2020s/measures/hb2001/
1368302,1746,HB2002,6,Failed,2020-06-04,"Creating a drug abuse treatment program for people on diversion and allowing county attorneys to enter into agreements with court services and community corrections for supervision.","Creating a drug abuse treatment program for people on diversion and allowing county attorneys to enter into agreements with court services and community corrections for supervision.",0,,2020-06-04,"House Died in Committee",https://legiscan.com/KS/bill/HB2002/2020/X1,http://kslegislature.org/li_2020s/b2020s/measures/hb2002/
1368306,1746,HB2003,6,Failed,2020-06-04,"Providing for the property tax abatement of certain buildings or improvements destroyed or substantially destroyed by natural disaster.","Providing for the property tax abatement of certain buildings or improvements destroyed or substantially destroyed by natural disaster.",0,,2020-06-04,"House Died in Committee",https://legiscan.com/KS/bill/HB2003/2020/X1,http://kslegislature.org/li_2020s/b2020s/measures/hb2003/
1368318,1746,HB2004,6,Failed,2020-06-04,"Increasing good time and program credits for certain offenders.","Increasing good time and program credits for certain offenders.",0,,2020-06-04,"House Died in Committee",https://legiscan.com/KS/bill/HB2004/2020/X1,http://kslegislature.org/li_2020s/b2020s/measures/hb2004/
1368323,1746,HB2005,6,Failed,2020-06-04,"Updating the angel investor tax credit with respect to the definition of qualified securities, tax credit limitations and amounts, investor requirements, requirements for designation as a qualified Kansas business, application to bioscience businesses and extending the date that credits may be allowed.","Updating the angel investor tax credit with respect to the definition of qualified securities, tax credit limitations and amounts, investor requirements, requirements for designation as a qualified Kansas business, application to bioscience businesses and extending the date that credits may be allowed.",0,,2020-06-04,"House Died in Committee",https://legiscan.com/KS/bill/HB2005/2020/X1,http://kslegislature.org/li_2020s/b2020s/measures/hb2005/
1368305,1746,HB2006,6,Failed,2020-06-04,"Expanding medical assistance eligibility and implementing a health insurance plan reinsurance program.","Expanding medical assistance eligibility and implementing a health insurance plan reinsurance program.",0,,2020-06-04,"House Died in Committee",https://legiscan.com/KS/bill/HB2006/2020/X1,http://kslegislature.org/li_2020s/b2020s/measures/hb2006/
1368327,1746,HB2007,6,Failed,2020-06-04,"Amending workers compensation law regarding occupational diseases to provide certain presumptions for compensation for COVID-19 with respect to all employers.","Amending workers compensation law regarding occupational diseases to provide certain presumptions for compensation for COVID-19 with respect to all employers.",0,,2020-06-04,"House Died in Committee",https://legiscan.com/KS/bill/HB2007/2020/X1,http://kslegislature.org/li_2020s/b2020s/measures/hb2007/
1368298,1746,HB2008,6,Failed,2020-06-04,"Authorizing the Kansas department of transportation to issue up to $100,000,000 in additional bonds during the fiscal year ending June 30, 2021.","Authorizing the Kansas department of transportation to issue up to $100,000,000 in additional bonds during the fiscal year ending June 30, 2021.",0,,2020-06-04,"House Died in Committee",https://legiscan.com/KS/bill/HB2008/2020/X1,http://kslegislature.org/li_2020s/b2020s/measures/hb2008/
1368326,1746,HB2009,6,Failed,2020-06-04,"Enacting the 2020 general election health and safety advance voting act requiring all registered voters to receive an advance voting ballot for the November election, unless the voter opts out of receiving such advance ballot.","Enacting the 2020 general election health and safety advance voting act requiring all registered voters to receive an advance voting ballot for the November election, unless the voter opts out of receiving such advance ballot.",0,,2020-06-04,"House Died in Committee",https://legiscan.com/KS/bill/HB2009/2020/X1,http://kslegislature.org/li_2020s/b2020s/measures/hb2009/
1368315,1746,HB2010,6,Failed,2020-06-04,"Prohibiting hire of certain law enforcement officers with history of serious misconduct allegations and making certain law enforcement disciplinary records public records.","Prohibiting hire of certain law enforcement officers with history of serious misconduct allegations and making certain law enforcement disciplinary records public records.",0,,2020-06-04,"House Died in Committee",https://legiscan.com/KS/bill/HB2010/2020/X1,http://kslegislature.org/li_2020s/b2020s/measures/hb2010/
1368313,1746,HB2011,6,Failed,2020-06-04,"Increasing the income tax credit for household and dependent care expenses.","Increasing the income tax credit for household and dependent care expenses.",0,,2020-06-04,"House Died in Committee",https://legiscan.com/KS/bill/HB2011/2020/X1,http://kslegislature.org/li_2020s/b2020s/measures/hb2011/
1368316,1746,HB2012,6,Failed,2020-06-04,"Exempting sales of food and food ingredients from the sales and compensating use tax.","Exempting sales of food and food ingredients from the sales and compensating use tax.",0,,2020-06-04,"House Died in Committee",https://legiscan.com/KS/bill/HB2012/2020/X1,http://kslegislature.org/li_2020s/b2020s/measures/hb2012/
1368301,1746,HB2013,6,Failed,2020-06-04,"Decreasing the sales and use tax rate on food and food ingredients.","Decreasing the sales and use tax rate on food and food ingredients.",0,,2020-06-04,"House Died in Committee",https://legiscan.com/KS/bill/HB2013/2020/X1,http://kslegislature.org/li_2020s/b2020s/measures/hb2013/
1368324,1746,HB2014,6,Failed,2020-06-04,"Requiring marketplace facilitators to collect and remit sales and compensating use tax and providing nexus for retailers doing business in this state.","Requiring marketplace facilitators to collect and remit sales and compensating use tax and providing nexus for retailers doing business in this state.",0,,2020-06-04,"House Died in Committee",https://legiscan.com/KS/bill/HB2014/2020/X1,http://kslegislature.org/li_2020s/b2020s/measures/hb2014/
1368314,1746,HB2015,6,Failed,2020-06-04,"Expanding the military spouse and service member's expedited licensure law to all applicants who have established or intend to establish residency in Kansas.","Expanding the military spouse and service member's expedited licensure law to all applicants who have established or intend to establish residency in Kansas.",0,,2020-06-04,"House Died in Committee",https://legiscan.com/KS/bill/HB2015/2020/X1,http://kslegislature.org/li_2020s/b2020s/measures/hb2015/
1368299,1746,HB2016,4,Passed,2020-06-04,"Enacting the governmental response to the 2020 COVID-19 pandemic in Kansas and providing certain relief related to health, welfare, property and economic security during this public health emergency.","Enacting the governmental response to the 2020 COVID-19 pandemic in Kansas and providing certain relief related to health, welfare, property and economic security during this public health emergency.",0,,2020-06-04,"House Approved by Governor on Monday, June 8, 2020",https://legiscan.com/KS/bill/HB2016/2020/X1,http://kslegislature.org/li_2020s/b2020s/measures/hb2016/
1368329,1746,HB2017,6,Failed,2020-06-04,"Creating the Kansas equal access act to authorize the use of medical marijuana.","Creating the Kansas equal access act to authorize the use of medical marijuana.",0,,2020-06-04,"House Died in Committee",https://legiscan.com/KS/bill/HB2017/2020/X1,http://kslegislature.org/li_2020s/b2020s/measures/hb2017/
1368332,1746,HB2018,6,Failed,2020-06-04,"Amending workers compensation law regarding occupational diseases to provide certain presumptions for compensation for COVID-19 with respect to all employers.","Amending workers compensation law regarding occupational diseases to provide certain presumptions for compensation for COVID-19 with respect to all employers.",0,,2020-06-04,"House Died in Committee",https://legiscan.com/KS/bill/HB2018/2020/X1,http://kslegislature.org/li_2020s/b2020s/measures/hb2018/
1368330,1746,HB2019,6,Failed,2020-06-04,"Establishing the office of the child advocate for children's protection and services.","Establishing the office of the child advocate for children's protection and services.",0,,2020-06-04,"House Died in Committee",https://legiscan.com/KS/bill/HB2019/2020/X1,http://kslegislature.org/li_2020s/b2020s/measures/hb2019/
1368331,1746,HB2020,6,Failed,2020-06-04,"Amending unemployment insurance disqualification provisions relating to dates disqualification begins, illness or injury, pension or retirement pay and employment for an educational institution and suspending certain civil penalties.","Amending unemployment insurance disqualification provisions relating to dates disqualification begins, illness or injury, pension or retirement pay and employment for an educational institution and suspending certain civil penalties.",0,,2020-06-04,"House Died in Committee",https://legiscan.com/KS/bill/HB2020/2020/X1,http://kslegislature.org/li_2020s/b2020s/measures/hb2020/
1368384,1746,HB2021,6,Failed,2020-06-04,"Decreasing the sales and use tax rate on food and food ingredients and providing for future formulaic rate adjustments.","Decreasing the sales and use tax rate on food and food ingredients and providing for future formulaic rate adjustments.",0,,2020-06-04,"House Died in Committee",https://legiscan.com/KS/bill/HB2021/2020/X1,http://kslegislature.org/li_2020s/b2020s/measures/hb2021/
1368467,1746,HB2022,6,Failed,2020-06-04,"Authorizing the state board of regents on behalf of Kansas state university to sell certain real property in Saline county.","Authorizing the state board of regents on behalf of Kansas state university to sell certain real property in Saline county.",0,,2020-06-04,"House Died in Committee",https://legiscan.com/KS/bill/HB2022/2020/X1,http://kslegislature.org/li_2020s/b2020s/measures/hb2022/
1368170,1746,HR6001,4,Passed,2020-06-03,"Providing for the organization of the House of Representatives for the 2020 special session.","Providing for the organization of the House of Representatives for the 2020 special session.",0,,2020-06-03,"House Enrolled on Thursday, June 4, 2020",https://legiscan.com/KS/bill/HR6001/2020/X1,http://kslegislature.org/li_2020s/b2020s/measures/hr6001/
1368169,1746,HR6002,4,Passed,2020-06-03,"Providing for assignment of seats in the House of Representatives for the 2020 special session.","Providing for assignment of seats in the House of Representatives for the 2020 special session.",0,,2020-06-03,"House Enrolled on Thursday, June 4, 2020",https://legiscan.com/KS/bill/HR6002/2020/X1,http://kslegislature.org/li_2020s/b2020s/measures/hr6002/
1368171,1746,HCR5001,4,Passed,2020-06-04,"Providing for the appointment of a committee to inform the governor that the legislature is organized and ready to receive communications during the 2020 special session.","Providing for the appointment of a committee to inform the governor that the legislature is organized and ready to receive communications during the 2020 special session.",0,,2020-06-04,"House Enrolled and presented to Secretary of State on Monday, June 8, 2020",https://legiscan.com/KS/bill/HCR5001/2020/X1,http://kslegislature.org/li_2020s/b2020s/measures/hcr5001/
1368322,1746,HCR5002,6,Failed,2020-06-04,"Condemning all acts of police brutality, racial profiling and the use of excessive and militarized force throughout the country.","Condemning all acts of police brutality, racial profiling and the use of excessive and militarized force throughout the country.",0,,2020-06-04,"House Died in Committee",https://legiscan.com/KS/bill/HCR5002/2020/X1,http://kslegislature.org/li_2020s/b2020s/measures/hcr5002/
1368167,1746,SB1,6,Failed,2020-06-04,"Amending workers compensation law regarding occupational diseases to provide certain presumptions for compensation for COVID-19 with respect to all employers.","Amending workers compensation law regarding occupational diseases to provide certain presumptions for compensation for COVID-19 with respect to all employers.",0,,2020-06-04,"Senate Died in Committee",https://legiscan.com/KS/bill/SB1/2020/X1,http://kslegislature.org/li_2020s/b2020s/measures/sb1/
1368173,1746,SB2,6,Failed,2020-06-04,"Providing for the property tax abatement of certain buildings or improvements destroyed or substantially destroyed by natural disaster.","Providing for the property tax abatement of certain buildings or improvements destroyed or substantially destroyed by natural disaster.",0,,2020-06-04,"Senate Died on General Orders",https://legiscan.com/KS/bill/SB2/2020/X1,http://kslegislature.org/li_2020s/b2020s/measures/sb2/
1368172,1746,SB3,6,Failed,2020-06-04,"Enacting the COVID-19 state tax abatement and relief (COSTAR) act providing a temporary retailers' sales tax exemption.","Enacting the COVID-19 state tax abatement and relief (COSTAR) act providing a temporary retailers' sales tax exemption.",0,,2020-06-04,"Senate Died in Committee",https://legiscan.com/KS/bill/SB3/2020/X1,http://kslegislature.org/li_2020s/b2020s/measures/sb3/
1368320,1746,SB4,6,Failed,2020-06-04,"Enacting the Kansas taxpayer protection act; extending certain income tax return filing and payment deadlines; establishing notice and public hearing requirements prior to approval by a governing body to exceed its revenue neutral rate for the imposition of property tax and discontinuing the city and county tax lid; providing a waiver of interest and fees on certain delinquent property taxes for a period of time and delaying preparation of delinquent real estate tax list and notice; prohibiting valuation increase for real property solely as the result of normal repair, replacement or maintenance of existing structure; and providing authority to establish a payment plan.","Enacting the Kansas taxpayer protection act; extending certain income tax return filing and payment deadlines; establishing notice and public hearing requirements prior to approval by a governing body to exceed its revenue neutral rate for the imposition of property tax and discontinuing the city and county tax lid; providing a waiver of interest and fees on certain delinquent property taxes for a period of time and delaying preparation of delinquent real estate tax list and notice; prohibiting valuation increase for real property solely as the result of normal repair, replacement or maintenance of existing structure; and providing authority to establish a payment plan.",0,,2020-06-04,"Senate Died on General Orders",https://legiscan.com/KS/bill/SB4/2020/X1,http://kslegislature.org/li_2020s/b2020s/measures/sb4/
1368317,1746,SB5,6,Failed,2020-06-04,"Creating the Kansas promise scholarship act; requiring a Kansas foster care children annual academic report card; authorizing the state board of regents on behalf of Kansas state university to sell certain real property in Saline county; providing payment or waiver of tuition for certain dually or concurrently enrolled students; authorizing the practice of the healing arts by healing arts school clinics; and providing ACT college entrance exams and workkeys assessments to nonpublic school students.","Creating the Kansas promise scholarship act; requiring a Kansas foster care children annual academic report card; authorizing the state board of regents on behalf of Kansas state university to sell certain real property in Saline county; providing payment or waiver of tuition for certain dually or concurrently enrolled students; authorizing the practice of the healing arts by healing arts school clinics; and providing ACT college entrance exams and workkeys assessments to nonpublic school students.",0,,2020-06-04,"Senate Died on General Orders",https://legiscan.com/KS/bill/SB5/2020/X1,http://kslegislature.org/li_2020s/b2020s/measures/sb5/
1368309,1746,SB6,6,Failed,2020-06-04,"Enacting a program of early release and house arrest for certain inmates due to the COVID-19 pandemic.","Enacting a program of early release and house arrest for certain inmates due to the COVID-19 pandemic.",0,,2020-06-04,"Senate Died in Committee",https://legiscan.com/KS/bill/SB6/2020/X1,http://kslegislature.org/li_2020s/b2020s/measures/sb6/
1368307,1746,SB7,6,Failed,2020-06-04,"Enacting the governmental response to the 2020 COVID-19 pandemic in Kansas and providing certain relief related to health, welfare, property and economic security during this public health emergency.","Enacting the governmental response to the 2020 COVID-19 pandemic in Kansas and providing certain relief related to health, welfare, property and economic security during this public health emergency.",0,,2020-06-04,"Senate Died in Committee",https://legiscan.com/KS/bill/SB7/2020/X1,http://kslegislature.org/li_2020s/b2020s/measures/sb7/
1368308,1746,SB8,6,Failed,2020-06-04,"Enacting the governmental response to the 2020 COVID-19 pandemic in Kansas and providing certain relief related to health, welfare, property and economic security during this public health emergency.","Enacting the governmental response to the 2020 COVID-19 pandemic in Kansas and providing certain relief related to health, welfare, property and economic security during this public health emergency.",0,,2020-06-04,"Senate Died in Committee",https://legiscan.com/KS/bill/SB8/2020/X1,http://kslegislature.org/li_2020s/b2020s/measures/sb8/
1368411,1746,SB9,6,Failed,2020-06-04,"Providing for abatement of property tax for certain buildings or improvements destroyed or substantially destroyed by natural disaster.","Providing for abatement of property tax for certain buildings or improvements destroyed or substantially destroyed by natural disaster.",0,,2020-06-04,"Senate Died on Calendar",https://legiscan.com/KS/bill/SB9/2020/X1,http://kslegislature.org/li_2020s/b2020s/measures/sb9/
1368168,1746,SR1701,4,Passed,2020-06-04,"Providing for the organization of the Senate for the 2020 special session.","Providing for the organization of the Senate for the 2020 special session.",0,,2020-06-04,"Senate Enrolled on Thursday, June 4, 2020",https://legiscan.com/KS/bill/SR1701/2020/X1,http://kslegislature.org/li_2020s/b2020s/measures/sr1701/
1368449,1746,SCR1601,4,Passed,2020-06-04,"Providing for the adjournment of the 2020 special session.","Providing for the adjournment of the 2020 special session.",0,,2020-06-04,"Senate Enrolled and presented to Secretary of State on Thursday, June 4, 2020",https://legiscan.com/KS/bill/SCR1601/2020/X1,http://kslegislature.org/li_2020s/b2020s/measures/scr1601/
