bill_id,document_id,document_type,document_size,document_mime,document_desc,url,state_link
1368300,2190190,text,83996,application/pdf,Introduced,https://legiscan.com/KS/text/HB2001/id/2190190,http://kslegislature.org/li_2020s/b2020s/measures/documents/hb2001_00_0000.pdf
1368302,2190192,text,120694,application/pdf,Introduced,https://legiscan.com/KS/text/HB2002/id/2190192,http://kslegislature.org/li_2020s/b2020s/measures/documents/hb2002_00_0000.pdf
1368306,2190196,text,75504,application/pdf,Introduced,https://legiscan.com/KS/text/HB2003/id/2190196,http://kslegislature.org/li_2020s/b2020s/measures/documents/hb2003_00_0000.pdf
1368318,2190208,text,81121,application/pdf,Introduced,https://legiscan.com/KS/text/HB2004/id/2190208,http://kslegislature.org/li_2020s/b2020s/measures/documents/hb2004_00_0000.pdf
1368323,2190213,text,96380,application/pdf,Introduced,https://legiscan.com/KS/text/HB2005/id/2190213,http://kslegislature.org/li_2020s/b2020s/measures/documents/hb2005_00_0000.pdf
1368305,2190195,text,209552,application/pdf,Introduced,https://legiscan.com/KS/text/HB2006/id/2190195,http://kslegislature.org/li_2020s/b2020s/measures/documents/hb2006_00_0000.pdf
1368327,2190217,text,84555,application/pdf,Introduced,https://legiscan.com/KS/text/HB2007/id/2190217,http://kslegislature.org/li_2020s/b2020s/measures/documents/hb2007_00_0000.pdf
1368298,2190188,text,82423,application/pdf,Introduced,https://legiscan.com/KS/text/HB2008/id/2190188,http://kslegislature.org/li_2020s/b2020s/measures/documents/hb2008_00_0000.pdf
1368326,2190216,text,85015,application/pdf,Introduced,https://legiscan.com/KS/text/HB2009/id/2190216,http://kslegislature.org/li_2020s/b2020s/measures/documents/hb2009_00_0000.pdf
1368315,2190205,text,108031,application/pdf,Introduced,https://legiscan.com/KS/text/HB2010/id/2190205,http://kslegislature.org/li_2020s/b2020s/measures/documents/hb2010_00_0000.pdf
1368313,2190203,text,66250,application/pdf,Introduced,https://legiscan.com/KS/text/HB2011/id/2190203,http://kslegislature.org/li_2020s/b2020s/measures/documents/hb2011_00_0000.pdf
1368316,2190206,text,276134,application/pdf,Introduced,https://legiscan.com/KS/text/HB2012/id/2190206,http://kslegislature.org/li_2020s/b2020s/measures/documents/hb2012_00_0000.pdf
1368301,2190191,text,169451,application/pdf,Introduced,https://legiscan.com/KS/text/HB2013/id/2190191,http://kslegislature.org/li_2020s/b2020s/measures/documents/hb2013_00_0000.pdf
1368324,2190214,text,111317,application/pdf,Introduced,https://legiscan.com/KS/text/HB2014/id/2190214,http://kslegislature.org/li_2020s/b2020s/measures/documents/hb2014_00_0000.pdf
1368314,2190204,text,106085,application/pdf,Introduced,https://legiscan.com/KS/text/HB2015/id/2190204,http://kslegislature.org/li_2020s/b2020s/measures/documents/hb2015_00_0000.pdf
1368299,2190189,text,336841,application/pdf,Introduced,https://legiscan.com/KS/text/HB2016/id/2190189,http://kslegislature.org/li_2020s/b2020s/measures/documents/hb2016_00_0000.pdf
1368299,2190310,text,339443,application/pdf,Amended,https://legiscan.com/KS/text/HB2016/id/2190310,http://kslegislature.org/li_2020s/b2020s/measures/documents/hb2016_01_0000.pdf
1368299,2190958,text,302256,application/pdf,Enrolled,https://legiscan.com/KS/text/HB2016/id/2190958,http://kslegislature.org/li_2020s/b2020s/measures/documents/hb2016_enrolled.pdf
1368329,2190269,text,362649,application/pdf,Introduced,https://legiscan.com/KS/text/HB2017/id/2190269,http://kslegislature.org/li_2020s/b2020s/measures/documents/hb2017_00_0000.pdf
1368332,2190271,text,84917,application/pdf,Introduced,https://legiscan.com/KS/text/HB2018/id/2190271,http://kslegislature.org/li_2020s/b2020s/measures/documents/hb2018_00_0000.pdf
1368330,2190270,text,146492,application/pdf,Introduced,https://legiscan.com/KS/text/HB2019/id/2190270,http://kslegislature.org/li_2020s/b2020s/measures/documents/hb2019_00_0000.pdf
1368331,2190350,text,134401,application/pdf,Introduced,https://legiscan.com/KS/text/HB2020/id/2190350,http://kslegislature.org/li_2020s/b2020s/measures/documents/hb2020_00_0000.pdf
1368384,2190644,text,172820,application/pdf,Introduced,https://legiscan.com/KS/text/HB2021/id/2190644,http://kslegislature.org/li_2020s/b2020s/measures/documents/hb2021_00_0000.pdf
1368467,2190488,text,68304,application/pdf,Introduced,https://legiscan.com/KS/text/HB2022/id/2190488,http://kslegislature.org/li_2020s/b2020s/measures/documents/hb2022_00_0000.pdf
1368170,2190639,text,48779,application/pdf,Enrolled,https://legiscan.com/KS/text/HR6001/id/2190639,http://kslegislature.org/li_2020s/b2020s/measures/documents/hr6001_enrolled.pdf
1368169,2190642,text,47494,application/pdf,Enrolled,https://legiscan.com/KS/text/HR6002/id/2190642,http://kslegislature.org/li_2020s/b2020s/measures/documents/hr6002_enrolled.pdf
1368171,2191533,text,47067,application/pdf,Enrolled,https://legiscan.com/KS/text/HCR5001/id/2191533,http://kslegislature.org/li_2020s/b2020s/measures/documents/hcr5001_enrolled.pdf
1368322,2190212,text,56345,application/pdf,Introduced,https://legiscan.com/KS/text/HCR5002/id/2190212,http://kslegislature.org/li_2020s/b2020s/measures/documents/hcr5002_00_0000.pdf
1368167,2190294,text,82889,application/pdf,Introduced,https://legiscan.com/KS/text/SB1/id/2190294,http://kslegislature.org/li_2020s/b2020s/measures/documents/sb1_00_0000.pdf
1368173,2190295,text,73913,application/pdf,Introduced,https://legiscan.com/KS/text/SB2/id/2190295,http://kslegislature.org/li_2020s/b2020s/measures/documents/sb2_00_0000.pdf
1368173,2190640,text,94416,application/pdf,Amended,https://legiscan.com/KS/text/SB2/id/2190640,http://kslegislature.org/li_2020s/b2020s/measures/documents/sb2_01_0000.pdf
1368172,2190296,text,71750,application/pdf,Introduced,https://legiscan.com/KS/text/SB3/id/2190296,http://kslegislature.org/li_2020s/b2020s/measures/documents/sb3_00_0000.pdf
1368320,2190210,text,145145,application/pdf,Introduced,https://legiscan.com/KS/text/SB4/id/2190210,http://kslegislature.org/li_2020s/b2020s/measures/documents/sb4_00_0000.pdf
1368317,2190207,text,143930,application/pdf,Introduced,https://legiscan.com/KS/text/SB5/id/2190207,http://kslegislature.org/li_2020s/b2020s/measures/documents/sb5_00_0000.pdf
1368309,2190199,text,66446,application/pdf,Introduced,https://legiscan.com/KS/text/SB6/id/2190199,http://kslegislature.org/li_2020s/b2020s/measures/documents/sb6_00_0000.pdf
1368307,2190197,text,334883,application/pdf,Introduced,https://legiscan.com/KS/text/SB7/id/2190197,http://kslegislature.org/li_2020s/b2020s/measures/documents/sb7_00_0000.pdf
1368308,2190198,text,302040,application/pdf,Introduced,https://legiscan.com/KS/text/SB8/id/2190198,http://kslegislature.org/li_2020s/b2020s/measures/documents/sb8_00_0000.pdf
1368411,2190650,text,76229,application/pdf,Introduced,https://legiscan.com/KS/text/SB9/id/2190650,http://kslegislature.org/li_2020s/b2020s/measures/documents/sb9_00_0000.pdf
1368168,2190363,text,46508,application/pdf,Introduced,https://legiscan.com/KS/text/SR1701/id/2190363,http://kslegislature.org/li_2020s/b2020s/measures/documents/sr1701_00_0000.pdf
1368168,2190364,text,41387,application/pdf,Enrolled,https://legiscan.com/KS/text/SR1701/id/2190364,http://kslegislature.org/li_2020s/b2020s/measures/documents/sr1701_enrolled.pdf
1368449,2190956,text,46706,application/pdf,Enrolled,https://legiscan.com/KS/text/SCR1601/id/2190956,http://kslegislature.org/li_2020s/b2020s/measures/documents/scr1601_enrolled.pdf
