bill_id,date,chamber,sequence,action
1368167,2020-06-03,Senate,1,"Senate Introduced"
1368167,2020-06-03,Senate,2,"Senate Referred to Committee on Commerce"
1368167,2020-06-04,Senate,3,"Senate Died in Committee"
1368168,2020-06-03,Senate,1,"Senate Introduced"
1368168,2020-06-03,Senate,2,"Senate Adopted without roll call"
1368168,2020-06-04,Senate,3,"Senate Enrolled on Thursday, June 4, 2020"
1368169,2020-06-03,House,1,"House Introduced"
1368169,2020-06-03,House,2,"House Adopted without roll call"
1368169,2020-06-03,House,3,"House Enrolled on Thursday, June 4, 2020"
1368170,2020-06-03,House,1,"House Introduced"
1368170,2020-06-03,House,2,"House Adopted without roll call"
1368170,2020-06-03,House,3,"House Enrolled on Thursday, June 4, 2020"
1368171,2020-06-03,House,1,"House Introduced"
1368171,2020-06-03,House,2,"House Adopted without roll call"
1368171,2020-06-03,Senate,3,"Senate Received and Introduced"
1368171,2020-06-03,Senate,4,"Senate Adopted without roll call"
1368171,2020-06-04,House,5,"House Enrolled and presented to Secretary of State on Monday, June 8, 2020"
1368172,2020-06-03,Senate,1,"Senate Introduced"
1368172,2020-06-03,Senate,2,"Senate Referred to Committee on Assessment and Taxation"
1368172,2020-06-04,Senate,3,"Senate Died in Committee"
1368173,2020-06-03,Senate,1,"Senate Introduced"
1368173,2020-06-03,Senate,2,"Senate Referred to Committee on Assessment and Taxation"
1368173,2020-06-04,Senate,3,"Senate Committee Report recommending bill be passed as amended by Committee on Assessment and Taxation"
1368173,2020-06-04,Senate,4,"Senate Died on General Orders"
1368298,2020-06-03,House,1,"House Introduced"
1368298,2020-06-04,House,2,"House Referred to Committee on Appropriations"
1368298,2020-06-04,House,3,"House Died in Committee"
1368299,2020-06-03,House,1,"House Introduced"
1368299,2020-06-03,House,2,"House Bill referred to the Committee of the Whole"
1368299,2020-06-03,House,3,"House Motion to advance the bill to Emergency Final Action subject to amendment and debate adopted.  Yea: 88 Nay: 30"
1368299,2020-06-03,House,4,"House Motion to refer to committee on Judiciary failed."
1368299,2020-06-03,House,5,"House Motion to Amend - Offered by Representative Ward"
1368299,2020-06-03,House,6,"House  Representative Landwehr raised a question of germaneness. The amendment was ruled not germane."
1368299,2020-06-03,House,7,"House Ruling of the chair was sustained  Yea: 76 Nay: 43"
1368299,2020-06-03,House,8,"House Motion to Amend - Offered by Representative Curtis"
1368299,2020-06-03,House,9,"House Amendment by Representative Curtis was rejected  Yea: 38 Nay: 81"
1368299,2020-06-03,House,10,"House Motion to Amend - Offered by Representative Rhiley"
1368299,2020-06-03,House,11,"House Amendment by Representative Rhiley was rejected"
1368299,2020-06-03,House,12,"House Motion to Amend - Offered by Representative Pittman"
1368299,2020-06-03,House,13,"House Amendment by Representative Pittman was rejected  Yea: 57 Nay: 63"
1368299,2020-06-03,House,14,"House  Motion to Amend - Offered by Representative Carmichael"
1368299,2020-06-03,House,15,"House  Amendment by Representative Carmichael was rejected"
1368299,2020-06-03,House,16,"House Motion to Amend - Offered by Representative Ousley"
1368299,2020-06-03,House,17,"House Amendment by Representative Ousley was rejected"
1368299,2020-06-03,House,18,"House Motion to Amend - Offered by Representative Clayton"
1368299,2020-06-03,House,19,"House Amendment by Representative Clayton was rejected  Yea: 40 Nay: 76"
1368299,2020-06-03,House,20,"House Motion to Amend - Offered by Representative Hodge"
1368299,2020-06-03,House,21,"House  Representative Carpenter, B. raised a question of germaneness. The amendment was ruled not germane."
1368299,2020-06-03,House,22,"House Ruling of the chair was sustained"
1368299,2020-06-03,House,23,"House Motion to Amend - Offered by Representative Ralph"
1368299,2020-06-03,House,24,"House Amendment by Representative Ralph was adopted"
1368299,2020-06-03,House,25,"House Emergency Final Action - Passed as amended;  Yea: 107 Nay: 12"
1368299,2020-06-03,Senate,26,"Senate Received and Introduced"
1368299,2020-06-03,Senate,27,"Senate Referred to Committee on Judiciary"
1368299,2020-06-04,Senate,28,"Senate Committee Report recommending bill be passed by Committee on Judiciary"
1368299,2020-06-04,Senate,29,"Senate Motion to Call the Question  Yea: 19 Nay: 17"
1368299,2020-06-04,Senate,30,"Senate Emergency Final Action - Passed;  Yea: 26 Nay: 12"
1368299,2020-06-04,House,31,"House Enrolled and presented to Governor on Friday, June 5, 2020"
1368299,2020-06-04,House,32,"House Approved by Governor on Monday, June 8, 2020"
1368300,2020-06-03,House,1,"House Introduced"
1368300,2020-06-04,House,2,"House Referred to Committee on Appropriations"
1368300,2020-06-04,House,3,"House Died in Committee"
1368301,2020-06-03,House,1,"House Introduced"
1368301,2020-06-04,House,2,"House Referred to Committee on Taxation"
1368301,2020-06-04,House,3,"House Died in Committee"
1368302,2020-06-03,House,1,"House Introduced"
1368302,2020-06-04,House,2,"House Referred to Committee on Appropriations"
1368302,2020-06-04,House,3,"House Died in Committee"
1368305,2020-06-03,House,1,"House Introduced"
1368305,2020-06-04,House,2,"House Referred to Committee on Health and Human Services"
1368305,2020-06-04,House,3,"House Died in Committee"
1368306,2020-06-03,House,1,"House Introduced"
1368306,2020-06-04,House,2,"House Referred to Committee on Taxation"
1368306,2020-06-04,House,3,"House Died in Committee"
1368307,2020-06-03,Senate,1,"Senate Introduced"
1368307,2020-06-03,Senate,2,"Senate Referred to Committee on Judiciary"
1368307,2020-06-04,Senate,3,"Senate Died in Committee"
1368308,2020-06-03,Senate,1,"Senate Introduced"
1368308,2020-06-03,Senate,2,"Senate Referred to Committee on Judiciary"
1368308,2020-06-04,Senate,3,"Senate Died in Committee"
1368309,2020-06-03,Senate,1,"Senate Introduced"
1368309,2020-06-03,Senate,2,"Senate Referred to Committee on Judiciary"
1368309,2020-06-04,Senate,3,"Senate Died in Committee"
1368313,2020-06-03,House,1,"House Introduced"
1368313,2020-06-04,House,2,"House Referred to Committee on Taxation"
1368313,2020-06-04,House,3,"House Died in Committee"
1368314,2020-06-03,House,1,"House Introduced"
1368314,2020-06-04,House,2,"House Referred to Committee on Commerce, Labor and Economic Development"
1368314,2020-06-04,House,3,"House Died in Committee"
1368315,2020-06-03,House,1,"House Introduced"
1368315,2020-06-04,House,2,"House Referred to Committee on Corrections and Juvenile Justice"
1368315,2020-06-04,House,3,"House Died in Committee"
1368316,2020-06-03,House,1,"House Introduced"
1368316,2020-06-04,House,2,"House Referred to Committee on Taxation"
1368316,2020-06-04,House,3,"House Died in Committee"
1368317,2020-06-03,Senate,1,"Senate Introduced"
1368317,2020-06-03,Senate,2,"Senate Referred to Committee on Education"
1368317,2020-06-04,Senate,3,"Senate Committee Report recommending bill be passed by Committee on Education"
1368317,2020-06-04,Senate,4,"Senate Died on General Orders"
1368318,2020-06-03,House,1,"House Introduced"
1368318,2020-06-04,House,2,"House Referred to Committee on Appropriations"
1368318,2020-06-04,House,3,"House Died in Committee"
1368320,2020-06-03,Senate,1,"Senate Introduced"
1368320,2020-06-03,Senate,2,"Senate Referred to Committee on Assessment and Taxation"
1368320,2020-06-04,Senate,3,"Senate Committee Report recommending bill be passed by Committee on Assessment and Taxation"
1368320,2020-06-04,Senate,4,"Senate Died on General Orders"
1368322,2020-06-03,House,1,"House Introduced"
1368322,2020-06-04,House,2,"House Referred to Committee on Federal and State Affairs"
1368322,2020-06-04,House,3,"House Died in Committee"
1368323,2020-06-03,House,1,"House Introduced"
1368323,2020-06-04,House,2,"House Referred to Committee on Taxation"
1368323,2020-06-04,House,3,"House Died in Committee"
1368324,2020-06-03,House,1,"House Introduced"
1368324,2020-06-04,House,2,"House Referred to Committee on Taxation"
1368324,2020-06-04,House,3,"House Died in Committee"
1368326,2020-06-03,House,1,"House Introduced"
1368326,2020-06-04,House,2,"House Referred to Committee on Elections"
1368326,2020-06-04,House,3,"House Died in Committee"
1368327,2020-06-03,House,1,"House Introduced"
1368327,2020-06-04,House,2,"House Referred to Committee on Commerce, Labor and Economic Development"
1368327,2020-06-04,House,3,"House Died in Committee"
1368329,2020-06-03,House,1,"House Introduced"
1368329,2020-06-04,House,2,"House Referred to Committee on Federal and State Affairs"
1368329,2020-06-04,House,3,"House Died in Committee"
1368330,2020-06-03,House,1,"House Introduced"
1368330,2020-06-04,House,2,"House Referred to Committee on Children and Seniors"
1368330,2020-06-04,House,3,"House Died in Committee"
1368331,2020-06-03,House,1,"House Introduced"
1368331,2020-06-04,House,2,"House Referred to Committee on Commerce, Labor and Economic Development"
1368331,2020-06-04,House,3,"House Died in Committee"
1368332,2020-06-03,House,1,"House Introduced"
1368332,2020-06-04,House,2,"House Referred to Committee on Commerce, Labor and Economic Development"
1368332,2020-06-04,House,3,"House Died in Committee"
1368384,2020-06-04,House,1,"House Introduced"
1368384,2020-06-04,House,2,"House Referred to Committee on Taxation"
1368384,2020-06-04,House,3,"House Died in Committee"
1368411,2020-06-04,Senate,1,"Senate Introduced"
1368411,2020-06-04,Senate,2,"Senate Died on Calendar"
1368449,2020-06-04,Senate,1,"Senate Introduced"
1368449,2020-06-04,Senate,2,"Senate Adopted without roll call"
1368449,2020-06-04,House,3,"House Received and Introduced"
1368449,2020-06-04,House,4,"House Adopted without roll call"
1368449,2020-06-04,Senate,5,"Senate Enrolled and presented to Secretary of State on Thursday, June 4, 2020"
1368467,2020-06-04,House,1,"House Introduced"
1368467,2020-06-04,House,2,"House Referred to Committee on Appropriations"
1368467,2020-06-04,House,3,"House Died in Committee"
