bill_id,roll_call_id,date,chamber,description,yea,nay,nv,absent,total
1368299,962961,2020-06-03,House,"House Motion to advance the bill to Emergency Final Action subject to amendment and debate adopted. - Yea: 88 Nay: 30",88,30,0,7,125
1368299,962962,2020-06-03,House,"House Committee of the Whole - Ruling of the chair was sustained - Yea: 76 Nay: 43",76,43,0,6,125
1368299,962963,2020-06-03,House,"House Committee of the Whole - Amendment by  Representative Curtis was rejected - Yea: 38 Nay: 81",38,81,0,6,125
1368299,962964,2020-06-03,House,"House Committee of the Whole - Amendment by  Representative Pittman was rejected - Yea: 57 Nay: 63",57,63,0,5,125
1368299,962965,2020-06-03,House,"House Committee of the Whole - Amendment by  Representative Clayton was rejected - Yea: 40 Nay: 76",40,76,0,9,125
1368299,962966,2020-06-03,House,"House Emergency Final Action - Passed as amended - Yea: 107 Nay: 12",107,12,0,6,125
1368299,963040,2020-06-04,Senate,"Senate Motion to Call the Question - Yea: 19 Nay: 17",19,17,3,1,40
1368299,963041,2020-06-04,Senate,"Senate Emergency Final Action - Passed - Yea: 26 Nay: 12",26,12,1,1,40
