people_id,name,first_name,middle_name,last_name,suffix,nickname,party_id,party,role_id,role,district,followthemoney_eid,votesmart_id,opensecrets_id,ballotpedia,knowwho_pid,committee_id
3323,"Kevin Priola",Kevin,G.,Priola,,,1,D,1,Rep,SD-013,5988512,106512,,Kevin_Priola,267874,0
3329,"Larry Liston",Larry,G.,Liston,,,2,R,2,Sen,SD-010,5988117,30002,,Larry_Liston,227780,0
11607,"Rhonda Fields",Rhonda,C.,Fields,,,1,D,1,Rep,SD-028,6338603,128419,,Rhonda_Fields,311469,0
14268,"Joann Ginal",Joann,,Ginal,,,1,D,2,Sen,SD-014,10238469,138784,,Joann_Ginal,387880,0
15133,"Thomas Exum",Thomas,E.,Exum,Sr.,Tony,1,D,2,Sen,SD-011,11022900,138722,,Thomas_Exum_Sr.,408896,0
16096,"Rachel Zenzinger",Rachel,,Zenzinger,,,1,D,2,Sen,SD-019,3708467,129975,,Rachel_Zenzinger,478946,0
16509,"Paul Lundeen",Paul,Harold,Lundeen,,,2,R,1,Rep,SD-009,6516823,125570,,Paul_Lundeen,331375,0
16578,"Kevin Van Winkle",Kevin,,"Van Winkle",,,2,R,1,Rep,SD-030,20825350,149366,,Kevin_Van_Winkle,486091,0
16581,"Faith Winter",Faith,,Winter,,,1,D,1,Rep,SD-025,14227540,105656,,Faith_Winter,486097,0
16583,"Jessie Danielson",Jessie,,Danielson,,,1,D,2,Sen,SD-022,15729658,149351,,Jessie_Danielson,485978,0
18711,"Barbara McLachlan",Barbara,Hall,McLachlan,,,1,D,1,Rep,HD-059,40461515,170021,,Barbara_Hall_McLachlan,568182,0
18712,"Chris Kennedy",Chris,Degruy,Kennedy,,,1,D,1,Rep,HD-030,40461485,157545,,Christopher_Louis_Kennedy_(Colorado_state_representative),568162,0
18713,"Dafna Michaelson Jenet",Dafna,,"Michaelson Jenet",,,1,D,2,Sen,SD-021,39568600,169990,,Dafna_Michaelson_Jenet,568280,0
18719,"Janet Buckner",Janet,,Buckner,,,1,D,1,Rep,SD-029,13500792,166139,,Janet_Buckner,545490,0
18721,"Leslie Herod",Leslie,,Herod,,,1,D,1,Rep,HD-008,40461465,169974,,Leslie_Herod,242346,0
18723,"Michael Weissman",Michael,,Weissman,,Mike,1,D,1,Rep,HD-036,40461589,169997,,Mike_Williams_(Colorado),568268,0
18726,"Bob Gardner",Bob,,Gardner,,,2,R,2,Sen,SD-012,12998016,65710,,Bob_Gardner,250352,0
18728,"Jim Smallwood",Jim,,Smallwood,,,2,R,2,Sen,SD-002,17725521,169952,,Jim_Smallwood,568080,0
18729,"Steve Fenberg",Stephen,,Fenberg,,Steve,1,D,2,Sen,SD-018,6257978,169954,,Stephen_Fenberg,568091,0
18939,"James Coleman",James,Rashad,Coleman,,,1,D,1,Rep,SD-033,40461420,169972,,James_Coleman_(Colorado),575555,0
19048,"Jeff Bridges",Jeff,,Bridges,,,1,D,1,Rep,SD-026,39563960,169966,,Jeff_Bridges,568119,0
19200,"Marc Catlin",Marc,,Catlin,,,2,R,1,Rep,HD-058,43396100,176449,,Marc_Allan_Feldman,609004,0
19205,"Chris Hansen",Chris,,Hansen,,,1,D,1,Rep,SD-031,39563975,169970,,Chris_Hansen,568134,0
19512,"Dylan Roberts",Dylan,,Roberts,,,1,D,1,Rep,SD-008,44229951,179465,,Dylan_Roberts,644618,0
20024,"Emily Sirota",Emily,,Sirota,,,1,D,1,Rep,HD-009,13500849,181733,,Emily_Sirota,654773,0
20025,"Julie McCluskie",Julie,Lynn,McCluskie,,,1,D,1,Rep,HD-013,6300002,181795,,Julie_McCluskie,651665,0
20026,"Rod Pelton",Rodney,,Pelton,,Rod,2,R,1,Rep,SD-035,44885051,148937,,Rod_Pelton,659310,0
20027,"Sonya Jaquez Lewis",Sonya,,"Jaquez Lewis",,,1,D,1,Rep,SD-017,5995666,181737,,Sonya_Jaquez_Lewis,659284,0
20029,"Julie Gonzales",Julie,,Gonzales,,,1,D,2,Sen,SD-034,14229962,181717,,Julie_Gonzales,651420,0
20031,"Robert Rodriguez",Robert,,Rodriguez,,,1,D,2,Sen,SD-032,5986862,181713,,Robert_Rodriguez_(Colorado),651459,0
20032,"Tammy Story",Tammy,,Story,,,1,D,1,Rep,HD-025,40461570,169987,,Tammy_Story,575563,0
20126,"Mark Baisley",Mark,,Baisley,,,2,R,2,Sen,SD-004,6451091,66344,,Mark_Baisley,651496,0
20127,"Shannon Bird",Shannon,,Bird,,,1,D,1,Rep,HD-029,44884921,173290,,Shannon_Bird,651501,0
20128,"Rod Bockenfeld",Rod,,Bockenfeld,,,2,R,1,Rep,HD-056,26440326,82081,,Rod_Bockenfeld,568248,0
20131,"Lisa Cutter",Lisa,Ann,Cutter,,,1,D,2,Sen,SD-020,44884950,181764,,Lisa_Cutter,651515,0
20136,"Kyle Mullica",Kyle,,Mullica,,,1,D,1,Rep,SD-024,44154746,148897,,Kyle_Mullica,651668,0
20137,"Janice Rich",Janice,,Rich,,,2,R,1,Rep,SD-007,44885061,181791,,Janice_Rich,651681,0
20138,"Marc Snyder",Marc,Alan,Snyder,,,1,D,1,Rep,HD-018,14219138,181752,,Marc_Snyder,651713,0
20139,"Matt Soper",Matt,,Soper,,,2,R,1,Rep,HD-054,44885096,181789,,Matt_Soper,651715,0
20140,"Tom Sullivan",Tom,,Sullivan,,,1,D,2,Sen,SD-027,20653952,169958,,Tom_Sullivan_(Colorado),575551,0
20142,"Brianna Titone",Brianna,,Titone,,,1,D,1,Rep,HD-027,44885109,181766,,Brianna_Titone,651723,0
20143,"Alex Valdez",Alex,,Valdez,,,1,D,1,Rep,HD-005,43804803,181727,,Alex_Valdez,623291,0
20148,"Monica Duran",Monica,I.,Duran,,,1,D,1,Rep,HD-023,13670127,173284,,Monica_Duran,651518,0
20159,"Cathy Kipp",Cathy,,Kipp,,,1,D,1,Rep,HD-052,14216523,21982,,Cathy_Kipp,693200,0
20739,"Meg Froelich",Meghan,Mulder,Froelich,,Meg,1,D,1,Rep,HD-003,6847047,169965,,Meg_Froelich,568123,0
21293,"Perry Will",Perry,,Will,,,2,R,1,Rep,SD-005,48905280,186259,,Perry_Will,696269,0
21455,"Mary Young",Mary,,Young,,,1,D,1,Rep,HD-050,48915589,186711,,Mary_Young_(Colorado),710824,0
21496,"Richard Holtorf",Richard,,Holtorf,,,2,R,1,Rep,HD-063,48911850,189011,,Richard_Holtorf,728049,0
21549,"Steven Woodrow",Steven,,Woodrow,,,1,D,1,Rep,HD-002,17793842,189634,,Steven_Woodrow,731898,0
22219,"Judith Amabile",Judith,,Amabile,,Judy,1,D,1,Rep,HD-049,42489109,191835,,Judith_Amabile,736479,0
22220,"Jennifer Bacon",Jennifer,,Bacon,,,1,D,1,Rep,HD-007,49449719,191820,,Jennifer_Bacon,736469,0
22222,"Mary Bradfield",Mary,,Bradfield,,,2,R,1,Rep,HD-021,14228628,191847,,Mary_Bradfield,736504,0
22223,"Lindsey Daugherty",Lindsey,N.,Daugherty,,,1,D,1,Rep,HD-024,49449765,191838,,Lindsey_Daugherty,736524,0
22225,"Iman Jodeh",Iman,,Jodeh,,,1,D,1,Rep,HD-041,49449799,191807,,Iman_Jodeh,736587,0
22226,"Stephanie Luck",Stephanie,,Luck,,,2,R,1,Rep,HD-060,44885022,181704,,Stephanie_Luck,651436,0
22227,"Michael Lynch",Michael,Spencer,Lynch,,Mike,2,R,1,Rep,HD-065,49449819,191788,,Michael_Lynch_(Colorado),736595,0
22228,"Karen McCormick",Karen,,McCormick,,,1,D,1,Rep,HD-011,49449726,180213,,Karen_McCormick,627410,0
22229,"David Ortiz",David,Daniel,Ortiz,,,1,D,1,Rep,HD-038,49449791,191815,,David_Ortiz_(Colorado),736582,0
22231,"Naquetta Ricks",Naquetta,,Ricks,,,1,D,1,Rep,HD-040,19528678,191811,,Naquetta_Ricks,568256,0
22456,"Barbara Kirkmeyer",Barbara,,Kirkmeyer,,,2,R,2,Sen,SD-023,6346044,29991,,Barbara_Kirkmeyer,492468,0
22457,"Cleave Simpson",Cleave,Alan,Simpson,Jr.,,2,R,2,Sen,SD-006,49449893,191801,,Cleave_Simpson_Jr.,736441,0
22458,"Chris Kolker",Chris,,Kolker,,,1,D,2,Sen,SD-016,44885010,181774,,Chris_Kolker,651660,0
22921,"Andrew Boesenecker",Andrew,,Boesenecker,,Andy,1,D,1,Rep,HD-053,54258793,196267,,Andrew_Boesenecker,775143,0
23046,"Mandy Lindsay",Mandy,,Lindsay,,,1,D,1,Rep,HD-042,0,201403,,Mandy_Lindsay,795069,0
23104,"Nick Hinrichsen",Nick,,Hinrichsen,,,1,D,2,Sen,SD-003,55587385,202704,,Nick_Hinrichsen,799240,0
23948,"Anthony Hartsook",Anthony,,Hartsook,,,2,R,1,Rep,HD-044,55587516,204894,,Anthony_Hartsook,0,0
23949,"Bob Marshall",Robert,,Marshall,,Bob,1,D,1,Rep,HD-043,55587511,0,,Robert_Marshall_(Colorado),0,0
23950,"Brandi Bradley",Brandi,,Bradley,,,2,R,1,Rep,HD-039,55587503,206196,,Brandi_Bradley,0,0
23951,"Elisabeth Epps",Elisabeth,,Epps,,,1,D,1,Rep,HD-006,55587429,206137,,Elisabeth_Epps,0,0
23952,"Elizabeth Velasco",Elizabeth,,Velasco,,,1,D,1,Rep,HD-057,55587547,206233,,Elizabeth_Velasco,0,0
23953,"Gabe Evans",Gabe,,Evans,,,2,R,1,Rep,HD-048,55587526,206217,,Gabe_Evans,0,0
23954,"Javier Mabrey",Javier,,Mabrey,,,1,D,1,Rep,HD-001,55587419,206129,,Javier_Mabrey,0,0
23955,"Jenny Willford",Jenny,,Willford,,,1,D,1,Rep,HD-034,55587491,199555,,Jenny_Willford,0,0
23956,"Junie Joseph",Junie,,Joseph,,,1,D,1,Rep,HD-010,56898908,199072,,Junie_Joseph,0,0
23957,"Ken Degraaf",Kenneth,G.,Degraaf,,Ken,2,R,1,Rep,HD-022,55587466,206169,,Kenneth_DeGraaf,0,0
23958,"Lisa Frizell",Lisa,,Frizell,,,2,R,1,Rep,HD-045,55587519,206207,,Lisa_Frizell,0,0
23959,"Matthew Martinez",Matthew,,Martinez,,,1,D,1,Rep,HD-062,55587557,191769,,Matthew_Martinez,0,0
23960,"Meghan Lukens",Meghan,,Lukens,,,1,D,1,Rep,HD-026,55587474,206173,,Meghan_Lukens,0,0
23961,"Regina English",Regina,,English,,,1,D,1,Rep,HD-017,55587453,206155,,Regina_English,0,0
23962,"Rick Taggart",Rick,,Taggart,,,2,R,1,Rep,HD-055,55587543,157546,,Rick_Taggart,0,0
23963,"Ron Weinberg",Ron,,Weinberg,,,2,R,1,Rep,HD-051,0,0,,,0,0
23964,"Rose Pugliese",Rose,,Pugliese,,,2,R,1,Rep,HD-014,55587446,148997,,Rose_Pugliese,0,0
23965,"Ryan Armagost",Ryan,,Armagost,,,2,R,1,Rep,HD-064,55587563,206242,,Ryan_Armagost,0,0
23967,"Sheila Lieder",Sheila,,Lieder,,,1,D,1,Rep,HD-028,56898917,210740,,Sheila_Lieder,0,0
23968,"Ty Winter",Ty,,Winter,,,2,R,1,Rep,HD-047,55587524,206214,,Ty_Winter,0,0
23969,"William Lindstedt",William,,Lindstedt,,,1,D,1,Rep,HD-033,55587489,199491,,William_Lindstedt,0,0
23970,"Janice Marchman",Janice,,Marchman,,,1,D,2,Sen,SD-015,55587399,206115,,Janice_Marchman,0,0
23971,"Don Wilson",Don,,Wilson,,,2,R,1,Rep,HD-020,55587461,206165,,Don_Wilson_(Colorado),0,0
23972,"Byron Pelton",Byron,,Pelton,,,2,R,2,Sen,SD-001,55587384,206103,,Byron_Pelton,0,0
23996,"Scott Bottoms",Scott,T.,Bottoms,,,2,R,1,Rep,HD-015,55587449,206151,,Scott_Bottoms,0,0
24384,"Eliza Hamrick",Eliza,,Hamrick,,,1,D,1,Rep,HD-061,55587555,206235,,Eliza_Hamrick,0,0
24385,"Lorena Garcia",Lorena,,Garcia,,,1,D,1,Rep,HD-035,48161197,211290,,Lorena_Garcia,0,0
24407,"Jennifer Parenti",Jennifer,Lea,Parenti,,,1,D,1,Rep,HD-019,55587458,206162,,Jennifer_Parenti,0,0
24408,"Stephanie Vigil",Stephanie,,Vigil,,,1,D,1,Rep,HD-016,55587450,191840,,Stephanie_Vigil,0,0
24616,"Tisha Mauro",Tisha,Lyn,Mauro,,,1,D,1,Rep,HD-046,55587520,206211,,Tisha_Mauro,0,0
24873,"Kyle Brown",Kyle,,Brown,,,1,D,1,Rep,HD-012,0,0,,,0,0
24966,"Manny Rutinel",Manny,,Rutinel,,,1,D,1,Rep,HD-035,0,212843,,Manny_Rutinel,0,0
24967,"Tim Hernandez",Tim,,Hernandez,,,1,D,1,Rep,HD-004,0,212676,,Tim_Hernández,0,0
25044,"Chad Clifford",Chad,,Clifford,,,1,D,1,Rep,HD-037,0,0,,,0,0
25123,"Julia Marvin",Julia,,Marvin,,,1,D,1,Rep,HD-031,0,199573,,,0,0
