bill_id,document_id,document_type,document_size,document_mime,document_desc,url,state_link
415449,609268,text,836465,text/html,Introduced,https://legiscan.com/AZ/text/HB2001/id/609268,http://www.azleg.gov/legtext/50leg/2s/bills/hb2001p.htm
415449,609269,text,838477,text/html,Chaptered,https://legiscan.com/AZ/text/HB2001/id/609269,http://www.azleg.gov/legtext/50leg/2s/bills/hb2001h.htm
415436,609248,text,836202,text/html,Introduced,https://legiscan.com/AZ/text/SB1001/id/609248,http://www.azleg.gov/legtext/50leg/2s/bills/sb1001p.htm
415436,609249,text,837908,text/html,Engrossed,https://legiscan.com/AZ/text/SB1001/id/609249,http://www.azleg.gov/legtext/50leg/2s/bills/sb1001s.htm
