bill_id,date,chamber,sequence,action
415436,2011-02-14,,1,"Introduced in Senate and read first time"
415436,2011-02-14,,2,"Assigned to Senate CE Committee"
415436,2011-02-14,,3,"Assigned to Senate RULES Committee"
415436,2011-02-15,,4,"Senate read second time"
415436,2011-02-15,,5,"Referred to Senate CE Committee"
415436,2011-02-15,,6,"Senate CE Committee action: Do Pass, voting: (5-2-0-0)"
415436,2011-02-14,,7,"Referred to Senate RULES Committee"
415436,2011-02-15,,8,"Senate RULES Committee action: Proper For Consideration"
415436,2011-02-15,,9,"Senate minority caucus: Do pass"
415436,2011-02-15,,10,"Senate majority caucus: Do pass"
415436,2011-02-15,,11,"Senate Committee of the Whole action: Do Pass"
415449,2011-02-14,,1,"Introduced in House and read first time"
415449,2011-02-14,,2,"Assigned to House WM Committee"
415449,2011-02-14,,3,"Assigned to House RULES Committee"
415449,2011-02-15,,4,"House read second time"
415449,2011-02-15,,5,"Referred to House WM Committee"
415449,2011-02-15,,6,"House WM Committee action: Do Pass, voting: (5-3-0-1-0)"
415449,2011-02-14,,7,"Referred to House RULES Committee"
415449,2011-02-15,,8,"House RULES Committee action: constitutional and in proper form, voting: (6-3-0-0-0)"
415449,2011-02-15,,9,"House minority caucus: Do pass"
415449,2011-02-15,,10,"House majority caucus: Do pass"
415449,2011-02-15,,11,"House Committee of the Whole action: Do Pass"
415449,2011-02-16,,12,"House third reading PASSED voting: (39-21-0-0)"
415449,2011-02-16,,13,"Transmit to Senate"
415449,2011-02-16,,14,"Introduced in Senate and read first time"
415449,2011-02-15,,15,"Referred to Senate  Committee"
415449,2011-02-14,,16,"Referred to Senate  Committee"
415449,2011-02-16,,17,"Senate third reading PASSED voting: (18-11-1-0)"
415449,2011-02-16,,18,"Transmit to House"
415449,2011-02-16,,19,"Transmitted to Governor"
415449,2011-02-17,,20,"Governor Signed"
