people_id,name,first_name,middle_name,last_name,suffix,nickname,party_id,party,role_id,role,district,followthemoney_eid,votesmart_id,opensecrets_id,ballotpedia,knowwho_pid,committee_id
4228,"Andy Biggs",Andy,,Biggs,,,2,R,2,Sen,SD-012,6602301,28088,,Andy_Biggs,212155,0
4230,"Steve Montenegro",Steve,B.,Montenegro,,,2,R,1,Rep,HD-013,6676721,106507,,Steve_B._Montenegro,252127,0
4231,"Albert Melvin",Albert,Anthony,Melvin,,Al,2,R,2,Sen,SD-011,6671195,68078,,Al_Melvin,267691,0
4232,"Sylvia Allen",Sylvia,Tenney,Allen,,,2,R,2,Sen,SD-006,6662215,28166,,Sylvia_Allen,265569,0
4233,"David Gowan",David,,Gowan,,,2,R,1,Rep,SD-014,6662273,28241,,David_Gowan,267669,0
4234,"Stephen Pierce",Stephen,M.,Pierce,,Steve,2,R,2,Sen,HD-001,8430988,106395,,Steve_Pierce,271889,0
4235,"Franklin Pratt",Franklin,M.,Pratt,,Frank,2,R,1,Rep,HD-008,6662340,28269,,Frank_Pratt,267652,0
4236,"David Stevens",David,,Stevens,,,2,R,1,Rep,HD-014,6604460,28200,,David_Stevens_(Arizona),267656,0
4237,"Ron Gould",Ron,,Gould,,,2,R,2,Sen,SD-003,6662269,28217,,Ron_Gould,227876,0
4240,"Russell Pearce",Russell,K.,Pearce,,,2,R,2,Sen,SD-018,6602318,28448,,Russell_Pearce,205857,0
4242,"Edward Ableser",Edward,Z.,Ableser,,Eddie,1,D,1,Rep,SD-026,6458957,28313,,Ed_Ableser,246046,0
4243,"Chad Campbell",Chad,Anthony,Campbell,,,1,D,1,Rep,HD-024,6479130,66157,,Chad_Campbell,248852,0
4244,"Tom Chabin",Tom,,Chabin,,,1,D,1,Rep,HD-002,12997761,98184,,Tom_Chabin,258848,0
4245,"Kyrsten Sinema",Kyrsten,,Sinema,,,1,D,2,Sen,SD-015,6459171,28338,,Kyrsten_Sinema,227495,0
4249,"Lynne Pancrazi",Lynne,,Pancrazi,,,1,D,1,Rep,SD-004,6479234,68098,,Lynne_Pancrazi,248863,0
4250,"Daniel Patterson",Daniel,,Patterson,,,1,D,1,Rep,HD-029,6492153,28385,,Daniel_Patterson,267666,0
4251,"David Schapira",David,,Schapira,,,1,D,2,Sen,SD-017,6479269,67616,,David_Schapira,248858,0
4252,"Judy Burges",Judy,M.,Burges,,,2,R,1,Rep,SD-022,12997769,28099,,Judy_Burges,227477,0
4253,"Kirk Adams",Kirk,David,Adams,,,2,R,1,Rep,HD-019,12997903,58680,,Kirk_Adams_(Arizona),246047,0
4254,"Frank Antenori",Frank,J.,Antenori,,,2,R,2,Sen,SD-030,6676682,65963,,Frank_Antenori,267667,0
4255,"Cecil Ash",Cecil,P.,Ash,,,2,R,1,Rep,HD-018,6676687,106529,,Cecil_Ash,267642,0
4257,"Steve Court",Steve,,Court,,,2,R,1,Rep,HD-018,6676695,106532,,Steve_Court,267643,0
4261,"Russell Jones",Russell,L.,Jones,,Russ,2,R,1,Rep,HD-024,6662302,28207,,Russell_Jones,227858,0
4262,"John Kavanagh",John,,Kavanagh,,,2,R,1,Rep,HD-023,6671185,68209,,John_Kavanagh,248845,0
4263,"Debbie Lesko",Debbie,,Lesko,,,2,R,1,Rep,SD-021,12997825,106483,,Debbie_Lesko,267627,0
4265,"James Weiers",James,,Weiers,,Jim,2,R,1,Rep,HD-010,6602278,3113,,Jim_Weiers,192962,0
4266,"Jerry Weiers",Jerry,P.,Weiers,,,2,R,1,Rep,HD-012,6602372,28116,,Jerry_Weiers,227489,0
4267,"Victor Williams",Victor,,Williams,,,2,R,1,Rep,HD-026,1489339,106645,,Vic_Williams,267658,0
4270,"Linda Gray",Linda,,Gray,,,2,R,2,Sen,SD-010,6610944,12305,,Linda_Gray_(Arizona),192961,0
4271,"Jack Harper",Jack,W.,Harper,,,2,R,1,Rep,HD-004,12997778,28418,,Jack_Harper,212133,0
4273,"Nancy Barto",Nancy,K.,Barto,,,2,R,2,Sen,SD-015,6671146,58371,,Nancy_K._Barto,242903,0
4274,"Rich Crandall",Rich,,Crandall,,,2,R,2,Sen,SD-016,6671157,66837,,Rich_Crandall,248860,0
4275,"Adam Driggs",Adam,D.,Driggs,,,2,R,2,Sen,SD-028,6671162,66237,,Adam_Driggs,248847,0
4276,"Doris Goodale",Doris,,Goodale,,,2,R,1,Rep,HD-005,6671169,66062,,Doris_Goodale,267616,0
4278,"John McComish",John,P.,McComish,,,2,R,2,Sen,SD-018,6653599,28306,,John_McComish,227850,0
4279,"Nancy McLain",Nancy,,McLain,,,2,R,1,Rep,HD-003,6662318,28437,,Nancy_G._McLain,227475,0
4280,"Rick Murphy",Rick,,Murphy,,,2,R,2,Sen,SD-021,12997824,28372,,Rick_Murphy,227485,0
4284,"Carl Seel",Carl,,Seel,,,2,R,1,Rep,HD-020,6662365,66888,,Carl_Seel,267622,0
4286,"Andy Tobin",Andy,,Tobin,,,2,R,1,Rep,HD-001,6671218,68079,,Andy_Tobin,248839,0
4287,"Steven Yarbrough",Steven,B.,Yarbrough,,Steve,2,R,2,Sen,SD-017,6604438,28091,,Steven_B._Yarbrough,212154,0
4293,"John Nelson",John,,Nelson,,,2,R,2,Sen,SD-012,6602076,28147,,"John_Nelson,_Arizona_Senator",205852,0
4295,"Michele Reagan",Michele,,Reagan,,,2,R,2,Sen,SD-023,6611004,28505,,Michele_Reagan,212139,0
4297,"Steve Farley",Steve,,Farley,,,1,D,1,Rep,SD-009,6479163,68105,,Steve_Farley,248868,0
4299,"Matthew Heinz",Matthew,Gerald,Heinz,,Matt,1,D,1,Rep,HD-029,6479183,68106,,Matt_Heinz,267664,0
4302,"Eric Meyer",Eric,D.,Meyer,,,1,D,1,Rep,HD-028,6497390,110671,,Eric_Meyer_(Arizona),267633,0
4305,"Olivia Bedford",Olivia,Cajero,Bedford,,,1,D,2,Sen,SD-003,6400954,28198,,Olivia_Cajero_Bedford,212158,0
4309,"Anna Tovar",Anna,,Tovar,,,1,D,1,Rep,SD-019,6507385,110962,,Anna_Tovar,276216,0
4310,"Robert Meza",Robert,,Meza,,,1,D,2,Sen,HD-030,8531838,52960,,Robert_Meza,212148,0
4317,"Albert Hale",Albert,,Hale,,,1,D,1,Rep,HD-007,6459019,28152,,Albert_Hale,222028,0
4320,"Leah Landrum-Taylor",Leah,,Landrum-Taylor,,,1,D,2,Sen,SD-027,6400896,16378,,Leah_Landrum_Taylor,192976,0
4321,"Richard Miranda",Richard,,Miranda,,,1,D,1,Rep,HD-013,12997855,16357,,Richard_Miranda,192974,0
4323,"Debbie McCune-Davis",Debbie,,McCune-Davis,,,1,D,1,Rep,HD-030,6400890,28451,,Debbie_McCune-Davis,212147,0
4324,"Linda Lopez",Linda,,Lopez,,,1,D,2,Sen,SD-002,12997831,28453,,"Linda_Lopez,_Arizona_Senator",205846,0
4325,"Paula Aboud",Paula,A.,Aboud,,,1,D,2,Sen,SD-028,6479100,28356,,Paula_Aboud,242010,0
4329,"Ted Vogt",Ted,,Vogt,,,2,R,1,Rep,HD-030,6690667,119443,,Ted_Vogt,285665,0
4332,"Amanda Reeve",Amanda,A.,Reeve,,,2,R,1,Rep,HD-006,12997791,119229,,Amanda_Reeve,284725,0
4343,"Catherine Miranda",Catherine,H.,Miranda,,,1,D,2,Sen,SD-027,6507410,123736,,Catherine_Miranda,309013,0
10678,"Brenda Barton",Brenda,,Barton,,,2,R,1,Rep,HD-006,6690462,123659,,Brenda_Barton,293789,0
10679,"John Fillmore",John,M.,Fillmore,,,2,R,1,Rep,HD-016,6671163,123811,,John_Fillmore,293811,0
10680,"Justin Olson",Justin,,Olson,,,2,R,1,Rep,HD-025,6690603,123766,,Justin_Olson,241701,0
10681,"Terri Proud",Terri,,Proud,,,2,R,1,Rep,HD-026,12997945,123841,,Terri_Proud,309405,0
10682,"Steve Urie",Steve,,Urie,,,2,R,1,Rep,HD-022,12997920,71935,,Steve_Urie,309390,0
10683,"Chester Crandell",Chester,,Crandell,,,2,R,1,Rep,SD-006,12997781,123661,,Chester_Crandell,514107,0
10684,"Karen Fann",Karen,Elizabeth,Fann,,,2,R,1,Rep,HD-001,6690448,123640,,Karen_Fann,293788,0
10685,"Rick Gray",Rick,,Gray,,,2,R,1,Rep,HD-021,6690553,123693,,Rick_Gray,293797,0
10686,"Bob Robson",Bob,,Robson,,,2,R,1,Rep,HD-018,12997787,28333,,Bob_Robson,205840,0
10687,"Jeff Dial",Jeff,,Dial,,,2,R,1,Rep,SD-018,6662244,28154,,Jeff_Dial,309238,0
10689,"Steve Smith",Steve,,Smith,,,2,R,2,Sen,SD-011,6690727,123633,,Steve_Smith_(Arizona),309252,0
10690,"Kate Brophy McGee",Kate,,"Brophy McGee",,,2,R,1,Rep,SD-028,6690571,123701,,Kate_Brophy_McGee,308993,0
10691,"Peggy Judd",Peggy,,Judd,,,2,R,1,Rep,HD-025,6690643,123830,,Peggy_Judd,309398,0
10692,"Michelle Ugenti-Rita",Michelle,R.,Ugenti-Rita,,,2,R,1,Rep,SD-023,6690537,123686,,Michelle_Ugenti-Rita,293796,0
10694,"Eddie Farnsworth",Edwin,W.,Farnsworth,,Eddie,2,R,1,Rep,SD-012,6381730,28101,,Eddie_Farnsworth,205858,0
10695,"Katie Hobbs",Katie,,Hobbs,,,1,D,1,Rep,SD-024,6507388,123724,,Katie_Hobbs,293800,0
10696,"Javan Mesnard",Javan,D.,Mesnard,,,2,R,1,Rep,HD-017,6690618,123791,,J.D._Mesnard,293809,0
10699,"Lela Alston",Lela,,Alston,,,1,D,1,Rep,HD-024,6412623,123722,,Lela_Alston,293799,0
10700,"Ben Arredondo",Ben,,Arredondo,,,1,D,1,Rep,HD-017,6507416,72165,,P._Ben_Arredondo,309015,0
10701,"Heather Carter",Heather,,Carter,,,2,R,1,Rep,HD-015,6690503,123672,,Heather_Carter,308951,0
10702,"Tom Forese",Tom,,Forese,,,2,R,1,Rep,HD-017,6690615,123782,,Tom_Forese,293808,0
10703,"Ruben Gallego",Ruben,,Gallego,,,1,D,1,Rep,HD-027,6507394,123732,,Ruben_Gallego,293802,0
10704,"Sally Gonzales",Sally,Ann,Gonzales,,,1,D,1,Rep,HD-003,12997768,12275,,Sally_Ann_Gonzales,192949,0
10705,"Macario Saldate",Macario,,Saldate,IV,,1,D,1,Rep,HD-003,6507476,123857,,Macario_Saldate,293814,0
10706,"Kimberly Yee",Kimberly,,Yee,,,2,R,1,Rep,SD-020,6690560,123695,,Kimberly_Yee,299974,0
10707,"Jack Jackson",Jack,C.,Jackson,Jr.,,1,D,2,Sen,SD-007,6400788,28142,,"Jack_C._Jackson,_Jr.",212128,0
10708,"Gail Griffin",Gail,,Griffin,,,2,R,2,Sen,SD-014,12997808,12274,,Gail_Griffin,192945,0
10709,"David Smith",David,Burnell,Smith,,,2,R,1,Rep,HD-007,6604473,16384,,David_Smith_(Arizona_candidate),227483,0
10710,"Lori Klein",Lori,,Klein,,,2,R,2,Sen,SD-006,6059270,123583,,Lori_Klein,309134,0
10711,"Don Shooter",Don,,Shooter,,,2,R,2,Sen,SD-013,1454071,1052,,Don_Shooter,309254,0
10714,"Steve Gallardo",Steve,M.,Gallardo,,,1,D,2,Sen,SD-029,6407065,28170,,Steve_Gallardo,212141,0
10716,"Scott Bundgaard",Scott,,Bundgaard,,,2,R,2,Sen,SD-004,6648935,2991,,Scott_Bundgaard,192906,0
11659,"Bruce Wheeler",Bruce,,Wheeler,,,1,D,1,Rep,HD-010,6507489,123866,,Bruce_Wheeler,309418,0
