bill_id,roll_call_id,date,chamber,description,yea,nay,nv,absent,total
415436,174291,2011-02-15,Senate,"Senate Commerce and Energy Committee Action (DP)",5,2,0,0,7
415449,174293,2011-02-15,House,"House Ways and Means Committee Action (DP)",5,3,0,1,9
415449,174294,2011-02-15,House,"House Rules Committee Action (C&P)",6,3,0,0,9
415449,174295,2011-02-15,House,"House - COW Motion to Amend",20,38,2,0,60
415449,174296,2011-02-16,House,"House - Third Reading",39,21,0,0,60
415449,174297,2011-02-16,Senate,"Senate - Third Reading",18,11,1,0,30
