bill_id,session_id,bill_number,status,status_desc,status_date,title,description,committee_id,committee,last_action_date,last_action,url,state_link
1361726,1738,HR1,4,Passed,2020-03-16,"House convened; notify Senate","A RESOLUTION to notify the Senate that the House of Representatives has convened; and for other purposes.",0,,2020-03-16,"House Read and Adopted",https://legiscan.com/GA/bill/HR1/2020/X1,https://www.legis.ga.gov/legislation/58343
1361728,1738,HR2,4,Passed,2020-03-16,"Adjournment; relative to","A RESOLUTION relative to meetings and adjournments of the General Assembly; and for other purposes.",0,,2020-03-16,"House Read and Adopted",https://legiscan.com/GA/bill/HR2/2020/X1,https://www.legis.ga.gov/legislation/58344
1361723,1738,HR3,4,Passed,2020-03-16,"Governor Brian P. Kemp's Executive Order; public health state of emergency; concur","A RESOLUTION concurring with Governor Brian P. Kemp's Executive Order No. 03.14.20.01 declaring a public health state of emergency; and for other purposes.",0,,2020-03-16,"House Read and Adopted",https://legiscan.com/GA/bill/HR3/2020/X1,https://www.legis.ga.gov/legislation/58350
1361721,1738,HR4,4,Passed,2020-03-16,"Governor Brian P. Kemp's Executive Order; public health state of emergency; concur","A RESOLUTION concurring with Governor Brian P. Kemp's Executive Order No. 03.14.20.01 declaring a public health state of emergency; and for other purposes.",0,,2020-03-16,"Senate Passed/Adopted",https://legiscan.com/GA/bill/HR4/2020/X1,https://www.legis.ga.gov/legislation/58351
1361727,1738,SR1,2,Engrossed,2020-03-16,"Senate Rules; adopt","A RESOLUTION adopting the Rules of the Senate for the 2020 Special Session of the General Assembly of Georgia; and for other purposes.",0,,2020-03-16,"Senate Passed/Adopted",https://legiscan.com/GA/bill/SR1/2020/X1,https://www.legis.ga.gov/legislation/58345
1361722,1738,SR2,4,Passed,2020-03-16,"Senate Convened; notify House of Representatives","A RESOLUTION to notify the House of Representatives that the Senate has convened; and for other purposes.",0,,2020-03-16,"Senate Read and Adopted",https://legiscan.com/GA/bill/SR2/2020/X1,https://www.legis.ga.gov/legislation/58346
1361724,1738,SR3,4,Passed,2020-03-16,"General Assembly Convened; notify Governor","A RESOLUTION to notify the Governor that the General Assembly has convened; and for other purposes.",0,,2020-03-16,"House Read and Adopted",https://legiscan.com/GA/bill/SR3/2020/X1,https://www.legis.ga.gov/legislation/58347
1361720,1738,SR4,1,Introduced,2020-03-16,"Governor Brian P. Kemp's Executive Order; declaring a public health state of emergency; concur","A RESOLUTION concurring with Governor Brian P. Kemp's Executive Order No. 03.14.20.01 declaring a public health state of emergency; and for other purposes.",0,,2020-03-16,"Senate Hopper",https://legiscan.com/GA/bill/SR4/2020/X1,https://www.legis.ga.gov/legislation/58348
1361725,1738,SR5,2,Engrossed,2020-03-16,"Governor Brian P. Kemp's Executive Order; declaring a public health state of emergency; concur","A RESOLUTION concurring with Governor Brian P. Kemp's Executive Order No. 03.14.20.01 declaring a public health state of emergency; and for other purposes.",0,,2020-03-16,"Senate Passed/Adopted",https://legiscan.com/GA/bill/SR5/2020/X1,https://www.legis.ga.gov/legislation/58349
