bill_id,document_id,document_type,document_size,document_mime,document_desc,url,state_link
1361726,2175438,text,6477,application/pdf,Introduced,https://legiscan.com/GA/text/HR1/id/2175438,https://www.legis.ga.gov/api/legislation/document/2020EX/193331
1361728,2175441,text,7202,application/pdf,Introduced,https://legiscan.com/GA/text/HR2/id/2175441,https://www.legis.ga.gov/api/legislation/document/2020EX/193332
1361723,2175433,text,9390,application/pdf,Introduced,https://legiscan.com/GA/text/HR3/id/2175433,https://www.legis.ga.gov/api/legislation/document/2020EX/193349
1361721,2175430,text,9142,application/pdf,Introduced,https://legiscan.com/GA/text/HR4/id/2175430,https://www.legis.ga.gov/api/legislation/document/2020EX/193352
1361727,2175439,text,11368,application/pdf,Introduced,https://legiscan.com/GA/text/SR1/id/2175439,https://www.legis.ga.gov/api/legislation/document/2020EX/193337
1361727,2175440,text,11401,application/pdf,Enrolled,https://legiscan.com/GA/text/SR1/id/2175440,https://www.legis.ga.gov/api/legislation/document/2020EX/193341
1361722,2175431,text,6496,application/pdf,Introduced,https://legiscan.com/GA/text/SR2/id/2175431,https://www.legis.ga.gov/api/legislation/document/2020EX/193338
1361722,2175432,text,6603,application/pdf,Enrolled,https://legiscan.com/GA/text/SR2/id/2175432,https://www.legis.ga.gov/api/legislation/document/2020EX/193342
1361724,2175434,text,6633,application/pdf,Introduced,https://legiscan.com/GA/text/SR3/id/2175434,https://www.legis.ga.gov/api/legislation/document/2020EX/193339
1361724,2175435,text,6746,application/pdf,Enrolled,https://legiscan.com/GA/text/SR3/id/2175435,https://www.legis.ga.gov/api/legislation/document/2020EX/193343
1361720,2175429,text,9156,application/pdf,Introduced,https://legiscan.com/GA/text/SR4/id/2175429,https://www.legis.ga.gov/api/legislation/document/2020EX/193340
1361725,2175436,text,9212,application/pdf,Introduced,https://legiscan.com/GA/text/SR5/id/2175436,https://www.legis.ga.gov/api/legislation/document/2020EX/193346
1361725,2175437,text,9316,application/pdf,Enrolled,https://legiscan.com/GA/text/SR5/id/2175437,https://www.legis.ga.gov/api/legislation/document/2020EX/193347
