bill_id,date,chamber,sequence,action
1361720,2020-03-16,Senate,1,"Senate Hopper"
1361721,2020-03-16,House,1,"House Hopper"
1361721,2020-03-16,House,2,"House First Readers"
1361721,2020-03-16,House,3,"House Read and Adopted"
1361721,2020-03-16,Senate,4,"Senate Passed/Adopted"
1361722,2020-03-16,Senate,1,"Senate Hopper"
1361722,2020-03-16,Senate,2,"Senate Read and Adopted"
1361723,2020-03-16,House,1,"House Hopper"
1361723,2020-03-16,House,2,"House First Readers"
1361723,2020-03-16,House,3,"House Read and Adopted"
1361724,2020-03-16,Senate,1,"Senate Hopper"
1361724,2020-03-16,Senate,2,"Senate Read and Adopted"
1361724,2020-03-16,House,3,"House First Readers"
1361724,2020-03-16,House,4,"House Read and Adopted"
1361725,2020-03-16,Senate,1,"Senate Hopper"
1361725,2020-03-16,Senate,2,"Senate Passed/Adopted"
1361726,2020-03-16,House,1,"House Hopper"
1361726,2020-03-16,House,2,"House First Readers"
1361726,2020-03-16,House,3,"House Read and Adopted"
1361727,2020-03-16,Senate,1,"Senate Hopper"
1361727,2020-03-16,Senate,2,"Senate Passed/Adopted"
1361728,2020-03-16,House,1,"House Hopper"
1361728,2020-03-16,House,2,"House First Readers"
1361728,2020-03-16,House,3,"House Read and Adopted"
