bill_id,session_id,bill_number,status,status_desc,status_date,title,description,committee_id,committee,last_action_date,last_action,url,state_link
650849,1102,HB2001,1,Introduced,2014-05-27,"Department of child safety","Department of child safety",0,,2014-05-29,"House Committee of the Whole action: Do Pass Amended",https://legiscan.com/AZ/bill/HB2001/2014/X2,http://www.azleg.gov/DocumentsForBill.asp?Session_ID=113&Bill_Number=HB2001
650851,1102,HB2002,1,Introduced,2014-05-27,"Appropriations; department of child safety","Appropriations; department of child safety",0,,2014-05-29,"House Committee of the Whole action: Do Pass Amended",https://legiscan.com/AZ/bill/HB2002/2014/X2,http://www.azleg.gov/DocumentsForBill.asp?Session_ID=113&Bill_Number=HB2002
651080,1102,HCR2001,4,Passed,2014-05-29,"Don Jansen; death resolution","Don Jansen; death resolution",0,,2014-05-29,"Transmitted to Secretary Of State",https://legiscan.com/AZ/bill/HCR2001/2014/X2,http://www.azleg.gov/DocumentsForBill.asp?Session_ID=113&Bill_Number=HCR2001
650848,1102,SB1001,4,Passed,2014-05-29,"Department of child safety.","Department of child safety.",0,,2014-05-29,"Chapter 1 E",https://legiscan.com/AZ/bill/SB1001/2014/X2,http://www.azleg.gov/DocumentsForBill.asp?Session_ID=113&Bill_Number=SB1001
650850,1102,SB1002,4,Passed,2014-05-29,"Appropriations; department of child safety.","Appropriations; department of child safety.",0,,2014-05-29,"Chapter 2",https://legiscan.com/AZ/bill/SB1002/2014/X2,http://www.azleg.gov/DocumentsForBill.asp?Session_ID=113&Bill_Number=SB1002
