bill_id,document_id,document_type,document_size,document_mime,document_desc,url,state_link
650849,1028534,text,852589,text/html,Introduced,https://legiscan.com/AZ/text/HB2001/id/1028534,http://www.azleg.gov/legtext/51leg/2s/bills/hb2001p.htm
650851,1028536,text,67466,text/html,Introduced,https://legiscan.com/AZ/text/HB2002/id/1028536,http://www.azleg.gov/legtext/51leg/2s/bills/hb2002p.htm
651080,1029153,text,30968,text/html,Introduced,https://legiscan.com/AZ/text/HCR2001/id/1029153,http://www.azleg.gov/legtext/51leg/2s/bills/hcr2001p.htm
651080,1030033,text,29947,text/html,Engrossed,https://legiscan.com/AZ/text/HCR2001/id/1030033,http://www.azleg.gov/legtext/51leg/2s/bills/hcr2001h.htm
651080,1036036,text,30878,text/html,Enrolled,https://legiscan.com/AZ/text/HCR2001/id/1036036,http://www.azleg.gov/legtext/51leg/2s/laws/hcr2001.htm
650848,1028533,text,852240,text/html,Introduced,https://legiscan.com/AZ/text/SB1001/id/1028533,http://www.azleg.gov/legtext/51leg/2s/bills/sb1001p.htm
650850,1028535,text,67884,text/html,Introduced,https://legiscan.com/AZ/text/SB1002/id/1028535,http://www.azleg.gov/legtext/51leg/2s/bills/sb1002p.htm
650850,1029785,text,67751,text/html,Engrossed,https://legiscan.com/AZ/text/SB1002/id/1029785,http://www.azleg.gov/legtext/51leg/2s/bills/sb1002s.htm
650849,19479,amendment,30766,text/html,"HOUSE PROPOSED AMENDMENT: Public Safety, Military and Regulatory Affairs",https://legiscan.com/AZ/amendment/HB2001/id/19479,"http://www.azleg.gov/legtext/51leg/2s/proposed/h.2001ef 528 1239.doc.htm"
650849,19832,amendment,29512,text/html,"HOUSE ADOPTED AMENDMENT: Petersen Floor Amendment; Reference to printed bill",https://legiscan.com/AZ/amendment/HB2001/id/19832,http://www.azleg.gov/legtext/51leg/2s/adopted/h.2001wp.doc.htm
650849,19582,amendment,32476,text/html,"HOUSE ADOPTED AMENDMENT: Public Safety, Military and Regulatory Affairs",https://legiscan.com/AZ/amendment/HB2001/id/19582,http://www.azleg.gov/legtext/51leg/2s/adopted/h.2001-psmra.doc.htm
650849,19830,amendment,31267,text/html,"HOUSE ADOPTED AMENDMENT: Hale Floor Amendment; Reference to printed bill",https://legiscan.com/AZ/amendment/HB2001/id/19830,http://www.azleg.gov/legtext/51leg/2s/adopted/h.2001-f1-hale.doc.htm
650849,19831,amendment,32026,text/html,"HOUSE ADOPTED AMENDMENT: Kavanagh Floor Amendment; Reference to printed bill",https://legiscan.com/AZ/amendment/HB2001/id/19831,http://www.azleg.gov/legtext/51leg/2s/adopted/h.2001-f1-kavanagh.doc.htm
650851,19815,amendment,30098,text/html,"HOUSE ADOPTED AMENDMENT: Kavanagh Floor Amendment; Reference to printed bill",https://legiscan.com/AZ/amendment/HB2002/id/19815,http://www.azleg.gov/legtext/51leg/2s/adopted/h.2002jk.doc.htm
650848,19569,amendment,30574,text/html,"SENATE PROPOSED AMENDMENT: Health and Human Services",https://legiscan.com/AZ/amendment/SB1001/id/19569,http://www.azleg.gov/legtext/51leg/2s/proposed/s.1001706.doc.htm
650848,19571,amendment,36887,text/html,"SENATE ADOPTED AMENDMENT: Begay flr amend (ref Bill) adopted",https://legiscan.com/AZ/amendment/SB1001/id/19571,http://www.azleg.gov/legtext/51leg/2s/adopted/1001begay1215.doc.htm
650848,19573,amendment,30437,text/html,"SENATE ADOPTED AMENDMENT: Health and Human Services",https://legiscan.com/AZ/amendment/SB1001/id/19573,http://www.azleg.gov/legtext/51leg/2s/adopted/s.1001hhs.doc.htm
650848,19439,amendment,30601,text/html,"SENATE PROPOSED AMENDMENT: Health and Human Services",https://legiscan.com/AZ/amendment/SB1001/id/19439,http://www.azleg.gov/legtext/51leg/2s/proposed/s.1001534.doc.htm
650848,19570,amendment,34517,text/html,"SENATE ADOPTED AMENDMENT: Barto flr amend (ref HHS) adopted",https://legiscan.com/AZ/amendment/SB1001/id/19570,http://www.azleg.gov/legtext/51leg/2s/adopted/1001barto137.doc.htm
650848,19572,amendment,34695,text/html,"SENATE ADOPTED AMENDMENT: Farnsworth flr amend (ref Bill) adopted",https://legiscan.com/AZ/amendment/SB1001/id/19572,http://www.azleg.gov/legtext/51leg/2s/adopted/1001farnsworth146.doc.htm
650848,19574,amendment,29959,text/html,"SENATE ADOPTED AMENDMENT: Rules",https://legiscan.com/AZ/amendment/SB1001/id/19574,http://www.azleg.gov/legtext/51leg/2s/adopted/s.1001rul.doc.htm
650850,19596,amendment,35724,text/html,"SENATE ADOPTED AMENDMENT: Landrum Taylor flr amend (ref Bill) adopted",https://legiscan.com/AZ/amendment/SB1002/id/19596,http://www.azleg.gov/legtext/51leg/2s/adopted/1002landrumtaylor1044.doc.htm
650850,19597,amendment,33793,text/html,"SENATE ADOPTED AMENDMENT: Shooter flr amend (ref Bill) adopted",https://legiscan.com/AZ/amendment/SB1002/id/19597,http://www.azleg.gov/legtext/51leg/2s/adopted/1002shooter104.doc.htm
