bill_id,date,chamber,sequence,action
650848,2014-05-27,Senate,1,"Introduced in Senate and read first time"
650848,2014-05-27,Senate,2,"Assigned to Senate HHS Committee"
650848,2014-05-27,Senate,3,"Assigned to Senate RULES Committee"
650848,2014-05-28,Senate,4,"Senate read second time"
650848,2014-05-28,Senate,5,"Referred to Senate HHS Committee"
650848,2014-05-28,Senate,6,"Senate HHS Committee action: Do Pass Amended, voting: (7-0-0-0)"
650848,2014-05-27,Senate,7,"Referred to Senate RULES Committee"
650848,2014-05-28,Senate,8,"Senate RULES Committee action: Proper For Consideration Amended"
650848,2014-05-28,Senate,9,"Senate minority caucus: Do pass"
650848,2014-05-28,Senate,10,"Senate majority caucus: Do pass"
650848,2014-05-28,Senate,11,"Senate Committee of the Whole action: Do Pass Amended"
650848,2014-05-29,Senate,12,"Senate third reading PASSED voting: (30-0-0-0)"
650848,2014-05-29,Senate,13,"Transmit to House"
650848,2014-05-29,House,14,"House third reading PASSED voting: (60-0-0-0)"
650848,2014-05-29,House,15,"Transmit to Senate"
650848,2014-05-29,,16,"Transmitted to Governor"
650848,2014-05-29,,17,"Governor Signed"
650848,2014-05-29,,18,"Chapter 1 E"
650849,2014-05-27,House,1,"Introduced in House and read first time"
650849,2014-05-27,House,2,"Assigned to House PSMRA Committee"
650849,2014-05-27,House,3,"Assigned to House RULES Committee"
650849,2014-05-28,House,4,"House read second time"
650849,2014-05-28,House,5,"Referred to House PSMRA Committee"
650849,2014-05-28,House,6,"House PSMRA Committee action: Do Pass Amended, voting: (8-0-0-0-0)"
650849,2014-05-27,House,7,"Referred to House RULES Committee"
650849,2014-05-28,House,8,"House RULES Committee action: constitutional and in proper form, voting: (7-0-0-2-0)"
650849,2014-05-28,House,9,"House minority caucus: Do pass"
650849,2014-05-28,House,10,"House majority caucus: Do pass"
650849,2014-05-29,House,11,"House Committee of the Whole action: Do Pass Amended"
650850,2014-05-27,Senate,1,"Introduced in Senate and read first time"
650850,2014-05-27,Senate,2,"Assigned to Senate APPROP Committee"
650850,2014-05-27,Senate,3,"Assigned to Senate RULES Committee"
650850,2014-05-28,Senate,4,"Senate read second time"
650850,2014-05-28,Senate,5,"Referred to Senate APPROP Committee"
650850,2014-05-28,Senate,6,"Senate APPROP Committee action: Do Pass, voting: (8-0-1-0)"
650850,2014-05-27,Senate,7,"Referred to Senate RULES Committee"
650850,2014-05-28,Senate,8,"Senate RULES Committee action: Proper For Consideration"
650850,2014-05-28,Senate,9,"Senate minority caucus: Do pass"
650850,2014-05-28,Senate,10,"Senate majority caucus: Do pass"
650850,2014-05-28,Senate,11,"Senate Committee of the Whole action: Do Pass Amended"
650850,2014-05-29,Senate,12,"Senate third reading PASSED voting: (29-1-0-0)"
650850,2014-05-29,Senate,13,"Transmit to House"
650850,2014-05-29,House,14,"House third reading PASSED voting: (60-0-0-0)"
650850,2014-05-29,House,15,"Transmit to Senate"
650850,2014-05-29,,16,"Transmitted to Governor"
650850,2014-05-29,,17,"Governor Signed"
650850,2014-05-29,,18,"Chapter 2"
650851,2014-05-27,House,1,"Introduced in House and read first time"
650851,2014-05-27,House,2,"Assigned to House APPROP Committee"
650851,2014-05-27,House,3,"Assigned to House RULES Committee"
650851,2014-05-28,House,4,"House read second time"
650851,2014-05-28,House,5,"Referred to House APPROP Committee"
650851,2014-05-28,House,6,"House APPROP Committee action: Do Pass, voting: (11-0-0-0-0)"
650851,2014-05-27,House,7,"Referred to House RULES Committee"
650851,2014-05-28,House,8,"House RULES Committee action: constitutional and in proper form, voting: (7-0-0-2-0)"
650851,2014-05-28,House,9,"House minority caucus: Do pass"
650851,2014-05-28,House,10,"House majority caucus: Do pass"
650851,2014-05-29,House,11,"House Committee of the Whole action: Do Pass Amended"
651080,2014-05-29,House,1,"Introduced in House and read first time"
651080,2014-05-29,,2,"Transmitted to Secretary Of State"
