bill_id,session_id,bill_number,status,status_desc,status_date,title,description,committee_id,committee,last_action_date,last_action,url,state_link
1130171,1614,HB1,4,Passed,2018-11-17,"Supplemental appropriations; State Fiscal Year July 1, 2018 - June 30, 2019","A BILL to be entitled an Act to amend an Act making and providing appropriations for the State Fiscal Year beginning July 1, 2018, and ending June 30, 2019, known as the ""General Appropriations Act,"" Act No. 301, approved May 2, 2018 (Ga. L. 2018, Volume One, Appendix, commencing at page 1 of 135), to make, provide, and change certain appropriations for the operation of the state government and its departments, boards, bureaus, commissions, institutions, and other agencies, for the university system, common schools, counties, municipalities, and political subdivisions, for all other governmental activities, projects, and undertakings authorized by law, and for all leases, contracts, agreements, and grants authorized by law; to provide for the control and administration of funds; to provide an effective date; to repeal conflicting laws; and for other purposes.",0,,2018-11-17,"Act 1EX",https://legiscan.com/GA/bill/HB1/2018/X1,https://www.legis.ga.gov/legislation/54126
1130174,1614,HB2,1,Introduced,2018-11-13,"Supplemental appropriations; State Fiscal Year July 1, 2018 - June 30, 2019","A BILL to be entitled an Act to amend an Act making and providing appropriations for the State Fiscal Year beginning July 1, 2018, and ending June 30, 2019, known as the ""General Appropriations Act,"" Act No. 301, approved May 2, 2018 (Ga. L. 2018, Volume One, Appendix, commencing at page 1 of 135), to make, provide, and change certain appropriations for the operation of the state government and its departments, boards, bureaus, commissions, institutions, and other agencies, for the university system, common schools, counties, municipalities, and political subdivisions, for all other governmental activities, projects, and undertakings authorized by law, and for all leases, contracts, agreements, and grants authorized by law; to provide for the control and administration of funds; to provide an effective date; to repeal conflicting laws; and for other purposes.",567,"House Appropriations",2018-11-14,"House Second Readers",https://legiscan.com/GA/bill/HB2/2018/X1,https://www.legis.ga.gov/legislation/54127
1130163,1614,HB3,1,Introduced,2018-11-13,"Governor; executive order suspending collection of sales and use tax levied on jet fuel and to provide for continuance of such suspension indefinitely; ratify","A BILL to be entitled an Act to amend Chapter 8 of Title 48 of the O.C.G.A., relating to sales and use taxes; to ratify an executive order of the Governor suspending the collection of sales and use tax levied on jet fuel and to provide for the continuance of such suspension indefinitely; to limit the taxation of the sale and use of jet fuel pursuant to the Joint County and Municipal Sales and Use Tax (LOST) and the ""Metropolitan Atlanta Rapid Transit Authority Act of 1965""; to amend Chapter 7 of Title 48 of the O.C.G.A., relating to income taxes; to provide income tax credits for certain timber producers based on certain casualty losses related to Hurricane Michael; to provide for related matters; to repeal conflicting laws; and for other purposes.",603,"House Ways and Means",2018-11-14,"House Second Readers",https://legiscan.com/GA/bill/HB3/2018/X1,https://www.legis.ga.gov/legislation/54131
1130169,1614,HB4,4,Passed,2018-11-17,"Income tax; tax credit for certain taxpayers based on certain expenses incurred due to Hurricane Michael; create","A BILL to be entitled an Act to amend Article 2 of Chapter 7 of Title 48 of the Official Code of Georgia Annotated, relating to imposition, rate, computation, and exemptions from income taxes, so as to create a tax credit for certain taxpayers based on certain expenses incurred due to Hurricane Michael; to provide for procedures, conditions, and limitations; to provide for definitions; to provide for related matters; to provide for an effective date and applicability; to repeal conflicting laws; and for other purposes.",0,,2018-11-17,"Act 2EX",https://legiscan.com/GA/bill/HB4/2018/X1,https://www.legis.ga.gov/legislation/54132
1130167,1614,HB5,4,Passed,2018-11-17,"Governor; executive order suspending collection of sales and use tax levied on jet fuel; ratify","A BILL to be entitled an Act to amend Chapter 8 of Title 48 of the Official Code of Georgia Annotated, relating to sales and use taxes, so as to ratify an executive order of the Governor suspending the collection of sales and use tax levied on jet fuel for a period of time; to provide for the continuance of such suspension of collection indefinitely; to exempt jet fuel from certain sales and use taxes; to provide a definition; to repeal provisions limiting an exemption from such taxes on the sale or use of jet fuel for certain qualifying airlines at certain qualifying airports; to repeal provisions relating to an expired exemption from a portion of state sales and use tax for certain qualifying airlines at certain qualifying airports; to repeal inapplicable definitions; to repeal conflicting laws; and for other purposes.",0,,2018-11-17,"Act 3EX",https://legiscan.com/GA/bill/HB5/2018/X1,https://www.legis.ga.gov/legislation/54133
1130176,1614,HR1,4,Passed,2018-11-13,"House of Representatives convened; notify Senate","A RESOLUTION to notify the Senate that the House of Representatives has convened; and for other purposes.",0,,2018-11-13,"House Read and Adopted",https://legiscan.com/GA/bill/HR1/2018/X1,https://www.legis.ga.gov/legislation/54134
1130172,1614,HR2,1,Introduced,2018-11-13,"House of Representatives; amend Rules","A RESOLUTION amending the Rules of the House of Representatives; and for other purposes.",596,"House Rules",2018-11-14,"House Second Readers",https://legiscan.com/GA/bill/HR2/2018/X1,https://www.legis.ga.gov/legislation/54135
1130173,1614,HR3,4,Passed,2018-11-13,"Meadows, Chairman John; condolences","A RESOLUTION honoring the life and memory of John Meadows; and for other purposes.",0,,2018-11-13,"House Read and Adopted",https://legiscan.com/GA/bill/HR3/2018/X1,https://www.legis.ga.gov/legislation/54136
1130165,1614,HR4,4,Passed,2018-11-13,"Hines, Honorable P. Harris; former Chief Justice of the Supreme Court of Georgia; condolences","A RESOLUTION honoring and remembering the life of the Honorable P. Harris Hines, former Chief Justice of the Supreme Court of Georgia; and for other purposes.",0,,2018-11-13,"House Read and Adopted",https://legiscan.com/GA/bill/HR4/2018/X1,https://www.legis.ga.gov/legislation/54137
1130201,1614,HR5,4,Passed,2018-11-14,"Toney, Officer Antwan; condolences","A RESOLUTION honoring the life and memory of Officer Antwan Toney; and for other purposes.",0,,2018-11-14,"House Read and Adopted",https://legiscan.com/GA/bill/HR5/2018/X1,https://www.legis.ga.gov/legislation/54139
1130216,1614,HR6,4,Passed,2018-11-14,"Tyson, Henry Doris, Sr.; condolences","A RESOLUTION honoring the life and memory of Henry Doris Tyson, Sr.; and for other purposes.",0,,2018-11-14,"House Read and Adopted",https://legiscan.com/GA/bill/HR6/2018/X1,https://www.legis.ga.gov/legislation/54140
1130353,1614,HR7,4,Passed,2018-11-15,"Ethridge, Lawrence Terrence; condolences","A RESOLUTION honoring the life and memory of Lawrence Terrence Ethridge; and for other purposes.",0,,2018-11-15,"House Read and Adopted",https://legiscan.com/GA/bill/HR7/2018/X1,https://www.legis.ga.gov/legislation/54145
1130359,1614,HR8,4,Passed,2018-11-15,"Hearts to Nourish Hope, Inc.; commend","A RESOLUTION commending Hearts to Nourish Hope, Inc.; and for other purposes.",0,,2018-11-15,"House Read and Adopted",https://legiscan.com/GA/bill/HR8/2018/X1,https://www.legis.ga.gov/legislation/54146
1130354,1614,HR9,4,Passed,2018-11-15,"Corhen, Verntrener ""Trenna"" Marie; condolences","A RESOLUTION honoring the life and memory of Verntrener ""Trenna"" Marie Corhen; and for other purposes.",0,,2018-11-15,"House Read and Adopted",https://legiscan.com/GA/bill/HR9/2018/X1,https://www.legis.ga.gov/legislation/54147
1130358,1614,HR10,4,Passed,2018-11-15,"Huff, Dena; service with Partnership for Families, Children and Youth in Walton County, Georgia; commend","A RESOLUTION honoring Dena Huff for her service with the Partnership for Families, Children and Youth in Walton County, Georgia; and for other purposes.",0,,2018-11-15,"House Read and Adopted",https://legiscan.com/GA/bill/HR10/2018/X1,https://www.legis.ga.gov/legislation/54148
1130356,1614,HR11,4,Passed,2018-11-15,"Moran, Dr. Martin; condolences","A RESOLUTION honoring the life and memory of Dr. Martin Moran; and for other purposes.",0,,2018-11-15,"House Read and Adopted",https://legiscan.com/GA/bill/HR11/2018/X1,https://www.legis.ga.gov/legislation/54149
1130361,1614,HR12,4,Passed,2018-11-15,"Bridges, William ""Billy"" R., Jr.; condolences","A RESOLUTION honoring the life and memory of William ""Billy"" R. Bridges, Jr.; and for other purposes.",0,,2018-11-15,"House Read and Adopted",https://legiscan.com/GA/bill/HR12/2018/X1,https://www.legis.ga.gov/legislation/54150
1130363,1614,HR13,4,Passed,2018-11-15,"Bailey, Deacon Floyd William; condolences","A RESOLUTION honoring the life and memory of Deacon Floyd William Bailey; and for other purposes.",0,,2018-11-15,"House Read and Adopted",https://legiscan.com/GA/bill/HR13/2018/X1,https://www.legis.ga.gov/legislation/54151
1130514,1614,HR14,4,Passed,2018-11-16,"House of Representatives; meetings and adjournments; relative to","A RESOLUTION relative to meetings and adjournments of the House of Representatives; and for other purposes.",0,,2018-11-16,"House Read and Adopted",https://legiscan.com/GA/bill/HR14/2018/X1,https://www.legis.ga.gov/legislation/54158
1130479,1614,HR15,4,Passed,2018-11-16,"Hilton, Trent Bateman; commend","A RESOLUTION recognizing Trent Bateman Hilton; and for other purposes.",0,,2018-11-16,"House Read and Adopted",https://legiscan.com/GA/bill/HR15/2018/X1,https://www.legis.ga.gov/legislation/54160
1130508,1614,HR16,4,Passed,2018-11-16,"Hilton, Chase Walker; commend","A RESOLUTION recognizing Chase Walker Hilton; and for other purposes.",0,,2018-11-16,"House Read and Adopted",https://legiscan.com/GA/bill/HR16/2018/X1,https://www.legis.ga.gov/legislation/54161
1130476,1614,HR17,4,Passed,2018-11-16,"Hilton, Caroline Hope; commend","A RESOLUTION recognizing Caroline Hope Hilton; and for other purposes.",0,,2018-11-16,"House Read and Adopted",https://legiscan.com/GA/bill/HR17/2018/X1,https://www.legis.ga.gov/legislation/54162
1130495,1614,HR18,4,Passed,2018-11-16,"Ethridge, Billy E.; condolences","A RESOLUTION honoring the life and memory of Billy E. Ethridge; and for other purposes.",0,,2018-11-16,"House Read and Adopted",https://legiscan.com/GA/bill/HR18/2018/X1,https://www.legis.ga.gov/legislation/54163
1130517,1614,HR19,4,Passed,2018-11-16,"Simons, Lieutenant Colonel David C.; retirement from Georgia Air National Guard; commend","A RESOLUTION recognizing and commending Lieutenant Colonel David C. Simons upon the occasion of his retirement from the Georgia Air National Guard; and for other purposes.",0,,2018-11-16,"House Read and Adopted",https://legiscan.com/GA/bill/HR19/2018/X1,https://www.legis.ga.gov/legislation/54164
1130488,1614,HR20,4,Passed,2018-11-16,"Ealum, Major Susie Kalyn; valor and heroism in the face of the enemy; commend","A RESOLUTION commending Major Susie Kalyn Ealum for valor and heroism in the face of the enemy; and for other purposes.",0,,2018-11-16,"House Read and Adopted",https://legiscan.com/GA/bill/HR20/2018/X1,https://www.legis.ga.gov/legislation/54165
1130511,1614,HR21,4,Passed,2018-11-16,"Dooley, John Francis; condolences","A RESOLUTION honoring the life and memory of John Francis Dooley; and for other purposes.",0,,2018-11-16,"House Read and Adopted",https://legiscan.com/GA/bill/HR21/2018/X1,https://www.legis.ga.gov/legislation/54166
1130498,1614,HR22,4,Passed,2018-11-16,"Clear Springs Missionary Baptist Church;160th anniversary; commend","A RESOLUTION recognizing and commending Clear Springs Missionary Baptist Church on the occasion of its 160th anniversary; and for other purposes.",0,,2018-11-16,"House Read and Adopted",https://legiscan.com/GA/bill/HR22/2018/X1,https://www.legis.ga.gov/legislation/54167
1130492,1614,HR23,4,Passed,2018-11-16,"Women's Entrepreneurship Day at the state capitol; November 16, 2018; recognize","A RESOLUTION recognizing November 16, 2018, as Women's Entrepreneurship Day at the state capitol; and for other purposes.",0,,2018-11-16,"House Read and Adopted",https://legiscan.com/GA/bill/HR23/2018/X1,https://www.legis.ga.gov/legislation/54168
1130504,1614,HR24,4,Passed,2018-11-16,"Federal reforestation programs; consideration regarding mandatory requirements for the planting of only one specific species of tree; commend","A RESOLUTION commending federal reforestation programs for their consideration regarding mandatory requirements for the planting of only one specific species of tree; and for other purposes.",0,,2018-11-16,"House Read and Adopted",https://legiscan.com/GA/bill/HR24/2018/X1,https://www.legis.ga.gov/legislation/54169
1130175,1614,SR1,2,Engrossed,2018-11-13,"Senate Rules; Special Session; adopt","A RESOLUTION adopting the Rules of the Senate for the 2018 Special Session of the General Assembly of Georgia; and for other purposes.",0,,2018-11-13,"Senate Passed/Adopted",https://legiscan.com/GA/bill/SR1/2018/X1,https://www.legis.ga.gov/legislation/54123
1130170,1614,SR2,4,Passed,2018-11-13,"Senate convened; notify House","A RESOLUTION to notify the House of Representatives that the Senate has convened; and for other purposes.",0,,2018-11-13,"Senate Read and Adopted",https://legiscan.com/GA/bill/SR2/2018/X1,https://www.legis.ga.gov/legislation/54124
1130164,1614,SR3,4,Passed,2018-11-13,"General Assembly convened; notify the Governor","A RESOLUTION to notify the Governor that the General Assembly has convened; and for other purposes.",0,,2018-11-13,"House Read and Adopted",https://legiscan.com/GA/bill/SR3/2018/X1,https://www.legis.ga.gov/legislation/54125
1130166,1614,SR4,4,Passed,2018-11-13,"Hines, Honorable P. Harris; condolences","A RESOLUTION honoring and remembering the life of the Honorable P. Harris Hines, former Chief Justice of the Supreme Court of Georgia; and for other purposes.",0,,2018-11-13,"Senate Read and Adopted",https://legiscan.com/GA/bill/SR4/2018/X1,https://www.legis.ga.gov/legislation/54128
1130168,1614,SR5,4,Passed,2018-11-13,"Bleckley County FFA; recognize","A RESOLUTION recognizing and commending Bleckley County FFA members Louie Lumley, Seth DuBois, Tucker Felkins, and Jacob Smith for winning the FFA Agricultural Technology and Mechanical Systems Career Development Event (CDE) at the 91st National FFA convention; and for other purposes.",0,,2018-11-13,"Senate Read and Adopted",https://legiscan.com/GA/bill/SR5/2018/X1,https://www.legis.ga.gov/legislation/54129
1130162,1614,SR6,4,Passed,2018-11-14,"Meadows, John; condolences","A RESOLUTION honoring the life and memory of John Meadows; and for other purposes.",0,,2018-11-14,"Senate Read and Adopted",https://legiscan.com/GA/bill/SR6/2018/X1,https://www.legis.ga.gov/legislation/54130
1130208,1614,SR7,4,Passed,2018-11-14,"Millar, Senator Fran; recognize","A RESOLUTION recognizing and commending Senator Fran Millar on his outstanding public service; and for other purposes.",0,,2018-11-14,"Senate Read and Adopted",https://legiscan.com/GA/bill/SR7/2018/X1,https://www.legis.ga.gov/legislation/54138
1130225,1614,SR8,4,Passed,2018-11-15,"Gordon Lee High School Boys Golf Team; commend","A RESOLUTION commending the Gordon Lee High School boys golf team for winning the 2018 GHSA Class A (Public) State Golf Championship; and for other purposes.",0,,2018-11-15,"Senate Read and Adopted",https://legiscan.com/GA/bill/SR8/2018/X1,https://www.legis.ga.gov/legislation/54141
1130485,1614,SR9,4,Passed,2018-11-16,"Haney, James Clarence ""Bubbles""; condolences","A RESOLUTION honoring the life and memory of James Clarence ""Bubbles"" Haney; and for other purposes.",0,,2018-11-16,"Senate Read and Adopted",https://legiscan.com/GA/bill/SR9/2018/X1,https://www.legis.ga.gov/legislation/54143
1130482,1614,SR10,4,Passed,2018-11-16,"Tidwell, Carl Lewis; recognize","A RESOLUTION recognizing and commending Carl Lewis Tidwell on his outstanding public service; and for other purposes.",0,,2018-11-16,"Senate Read and Adopted",https://legiscan.com/GA/bill/SR10/2018/X1,https://www.legis.ga.gov/legislation/54144
1130501,1614,SR11,4,Passed,2018-11-16,"Simons, Lieutenant Colonel David C.; recognize","A RESOLUTION recognizing and commending Lieutenant Colonel David C. Simons upon the occasion of his retirement from the Georgia Air National Guard; and for other purposes.",0,,2018-11-16,"Senate Read and Adopted",https://legiscan.com/GA/bill/SR11/2018/X1,https://www.legis.ga.gov/legislation/54159
