bill_id,document_id,document_type,document_size,document_mime,document_desc,url,state_link
1130171,1825469,text,8897,application/pdf,Introduced,https://legiscan.com/GA/text/HB1/id/1825469,https://www.legis.ga.gov/api/legislation/document/2018EX/179193
1130174,1825472,text,10628,application/pdf,Introduced,https://legiscan.com/GA/text/HB2/id/1825472,https://www.legis.ga.gov/api/legislation/document/2018EX/179192
1130163,1825459,text,44333,application/pdf,Introduced,https://legiscan.com/GA/text/HB3/id/1825459,https://www.legis.ga.gov/api/legislation/document/2018EX/179212
1130169,1825466,text,11639,application/pdf,Introduced,https://legiscan.com/GA/text/HB4/id/1825466,https://www.legis.ga.gov/api/legislation/document/2018EX/179211
1130169,1825551,text,17783,application/pdf,"Comm Sub",https://legiscan.com/GA/text/HB4/id/1825551,https://www.legis.ga.gov/api/legislation/document/2018EX/179236
1130169,1825679,text,20008,application/pdf,"Comm Sub",https://legiscan.com/GA/text/HB4/id/1825679,https://www.legis.ga.gov/api/legislation/document/2018EX/179249
1130169,1825970,text,20722,application/pdf,Enrolled,https://legiscan.com/GA/text/HB4/id/1825970,https://www.legis.ga.gov/api/legislation/document/2018EX/179345
1130167,1825464,text,31885,application/pdf,Introduced,https://legiscan.com/GA/text/HB5/id/1825464,https://www.legis.ga.gov/api/legislation/document/2018EX/179210
1130167,1825552,text,33640,application/pdf,"Comm Sub",https://legiscan.com/GA/text/HB5/id/1825552,https://www.legis.ga.gov/api/legislation/document/2018EX/179237
1130167,1825553,text,33628,application/pdf,"Comm Sub",https://legiscan.com/GA/text/HB5/id/1825553,https://www.legis.ga.gov/api/legislation/document/2018EX/179240
1130167,1825971,text,35624,application/pdf,Enrolled,https://legiscan.com/GA/text/HB5/id/1825971,https://www.legis.ga.gov/api/legislation/document/2018EX/179346
1130176,1825475,text,6476,application/pdf,Introduced,https://legiscan.com/GA/text/HR1/id/1825475,https://www.legis.ga.gov/api/legislation/document/2018EX/179208
1130172,1825470,text,9391,application/pdf,Introduced,https://legiscan.com/GA/text/HR2/id/1825470,https://www.legis.ga.gov/api/legislation/document/2018EX/179209
1130173,1825471,text,9613,application/pdf,Introduced,https://legiscan.com/GA/text/HR3/id/1825471,https://www.legis.ga.gov/api/legislation/document/2018EX/179215
1130165,1825462,text,8943,application/pdf,Introduced,https://legiscan.com/GA/text/HR4/id/1825462,https://www.legis.ga.gov/api/legislation/document/2018EX/179216
1130201,1825536,text,8806,application/pdf,Introduced,https://legiscan.com/GA/text/HR5/id/1825536,https://www.legis.ga.gov/api/legislation/document/2018EX/179228
1130216,1825541,text,8962,application/pdf,Introduced,https://legiscan.com/GA/text/HR6/id/1825541,https://www.legis.ga.gov/api/legislation/document/2018EX/179229
1130353,1825694,text,8914,application/pdf,Introduced,https://legiscan.com/GA/text/HR7/id/1825694,https://www.legis.ga.gov/api/legislation/document/2018EX/179264
1130359,1825700,text,9403,application/pdf,Introduced,https://legiscan.com/GA/text/HR8/id/1825700,https://www.legis.ga.gov/api/legislation/document/2018EX/179265
1130354,1825695,text,8325,application/pdf,Introduced,https://legiscan.com/GA/text/HR9/id/1825695,https://www.legis.ga.gov/api/legislation/document/2018EX/179266
1130358,1825699,text,8622,application/pdf,Introduced,https://legiscan.com/GA/text/HR10/id/1825699,https://www.legis.ga.gov/api/legislation/document/2018EX/179267
1130356,1825697,text,8817,application/pdf,Introduced,https://legiscan.com/GA/text/HR11/id/1825697,https://www.legis.ga.gov/api/legislation/document/2018EX/179268
1130361,1825702,text,8487,application/pdf,Introduced,https://legiscan.com/GA/text/HR12/id/1825702,https://www.legis.ga.gov/api/legislation/document/2018EX/179269
1130363,1825704,text,8639,application/pdf,Introduced,https://legiscan.com/GA/text/HR13/id/1825704,https://www.legis.ga.gov/api/legislation/document/2018EX/179270
1130514,1825866,text,8606,application/pdf,Introduced,https://legiscan.com/GA/text/HR14/id/1825866,https://www.legis.ga.gov/api/legislation/document/2018EX/179296
1130479,1825848,text,9197,application/pdf,Introduced,https://legiscan.com/GA/text/HR15/id/1825848,https://www.legis.ga.gov/api/legislation/document/2018EX/179313
1130508,1825864,text,8923,application/pdf,Introduced,https://legiscan.com/GA/text/HR16/id/1825864,https://www.legis.ga.gov/api/legislation/document/2018EX/179314
1130476,1825846,text,8904,application/pdf,Introduced,https://legiscan.com/GA/text/HR17/id/1825846,https://www.legis.ga.gov/api/legislation/document/2018EX/179315
1130495,1825856,text,8559,application/pdf,Introduced,https://legiscan.com/GA/text/HR18/id/1825856,https://www.legis.ga.gov/api/legislation/document/2018EX/179316
1130517,1825869,text,9582,application/pdf,Introduced,https://legiscan.com/GA/text/HR19/id/1825869,https://www.legis.ga.gov/api/legislation/document/2018EX/179317
1130488,1825854,text,8576,application/pdf,Introduced,https://legiscan.com/GA/text/HR20/id/1825854,https://www.legis.ga.gov/api/legislation/document/2018EX/179318
1130511,1825865,text,8778,application/pdf,Introduced,https://legiscan.com/GA/text/HR21/id/1825865,https://www.legis.ga.gov/api/legislation/document/2018EX/179319
1130498,1825858,text,7593,application/pdf,Introduced,https://legiscan.com/GA/text/HR22/id/1825858,https://www.legis.ga.gov/api/legislation/document/2018EX/179320
1130492,1825855,text,7594,application/pdf,Introduced,https://legiscan.com/GA/text/HR23/id/1825855,https://www.legis.ga.gov/api/legislation/document/2018EX/179321
1130504,1825862,text,8221,application/pdf,Introduced,https://legiscan.com/GA/text/HR24/id/1825862,https://www.legis.ga.gov/api/legislation/document/2018EX/179334
1130175,1825473,text,14718,application/pdf,Introduced,https://legiscan.com/GA/text/SR1/id/1825473,https://www.legis.ga.gov/api/legislation/document/2018EX/179187
1130175,1825474,text,14744,application/pdf,Enrolled,https://legiscan.com/GA/text/SR1/id/1825474,https://www.legis.ga.gov/api/legislation/document/2018EX/179198
1130170,1825467,text,6436,application/pdf,Introduced,https://legiscan.com/GA/text/SR2/id/1825467,https://www.legis.ga.gov/api/legislation/document/2018EX/179188
1130170,1825468,text,6548,application/pdf,Enrolled,https://legiscan.com/GA/text/SR2/id/1825468,https://www.legis.ga.gov/api/legislation/document/2018EX/179194
1130164,1825460,text,6656,application/pdf,Introduced,https://legiscan.com/GA/text/SR3/id/1825460,https://www.legis.ga.gov/api/legislation/document/2018EX/179189
1130164,1825461,text,6766,application/pdf,Enrolled,https://legiscan.com/GA/text/SR3/id/1825461,https://www.legis.ga.gov/api/legislation/document/2018EX/179196
1130166,1825463,text,9079,application/pdf,Introduced,https://legiscan.com/GA/text/SR4/id/1825463,https://www.legis.ga.gov/api/legislation/document/2018EX/179197
1130168,1825465,text,9450,application/pdf,Introduced,https://legiscan.com/GA/text/SR5/id/1825465,https://www.legis.ga.gov/api/legislation/document/2018EX/179200
1130162,1825458,text,9319,application/pdf,Introduced,https://legiscan.com/GA/text/SR6/id/1825458,https://www.legis.ga.gov/api/legislation/document/2018EX/179202
1130208,1825539,text,9329,application/pdf,Introduced,https://legiscan.com/GA/text/SR7/id/1825539,https://www.legis.ga.gov/api/legislation/document/2018EX/179224
1130225,1825544,text,8790,application/pdf,Introduced,https://legiscan.com/GA/text/SR8/id/1825544,https://www.legis.ga.gov/api/legislation/document/2018EX/179235
1130225,1826107,text,8749,application/pdf,Introduced,https://legiscan.com/GA/text/SR8/id/1826107,https://www.legis.ga.gov/api/legislation/document/2018EX/179332
1130485,1825853,text,8265,application/pdf,Introduced,https://legiscan.com/GA/text/SR9/id/1825853,https://www.legis.ga.gov/api/legislation/document/2018EX/179263
1130482,1825850,text,9036,application/pdf,Introduced,https://legiscan.com/GA/text/SR10/id/1825850,https://www.legis.ga.gov/api/legislation/document/2018EX/179273
1130501,1825860,text,9393,application/pdf,Introduced,https://legiscan.com/GA/text/SR11/id/1825860,https://www.legis.ga.gov/api/legislation/document/2018EX/179341
