bill_id,date,chamber,sequence,action
1130162,2018-11-13,Senate,1,"Senate Hopper"
1130162,2018-11-14,Senate,2,"Senate Read and Adopted"
1130163,2018-11-13,House,1,"House Hopper"
1130163,2018-11-13,House,2,"House First Readers"
1130163,2018-11-14,House,3,"House Second Readers"
1130164,2018-11-12,Senate,1,"Senate Hopper"
1130164,2018-11-13,Senate,2,"Senate Read and Adopted"
1130164,2018-11-13,House,3,"House First Readers"
1130164,2018-11-13,House,4,"House Read and Adopted"
1130165,2018-11-13,House,1,"House Hopper"
1130165,2018-11-13,House,2,"House First Readers"
1130165,2018-11-13,House,3,"House Read and Adopted"
1130166,2018-11-13,Senate,1,"Senate Hopper"
1130166,2018-11-13,Senate,2,"Senate Read and Adopted"
1130167,2018-11-13,House,1,"House Hopper"
1130167,2018-11-13,House,2,"House First Readers"
1130167,2018-11-14,House,3,"House Second Readers"
1130167,2018-11-14,House,4,"House Committee Favorably Reported By Substitute"
1130167,2018-11-15,House,5,"House Third Readers"
1130167,2018-11-15,House,6,"House Passed/Adopted By Substitute"
1130167,2018-11-15,House,7,"House Immediately Transmitted to Senate"
1130167,2018-11-15,Senate,8,"Senate Read and Referred"
1130167,2018-11-16,Senate,9,"Senate Committee Favorably Reported"
1130167,2018-11-16,Senate,10,"Senate Read Second Time"
1130167,2018-11-17,Senate,11,"Senate Third Read"
1130167,2018-11-17,Senate,12,"Senate Passed/Adopted"
1130167,2018-11-17,House,13,"House Sent to Governor"
1130167,2018-11-17,House,14,"House Date Signed by Governor"
1130167,2018-11-17,,15,"Act 3EX"
1130168,2018-11-13,Senate,1,"Senate Hopper"
1130168,2018-11-13,Senate,2,"Senate Read and Adopted"
1130169,2018-11-13,House,1,"House Hopper"
1130169,2018-11-13,House,2,"House First Readers"
1130169,2018-11-14,House,3,"House Second Readers"
1130169,2018-11-14,House,4,"House Committee Favorably Reported By Substitute"
1130169,2018-11-15,House,5,"House Withdrawn, Recommitted"
1130169,2018-11-15,House,6,"House Third Readers"
1130169,2018-11-15,House,7,"House Passed/Adopted By Substitute"
1130169,2018-11-15,House,8,"House Immediately Transmitted to Senate"
1130169,2018-11-15,Senate,9,"Senate Read and Referred"
1130169,2018-11-16,Senate,10,"Senate Committee Favorably Reported"
1130169,2018-11-16,Senate,11,"Senate Read Second Time"
1130169,2018-11-17,Senate,12,"Senate Engrossed"
1130169,2018-11-17,Senate,13,"Senate Third Read"
1130169,2018-11-17,Senate,14,"Senate Passed/Adopted"
1130169,2018-11-17,House,15,"House Sent to Governor"
1130169,2018-11-17,House,16,"House Date Signed by Governor"
1130169,2018-11-17,,17,"Act 2EX"
1130170,2018-11-12,Senate,1,"Senate Hopper"
1130170,2018-11-13,Senate,2,"Senate Read and Adopted"
1130171,2018-11-13,House,1,"House Hopper"
1130171,2018-11-13,House,2,"House First Readers"
1130171,2018-11-14,House,3,"House Second Readers"
1130171,2018-11-14,House,4,"House Committee Favorably Reported By Substitute"
1130171,2018-11-15,House,5,"House Third Readers"
1130171,2018-11-15,House,6,"House Immediately Transmitted to Senate"
1130171,2018-11-15,House,7,"House Passed/Adopted By Substitute"
1130171,2018-11-15,Senate,8,"Senate Read and Referred"
1130171,2018-11-16,Senate,9,"Senate Committee Favorably Reported"
1130171,2018-11-16,Senate,10,"Senate Read Second Time"
1130171,2018-11-17,Senate,11,"Senate Third Read"
1130171,2018-11-17,Senate,12,"Senate Passed/Adopted"
1130171,2018-11-17,House,13,"House Sent to Governor"
1130171,2018-11-17,House,14,"House Date Signed by Governor"
1130171,2018-11-17,,15,"Act 1EX"
1130172,2018-11-13,House,1,"House Hopper"
1130172,2018-11-13,House,2,"House First Readers"
1130172,2018-11-14,House,3,"House Second Readers"
1130173,2018-11-13,House,1,"House Hopper"
1130173,2018-11-13,House,2,"House First Readers"
1130173,2018-11-13,House,3,"House Read and Adopted"
1130174,2018-11-13,House,1,"House Hopper"
1130174,2018-11-13,House,2,"House First Readers"
1130174,2018-11-14,House,3,"House Second Readers"
1130175,2018-11-12,Senate,1,"Senate Hopper"
1130175,2018-11-13,Senate,2,"Senate Engrossed"
1130175,2018-11-13,Senate,3,"Senate Passed/Adopted"
1130176,2018-11-13,House,1,"House Hopper"
1130176,2018-11-13,House,2,"House First Readers"
1130176,2018-11-13,House,3,"House Read and Adopted"
1130201,2018-11-14,House,1,"House Hopper"
1130201,2018-11-14,House,2,"House First Readers"
1130201,2018-11-14,House,3,"House Read and Adopted"
1130208,2018-11-14,Senate,1,"Senate Hopper"
1130208,2018-11-14,Senate,2,"Senate Read and Adopted"
1130216,2018-11-14,House,1,"House Hopper"
1130216,2018-11-14,House,2,"House First Readers"
1130216,2018-11-14,House,3,"House Read and Adopted"
1130225,2018-11-14,Senate,1,"Senate Hopper"
1130225,2018-11-15,Senate,2,"Senate Read and Adopted"
1130353,2018-11-15,House,1,"House Hopper"
1130353,2018-11-15,House,2,"House First Readers"
1130353,2018-11-15,House,3,"House Read and Adopted"
1130354,2018-11-15,House,1,"House Hopper"
1130354,2018-11-15,House,2,"House First Readers"
1130354,2018-11-15,House,3,"House Read and Adopted"
1130356,2018-11-15,House,1,"House Hopper"
1130356,2018-11-15,House,2,"House First Readers"
1130356,2018-11-15,House,3,"House Read and Adopted"
1130358,2018-11-15,House,1,"House Hopper"
1130358,2018-11-15,House,2,"House First Readers"
1130358,2018-11-15,House,3,"House Read and Adopted"
1130359,2018-11-15,House,1,"House Hopper"
1130359,2018-11-15,House,2,"House First Readers"
1130359,2018-11-15,House,3,"House Read and Adopted"
1130361,2018-11-15,House,1,"House Hopper"
1130361,2018-11-15,House,2,"House First Readers"
1130361,2018-11-15,House,3,"House Read and Adopted"
1130363,2018-11-15,House,1,"House Hopper"
1130363,2018-11-15,House,2,"House First Readers"
1130363,2018-11-15,House,3,"House Read and Adopted"
1130476,2018-11-16,House,1,"House Hopper"
1130476,2018-11-16,House,2,"House First Readers"
1130476,2018-11-16,House,3,"House Read and Adopted"
1130479,2018-11-16,House,1,"House Hopper"
1130479,2018-11-16,House,2,"House First Readers"
1130479,2018-11-16,House,3,"House Read and Adopted"
1130482,2018-11-15,Senate,1,"Senate Hopper"
1130482,2018-11-16,Senate,2,"Senate Read and Adopted"
1130485,2018-11-15,Senate,1,"Senate Hopper"
1130485,2018-11-16,Senate,2,"Senate Read and Adopted"
1130488,2018-11-16,House,1,"House Hopper"
1130488,2018-11-16,House,2,"House First Readers"
1130488,2018-11-16,House,3,"House Read and Adopted"
1130492,2018-11-16,House,1,"House Hopper"
1130492,2018-11-16,House,2,"House First Readers"
1130492,2018-11-16,House,3,"House Read and Adopted"
1130495,2018-11-16,House,1,"House Hopper"
1130495,2018-11-16,House,2,"House First Readers"
1130495,2018-11-16,House,3,"House Read and Adopted"
1130498,2018-11-16,House,1,"House Hopper"
1130498,2018-11-16,House,2,"House First Readers"
1130498,2018-11-16,House,3,"House Read and Adopted"
1130501,2018-11-16,Senate,1,"Senate Hopper"
1130501,2018-11-16,Senate,2,"Senate Read and Adopted"
1130504,2018-11-16,House,1,"House Hopper"
1130504,2018-11-16,House,2,"House First Readers"
1130504,2018-11-16,House,3,"House Read and Adopted"
1130508,2018-11-16,House,1,"House Hopper"
1130508,2018-11-16,House,2,"House First Readers"
1130508,2018-11-16,House,3,"House Read and Adopted"
1130511,2018-11-16,House,1,"House Hopper"
1130511,2018-11-16,House,2,"House First Readers"
1130511,2018-11-16,House,3,"House Read and Adopted"
1130514,2018-11-16,House,1,"House Hopper"
1130514,2018-11-16,House,2,"House First Readers"
1130514,2018-11-16,House,3,"House Read and Adopted"
1130517,2018-11-16,House,1,"House Hopper"
1130517,2018-11-16,House,2,"House First Readers"
1130517,2018-11-16,House,3,"House Read and Adopted"
