people_id,name,first_name,middle_name,last_name,suffix,nickname,party_id,party,role_id,role,district,followthemoney_eid,votesmart_id,opensecrets_id,ballotpedia,knowwho_pid,committee_id
1782,"Lee Anderson",Lee,,Anderson,,,2,R,2,Sen,SD-024,6620668,84624,,Lee_Anderson,267971,0
1787,"Paul Battles",Paul,R.,Battles,,,2,R,1,Rep,HD-015,6676186,105155,,Paul_Battles,267942,0
1789,"Sharon Beasley-Teague",Sharon,,Beasley-Teague,,,1,D,1,Rep,HD-065,6376597,7987,,Sharon_Beasley-Teague,193756,0
1792,"Tommy Benton",Tommy,,Benton,,,2,R,1,Rep,HD-031,6662499,31470,,Thomas_Benton,228436,0
1793,"Ellis Black",Ellis,,Black,,,2,R,2,Sen,SD-008,12999348,31908,,Ellis_Black,209144,0
1795,"Roger Bruce",Roger,B.,Bruce,,,1,D,1,Rep,HD-061,6390075,31646,,Roger_Bruce,211884,0
1797,"Debbie Buckner",Debbie,Gignilliat,Buckner,,,1,D,1,Rep,HD-137,12999298,31792,,Debbie_Buckner,211902,0
1799,"Jon Burns",Jon,G.,Burns,,,2,R,1,Rep,HD-159,6662547,31806,,Jon_G._Burns,228473,0
1804,"David Casas",David,,Casas,,,2,R,1,Rep,HD-107,12999210,31401,,David_Casas,211882,0
1810,"Brooks Coleman",Brooks,,Coleman,,,2,R,1,Rep,HD-097,6572988,7865,,"Brooks_Coleman,_Jr.",193777,0
1813,"Sharon Cooper",Sharon,,Cooper,,,2,R,1,Rep,HD-043,6573006,11740,,Sharon_Cooper,193728,0
1820,"Katie Dempsey",Katie,M.,Dempsey,,,2,R,1,Rep,HD-013,6671760,67815,,Katie_Dempsey,249150,0
1824,"Matt Dollar",Matt,,Dollar,,,2,R,1,Rep,HD-045,6587137,31586,,Matt_Dollar,213905,0
1826,"Karla Drenner",Karla,Lea,Drenner,,,1,D,1,Rep,HD-085,6376376,31687,,Karla_Drenner,209132,0
1827,"Winfred Dukes",Winfred,,Dukes,,,1,D,1,Rep,HD-154,12999336,11810,,Winfred_Dukes,193659,0
1828,"Earl Ehrhart",Earl,,Ehrhart,,,2,R,1,Rep,HD-036,6572823,7881,,Earl_Ehrhart,193733,0
1829,"Terry England",Terry,Lamar,England,,,2,R,1,Rep,HD-116,6662731,31952,,Terry_England,228455,0
1831,"James Epps",James,A.,Epps,,Bubber,2,R,1,Rep,HD-144,12999343,105229,,Bubber_Epps,267976,0
1836,"Gloria Frazier",Gloria,,Frazier,,,1,D,1,Rep,HD-126,6480988,65812,,Gloria_Frazier,249183,0
1838,"Patricia Gardner",Patricia,Park,Gardner,,Pat,1,D,1,Rep,HD-057,6379321,31527,,Pat_Gardner,210442,0
1840,"Mike Glanton",Mike,,Glanton,,,1,D,1,Rep,HD-075,6481004,67970,,Mike_Glanton,249168,0
1841,"Rich Golick",Rich,,Golick,,,2,R,1,Rep,HD-040,7802635,17676,,Richard_Golick,193675,0
1842,"Craig Gordon","J. Craig",,Gordon,,,1,D,1,Rep,HD-163,6481010,66322,,J._Craig_Gordon,249191,0
1844,"Gerald Greene",Gerald,E.,Greene,,,2,R,1,Rep,HD-151,6376348,7889,,Gerald_Greene,193658,0
1848,"Buddy Harden",Buddy,,Harden,,,2,R,1,Rep,HD-148,6676217,105237,,Buddy_Harden,267980,0
1854,"Michele Henson",Michele,D.,Henson,,,1,D,1,Rep,HD-086,6376459,7899,,Michele_Henson,193763,0
1859,"Penny Houston",Penny,,Houston,,,2,R,1,Rep,HD-170,6376492,1742,,Penny_Houston,193859,0
1860,"Henry Howard",Henry,Wayne,Howard,,Wayne,1,D,1,Rep,HD-124,16844136,66998,,Henry_Howard,258409,0
1862,"Carolyn Hugley",Carolyn,F.,Hugley,,,1,D,1,Rep,HD-136,12999307,7904,,Carolyn_Hugley,193829,0
1863,"Mack Jackson",Mack,,Jackson,,,1,D,1,Rep,HD-128,6490929,105230,,Mack_Jackson,267977,0
1869,"Jan Jones",Jan,,Jones,,,2,R,1,Rep,HD-047,6587196,32034,,Jan_Jones,211887,0
1870,"Sheila Jones",Sheila,,Jones,,,1,D,1,Rep,HD-053,6390054,31662,,Sheila_Jones,228440,0
1876,"David Knight",David,,Knight,,,2,R,1,Rep,HD-130,6662854,31358,,David_Knight_(Georgia),228465,0
1884,"David Lucas",David,E.,Lucas,,,1,D,2,Sen,SD-026,6376950,7925,,David_Lucas_Sr.,193820,0
1890,"Pedro Marin",Pedro,,Marin,,Pete,1,D,1,Rep,HD-096,6378455,31653,,Pedro_Marin,211881,0
1891,"Charles Martin",Charles,E.,Martin,Jr.,,2,R,1,Rep,HD-049,6587184,31524,,Charles_Martin_Jr.,211888,0
1892,"Howard Maxwell",Howard,R.,Maxwell,,,2,R,1,Rep,HD-017,6587130,31655,,Howard_Maxwell,211908,0
1895,"Tom McCall",Tom,,McCall,,,2,R,1,Rep,HD-033,6376875,7930,,Tom_McCall,193787,0
1897,"John Meadows",John,,Meadows,,,2,R,1,Rep,HD-005,6621445,17679,,John_D._Meadows_III,228403,0
1898,"Francis Millar",Francis,,Millar,,Fran,2,R,2,Sen,SD-040,6573313,17494,,Fran_Millar,193757,0
1900,"Billy Mitchell",Billy,,Mitchell,,,1,D,1,Rep,HD-088,6390159,17460,,Billy_Mitchell,211877,0
1902,"Greg Morris",Greg,,Morris,,,2,R,1,Rep,HD-156,6376993,17547,,Greg_Morris,193752,0
1903,"Howard Mosby",Howard,A.,Mosby,,,1,D,1,Rep,HD-083,12999256,31755,,Howard_Mosby,211873,0
1906,"Randy Nix",Randy,,Nix,,,2,R,1,Rep,HD-069,6671810,65508,,Randy_Nix,249164,0
1908,"Mary Oliver",Mary,Margaret,Oliver,,,1,D,1,Rep,HD-082,12997088,7820,,Mary_Margaret_Oliver,211886,0
1910,"Butch Parrish",Butch,,Parrish,,,2,R,1,Rep,HD-158,6377097,7942,,Butch_Parrish,193840,0
1911,"Don Parsons",Don,L.,Parsons,,,2,R,1,Rep,HD-044,12999150,7943,,Don_Parsons,193737,0
1912,"Allen Peake",Allen,M.,Peake,,,2,R,1,Rep,HD-141,6671813,67935,,Allen_Peake,249187,0
1914,"Alan Powell",Alan,,Powell,,,2,R,1,Rep,HD-032,6377001,7950,,Alan_Powell,193721,0
1915,"Jay Powell",Jay,,Powell,,,2,R,1,Rep,HD-171,6676243,105245,,Jay_Powell,267985,0
1916,"Jimmy Pruett",Jimmy,H.,Pruett,Jr.,,2,R,1,Rep,HD-149,6848383,67931,,Jimmy_Pruett,249189,0
1918,"David Ralston",David,,Ralston,,,2,R,1,Rep,HD-007,6621539,7824,,David_Ralston,211899,0
1927,"Ed Rynders",Ed,,Rynders,,,2,R,1,Rep,HD-152,6587353,31871,,Ed_Rynders,211918,0
1931,"Ed Setzler",Ed,,Setzler,,,2,R,1,Rep,HD-035,12999163,31918,,Ed_Setzler,228437,0
1941,"Lynn Smith",Lynn,R.,Smith,,,2,R,1,Rep,HD-070,7866204,11780,,Lynn_Smith,193751,0
1942,"Richard Smith",Richard,H.,Smith,,,2,R,1,Rep,HD-134,6663063,31564,,Richard_H._Smith,228466,0
1945,"Calvin Smyre",Calvin,,Smyre,,,1,D,1,Rep,HD-135,7720760,7978,,Calvin_Smyre,193832,0
1946,"Edward Stephens",Edward,,Stephens,,Mickey,1,D,1,Rep,HD-165,12409978,31485,,Edward_Stephens,211914,0
1947,"Ron Stephens",Ron,,Stephens,,,2,R,1,Rep,HD-164,6573167,15219,,Ron_Stephens_(Georgia_Representative),193846,0
1948,"Pam Stephenson",Pam,,Stephenson,,,1,D,1,Rep,HD-090,6390121,31670,,Pam_Stephenson,211875,0
1957,"Wendell Willard",Wendell,K.,Willard,,,2,R,1,Rep,HD-051,6573212,32119,,Wendell_Willard,209131,0
1958,"Al Williams",Al,,Williams,,,1,D,1,Rep,HD-168,6390322,31449,,Al_Williams_(Georgia_legislator),211917,0
1959,"Earnest Williams",Earnest,Coach,Williams,,,1,D,1,Rep,HD-087,6390148,31554,,Earnest_Williams,211879,0
1969,"Gloria Butler",Gloria,,Butler,,,1,D,2,Sen,SD-055,6376627,17612,,Gloria_Butler,193696,0
1974,"Bill Cowsert",Bill,,Cowsert,,,2,R,2,Sen,SD-046,6662652,31562,,Bill_Cowsert,249203,0
1982,"Ed Harbison",Ed,,Harbison,,,1,D,2,Sen,SD-015,6376357,7804,,Ed_Harbison,193648,0
1984,"Lee Hawkins",Lee,,Hawkins,,,2,R,1,Rep,HD-027,6840501,67378,,Lee_Hawkins,249205,0
1985,"Bill Heath",Bill,,Heath,,,2,R,2,Sen,SD-031,6587098,31932,,Bill_Heath,211895,0
1986,"Steve Henson",Steve,,Henson,,,1,D,2,Sen,SD-041,6389963,7805,,Steve_Henson,211928,0
1987,"Jack Hill",Jack,,Hill,,,2,R,2,Sen,SD-004,13011435,7806,,Jack_Hill,193634,0
1992,"Lester Jackson",Lester,G.,Jackson,III,,1,D,2,Sen,SD-002,6376428,17540,,Lester_Jackson,193844,0
1993,"Donzella James",Donzella,,James,,,1,D,2,Sen,SD-035,13011504,7809,,Donzella_James,193669,0
1995,"Emanuel Jones",Emanuel,,Jones,,,1,D,2,Sen,SD-010,6459717,31536,,Emanuel_Jones,227397,0
1997,"Jeff Mullis",Jeff,,Mullis,,,2,R,2,Sen,SD-053,6573404,17715,,Jeff_Mullis,208608,0
1999,"Nan Orrock",Nan,Grogan,Orrock,,,1,D,2,Sen,SD-036,6905812,7940,,Nan_Orrock,193754,0
2006,"Valencia Seay",Valencia,,Seay,,,1,D,2,Sen,SD-034,12999269,32093,,Valencia_Seay,209135,0
2007,"David Shafer",David,,Shafer,,,2,R,2,Sen,SD-048,7313266,31920,,David_Shafer,210042,0
2008,"Freddie Sims",Freddie,Powell,Sims,,,1,D,2,Sen,SD-012,6459920,31367,,Freddie_Sims,228472,0
2013,"Horacena Tate",Horacena,,Tate,,,1,D,2,Sen,SD-038,6376803,17558,,Horacena_Tate,193644,0
2015,"Curt Thompson",Curt,,Thompson,,,1,D,2,Sen,SD-005,6390166,11761,,Curt_Thompson,211885,0
2018,"Renee Unterman",Renee,S.,Unterman,,,2,R,2,Sen,SD-045,6573288,17700,,Renee_Unterman,193781,0
10989,"Paulette Rakestraw",Paulette,,Rakestraw,,,2,R,1,Rep,HD-019,6688622,122747,,Paulette_Rakestraw,289556,0
10990,"Buzz Brockway",Buzz,,Brockway,,,2,R,1,Rep,HD-102,6688691,122858,,Buzz_Brockway,289565,0
10993,"Tom Taylor",Tom,,Taylor,,,2,R,1,Rep,HD-079,6688675,122832,,Tom_Taylor_(Georgia),291245,0
11589,"Butch Miller",Butch,,Miller,,,2,R,2,Sen,SD-049,6806219,122513,,Butch_Miller,288551,0
11774,"Andrew Welch",Andrew,J.,Welch,III,Andy,2,R,1,Rep,HD-110,6805693,122882,,Andrew_Welch,291273,0
11776,"Brett Harrell",Brett,,Harrell,,,2,R,1,Rep,HD-106,6688735,122876,,Brett_Harrell,291269,0
11777,"Hugh Williamson",Hugh,Brewster,Williamson,III,Bruce,2,R,1,Rep,HD-115,6688756,122885,,Bruce_Williamson_(Georgia),291275,0
11778,"Dar'shun Kendrick",Dar'shun,N.,Kendrick,,,1,D,1,Rep,HD-093,6505613,122848,,Dar%27shun_Kendrick,291253,0
11781,"Kevin Cooke",Kevin,,Cooke,,,2,R,1,Rep,HD-018,6676200,105157,,Kevin_Cooke,291205,0
11783,"Sam Teasley",Sam,,Teasley,,,2,R,1,Rep,HD-037,7251180,122790,,Sam_Teasley,289559,0
11785,"Frank Ginn",Frank,,Ginn,,,2,R,2,Sen,SD-047,6688949,122693,,Frank_Ginn,289546,0
11786,"Gail Davenport",Gail,Paulette,Davenport,,,1,D,2,Sen,SD-044,6480941,66317,,Gail_Davenport,249201,0
11788,"John Albers",John,,Albers,,,2,R,2,Sen,SD-056,6688981,122715,,John_Albers,291192,0
11789,"Joshua McKoon",Joshua,Robert,McKoon,,,2,R,2,Sen,SD-029,6688900,122186,,Joshua_McKoon,289530,0
11790,"Lindsey Tippins",Lindsey,,Tippins,,,2,R,2,Sen,SD-037,6688917,122669,,Lindsey_Tippins,291174,0
11792,"Steve Gooch",Steve,,Gooch,,,2,R,2,Sen,SD-051,6676213,82557,,Steve_Gooch,291186,0
11793,"William Ligon",William,T.,Ligon,Jr.,,2,R,2,Sen,SD-003,13011434,122305,,William_Ligon,289503,0
11924,"Susan Holmes",Susan,,Holmes,,,2,R,1,Rep,HD-129,6688775,122892,,Susan_Holmes,291280,0
11925,"Rick Jasperse",Rick,,Jasperse,,,2,R,1,Rep,HD-011,6688599,122511,,Rick_Jasperse,289552,0
11926,"Elena Parent",Elena,C.,Parent,,,1,D,2,Sen,SD-042,6505594,122835,,Elena_Parent,291248,0
11927,"Ben Watson",Ben,,Watson,,,2,R,2,Sen,SD-001,6688809,122908,,Ben_Watson,291293,0
11928,"Jesse Stone",Jesse,,Stone,,,2,R,2,Sen,SD-023,6688895,122651,,Jesse_Stone,291162,0
12003,"Pam Dickerson",Pam,,Dickerson,,,1,D,1,Rep,HD-113,7887763,122854,,Pam_Dickerson,291258,0
12004,"Jan Tankersley",Jan,,Tankersley,,,2,R,1,Rep,HD-160,6688803,81986,,Jan_Tankersley,289578,0
12040,"James Hatchett",James,Matthew,Hatchett,,Matt,2,R,1,Rep,HD-150,6688787,122896,,Matt_Hatchett,291285,0
12041,"Scott Holcomb",Scott,M.,Holcomb,,,1,D,1,Rep,HD-081,5788200,122840,,Scott_Holcomb,308528,0
12042,"James Shaw",James,S.,Shaw,Jr.,Jason,2,R,1,Rep,HD-176,6376729,7965,,Jason_Shaw,311552,0
12043,"Darlene Taylor",Darlene,K.,Taylor,,,2,R,1,Rep,HD-173,12999374,122919,,Darlene_Taylor,291302,0
12192,"David Wilkerson",David,,Wilkerson,,,1,D,1,Rep,HD-038,6505487,122779,,David_Wilkerson,291220,0
12194,"Sandra Scott",Sandra,G.,Scott,,,1,D,1,Rep,HD-076,6505581,122826,,Sandra_Scott,291242,0
12477,"Robert Dickey",Robert,,Dickey,,,2,R,1,Rep,HD-140,5701076,128763,,Robert_Dickey,332039,0
12535,"Chad Nimmer",Chad,,Nimmer,,,2,R,1,Rep,HD-178,6699268,128764,,Chad_Nimmer,332040,0
13753,"Terry Rogers",Terry,,Rogers,,,2,R,1,Rep,HD-010,7263994,105145,,Terry_Rogers,291185,0
13757,"Miriam Paris",Miriam,L.,Paris,,,1,D,1,Rep,HD-142,6513793,72142,,Miriam_Paris,354164,0
13758,"John Wilkinson",John,K.,Wilkinson,,,2,R,2,Sen,SD-050,6699307,135384,,John_Wilkinson,384599,0
13778,"James Beverly",James,,Beverly,,,1,D,1,Rep,HD-143,6513760,134107,,James_Beverly,351083,0
13779,"John Carson",John,,Carson,,,2,R,1,Rep,HD-046,12999174,135769,,John_Carson_(Georgia),291782,0
13780,"Emory Dunahoo",Emory,West,Dunahoo,Jr.,,2,R,1,Rep,HD-030,12999144,134884,,Emory_West_Dunahoo_Jr.,384553,0
13940,"Tom Kirby",Tom,,Kirby,,,2,R,1,Rep,HD-114,6802006,122247,,Tom_Kirby,286433,0
15155,"Brandon Beach",Brandon,,Beach,,,2,R,2,Sen,SD-021,6688984,122717,,Brandon_Beach,291193,0
15156,"Michael Dugan",Michael,B.,Dugan,,Mike,2,R,2,Sen,SD-030,6874008,143535,,Mike_Dugan,438560,0
15157,"Tyler Harper",Tyler,,Harper,,,2,R,2,Sen,SD-007,12746039,140252,,Tyler_Harper,422805,0
15158,"Burt Jones",Burt,,Jones,,,2,R,2,Sen,SD-025,12377849,140261,,Burt_Jones,423153,0
15161,"Chuck Hufstetler",Chuck,,Hufstetler,,,2,R,2,Sen,SD-052,12746045,140281,,Chuck_Hufstetler,423249,0
15167,"Barry Fleming",Barry,A.,Fleming,,,2,R,1,Rep,HD-121,6587274,31801,,Barry_Fleming_(Georgia),211901,0
15168,"Bill Hitchens",Bill,,Hitchens,,,2,R,1,Rep,HD-161,7753199,142235,,Bill_Hitchens,264563,0
15169,"Brian Strickland",Brian,,Strickland,,,2,R,2,Sen,SD-017,12746080,142212,,Brian_Strickland,423293,0
15173,"Dale Rutledge",Dale,,Rutledge,,,2,R,1,Rep,HD-109,12746074,142211,,Dale_Rutledge,423283,0
15174,"Robert Gasaway",Robert,Daniel,Gasaway,,Dan,2,R,1,Rep,HD-028,7580032,140302,,Dan_Gasaway_(Georgia_State_Representative),423088,0
15175,"Demetrius Douglas",Demetrius,,Douglas,,,1,D,1,Rep,HD-078,12745834,142009,,Demetrius_Douglas,423253,0
15176,"Dexter Sharper",Dexter,L.,Sharper,,,1,D,1,Rep,HD-177,12745874,142244,,Dexter_Sharper,423431,0
15177,"Eddie Lumsden",Eddie,,Lumsden,,,2,R,1,Rep,HD-012,6836010,82648,,Eddie_Lumsden,423066,0
15181,"John Deffenbaugh",John,V.,Deffenbaugh,,,2,R,1,Rep,HD-001,12746030,140282,,John_Deffenbaugh,422863,0
15182,"John Pezold",John,,Pezold,,,2,R,1,Rep,HD-133,12746067,142222,,John_Pezold,423336,0
15183,"Johnnie Caldwell",Johnnie,L.,Caldwell,Jr.,,2,R,1,Rep,HD-131,6815474,142220,,Johnnie_Caldwell_Jr.,423332,0
15184,"Joyce Chandler",Joyce,,Chandler,,,2,R,1,Rep,HD-105,12746025,142208,,Joyce_Chandler,423276,0
15185,"Karen Bennett",Karen,,Bennett,,,1,D,1,Rep,HD-094,12745813,142025,,Karen_Bennett_(Georgia),423265,0
15186,"Kevin Tanner",Kevin,Kermit,Tanner,,,2,R,1,Rep,HD-009,7016118,140290,,Kevin_Tanner,423065,0
15187,"Kimberly Alexander",Kimberly,,Alexander,,,1,D,1,Rep,HD-066,6505547,122813,,Kimberly_Alexander,291234,0
15190,"Mable Thomas",Mable,,Thomas,,"Able Mable",1,D,1,Rep,HD-056,6390045,31832,,Mable_Thomas,211890,0
15191,"Mandi Ballinger",Mandi,L.,Ballinger,,,2,R,1,Rep,HD-023,12746015,140297,,Mandi_Ballinger,423083,0
15192,"Michael Caldwell",Michael,,Caldwell,,,2,R,1,Rep,HD-020,6688630,124697,,Michael_Caldwell_(Georgia),293434,0
15193,"Micah Gravley",Micah,T.,Gravley,,,2,R,1,Rep,HD-067,16072346,143532,,Micah_Gravley,435444,0
15194,"Michael Smith",Michael,,Smith,,,1,D,1,Rep,HD-041,6491042,105161,,Michael_Smith_(Georgia_state_representative),423121,0
15195,"Patty Bentley",Patty,,Bentley,,,1,D,1,Rep,HD-139,12745815,142227,,Patty_Bentley,423352,0
15198,"Sam Watson",Sam,,Watson,,,2,R,1,Rep,HD-172,12746088,142240,,Sam_Watson,423416,0
15199,"Spencer Frye",Spencer,,Frye,,,1,D,1,Rep,HD-118,12745840,142218,,Spencer_Frye,423310,0
15200,"Timothy Barr",Timothy,,Barr,,,2,R,1,Rep,HD-103,12746016,142206,,Timothy_Barr,423274,0
15201,"Tonya Anderson",Tonya,P.,Anderson,,,1,D,2,Sen,SD-043,12745810,142015,,Tonya_Anderson,423258,0
15202,"Trey Kelley",Trey,,Kelley,,,2,R,1,Rep,HD-016,12746051,140293,,Trey_Kelley,423072,0
15203,"Valencia Stovall",Valencia,,Stovall,,,1,D,1,Rep,HD-074,12745880,142004,,Valencia_Stovall,423242,0
15850,"Scot Turner",Scot,,Turner,,,2,R,1,Rep,HD-021,12746084,140296,,Scot_Turner,423081,0
15885,"Dean Burke",Dean,,Burke,,,2,R,2,Sen,SD-011,6842336,17696,,Dean_Burke,451756,0
15957,"David Stover",David,J.,Stover,,,2,R,1,Rep,HD-071,12175309,144228,,David_Stover_(Georgia),453711,0
16138,"Bruce Thompson",Bruce,,Thompson,,,2,R,2,Sen,SD-014,6892062,145367,,Bruce_Thompson_(Georgia),478082,0
16153,"Chuck Efstration",Chuck,,Efstration,,,2,R,1,Rep,HD-104,6802240,122243,,Chuck_Efstration,286068,0
16154,"Dewey McClain",Dewey,,McClain,,,1,D,1,Rep,HD-100,7499298,145375,,Dewey_McClain,477626,0
16155,"Brian Prince",Brian,,Prince,,,1,D,1,Rep,HD-127,18912331,145374,,Brian_Prince,481015,0
16222,"Steve Tarvin",Steve,,Tarvin,,,2,R,1,Rep,HD-002,6842170,120443,,Steve_Tarvin,284381,0
16717,"Dave Belton",DC,,Belton,,Dave,2,R,1,Rep,HD-112,6856062,151079,,Dave_Belton,491893,0
16718,"Beth Beskin",Beth,,Beskin,,,2,R,1,Rep,HD-054,6806192,122671,,Beth_Beskin,289540,0
16719,"Wesley Cantrell",Wesley,E.,Cantrell,,Wes,2,R,1,Rep,HD-022,24360975,150945,,Wes_Cantrell,491684,0
16720,"Heath Clark",Heath,N.,Clark,,,2,R,1,Rep,HD-147,24361012,151108,,Heath_N._Clark,491947,0
16721,"John Corbett",John,L.,Corbett,,,2,R,1,Rep,HD-174,24361024,151186,,John_L._Corbett,491993,0
16722,"Darrel Ealum",Darrel,B.,Ealum,,,1,D,1,Rep,HD-153,23330735,451,,Darrel_B._Ealum,491959,0
16723,"Jeff Jones",Jeff,,Jones,,JB,2,R,1,Rep,HD-167,24361020,151154,,Jeff_Jones_(Georgia),491979,0
16724,"Dominic Lariccia",Dominic,F.,Lariccia,,,2,R,1,Rep,HD-169,14050472,151158,,Dominic_F._LaRiccia,493021,0
16725,"Jesse Petrea",Jesse,L.,Petrea,,,2,R,1,Rep,HD-166,6807334,151148,,Jesse_L._Petrea,491977,0
16726,"Albert Reeves",Albert,T.,Reeves,,Bert,2,R,1,Rep,HD-034,24360983,152324,,Bert_Reeves,491696,0
16727,"Erica Thomas",Erica,Renee,Thomas,,,1,D,1,Rep,HD-039,24360852,151011,,Erica_R._Thomas,491704,0
16728,"Robert Trammell",Robert,T.,Trammell,Jr.,Bob,1,D,1,Rep,HD-132,24360878,31628,,Robert_Trammell,491925,0
16729,"William Werkheiser",William,A.,Werkheiser,,Bill,2,R,1,Rep,HD-157,24361017,151138,,Bill_Werkheiser,498868,0
16730,"Marty Harbin",Marty,H.,Harbin,,Marty,2,R,2,Sen,SD-016,7247802,151370,,Marty_Harbin,491608,0
16731,"Harold Jones",Harold,V.,Jones,II,,1,D,2,Sen,SD-022,6390257,31433,,Harold_V._Jones_II,491994,0
16732,"John Kennedy",John,F.,Kennedy,,,2,R,2,Sen,SD-018,16718522,151375,,John_F._Kennedy_(Georgia),491611,0
16733,"Gregory Kirk",Gregory,M.,Kirk,,Greg,2,R,2,Sen,SD-013,6865692,151351,,Greg_Kirk,491598,0
16734,"P.K. Martin",P.K.,,Martin,IV,,2,R,2,Sen,SD-009,24360960,112697,,P.K._Martin,491596,0
16735,"Michael Rhett",Michael,A.,Rhett,,Doc,1,D,2,Sen,SD-033,6820186,151423,,Michael_A._Rhett,492090,0
16736,"Michael Williams",Michael,E.,Williams,,,2,R,2,Sen,SD-027,24360980,151411,,Michael_E._Williams_(Georgia),492061,0
17397,"David Clark",David,T.,Clark,,,2,R,1,Rep,HD-098,27826810,155931,,David_Clark_(Georgia),517795,0
17556,"Trey Rhodes",Trey,,Rhodes,,,2,R,1,Rep,HD-120,6864327,155991,,Trey_Rhodes,527148,0
17557,"Brad Raffensperger",Brad,,Raffensperger,,,2,R,1,Rep,HD-050,15388051,142732,,Brad_Raffensperger,289561,0
17797,"Shaw Blackmon",Shaw,,Blackmon,,,2,R,1,Rep,HD-146,6847725,157218,,Shaw_Blackmon,549507,0
17798,"Doreen Carter",Doreen,,Carter,,,1,D,1,Rep,HD-092,12745822,142016,,Doreen_Carter,423259,0
17799,"Sheri Gilligan",Sheri,Smallwood,Gilligan,,,2,R,1,Rep,HD-024,14048906,150947,,Sheri_Smallwood_Gilligan,491689,0
17800,"Jodi Lott",Jodi,,Lott,,,2,R,1,Rep,HD-122,33387318,165762,,Jodi_Lott,564027,0
17801,"Marie Metze",Marie,Robinson,Metze,,,1,D,1,Rep,HD-055,7369972,156835,,Marie_Metze,548216,0
17802,"Clay Pirkle",Clay,,Pirkle,,,2,R,1,Rep,HD-155,21190885,158270,,Clay_Pirkle,549579,0
17803,"Betty Price",Betty,,Price,,,2,R,1,Rep,HD-048,31649691,130176,,Betty_Price,545493,0
17843,"Larry Walker",Larry,,Walker,,III,2,R,2,Sen,SD-020,31649698,157220,,Larry_Walker_(Georgia),564050,0
17915,"Park Cannon",Park,,Cannon,,,1,D,1,Rep,HD-058,37701277,168251,,Park_Cannon,571285,0
18617,"William Boddie",William,K.,Boddie,Jr.,,1,D,1,Rep,HD-062,39525487,168261,,William_Boddie,573852,0
18705,"Meagan Hanson",Meagan,,Hanson,,,2,R,1,Rep,HD-080,21247925,168341,,Meagan_Hanson,573315,0
18706,"Karen Mathiak",Karen,,Mathiak,,,2,R,1,Rep,HD-073,39525505,168333,,Karen_Mathiak,573867,0
18707,"Samuel Park",Samuel,,Park,,,1,D,1,Rep,HD-101,39525534,168354,,Samuel_Park,573883,0
18708,"Ricky Williams",Ricky,A.,Williams,,,2,R,1,Rep,HD-145,7082937,168374,,Ricky_Williams,573931,0
18709,"Blake Tillery",Blake,,Tillery,,,2,R,2,Sen,SD-019,29678984,157680,,Blake_Tillery,573160,0
18730,"David Dreyer",David,,Dreyer,,,1,D,1,Rep,HD-059,6822224,168252,,David_Dreyer,573848,0
18875,"Josh Bonner",Josh,,Bonner,,,2,R,1,Rep,HD-072,39525503,168331,,Josh_Bonner,581561,0
18879,"Debra Bazemore",Debra,,Bazemore,,,1,D,1,Rep,HD-063,39525488,168263,,Debra_Bazemore,573210,0
18880,"Rhonda Burnough",Rhonda,,Burnough,,,1,D,1,Rep,HD-077,39525511,168337,,Rhonda_Burnough,573232,0
18881,"J Collins",J,,Collins,,,2,R,1,Rep,HD-068,6819833,170165,,J._Collins,583998,0
18882,"Clay Cox",Clay,,Cox,,,2,R,1,Rep,HD-108,39525541,31467,,Clay_Cox,0,0
18883,"Matt Dubnik",Matt,,Dubnik,,,2,R,1,Rep,HD-029,39525455,168220,,Matt_Dubnik,573189,0
18884,"Carl Gilliard",Carl,,Gilliard,,,1,D,1,Rep,HD-162,38601745,168382,,Carl_Gilliard,573899,0
18885,"Matt Gurtler",Matt,,Gurtler,,,2,R,1,Rep,HD-008,39525441,168198,,Matt_Gurtler,573181,0
18886,"Dewayne Hill",Dewayne,,Hill,,,2,R,1,Rep,HD-003,39525434,82289,,Dewayne_Hill,573917,0
18887,"Scott Hilton",Scott,,Hilton,,,2,R,1,Rep,HD-095,23350786,168350,,Scott_Hilton_(Georgia),573327,0
18888,"Don Hogan",Don,,Hogan,,,2,R,1,Rep,HD-179,39525588,82790,,Don_Hogan,573253,0
18889,"Derrick Jackson",Derrick,L.,Jackson,,,1,D,1,Rep,HD-064,39525492,168268,,Derrick_Jackson,573858,0
18890,"Todd Jones",Todd,,Jones,,,2,R,1,Rep,HD-025,436063,168219,,Todd_Jones,573835,0
18891,"Vernon Jones",Vernon,,Jones,,,1,D,1,Rep,HD-091,6417111,91477,,Vernon_Jones,193769,0
18892,"Brenda Lopez Romero",Brenda,,"Lopez Romero",,,1,D,1,Rep,HD-099,38196946,168352,,Brenda_Lopez_Romero,573234,0
18893,"Bill McGowan",Bill,,McGowan,,,1,D,1,Rep,HD-138,6481150,67940,,Bill_McGowan,573893,0
18894,"Sheila Nelson",Sheila,Clark,Nelson,,,1,D,1,Rep,HD-125,39525557,168370,,Sheila_Clark_Nelson,573892,0
18895,"Mark Newton",Mark,,Newton,,,2,R,1,Rep,HD-123,7114507,168368,,Mark_Newton,573237,0
18896,"Jason Ridley",Jason,T.,Ridley,,,2,R,1,Rep,HD-006,39525436,168189,,Jason_Ridley,573174,0
18897,"Renitta Shannon",Renitta,,Shannon,,,1,D,1,Rep,HD-084,38197310,168344,,Renitta_Shannon,573877,0
18898,"Deborah Silcox",Deborah,,Silcox,,,2,R,1,Rep,HD-052,6925863,168240,,Deborah_Silcox,573921,0
18899,"Matt Brass",Matt,,Brass,,,2,R,2,Sen,SD-028,6699883,168481,,Matt_Brass,440923,0
19105,"Chuck Payne",Chuck,,Payne,,,2,R,2,Sen,SD-054,42679108,176008,,Chuck_Payne,613186,0
19497,"Kim Schofield",Kim,,Schofield,,,1,D,1,Rep,HD-060,44001482,176796,,Kim_Schofield,648722,0
19498,"Kay Kirkpatrick",Kay,,Kirkpatrick,,,2,R,2,Sen,SD-032,7088065,176159,,Kay_Kirkpatrick,627812,0
19509,"Deborah Gonzalez",Deborah,,Gonzalez,,,1,D,1,Rep,HD-117,44001487,176756,,Deborah_Gonzalez,645790,0
19510,"Jonathan Wallace",Jonathan,,Wallace,,,1,D,1,Rep,HD-119,44001489,176758,,Jonathan_Wallace_(Georgia),645811,0
19511,"Jennifer Jordan",Jennifer,,Jordan,,,1,D,2,Sen,SD-006,44001464,114846,,Jen_Jordan,648742,0
19514,"Teri Anulewicz",Teri,,Anulewicz,,,1,D,1,Rep,HD-042,44001480,72361,,Teri_Anulewicz,645774,0
19524,"Kasey Carpenter",Kasey,,Carpenter,,,2,R,1,Rep,HD-004,38197505,168187,,Kasey_Carpenter,573173,0
19525,"Bee Nguyen",Bee,,Nguyen,,,1,D,1,Rep,HD-089,41839523,176752,,Bee_Nguyen,648723,0
19526,"Marc Morris",Marc,,Morris,,,2,R,1,Rep,HD-026,44001477,176792,,Marc_Morris,645759,0
19535,"Nikema Williams",Nikema,,Williams,,,1,D,2,Sen,SD-039,26177470,176751,,Nikema_Williams,648743,0
19544,"Geoff Cauble",Geoff,,Cauble,,,2,R,1,Rep,HD-111,44113803,177391,,Geoffrey_Cauble,652096,0
19584,"John LaHood",John,,LaHood,,,2,R,1,Rep,HD-175,44290775,177653,,John_LaHood,655973,0
