bill_id,document_id,document_type,document_size,document_mime,document_desc,url,state_link
1119065,1797283,text,28109,application/pdf,Introduced,https://legiscan.com/OR/text/HB4301/id/1797283,https://olis.oregonlegislature.gov/liz/2018S1/Downloads/MeasureDocument/HB4301/Introduced
1119065,1798679,text,27999,application/pdf,Enrolled,https://legiscan.com/OR/text/HB4301/id/1798679,https://olis.oregonlegislature.gov/liz/2018S1/Downloads/MeasureDocument/HB4301/Enrolled
1119120,1797484,text,18123,application/pdf,Introduced,https://legiscan.com/OR/text/HCR301/id/1797484,https://olis.oregonlegislature.gov/liz/2018S1/Downloads/MeasureDocument/HCR301/Introduced
1119120,1798515,text,14459,application/pdf,Enrolled,https://legiscan.com/OR/text/HCR301/id/1798515,https://olis.oregonlegislature.gov/liz/2018S1/Downloads/MeasureDocument/HCR301/Enrolled
