bill_id,date,chamber,sequence,action
1119065,2018-05-21,House,1,"First reading. Referred to Speaker's desk."
1119065,2018-05-21,House,2,"Referred to Sole Proprietors."
1119065,2018-05-21,House,3,"Public Hearing and Work Session scheduled."
1119065,2018-05-21,House,4,"Recommendation: Do pass."
1119065,2018-05-21,House,5,"Rules suspended. Second reading."
1119065,2018-05-21,House,6,"Rules suspended. Third reading. Carried by Barnhart. Passed. Ayes, 51; Nays, 8--Fahey, Hernandez, Kennemer, Keny-Guyer, Lively, Nosse, Rayfield, Reardon; Excused, 1--Smith Warner."
1119065,2018-05-21,Senate,7,"First reading. Referred to President's desk."
1119065,2018-05-21,Senate,8,"Referred to Sole Proprietors."
1119065,2018-05-21,Senate,9,"Recommendation: Do pass."
1119065,2018-05-21,Senate,10,"Rules suspended. Second reading."
1119065,2018-05-21,Senate,11,"Rules suspended. Third reading. Carried by Beyer. Passed. Ayes, 18; Nays, 12--Baertschiger Jr, Bentz, Boquist, DeBoer, Gelser, Girod, Hansell, Hass, Heard, Linthicum, Olsen, Thomsen."
1119065,2018-05-21,House,12,"Vote explanation(s) filed by Alonso Leon, Boone, Bynum, Evans, Fahey, Keny-Guyer, Lively, McKeown, McLain, Meek, Reardon, Sollman, Williamson."
1119065,2018-05-21,Senate,13,"Vote explanation(s) filed by Boquist, DeBoer, Frederick, Heard, Taylor."
1119065,2018-05-22,House,14,"Speaker signed."
1119065,2018-05-22,Senate,15,"President signed."
1119065,2018-05-22,House,16,"Governor signed."
1119065,2018-06-05,House,17,"Chapter 1, (2018 Laws): Effective date August 20, 2018."
1119120,2018-05-21,House,1,"First reading. Referred to Speaker's desk."
1119120,2018-05-21,House,2,"Referred to Sole Proprietors."
1119120,2018-05-21,House,3,"Work Session scheduled."
1119120,2018-05-21,House,4,"Recommendation: Be adopted."
1119120,2018-05-21,House,5,"Rules suspended. Read. Carried by Williamson. Adopted. Ayes, 58; Absent, 1--Clem; Excused, 1--Smith Warner."
1119120,2018-05-21,Senate,6,"First reading. Referred to President's desk."
1119120,2018-05-21,Senate,7,"Referred to Sole Proprietors."
1119120,2018-05-21,Senate,8,"Recommendation: Be adopted."
1119120,2018-05-21,Senate,9,"Rules suspended. Second reading."
1119120,2018-05-21,Senate,10,"Rules suspended. Final reading. Carried by Steiner Hayward. Adopted. Ayes, 30."
1119120,2018-05-22,House,11,"Speaker signed."
1119120,2018-05-22,Senate,12,"President signed."
1119120,2018-05-23,House,13,"Filed with Secretary of State."
