people_id,name,first_name,middle_name,last_name,suffix,nickname,party_id,party,role_id,role,district,followthemoney_eid,votesmart_id,opensecrets_id,ballotpedia,knowwho_pid,committee_id
6199,"Sal Esquivel",Sal,,Esquivel,,,2,R,1,Rep,HD-006,5111659,46545,,Sal_Esquivel,222212,0
6201,"Jeff Barker",Jeff,,Barker,,,1,D,1,Rep,HD-028,13005315,46386,,Jeff_Barker,212109,0
6202,"Brian Clem",Brian,L.,Clem,,,1,D,1,Rep,HD-021,13005274,57392,,Brian_Clem,249749,0
6204,"Sara Gelser Blouin",Sara,,"Gelser Blouin",,,1,D,2,Sen,SD-008,13005239,46496,,Sara_Gelser,242297,0
6208,"Arnie Roblan",Arnie,,Roblan,,,1,D,2,Sen,SD-005,5173908,46654,,Arnie_Roblan,227697,0
6212,"Gene Whisnant",Gene,,Whisnant,,,2,R,1,Rep,HD-053,6656850,46541,,Gene_Whisnant,219661,0
6215,"Cliff Bentz",Cliff,,Bentz,,,2,R,2,Sen,SD-030,4964521,102400,,Cliff_Bentz,262468,0
6220,"Sherrie Sprenger",Sherrie,,Sprenger,,,2,R,1,Rep,HD-017,6674863,102399,,Sherrie_Sprenger,262578,0
6221,"Kim Thatcher",Lona,Kim,Thatcher,,Kim,2,R,2,Sen,SD-013,5092523,46657,,Kim_Thatcher,227709,0
6225,"Margaret Doherty",Margaret,,Doherty,,,1,D,1,Rep,HD-035,4977174,116337,,Margaret_Doherty,281495,0
6228,"Michael Dembrow",Michael,E.,Dembrow,,,1,D,2,Sen,SD-023,13005408,103193,,Michael_Dembrow,271238,0
6229,"Lew Frederick",Lew,,Frederick,,,1,D,2,Sen,SD-022,13005395,116854,,Lew_Frederick,282474,0
6231,"Tina Kotek",Tina,,Kotek,,,1,D,1,Rep,HD-044,5212761,46559,,Tina_Kotek,249769,0
6234,"Bill Kennemer",Bill,,Kennemer,,,2,R,1,Rep,HD-039,6642601,2968,,Bill_Kennemer,271234,0
6236,"Deborah Boone",Deborah,,Boone,,,1,D,1,Rep,HD-032,5072508,46368,,Deborah_Boone,224970,0
6241,"Gregory Smith",Gregory,V.,Smith,,,2,R,1,Rep,HD-057,13005467,46752,,Greg_Smith_(Oregon),205700,0
6242,"Andy Olson",Andy,,Olson,,,2,R,1,Rep,HD-015,13005231,46636,,Andy_Olson,227701,0
6247,"Philip Barnhart",Philip,N.,Barnhart,,,1,D,1,Rep,HD-011,1049234,46726,,Phil_Barnhart,205691,0
6249,"Mitch Greenlick",Mitch,,Greenlick,,,1,D,1,Rep,HD-033,1348860,46503,,Mitch_Greenlick,212090,0
6251,"Paul Holvey",Paul,R.,Holvey,,,1,D,1,Rep,HD-008,5005046,46670,,Paul_Holvey,222091,0
6253,"Bradley Witt",Bradley,K.,Witt,,Brad,1,D,1,Rep,HD-031,5514759,46474,,Bradley_Witt,230341,0
6257,"Charles Riley",Charles,D.,Riley,,Chuck,1,D,2,Sen,SD-015,5173269,46500,,Chuck_Riley,227711,0
6265,"Rod Monroe",Rod,,Monroe,,,1,D,2,Sen,SD-024,13013320,56601,,Rod_Monroe,249788,0
6267,"Nancy Nathanson",Nancy,,Nathanson,,,1,D,1,Rep,HD-013,6469164,58128,,Nancy_Nathanson,249739,0
6268,"Mark Hass",Mark,,Hass,,,1,D,2,Sen,SD-014,13005181,46683,,Mark_Hass,205677,0
6269,"Elizabeth Johnson",Elizabeth,K.,Johnson,,Betsy,1,D,2,Sen,SD-016,4971693,46663,,Betsy_Johnson,205674,0
6271,"Peter Courtney",Peter,,Courtney,,,1,D,2,Sen,SD-011,4998708,2985,,Peter_Courtney,198100,0
6272,"Laurie Monnes Anderson",Laurie,Monnes,"Monnes Anderson",,,1,D,2,Sen,SD-025,4992699,23811,,Laurie_Monnes_Anderson,205681,0
6273,"Jackie Winters",Jackie,,Winters,,,2,R,2,Sen,SD-010,6580008,10832,,Jackie_Winters,198144,0
6275,"Fred Girod",Fred,,Girod,,,2,R,2,Sen,SD-009,5281005,69243,,Fred_Girod,249743,0
6279,"Brian Boquist",Brian,J.,Boquist,,,2,R,2,Sen,SD-012,2584901,46475,,Brian_Boquist,227707,0
6280,"Ginny Burdick",Ginny,,Burdick,,,1,D,2,Sen,SD-018,5052769,10706,,Ginny_Burdick,198089,0
6283,"Floyd Prozanski",Floyd,F.,Prozanski,,,1,D,2,Sen,SD-004,13005177,3024,,Floyd_Prozanski,212095,0
10752,"Mike McLane",Mike,,McLane,,,2,R,1,Rep,HD-055,5066170,117352,,Mike_McLane,292501,0
10753,"Leslee Beyer",Leslee,,Beyer,,Lee,1,D,2,Sen,SD-006,5389806,2987,,Lee_Beyer,292457,0
12023,"Julie Parrish",Julie,N.,Parrish,,,2,R,1,Rep,HD-037,6697848,127223,,Julie_Parrish,298367,0
12024,"Chuck Thomsen",Chuck,,Thomsen,,,2,R,2,Sen,SD-026,6684525,119275,,Chuck_Thomsen,292464,0
12166,"Alan Olsen",Alan,R.,Olsen,,,2,R,2,Sen,SD-020,6684506,119272,,Alan_Olsen,292463,0
13858,"Elizabeth Steiner Hayward",Elizabeth,,"Steiner Hayward",,,1,D,2,Sen,SD-017,4974700,135217,,Elizabeth_Steiner_Hayward,392085,0
13859,"Alissa Keny-Guyer",Alissa,,Keny-Guyer,,,1,D,1,Rep,HD-046,10238477,134836,,Alissa_Keny-Guyer,361076,0
14772,"David Gomberg",David,,Gomberg,,,1,D,1,Rep,HD-010,6514531,135192,,David_Gomberg,390756,0
14773,"Caddy McKeown",Caddy,,McKeown,,,1,D,1,Rep,HD-009,4976942,135190,,Caddy_McKeown,390724,0
14774,"Jeff Reardon",Jeff,,Reardon,,,1,D,1,Rep,HD-048,10886257,136799,,Jeff_Reardon,401674,0
14777,"Jennifer Williamson",Jennifer,,Williamson,,,1,D,1,Rep,HD-036,5004729,136791,,Jennifer_Williamson,391389,0
14780,"Bill Hansell",Bill,,Hansell,,,2,R,2,Sen,SD-029,10886867,96436,,Bill_Hansell,395941,0
14781,"Tim Knopp",Tim,,Knopp,,,2,R,2,Sen,SD-027,5142658,23696,,Tim_Knopp,198166,0
15768,"Chris Gorsek",Chris,,Gorsek,,,1,D,1,Rep,HD-049,6440685,46542,,Chris_Gorsek,401678,0
15769,"John Lively",John,D.,Lively,,,1,D,1,Rep,HD-012,10238475,136777,,John_Lively,395942,0
15770,"Herman Baertschiger",Herman,,Baertschiger,Jr.,,2,R,2,Sen,SD-002,10238792,136768,,"Herman_Baertschiger,_Jr.",395936,0
16181,"Barbara Warner",Barbara,Smith,Warner,,,1,D,1,Rep,HD-045,14168587,147845,,Barbara_Smith_Warner,280635,0
16808,"Paul Evans",Paul,,Evans,,,1,D,1,Rep,HD-020,935961,57891,,Paul_Evans_(Oregon),478101,0
16809,"Ken Helm",Ken,,Helm,,,1,D,1,Rep,HD-034,22206757,150835,,Ken_Helm,490809,0
16810,"Susan McLain",Susan,,McLain,,,1,D,1,Rep,HD-029,5181165,151034,,Susan_McLain,490807,0
16811,"Robert Nosse",Robert,A.,Nosse,Jr.,Rob,1,D,1,Rep,HD-042,14974670,150910,,Rob_Nosse,489955,0
16812,"Bill Post",Bill,,Post,,,2,R,1,Rep,HD-025,22206744,150913,,Bill_Post,485647,0
16813,"Duane Stark",Duane,A.,Stark,,,2,R,1,Rep,HD-004,22209718,150922,,Duane_Stark,478090,0
16814,"Kathleen Taylor",Kathleen,,Taylor,,,1,D,2,Sen,SD-021,4989207,150928,,Kathleen_Taylor_(Oregon),490810,0
16815,"Gregory Barreto",Gregory,L.,Barreto,,Greg,2,R,1,Rep,HD-058,5012141,150710,,Greg_Barreto,485656,0
16816,"Knute Buehler",Knute,C.,Buehler,,,2,R,1,Rep,HD-054,6700066,135186,,Knute_Buehler,414011,0
16818,"Cedric Hayden",Cedric,Ross,Hayden,,,2,R,1,Rep,HD-007,13434002,155196,,Cedric_Hayden,205692,0
16819,"Dallas Heard",Dallas,,Heard,,,2,R,2,Sen,SD-001,22206751,150832,,Dallas_Heard,478086,0
16820,"Mike Nearman",Mike,,Nearman,,,2,R,1,Rep,HD-023,14010417,150908,,Mike_Nearman,490802,0
16821,"Carla Piluso",Carla,C.,Piluso,,,1,D,1,Rep,HD-050,22209721,151039,,Carla_Piluso,490817,0
16822,"Dan Rayfield",Dan,,Rayfield,,,1,D,1,Rep,HD-016,5023813,117366,,Dan_Rayfield,292458,0
16823,"Carl Wilson",Carl,,Wilson,,,2,R,1,Rep,HD-003,22206764,2483,,Carl_Wilson_(Oregon),197911,0
18579,"Teresa Alonso Leon",Teresa,,"Alonso Leon",,,1,D,1,Rep,HD-022,39434476,168059,,Teresa_Alonso_Leon,564678,0
18580,"Sheri Malstrom Schouten",Sheri,L.,"Malstrom Schouten",,,1,D,1,Rep,HD-027,23398372,168068,,Sheri_Schouten,560916,0
18581,"David Smith",David,Brock,Smith,,,2,R,1,Rep,HD-001,39434450,168016,,David_Smith_(Oregon),573666,0
18582,"Armand Vial",Armand,Richard,Vial,,Rich,2,R,1,Rep,HD-026,5109383,168066,,Richard_Vial,573673,0
18583,"Julianne Fahey",Julianne,,Fahey,,,1,D,1,Rep,HD-014,39434464,168037,,Julie_Fahey,556739,0
18584,"Diego Hernandez",Diego,,Hernandez,,,1,D,1,Rep,HD-047,16734917,168096,,Diego_Hernandez,560920,0
18585,"Pam Marsh",Pam,J.,Marsh,,,1,D,1,Rep,HD-005,5008202,168022,,Pam_Marsh,565345,0
18586,"Mark Meek",Mark,W.,Meek,,,1,D,1,Rep,HD-040,23399532,168081,,Mark_Meek,559263,0
18587,"Karin Power",Karin,,Power,,,1,D,1,Rep,HD-041,28763948,168087,,Karin_Power,573677,0
18588,"Tawna Sanchez",Tawna,,Sanchez,,,1,D,1,Rep,HD-043,39434517,168092,,Tawna_Sanchez,560919,0
18595,"Alan DeBoer",Alan,,DeBoer,,,2,R,2,Sen,SD-003,4957892,168023,,Alan_DeBoer,573667,0
18596,"Dennis Linthicum",Dennis,B.,Linthicum,,,2,R,2,Sen,SD-028,5200963,132916,,Dennis_Linthicum,474249,0
18597,"James Manning",James,I.,Manning,Jr.,,1,D,2,Sen,SD-007,34819276,168035,,James_Manning_(Oregon),556737,0
18598,"Janelle Bynum",Janelle,,Bynum,,,1,D,1,Rep,HD-051,39434529,168102,,Janelle_Bynum,573682,0
18599,"Ronald Noble",Ronald,H.,Noble,,,2,R,1,Rep,HD-024,39434480,168062,,Ron_Noble,573671,0
18600,"Eric Reschke",Eric,W.,Reschke,,,2,R,1,Rep,HD-056,39434538,168110,,E._Werner_Reschke,573686,0
18601,"Janeen Sollman",Janeen,A.,Sollman,,,1,D,1,Rep,HD-030,39434497,168074,,Janeen_Sollman,573675,0
19312,"Rick Lewis",Rick,,Lewis,,,2,R,1,Rep,HD-018,44284204,176436,,Rick_Lewis_(Oregon),617669,0
19541,"Andrea Salinas",Andrea,,Salinas,,,1,D,1,Rep,HD-038,4980119,178196,,Andrea_Salinas,637004,0
19542,"Jeff Helfrich",Jeff,,Helfrich,,,2,R,1,Rep,HD-052,44284203,178200,,Jeffrey_Helfrich,646682,0
19543,"Daniel Bonham",Daniel,,Bonham,,,2,R,1,Rep,HD-059,44284202,178197,,Daniel_Bonham,646024,0
19563,"Denyc Boles",Denyc,,Boles,,,2,R,1,Rep,SD-010,44284201,155851,,Denyc_Boles,238432,0
19565,"Lynn Findley",Lynn,,Findley,,,2,R,1,Rep,SD-030,44284205,178199,,Lynn_Findley,654277,0
19566,"Rob Wagner",Rob,,Wagner,,,1,D,2,Sen,SD-019,16155295,178216,,Rob_Wagner,643184,0
19651,"Gary Leif",Gary,,Leif,,,2,R,1,Rep,HD-002,27851372,179870,,Gary_Leif,657601,0
