people_id,name,first_name,middle_name,last_name,suffix,nickname,party_id,party,role_id,role,district,followthemoney_eid,votesmart_id,opensecrets_id,ballotpedia,knowwho_pid,committee_id
3249,"Max Tyler",Max,,Tyler,,,1,D,1,Rep,HD-023,6499325,111208,,Max_Tyler,278918,0
3250,"Gail Schwartz",Gail,,Schwartz,,,1,D,2,Sen,SD-005,6081658,65721,,Gail_Schwartz,250990,0
3251,"John Kefalas",John,,Kefalas,,,1,D,2,Sen,SD-014,6026299,29946,,John_Kefalas,250451,0
3252,"Paula Sandoval",Paula,E.,Sandoval,,,1,D,2,Sen,SD-034,6311490,30142,,Paula_Sandoval,212213,0
3253,"Frank McNulty",Frank,,McNulty,,,2,R,1,Rep,HD-043,6204380,65365,,Frank_McNulty,250439,0
3254,"Lois Tochtrop",Lois,A.,Tochtrop,,,1,D,2,Sen,SD-024,6018291,12714,,Lois_Tochtrop,193178,0
3255,"Thomas Massey",Thomas,,Massey,Jr.,Tom,2,R,1,Rep,HD-060,12998110,29796,,Thomas_Massey,227814,0
3256,"Joyce Foster",Joyce,E.,Foster,,,1,D,2,Sen,SD-035,234937,106429,,Joyce_Foster,267932,0
3257,"Kathleen Curry",Kathleen,,Curry,,,1,D,1,Rep,HD-061,6027225,29809,,Kathleen_Curry,227816,0
3258,"Greg Brophy",Greg,,Brophy,,,2,R,2,Sen,SD-001,6238647,30047,,Greg_Brophy,209562,0
3259,"Joel Judd",Joel,,Judd,,,1,D,1,Rep,HD-005,5995927,29846,,Joel_Judd,212199,0
3260,"Susan Schafer",Susan,P.,Schafer,,,1,D,1,Rep,HD-024,5998124,106490,,Sue_Schafer,387813,0
3261,"Morgan Carroll",Morgan,L.,Carroll,,,1,D,2,Sen,SD-029,6029780,30084,,Morgan_Carroll,227795,0
3262,"Joe Miklosi",Joe,,Miklosi,,,1,D,1,Rep,HD-009,6240808,106458,,Joe_Miklosi,267846,0
3263,"Mary Hodge",Mary,,Hodge,,,1,D,2,Sen,SD-025,6090649,30029,,Mary_Hodge,205651,0
3264,"Mark Ferrandino",Mark,,Ferrandino,,,1,D,1,Rep,HD-002,5986399,101871,,Mark_Ferrandino,259192,0
3265,"John Morse",John,P.,Morse,,,1,D,2,Sen,SD-011,6475497,65911,,"John_Morse_recall,_Colorado_State_Senate_(2013)",250340,0
3266,"Jim Kerr",Jim,,Kerr,,,2,R,1,Rep,HD-028,6087437,29936,,James_Kerr,229787,0
3267,"David Schultheis",David,C.,Schultheis,,,2,R,2,Sen,SD-009,12997995,16920,,David_Schultheis,205645,0
3268,"Sal Pace",Sal,,Pace,,,1,D,1,Rep,HD-046,6014462,106588,,Sal_Pace,230188,0
3269,"Karen Middleton",Karen,S.,Middleton,,,1,D,1,Rep,HD-042,424547,102841,,Karen_Middleton,262731,0
3270,"Chris Romer",Chris,,Romer,,,1,D,2,Sen,SD-032,6249824,66045,,Chris_Romer,250474,0
3271,"Liane McFadyen",Liane,,McFadyen,,Buffie,1,D,1,Rep,HD-047,6324314,30005,,Liane_(Buffie)_McFadyen,212204,0
3272,"Nancy Spence",Nancy,,Spence,,,2,R,2,Sen,SD-027,12998051,16947,,Nancy_Spence,193183,0
3273,"K. King",K.,,King,,,2,R,2,Sen,,0,0,,,193165,0
3274,"Donald Waller",Donald,Mark,Waller,,,2,R,1,Rep,HD-015,12998000,106471,,Mark_Waller,267854,0
3275,"Daniel Kagan",Daniel,,Kagan,,,1,D,2,Sen,SD-026,18917813,111194,,Daniel_Kagan,277203,0
3276,"Betty Boyd",Betty,,Boyd,,,1,D,2,Sen,SD-021,5997968,16959,,Betty_Boyd_(Colorado),205648,0
3277,"Marsha Looper",Marsha,A.,Looper,,,2,R,1,Rep,HD-019,5988920,66179,,Marsha_Looper,250350,0
3278,"Daniel Gibbs",Daniel,,Gibbs,,,1,D,2,Sen,SD-016,6475451,68235,,,250459,0
3279,"Jerry Frangas",Jerry,,Frangas,,,1,D,1,Rep,HD-004,6283147,30000,,Jerry_Frangas,212206,0
3280,"Suzanne Williams",Suzanne,S.,Williams,,,1,D,2,Sen,SD-028,6079853,12693,,Suzanne_Williams,193185,0
3281,"Paul Weissmann",Paul,,Weissmann,,,1,D,1,Rep,HD-012,6406089,2664,,Paul_Weissmann,212210,0
3282,"Kenneth Summers",Kenneth,,Summers,,,2,R,1,Rep,HD-022,6016637,65373,,Kenneth_Summers_(Colorado),250357,0
3283,"Evie Hudak",Evie,R.,Hudak,,,1,D,2,Sen,SD-019,5987121,106400,,Evie_Hudak,267921,0
3284,"David Balmer",David,G.,Balmer,,,2,R,1,Rep,SD-027,6286096,30135,,David_Balmer,227798,0
3285,"Ellen Roberts",Ellen,,Roberts,,,2,R,2,Sen,SD-006,6303569,66358,,Ellen_Roberts,250461,0
3286,"Linda Newell",Linda,M.,Newell,,,1,D,2,Sen,SD-026,6492985,107241,,Linda_Newell,267926,0
3287,"Judy Solano",Judy,,Solano,,,1,D,1,Rep,HD-031,5986574,29817,,Judith_Anne_Solano,227792,0
3288,"Debbie Benefield",Debbie,J.,Benefield,,,1,D,1,Rep,HD-029,5995463,29794,,Debbie_Benefield,227789,0
3289,"Cindy Acree",Cindy,,Acree,,,2,R,1,Rep,HD-040,6141130,106557,,Cindy_Acree,267887,0
3290,"Maryanne Keller",Maryanne,Moe,Keller,,,1,D,2,Sen,SD-020,12713028,2694,,Maryanne_Keller,212216,0
3291,"Cherylin Peniston",Cherylin,,Peniston,,,1,D,1,Rep,HD-035,5986522,66084,,Cherylin_Peniston,250364,0
3292,"Pat Steadman",Pat,,Steadman,,,1,D,2,Sen,SD-031,6499387,125379,,Pat_Steadman,278819,0
3293,"Elizabeth McCann",Elizabeth,H.,McCann,,Beth,1,D,1,Rep,HD-008,3498205,106453,,Beth_McCann,267844,0
3294,"Christine Scanlan",Christine,,Scanlan,,,1,D,1,Rep,HD-056,6493039,102280,,Christine_Scanlan,261825,0
3296,"Andy Kerr",Andy,,Kerr,,,1,D,1,Rep,SD-022,6261856,56603,,Andrew_Kerr,246048,0
3298,"Shawn Mitchell",Shawn,,Mitchell,,,2,R,2,Sen,SD-023,12998038,16968,,Shawn_Mitchell,193177,0
3299,"Dennis Apuan",Dennis,,Apuan,,,1,D,1,Rep,HD-017,5996324,106476,,Dennis_Apuan,267856,0
3300,"Terrance Carroll",Terrance,D.,Carroll,,,1,D,1,Rep,HD-007,12997979,29977,,Terrance_Carroll,214516,0
3301,"Lois Court",Lois,,Court,,,1,D,1,Rep,SD-031,3498102,106446,,Lois_Court,267841,0
3302,"Al White",Al,,White,,Jean,2,R,2,Sen,SD-008,6121306,29871,,Al_White_(Colorado),328346,0
3303,"Dianne Primavera",Dianne,,Primavera,,,1,D,1,Rep,HD-033,6093640,29795,,Dianne_Primavera,250362,0
3304,"Joe Rice",Joe,,Rice,,,1,D,1,Rep,HD-038,6029865,65119,,Joe_Rice,250437,0
3305,"John Pommer",John,V.,Pommer,,Jack,1,D,1,Rep,HD-011,6414986,30117,,John_Pommer,213913,0
3306,"Bruce Whitehead",Bruce,,Whitehead,,,1,D,2,Sen,SD-006,13011215,115666,,Bruce_Whitehead,280232,0
3307,"James Riesberg",James,,Riesberg,,,1,D,1,Rep,HD-050,6267751,15001,,James_Riesberg,227804,0
3308,"Steve King",Steve,,King,,,2,R,1,Rep,SD-007,12998091,66357,,Steve_King_(Colorado),250455,0
3309,"Su Ryden",Su,,Ryden,,,1,D,1,Rep,HD-036,6024588,106538,,Su_Ryden,267882,0
3310,"Sara Gagliardi",Sara,E.,Gagliardi,,,1,D,1,Rep,HD-027,5986462,30007,,Sara_Gagliardi,251599,0
3311,"Michael Merrifield",Michael,,Merrifield,,,1,D,1,Rep,SD-011,12998007,30072,,Michael_Merrifield,212201,0
3312,"Nancy Todd",Nancy,J.,Todd,,,1,D,1,Rep,SD-028,6030088,30073,,Nancy_Todd,227799,0
3313,"Robert Bacon",Robert,L.,Bacon,,Rob,1,D,2,Sen,SD-014,5996649,12543,,Bob_Bacon,193197,0
3314,"Edward Vigil",Edward,,Vigil,,,1,D,1,Rep,HD-062,6093499,82278,,Edward_Vigil,267909,0
3315,"Edward Casso",Edward,,Casso,,,1,D,1,Rep,HD-032,12998037,66685,,Edward_Casso,250359,0
3316,"Jeanne Labuda",Jeanne,,Labuda,,,1,D,1,Rep,HD-001,6081078,65497,,Jeanne_Labuda,250342,0
3317,"Stratton Heath",Stratton,R.,Heath,Jr.,Rollie,1,D,2,Sen,SD-018,6003380,30162,,Rollie_Heath,267920,0
3318,"John Soper",John,F.,Soper,Sr.,,1,D,1,Rep,HD-034,5986898,30012,,John_Soper,229788,0
3319,"Brian DelGrosso",Brian,Mark,DelGrosso,,,2,R,1,Rep,HD-051,6681182,115668,,Brian_DelGrosso,280362,0
3320,"B.J. Nikkel",B.J.,,Nikkel,,,2,R,1,Rep,HD-049,12998078,110957,,B.J._Nikkel,213566,0
3321,"Michael Kopp",Michael,,Kopp,,Mike,2,R,2,Sen,SD-022,6488813,66273,,Mike_Kopp,250467,0
3322,"Kent Lambert",Kent,Douglas,Lambert,,,2,R,2,Sen,SD-009,6001480,29791,,Kent_Lambert,250346,0
3323,"Kevin Priola",Kevin,G.,Priola,,,2,R,1,Rep,SD-025,5988512,106512,,Kevin_Priola,267874,0
3324,"Josh Penry",Josh,,Penry,,,2,R,2,Sen,SD-007,5990158,29968,,Josh_Penry,227806,0
3325,"Abel Tapia",Abel,J.,Tapia,,,1,D,2,Sen,SD-003,12998069,16972,,Abel_Tapia,212217,0
3326,"Spencer Swalm",Spencer,,Swalm,,,2,R,1,Rep,HD-037,6071374,65730,,Spencer_Swalm,250366,0
3327,"Bill Cadman",Bill,L.,Cadman,,,2,R,2,Sen,SD-012,12997998,29992,,Bill_Cadman,159826,0
3328,"Glenn Vaad",Glenn,,Vaad,,,2,R,1,Rep,HD-048,12998074,68029,,Glenn_Vaad,250444,0
3329,"Larry Liston",Larry,G.,Liston,,,2,R,1,Rep,HD-016,5988117,30002,,Larry_Liston,227780,0
3330,"Laura Bradford",Laura,,Bradford,,,2,R,1,Rep,HD-055,6299199,106629,,Laura_Bradford,267901,0
3331,"Ted Harvey",Ted,,Harvey,,,2,R,2,Sen,SD-030,6123083,17021,,Ted_Harvey,210446,0
3332,"Cory Gardner",Cory,,Gardner,,,2,R,1,Rep,HD-063,5988870,30004,,Cory_Gardner,0,0
3333,"Cheri Gerou",Cheri,,Gerou,,,2,R,1,Rep,HD-025,6677095,106496,,Cheri_Gerou,267866,0
3334,"Scott Tipton",Scott,R.,Tipton,,,2,R,1,Rep,HD-058,6022986,65403,,Scott_Tipton,267906,0
3335,"Claire Levy",Claire,,Levy,,,1,D,1,Rep,HD-013,6014848,66046,,Claire_Levy,250344,0
3336,"Amy Stephens",Amy,G.,Stephens,,,2,R,1,Rep,HD-019,6022033,65850,,Amy_Stephens,250354,0
3337,"Randy Baumgardner",Randy,L.,Baumgardner,,,2,R,1,Rep,SD-008,5991875,106641,,Randy_Baumgardner,267903,0
3338,"Carole Murray",Carole,R.,Murray,,,2,R,1,Rep,HD-045,6077029,106587,,Carole_Murray,267894,0
3339,"Randolph Fischer",Randolph,C.,Fischer,,Randy,1,D,1,Rep,HD-053,5993706,68231,,Randy_Fischer,250454,0
3340,"Michael Johnston",Michael,,Johnston,,,1,D,2,Sen,SD-033,6499391,111204,,Michael_Johnston_(Colorado),278160,0
3341,"Mark Scheffel",Mark,,Scheffel,,,2,R,2,Sen,SD-004,6012509,106249,,Mark_Scheffel,267913,0
3342,"Brandon Shaffer",Brandon,C.,Shaffer,,,1,D,2,Sen,SD-017,13011230,29854,,Brandon_Shaffer,227768,0
3343,"Jerry Sonnenberg",Jerry,,Sonnenberg,,,2,R,2,Sen,SD-001,6130447,66361,,Jerry_Sonnenberg,250463,0
3344,"Scott Renfroe",Scott,W.,Renfroe,,,2,R,2,Sen,SD-013,6669645,66429,,Scott_Renfroe,250465,0
3345,"Wes McKinley",Wes,,McKinley,,,1,D,1,Rep,HD-064,12998124,1544,,Wesley_McKinley,227819,0
3346,"Dickey Hullinghorst",Dickey,Lee,Hullinghorst,,,1,D,1,Rep,HD-010,6019903,106463,,Dickey_Hullinghorst,267847,0
3347,"Kenneth Kester",Kenneth,,Kester,,,2,R,2,Sen,SD-002,6600980,16935,,Ken_Kester,193191,0
3348,"Kevin Lundberg",Kevin,,Lundberg,,,2,R,2,Sen,SD-015,6592769,16898,,Kevin_Lundberg,212203,0
3351,"Jenise May",Jenise,,May,,,1,D,1,Rep,HD-030,10238455,138748,,Jenise_May,387884,0
18726,"Bob Gardner",Bob,,Gardner,,,2,R,2,Sen,SD-012,12998016,65710,,Bob_Gardner,250352,0
