people_id,name,first_name,middle_name,last_name,suffix,nickname,party_id,party,role_id,role,district,followthemoney_eid,votesmart_id,opensecrets_id,ballotpedia,knowwho_pid,committee_id
4242,"Edward Ableser",Edward,Z.,Ableser,,Eddie,1,D,2,Sen,SD-026,6458957,28313,,Ed_Ableser,246046,0
4243,"Chad Campbell",Chad,Anthony,Campbell,,,1,D,1,Rep,HD-024,6479130,66157,,Chad_Campbell,248852,0
4244,"Tom Chabin",Tom,,Chabin,,,1,D,1,Rep,HD-002,12997761,98184,,Tom_Chabin,258848,0
4245,"Kyrsten Sinema",Kyrsten,,Sinema,,,1,D,2,Sen,SD-015,6459171,28338,,Kyrsten_Sinema,227495,0
4249,"Lynne Pancrazi",Lynne,,Pancrazi,,,1,D,2,Sen,SD-004,6479234,68098,,Lynne_Pancrazi,248863,0
4250,"Daniel Patterson",Daniel,,Patterson,,,1,D,1,Rep,HD-029,6492153,28385,,Daniel_Patterson,267666,0
4251,"David Schapira",David,,Schapira,,,1,D,2,Sen,SD-017,6479269,67616,,David_Schapira,248858,0
4297,"Steve Farley",Steve,,Farley,,,1,D,2,Sen,SD-009,6479163,68105,,Steve_Farley,248868,0
4302,"Eric Meyer",Eric,D.,Meyer,,,1,D,1,Rep,HD-028,6497390,110671,,Eric_Meyer_(Arizona),267633,0
4305,"Olivia Bedford",Olivia,Cajero,Bedford,,,1,D,2,Sen,SD-003,6400954,28198,,Olivia_Cajero_Bedford,212158,0
4309,"Anna Tovar",Anna,,Tovar,,,1,D,2,Sen,SD-019,6507385,110962,,Anna_Tovar,276216,0
4317,"Albert Hale",Albert,,Hale,,,1,D,1,Rep,HD-007,6459019,28152,,Albert_Hale,222028,0
4320,"Leah Landrum-Taylor",Leah,,Landrum-Taylor,,,1,D,2,Sen,SD-027,6400896,16378,,Leah_Landrum_Taylor,192976,0
4321,"Richard Miranda",Richard,,Miranda,,,1,D,1,Rep,HD-013,12997855,16357,,Richard_Miranda,192974,0
4325,"Paula Aboud",Paula,A.,Aboud,,,1,D,2,Sen,SD-028,6479100,28356,,Paula_Aboud,242010,0
4343,"Catherine Miranda",Catherine,H.,Miranda,,,1,D,2,Sen,SD-027,6507410,123736,,Catherine_Miranda,309013,0
10695,"Katie Hobbs",Katie,,Hobbs,,,1,D,2,Sen,SD-024,6507388,123724,,Katie_Hobbs,293800,0
10699,"Lela Alston",Lela,,Alston,,,1,D,1,Rep,HD-024,6412623,123722,,Lela_Alston,293799,0
10700,"Ben Arredondo",Ben,,Arredondo,,,1,D,1,Rep,HD-017,6507416,72165,,P._Ben_Arredondo,309015,0
10703,"Ruben Gallego",Ruben,,Gallego,,,1,D,1,Rep,HD-027,6507394,123732,,Ruben_Gallego,293802,0
10704,"Sally Gonzales",Sally,Ann,Gonzales,,,1,D,1,Rep,HD-003,12997768,12275,,Sally_Ann_Gonzales,192949,0
10705,"Macario Saldate",Macario,,Saldate,IV,,1,D,1,Rep,HD-003,6507476,123857,,Macario_Saldate,293814,0
10714,"Steve Gallardo",Steve,M.,Gallardo,,,1,D,2,Sen,SD-029,6407065,28170,,Steve_Gallardo,212141,0
11659,"Bruce Wheeler",Bruce,,Wheeler,,,1,D,1,Rep,HD-010,6507489,123866,,Bruce_Wheeler,309418,0
