bill_id,session_id,bill_number,status,status_desc,status_date,title,description,committee_id,committee,last_action_date,last_action,url,state_link
1524442,1852,HCR51,1,Introduced,2021-09-27,"Adjourning sine die 2021 special session of Eighty-first Legislative Assembly.","Adjourns sine die 2021 special session of Eighty-first Legislative Assembly. Adjourns sine die 2021 special session of Eighty-first Legislative Assembly.",0,,2021-09-27,"At Speaker's Desk upon adjournment.",https://legiscan.com/OR/bill/HCR51/2021/X1,https://olis.oregonlegislature.gov/liz/2021S1/Measures/Overview/HCR51
1523792,1852,SB881,4,Passed,2021-10-04,"Relating to redistricting; and declaring an emergency.","Removes current congressional district provisions. Removes current congressional district provisions. Specifies new congressional districts. Declares emergency, effective on passage.",0,,2021-10-04,"Effective date, September 27, 2021.",https://legiscan.com/OR/bill/SB881/2021/X1,https://olis.oregonlegislature.gov/liz/2021S1/Measures/Overview/SB881
1523793,1852,SB882,4,Passed,2021-10-04,"Relating to redistricting; and declaring an emergency.","Provides for state legislative redistricting. Provides for state legislative redistricting. Declares emergency, effective on passage.",0,,2021-10-04,"Effective date, September 27, 2021.",https://legiscan.com/OR/bill/SB882/2021/X1,https://olis.oregonlegislature.gov/liz/2021S1/Measures/Overview/SB882
1523791,1852,SCR31,4,Passed,2021-10-04,"Adjourning sine die 2021 special session of Eighty-first Legislative Assembly.","Adjourns sine die 2021 special session of Eighty-first Legislative Assembly. Adjourns sine die 2021 special session of Eighty-first Legislative Assembly.",0,,2021-10-04,"Filed With Secretary of State.",https://legiscan.com/OR/bill/SCR31/2021/X1,https://olis.oregonlegislature.gov/liz/2021S1/Measures/Overview/SCR31
