bill_id,document_id,document_type,document_size,document_mime,document_desc,url,state_link
1524442,2434277,text,23730,application/pdf,Introduced,https://legiscan.com/OR/text/HCR51/id/2434277,https://olis.oregonlegislature.gov/liz/2021S1/Downloads/MeasureDocument/HCR51/Introduced
1523792,2433492,text,118519,application/pdf,Introduced,https://legiscan.com/OR/text/SB881/id/2433492,https://olis.oregonlegislature.gov/liz/2021S1/Downloads/MeasureDocument/SB881/Introduced
1523792,2434351,text,109148,application/pdf,Introduced,https://legiscan.com/OR/text/SB881/id/2434351,https://olis.oregonlegislature.gov/liz/2021S1/Downloads/MeasureDocument/SB881/House%20Amendments%20to%20Introduced
1523792,2434352,text,114470,application/pdf,Engrossed,https://legiscan.com/OR/text/SB881/id/2434352,https://olis.oregonlegislature.gov/liz/2021S1/Downloads/MeasureDocument/SB881/A-Engrossed
1523792,2434460,text,111345,application/pdf,Enrolled,https://legiscan.com/OR/text/SB881/id/2434460,https://olis.oregonlegislature.gov/liz/2021S1/Downloads/MeasureDocument/SB881/Enrolled
1523793,2433493,text,225015,application/pdf,Introduced,https://legiscan.com/OR/text/SB882/id/2433493,https://olis.oregonlegislature.gov/liz/2021S1/Downloads/MeasureDocument/SB882/Introduced
1523793,2434457,text,211546,application/pdf,Enrolled,https://legiscan.com/OR/text/SB882/id/2434457,https://olis.oregonlegislature.gov/liz/2021S1/Downloads/MeasureDocument/SB882/Enrolled
1523791,2433491,text,23711,application/pdf,Introduced,https://legiscan.com/OR/text/SCR31/id/2433491,https://olis.oregonlegislature.gov/liz/2021S1/Downloads/MeasureDocument/SCR31/Introduced
1523791,2434426,text,18684,application/pdf,Enrolled,https://legiscan.com/OR/text/SCR31/id/2434426,https://olis.oregonlegislature.gov/liz/2021S1/Downloads/MeasureDocument/SCR31/Enrolled
