bill_id,date,chamber,sequence,action
1523791,2021-09-20,Senate,1,"Introduction and first reading. Referred to President's desk."
1523791,2021-09-20,Senate,2,"Referred to Redistricting."
1523791,2021-09-20,Senate,3,"Work Session held."
1523791,2021-09-20,Senate,4,"Recommendation: Do adopt."
1523791,2021-09-20,Senate,5,"Rules suspended. Second reading."
1523791,2021-09-20,Senate,6,"Rules suspended. Final reading. Carried by Wagner. Adopted. Ayes, 18; Nays, 11--Anderson, Boquist, Findley, Girod, Hansell, Heard, Kennemer, Knopp, Linthicum, Robinson, Thatcher; Excused, 1--Thomsen."
1523791,2021-09-27,House,7,"First reading."
1523791,2021-09-27,House,8,"Rules suspended. Read in its entirety. Carried by Smith Warner. Adopted. Ayes, 46; Nays, 1--Cate; Excused, 13--Bonham, Boshart Davis, Helm, Lewis, Morgan, Nathanson, Noble, Post, Schouten, Smith G, Stark, Wilde, Wright."
1523791,2021-09-27,Senate,9,"President signed."
1523791,2021-09-30,House,10,"Speaker signed."
1523791,2021-10-04,Senate,11,"Filed With Secretary of State."
1523792,2021-09-20,Senate,1,"Introduction and first reading. Referred to President's desk."
1523792,2021-09-20,Senate,2,"Referred to Redistricting."
1523792,2021-09-20,Senate,3,"Work Session held."
1523792,2021-09-20,Senate,4,"Recommendation: Do pass."
1523792,2021-09-20,Senate,5,"Rules suspended. Second reading."
1523792,2021-09-20,Senate,6,"Rules suspended. Third reading. Carried by Taylor. Passed. Ayes, 18; Nays, 11--Anderson, Boquist, Findley, Girod, Hansell, Heard, Kennemer, Knopp, Linthicum, Robinson, Thatcher; Excused, 1--Thomsen."
1523792,2021-09-20,Senate,7,"Vote explanation(s) filed by Boquist, Golden, Thatcher."
1523792,2021-09-20,House,8,"First reading. Referred to Speaker's desk."
1523792,2021-09-20,House,9,"Referred to Congressional Redistricting."
1523792,2021-09-20,House,10,"Work Session held."
1523792,2021-09-20,House,11,"Recommendation: Do pass."
1523792,2021-09-27,House,12,"Second reading."
1523792,2021-09-27,House,13,"Rules suspended. Motion to rerefer to Congressional Redistricting carried. Rereferred."
1523792,2021-09-27,House,14,"Work Session held."
1523792,2021-09-27,House,15,"Recommendation: Do pass with amendments and be printed A-Engrossed."
1523792,2021-09-27,House,16,"Rules suspended. Third reading. Carried by Salinas. Passed. Ayes, 33; Nays, 16--Breese-Iverson, Cate, Drazan, Goodwin, Hayden, Levy, Moore-Green, Noble, Owens, Reschke, Scharf, Smith DB, Smith G, Wallan, Weber, Zika; Excused, 11--Bonham, Boshart Davis, Helm, Lewis, Morgan, Nathanson, Post, Schouten, Stark, Wilde, Wright."
1523792,2021-09-27,Senate,17,"Rules suspended. Senate concurred in House amendments and repassed bill. Ayes, 18; Nays, 6--Anderson, Findley, Girod, Kennemer, Knopp, Thomsen; Excused, 6--Boquist, Hansell, Heard, Linthicum, Robinson, Thatcher."
1523792,2021-09-27,Senate,18,"President signed."
1523792,2021-09-27,House,19,"Speaker signed."
1523792,2021-09-27,Senate,20,"Governor signed."
1523792,2021-10-04,Senate,21,"Chapter 1, 2021 Laws."
1523792,2021-10-04,Senate,22,"Effective date, September 27, 2021."
1523793,2021-09-20,Senate,1,"Introduction and first reading. Referred to President's desk."
1523793,2021-09-20,Senate,2,"Referred to Redistricting."
1523793,2021-09-20,Senate,3,"Work Session held."
1523793,2021-09-20,Senate,4,"Recommendation: Do pass."
1523793,2021-09-20,Senate,5,"Rules suspended. Second reading."
1523793,2021-09-20,Senate,6,"Rules suspended. Third reading. Carried by Taylor. Passed. Ayes, 18; Nays, 11--Anderson, Boquist, Findley, Girod, Hansell, Heard, Kennemer, Knopp, Linthicum, Robinson, Thatcher; Excused, 1--Thomsen."
1523793,2021-09-20,Senate,7,"Vote explanation(s) filed by Golden, Thatcher."
1523793,2021-09-20,House,8,"First reading. Referred to Speaker's desk."
1523793,2021-09-20,House,9,"Referred to State Legislative Redistricting."
1523793,2021-09-20,House,10,"Work Session held."
1523793,2021-09-20,House,11,"Recommendation: Do pass."
1523793,2021-09-27,House,12,"Second reading."
1523793,2021-09-27,House,13,"Rules suspended. Third reading. Carried by Salinas. Passed. Ayes, 31; Nays, 18--Breese-Iverson, Cate, Clem, Drazan, Goodwin, Hayden, Levy, Moore-Green, Noble, Owens, Reschke, Scharf, Smith DB, Smith G, Wallan, Weber, Witt, Zika; Excused, 11--Bonham, Boshart Davis, Helm, Lewis, Morgan, Nathanson, Post, Schouten, Stark, Wilde, Wright."
1523793,2021-09-27,Senate,14,"President signed."
1523793,2021-09-27,House,15,"Speaker signed."
1523793,2021-09-27,Senate,16,"Governor signed."
1523793,2021-10-04,Senate,17,"Chapter 2, 2021 Laws."
1523793,2021-10-04,Senate,18,"Effective date, September 27, 2021."
1524442,2021-09-27,House,1,"First reading. Referred to Speaker's desk."
1524442,2021-09-27,House,2,"At Speaker's Desk upon adjournment."
