bill_id,roll_call_id,date,chamber,description,yea,nay,nv,absent,total
1523791,1108932,2021-09-20,Senate,"Senate Committee Do adopt",3,2,0,0,5
1523791,1108933,2021-09-20,Senate,"Senate Final Reading",18,11,0,1,30
1523791,1109187,2021-09-27,House,"House Rules suspended",46,1,0,13,60
1523792,1108924,2021-09-20,Senate,"Senate Committee Do pass",3,2,0,0,5
1523792,1108925,2021-09-20,House,"House Committee Do Pass",2,0,0,1,3
1523792,1108931,2021-09-20,Senate,"Senate Third Reading",18,11,0,1,30
1523792,1109168,2021-09-27,House,"House Committee Do pass with amendments. (Printed A-Eng.)",2,1,0,0,3
1523792,1109169,2021-09-27,Senate,"Senate Third Reading in Concurrence",18,6,0,6,30
1523792,1109186,2021-09-27,House,"House Third Reading",33,16,0,11,60
1523793,1108923,2021-09-20,Senate,"Senate Committee Do pass",3,2,0,0,5
1523793,1108930,2021-09-20,Senate,"Senate Third Reading",18,11,0,1,30
1523793,1108935,2021-09-20,House,"House Committee Do Pass",5,3,0,0,8
1523793,1109185,2021-09-27,House,"House Third Reading",31,18,0,11,60
