bill_id,roll_call_id,date,chamber,description,yea,nay,nv,absent,total
609313,318160,2014-02-10,House,"House Committee Do Pass",8,3,0,0,11
609315,315057,2014-02-04,House,"House Committee Do pass as amended and be printed engrossed",8,0,0,1,9
609315,321288,2014-02-14,House,"House Third Reading",57,0,0,3,60
609315,323151,2014-02-18,Senate,"Senate Committee Do pass the A-Eng bill",4,1,0,0,5
609315,325449,2014-02-20,Senate,"Senate Third Reading",19,10,0,1,30
609316,320408,2014-02-12,House,"House Committee Do pass with amendments, be printed engrossed and be referred to Ways and Means by prior reference",10,0,0,0,10
609316,332021,2014-02-28,House,"House Committee Do Pass",25,0,0,1,26
609316,332886,2014-03-03,House,"House Third Reading",55,3,0,2,60
609316,336090,2014-03-06,Senate,"Senate Third Reading",30,0,0,0,30
609318,318099,2014-02-10,House,"House Committee Do pass as amended and be printed engrossed",9,0,0,0,9
609318,321048,2014-02-14,House,"House Third Reading",57,0,0,3,60
609318,325023,2014-02-20,Senate,"Senate Committee Do pass with amendments to the A-Eng bill. (Printed B-Eng.)",5,0,0,0,5
609318,326987,2014-02-24,Senate,"Senate Third Reading",29,0,0,1,30
609318,328124,2014-02-25,House,House,60,0,0,0,60
609319,320778,2014-02-13,House,"House Committee Do pass as amended and be printed engrossed",6,0,0,1,7
609319,321409,2014-02-14,House,"House Third Reading",51,0,0,9,60
609319,324218,2014-02-19,Senate,"Senate Committee Do pass with amendments to the A-Eng bill. (Printed B-Eng.)",4,0,0,0,4
609319,326893,2014-02-24,Senate,"Senate Third Reading",30,0,0,0,30
609319,327919,2014-02-25,House,House,59,0,0,1,60
609320,318889,2014-02-11,House,"House Committee Do pass as amended and be printed engrossed",9,0,0,0,9
609320,320293,2014-02-13,House,"House Third Reading",57,0,0,3,60
609320,324461,2014-02-19,Senate,"Senate Committee Do pass",5,0,0,0,5
609320,327097,2014-02-24,Senate,"Senate Third Reading",29,0,0,1,30
609321,322730,2014-02-18,Senate,"Senate Committee Do pass and subsequent referral to Ways and Means be rescinded",4,0,0,1,5
609321,324924,2014-02-20,Senate,"Senate Third Reading",18,11,0,1,30
609321,334583,2014-03-05,House,"House Committee Do pass as amended and be printed engrossed",5,3,0,1,9
609321,336655,2014-03-07,House,"House Third Reading",34,23,0,3,60
609321,336797,2014-03-07,Senate,"Senate Third Reading in Concurrence",19,11,0,0,30
609322,331426,2014-02-27,House,"House Withdraw from Committee",26,34,0,0,60
609323,320825,2014-02-13,Senate,"Senate Committee Do pass with amendments. (Printed A-Eng.)",5,0,0,0,5
609323,321437,2014-02-14,Senate,"Senate Third Reading",30,0,0,0,30
609323,323866,2014-02-19,House,"House Committee Do Pass",8,0,0,1,9
609323,326256,2014-02-21,House,"House Third Reading",57,0,0,3,60
609324,319172,2014-02-12,House,"House Committee Do Pass",11,0,0,0,11
609324,320212,2014-02-13,House,"House Third Reading",57,0,0,3,60
609324,324547,2014-02-19,Senate,"Senate Committee Do pass",5,0,0,0,5
609324,327312,2014-02-24,Senate,"Senate Third Reading",30,0,0,0,30
609325,330832,2014-02-27,House,House,26,34,0,0,60
609326,314443,2014-02-03,House,"House Resolution Adopted",56,1,0,3,60
609326,315911,2014-02-05,Senate,Senate,27,0,0,3,30
609327,318963,2014-02-11,House,"House Committee Do pass as amended and be printed engrossed",8,1,0,1,10
609327,320355,2014-02-13,House,"House Third Reading",52,5,0,3,60
609327,324109,2014-02-19,Senate,"Senate Committee Do pass the A-Eng bill",5,0,0,0,5
609327,327497,2014-02-24,Senate,"Senate Third Reading",26,4,0,0,30
609328,327734,2014-02-25,House,"House Committee Do pass as amended and be printed engrossed",6,3,0,0,9
609328,330615,2014-02-27,House,"House Third Reading",36,24,0,0,60
609330,317649,2014-02-10,House,"House Committee Do pass with amendments, be printed engrossed and be referred to Ways and Means by prior reference",8,0,0,1,9
609330,333000,2014-03-03,House,"House Committee Do pass as amended and be printed engrossed",25,0,0,1,26
609330,333839,2014-03-04,House,"House Third Reading",57,0,0,3,60
609330,336203,2014-03-06,Senate,"Senate Third Reading",30,0,0,0,30
609332,319830,2014-02-12,Senate,"Senate Committee Without recommendation as to passage, but w/amendments and referred to Ways and Means by prior reference. (Printed A-Eng)",5,0,0,0,5
609333,317092,2014-02-05,House,"House Committee Do pass and be referred to Ways and Means by prior reference",9,0,0,0,9
609334,316156,2014-02-05,House,"House Committee Do pass and be referred to Ways and Means by prior reference",8,0,0,1,9
609334,331861,2014-02-28,House,"House Committee Do Pass",25,0,0,1,26
609334,332638,2014-03-03,House,"House Third Reading",58,0,0,2,60
609334,336227,2014-03-06,Senate,"Senate Third Reading",30,0,0,0,30
609335,320652,2014-02-13,House,"House Committee Without recommendation as to passage, refer to Ways and Means by prior reference",7,0,0,2,9
609337,316342,2014-02-06,House,"House Committee Do Pass",9,0,0,0,9
609337,319729,2014-02-12,House,"House Third Reading",59,0,0,1,60
609337,327394,2014-02-24,Senate,"Senate Committee Do pass",5,0,0,0,5
609337,329979,2014-02-26,Senate,"Senate Third Reading",29,0,0,1,30
609339,315980,2014-02-04,House,"House Committee Do pass with amendments, be printed engrossed and be referred to Ways and Means by prior reference",5,1,0,1,7
609340,320326,2014-02-13,Senate,"Senate Committee Do pass with amendments. (Printed A-Eng.)",4,2,0,0,6
609340,335928,2014-03-05,Senate,"Senate Committee Do pass with amendments to the A-Eng bill. (Printed B-Eng.)",24,0,0,2,26
609340,336748,2014-03-07,Senate,"Senate Third Reading",30,0,0,0,30
609340,337192,2014-03-07,House,"House Third Reading",55,3,0,2,60
609341,318594,2014-02-10,House,"House Committee Do pass as amended, be printed engrossed, and bill be referred to Ways and Means",9,0,0,0,9
609341,335629,2014-03-06,House,"House Third Reading",55,0,0,5,60
609341,336413,2014-03-05,House,"House Committee Do pass as amended and be printed engrossed",24,0,0,2,26
609341,336738,2014-03-07,Senate,"Senate Third Reading",30,0,0,0,30
609342,319000,2014-02-11,House,"House Committee Do pass as amended and be printed engrossed",8,0,0,1,9
609342,321331,2014-02-14,House,"House Third Reading",51,0,0,9,60
609342,324502,2014-02-19,Senate,"Senate Committee Do pass the A-Eng bill",5,0,0,0,5
609342,327165,2014-02-24,Senate,"Senate Third Reading",29,0,0,1,30
609343,320333,2014-02-13,Senate,"Senate Committee Do pass with amendments. (Printed A-Eng.)",5,0,0,0,5
609343,323029,2014-02-18,Senate,"Senate Third Reading",30,0,0,0,30
609343,326506,2014-02-21,House,"House Committee Do Pass",9,0,0,0,9
609343,328774,2014-02-25,House,"House Third Reading",60,0,0,0,60
609346,318220,2014-02-10,House,"House Committee Do pass with amendments, be printed engrossed and be referred to Ways and Means by prior reference",9,0,0,0,9
609346,332942,2014-03-03,House,"House Committee Do pass as amended and be printed engrossed",25,0,0,1,26
609346,333349,2014-03-04,House,"House Third Reading",58,0,0,2,60
609346,336376,2014-03-06,Senate,"Senate Third Reading",30,0,0,0,30
609347,319510,2014-02-12,House,"House Committee Do pass as amended and be printed engrossed",5,4,0,0,9
609347,322208,2014-02-17,House,"House Third Reading",36,21,0,3,60
609347,328432,2014-02-25,Senate,"Senate Committee Do pass the A-Eng bill",3,2,0,0,5
609347,335660,2014-03-06,Senate,Senate,14,16,0,0,30
609347,335661,2014-03-06,Senate,"Senate Third Reading",15,15,0,0,30
609348,319588,2014-02-12,Senate,"Senate Committee Do pass with amendments. (Printed A-Eng.)",5,0,0,0,5
609348,321444,2014-02-14,Senate,"Senate Third Reading",30,0,0,0,30
609348,325434,2014-02-20,House,"House Committee Do Pass",9,0,0,0,9
609348,327046,2014-02-24,House,"House Third Reading",59,0,0,1,60
609349,316450,2014-02-05,House,"House Committee Do pass as amended and be printed engrossed",9,0,0,1,10
609349,318433,2014-02-11,House,"House Third Reading",60,0,0,0,60
609349,323438,2014-02-18,Senate,"Senate Committee Do pass",6,0,0,0,6
609349,326250,2014-02-21,Senate,"Senate Third Reading",27,0,0,3,30
609350,320715,2014-02-13,Senate,"Senate Committee Do pass with amendments. (Printed A-Eng.)",5,0,0,0,5
609350,322505,2014-02-18,Senate,"Senate Third Reading",30,0,0,0,30
609350,328387,2014-02-25,House,"House Committee Do Pass",9,0,0,0,9
609350,329603,2014-02-26,House,"House Third Reading",58,0,0,2,60
609353,315132,2014-02-04,Senate,"Senate Committee Be adopted",5,0,0,0,5
609353,316079,2014-02-05,Senate,Senate,27,0,0,3,30
609353,320471,2014-02-13,House,"House Committee Be Adopted",6,0,0,1,7
609353,323303,2014-02-18,House,"House Read and Adopted",59,0,0,1,60
609354,318229,2014-02-10,House,"House Committee Do pass with amendments, be printed engrossed and be referred to Ways and Means by prior reference",9,0,0,0,9
609356,319007,2014-02-11,Senate,"Senate Committee Do pass with amendments. Refer to Ways and Means by prior reference (Printed A-Eng)",3,1,0,1,5
609356,332601,2014-03-03,Senate,"Senate Committee Do pass with amendments to the A-Eng bill. (Printed B-Eng.)",19,7,0,0,26
609356,334404,2014-03-05,Senate,"Senate Third Reading",21,9,0,0,30
609356,336649,2014-03-07,House,"House Third Reading",43,14,0,3,60
609360,318341,2014-02-11,House,"House Committee Do Pass",7,0,0,0,7
609360,320595,2014-02-13,House,"House Third Reading",57,0,0,3,60
609360,324478,2014-02-19,Senate,"Senate Committee Do pass",4,0,0,0,4
609360,326872,2014-02-24,Senate,"Senate Third Reading",30,0,0,0,30
609361,317819,2014-02-10,House,"House Committee Do pass as amended and be printed engrossed",6,3,0,0,9
609361,320255,2014-02-13,House,"House Third Reading",31,26,0,3,60
609361,332573,2014-03-03,Senate,"Senate Committee Do pass with amendments to the A-Eng bill. (Printed B-Eng.)",3,0,0,2,5
609361,334805,2014-03-05,Senate,"Senate Third Reading",30,0,0,0,30
609361,336142,2014-03-06,House,"House Third Reading in Concurrence",49,5,0,6,60
609363,318016,2014-02-10,House,"House Committee Do pass with amendments, be printed engrossed and be referred to Ways and Means by prior reference",10,1,0,0,11
609364,336554,2014-02-06,Senate,"Senate Withdraw from Committee",30,0,0,0,30
609366,320483,2014-02-12,House,"House Committee Do pass as amended, be printed engrossed, and rescind subsequent referral to Ways and Means",10,0,0,0,10
609366,321370,2014-02-14,House,"House Third Reading",48,4,0,8,60
609366,325711,2014-02-20,Senate,"Senate Committee Do pass with amendments to the A-Eng bill. (Printed B-Eng.)",4,0,0,1,5
609366,328168,2014-02-25,Senate,"Senate Third Reading",22,7,0,1,30
609366,329427,2014-02-26,House,House,48,9,0,3,60
609367,314686,2014-02-03,House,"House Committee Do Pass",8,0,0,1,9
609367,315726,2014-02-05,House,"House Third Reading",59,0,0,1,60
609367,325677,2014-02-20,Senate,"Senate Committee Do pass with amendments. (Printed A-Eng.)",5,0,0,0,5
609367,328010,2014-02-25,Senate,"Senate Third Reading",29,0,0,1,30
609367,329255,2014-02-26,House,House,56,0,0,4,60
609368,319939,2014-02-12,House,"House Committee Without recommendation as to passage, with amendments and be Printed Engrossed. Refer to Rules, then Ways and Means by prior reference",5,4,0,0,9
609368,324229,2014-02-19,House,"House Committee Without recommendation as to passage, with amendments, be printed engrossed and be referred to Ways and Means by prior reference",7,2,0,0,9
609370,320423,2014-02-13,Senate,"Senate Committee Do pass with amendments. (Printed A-Eng.)",5,1,0,0,6
609370,322629,2014-02-18,Senate,"Senate Third Reading",21,9,0,0,30
609370,327286,2014-02-24,House,"House Committee Do pass as amended, be printed engrossed, and bill be referred to Rules",9,1,0,0,10
609371,314715,2014-02-03,House,"House Committee Do Pass",8,0,0,1,9
609371,316396,2014-02-06,House,"House Third Reading",58,0,0,2,60
609371,327476,2014-02-24,Senate,"Senate Committee Do pass with amendments. (Printed A-Eng.)",5,0,0,0,5
609371,330575,2014-02-27,Senate,"Senate Third Reading",30,0,0,0,30
609371,332686,2014-02-28,House,"House Third Reading in Concurrence",59,0,0,1,60
609373,315895,2014-02-05,House,"House Committee Do pass with amendments, be printed engrossed and be referred to Ways and Means by prior reference",8,0,0,1,9
609373,332014,2014-02-28,House,"House Committee Do Pass",21,4,0,1,26
609373,332854,2014-03-03,House,"House Third Reading",54,4,0,2,60
609373,336372,2014-03-06,Senate,"Senate Third Reading",30,0,0,0,30
609374,319436,2014-02-12,Senate,"Senate Committee Without recommendation as to passage, but w/amendments and referred to Ways and Means by prior reference. (Printed A-Eng)",5,0,0,0,5
609378,319874,2014-02-12,House,"House Committee Do pass and be referred to Ways and Means by prior reference",7,0,0,2,9
609378,330626,2014-02-27,House,House,29,31,0,0,60
609379,320131,2014-02-13,House,"House Committee Do pass as amended and be printed engrossed",8,1,0,0,9
609379,321135,2014-02-14,House,"House Third Reading",54,4,0,2,60
609379,324099,2014-02-19,Senate,"Senate Committee Do pass the A-Eng bill",5,0,0,0,5
609379,326887,2014-02-24,Senate,"Senate Third Reading",27,2,0,1,30
609380,320146,2014-02-12,Senate,"Senate Committee Do pass with amendments. (Printed A-Eng.)",5,0,0,0,5
609380,321143,2014-02-14,Senate,"Senate Third Reading",30,0,0,0,30
609380,324066,2014-02-19,House,"House Committee Do Pass",10,0,0,1,11
609380,326209,2014-02-21,House,"House Third Reading",55,0,0,5,60
609381,320129,2014-02-13,Senate,"Senate Committee Without recommendation as to passage and be referred to Rules",3,2,0,0,5
609383,315945,2014-02-05,Senate,"Senate Committee Be adopted",5,0,0,0,5
609383,321035,2014-02-14,Senate,"Senate Final Reading",30,0,0,0,30
609383,327306,2014-02-24,House,"House Committee Be Adopted",9,0,0,0,9
609383,332041,2014-02-28,House,"House Read and Adopted",58,0,0,2,60
609385,315207,2014-02-04,House,"House Committee Be Adopted",9,0,0,0,9
609385,316114,2014-02-05,House,House,60,0,0,0,60
609385,323226,2014-02-18,Senate,"Senate Committee Be adopted",5,0,0,0,5
609385,325659,2014-02-20,Senate,"Senate Final Reading",29,0,0,1,30
609386,318418,2014-02-10,Senate,"Senate Committee Do pass",4,0,0,1,5
609386,318419,2014-02-11,Senate,"Senate Committee Do pass",4,0,0,1,5
609386,320645,2014-02-13,Senate,"Senate Third Reading",30,0,0,0,30
609386,324929,2014-02-19,House,"House Committee Do pass as amended and be printed engrossed",8,0,0,1,9
609386,327060,2014-02-24,House,"House Third Reading",59,0,0,1,60
609386,329527,2014-02-26,Senate,Senate,29,0,0,1,30
609388,318637,2014-02-11,Senate,"Senate Committee Do pass with amendments. Refer to Ways and Means by prior reference (Printed A-Eng)",5,0,0,0,5
609388,331991,2014-02-28,Senate,"Senate Committee Do pass with amendments to the A-Eng bill. (Printed B-Eng.)",25,0,0,1,26
609388,333188,2014-03-04,Senate,"Senate Third Reading",29,0,0,1,30
609388,334845,2014-03-05,House,"House Third Reading",56,0,0,4,60
609390,318970,2014-02-11,Senate,"Senate Committee Do pass with amendments. (Printed A-Eng.)",5,0,0,0,5
609390,321258,2014-02-14,Senate,"Senate Third Reading",30,0,0,0,30
609390,327179,2014-02-24,House,"House Committee Do pass as amended and be printed engrossed",9,0,0,0,9
609390,329686,2014-02-26,House,"House Third Reading",58,0,0,2,60
609390,332008,2014-02-28,Senate,"Senate Third Reading in Concurrence",30,0,0,0,30
609391,318867,2014-02-11,House,"House Committee Do pass as amended and be printed engrossed",7,2,0,0,9
609391,321070,2014-02-14,House,"House Third Reading",48,9,0,3,60
609392,320215,2014-02-13,House,"House Committee Do pass as amended and be printed engrossed",5,4,0,0,9
609392,321976,2014-02-17,House,"House Third Reading",33,24,0,3,60
609393,332798,2014-03-03,Senate,"Senate Committee Do pass with amendments. (Printed A-Eng.)",5,0,0,0,5
609393,335196,2014-03-05,Senate,"Senate Third Reading",20,10,0,0,30
609396,320350,2014-02-13,House,"House Committee Without recommendation, with amendments, be printed engrossed and be referred to Rules",7,0,0,0,7
609397,316577,2014-02-06,Senate,"Senate Committee Do pass with amendments. (Printed A-Eng.)",4,1,0,0,5
609397,320706,2014-02-13,Senate,"Senate Third Reading",17,13,0,0,30
609398,319352,2014-02-12,House,"House Committee Do pass as amended and be printed engrossed",7,0,0,4,11
609398,321299,2014-02-14,House,"House Third Reading",43,14,0,3,60
609398,328930,2014-02-25,Senate,"Senate Committee Do pass with amendments. (Printed B-Eng.)",5,0,0,1,6
609398,331657,2014-02-28,Senate,"Senate Third Reading",30,0,0,0,30
609398,332395,2014-03-03,House,"House Third Reading in Concurrence",52,6,0,2,60
609401,319064,2014-02-11,Senate,"Senate Committee Do pass with amendments. Refer to Ways and Means by prior reference (Printed A-Eng)",3,2,0,0,5
609402,315789,2014-02-05,Senate,"Senate Committee Do pass with amendments. (Printed A-Eng.)",4,0,0,1,5
609402,318334,2014-02-11,Senate,"Senate Third Reading",29,0,0,1,30
609402,322908,2014-02-18,House,"House Committee Do Pass",6,0,0,1,7
609402,324916,2014-02-20,House,"House Third Reading",56,1,0,3,60
609404,320430,2014-02-13,Senate,"Senate Committee Do pass with amendments. (Printed A-Eng.)",5,0,0,0,5
609404,321309,2014-02-14,Senate,"Senate Third Reading",29,0,0,1,30
609404,327562,2014-02-24,House,"House Committee Do Pass",7,2,0,0,9
609404,329122,2014-02-26,House,"House Third Reading",40,18,0,2,60
609405,319755,2014-02-12,House,"House Committee Do pass as amended, be printed engrossed, and bill be referred to Ways and Means",6,1,0,2,9
609405,332975,2014-03-03,House,"House Committee Do pass as amended and be printed engrossed",23,2,0,1,26
609405,333404,2014-03-04,House,"House Third Reading",47,11,0,2,60
609405,336262,2014-03-06,Senate,"Senate Third Reading",29,1,0,0,30
609407,317059,2014-02-05,Senate,"Senate Committee Do adopt and refer to Rules by prior reference",5,0,0,0,5
609407,323720,2014-02-19,Senate,"Senate Committee Be adopted",5,0,0,0,5
609407,326201,2014-02-21,Senate,"Senate Final Reading",29,0,0,1,30
609407,329619,2014-02-26,House,"House Committee Be Adopted",8,0,0,1,9
609407,331970,2014-02-28,House,"House Read and Adopted",51,7,0,2,60
609408,323325,2014-02-18,House,"House Committee Do Pass",6,3,0,0,9
609408,326016,2014-02-21,House,"House Third Reading",39,18,0,3,60
609409,322602,2014-02-18,House,"House Committee Do pass as amended and be printed engrossed",7,0,0,2,9
609409,325086,2014-02-20,House,"House Third Reading",58,0,0,2,60
609409,329749,2014-02-26,Senate,"Senate Committee Do pass",3,0,0,2,5
609409,332012,2014-02-28,Senate,"Senate Third Reading",28,2,0,0,30
609411,320566,2014-02-13,House,"House Committee Without recommendation as to passage and be referred to Rules",7,0,0,0,7
609411,331420,2014-02-27,House,"House Committee Do pass as amended and be printed engrossed",8,0,0,1,9
609411,331739,2014-02-28,House,"House Third Reading",59,0,0,1,60
609411,332257,2014-03-03,Senate,"Senate Committee Do pass the A-Eng bill",4,0,0,1,5
609411,333342,2014-03-04,Senate,"Senate Third Reading",30,0,0,0,30
609412,319943,2014-02-12,Senate,"Senate Committee Do pass with amendments and requesting referral to Ways and Means. (Printed A-Engrossed.)",4,0,0,0,4
609412,336006,2014-03-05,Senate,"Senate Committee Do pass with amendments to the A-Eng bill. (Printed B-Eng.)",24,0,0,2,26
609412,337118,2014-03-07,Senate,"Senate Third Reading",30,0,0,0,30
609412,337119,2014-03-07,House,"House Third Reading",58,0,0,2,60
609413,319011,2014-02-11,House,"House Committee Do pass as amended, be printed engrossed, and rescind subsequent referral to Ways and Means",7,0,0,0,7
609413,320453,2014-02-13,House,"House Third Reading",57,0,0,3,60
609413,324409,2014-02-19,Senate,"Senate Committee Do pass the A-Eng bill",4,0,0,0,4
609413,326994,2014-02-24,Senate,"Senate Third Reading",30,0,0,0,30
609414,315539,2014-02-04,Senate,"Senate Committee Do pass",4,0,0,1,5
609414,316411,2014-02-06,Senate,"Senate Third Reading",29,0,0,1,30
609414,323083,2014-02-18,House,"House Committee Do Pass",7,0,0,2,9
609414,324207,2014-02-19,House,"House Third Reading",55,0,0,5,60
609416,318125,2014-02-10,House,"House Committee Do pass with amendments, be printed engrossed and be referred to Ways and Means by prior reference",8,2,0,0,10
609416,332663,2014-03-03,House,"House Committee Do Pass",18,7,0,1,26
609416,333836,2014-03-04,House,"House Third Reading",37,21,0,2,60
609416,336277,2014-03-06,Senate,"Senate Third Reading",16,14,0,0,30
609417,322031,2014-02-17,House,"House Committee Do pass and be referred to Ways and Means by prior reference",8,0,0,1,9
609417,336958,2014-03-06,House,"House Committee Do pass as amended and be printed engrossed",15,11,0,0,26
609418,320439,2014-02-13,House,"House Committee Do pass as amended and be printed engrossed",8,1,0,0,9
609418,322143,2014-02-17,House,"House Third Reading",49,8,0,3,60
609418,328065,2014-02-25,Senate,"Senate Committee Do pass with amendments to the A-Eng bill. (Printed B-Eng.)",5,0,0,0,5
609418,330816,2014-02-27,Senate,"Senate Third Reading",30,0,0,0,30
609418,331842,2014-02-28,House,"House Third Reading in Concurrence",56,3,0,1,60
609419,320501,2014-02-13,Senate,"Senate Committee Do pass with amendments. (Printed A-Eng.)",5,0,0,0,5
609419,321369,2014-02-14,Senate,"Senate Third Reading",30,0,0,0,30
609419,324448,2014-02-19,House,"House Committee Do Pass",8,0,0,1,9
609419,326135,2014-02-21,House,"House Third Reading",56,0,0,4,60
609423,315916,2014-02-05,House,"House Committee Do pass as amended, be printed engrossed, and rescind subsequent referral to Ways and Means",8,1,0,1,10
609423,319001,2014-02-11,House,"House Third Reading",57,3,0,0,60
609423,327226,2014-02-24,Senate,"Senate Committee Do pass the A-Eng bill",5,0,0,0,5
609423,329759,2014-02-26,Senate,"Senate Third Reading",26,3,0,1,30
609424,314900,2014-02-04,House,"House Committee Do Pass",9,0,0,0,9
609424,316737,2014-02-06,House,"House Third Reading",60,0,0,0,60
609424,322064,2014-02-17,Senate,"Senate Committee Do pass",5,0,0,0,5
609424,324267,2014-02-19,Senate,"Senate Third Reading",30,0,0,0,30
609425,316135,2014-02-05,House,"House Committee Do pass as amended and be printed engrossed",9,0,0,0,9
609425,318775,2014-02-11,House,"House Third Reading",60,0,0,0,60
609425,325413,2014-02-20,Senate,"Senate Committee Do pass with amendments. (Printed B-Eng.)",5,0,0,0,5
609425,328769,2014-02-25,Senate,"Senate Third Reading",29,0,0,1,30
609425,329110,2014-02-26,House,House,57,0,0,3,60
609427,319720,2014-02-12,Senate,"Senate Committee Do pass",5,0,0,0,5
609427,321111,2014-02-14,Senate,"Senate Third Reading",30,0,0,0,30
609427,328288,2014-02-25,House,"House Committee Do Pass",7,2,0,0,9
609427,333934,2014-03-04,House,"House Third Reading",55,0,0,5,60
609428,318790,2014-02-11,House,"House Committee Do pass as amended and be printed engrossed",9,0,0,0,9
609428,321191,2014-02-14,House,"House Third Reading",56,0,0,4,60
609428,324124,2014-02-19,Senate,"Senate Committee Do pass",5,0,0,0,5
609428,326523,2014-02-21,Senate,"Senate Third Reading",27,0,0,3,30
609429,318948,2014-02-11,Senate,"Senate Committee Do pass with amendments. (Printed A-Eng.)",6,0,0,0,6
609429,321214,2014-02-14,Senate,"Senate Third Reading",30,0,0,0,30
609429,326054,2014-02-21,House,"House Committee Do Pass",10,1,0,0,11
609429,328079,2014-02-25,House,"House Third Reading",51,9,0,0,60
609430,319441,2014-02-12,House,"House Committee Do pass as amended, be printed engrossed, and bill be referred to Rules",9,0,0,0,9
609430,324236,2014-02-18,House,"House Committee Do pass as amended, be printed engrossed, and bill be referred to Ways and Means",7,2,0,0,9
609430,336886,2014-03-07,House,"House Third Reading",58,0,0,2,60
609430,337419,2014-03-06,House,"House Committee Do pass as amended and be printed engrossed",26,0,0,0,26
609430,337420,2014-03-07,Senate,"Senate Third Reading",29,0,0,1,30
609431,320433,2014-02-12,Senate,"Senate Committee Do pass with amendments. (Printed A-Eng.)",5,0,0,0,5
609431,321315,2014-02-14,Senate,"Senate Third Reading",30,0,0,0,30
609433,331467,2014-02-27,House,"House Withdraw from Committee",28,32,0,0,60
609436,319768,2014-02-12,Senate,"Senate Committee Do pass",5,0,0,0,5
609436,321158,2014-02-14,Senate,"Senate Third Reading",29,0,0,1,30
609436,324064,2014-02-19,House,"House Committee Do Pass",7,0,0,2,9
609436,326467,2014-02-21,House,"House Third Reading",56,0,0,4,60
609437,315973,2014-02-05,House,"House Committee Do pass as amended, be printed engrossed, and rescind subsequent referral to Ways and Means",8,0,0,1,9
609437,318323,2014-02-11,House,"House Third Reading",60,0,0,0,60
609437,323388,2014-02-18,Senate,"Senate Committee Do pass the A-Eng bill",5,0,0,0,5
609437,324989,2014-02-20,Senate,"Senate Third Reading",30,0,0,0,30
609438,314698,2014-02-03,House,"House Committee Do Pass",9,0,0,0,9
609438,316564,2014-02-06,House,"House Third Reading",59,0,0,1,60
609438,328177,2014-02-25,Senate,"Senate Committee Do pass with amendments. (Printed A-Eng.)",5,0,0,0,5
609438,331926,2014-02-28,Senate,"Senate Third Reading",30,0,0,0,30
609438,332711,2014-03-03,House,"House Third Reading in Concurrence",58,0,0,2,60
609439,336532,2014-02-06,Senate,"Senate Withdraw from Committee",30,0,0,0,30
609440,331445,2014-02-27,House,"House Withdraw from Committee",28,32,0,0,60
609441,319369,2014-02-12,House,"House Committee Do pass as amended and be printed engrossed",11,0,0,0,11
609441,320478,2014-02-13,House,"House Third Reading",55,2,0,3,60
609441,326952,2014-02-24,Senate,"Senate Committee Do pass with amendments to the A-Eng bill. (Printed B-Eng.)",3,0,0,2,5
609441,329298,2014-02-26,Senate,"Senate Third Reading",29,0,0,1,30
609441,331839,2014-02-28,House,"House Third Reading in Concurrence",58,1,0,1,60
609442,318462,2014-02-11,Senate,"Senate Committee Do pass with amendments. (Printed A-Eng.)",5,0,0,0,5
609442,322606,2014-02-18,Senate,"Senate Third Reading",29,1,0,0,30
609442,327362,2014-02-24,House,"House Committee Do pass as amended and be printed engrossed",8,0,0,1,9
609442,332254,2014-03-03,House,"House Third Reading",58,0,0,2,60
609442,334359,2014-03-05,Senate,"Senate Third Reading in Concurrence",29,1,0,0,30
609444,317583,2014-02-10,House,"House Committee Do pass and be referred to Ways and Means by prior reference",7,0,0,2,9
609448,320124,2014-02-13,Senate,"Senate Committee Do pass with amendments. Refer to Rules by prior reference (Printed A-Eng)",3,2,0,0,5
609449,314518,2014-02-03,House,"House Committee Do Pass",10,0,0,1,11
609449,316329,2014-02-06,House,"House Third Reading",60,0,0,0,60
609449,322924,2014-02-18,Senate,"Senate Committee Do pass",5,0,0,0,5
609449,325405,2014-02-20,Senate,"Senate Third Reading",30,0,0,0,30
609450,325594,2014-02-20,House,"House Committee Do pass as amended and be printed engrossed",7,0,0,2,9
609450,326628,2014-02-21,House,"House Third Reading",56,1,0,3,60
609450,330234,2014-02-26,Senate,"Senate Committee Do pass",4,0,0,1,5
609450,331801,2014-02-28,Senate,"Senate Third Reading",30,0,0,0,30
609453,320354,2014-02-13,House,"House Committee Do pass as amended and be printed engrossed",7,2,0,0,9
609453,321787,2014-02-17,House,"House Third Reading",53,4,0,3,60
609453,327945,2014-02-25,Senate,"Senate Committee Do pass with amendments to the A-Eng bill. (Printed B-Eng.)",5,0,0,0,5
609453,330746,2014-02-27,Senate,"Senate Third Reading",29,1,0,0,30
609453,332043,2014-02-28,House,"House Third Reading in Concurrence",58,1,0,1,60
609454,318413,2014-02-11,Senate,"Senate Committee Do pass with amendments. Refer to Ways and Means by prior reference (Printed A-Eng)",5,0,0,0,5
609454,332025,2014-02-28,Senate,"Senate Committee Do pass the A-Eng bill",24,0,0,2,26
609454,333239,2014-03-04,Senate,"Senate Third Reading",29,0,0,1,30
609454,334393,2014-03-05,House,"House Third Reading",56,1,0,3,60
609455,320764,2014-02-13,House,"House Committee Do pass as amended, be printed engrossed, and bill be referred to Ways and Means",7,0,0,0,7
609455,332870,2014-03-03,House,"House Committee Do pass as amended and be printed engrossed",25,0,0,1,26
609455,333203,2014-03-04,House,"House Third Reading",57,0,0,3,60
609455,336472,2014-03-06,Senate,"Senate Third Reading",30,0,0,0,30
609457,319028,2014-02-11,House,"House Committee Do pass as amended, be printed engrossed, and bill be referred to Ways and Means",6,2,0,1,9
609460,315667,2014-02-05,Senate,"Senate Committee Be adopted",5,0,0,0,5
609460,321266,2014-02-14,Senate,"Senate Final Reading",30,0,0,0,30
609462,314696,2014-02-03,House,"House Committee Do pass and be referred to Ways and Means by prior reference",7,1,0,1,9
609462,331888,2014-02-28,House,"House Committee Do pass as amended and be printed engrossed",18,7,0,1,26
609462,332666,2014-03-03,House,"House Third Reading",37,21,0,2,60
609462,336256,2014-03-06,Senate,"Senate Third Reading",19,11,0,0,30
609463,319463,2014-02-12,House,"House Committee Do pass with amendments, be printed engrossed and be referred to Ways and Means by prior reference",9,0,0,1,10
609463,332893,2014-03-03,House,"House Committee Do pass as amended and be printed engrossed",25,0,0,1,26
609463,333220,2014-03-04,House,"House Third Reading",58,0,0,2,60
609463,336478,2014-03-06,Senate,"Senate Third Reading",30,0,0,0,30
609464,318744,2014-02-11,Senate,"Senate Committee Do pass with amendments. (Printed A-Eng.)",5,1,0,0,6
609464,321377,2014-02-14,Senate,"Senate Third Reading",29,0,0,1,30
609464,327077,2014-02-24,House,"House Committee Do pass as amended and be printed engrossed",8,2,0,1,11
609464,329561,2014-02-26,House,"House Third Reading",54,4,0,2,60
609464,331821,2014-02-28,Senate,"Senate Third Reading in Concurrence",28,2,0,0,30
609466,320851,2014-02-13,Senate,"Senate Committee Do pass with amendments. (Printed A-Eng.)",5,0,0,0,5
609466,321201,2014-02-14,Senate,"Senate Third Reading",30,0,0,0,30
609466,324339,2014-02-19,House,"House Committee Do Pass",8,0,0,1,9
609466,326127,2014-02-21,House,"House Third Reading",56,0,0,4,60
609468,331448,2014-02-27,House,"House Withdraw from Committee",29,31,0,0,60
609470,315546,2014-02-04,House,"House Committee Do Pass",4,1,0,2,7
609470,318644,2014-02-11,House,"House Third Reading",40,19,0,1,60
609472,318726,2014-02-10,House,"House Committee Do pass with amendments, be printed engrossed and be referred to Ways and Means by prior reference",9,0,0,0,9
609473,320570,2014-02-13,House,"House Committee Do pass as amended and be printed engrossed",8,2,0,0,10
609473,322046,2014-02-17,House,"House Third Reading",52,6,0,2,60
609473,325554,2014-02-20,Senate,"Senate Committee Do pass",5,1,0,0,6
609473,326864,2014-02-24,Senate,"Senate Third Reading",20,9,0,1,30
609474,319530,2014-02-12,Senate,"Senate Committee Do pass with amendments. (Printed A-Eng.)",5,0,0,0,5
609474,321392,2014-02-14,Senate,"Senate Third Reading",29,1,0,0,30
609474,325641,2014-02-20,House,"House Committee Do Pass",9,0,0,0,9
609474,327471,2014-02-24,House,"House Third Reading",56,3,0,1,60
609475,317671,2014-02-10,House,"House Committee Do pass as amended and be printed engrossed",8,0,0,1,9
609475,320109,2014-02-13,House,"House Third Reading",57,0,0,3,60
609475,325153,2014-02-20,Senate,"Senate Committee Do pass with amendments. (Printed B-Eng.)",5,0,0,0,5
609475,328006,2014-02-25,Senate,"Senate Third Reading",29,0,0,1,30
609475,329158,2014-02-26,House,House,55,0,0,5,60
609476,314594,2014-02-03,House,"House Committee Do Pass",7,0,0,3,10
609476,315968,2014-02-05,House,"House Third Reading",60,0,0,0,60
609476,323334,2014-02-18,Senate,"Senate Committee Do pass",6,0,0,0,6
609476,326400,2014-02-21,Senate,"Senate Third Reading",27,0,0,3,30
609477,314948,2014-02-04,Senate,"Senate Committee Do pass with amendments. (Printed A-Eng.)",5,0,0,0,5
609477,316431,2014-02-06,Senate,"Senate Third Reading",29,0,0,1,30
609477,326224,2014-02-21,House,"House Committee Do pass as amended and be printed engrossed",9,0,0,0,9
609477,328421,2014-02-25,House,"House Third Reading",57,2,0,1,60
609477,331122,2014-02-27,Senate,"Senate Third Reading in Concurrence",30,0,0,0,30
609480,318854,2014-02-11,Senate,"Senate Committee Do pass",6,0,0,0,6
609480,321218,2014-02-14,Senate,"Senate Third Reading",30,0,0,0,30
609480,326596,2014-02-21,House,"House Committee Do Pass",10,0,0,1,11
609480,327860,2014-02-25,House,"House Third Reading",60,0,0,0,60
609481,319035,2014-02-11,House,"House Committee Do pass as amended and be printed engrossed",6,2,0,1,9
609481,321393,2014-02-14,House,"House Third Reading",52,4,0,4,60
609481,327847,2014-02-25,Senate,"Senate Committee Do pass with amendments to the A-Eng bill. (Printed B-Eng.)",4,1,0,0,5
609482,318242,2014-02-10,House,"House Committee Do pass as amended, be printed engrossed, and bill be referred to Ways and Means",8,1,0,0,9
609482,335801,2014-03-06,House,"House Third Reading",54,1,0,5,60
609482,336521,2014-03-05,House,"House Committee Do pass as amended and be printed engrossed",24,0,0,2,26
609482,336924,2014-03-07,Senate,"Senate Third Reading",30,0,0,0,30
609483,317020,2014-02-05,House,"House Committee Do pass and be referred to Ways and Means by prior reference",9,0,0,0,9
609485,317930,2014-02-10,House,"House Committee Do pass as amended and be printed engrossed",5,3,0,1,9
609485,321389,2014-02-14,House,"House Third Reading",40,18,0,2,60
609485,326264,2014-02-20,Senate,"Senate Committee Do pass with amendments to the A-Eng bill. (Printed B-Eng.)",5,0,0,0,5
609485,330583,2014-02-27,Senate,"Senate Third Reading",27,3,0,0,30
609485,332037,2014-02-28,House,"House Third Reading in Concurrence",46,13,0,1,60
609486,320736,2014-02-13,House,"House Committee Do pass as amended and be printed engrossed",9,0,0,0,9
609486,321832,2014-02-17,House,"House Third Reading",40,18,0,2,60
609486,331442,2014-02-27,Senate,"Senate Committee Do pass with amendments to the A-Eng bill. (Printed B-Eng.)",5,0,0,0,5
609486,333291,2014-03-04,Senate,"Senate Third Reading",25,5,0,0,30
609486,334449,2014-03-05,House,"House Third Reading in Concurrence",41,16,0,3,60
609489,315130,2014-02-04,House,"House Committee Do pass as amended and be printed engrossed",10,0,0,0,10
609489,318822,2014-02-11,House,"House Third Reading",58,0,0,2,60
609489,325520,2014-02-20,Senate,"Senate Committee Do pass the A-Eng bill",4,0,0,1,5
609489,327534,2014-02-24,Senate,"Senate Third Reading",30,0,0,0,30
609490,320321,2014-02-13,Senate,"Senate Committee Do pass with amendments. (Printed A-Eng.)",5,0,0,0,5
609490,323352,2014-02-18,Senate,"Senate Third Reading",28,2,0,0,30
609490,328265,2014-02-25,House,"House Committee Do Pass",8,0,0,1,9
609490,332844,2014-03-03,House,"House Third Reading",52,6,0,2,60
609491,320821,2014-02-13,House,"House Committee Do pass as amended and be printed engrossed",9,0,0,0,9
609491,321452,2014-02-14,House,"House Third Reading",52,0,0,8,60
609491,326837,2014-02-24,Senate,"Senate Committee Do pass with amendments to the A-Eng bill. (Printed B-Eng.)",3,0,0,2,5
609491,329149,2014-02-26,Senate,"Senate Third Reading",24,5,0,1,30
609491,331730,2014-02-28,House,"House Third Reading in Concurrence",58,1,0,1,60
609493,323924,2014-02-19,Senate,"Senate Committee Do pass",5,0,0,0,5
609493,326368,2014-02-21,Senate,"Senate Third Reading",20,9,0,1,30
609493,329891,2014-02-26,House,"House Committee Do Pass",7,1,0,1,9
609493,332766,2014-03-03,House,"House Third Reading",41,17,0,2,60
609494,321931,2014-02-17,Senate,"Senate Committee Do pass with amendments. (Printed A-Eng.)",5,0,0,0,5
609494,326439,2014-02-21,Senate,"Senate Third Reading",27,0,0,3,30
609494,328669,2014-02-25,House,"House Committee Do pass as amended and be printed engrossed",9,0,0,0,9
609494,334997,2014-03-05,House,"House Committee Do pass as amended and be printed engrossed",5,0,0,4,9
609494,335710,2014-03-06,House,"House Third Reading",55,0,0,5,60
609494,336846,2014-03-07,Senate,"Senate Third Reading in Concurrence",30,0,0,0,30
609495,322961,2014-02-18,House,"House Committee Do pass as amended and be printed engrossed",6,0,0,3,9
609495,325061,2014-02-20,House,"House Third Reading",57,0,0,3,60
609495,334014,2014-03-04,Senate,"Senate Committee Do pass with amendments. (Printed B-Eng.)",4,0,0,1,5
609495,335264,2014-03-05,Senate,"Senate Third Reading",30,0,0,0,30
609495,335655,2014-03-06,House,"House Third Reading in Concurrence",55,0,0,5,60
609496,319752,2014-02-12,House,"House Committee Do pass as amended and be printed engrossed",5,4,0,0,9
609496,321142,2014-02-14,House,"House Third Reading",36,22,0,2,60
609497,315754,2014-02-05,House,"House Committee Do Pass",9,0,0,0,9
609497,318542,2014-02-11,House,"House Third Reading",60,0,0,0,60
609497,322251,2014-02-17,Senate,"Senate Committee Do pass",5,0,0,0,5
609497,325200,2014-02-20,Senate,"Senate Third Reading",30,0,0,0,30
609498,318923,2014-02-11,House,"House Committee Do pass with amendments, be printed engrossed and be referred to Ways and Means by prior reference",9,0,0,0,9
609498,332103,2014-02-28,House,"House Committee Do pass as amended and be printed engrossed",23,2,0,1,26
609498,332563,2014-03-03,House,"House Third Reading",48,10,0,2,60
609498,336154,2014-03-06,Senate,"Senate Third Reading",28,2,0,0,30
609499,323757,2014-02-19,Senate,"Senate Committee Do pass",5,0,0,0,5
609499,326214,2014-02-21,Senate,"Senate Third Reading",27,0,0,3,30
609499,329118,2014-02-26,House,"House Committee Do Pass",8,0,0,1,9
609499,332415,2014-03-03,House,"House Third Reading",40,17,0,3,60
609501,320775,2014-02-13,House,"House Committee Do pass as amended and be printed engrossed",7,0,0,0,7
609501,321484,2014-02-14,House,"House Third Reading",51,0,0,9,60
609501,328575,2014-02-25,Senate,"Senate Committee Do pass the A-Eng bill",5,0,0,0,5
609501,330553,2014-02-27,Senate,"Senate Third Reading",28,2,0,0,30
609503,320552,2014-02-13,Senate,"Senate Committee Do pass with amendments. (Printed A-Eng.)",5,0,0,0,5
609503,321398,2014-02-14,Senate,"Senate Third Reading",29,0,0,1,30
609503,324468,2014-02-19,House,"House Committee Do Pass",8,0,0,1,9
609503,326198,2014-02-21,House,"House Third Reading",55,0,0,5,60
609504,315528,2014-02-05,Senate,"Senate Committee Be adopted",5,0,0,0,5
609504,322693,2014-02-18,Senate,"Senate Final Reading",30,0,0,0,30
609504,327376,2014-02-24,House,"House Committee Be Adopted",9,0,0,0,9
609504,332062,2014-02-28,House,"House Read and Adopted",58,0,0,2,60
609505,320667,2014-02-13,Senate,"Senate Committee Do pass with amendments and requesting subsequent referral to Finance and Revenue be rescinded. (Printed A-Eng.)",5,0,0,0,5
609505,323375,2014-02-18,Senate,"Senate Third Reading",29,1,0,0,30
609505,326631,2014-02-21,House,"House Committee Do pass as amended, be printed engrossed, and bill be referred to Rules",6,1,0,3,10
609508,319667,2014-02-12,House,"House Committee Do pass with amendments, be printed engrossed and be referred to Ways and Means by prior reference",9,0,0,0,9
609508,332911,2014-03-03,House,"House Committee Do pass as amended and be printed engrossed",26,0,0,0,26
609508,333248,2014-03-04,House,"House Third Reading",55,3,0,2,60
609508,336389,2014-03-06,Senate,"Senate Third Reading",30,0,0,0,30
609510,316033,2014-02-05,House,"House Committee Do pass as amended and be printed engrossed",9,0,0,1,10
609510,318732,2014-02-11,House,"House Third Reading",60,0,0,0,60
609510,321743,2014-02-17,Senate,"Senate Committee Do pass",3,2,0,0,5
609510,330773,2014-02-27,Senate,"Senate Committee Do pass with amendments to the A-Eng bill. (Printed B-Eng.)",5,0,0,0,5
609510,333745,2014-03-04,Senate,"Senate Third Reading",30,0,0,0,30
609510,334907,2014-03-05,House,"House Third Reading in Concurrence",57,0,0,3,60
609513,319502,2014-02-12,House,"House Committee Do pass as amended and be printed engrossed",11,0,0,0,11
609513,320641,2014-02-13,House,"House Third Reading",55,2,0,3,60
609513,324298,2014-02-19,Senate,"Senate Committee Do pass the A-Eng bill",5,0,0,0,5
609513,327223,2014-02-24,Senate,"Senate Third Reading",30,0,0,0,30
609514,320137,2014-02-12,Senate,"Senate Committee Do pass with amendments. Refer to Ways and Means by prior reference (Printed A-Eng)",4,1,0,0,5
609516,316049,2014-02-05,House,"House Committee Do Pass",8,0,0,1,9
609516,318585,2014-02-11,House,"House Third Reading",59,0,0,1,60
609516,322710,2014-02-18,Senate,"Senate Committee Do pass",5,0,0,0,5
609516,325277,2014-02-20,Senate,"Senate Third Reading",28,0,0,2,30
609518,316758,2014-02-06,Senate,"Senate Committee Do pass with amendments and requesting subsequent referral to Ways and Means be rescinded. (Printed A-Eng.)",5,0,0,0,5
609518,321208,2014-02-14,Senate,"Senate Third Reading",29,1,0,0,30
609518,328051,2014-02-25,House,"House Committee Do pass as amended and be printed engrossed",8,1,0,0,9
609518,332778,2014-03-03,House,"House Third Reading",43,15,0,2,60
609518,334288,2014-03-05,Senate,"Senate Third Reading in Concurrence",16,14,0,0,30
609519,319904,2014-02-12,House,"House Committee Do pass as amended and be printed engrossed",9,0,0,1,10
609519,321225,2014-02-14,House,"House Third Reading",57,0,0,3,60
609519,324392,2014-02-19,Senate,"Senate Committee Do pass the A-Eng bill",5,0,0,0,5
609519,326991,2014-02-24,Senate,"Senate Third Reading",29,0,0,1,30
609520,320694,2014-02-13,House,"House Committee Do pass as amended and be printed engrossed",8,1,0,0,9
609520,321709,2014-02-17,House,"House Third Reading",57,0,0,3,60
609520,327803,2014-02-25,Senate,"Senate Committee Do pass with amendments to the A-Eng bill. (Printed B-Eng.)",5,0,0,0,5
609520,330622,2014-02-27,Senate,"Senate Third Reading",30,0,0,0,30
609520,331700,2014-02-28,House,"House Third Reading in Concurrence",59,0,0,1,60
609525,314632,2014-02-03,House,"House Committee Be Adopted",9,0,0,0,9
609525,320441,2014-02-13,House,"House Read and Adopted",56,0,0,4,60
609525,328137,2014-02-25,Senate,"Senate Committee Be adopted",4,0,0,1,5
609525,331937,2014-02-28,Senate,"Senate Final Reading",30,0,0,0,30
609526,317906,2014-02-10,House,"House Committee Do Pass",8,0,0,1,9
609526,320315,2014-02-13,House,"House Third Reading",57,0,0,3,60
609526,323058,2014-02-18,Senate,"Senate Committee Do pass",4,0,0,1,5
609526,325546,2014-02-20,Senate,"Senate Third Reading",29,0,0,1,30
609527,331490,2014-02-27,House,"House Withdraw from Committee",30,30,0,0,60
609530,319012,2014-02-11,House,"House Committee Do Pass",7,0,0,0,7
609530,320462,2014-02-13,House,"House Third Reading",57,0,0,3,60
609530,324427,2014-02-19,Senate,"Senate Committee Do pass",4,0,0,0,4
609530,327023,2014-02-24,Senate,"Senate Third Reading",29,0,0,1,30
609531,318607,2014-02-11,House,"House Committee Be adopted as amended and be printed engrossed",9,0,0,1,10
609531,320732,2014-02-13,House,"House Read and Adopted",55,2,0,3,60
609531,324175,2014-02-19,Senate,"Senate Committee Do adopt the A-Eng bill",5,0,0,0,5
609531,327483,2014-02-24,Senate,"Senate Final Reading",30,0,0,0,30
609532,320216,2014-02-13,House,"House Committee Do pass with amendments, be printed engrossed and be referred to Ways and Means by prior reference",6,0,0,1,7
609532,332876,2014-03-03,House,"House Committee Do pass as amended and be printed engrossed",25,0,0,1,26
609532,333208,2014-03-04,House,"House Third Reading",56,2,0,2,60
609532,336473,2014-03-06,Senate,"Senate Third Reading",26,4,0,0,30
609534,320416,2014-02-12,Senate,"Senate Committee Do pass",3,0,0,2,5
609534,321243,2014-02-14,Senate,Senate,14,16,0,0,30
609534,323845,2014-02-19,House,"House Committee Do Pass",9,1,0,1,11
609534,326185,2014-02-21,House,"House Third Reading",54,3,0,3,60
609535,319526,2014-02-12,House,"House Committee Do pass as amended, be printed engrossed, and bill be referred to Rules",9,0,0,0,9
609535,331353,2014-02-27,House,House,28,32,0,0,60
609536,320425,2014-02-13,House,"House Committee Do pass as amended, be printed engrossed, and rescind subsequent referral to Ways and Means",5,1,0,1,7
609536,321913,2014-02-17,House,"House Third Reading",49,8,0,3,60
609536,325291,2014-02-20,Senate,"Senate Committee Do pass with amendments to the A-Eng bill. (Printed B-Eng.) Return to Presidents' desk for referral",4,0,0,0,4
609536,336186,2014-03-05,Senate,"Senate Committee Do pass with amendments to the B-Eng bill. (Printed C-Eng.)",23,1,0,2,26
609536,337278,2014-03-07,Senate,"Senate Third Reading",30,0,0,0,30
609536,337279,2014-03-07,House,"House Third Reading in Concurrence",58,0,0,2,60
609538,317675,2014-02-10,House,"House Committee Do pass as amended and be printed engrossed",9,0,0,0,9
609538,320377,2014-02-13,House,"House Third Reading",57,0,0,3,60
609538,323099,2014-02-18,Senate,"Senate Committee Do pass the A-Eng bill",5,0,0,0,5
609538,325614,2014-02-20,Senate,"Senate Third Reading",30,0,0,0,30
609539,320622,2014-02-13,Senate,"Senate Committee Without recommendation as to passage, be referred to Rules by prior reference",5,0,0,0,5
609540,318570,2014-02-10,House,"House Committee Do pass with amendments, be printed engrossed and be referred to Ways and Means by prior reference",10,0,0,0,10
609540,332016,2014-02-28,House,"House Committee Do Pass",25,0,0,1,26
609540,332867,2014-03-03,House,"House Third Reading",58,0,0,2,60
609540,336492,2014-03-06,Senate,"Senate Third Reading",30,0,0,0,30
609541,315371,2014-02-04,Senate,"Senate Committee Do pass",5,0,0,1,6
609541,317933,2014-02-10,Senate,"Senate Third Reading",25,0,0,5,30
609541,324737,2014-02-19,House,"House Committee Do Pass",8,0,0,2,10
609541,326924,2014-02-24,House,"House Third Reading",59,0,0,1,60
609542,315530,2014-02-04,Senate,"Senate Committee Do pass and refer to Ways and Means by prior reference",4,0,0,1,5
609542,331907,2014-02-28,Senate,"Senate Committee Do pass with amendments. (Printed A-Eng.)",24,1,0,1,26
609542,334507,2014-03-05,Senate,"Senate Third Reading",30,0,0,0,30
609542,336385,2014-03-06,House,"House Third Reading",55,0,0,5,60
609543,316634,2014-02-06,House,"House Committee Do pass as amended and be printed engrossed",9,0,0,1,10
609543,318251,2014-02-11,House,"House Third Reading",60,0,0,0,60
609543,328666,2014-02-25,Senate,"Senate Committee Do pass the A-Eng bill",6,0,0,0,6
609543,332066,2014-02-28,Senate,"Senate Third Reading",29,0,0,1,30
609544,319401,2014-02-12,House,"House Committee Do Pass",11,0,0,0,11
609544,320525,2014-02-13,House,"House Third Reading",56,1,0,3,60
609545,317142,2014-02-06,House,"House Committee Do pass as amended, be printed engrossed, and bill be referred to Ways and Means",6,0,0,3,9
609546,320126,2014-02-13,Senate,"Senate Committee Do pass with amendments. (Printed A-Eng.)",5,0,0,0,5
609546,322554,2014-02-18,Senate,"Senate Third Reading",30,0,0,0,30
609546,327160,2014-02-24,House,"House Committee Do pass as amended and be printed engrossed",8,0,0,1,9
609546,333877,2014-03-04,House,"House Committee Do pass",5,2,0,2,9
609546,334380,2014-03-05,House,"House Third Reading",51,6,0,3,60
609546,334618,2014-03-05,House,House,51,6,0,3,60
609546,336808,2014-03-07,Senate,"Senate Third Reading in Concurrence",28,2,0,0,30
609547,318941,2014-02-11,Senate,"Senate Committee Do pass with amendments. Refer to Ways and Means by prior reference (Printed A-Eng)",4,1,0,0,5
609549,331232,2014-02-27,House,House,27,33,0,0,60
609550,318108,2014-02-10,Senate,"Senate Committee Do pass with amendments. (Printed A-Eng.)",5,0,0,0,5
609550,320709,2014-02-13,Senate,"Senate Third Reading",30,0,0,0,30
609550,324176,2014-02-19,House,"House Committee Do Pass",8,0,0,1,9
609550,326420,2014-02-21,House,"House Third Reading",56,0,0,4,60
609551,320591,2014-02-13,Senate,"Senate Committee Without recommendation as to passage, be returned to President's desk for referral to another committee",5,0,0,0,5
609552,317033,2014-02-06,House,"House Committee Do pass and be referred to Ways and Means by prior reference",6,0,0,3,9
609552,332019,2014-02-28,House,"House Committee Do pass as amended and be printed engrossed",21,4,0,1,26
609552,333236,2014-03-04,House,"House Third Reading",43,15,0,2,60
609552,336447,2014-03-06,Senate,"Senate Third Reading",28,1,0,1,30
609554,331028,2014-02-27,House,House,27,33,0,0,60
609555,315463,2014-02-04,Senate,"Senate Committee Do pass with amendments. (Printed A-Eng.)",6,0,0,0,6
609555,319687,2014-02-12,Senate,"Senate Third Reading",29,0,0,1,30
609555,326605,2014-02-21,House,"House Committee Do Pass",9,2,0,0,11
609555,328344,2014-02-25,House,"House Third Reading",51,9,0,0,60
609556,316111,2014-02-05,House,"House Committee Do pass as amended and be printed engrossed",7,2,0,1,10
609556,318814,2014-02-11,House,"House Third Reading",44,16,0,0,60
609557,320717,2014-02-13,House,"House Committee Do pass as amended, be printed engrossed, and bill be referred to Ways and Means",6,4,0,0,10
609558,319059,2014-02-11,House,"House Committee Do Pass",8,0,0,1,9
609558,321412,2014-02-14,House,"House Third Reading",58,0,0,2,60
609558,324856,2014-02-20,Senate,"Senate Committee Do pass",4,0,0,1,5
609558,327012,2014-02-24,Senate,"Senate Third Reading",30,0,0,0,30
609559,319083,2014-02-11,Senate,"Senate Committee Do pass with amendments. Refer to Ways and Means by prior reference (Printed A-Eng)",5,0,0,0,5
609559,332028,2014-02-28,Senate,"Senate Committee Do pass with amendments to the A-Eng bill. (Printed B-Eng.)",25,0,0,1,26
609559,333214,2014-03-04,Senate,"Senate Third Reading",30,0,0,0,30
609559,334390,2014-03-05,House,"House Third Reading",56,0,0,4,60
609561,315430,2014-02-04,House,"House Committee Do pass and be referred to Ways and Means by prior reference",7,0,0,0,7
609561,331909,2014-02-28,House,"House Committee Do pass as amended and be printed engrossed",23,2,0,1,26
609561,332677,2014-03-03,House,"House Third Reading",48,10,0,2,60
609561,335923,2014-03-06,Senate,"Senate Third Reading",30,0,0,0,30
609564,316012,2014-02-05,House,"House Committee Do Pass",11,0,0,0,11
609564,318648,2014-02-11,House,"House Third Reading",57,0,0,3,60
609564,325703,2014-02-20,Senate,"Senate Committee Do pass",6,0,0,0,6
609564,327056,2014-02-24,Senate,"Senate Third Reading",30,0,0,0,30
609565,314931,2014-02-04,House,"House Committee Do Pass",9,0,0,0,9
609565,316773,2014-02-06,House,"House Third Reading",60,0,0,0,60
609565,328602,2014-02-25,Senate,"Senate Committee Do pass with amendments. (Printed A-Eng.)",6,0,0,0,6
609565,332051,2014-02-28,Senate,"Senate Third Reading",30,0,0,0,30
609565,332251,2014-03-03,House,"House Third Reading in Concurrence",58,0,0,2,60
609567,315499,2014-02-05,Senate,"Senate Committee Be adopted",5,0,0,0,5
609567,316338,2014-02-06,Senate,Senate,29,0,0,1,30
609567,327342,2014-02-24,House,"House Committee Be Adopted",9,0,0,0,9
609567,331968,2014-02-28,House,"House Read and Adopted",58,0,0,2,60
610853,319864,2014-02-12,Senate,"Senate Committee Do pass with amendments. (Printed A-Eng.)",5,0,0,0,5
610853,321222,2014-02-14,Senate,"Senate Third Reading",29,0,0,1,30
610853,322985,2014-02-18,House,"House Committee Do Pass",8,0,0,1,9
610853,324160,2014-02-19,House,"House Third Reading",52,2,0,6,60
610874,318132,2014-02-10,Senate,"Senate Committee Do pass with amendments. Refer to Ways and Means then Ways and Means by prior reference. (Printed A-Eng)",5,0,0,0,5
610874,332979,2014-03-03,Senate,"Senate Committee Do pass with amendments to the A-Eng bill. (Printed B-Eng.)",17,9,0,0,26
610874,335240,2014-03-05,Senate,"Senate Third Reading",24,6,0,0,30
610874,336824,2014-03-07,House,"House Third Reading",35,23,0,2,60
610891,327841,2014-02-25,Senate,"Senate Committee Be adopted with amendments. (Printed A-Eng.)",5,0,0,0,5
610891,332072,2014-02-28,Senate,"Senate Final Reading",30,0,0,0,30
616641,324032,2014-02-19,House,"House Committee Do Pass",9,0,0,0,9
616641,326444,2014-02-21,House,"House Third Reading",57,0,0,3,60
616641,331063,2014-02-27,Senate,"Senate Committee Do pass",5,0,0,0,5
616641,332460,2014-03-03,Senate,"Senate Third Reading",28,0,0,2,30
621292,324594,2014-02-19,House,"House Committee Do pass as amended and be printed engrossed",9,0,0,0,9
621292,327379,2014-02-24,House,"House Third Reading",58,0,0,2,60
621292,332263,2014-03-03,Senate,"Senate Committee Do pass the A-Eng bill",4,0,0,1,5
621292,334509,2014-03-05,Senate,"Senate Third Reading",30,0,0,0,30
621483,336910,2014-03-07,Senate,"Senate Third Reading",27,3,0,0,30
621483,337424,2014-03-06,Senate,"Senate Committee Do pass with amendments. (Printed A-Eng.)",26,0,0,0,26
621483,337425,2014-03-07,House,"House Third Reading",56,2,0,2,60
621488,337304,2014-03-06,House,"House Committee Do pass as amended and be printed engrossed",21,5,0,0,26
621488,337305,2014-03-07,House,"House Third Reading",46,12,0,2,60
621488,337306,2014-03-07,Senate,"Senate Third Reading",29,0,0,1,30
621494,337137,2014-03-06,Senate,"Senate Committee Do pass with amendments. (Printed A-Eng.)",26,0,0,0,26
621494,337138,2014-03-07,Senate,"Senate Third Reading",30,0,0,0,30
621494,337139,2014-03-07,House,"House Third Reading",57,1,0,2,60
621500,336856,2014-03-07,Senate,"Senate Third Reading",28,2,0,0,30
621500,337414,2014-03-06,Senate,"Senate Committee Do pass with amendments. (Printed A-Eng.)",25,1,0,0,26
621500,337415,2014-03-07,House,"House Third Reading",55,3,0,2,60
621504,337323,2014-03-06,House,"House Committee Do pass as amended and be printed engrossed",26,0,0,0,26
621504,337324,2014-03-07,House,"House Third Reading",47,11,0,2,60
621504,337325,2014-03-07,Senate,"Senate Third Reading",28,1,0,1,30
621689,336878,2014-03-07,House,"House Third Reading",35,23,0,2,60
621689,337417,2014-03-06,House,"House Committee Do Pass",20,6,0,0,26
621689,337418,2014-03-07,Senate,"Senate Third Reading",19,10,0,1,30
626810,329040,2014-02-26,House,"House Committee Be Adopted",8,0,0,1,9
626810,332065,2014-02-28,House,"House Read and Adopted",58,0,0,2,60
626810,332336,2014-03-03,Senate,"Senate Committee Be adopted",3,0,0,2,5
626810,335903,2014-03-06,Senate,"Senate Final Reading",29,0,0,1,30
630634,332215,2014-03-03,Senate,"Senate Committee Be adopted",3,0,0,2,5
630634,333499,2014-03-04,Senate,"Senate Final Reading",29,0,0,1,30
630634,333500,2014-03-04,House,"House Committee Be Adopted",9,0,0,0,9
630634,334669,2014-03-05,House,"House Read and Adopted",55,2,0,3,60
632796,337348,2014-03-07,House,"House Committee Be Adopted",9,0,0,0,9
632796,337349,2014-03-07,House,"House Read and Adopted",58,0,0,2,60
