bill_id,session_id,bill_number,status,status_desc,status_date,title,description,committee_id,committee,last_action_date,last_action,url,state_link
1384048,1789,HB1001,4,Passed,2020-12-07,"Grants To Improve Internet Access In P-12 Education","Concerning support for expanding broadband access for preschool through twelfth grade education, and, in connection therewith, creating the connecting Colorado students grant program and making an appropriation.",0,,2020-12-07,"Governor Signed",https://legiscan.com/CO/bill/HB1001/2020/X1,https://leg.colorado.gov/bills/hb20b-1001
1384060,1789,HB1002,4,Passed,2020-12-07,"Emergency Relief Programs For Child Care Sector","Concerning the creation of COVID-19 emergency relief grant programs for the child care sector, and, in connection therewith, making an appropriation.",0,,2020-12-07,"Governor Signed",https://legiscan.com/CO/bill/HB1002/2020/X1,https://leg.colorado.gov/bills/hb20b-1002
1384039,1789,HB1003,4,Passed,2020-12-07,"Food Pantry Assistance Grant Program","Concerning changes to the food pantry assistance grant program, and, in connection therewith, making an appropriation.",0,,2020-12-07,"Governor Signed",https://legiscan.com/CO/bill/HB1003/2020/X1,https://leg.colorado.gov/bills/hb20b-1003
1384040,1789,HB1004,4,Passed,2020-12-07,"Qualified Retailer Retain Sales Tax For Assistance","Concerning a temporary deduction from state net taxable sales for certain retailers in the state in order to allow such retailers to retain the resulting sales tax collected as assistance for lost revenue as a result of the economic disruptions due to the presence of coronavirus disease 2019 (COVID-19) in Colorado.",0,,2020-12-07,"Governor Signed",https://legiscan.com/CO/bill/HB1004/2020/X1,https://leg.colorado.gov/bills/hb20b-1004
1384035,1789,HB1005,4,Passed,2020-12-07,"Local Authority To Impose Food Delivery Fee Restrictions","Concerning authorization for local governments to enact restrictions relating to fees charged by a third-party food delivery service to a retail food establishment.",0,,2020-12-07,"Governor Signed",https://legiscan.com/CO/bill/HB1005/2020/X1,https://leg.colorado.gov/bills/hb20b-1005
1384063,1789,HB1006,4,Passed,2020-12-07,"Insurance Premium Tax Payments And Credits","Concerning modifications to the insurance premium tax, and, in connection therewith, modifying how credits against premium tax payments may be claimed or transferred, adjusting how estimated quarterly taxes are calculated, and allowing a company to claim a refund for overpayments of estimated premium tax liability.",0,,2020-12-07,"Governor Signed",https://legiscan.com/CO/bill/HB1006/2020/X1,https://leg.colorado.gov/bills/hb20b-1006
1384059,1789,HB1007,6,Failed,2020-12-01,"Recreate Occupational Therapy Practice Act","Concerning the recreation, with amendments, of the &quot;Occupational Therapy Practice Act&quot;, and, in connection therewith, reestablishing the licensing functions of the director of the division of professions and occupations in the department of regulatory agencies regarding occupational therapists and occupational therapy assistants.",0,,2020-12-01,"Senate Committee on Finance Postpone Indefinitely",https://legiscan.com/CO/bill/HB1007/2020/X1,https://leg.colorado.gov/bills/hb20b-1007
1384033,1789,HB1008,6,Failed,2020-11-30,"School District Contract Physician For Pandemic","Concerning providing funding to local education providers to contract for the services of a physician during the pendency of the COVID-19 pandemic in the state.",0,,2020-11-30,"House Committee on Public Health Care & Human Services Postpone Indefinitely",https://legiscan.com/CO/bill/HB1008/2020/X1,https://leg.colorado.gov/bills/hb20b-1008
1384045,1789,HB1009,6,Failed,2020-11-30,"Prohibit Reduction Of School Funding Fiscal Year 2020-21","Concerning prohibiting the reduction of the state appropriation for the statutory total program funding amount calculated during the 2020 regular legislative session.",0,,2020-11-30,"House Committee on State, Veterans, & Military Affairs Postpone Indefinitely",https://legiscan.com/CO/bill/HB1009/2020/X1,https://leg.colorado.gov/bills/hb20b-1009
1384037,1789,HB1010,6,Failed,2020-11-30,"Nonessential Small Business Grant Program","Concerning the creation of a grant program to help nonessential small businesses remain solvent during times of economic hardship created by the COVID-19 pandemic, and, in connection therewith, making an appropriation.",0,,2020-11-30,"House Committee on Finance Postpone Indefinitely",https://legiscan.com/CO/bill/HB1010/2020/X1,https://leg.colorado.gov/bills/hb20b-1010
1384061,1789,HB1011,6,Failed,2020-11-30,"Disaster Emergency Duration Limits","Concerning the means by which a state of disaster emergency declared by the governor in response to a health-related situation may be extended beyond thirty days, and, in connection therewith, prohibiting the governor from renewing and authorizing the general assembly to extend the state of disaster emergency.",0,,2020-11-30,"House Committee on Public Health Care & Human Services Postpone Indefinitely",https://legiscan.com/CO/bill/HB1011/2020/X1,https://leg.colorado.gov/bills/hb20b-1011
1384053,1789,HB1012,6,Failed,2020-11-30,"Implementation Of 2020 Legislation","Concerning the implementation of legislation enacted in the second regular session of the seventy-second general assembly.",0,,2020-11-30,"House Committee on Finance Postpone Indefinitely",https://legiscan.com/CO/bill/HB1012/2020/X1,https://leg.colorado.gov/bills/hb20b-1012
1384057,1789,HB1013,6,Failed,2020-11-30,"Emergency Powers Checks And Balances Act","Concerning limitations on emergency orders that bind or regulate the public.",0,,2020-11-30,"House Committee on Public Health Care & Human Services Postpone Indefinitely",https://legiscan.com/CO/bill/HB1013/2020/X1,https://leg.colorado.gov/bills/hb20b-1013
1384051,1789,HB1014,6,Failed,2020-11-30,"Tax Credits For Costs Of COVID-19 School Closures","Concerning income tax credits for a taxpayer who experienced certain financial impacts as a result of the suspension of in-person learning for the taxpayer&#039;s child due to the COVID-19 pandemic.",0,,2020-11-30,"House Committee on State, Veterans, & Military Affairs Postpone Indefinitely",https://legiscan.com/CO/bill/HB1014/2020/X1,https://leg.colorado.gov/bills/hb20b-1014
1384032,1789,HB1015,6,Failed,2020-11-30,"Small Business Paycheck Protection Loan Program","Concerning the creation of a small business paycheck protection loan program.",0,,2020-11-30,"House Committee on Finance Postpone Indefinitely",https://legiscan.com/CO/bill/HB1015/2020/X1,https://leg.colorado.gov/bills/hb20b-1015
1384038,1789,HB1016,6,Failed,2020-11-30,"Tax Credits For Costs Of COVID-19 School Closures","Concerning income tax credits for a taxpayer who experienced certain financial impacts as a result of the suspension of in-person learning for the taxpayer&#039;s child due to the COVID-19 pandemic.",0,,2020-11-30,"House Committee on State, Veterans, & Military Affairs Postpone Indefinitely",https://legiscan.com/CO/bill/HB1016/2020/X1,https://leg.colorado.gov/bills/hb20b-1016
1384055,1789,HB1017,6,Failed,2020-11-30,"Tax Credit Unpaid Rental Payments","Concerning income tax credits for lost rental payments due to the COVID-19 pandemic.",0,,2020-11-30,"House Committee on Public Health Care & Human Services Postpone Indefinitely",https://legiscan.com/CO/bill/HB1017/2020/X1,https://leg.colorado.gov/bills/hb20b-1017
1384043,1789,HB1018,6,Failed,2020-11-30,"Tax Credits For Costs Of COVID-19 School Closures","Concerning income tax credits for a taxpayer who experienced certain financial impacts as a result of the suspension of in-person learning for the taxpayer&#039;s child due to the COVID-19 pandemic.",0,,2020-11-30,"House Committee on State, Veterans, & Military Affairs Postpone Indefinitely",https://legiscan.com/CO/bill/HB1018/2020/X1,https://leg.colorado.gov/bills/hb20b-1018
1384052,1789,HB1019,6,Failed,2020-11-30,"Modify Certain Tax Expenditures In HB 20-1420","Concerning the modifications of certain tax expenditures included in House Bill 20-1420, enacted at the Second Regular Session of the Seventy-second General Assembly.",0,,2020-11-30,"House Committee on Finance Postpone Indefinitely",https://legiscan.com/CO/bill/HB1019/2020/X1,https://leg.colorado.gov/bills/hb20b-1019
1384047,1789,HB1020,1,Introduced,2020-11-30,"Tips And Gratuities Tax Deduction","Concerning the deduction of tips received by a taxpayer from the taxpayer&#039;s federal taxable income when calculating Colorado taxable income.",909,"House State, Veterans, and Military Affairs",2020-11-30,"Introduced In House - Assigned to State, Veterans, & Military Affairs",https://legiscan.com/CO/bill/HB1020/2020/X1,https://leg.colorado.gov/bills/hb20b-1020
1384054,1789,HB1021,6,Failed,2020-11-30,"Repeal Certain Portions of House Bill 20-1420","Concerning the repeal of certain portions of House Bill 20-1420, enacted at the Second Regular Session of the Seventy-second General Assembly.",0,,2020-11-30,"House Committee on Finance Postpone Indefinitely",https://legiscan.com/CO/bill/HB1021/2020/X1,https://leg.colorado.gov/bills/hb20b-1021
1384031,1789,HB1022,6,Failed,2020-11-30,"Tax Credits For Costs Of COVID-19 School Closures","Concerning income tax credits for a taxpayer who experienced certain financial impacts as a result of the suspension of in-person learning for the taxpayer&#039;s child due to the COVID-19 pandemic.",0,,2020-11-30,"House Committee on State, Veterans, & Military Affairs Postpone Indefinitely",https://legiscan.com/CO/bill/HB1022/2020/X1,https://leg.colorado.gov/bills/hb20b-1022
1384036,1789,HR1001,1,Introduced,2020-11-30,"House Rule Change Committee Remote Public Testimony","Concerning a change to the rules of the House of Representatives to authorize the Speaker of the House of Representatives to promulgate regulations to allow remote testimony by the public during the proceedings of House committees of reference while there is a declared public health disaster emergency.",0,,2020-11-30,"House Third Reading Passed with Amendments - Floor",https://legiscan.com/CO/bill/HR1001/2020/X1,https://leg.colorado.gov/bills/hr20b-1001
1384343,1789,HJR1001,2,Engrossed,2020-12-02,"Adjournment Sine Die","Concerning adjournment sine die of the First Extraordinary Session of the Seventy-second General Assembly.",0,,2020-12-02,"Senate Third Reading Passed - No Amendments",https://legiscan.com/CO/bill/HJR1001/2020/X1,https://leg.colorado.gov/bills/hjr20b-1001
1384041,1789,SB001,4,Passed,2020-12-07,"COVID-19 Relief Small And Minority Businesses Arts Organizations","Concerning support for entities impacted by severe capacity restrictions due to the COVID-19 pandemic, and, in connection therewith, making an appropriation.",0,,2020-12-07,"Governor Signed",https://legiscan.com/CO/bill/SB001/2020/X1,https://leg.colorado.gov/bills/sb20b-001
1384058,1789,SB002,4,Passed,2020-12-07,"Housing And Direct COVID Emergency Assistance","Concerning temporary assistance for individuals who are facing a financial hardship due to the COVID-19 pandemic, and, in connection therewith, creating the emergency direct assistance grant program; and transferring money to the emergency direct assistance grant program fund, and to the housing development grant fund, and to the eviction legal defense fund for this assistance; and making an appropriation.",0,,2020-12-07,"Governor Signed",https://legiscan.com/CO/bill/SB002/2020/X1,https://leg.colorado.gov/bills/sb20b-002
1384064,1789,SB003,4,Passed,2020-12-07,"Money For Energy Utility Bill Payment Assistance","Concerning assistance for individuals who are unable to pay their energy utility bills, and, in connection therewith, transferring money from the general fund to the energy outreach Colorado low-income energy assistance fund.",0,,2020-12-07,"Governor Signed",https://legiscan.com/CO/bill/SB003/2020/X1,https://leg.colorado.gov/bills/sb20b-003
1384065,1789,SB004,4,Passed,2020-12-03,"Transfer To Make Money Availalbe For COVID-19 Emergency","Concerning a transfer from the general fund to the controlled maintenance trust fund of money that will be available to the governor for a limited time for further transfer to the disaster emergency fund for public health and emergency response expenses associated with the COVID-19 pandemic emergency.",0,,2020-12-03,"Governor Signed",https://legiscan.com/CO/bill/SB004/2020/X1,https://leg.colorado.gov/bills/sb20b-004
1384050,1789,SB005,6,Failed,2020-12-01,"Disaster Emergency Duration Limit","Concerning a requirement that a state of disaster emergency declared by the governor expire after sixty days unless the general assembly extends or authorizes the governor to extend the state of disaster emergency.",0,,2020-12-01,"Senate Committee on Finance Postpone Indefinitely",https://legiscan.com/CO/bill/SB005/2020/X1,https://leg.colorado.gov/bills/sb20b-005
1384029,1789,SB006,6,Failed,2020-11-30,"Remote Instruction Family Stipend Program","Concerning providing financial support for parents whose children participate in remote instruction as a result of the COVID-19 pandemic, and, in connection therewith, creating the remote instruction family stipend program.",0,,2020-11-30,"Senate Committee on Finance Postpone Indefinitely",https://legiscan.com/CO/bill/SB006/2020/X1,https://leg.colorado.gov/bills/sb20b-006
1384046,1789,SB007,6,Failed,2020-12-01,"Emergency Public Health Order Procedural Requirements","Concerning additional procedural requirements for the issuance of an emergency public health order.",0,,2020-12-01,"Senate Committee on Finance Postpone Indefinitely",https://legiscan.com/CO/bill/SB007/2020/X1,https://leg.colorado.gov/bills/sb20b-007
1384030,1789,SB008,6,Failed,2020-11-30,"County Authority During Declared Disaster","Concerning the authority of county governments to reject compliance with the imposition of statewide disaster emergency orders having legal effects within the unincorporated portions of the county.",0,,2020-11-30,"Senate Committee on Finance Postpone Indefinitely",https://legiscan.com/CO/bill/SB008/2020/X1,https://leg.colorado.gov/bills/sb20b-008
1384056,1789,SB009,6,Failed,2020-11-30,"Business Exempt From Public Health Order To Close","Concerning exemptions from orders requiring businesses to close.",0,,2020-11-30,"Senate Committee on Finance Postpone Indefinitely",https://legiscan.com/CO/bill/SB009/2020/X1,https://leg.colorado.gov/bills/sb20b-009
1384034,1789,SB010,6,Failed,2020-11-30,"Broadband Infrastructure Access Electric Easement","Concerning an amendment to the definition of electric utility in relation to broadband use of an electric easement, and, in connection therewith, defining electric utility to include a generation and transmission cooperative electric association and the western area power administration.",0,,2020-11-30,"Senate Committee on Finance Postpone Indefinitely",https://legiscan.com/CO/bill/SB010/2020/X1,https://leg.colorado.gov/bills/sb20b-010
1384062,1789,SB011,6,Failed,2020-11-30,"Immunity For Small Businesses During COVID-19","Concerning civil immunity for small businesses that comply with applicable guidelines related to COVID-19.",0,,2020-11-30,"Senate Committee on Finance Postpone Indefinitely",https://legiscan.com/CO/bill/SB011/2020/X1,https://leg.colorado.gov/bills/sb20b-011
1384042,1789,SR001,4,Passed,2020-11-30,"Senate Rule Change Committee Remote Public Testimony","Concerning a change to the rules of the Senate to authorize the President of the Senate to promulgate regulations to allow remote testimony by the public during the proceedings of Senate committees of reference while there is a declared public health disaster emergency.",0,,2020-11-30,"Signed by the President of the Senate",https://legiscan.com/CO/bill/SR001/2020/X1,https://leg.colorado.gov/bills/sr20b-001
1384049,1789,SCR001,6,Failed,2020-11-30,"Legislative Oversight Of Governor Emergency Powers","Submitting to the registered electors of the state of Colorado an amendment to the Colorado constitution concerning legislative oversight of a state of disaster emergency declared by the governor.",0,,2020-11-30,"Senate Committee on Finance Postpone Indefinitely to",https://legiscan.com/CO/bill/SCR001/2020/X1,https://leg.colorado.gov/bills/scr20b-001
1384044,1789,SJR001,6,Failed,2020-11-30,"Termination Governor Authority Under State Of Disaster Emergency","Concerning terminating the governor&#039;s authority under the declared state of disaster emergency.",0,,2020-11-30,"Senate Committee on Finance Postpone Indefinitely to",https://legiscan.com/CO/bill/SJR001/2020/X1,https://leg.colorado.gov/bills/sjr20b-001
