bill_id,document_id,document_type,document_size,document_mime,document_desc,url,state_link
1384048,2217449,text,177500,application/pdf,Introduced,https://legiscan.com/CO/text/HB1001/id/2217449,https://leg.colorado.gov/sites/default/files/documents/2020B/bills/2020b_1001_01.pdf
1384048,2217742,text,184627,application/pdf,Amended,https://legiscan.com/CO/text/HB1001/id/2217742,https://leg.colorado.gov/sites/default/files/documents/2020B/bills/2020b_1001_rev.pdf
1384048,2217833,text,186128,application/pdf,Amended,https://legiscan.com/CO/text/HB1001/id/2217833,https://leg.colorado.gov/sites/default/files/documents/2020B/bills/2020b_1001_rer.pdf
1384048,2217609,text,182316,application/pdf,Engrossed,https://legiscan.com/CO/text/HB1001/id/2217609,https://leg.colorado.gov/sites/default/files/documents/2020B/bills/2020b_1001_eng.pdf
1384048,2217673,text,182616,application/pdf,Engrossed,https://legiscan.com/CO/text/HB1001/id/2217673,https://leg.colorado.gov/sites/default/files/documents/2020B/bills/2020b_1001_ren.pdf
1384048,2218065,text,159371,application/pdf,Enrolled,https://legiscan.com/CO/text/HB1001/id/2218065,https://leg.colorado.gov/sites/default/files/documents/2020B/bills/2020b_1001_enr.pdf
1384060,2217461,text,175913,application/pdf,Introduced,https://legiscan.com/CO/text/HB1002/id/2217461,https://leg.colorado.gov/sites/default/files/documents/2020B/bills/2020b_1002_01.pdf
1384060,2217759,text,179013,application/pdf,Amended,https://legiscan.com/CO/text/HB1002/id/2217759,https://leg.colorado.gov/sites/default/files/documents/2020B/bills/2020b_1002_rev.pdf
1384060,2217934,text,180502,application/pdf,Amended,https://legiscan.com/CO/text/HB1002/id/2217934,https://leg.colorado.gov/sites/default/files/documents/2020B/bills/2020b_1002_rer.pdf
1384060,2217625,text,178156,application/pdf,Engrossed,https://legiscan.com/CO/text/HB1002/id/2217625,https://leg.colorado.gov/sites/default/files/documents/2020B/bills/2020b_1002_eng.pdf
1384060,2217758,text,178473,application/pdf,Engrossed,https://legiscan.com/CO/text/HB1002/id/2217758,https://leg.colorado.gov/sites/default/files/documents/2020B/bills/2020b_1002_ren.pdf
1384060,2218123,text,154513,application/pdf,Enrolled,https://legiscan.com/CO/text/HB1002/id/2218123,https://leg.colorado.gov/sites/default/files/documents/2020B/bills/2020b_1002_enr.pdf
1384039,2217439,text,148906,application/pdf,Introduced,https://legiscan.com/CO/text/HB1003/id/2217439,https://leg.colorado.gov/sites/default/files/documents/2020B/bills/2020b_1003_01.pdf
1384039,2217783,text,154700,application/pdf,Amended,https://legiscan.com/CO/text/HB1003/id/2217783,https://leg.colorado.gov/sites/default/files/documents/2020B/bills/2020b_1003_rev.pdf
1384039,2217857,text,156247,application/pdf,Amended,https://legiscan.com/CO/text/HB1003/id/2217857,https://leg.colorado.gov/sites/default/files/documents/2020B/bills/2020b_1003_rer.pdf
1384039,2217617,text,154945,application/pdf,Engrossed,https://legiscan.com/CO/text/HB1003/id/2217617,https://leg.colorado.gov/sites/default/files/documents/2020B/bills/2020b_1003_eng.pdf
1384039,2217672,text,155342,application/pdf,Engrossed,https://legiscan.com/CO/text/HB1003/id/2217672,https://leg.colorado.gov/sites/default/files/documents/2020B/bills/2020b_1003_ren.pdf
1384039,2218470,text,130905,application/pdf,Enrolled,https://legiscan.com/CO/text/HB1003/id/2218470,https://leg.colorado.gov/sites/default/files/documents/2020B/bills/2020b_1003_enr.pdf
1384040,2217440,text,164336,application/pdf,Introduced,https://legiscan.com/CO/text/HB1004/id/2217440,https://leg.colorado.gov/sites/default/files/documents/2020B/bills/2020b_1004_01.pdf
1384040,2217765,text,171789,application/pdf,Amended,https://legiscan.com/CO/text/HB1004/id/2217765,https://leg.colorado.gov/sites/default/files/documents/2020B/bills/2020b_1004_rev.pdf
1384040,2217835,text,171914,application/pdf,Amended,https://legiscan.com/CO/text/HB1004/id/2217835,https://leg.colorado.gov/sites/default/files/documents/2020B/bills/2020b_1004_rer.pdf
1384040,2217619,text,166359,application/pdf,Engrossed,https://legiscan.com/CO/text/HB1004/id/2217619,https://leg.colorado.gov/sites/default/files/documents/2020B/bills/2020b_1004_eng.pdf
1384040,2217674,text,167163,application/pdf,Engrossed,https://legiscan.com/CO/text/HB1004/id/2217674,https://leg.colorado.gov/sites/default/files/documents/2020B/bills/2020b_1004_ren.pdf
1384040,2218070,text,147765,application/pdf,Enrolled,https://legiscan.com/CO/text/HB1004/id/2218070,https://leg.colorado.gov/sites/default/files/documents/2020B/bills/2020b_1004_enr.pdf
1384035,2217434,text,154377,application/pdf,Introduced,https://legiscan.com/CO/text/HB1005/id/2217434,https://leg.colorado.gov/sites/default/files/documents/2020B/bills/2020b_1005_01.pdf
1384035,2217743,text,161713,application/pdf,Amended,https://legiscan.com/CO/text/HB1005/id/2217743,https://leg.colorado.gov/sites/default/files/documents/2020B/bills/2020b_1005_rv2.pdf
1384035,2217832,text,161919,application/pdf,Amended,https://legiscan.com/CO/text/HB1005/id/2217832,https://leg.colorado.gov/sites/default/files/documents/2020B/bills/2020b_1005_rer.pdf
1384035,2217616,text,159791,application/pdf,Engrossed,https://legiscan.com/CO/text/HB1005/id/2217616,https://leg.colorado.gov/sites/default/files/documents/2020B/bills/2020b_1005_eng.pdf
1384035,2217708,text,159996,application/pdf,Engrossed,https://legiscan.com/CO/text/HB1005/id/2217708,https://leg.colorado.gov/sites/default/files/documents/2020B/bills/2020b_1005_ren.pdf
1384035,2219053,text,134952,application/pdf,Enrolled,https://legiscan.com/CO/text/HB1005/id/2219053,https://leg.colorado.gov/sites/default/files/documents/2020B/bills/2020b_1005_enr.pdf
1384063,2217464,text,152809,application/pdf,Introduced,https://legiscan.com/CO/text/HB1006/id/2217464,https://leg.colorado.gov/sites/default/files/documents/2020B/bills/2020b_1006_01.pdf
1384063,2217793,text,163280,application/pdf,Amended,https://legiscan.com/CO/text/HB1006/id/2217793,https://leg.colorado.gov/sites/default/files/documents/2020B/bills/2020b_1006_rev.pdf
1384063,2217933,text,164673,application/pdf,Amended,https://legiscan.com/CO/text/HB1006/id/2217933,https://leg.colorado.gov/sites/default/files/documents/2020B/bills/2020b_1006_rer.pdf
1384063,2217624,text,161928,application/pdf,Engrossed,https://legiscan.com/CO/text/HB1006/id/2217624,https://leg.colorado.gov/sites/default/files/documents/2020B/bills/2020b_1006_eng.pdf
1384063,2217701,text,162829,application/pdf,Engrossed,https://legiscan.com/CO/text/HB1006/id/2217701,https://leg.colorado.gov/sites/default/files/documents/2020B/bills/2020b_1006_ren.pdf
1384063,2218464,text,131801,application/pdf,Enrolled,https://legiscan.com/CO/text/HB1006/id/2218464,https://leg.colorado.gov/sites/default/files/documents/2020B/bills/2020b_1006_enr.pdf
1384059,2217460,text,248121,application/pdf,Introduced,https://legiscan.com/CO/text/HB1007/id/2217460,https://leg.colorado.gov/sites/default/files/documents/2020B/bills/2020b_1007_01.pdf
1384059,2217689,text,250091,application/pdf,Engrossed,https://legiscan.com/CO/text/HB1007/id/2217689,https://leg.colorado.gov/sites/default/files/documents/2020B/bills/2020b_1007_eng.pdf
1384059,2217690,text,250506,application/pdf,Engrossed,https://legiscan.com/CO/text/HB1007/id/2217690,https://leg.colorado.gov/sites/default/files/documents/2020B/bills/2020b_1007_ren.pdf
1384033,2217432,text,151820,application/pdf,Introduced,https://legiscan.com/CO/text/HB1008/id/2217432,https://leg.colorado.gov/sites/default/files/documents/2020B/bills/2020b_1008_01.pdf
1384045,2217446,text,142878,application/pdf,Introduced,https://legiscan.com/CO/text/HB1009/id/2217446,https://leg.colorado.gov/sites/default/files/documents/2020B/bills/2020b_1009_01.pdf
1384037,2217437,text,167416,application/pdf,Introduced,https://legiscan.com/CO/text/HB1010/id/2217437,https://leg.colorado.gov/sites/default/files/documents/2020B/bills/2020b_1010_01.pdf
1384061,2217462,text,146788,application/pdf,Introduced,https://legiscan.com/CO/text/HB1011/id/2217462,https://leg.colorado.gov/sites/default/files/documents/2020B/bills/2020b_1011_01.pdf
1384053,2217454,text,145718,application/pdf,Introduced,https://legiscan.com/CO/text/HB1012/id/2217454,https://leg.colorado.gov/sites/default/files/documents/2020B/bills/2020b_1012_01.pdf
1384057,2217458,text,154286,application/pdf,Introduced,https://legiscan.com/CO/text/HB1013/id/2217458,https://leg.colorado.gov/sites/default/files/documents/2020B/bills/2020b_1013_01.pdf
1384051,2217452,text,165660,application/pdf,Introduced,https://legiscan.com/CO/text/HB1014/id/2217452,https://leg.colorado.gov/sites/default/files/documents/2020B/bills/2020b_1014_01.pdf
1384032,2217431,text,148963,application/pdf,Introduced,https://legiscan.com/CO/text/HB1015/id/2217431,https://leg.colorado.gov/sites/default/files/documents/2020B/bills/2020b_1015_01.pdf
1384038,2217438,text,165931,application/pdf,Introduced,https://legiscan.com/CO/text/HB1016/id/2217438,https://leg.colorado.gov/sites/default/files/documents/2020B/bills/2020b_1016_01.pdf
1384055,2217456,text,147038,application/pdf,Introduced,https://legiscan.com/CO/text/HB1017/id/2217456,https://leg.colorado.gov/sites/default/files/documents/2020B/bills/2020b_1017_01.pdf
1384043,2217444,text,164811,application/pdf,Introduced,https://legiscan.com/CO/text/HB1018/id/2217444,https://leg.colorado.gov/sites/default/files/documents/2020B/bills/2020b_1018_01.pdf
1384052,2217453,text,149885,application/pdf,Introduced,https://legiscan.com/CO/text/HB1019/id/2217453,https://leg.colorado.gov/sites/default/files/documents/2020B/bills/2020b_1019_01.pdf
1384047,2217448,text,138470,application/pdf,Introduced,https://legiscan.com/CO/text/HB1020/id/2217448,https://leg.colorado.gov/sites/default/files/documents/2020B/bills/2020b_1020_01.pdf
1384054,2217455,text,137557,application/pdf,Introduced,https://legiscan.com/CO/text/HB1021/id/2217455,https://leg.colorado.gov/sites/default/files/documents/2020B/bills/2020b_1021_01.pdf
1384031,2217430,text,165625,application/pdf,Introduced,https://legiscan.com/CO/text/HB1022/id/2217430,https://leg.colorado.gov/sites/default/files/documents/2020B/bills/2020b_1022_01.pdf
1384036,2217435,text,137176,application/pdf,Introduced,https://legiscan.com/CO/text/HR1001/id/2217435,https://leg.colorado.gov/sites/default/files/documents/2020B/bills/2020b_hr1001_01.pdf
1384036,2217436,text,140339,application/pdf,Engrossed,https://legiscan.com/CO/text/HR1001/id/2217436,https://leg.colorado.gov/sites/default/files/documents/2020B/bills/2020b_hr1001_eng.pdf
1384343,2217865,text,125737,application/pdf,Introduced,https://legiscan.com/CO/text/HJR1001/id/2217865,https://leg.colorado.gov/sites/default/files/documents/2020B/bills/2020b_hjr1001_01.pdf
1384343,2217967,text,128153,application/pdf,Amended,https://legiscan.com/CO/text/HJR1001/id/2217967,https://leg.colorado.gov/sites/default/files/documents/2020B/bills/2020b_hjr1001_rv2.pdf
1384343,2217866,text,126483,application/pdf,Engrossed,https://legiscan.com/CO/text/HJR1001/id/2217866,https://leg.colorado.gov/sites/default/files/documents/2020B/bills/2020b_hjr1001_en2.pdf
1384041,2217441,text,207025,application/pdf,Introduced,https://legiscan.com/CO/text/SB001/id/2217441,https://leg.colorado.gov/sites/default/files/documents/2020B/bills/2020b_001_01.pdf
1384041,2217794,text,247983,application/pdf,Amended,https://legiscan.com/CO/text/SB001/id/2217794,https://leg.colorado.gov/sites/default/files/documents/2020B/bills/2020b_001_rev.pdf
1384041,2217871,text,248487,application/pdf,Amended,https://legiscan.com/CO/text/SB001/id/2217871,https://leg.colorado.gov/sites/default/files/documents/2020B/bills/2020b_001_rer.pdf
1384041,2217618,text,235792,application/pdf,Engrossed,https://legiscan.com/CO/text/SB001/id/2217618,https://leg.colorado.gov/sites/default/files/documents/2020B/bills/2020b_001_eng.pdf
1384041,2217709,text,236864,application/pdf,Engrossed,https://legiscan.com/CO/text/SB001/id/2217709,https://leg.colorado.gov/sites/default/files/documents/2020B/bills/2020b_001_rn2.pdf
1384041,2218080,text,204036,application/pdf,Enrolled,https://legiscan.com/CO/text/SB001/id/2218080,https://leg.colorado.gov/sites/default/files/documents/2020B/bills/2020b_001_enr.pdf
1384058,2217459,text,156998,application/pdf,Introduced,https://legiscan.com/CO/text/SB002/id/2217459,https://leg.colorado.gov/sites/default/files/documents/2020B/bills/2020b_002_01.pdf
1384058,2217738,text,177923,application/pdf,Amended,https://legiscan.com/CO/text/SB002/id/2217738,https://leg.colorado.gov/sites/default/files/documents/2020B/bills/2020b_002_rev.pdf
1384058,2217837,text,177848,application/pdf,Amended,https://legiscan.com/CO/text/SB002/id/2217837,https://leg.colorado.gov/sites/default/files/documents/2020B/bills/2020b_002_rer.pdf
1384058,2217623,text,162285,application/pdf,Engrossed,https://legiscan.com/CO/text/SB002/id/2217623,https://leg.colorado.gov/sites/default/files/documents/2020B/bills/2020b_002_eng.pdf
1384058,2217667,text,163892,application/pdf,Engrossed,https://legiscan.com/CO/text/SB002/id/2217667,https://leg.colorado.gov/sites/default/files/documents/2020B/bills/2020b_002_ren.pdf
1384058,2218058,text,145782,application/pdf,Enrolled,https://legiscan.com/CO/text/SB002/id/2218058,https://leg.colorado.gov/sites/default/files/documents/2020B/bills/2020b_002_enr.pdf
1384064,2217465,text,139810,application/pdf,Introduced,https://legiscan.com/CO/text/SB003/id/2217465,https://leg.colorado.gov/sites/default/files/documents/2020B/bills/2020b_003_01.pdf
1384064,2217790,text,145934,application/pdf,Amended,https://legiscan.com/CO/text/SB003/id/2217790,https://leg.colorado.gov/sites/default/files/documents/2020B/bills/2020b_003_rev.pdf
1384064,2217869,text,153485,application/pdf,Amended,https://legiscan.com/CO/text/SB003/id/2217869,https://leg.colorado.gov/sites/default/files/documents/2020B/bills/2020b_003_rer.pdf
1384064,2217626,text,143302,application/pdf,Engrossed,https://legiscan.com/CO/text/SB003/id/2217626,https://leg.colorado.gov/sites/default/files/documents/2020B/bills/2020b_003_eng.pdf
1384064,2217698,text,144252,application/pdf,Engrossed,https://legiscan.com/CO/text/SB003/id/2217698,https://leg.colorado.gov/sites/default/files/documents/2020B/bills/2020b_003_ren.pdf
1384064,2218077,text,127611,application/pdf,Enrolled,https://legiscan.com/CO/text/SB003/id/2218077,https://leg.colorado.gov/sites/default/files/documents/2020B/bills/2020b_003_enr.pdf
1384065,2217466,text,142160,application/pdf,Introduced,https://legiscan.com/CO/text/SB004/id/2217466,https://leg.colorado.gov/sites/default/files/documents/2020B/bills/2020b_004_01.pdf
1384065,2217746,text,146525,application/pdf,Amended,https://legiscan.com/CO/text/SB004/id/2217746,https://leg.colorado.gov/sites/default/files/documents/2020B/bills/2020b_004_rev.pdf
1384065,2217928,text,148860,application/pdf,Amended,https://legiscan.com/CO/text/SB004/id/2217928,https://leg.colorado.gov/sites/default/files/documents/2020B/bills/2020b_004_rer.pdf
1384065,2217627,text,144970,application/pdf,Engrossed,https://legiscan.com/CO/text/SB004/id/2217627,https://leg.colorado.gov/sites/default/files/documents/2020B/bills/2020b_004_eng.pdf
1384065,2217658,text,145472,application/pdf,Engrossed,https://legiscan.com/CO/text/SB004/id/2217658,https://leg.colorado.gov/sites/default/files/documents/2020B/bills/2020b_004_ren.pdf
1384065,2217929,text,122739,application/pdf,Enrolled,https://legiscan.com/CO/text/SB004/id/2217929,https://leg.colorado.gov/sites/default/files/documents/2020B/bills/2020b_004_enr.pdf
1384050,2217451,text,138797,application/pdf,Introduced,https://legiscan.com/CO/text/SB005/id/2217451,https://leg.colorado.gov/sites/default/files/documents/2020B/bills/2020b_005_01.pdf
1384029,2217428,text,153811,application/pdf,Introduced,https://legiscan.com/CO/text/SB006/id/2217428,https://leg.colorado.gov/sites/default/files/documents/2020B/bills/2020b_006_01.pdf
1384046,2217447,text,139002,application/pdf,Introduced,https://legiscan.com/CO/text/SB007/id/2217447,https://leg.colorado.gov/sites/default/files/documents/2020B/bills/2020b_007_01.pdf
1384030,2217429,text,140588,application/pdf,Introduced,https://legiscan.com/CO/text/SB008/id/2217429,https://leg.colorado.gov/sites/default/files/documents/2020B/bills/2020b_008_01.pdf
1384056,2217457,text,147480,application/pdf,Introduced,https://legiscan.com/CO/text/SB009/id/2217457,https://leg.colorado.gov/sites/default/files/documents/2020B/bills/2020b_009_01.pdf
1384034,2217433,text,137520,application/pdf,Introduced,https://legiscan.com/CO/text/SB010/id/2217433,https://leg.colorado.gov/sites/default/files/documents/2020B/bills/2020b_010_01.pdf
1384062,2217463,text,142677,application/pdf,Introduced,https://legiscan.com/CO/text/SB011/id/2217463,https://leg.colorado.gov/sites/default/files/documents/2020B/bills/2020b_011_01.pdf
1384042,2217442,text,132957,application/pdf,Introduced,https://legiscan.com/CO/text/SR001/id/2217442,https://leg.colorado.gov/sites/default/files/documents/2020B/bills/2020b_sr001_01.pdf
1384042,2217443,text,135968,application/pdf,Engrossed,https://legiscan.com/CO/text/SR001/id/2217443,https://leg.colorado.gov/sites/default/files/documents/2020B/bills/2020b_sr001_eng.pdf
1384049,2217450,text,146560,application/pdf,Introduced,https://legiscan.com/CO/text/SCR001/id/2217450,https://leg.colorado.gov/sites/default/files/documents/2020B/bills/2020b_scr001_01.pdf
1384044,2217445,text,141887,application/pdf,Introduced,https://legiscan.com/CO/text/SJR001/id/2217445,https://leg.colorado.gov/sites/default/files/documents/2020B/bills/2020b_sjr001_01.pdf
