bill_id,date,chamber,sequence,action
1384029,2020-11-30,Senate,1,"Introduced In Senate - Assigned to Finance"
1384029,2020-11-30,Senate,2,"Senate Committee on Finance Postpone Indefinitely"
1384030,2020-11-30,Senate,1,"Introduced In Senate - Assigned to Finance"
1384030,2020-11-30,Senate,2,"Senate Committee on Finance Postpone Indefinitely"
1384031,2020-11-30,House,1,"Introduced In House - Assigned to State, Veterans, & Military Affairs"
1384031,2020-11-30,House,2,"House Committee on State, Veterans, & Military Affairs Postpone Indefinitely"
1384032,2020-11-30,House,1,"Introduced In House - Assigned to Finance"
1384032,2020-11-30,House,2,"House Committee on Finance Postpone Indefinitely"
1384033,2020-11-30,House,1,"Introduced In House - Assigned to Public Health Care & Human Services"
1384033,2020-11-30,House,2,"House Committee on Public Health Care & Human Services Postpone Indefinitely"
1384034,2020-11-30,Senate,1,"Introduced In Senate - Assigned to Finance"
1384034,2020-11-30,Senate,2,"Senate Committee on Finance Postpone Indefinitely"
1384035,2020-11-30,House,1,"Introduced In House - Assigned to Finance"
1384035,2020-11-30,House,2,"House Committee on Finance Refer Amended to House Committee of the Whole"
1384035,2020-11-30,House,3,"House Second Reading Passed with Amendments - Committee, Floor"
1384035,2020-12-01,House,4,"House Third Reading Passed with Amendments - Floor"
1384035,2020-12-01,Senate,5,"Introduced In Senate - Assigned to Finance"
1384035,2020-12-01,Senate,6,"Senate Committee on Finance Refer Unamended to Senate Committee of the Whole"
1384035,2020-12-01,Senate,7,"Senate Second Reading Special Order - Passed with Amendments - Floor"
1384035,2020-12-02,Senate,8,"Senate Third Reading Passed - No Amendments"
1384035,2020-12-02,Senate,9,"House Considered Senate Amendments - Result was to Concur - Repass"
1384035,2020-12-04,House,10,"Signed by the Speaker of the House"
1384035,2020-12-04,,11,"Sent to the Governor"
1384035,2020-12-04,Senate,12,"Signed by the President of the Senate"
1384035,2020-12-07,,13,"Governor Signed"
1384036,2020-11-30,House,1,"Introduced In House - Assigned to"
1384036,2020-11-30,House,2,"House Third Reading Passed with Amendments - Floor"
1384037,2020-11-30,House,1,"Introduced In House - Assigned to Finance"
1384037,2020-11-30,House,2,"House Committee on Finance Postpone Indefinitely"
1384038,2020-11-30,House,1,"Introduced In House - Assigned to State, Veterans, & Military Affairs"
1384038,2020-11-30,House,2,"House Committee on State, Veterans, & Military Affairs Postpone Indefinitely"
1384039,2020-11-30,House,1,"Introduced In House - Assigned to Public Health Care & Human Services"
1384039,2020-11-30,House,2,"House Committee on Public Health Care & Human Services Refer Amended to Appropriations"
1384039,2020-11-30,House,3,"House Committee on Appropriations Refer Amended to House Committee of the Whole"
1384039,2020-11-30,House,4,"House Second Reading Passed with Amendments - Committee, Floor"
1384039,2020-12-01,House,5,"House Third Reading Passed - No Amendments"
1384039,2020-12-01,Senate,6,"Introduced In Senate - Assigned to Finance"
1384039,2020-12-01,Senate,7,"Senate Committee on Finance Refer Amended to Appropriations"
1384039,2020-12-01,Senate,8,"Senate Committee on Appropriations Refer Unamended - Consent Calendar to Senate Committee of the Whole"
1384039,2020-12-01,Senate,9,"Senate Second Reading Special Order - Passed with Amendments - Committee"
1384039,2020-12-02,Senate,10,"Senate Third Reading Passed - No Amendments"
1384039,2020-12-02,Senate,11,"House Considered Senate Amendments - Result was to Concur - Repass"
1384039,2020-12-03,House,12,"Signed by the Speaker of the House"
1384039,2020-12-04,,13,"Sent to the Governor"
1384039,2020-12-04,Senate,14,"Signed by the President of the Senate"
1384039,2020-12-07,,15,"Governor Signed"
1384040,2020-11-30,House,1,"Introduced In House - Assigned to Finance + Appropriations"
1384040,2020-11-30,House,2,"House Committee on Finance Refer Unamended to Appropriations"
1384040,2020-11-30,House,3,"House Committee on Appropriations Refer Unamended to House Committee of the Whole"
1384040,2020-11-30,House,4,"House Second Reading Passed - No Amendments"
1384040,2020-12-01,House,5,"House Third Reading Passed - No Amendments"
1384040,2020-12-01,Senate,6,"Introduced In Senate - Assigned to Finance"
1384040,2020-12-01,Senate,7,"Senate Committee on Finance Refer Amended to Appropriations"
1384040,2020-12-01,Senate,8,"Senate Committee on Appropriations Refer Unamended - Consent Calendar to Senate Committee of the Whole"
1384040,2020-12-01,Senate,9,"Senate Second Reading Special Order - Passed with Amendments - Committee, Floor"
1384040,2020-12-02,Senate,10,"Senate Third Reading Passed - No Amendments"
1384040,2020-12-02,Senate,11,"House Considered Senate Amendments - Result was to Concur - Repass"
1384040,2020-12-04,House,12,"Signed by the Speaker of the House"
1384040,2020-12-04,,13,"Sent to the Governor"
1384040,2020-12-04,Senate,14,"Signed by the President of the Senate"
1384040,2020-12-07,,15,"Governor Signed"
1384041,2020-11-30,Senate,1,"Introduced In Senate - Assigned to Finance"
1384041,2020-11-30,Senate,2,"Senate Committee on Finance Refer Amended to Appropriations"
1384041,2020-11-30,Senate,3,"Senate Committee on Appropriations Refer Amended to Senate Committee of the Whole"
1384041,2020-11-30,Senate,4,"Senate Second Reading Special Order - Passed with Amendments - Committee, Floor"
1384041,2020-12-01,Senate,5,"Senate Third Reading Passed with Amendments - Floor"
1384041,2020-12-01,House,6,"Introduced In House - Assigned to Finance + Appropriations"
1384041,2020-12-01,House,7,"House Committee on Finance Refer Amended to Appropriations"
1384041,2020-12-01,House,8,"House Committee on Appropriations Refer Amended to House Committee of the Whole"
1384041,2020-12-01,House,9,"House Second Reading Passed with Amendments - Committee, Floor"
1384041,2020-12-02,House,10,"House Third Reading Passed with Amendments - Floor"
1384041,2020-12-02,Senate,11,"Senate Considered House Amendments - Result was to Concur - Repass"
1384041,2020-12-04,Senate,12,"Signed by the President of the Senate"
1384041,2020-12-04,House,13,"Signed by the Speaker of the House"
1384041,2020-12-04,,14,"Sent to the Governor"
1384041,2020-12-07,,15,"Governor Signed"
1384042,2020-11-30,Senate,1,"Introduced In Senate - Assigned to"
1384042,2020-11-30,Senate,2,"Senate Third Reading Passed - No Amendments"
1384042,2020-11-30,Senate,3,"Signed by the President of the Senate"
1384043,2020-11-30,House,1,"Introduced In House - Assigned to State, Veterans, & Military Affairs"
1384043,2020-11-30,House,2,"House Committee on State, Veterans, & Military Affairs Postpone Indefinitely"
1384044,2020-11-30,Senate,1,"Introduced In Senate - Assigned to Finance"
1384044,2020-11-30,Senate,2,"Senate Committee on Finance Postpone Indefinitely to"
1384045,2020-11-30,House,1,"Introduced In House - Assigned to State, Veterans, & Military Affairs"
1384045,2020-11-30,House,2,"House Committee on State, Veterans, & Military Affairs Postpone Indefinitely"
1384046,2020-11-30,Senate,1,"Introduced In Senate - Assigned to Finance"
1384046,2020-12-01,Senate,2,"Senate Committee on Finance Postpone Indefinitely"
1384047,2020-11-30,House,1,"Introduced In House - Assigned to State, Veterans, & Military Affairs"
1384048,2020-11-30,House,1,"Introduced In House - Assigned to State, Veterans, & Military Affairs"
1384048,2020-11-30,House,2,"House Committee on State, Veterans, & Military Affairs Refer Unamended to Appropriations"
1384048,2020-11-30,House,3,"House Committee on Appropriations Refer Unamended to House Committee of the Whole"
1384048,2020-11-30,House,4,"House Second Reading Passed with Amendments - Floor"
1384048,2020-12-01,House,5,"House Third Reading Passed - No Amendments"
1384048,2020-12-01,Senate,6,"Introduced In Senate - Assigned to Finance"
1384048,2020-12-01,Senate,7,"Senate Committee on Finance Refer Amended to Appropriations"
1384048,2020-12-01,Senate,8,"Senate Committee on Appropriations Refer Unamended - Consent Calendar to Senate Committee of the Whole"
1384048,2020-12-01,Senate,9,"Senate Second Reading Special Order - Passed with Amendments - Committee"
1384048,2020-12-02,Senate,10,"Senate Third Reading Passed - No Amendments"
1384048,2020-12-02,Senate,11,"House Considered Senate Amendments - Result was to Concur - Repass"
1384048,2020-12-04,House,12,"Signed by the Speaker of the House"
1384048,2020-12-04,Senate,13,"Signed by the President of the Senate"
1384048,2020-12-04,,14,"Sent to the Governor"
1384048,2020-12-07,,15,"Governor Signed"
1384049,2020-11-30,Senate,1,"Introduced In Senate - Assigned to Finance"
1384049,2020-11-30,Senate,2,"Senate Committee on Finance Postpone Indefinitely to"
1384050,2020-11-30,Senate,1,"Introduced In Senate - Assigned to Finance"
1384050,2020-12-01,Senate,2,"Senate Committee on Finance Postpone Indefinitely"
1384051,2020-11-30,House,1,"Introduced In House - Assigned to State, Veterans, & Military Affairs"
1384051,2020-11-30,House,2,"House Committee on State, Veterans, & Military Affairs Postpone Indefinitely"
1384052,2020-11-30,House,1,"Introduced In House - Assigned to Finance"
1384052,2020-11-30,House,2,"House Committee on Finance Postpone Indefinitely"
1384053,2020-11-30,House,1,"Introduced In House - Assigned to Finance"
1384053,2020-11-30,House,2,"House Committee on Finance Postpone Indefinitely"
1384054,2020-11-30,House,1,"Introduced In House - Assigned to Finance"
1384054,2020-11-30,House,2,"House Committee on Finance Postpone Indefinitely"
1384055,2020-11-30,House,1,"Introduced In House - Assigned to Public Health Care & Human Services"
1384055,2020-11-30,House,2,"House Committee on Public Health Care & Human Services Postpone Indefinitely"
1384056,2020-11-30,Senate,1,"Introduced In Senate - Assigned to Finance"
1384056,2020-11-30,Senate,2,"Senate Committee on Finance Postpone Indefinitely"
1384057,2020-11-30,House,1,"Introduced In House - Assigned to Public Health Care & Human Services"
1384057,2020-11-30,House,2,"House Committee on Public Health Care & Human Services Postpone Indefinitely"
1384058,2020-11-30,Senate,1,"Introduced In Senate - Assigned to Finance"
1384058,2020-11-30,Senate,2,"Senate Committee on Finance Refer Amended to Appropriations"
1384058,2020-11-30,Senate,3,"Senate Committee on Appropriations Refer Amended - Consent Calendar to Senate Committee of the Whole"
1384058,2020-11-30,Senate,4,"Senate Second Reading Special Order - Passed with Amendments - Committee, Floor"
1384058,2020-12-01,Senate,5,"Senate Third Reading Passed - No Amendments"
1384058,2020-12-01,House,6,"Introduced In House - Assigned to Public Health Care & Human Services + Appropriations"
1384058,2020-12-01,House,7,"House Committee on Public Health Care & Human Services Refer Amended to Appropriations"
1384058,2020-12-01,House,8,"House Committee on Appropriations Refer Amended to House Committee of the Whole"
1384058,2020-12-01,House,9,"House Second Reading Passed with Amendments - Committee, Floor"
1384058,2020-12-02,House,10,"House Third Reading Passed - No Amendments"
1384058,2020-12-02,Senate,11,"Senate Considered House Amendments - Result was to Concur - Repass"
1384058,2020-12-04,Senate,12,"Signed by the President of the Senate"
1384058,2020-12-04,House,13,"Signed by the Speaker of the House"
1384058,2020-12-04,,14,"Sent to the Governor"
1384058,2020-12-07,,15,"Governor Signed"
1384059,2020-11-30,House,1,"Introduced In House - Assigned to Public Health Care & Human Services"
1384059,2020-11-30,House,2,"House Committee on Public Health Care & Human Services Refer Unamended to Finance"
1384059,2020-11-30,House,3,"House Committee on Finance Refer Unamended to Appropriations"
1384059,2020-11-30,House,4,"House Committee on Appropriations Refer Unamended to House Committee of the Whole"
1384059,2020-11-30,House,5,"House Second Reading Passed - No Amendments"
1384059,2020-12-01,House,6,"House Third Reading Passed - No Amendments"
1384059,2020-12-01,Senate,7,"Introduced In Senate - Assigned to Finance"
1384059,2020-12-01,Senate,8,"Senate Committee on Finance Postpone Indefinitely"
1384060,2020-11-30,House,1,"Introduced In House - Assigned to Public Health Care & Human Services"
1384060,2020-11-30,House,2,"House Committee on Public Health Care & Human Services Refer Unamended to Appropriations"
1384060,2020-11-30,House,3,"House Committee on Appropriations Refer Amended to House Committee of the Whole"
1384060,2020-11-30,House,4,"House Second Reading Passed with Amendments - Committee"
1384060,2020-12-01,House,5,"House Third Reading Passed - No Amendments"
1384060,2020-12-01,Senate,6,"Introduced In Senate - Assigned to Finance"
1384060,2020-12-01,Senate,7,"Senate Committee on Finance Refer Amended to Appropriations"
1384060,2020-12-01,Senate,8,"Senate Committee on Appropriations Refer Unamended - Consent Calendar to Senate Committee of the Whole"
1384060,2020-12-01,Senate,9,"Senate Second Reading Special Order - Passed with Amendments - Committee"
1384060,2020-12-02,Senate,10,"Senate Third Reading Passed - No Amendments"
1384060,2020-12-02,Senate,11,"House Considered Senate Amendments - Result was to Concur - Repass"
1384060,2020-12-04,House,12,"Signed by the Speaker of the House"
1384060,2020-12-04,,13,"Sent to the Governor"
1384060,2020-12-04,Senate,14,"Signed by the President of the Senate"
1384060,2020-12-07,,15,"Governor Signed"
1384061,2020-11-30,House,1,"Introduced In House - Assigned to Public Health Care & Human Services"
1384061,2020-11-30,House,2,"House Committee on Public Health Care & Human Services Postpone Indefinitely"
1384062,2020-11-30,Senate,1,"Introduced In Senate - Assigned to Finance"
1384062,2020-11-30,Senate,2,"Senate Committee on Finance Postpone Indefinitely"
1384063,2020-11-30,House,1,"Introduced In House - Assigned to Finance"
1384063,2020-11-30,House,2,"House Committee on Finance Refer Amended to House Committee of the Whole"
1384063,2020-11-30,House,3,"House Second Reading Passed with Amendments - Committee, Floor"
1384063,2020-12-01,House,4,"House Third Reading Passed - No Amendments"
1384063,2020-12-01,Senate,5,"Introduced In Senate - Assigned to Finance"
1384063,2020-12-01,Senate,6,"Senate Committee on Finance Refer Unamended - Consent Calendar to Senate Committee of the Whole"
1384063,2020-12-01,Senate,7,"Senate Second Reading Special Order - Passed - No Amendments"
1384063,2020-12-02,Senate,8,"Senate Third Reading Passed - No Amendments"
1384063,2020-12-04,House,9,"Signed by the Speaker of the House"
1384063,2020-12-04,,10,"Sent to the Governor"
1384063,2020-12-04,Senate,11,"Signed by the President of the Senate"
1384063,2020-12-07,,12,"Governor Signed"
1384064,2020-11-30,Senate,1,"Introduced In Senate - Assigned to Finance"
1384064,2020-11-30,Senate,2,"Senate Committee on Finance Refer Amended to Appropriations"
1384064,2020-11-30,Senate,3,"Senate Committee on Appropriations Refer Unamended - Consent Calendar to Senate Committee of the Whole"
1384064,2020-11-30,Senate,4,"Senate Second Reading Special Order - Passed with Amendments - Committee"
1384064,2020-12-01,Senate,5,"Senate Third Reading Passed - No Amendments"
1384064,2020-12-01,House,6,"Introduced In House - Assigned to State, Veterans, & Military Affairs + Appropriations"
1384064,2020-12-01,House,7,"House Committee on State, Veterans, & Military Affairs Refer Unamended to Appropriations"
1384064,2020-12-01,House,8,"House Committee on Appropriations Refer Unamended to House Committee of the Whole"
1384064,2020-12-01,House,9,"House Second Reading Passed with Amendments - Floor"
1384064,2020-12-02,House,10,"House Third Reading Passed with Amendments - Floor"
1384064,2020-12-02,Senate,11,"Senate Considered House Amendments - Result was to Concur - Repass"
1384064,2020-12-04,Senate,12,"Signed by the President of the Senate"
1384064,2020-12-04,,13,"Sent to the Governor"
1384064,2020-12-07,,14,"Governor Signed"
1384065,2020-11-30,Senate,1,"Introduced In Senate - Assigned to Finance"
1384065,2020-11-30,Senate,2,"Senate Committee on Finance Refer Amended to Appropriations"
1384065,2020-11-30,Senate,3,"Senate Committee on Appropriations Refer Unamended - Consent Calendar to Senate Committee of the Whole"
1384065,2020-11-30,Senate,4,"Senate Second Reading Special Order - Passed with Amendments - Committee"
1384065,2020-12-01,Senate,5,"Senate Third Reading Passed - No Amendments"
1384065,2020-12-01,House,6,"Introduced In House - Assigned to Public Health Care & Human Services + Appropriations"
1384065,2020-12-01,House,7,"House Committee on Public Health Care & Human Services Refer Unamended to Appropriations"
1384065,2020-12-01,House,8,"House Committee on Appropriations Refer Unamended to House Committee of the Whole"
1384065,2020-12-01,House,9,"House Second Reading Passed - No Amendments"
1384065,2020-12-02,House,10,"House Third Reading Passed - No Amendments"
1384065,2020-12-02,Senate,11,"Signed by the President of the Senate"
1384065,2020-12-02,House,12,"Signed by the Speaker of the House"
1384065,2020-12-02,,13,"Sent to the Governor"
1384065,2020-12-03,,14,"Governor Signed"
1384343,2020-12-02,House,1,"Introduced In House - Assigned to"
1384343,2020-12-02,House,2,"House Third Reading Passed - No Amendments"
1384343,2020-12-02,Senate,3,"Introduced In Senate - Assigned to"
1384343,2020-12-02,Senate,4,"Senate Third Reading Passed - No Amendments"
