bill_id,roll_call_id,date,chamber,description,yea,nay,nv,absent,total
1384029,982517,2020-11-30,Senate,"Senate Finance: Postpone Senate Bill 20B-006 indefinitely using a reversal of the previous roll call. There was no objection to the use of the reverse roll call, therefore, the bill was postponed indefinitely.",4,3,0,0,7
1384030,982518,2020-11-30,Senate,"Senate Finance: Postpone Senate Bill 20B-008 indefinitely using a reversal of the previous roll call. There was no objection to the use of the reverse roll call, therefore, the bill was postponed indefinitely.",4,3,0,0,7
1384031,982520,2020-11-30,House,"House State, Veterans, & Military Affairs: Postpone House Bill 20B-1022 indefinitely using a reversal of the previous roll call. There was no objection to the use of the reverse roll call, therefore, the bill was postponed indefinitely.",6,3,0,1,10
1384031,984065,2020-11-30,House,"House State, Veterans, & Military Affairs: Postpone House Bill 20B-1022 indefinitely using a reversal of the previous roll call. There was no objection to the use of the reverse roll call, therefore, the bill was postponed indefinitely.",6,3,0,1,10
1384032,982519,2020-11-30,House,"House Finance: Postpone House Bill 20B-1015 indefinitely using a reversal of the previous roll call. There was no objection to the use of the reverse roll call, therefore, the bill was postponed indefinitely.",6,3,0,0,9
1384033,982521,2020-11-30,House,"House Public Health Care & Human Services: Postpone House Bill 20B-1008 indefinitely using a reversal of the previous roll call. There was no objection to the use of the reverse roll call, therefore, the bill was postponed indefinitely.",4,3,0,2,9
1384034,982522,2020-11-30,Senate,"Senate Finance: Postpone Senate Bill 20B-010 indefinitely.",7,0,0,0,7
1384035,982523,2020-11-30,House,"House: Committee of the Whole Amd (l.005)",23,40,0,2,65
1384035,982524,2020-11-30,House,"House: Committee of the Whole ",23,40,0,2,65
1384035,982525,2020-11-30,House,"House Finance: Refer House Bill 20B-1005, as amended, to the Committee of the Whole.",6,2,0,1,9
1384035,982571,2020-12-01,House,"House: Third Reading Amd (l.015)",44,21,0,0,65
1384035,982572,2020-12-01,House,"House: Third Reading Perm",50,15,0,0,65
1384035,982573,2020-12-01,House,"House: Third Reading Bill",38,27,0,0,65
1384035,982588,2020-12-01,Senate,"Senate Finance: Refer House Bill 20B-1005 to the Committee of the Whole.",4,2,0,1,7
1384035,982615,2020-12-02,Senate,"Senate: Third Reading Bill",23,12,0,0,35
1384035,982664,2020-12-02,House,"House: Senate Amendments Repass",38,25,0,2,65
1384035,982665,2020-12-02,House,"House: Senate Amendments Concur",44,19,0,2,65
1384036,982511,2020-11-30,House,"House: RESOLUTIONS Res",63,0,0,2,65
1384037,982526,2020-11-30,House,"House Finance: Postpone House Bill 20B-1010 indefinitely using a reversal of the previous roll call. There was no objection to the use of the reverse roll call, therefore, the bill was postponed indefinitely.",6,3,0,0,9
1384038,982527,2020-11-30,House,"House State, Veterans, & Military Affairs: Postpone House Bill 20B-1016 indefinitely using a reversal of the previous roll call. There was no objection to the use of the reverse roll call, therefore, the bill was postponed indefinitely.",6,3,0,1,10
1384038,984067,2020-11-30,House,"House State, Veterans, & Military Affairs: Postpone House Bill 20B-1016 indefinitely using a reversal of the previous roll call. There was no objection to the use of the reverse roll call, therefore, the bill was postponed indefinitely.",6,3,0,1,10
1384039,982528,2020-11-30,House,"House: Committee of the Whole Amd (l.003)",24,39,0,2,65
1384039,982529,2020-11-30,House,"House Appropriations: Refer House Bill 20B-1003, as amended, to the Committee of the Whole.",6,3,0,0,9
1384039,982530,2020-11-30,House,"House Public Health Care & Human Services: Refer House Bill 20B-1003, as amended, to the Committee on Appropriations.",9,0,0,0,9
1384039,982575,2020-12-01,House,"House: Third Reading Bill",63,1,0,1,65
1384039,982603,2020-12-01,Senate,"Senate Appropriations: Refer House Bill 20B-1003 to the Committee of the Whole and with a recommendation that it be placed on the consent calendar.",10,0,0,0,10
1384039,982604,2020-12-01,Senate,"Senate Finance: Refer House Bill 20B-1003, as amended, to the Committee on Appropriations.",7,0,0,0,7
1384039,982658,2020-12-02,Senate,"Senate: Third Reading Bill",34,0,0,1,35
1384039,982659,2020-12-02,House,"House: Senate Amendments Concur",59,5,0,1,65
1384039,982660,2020-12-02,House,"House: Senate Amendments Repass",62,2,0,1,65
1384040,982539,2020-11-30,House,"House: Committee of the Whole Amd (l.002)",27,36,0,2,65
1384040,982540,2020-11-30,House,"House: Committee of the Whole Amd (l.001)",28,35,0,2,65
1384040,982541,2020-11-30,House,"House Appropriations: Refer House Bill 20B-1004 to the Committee of the Whole.",9,0,0,0,9
1384040,982542,2020-11-30,House,"House Finance: Refer House Bill 20B-1004 to the Committee on Appropriations.",8,0,0,1,9
1384040,982568,2020-12-01,House,"House: Third Reading Bill",64,1,0,0,65
1384040,982586,2020-12-01,Senate,"Senate Appropriations: Refer House Bill 20B-1004 to the Committee of the Whole and with a recommendation that it be placed on the consent calendar.",10,0,0,0,10
1384040,982587,2020-12-01,Senate,"Senate Finance: Refer House Bill 20B-1004 to the Committee on Appropriations.",6,0,0,1,7
1384040,982619,2020-12-02,Senate,"Senate: Third Reading Bill",35,0,0,0,35
1384040,982670,2020-12-02,House,"House: Senate Amendments Concur",64,0,0,1,65
1384040,982671,2020-12-02,House,"House: Senate Amendments Repass",63,0,0,2,65
1384041,982531,2020-11-30,Senate,"Senate: Committee of the Whole Cow * (.001)",13,20,0,2,35
1384041,982532,2020-11-30,Senate,"Senate: Committee of the Whole Cow * (.002)",13,20,0,2,35
1384041,982533,2020-11-30,Senate,"Senate: Committee of the Whole Cow * (.003)",13,20,0,2,35
1384041,982534,2020-11-30,Senate,"Senate Appropriations: Refer Senate Bill 20B-001, as amended, to the Committee of the Whole.",10,0,0,0,10
1384041,982535,2020-11-30,Senate,"Senate Appropriations: Adopt amendment J.002",0,0,10,0,10
1384041,982536,2020-11-30,Senate,"Senate Appropriations: Adopt amendment J.001",0,0,10,0,10
1384041,982537,2020-11-30,Senate,"Senate Appropriations: Adopt amendment L.013",7,3,0,0,10
1384041,982538,2020-11-30,Senate,"Senate Finance: Refer Senate Bill 20B-001, as amended, to the Committee on Appropriations.",7,0,0,0,7
1384041,982589,2020-12-01,House,"House Appropriations: Refer Senate Bill 20B-001, as amended, to the Committee of the Whole.",6,3,0,0,9
1384041,982590,2020-12-01,Senate,"Senate: Third Reading Bill",31,1,0,3,35
1384041,982591,2020-12-01,Senate,"Senate: Third Reading Amend (l.033)",33,0,0,2,35
1384041,982592,2020-12-01,House,"House Finance: Refer Senate Bill 20B-001, as amended, to the Committee on Appropriations.",7,2,0,0,9
1384041,982607,2020-12-01,House,"House: Committee of the Whole Amd (l.040)",30,34,0,1,65
1384041,982608,2020-12-01,House,"House: Committee of the Whole Amd (l.042)",31,33,0,1,65
1384041,982609,2020-12-01,House,"House: Committee of the Whole Amd (l.041)",29,35,0,1,65
1384041,982610,2020-12-01,House,"House: Committee of the Whole Amd (l.038)",31,33,0,1,65
1384041,982684,2020-12-02,Senate,"Senate: House Amendments Concur",25,8,0,2,35
1384041,982685,2020-12-02,House,"House: Third Reading Perm",63,0,0,2,65
1384041,982686,2020-12-02,House,"House: Third Reading Amd (l.060)",62,0,0,3,65
1384041,982687,2020-12-02,House,"House: Third Reading Bill",46,17,0,2,65
1384041,982688,2020-12-02,Senate,"Senate: House Amendments Repass",30,4,0,1,35
1384042,982512,2020-11-30,Senate,"Senate: Consideration of Resolutions Resolution",35,0,0,0,35
1384043,982543,2020-11-30,House,"House State, Veterans, & Military Affairs: Postpone House Bill 20B-1018 indefinitely using a reversal of the previous roll call. There was no objection to the use of the reverse roll call, therefore, the bill was postponed indefinitely.",6,3,0,1,10
1384043,984069,2020-11-30,House,"House State, Veterans, & Military Affairs: Postpone House Bill 20B-1018 indefinitely using a reversal of the previous roll call. There was no objection to the use of the reverse roll call, therefore, the bill was postponed indefinitely.",6,3,0,1,10
1384044,983678,2020-11-30,Senate,"Senate Finance: Postpone SJR20B-001 indefinitely using a reversal of the previous roll call. There was no objection to the use of the reverse roll call, therefore, the bill was postponed indefinitely.",4,3,0,0,7
1384045,982544,2020-11-30,House,"House State, Veterans, & Military Affairs: Postpone House Bill 20B-1009 indefinitely using a reversal of the previous roll call. There was no objection to the use of the reverse roll call, therefore, the bill was postponed indefinitely.",8,2,0,0,10
1384045,984075,2020-11-30,House,"House State, Veterans, & Military Affairs: Postpone House Bill 20B-1009 indefinitely using a reversal of the previous roll call. There was no objection to the use of the reverse roll call, therefore, the bill was postponed indefinitely.",8,2,0,0,10
1384046,982577,2020-12-01,Senate,"Senate Finance: Refer Senate Bill 20B-007 to the Committee of the Whole.",3,4,0,0,7
1384046,983334,2020-12-01,Senate,"Senate Finance: Postpone Senate Bill 20B-007 indefinitely.",4,3,0,0,7
1384047,982545,2020-11-30,House,"House State, Veterans, & Military Affairs: Postpone House Bill 20B-1020 indefinitely using a reversal of the previous roll call. There was no objection to the use of the reverse roll call, therefore, the bill was postponed indefinitely.",6,4,0,0,10
1384047,984089,2020-11-30,House,"House State, Veterans, & Military Affairs: Postpone House Bill 20B-1020 indefinitely using a reversal of the previous roll call. There was no objection to the use of the reverse roll call, therefore, the bill was postponed indefinitely.",6,4,0,0,10
1384048,982515,2020-11-30,House,"House Appropriations: Refer House Bill 20B-1001 to the Committee of the Whole.",6,3,0,0,9
1384048,982516,2020-11-30,House,"House State, Veterans, & Military Affairs: Refer House Bill 20B-1001 to the Committee on Appropriations.",6,2,0,1,9
1384048,982567,2020-12-01,House,"House: Third Reading Bill",51,14,0,0,65
1384048,982576,2020-12-01,Senate,"Senate Finance: Refer House Bill 20B-1001, as amended, to the Committee on Appropriations.",6,0,0,1,7
1384048,982596,2020-12-01,Senate,"Senate Appropriations: Refer House Bill 20B-1001 to the Committee of the Whole and with a recommendation that it be placed on the consent calendar.",10,0,0,0,10
1384048,982616,2020-12-02,Senate,"Senate: Third Reading Bill",34,0,0,1,35
1384048,982667,2020-12-02,House,"House: Senate Amendments Concur",54,10,0,1,65
1384048,982668,2020-12-02,House,"House: Senate Amendments Repass",51,13,0,1,65
1384048,983149,2020-11-30,House,"House State, Veterans, & Military Affairs: Refer House Bill 20B-1001 to the Committee on Appropriations.",7,2,0,1,10
1384049,983218,2020-11-30,Senate,"Senate Finance: Postpone SCR20B-001 indefinitely.",4,3,0,0,7
1384050,982597,2020-12-01,Senate,"Senate Finance: Postpone Senate Bill 20B-005 indefinitely using a reversal of the previous roll call. There was no objection to the use of the reverse roll call, therefore, the bill was postponed indefinitely.",4,3,0,0,7
1384051,982547,2020-11-30,House,"House State, Veterans, & Military Affairs: Postpone House Bill 20B-1014 indefinitely using a reversal of the previous roll call. There was no objection to the use of the reverse roll call, therefore, the bill was postponed indefinitely.",6,3,0,1,10
1384051,984070,2020-11-30,House,"House State, Veterans, & Military Affairs: Postpone House Bill 20B-1014 indefinitely using a reversal of the previous roll call. There was no objection to the use of the reverse roll call, therefore, the bill was postponed indefinitely.",6,3,0,1,10
1384052,982546,2020-11-30,House,"House Finance: Postpone House Bill 20B-1019 indefinitely.",9,0,0,0,9
1384053,982549,2020-11-30,House,"House Finance: Postpone House Bill 20B-1012 indefinitely using a reversal of the previous roll call. There was no objection to the use of the reverse roll call, therefore, the bill was postponed indefinitely.",6,3,0,0,9
1384054,982548,2020-11-30,House,"House Finance: Postpone House Bill 20B-1021 indefinitely using a reversal of the previous roll call. There was no objection to the use of the reverse roll call, therefore, the bill was postponed indefinitely.",6,3,0,0,9
1384055,982550,2020-11-30,House,"House Public Health Care & Human Services: Postpone House Bill 20B-1017 indefinitely using a reversal of the previous roll call. There was no objection to the use of the reverse roll call, therefore, the bill was postponed indefinitely.",5,2,0,2,9
1384056,982551,2020-11-30,Senate,"Senate Finance: Postpone Senate Bill 20B-009 indefinitely.",4,3,0,0,7
1384057,982513,2020-11-30,House,"House Public Health Care & Human Services: Postpone House Bill 20B-1013 indefinitely.",5,3,0,1,9
1384058,982554,2020-11-30,Senate,"Senate Appropriations: Refer Senate Bill 20B-002, as amended, to the Committee of the Whole and with a recommendation that it be placed on the consent calendar.",10,0,0,0,10
1384058,982555,2020-11-30,Senate,"Senate Appropriations: Adopt amendment J.001",0,0,10,0,10
1384058,982556,2020-11-30,Senate,"Senate Finance: Refer Senate Bill 20B-002, as amended, to the Committee on Appropriations.",7,0,0,0,7
1384058,982574,2020-12-01,Senate,"Senate: Third Reading Bill",33,0,0,2,35
1384058,982581,2020-12-01,House,"House Appropriations: Refer Senate Bill 20B-002, as amended, to the Committee of the Whole.",7,2,0,0,9
1384058,982582,2020-12-01,House,"House Public Health Care & Human Services: Refer Senate Bill 20B-002, as amended, to the Committee on Appropriations.",8,1,0,0,9
1384058,982642,2020-12-02,Senate,"Senate: House Amendments Repass",34,0,0,1,35
1384058,982643,2020-12-02,House,"House: Third Reading Bill",48,16,0,1,65
1384058,982644,2020-12-02,Senate,"Senate: House Amendments Concur",34,0,0,1,35
1384059,982514,2020-11-30,House,"House Public Health Care & Human Services: Refer House Bill 20B-1007 to the Committee on Finance.",7,0,0,2,9
1384059,982552,2020-11-30,House,"House Appropriations: Refer House Bill 20B-1007 to the Committee of the Whole.",9,0,0,0,9
1384059,982553,2020-11-30,House,"House Finance: Refer House Bill 20B-1007 to the Committee on Appropriations.",6,2,0,1,9
1384059,982578,2020-12-01,House,"Third Reading Bill",45,20,0,0,65
1384059,982605,2020-12-01,Senate,"Senate Finance: Postpone House Bill 20B-1007 indefinitely using a reversal of the previous roll call. There was no objection to the use of the reverse roll call, therefore, the bill was postponed indefinitely.",4,3,0,0,7
1384060,982558,2020-11-30,House,"House Appropriations: Refer House Bill 20B-1002, as amended, to the Committee of the Whole.",7,2,0,0,9
1384060,982559,2020-11-30,House,"House Public Health Care & Human Services: Refer House Bill 20B-1002 to the Committee on Appropriations.",8,0,0,1,9
1384060,982570,2020-12-01,House,"House: Third Reading Bill",54,11,0,0,65
1384060,982601,2020-12-01,Senate,"Senate Appropriations: Refer House Bill 20B-1002 to the Committee of the Whole and with a recommendation that it be placed on the consent calendar.",10,0,0,0,10
1384060,982602,2020-12-01,Senate,"Senate Finance: Refer House Bill 20B-1002, as amended, to the Committee on Appropriations.",6,0,0,1,7
1384060,982748,2020-12-02,Senate,"Senate: Third Reading Bill",34,0,0,1,35
1384060,982749,2020-12-02,House,"House: Senate Amendments Concur",56,8,0,1,65
1384060,982750,2020-12-02,House,"House: Senate Amendments Repass",57,7,0,1,65
1384061,982560,2020-11-30,House,"House Public Health Care & Human Services: Postpone House Bill 20B-1011 indefinitely.",6,2,0,1,9
1384062,982566,2020-11-30,Senate,"Senate Finance: Postpone Senate Bill 20B-011 indefinitely using a reversal of the previous roll call. There was no objection to the use of the reverse roll call, therefore, the bill was postponed indefinitely.",4,3,0,0,7
1384063,982557,2020-11-30,House,"House Finance: Refer House Bill 20B-1006, as amended, to the Committee of the Whole.",9,0,0,0,9
1384063,982583,2020-12-01,House,"House: Third Reading Bill",64,1,0,0,65
1384063,982584,2020-12-01,Senate,"Senate Finance: Refer House Bill 20B-1006 to the Committee of the Whole and with a recommendation that it be placed on the consent calendar.",5,0,0,2,7
1384063,982613,2020-12-02,Senate,"Senate: Third Reading Bill",34,0,0,1,35
1384064,982561,2020-11-30,Senate,"Senate Appropriations: Refer Senate Bill 20B-003 to the Committee of the Whole and with a recommendation that it be placed on the consent calendar.",10,0,0,0,10
1384064,982562,2020-11-30,Senate,"Senate Finance: Refer Senate Bill 20B-003, as amended, to the Committee on Appropriations.",7,0,0,0,7
1384064,982579,2020-12-01,Senate,"Third Reading Bill",33,0,0,2,35
1384064,982580,2020-12-01,House,"House State, Veterans, & Military Affairs: Refer Senate Bill 20B-003 to the Committee on Appropriations.",8,2,0,0,10
1384064,982606,2020-12-01,House,"House Appropriations: Refer Senate Bill 20B-003 to the Committee of the Whole.",7,2,0,0,9
1384064,982675,2020-12-02,Senate,"Senate: House Amendments Repass",34,0,0,1,35
1384064,982676,2020-12-02,Senate,"Senate: House Amendments Concur",34,0,0,1,35
1384064,982677,2020-12-02,House,"House: Third Reading Perm",64,0,0,1,65
1384064,982678,2020-12-02,House,"House: Third Reading Amd (l.004)",64,0,0,1,65
1384064,982679,2020-12-02,House,"House: Third Reading Bill",59,5,0,1,65
1384065,982563,2020-11-30,Senate,"Senate Appropriations: Refer Senate Bill 20B-004 to the Committee of the Whole and with a recommendation that it be placed on the consent calendar.",10,0,0,0,10
1384065,982564,2020-11-30,Senate,"Senate Finance: Refer Senate Bill 20B-004, as amended, to the Committee on Appropriations.",7,0,0,0,7
1384065,982569,2020-12-01,Senate,"Senate: Third Reading Bill",33,0,0,2,35
1384065,982598,2020-12-01,House,"House Appropriations: Refer Senate Bill 20B-004 to the Committee of the Whole.",6,3,0,0,9
1384065,982599,2020-12-01,House,"House Public Health Care & Human Services: Refer Senate Bill 20B-004 to the Committee on Appropriations.",8,0,0,1,9
1384065,982611,2020-12-01,House,"House: Committee of the Whole Amd (l.004)",24,41,0,0,65
1384065,982612,2020-12-01,House,"House: Committee of the Whole Amd (l.003)",25,39,0,1,65
1384065,982732,2020-12-02,House,"House: Third Reading Bill",46,18,0,1,65
1384343,982661,2020-12-02,Senate,"Senate: Consideration of Resolutions Resolution",34,0,0,1,35
1384343,982662,2020-12-02,House,"House: RESOLUTIONS Res",63,0,0,2,65
1384343,982663,2020-12-02,House,"House: RESOLUTIONS Res",63,0,0,2,65
