bill_id,document_id,document_type,document_size,document_mime,document_desc,url,state_link
415489,609329,text,23595,text/html,Introduced,https://legiscan.com/AZ/text/HCR2001/id/609329,http://www.azleg.gov/legtext/49leg/9s/bills/hcr2001p.htm
415489,609330,text,23145,text/html,Engrossed,https://legiscan.com/AZ/text/HCR2001/id/609330,http://www.azleg.gov/legtext/49leg/9s/bills/hcr2001h.htm
415477,609313,text,23402,text/html,Introduced,https://legiscan.com/AZ/text/SB1001/id/609313,http://www.azleg.gov/legtext/49leg/9s/bills/sb1001p.htm
415463,609291,text,23581,text/html,Introduced,https://legiscan.com/AZ/text/SCR1001/id/609291,http://www.azleg.gov/legtext/49leg/9s/bills/scr1001p.htm
415463,609292,text,23199,text/html,Engrossed,https://legiscan.com/AZ/text/SCR1001/id/609292,http://www.azleg.gov/legtext/49leg/9s/bills/scr1001s.htm
