bill_id,date,chamber,sequence,action
415463,2010-08-09,,1,"Introduced in Senate and read first time"
415463,2010-08-09,,2,"Assigned to Senate JUD Committee"
415463,2010-08-09,,3,"Assigned to Senate RULES Committee"
415463,2010-08-10,,4,"Senate read second time"
415463,2010-08-10,,5,"Referred to Senate JUD Committee"
415463,2010-08-09,,6,"Senate JUD Committee action: Do Pass, voting: (4-3-0-0)"
415463,2010-08-09,,7,"Referred to Senate RULES Committee"
415463,2010-08-09,,8,"Senate RULES Committee action: Proper For Consideration"
415463,2010-08-09,,9,"Senate minority caucus: Do pass"
415463,2010-08-09,,10,"Senate majority caucus: Do pass"
415463,2010-08-10,,11,"Senate Committee of the Whole action: Do Pass"
415463,2010-08-11,,12,"Senate third reading PASSED voting: (18-11-1-0)"
415463,2010-08-11,,13,"Transmit to House"
415463,2010-08-11,,14,"Transmitted to Secretary Of State"
415477,2010-08-10,,1,"Introduced in Senate and read first time"
415477,2010-08-10,,2,"Assigned to Senate RULES Committee"
415477,2010-08-11,,3,"Senate read second time"
415477,2010-08-11,,4,"Referred to Senate RULES Committee"
415489,2010-08-09,,1,"Introduced in House and read first time"
415489,2010-08-09,,2,"Assigned to House COM Committee"
415489,2010-08-09,,3,"Assigned to House RULES Committee"
415489,2010-08-10,,4,"House read second time"
415489,2010-08-10,,5,"Referred to House COM Committee"
415489,2010-08-09,,6,"House COM Committee action: Do Pass, voting: (5-2-0-1-0)"
415489,2010-08-09,,7,"Referred to House RULES Committee"
415489,2010-08-09,,8,"House RULES Committee action: constitutional and in proper form, voting: (5-3-0-0-0)"
415489,2010-08-09,,9,"House minority caucus: Do pass"
415489,2010-08-09,,10,"House majority caucus: Do pass"
415489,2010-08-10,,11,"House Committee of the Whole action: Do Pass"
