bill_id,session_id,bill_number,status,status_desc,status_date,title,description,committee_id,committee,last_action_date,last_action,url,state_link
1377696,1767,HF1,1,Introduced,2020-09-11,"COVID-19; pandemic economic impact stimulus measures provided for; new programs established and existing programs modified; property taxes, local government aid, and corporate taxes modified; bonds issued; and money appropriated.","COVID-19; pandemic economic impact stimulus measures provided for; new programs established and existing programs modified; property taxes, local government aid, and corporate taxes modified; bonds issued; and money appropriated.",1777,"House Ways and Means",2020-09-11,"Introduction and first reading, referred to Ways and Means",https://legiscan.com/MN/bill/HF1/2020/X4,https://www.revisor.mn.gov/bills/bill.php?b=House&f=HF0001&ssn=4&y=2020
1377720,1767,HF2,1,Introduced,2020-09-11,"Supplemental state budget established, money transferred, state government activity appropriations reduced, surplus state land sale authorized, and money appropriated.","Supplemental state budget established, money transferred, state government activity appropriations reduced, surplus state land sale authorized, and money appropriated.",1777,"House Ways and Means",2020-09-11,"Introduction and first reading, referred to Ways and Means",https://legiscan.com/MN/bill/HF2/2020/X4,https://www.revisor.mn.gov/bills/bill.php?b=House&f=HF0002&ssn=4&y=2020
1377722,1767,HF3,1,Introduced,2020-09-11,"PROMISE Act established, community repair panel created, redevelopment and relief programs created, Metropolitan Area Redevelopment Corporation established, sales and use tax imposed, property tax abatement required, Civil Unrest Investigatory Commission established, and money appropriated.","PROMISE Act established, community repair panel created, redevelopment and relief programs created, Metropolitan Area Redevelopment Corporation established, sales and use tax imposed, property tax abatement required, Civil Unrest Investigatory Commission established, and money appropriated.",1767,"House Jobs and Economic Development Finance",2020-09-11,"Introduction and first reading, referred to Jobs and Economic Development Finance Division",https://legiscan.com/MN/bill/HF3/2020/X4,https://www.revisor.mn.gov/bills/bill.php?b=House&f=HF0003&ssn=4&y=2020
1377711,1767,HF4,1,Introduced,2020-09-11,"General education, education excellence, teachers, Department of Education housekeeping, nutrition, and early childhood education provisions modified.","General education, education excellence, teachers, Department of Education housekeeping, nutrition, and early childhood education provisions modified.",2699,"House Education Policy",2020-09-11,"Introduction and first reading, referred to Education Policy",https://legiscan.com/MN/bill/HF4/2020/X4,https://www.revisor.mn.gov/bills/bill.php?b=House&f=HF0004&ssn=4&y=2020
1377752,1767,HF5,1,Introduced,2020-09-11,"Unemployment insurance additional benefits for mining employees authorized.","Unemployment insurance additional benefits for mining employees authorized.",1767,"House Jobs and Economic Development Finance",2020-09-11,"Introduction and first reading, referred to Jobs and Economic Development Finance Division",https://legiscan.com/MN/bill/HF5/2020/X4,https://www.revisor.mn.gov/bills/bill.php?b=House&f=HF0005&ssn=4&y=2020
1377719,1767,HF6,1,Introduced,2020-09-11,"Commissioner of corrections prohibited from closing or reducing staffing for the Togo Challenge Incarceration Program.","Commissioner of corrections prohibited from closing or reducing staffing for the Togo Challenge Incarceration Program.",3810,"House Public Safety and Criminal Justice Reform Finance & Policy",2020-09-11,"Introduction and first reading, referred to Public Safety and Criminal Justice Reform Finance and Policy Division",https://legiscan.com/MN/bill/HF6/2020/X4,https://www.revisor.mn.gov/bills/bill.php?b=House&f=HF0006&ssn=4&y=2020
1377714,1767,HF7,1,Introduced,2020-09-11,"Itasca County Jail facility sunset extended.","Itasca County Jail facility sunset extended.",3810,"House Public Safety and Criminal Justice Reform Finance & Policy",2020-09-11,"Introduction and first reading, referred to Public Safety and Criminal Justice Reform Finance and Policy Division",https://legiscan.com/MN/bill/HF7/2020/X4,https://www.revisor.mn.gov/bills/bill.php?b=House&f=HF0007&ssn=4&y=2020
1377724,1767,HF8,1,Introduced,2020-09-11,"Public Employment Relations Board provisions effective date modified.","Public Employment Relations Board provisions effective date modified.",3805,"House Labor",2020-09-11,"Introduction and first reading, referred to Labor",https://legiscan.com/MN/bill/HF8/2020/X4,https://www.revisor.mn.gov/bills/bill.php?b=House&f=HF0008&ssn=4&y=2020
1377709,1767,HF9,1,Introduced,2020-09-11,"COVID-19; occupational disease definition expanded.","COVID-19; occupational disease definition expanded.",3805,"House Labor",2020-09-11,"Introduction and first reading, referred to Labor",https://legiscan.com/MN/bill/HF9/2020/X4,https://www.revisor.mn.gov/bills/bill.php?b=House&f=HF0009&ssn=4&y=2020
1377739,1767,HF10,1,Introduced,2020-09-11,"Civil unrest immediate relief program created, reports required, and money appropriated.","Civil unrest immediate relief program created, reports required, and money appropriated.",1767,"House Jobs and Economic Development Finance",2020-09-11,"Introduction and first reading, referred to Jobs and Economic Development Finance Division",https://legiscan.com/MN/bill/HF10/2020/X4,https://www.revisor.mn.gov/bills/bill.php?b=House&f=HF0010&ssn=4&y=2020
1377731,1767,HF11,1,Introduced,2020-09-11,"Court guidance provided on sentencing veterans for criminal offenses related to a service-related disorder.","Court guidance provided on sentencing veterans for criminal offenses related to a service-related disorder.",3827,"House Veterans and Military Affairs Finance & Policy",2020-09-11,"Introduction and first reading, referred to Veterans and Military Affairs Finance and Policy Division",https://legiscan.com/MN/bill/HF11/2020/X4,https://www.revisor.mn.gov/bills/bill.php?b=House&f=HF0011&ssn=4&y=2020
1377742,1767,HF12,1,Introduced,2020-09-11,"COVID-19; distance learning equipment funding program established, telemedicine equipment grant program established, reports required, and money appropriated.","COVID-19; distance learning equipment funding program established, telemedicine equipment grant program established, reports required, and money appropriated.",1777,"House Ways and Means",2020-09-11,"Introduction and first reading, referred to Ways and Means",https://legiscan.com/MN/bill/HF12/2020/X4,https://www.revisor.mn.gov/bills/bill.php?b=House&f=HF0012&ssn=4&y=2020
1377697,1767,HF13,1,Introduced,2020-09-11,"2020 Workers' Compensation Advisory Council recommendations adopted.","2020 Workers' Compensation Advisory Council recommendations adopted.",3805,"House Labor",2020-09-11,"Introduction and first reading, referred to Labor",https://legiscan.com/MN/bill/HF13/2020/X4,https://www.revisor.mn.gov/bills/bill.php?b=House&f=HF0013&ssn=4&y=2020
1377737,1767,HF14,1,Introduced,2020-09-11,"Economic development grant eligibility requirements amended.","Economic development grant eligibility requirements amended.",1767,"House Jobs and Economic Development Finance",2020-09-11,"Introduction and first reading, referred to Jobs and Economic Development Finance Division",https://legiscan.com/MN/bill/HF14/2020/X4,https://www.revisor.mn.gov/bills/bill.php?b=House&f=HF0014&ssn=4&y=2020
1377712,1767,HF15,1,Introduced,2020-09-11,"Advanced biofuel, renewable chemical, and biosmass thermal incentive programs modified; and bioincentive programs, ammonia production pilot demonstration project, and Mountain Iron Economic Development grant funding appropriated.","Advanced biofuel, renewable chemical, and biosmass thermal incentive programs modified; and bioincentive programs, ammonia production pilot demonstration project, and Mountain Iron Economic Development grant funding appropriated.",3909,"House Energy and Climate Finance and Policy",2020-09-11,"Introduction and first reading, referred to Energy and Climate Finance and Policy Division",https://legiscan.com/MN/bill/HF15/2020/X4,https://www.revisor.mn.gov/bills/bill.php?b=House&f=HF0015&ssn=4&y=2020
1377706,1767,HF16,1,Introduced,2020-09-11,"Notary public; video conferencing permitted to fulfill the requirement to personally appear before a notarial officer for conveyance.","Notary public; video conferencing permitted to fulfill the requirement to personally appear before a notarial officer for conveyance.",2702,"House Government Operations",2020-09-11,"Introduction and first reading, referred to Government Operations",https://legiscan.com/MN/bill/HF16/2020/X4,https://www.revisor.mn.gov/bills/bill.php?b=House&f=HF0016&ssn=4&y=2020
1377750,1767,HF17,1,Introduced,2020-09-11,"Equitable geographic distribution of state employee layoffs required.","Equitable geographic distribution of state employee layoffs required.",1772,"House State Government Finance",2020-09-11,"Introduction and first reading, referred to State Government Finance Division",https://legiscan.com/MN/bill/HF17/2020/X4,https://www.revisor.mn.gov/bills/bill.php?b=House&f=HF0017&ssn=4&y=2020
1377704,1767,HF18,1,Introduced,2020-09-11,"COVID-19; electronic monitoring requirements modified, long-term care setting infection control requirements modified, hospice and assisted living bill of rights modified, assisted living service termination during peacetime emergency prohibited, SARS-CoV-2 infection control plant in long-term care setting establishment required, Long-Term Care COVID-19 Task Force established, and money appropriated.","COVID-19; electronic monitoring requirements modified, long-term care setting infection control requirements modified, hospice and assisted living bill of rights modified, assisted living service termination during peacetime emergency prohibited, SARS-CoV-2 infection control plant in long-term care setting establishment required, Long-Term Care COVID-19 Task Force established, and money appropriated.",4043,"House Long-Term Care",2020-09-11,"Introduction and first reading, referred to Long-Term Care Division",https://legiscan.com/MN/bill/HF18/2020/X4,https://www.revisor.mn.gov/bills/bill.php?b=House&f=HF0018&ssn=4&y=2020
1377745,1767,HF19,1,Introduced,2020-09-11,"Farmed Cervidae provisions modified, muzzleloader provisions modified, portable stands in certain wildlife management areas permanently allowed, and Cervidae carcass transportation restriction modified.","Farmed Cervidae provisions modified, muzzleloader provisions modified, portable stands in certain wildlife management areas permanently allowed, and Cervidae carcass transportation restriction modified.",1777,"House Ways and Means",2020-09-11,"Authors added Hansen, Becker-Finn, Lee",https://legiscan.com/MN/bill/HF19/2020/X4,https://www.revisor.mn.gov/bills/bill.php?b=House&f=HF0019&ssn=4&y=2020
1377754,1767,HF20,1,Introduced,2020-09-11,"COVID-19; grant extensions provided, and report required.","COVID-19; grant extensions provided, and report required.",1777,"House Ways and Means",2020-09-11,"Introduction and first reading, referred to Ways and Means",https://legiscan.com/MN/bill/HF20/2020/X4,https://www.revisor.mn.gov/bills/bill.php?b=House&f=HF0020&ssn=4&y=2020
1377702,1767,HF21,1,Introduced,2020-09-11,"Environment and natural resources trust fund funding provided, previous appropriations modified, and money appropriated.","Environment and natural resources trust fund funding provided, previous appropriations modified, and money appropriated.",1777,"House Ways and Means",2020-09-11,"Author added Becker-Finn",https://legiscan.com/MN/bill/HF21/2020/X4,https://www.revisor.mn.gov/bills/bill.php?b=House&f=HF0021&ssn=4&y=2020
1377713,1767,HF22,1,Introduced,2020-09-11,"Pollution Control Agency priority qualified facilities provisions modified, and property interest acquisition authority modified.","Pollution Control Agency priority qualified facilities provisions modified, and property interest acquisition authority modified.",2701,"House Environment and Natural Resources Policy",2020-09-11,"Introduction and first reading, referred to Environment and Natural Resources Policy",https://legiscan.com/MN/bill/HF22/2020/X4,https://www.revisor.mn.gov/bills/bill.php?b=House&f=HF0022&ssn=4&y=2020
1377699,1767,HF23,1,Introduced,2020-09-11,"No child left inside program appropriations modified.","No child left inside program appropriations modified.",3134,"House Environment and Natural Resources Policy Finance",2020-09-11,"Introduction and first reading, referred to Environment and Natural Resources Finance Division",https://legiscan.com/MN/bill/HF23/2020/X4,https://www.revisor.mn.gov/bills/bill.php?b=House&f=HF0023&ssn=4&y=2020
1377707,1767,HF24,1,Introduced,2020-09-11,"Environment and natural resources trust fund previous appropriation modified.","Environment and natural resources trust fund previous appropriation modified.",3134,"House Environment and Natural Resources Policy Finance",2020-09-11,"Introduction and first reading, referred to Environment and Natural Resources Finance Division",https://legiscan.com/MN/bill/HF24/2020/X4,https://www.revisor.mn.gov/bills/bill.php?b=House&f=HF0024&ssn=4&y=2020
1377723,1767,HF25,1,Introduced,2020-09-11,"Community behavioral health clinic reimbursement requirements modified, and report required.","Community behavioral health clinic reimbursement requirements modified, and report required.",1764,"House Health and Human Services Finance",2020-09-11,"Introduction and first reading, referred to Health and Human Services Finance Division",https://legiscan.com/MN/bill/HF25/2020/X4,https://www.revisor.mn.gov/bills/bill.php?b=House&f=HF0025&ssn=4&y=2020
1377730,1767,HF26,1,Introduced,2020-09-11,"Local public safety enhancements provided; community safety and security program grants authorized, Minneapolis grant to build community house established; transit safety, fare payment compliance, administrative citations, and reporting governed; multijurisdictional entity established and dedicated to addressing crime in and around the public transit system; penalties established; money transferred and appropriated.","Local public safety enhancements provided; community safety and security program grants authorized, Minneapolis grant to build community house established; transit safety, fare payment compliance, administrative citations, and reporting governed; multijurisdictional entity established and dedicated to addressing crime in and around the public transit system; penalties established; money transferred and appropriated.",3810,"House Public Safety and Criminal Justice Reform Finance & Policy",2020-09-11,"Author added Haley",https://legiscan.com/MN/bill/HF26/2020/X4,https://www.revisor.mn.gov/bills/bill.php?b=House&f=HF0026&ssn=4&y=2020
1377721,1767,HF27,1,Introduced,2020-09-11,"Polk County Law Library authorized to transfer money for Polk County courthouse technological improvements, Itasca County unorganized territory addition to Harris Township permitted.","Polk County Law Library authorized to transfer money for Polk County courthouse technological improvements, Itasca County unorganized territory addition to Harris Township permitted.",2702,"House Government Operations",2020-09-11,"Introduction and first reading, referred to Government Operations",https://legiscan.com/MN/bill/HF27/2020/X4,https://www.revisor.mn.gov/bills/bill.php?b=House&f=HF0027&ssn=4&y=2020
1377744,1767,HF28,1,Introduced,2020-09-11,"911 telecommunicator working group established to create statewide training and certification standards, and report required.","911 telecommunicator working group established to create statewide training and certification standards, and report required.",3810,"House Public Safety and Criminal Justice Reform Finance & Policy",2020-09-11,"Introduction and first reading, referred to Public Safety and Criminal Justice Reform Finance and Policy Division",https://legiscan.com/MN/bill/HF28/2020/X4,https://www.revisor.mn.gov/bills/bill.php?b=House&f=HF0028&ssn=4&y=2020
1377753,1767,HF29,1,Introduced,2020-09-11,"Environment and natural resource trust fund appropriation recipients required to perform criminal background checks on employees, volunteers, and contractors working with children.","Environment and natural resource trust fund appropriation recipients required to perform criminal background checks on employees, volunteers, and contractors working with children.",3134,"House Environment and Natural Resources Policy Finance",2020-09-11,"Introduction and first reading, referred to Environment and Natural Resources Finance Division",https://legiscan.com/MN/bill/HF29/2020/X4,https://www.revisor.mn.gov/bills/bill.php?b=House&f=HF0029&ssn=4&y=2020
1377743,1767,HF30,1,Introduced,2020-09-11,"Rulemaking to modify arrow requirements in taking big game required.","Rulemaking to modify arrow requirements in taking big game required.",2701,"House Environment and Natural Resources Policy",2020-09-11,"Introduction and first reading, referred to Environment and Natural Resources Policy",https://legiscan.com/MN/bill/HF30/2020/X4,https://www.revisor.mn.gov/bills/bill.php?b=House&f=HF0030&ssn=4&y=2020
1377705,1767,HF31,1,Introduced,2020-09-11,"Law enforcement agency data on person or entity that posted bail required to be public, and notice required to agency having custody of arrested or detained person when bail or a bond is posted.","Law enforcement agency data on person or entity that posted bail required to be public, and notice required to agency having custody of arrested or detained person when bail or a bond is posted.",3806,"House Judiciary Finance and Civil Law",2020-09-11,"Introduction and first reading, referred to Judiciary Finance and Civil Law Division",https://legiscan.com/MN/bill/HF31/2020/X4,https://www.revisor.mn.gov/bills/bill.php?b=House&f=HF0031&ssn=4&y=2020
1377717,1767,HF32,1,Introduced,2020-09-11,"Teacher licensing, hiring, and dismissal modified.","Teacher licensing, hiring, and dismissal modified.",2699,"House Education Policy",2020-09-11,"Introduction and first reading, referred to Education Policy",https://legiscan.com/MN/bill/HF32/2020/X4,https://www.revisor.mn.gov/bills/bill.php?b=House&f=HF0032&ssn=4&y=2020
1377736,1767,HF33,1,Introduced,2020-09-11,"Public schools required to provide transportation for nonpublic students on each day the student has an on-site instructional day during the 2020-2021 school year.","Public schools required to provide transportation for nonpublic students on each day the student has an on-site instructional day during the 2020-2021 school year.",2699,"House Education Policy",2020-09-11,"Introduction and first reading, referred to Education Policy",https://legiscan.com/MN/bill/HF33/2020/X4,https://www.revisor.mn.gov/bills/bill.php?b=House&f=HF0033&ssn=4&y=2020
1377740,1767,HF34,1,Introduced,2020-09-11,"2020-2021 school year; school boards authorized to establish a safe learning plan, parent-based distance learning program established, school calendar modified, school district fund transfer flexibility extended, distance learning defined, and report required.","2020-2021 school year; school boards authorized to establish a safe learning plan, parent-based distance learning program established, school calendar modified, school district fund transfer flexibility extended, distance learning defined, and report required.",2699,"House Education Policy",2020-09-11,"Introduction and first reading, referred to Education Policy",https://legiscan.com/MN/bill/HF34/2020/X4,https://www.revisor.mn.gov/bills/bill.php?b=House&f=HF0034&ssn=4&y=2020
1377770,1767,HC1,1,Introduced,2020-09-11,"A house concurrent resolution terminating the peacetime emergency.","A house concurrent resolution terminating the peacetime emergency.",1771,"House Rules and Legislative Administration",2020-09-11,"Resolution referred to Rules and Legislative Administration",https://legiscan.com/MN/bill/HC1/2020/X4,https://www.revisor.mn.gov/bills/bill.php?b=House&f=HC0001&ssn=4&y=2020
1377728,1767,SF1,1,Introduced,2020-09-11,"Military veteran offenders restorative justice sentence","Military veteran offenders restorative justice sentence",0,,2020-09-11,"Third reading Passed",https://legiscan.com/MN/bill/SF1/2020/X4,https://www.revisor.mn.gov/bills/bill.php?b=Senate&f=SF0001&ssn=4&y=2020
1377715,1767,SF2,1,Introduced,2020-09-11,"Miscellaneous tax provisions modification","Miscellaneous tax provisions modification",1750,"Senate Rules and Administration",2020-09-11,"Referred to Rules and Administration",https://legiscan.com/MN/bill/SF2/2020/X4,https://www.revisor.mn.gov/bills/bill.php?b=Senate&f=SF0002&ssn=4&y=2020
1377747,1767,SF3,1,Introduced,2020-09-11,"911 telecommunicator working group to recommend statewide standards for training and certification establishment","911 telecommunicator working group to recommend statewide standards for training and certification establishment",1750,"Senate Rules and Administration",2020-09-11,"Referred to Rules and Administration",https://legiscan.com/MN/bill/SF3/2020/X4,https://www.revisor.mn.gov/bills/bill.php?b=Senate&f=SF0003&ssn=4&y=2020
1377729,1767,SF4,1,Introduced,2020-09-11,"Child protection background checks for recipients of money appropriated from the environmental and natural resources trust fund","Child protection background checks for recipients of money appropriated from the environmental and natural resources trust fund",1750,"Senate Rules and Administration",2020-09-11,"Referred to Rules and Administration",https://legiscan.com/MN/bill/SF4/2020/X4,https://www.revisor.mn.gov/bills/bill.php?b=Senate&f=SF0004&ssn=4&y=2020
1377749,1767,SF5,1,Introduced,2020-09-11,"State owned property sale and proceeds use for Minnesota Correctional Facility-Togo requirement","State owned property sale and proceeds use for Minnesota Correctional Facility-Togo requirement",1750,"Senate Rules and Administration",2020-09-11,"Author added Limmer",https://legiscan.com/MN/bill/SF5/2020/X4,https://www.revisor.mn.gov/bills/bill.php?b=Senate&f=SF0005&ssn=4&y=2020
1377751,1767,SF6,1,Introduced,2020-09-11,"Distance learning broadband access grant program creation; telemedicine equipment grant program establishment and appropriation","Distance learning broadband access grant program creation; telemedicine equipment grant program establishment and appropriation",1750,"Senate Rules and Administration",2020-09-11,"Referred to Rules and Administration",https://legiscan.com/MN/bill/SF6/2020/X4,https://www.revisor.mn.gov/bills/bill.php?b=Senate&f=SF0006&ssn=4&y=2020
1377732,1767,SF7,1,Introduced,2020-09-11,"Remote recreational businesses forgivable loan program establishment and appropriation","Remote recreational businesses forgivable loan program establishment and appropriation",1750,"Senate Rules and Administration",2020-09-11,"Referred to Rules and Administration",https://legiscan.com/MN/bill/SF7/2020/X4,https://www.revisor.mn.gov/bills/bill.php?b=Senate&f=SF0007&ssn=4&y=2020
1377734,1767,SF8,1,Introduced,2020-09-11,"Temporary basic sliding fee child care assistance program priorities and program changes","Temporary basic sliding fee child care assistance program priorities and program changes",1750,"Senate Rules and Administration",2020-09-11,"Referred to Rules and Administration",https://legiscan.com/MN/bill/SF8/2020/X4,https://www.revisor.mn.gov/bills/bill.php?b=Senate&f=SF0008&ssn=4&y=2020
1377698,1767,SF9,1,Introduced,2020-09-11,"Income and franchise temporary tax credit for businesses required to close or operate at reduced capacity","Income and franchise temporary tax credit for businesses required to close or operate at reduced capacity",1750,"Senate Rules and Administration",2020-09-11,"Referred to Rules and Administration",https://legiscan.com/MN/bill/SF9/2020/X4,https://www.revisor.mn.gov/bills/bill.php?b=Senate&f=SF0009&ssn=4&y=2020
1377746,1767,SF10,1,Introduced,2020-09-11,"Pupil units adjustment for school revenue formulas","Pupil units adjustment for school revenue formulas",1750,"Senate Rules and Administration",2020-09-11,"Referred to Rules and Administration",https://legiscan.com/MN/bill/SF10/2020/X4,https://www.revisor.mn.gov/bills/bill.php?b=Senate&f=SF0010&ssn=4&y=2020
1377738,1767,SF11,1,Introduced,2020-09-11,"Mental health provider retention grants establishment","Mental health provider retention grants establishment",1750,"Senate Rules and Administration",2020-09-11,"Referred to Rules and Administration",https://legiscan.com/MN/bill/SF11/2020/X4,https://www.revisor.mn.gov/bills/bill.php?b=Senate&f=SF0011&ssn=4&y=2020
1377700,1767,SF12,1,Introduced,2020-09-11,"State employee layoffs equitable geographic distribution requirement","State employee layoffs equitable geographic distribution requirement",1750,"Senate Rules and Administration",2020-09-11,"Referred to Rules and Administration",https://legiscan.com/MN/bill/SF12/2020/X4,https://www.revisor.mn.gov/bills/bill.php?b=Senate&f=SF0012&ssn=4&y=2020
1377708,1767,SF13,1,Introduced,2020-09-11,"Mining employees additional unemployment insurance benefits authorization","Mining employees additional unemployment insurance benefits authorization",1750,"Senate Rules and Administration",2020-09-11,"Referred to Rules and Administration",https://legiscan.com/MN/bill/SF13/2020/X4,https://www.revisor.mn.gov/bills/bill.php?b=Senate&f=SF0013&ssn=4&y=2020
1377727,1767,SF14,1,Introduced,2020-09-11,"Long-term care facilities infectious disease control, consumer protections, rights enforcement, retaliation private cause of action, termination prohibition, and clients transfer provisions modifications; long-term care COVID-19 task force; appropriation","Long-term care facilities infectious disease control, consumer protections, rights enforcement, retaliation private cause of action, termination prohibition, and clients transfer provisions modifications; long-term care COVID-19 task force; appropriation",1750,"Senate Rules and Administration",2020-09-11,"Referred to Rules and Administration",https://legiscan.com/MN/bill/SF14/2020/X4,https://www.revisor.mn.gov/bills/bill.php?b=Senate&f=SF0014&ssn=4&y=2020
1377763,1767,SF15,1,Introduced,2020-09-11,"Appointment confirmation through Senate inaction establishment","Appointment confirmation through Senate inaction establishment",1750,"Senate Rules and Administration",2020-09-11,"Author added Marty",https://legiscan.com/MN/bill/SF15/2020/X4,https://www.revisor.mn.gov/bills/bill.php?b=Senate&f=SF0015&ssn=4&y=2020
1377759,1767,SF16,1,Introduced,2020-09-11,"Temporary renewable fuel reimbursement program for producers affected by COVID-19 and appropriation","Temporary renewable fuel reimbursement program for producers affected by COVID-19 and appropriation",1750,"Senate Rules and Administration",2020-09-11,"Author added Westrom",https://legiscan.com/MN/bill/SF16/2020/X4,https://www.revisor.mn.gov/bills/bill.php?b=Senate&f=SF0016&ssn=4&y=2020
1377769,1767,SF17,1,Introduced,2020-09-11,"Togo Challenge Incarceration Program staff reduction or closure prohibition","Togo Challenge Incarceration Program staff reduction or closure prohibition",1750,"Senate Rules and Administration",2020-09-11,"Referred to Rules and Administration",https://legiscan.com/MN/bill/SF17/2020/X4,https://www.revisor.mn.gov/bills/bill.php?b=Senate&f=SF0017&ssn=4&y=2020
1377757,1767,SF18,1,Introduced,2020-09-11,"Itasca county jail sunset extension","Itasca county jail sunset extension",1750,"Senate Rules and Administration",2020-09-11,"Referred to Rules and Administration",https://legiscan.com/MN/bill/SF18/2020/X4,https://www.revisor.mn.gov/bills/bill.php?b=Senate&f=SF0018&ssn=4&y=2020
1377767,1767,SF19,1,Introduced,2020-09-11,"Small business relief grants program modification","Small business relief grants program modification",1750,"Senate Rules and Administration",2020-09-11,"Referred to Rules and Administration",https://legiscan.com/MN/bill/SF19/2020/X4,https://www.revisor.mn.gov/bills/bill.php?b=Senate&f=SF0019&ssn=4&y=2020
1377701,1767,SR1,4,Passed,2020-09-11,"A Senate resolution relating to organization and operation of the Senate during Special Session","A Senate resolution relating to organization and operation of the Senate during Special Session",0,,2020-09-11,Adopted,https://legiscan.com/MN/bill/SR1/2020/X4,https://www.revisor.mn.gov/bills/bill.php?b=Senate&f=SR0001&ssn=4&y=2020
1377735,1767,SR2,4,Passed,2020-09-11,"A Senate resolution notifying the House of Representatives and the Governor that the Senate is organized","A Senate resolution notifying the House of Representatives and the Governor that the Senate is organized",0,,2020-09-11,"Adopted (voice vote)",https://legiscan.com/MN/bill/SR2/2020/X4,https://www.revisor.mn.gov/bills/bill.php?b=Senate&f=SR0002&ssn=4&y=2020
1377758,1767,SR3,1,Introduced,2020-09-11,"A Senate resolution congratulating Ryan Johnson for earning the rank of Eagle Scout","A Senate resolution congratulating Ryan Johnson for earning the rank of Eagle Scout",1750,"Senate Rules and Administration",2020-09-11,"Referred to Rules and Administration",https://legiscan.com/MN/bill/SR3/2020/X4,https://www.revisor.mn.gov/bills/bill.php?b=Senate&f=SR0003&ssn=4&y=2020
1377761,1767,SR4,1,Introduced,2020-09-11,"A Senate resolution congratulating Hunter Simard of Clearwater, Minnesota, for earning the rank of Eagle Scout","A Senate resolution congratulating Hunter Simard of Clearwater, Minnesota, for earning the rank of Eagle Scout",1750,"Senate Rules and Administration",2020-09-11,"Referred to Rules and Administration",https://legiscan.com/MN/bill/SR4/2020/X4,https://www.revisor.mn.gov/bills/bill.php?b=Senate&f=SR0004&ssn=4&y=2020
1377756,1767,SR5,1,Introduced,2020-09-11,"A Senate resolution congratulating Aiden Sherer of Lino Lakes, Minnesota, for earning the rank of Eagle Scout","A Senate resolution congratulating Aiden Sherer of Lino Lakes, Minnesota, for earning the rank of Eagle Scout",1750,"Senate Rules and Administration",2020-09-11,"Referred to Rules and Administration",https://legiscan.com/MN/bill/SR5/2020/X4,https://www.revisor.mn.gov/bills/bill.php?b=Senate&f=SR0005&ssn=4&y=2020
1377765,1767,SR6,1,Introduced,2020-09-11,"A Senate resolution congratulating Peter Mundale of Blaine, Minnesota, for earning the rank of Eagle Scout","A Senate resolution congratulating Peter Mundale of Blaine, Minnesota, for earning the rank of Eagle Scout",1750,"Senate Rules and Administration",2020-09-11,"Referred to Rules and Administration",https://legiscan.com/MN/bill/SR6/2020/X4,https://www.revisor.mn.gov/bills/bill.php?b=Senate&f=SR0006&ssn=4&y=2020
1377762,1767,SR7,4,Passed,2020-09-11,"A Senate resolution relating to adjournment of the Special Session","A Senate resolution relating to adjournment of the Special Session",0,,2020-09-11,"Adopted (voice vote)",https://legiscan.com/MN/bill/SR7/2020/X4,https://www.revisor.mn.gov/bills/bill.php?b=Senate&f=SR0007&ssn=4&y=2020
1377766,1767,SC1,4,Passed,2020-09-11,"A Senate concurrent resolution relating to Minnesota's peacetime emergency; terminating the peacetime emergency pursuant to the authority granted under Minnesota Statues, section 12.31, subdivision2, paragraph (b)","A Senate concurrent resolution relating to Minnesota's peacetime emergency; terminating the peacetime emergency pursuant to the authority granted under Minnesota Statues, section 12.31, subdivision2, paragraph (b)",0,,2020-09-11,Adopted,https://legiscan.com/MN/bill/SC1/2020/X4,https://www.revisor.mn.gov/bills/bill.php?b=Senate&f=SC0001&ssn=4&y=2020
