bill_id,document_id,document_type,document_size,document_mime,document_desc,url,state_link
1377696,2208061,text,2934914,application/pdf,Introduced,https://legiscan.com/MN/text/HF1/id/2208061,https://www.revisor.mn.gov/bills/text.php?number=HF1&version=0&session=ls91&session_year=2020&session_number=4&format=pdf
1377720,2208085,text,701197,application/pdf,Introduced,https://legiscan.com/MN/text/HF2/id/2208085,https://www.revisor.mn.gov/bills/text.php?number=HF2&version=0&session=ls91&session_year=2020&session_number=4&format=pdf
1377722,2208087,text,658273,application/pdf,Introduced,https://legiscan.com/MN/text/HF3/id/2208087,https://www.revisor.mn.gov/bills/text.php?number=HF3&version=0&session=ls91&session_year=2020&session_number=4&format=pdf
1377711,2208076,text,628436,application/pdf,Introduced,https://legiscan.com/MN/text/HF4/id/2208076,https://www.revisor.mn.gov/bills/text.php?number=HF4&version=0&session=ls91&session_year=2020&session_number=4&format=pdf
1377752,2208117,text,236931,application/pdf,Introduced,https://legiscan.com/MN/text/HF5/id/2208117,https://www.revisor.mn.gov/bills/text.php?number=HF5&version=0&session=ls91&session_year=2020&session_number=4&format=pdf
1377719,2208084,text,201396,application/pdf,Introduced,https://legiscan.com/MN/text/HF6/id/2208084,https://www.revisor.mn.gov/bills/text.php?number=HF6&version=0&session=ls91&session_year=2020&session_number=4&format=pdf
1377714,2208079,text,197381,application/pdf,Introduced,https://legiscan.com/MN/text/HF7/id/2208079,https://www.revisor.mn.gov/bills/text.php?number=HF7&version=0&session=ls91&session_year=2020&session_number=4&format=pdf
1377724,2208089,text,199160,application/pdf,Introduced,https://legiscan.com/MN/text/HF8/id/2208089,https://www.revisor.mn.gov/bills/text.php?number=HF8&version=0&session=ls91&session_year=2020&session_number=4&format=pdf
1377709,2208074,text,240149,application/pdf,Introduced,https://legiscan.com/MN/text/HF9/id/2208074,https://www.revisor.mn.gov/bills/text.php?number=HF9&version=0&session=ls91&session_year=2020&session_number=4&format=pdf
1377739,2208104,text,258091,application/pdf,Introduced,https://legiscan.com/MN/text/HF10/id/2208104,https://www.revisor.mn.gov/bills/text.php?number=HF10&version=0&session=ls91&session_year=2020&session_number=4&format=pdf
1377731,2208096,text,274695,application/pdf,Introduced,https://legiscan.com/MN/text/HF11/id/2208096,https://www.revisor.mn.gov/bills/text.php?number=HF11&version=0&session=ls91&session_year=2020&session_number=4&format=pdf
1377742,2208107,text,338200,application/pdf,Introduced,https://legiscan.com/MN/text/HF12/id/2208107,https://www.revisor.mn.gov/bills/text.php?number=HF12&version=0&session=ls91&session_year=2020&session_number=4&format=pdf
1377697,2208062,text,588336,application/pdf,Introduced,https://legiscan.com/MN/text/HF13/id/2208062,https://www.revisor.mn.gov/bills/text.php?number=HF13&version=0&session=ls91&session_year=2020&session_number=4&format=pdf
1377737,2208102,text,221808,application/pdf,Introduced,https://legiscan.com/MN/text/HF14/id/2208102,https://www.revisor.mn.gov/bills/text.php?number=HF14&version=0&session=ls91&session_year=2020&session_number=4&format=pdf
1377712,2208077,text,281513,application/pdf,Introduced,https://legiscan.com/MN/text/HF15/id/2208077,https://www.revisor.mn.gov/bills/text.php?number=HF15&version=0&session=ls91&session_year=2020&session_number=4&format=pdf
1377706,2208071,text,212739,application/pdf,Introduced,https://legiscan.com/MN/text/HF16/id/2208071,https://www.revisor.mn.gov/bills/text.php?number=HF16&version=0&session=ls91&session_year=2020&session_number=4&format=pdf
1377750,2208115,text,199548,application/pdf,Introduced,https://legiscan.com/MN/text/HF17/id/2208115,https://www.revisor.mn.gov/bills/text.php?number=HF17&version=0&session=ls91&session_year=2020&session_number=4&format=pdf
1377704,2208069,text,1110358,application/pdf,Introduced,https://legiscan.com/MN/text/HF18/id/2208069,https://www.revisor.mn.gov/bills/text.php?number=HF18&version=0&session=ls91&session_year=2020&session_number=4&format=pdf
1377745,2208110,text,260181,application/pdf,Introduced,https://legiscan.com/MN/text/HF19/id/2208110,https://www.revisor.mn.gov/bills/text.php?number=HF19&version=0&session=ls91&session_year=2020&session_number=4&format=pdf
1377754,2208119,text,211748,application/pdf,Introduced,https://legiscan.com/MN/text/HF20/id/2208119,https://www.revisor.mn.gov/bills/text.php?number=HF20&version=0&session=ls91&session_year=2020&session_number=4&format=pdf
1377702,2208067,text,852387,application/pdf,Introduced,https://legiscan.com/MN/text/HF21/id/2208067,https://www.revisor.mn.gov/bills/text.php?number=HF21&version=0&session=ls91&session_year=2020&session_number=4&format=pdf
1377713,2208078,text,277876,application/pdf,Introduced,https://legiscan.com/MN/text/HF22/id/2208078,https://www.revisor.mn.gov/bills/text.php?number=HF22&version=0&session=ls91&session_year=2020&session_number=4&format=pdf
1377699,2208064,text,238198,application/pdf,Introduced,https://legiscan.com/MN/text/HF23/id/2208064,https://www.revisor.mn.gov/bills/text.php?number=HF23&version=0&session=ls91&session_year=2020&session_number=4&format=pdf
1377707,2208072,text,263957,application/pdf,Introduced,https://legiscan.com/MN/text/HF24/id/2208072,https://www.revisor.mn.gov/bills/text.php?number=HF24&version=0&session=ls91&session_year=2020&session_number=4&format=pdf
1377723,2208088,text,221070,application/pdf,Introduced,https://legiscan.com/MN/text/HF25/id/2208088,https://www.revisor.mn.gov/bills/text.php?number=HF25&version=0&session=ls91&session_year=2020&session_number=4&format=pdf
1377730,2208095,text,347918,application/pdf,Introduced,https://legiscan.com/MN/text/HF26/id/2208095,https://www.revisor.mn.gov/bills/text.php?number=HF26&version=0&session=ls91&session_year=2020&session_number=4&format=pdf
1377721,2208086,text,216691,application/pdf,Introduced,https://legiscan.com/MN/text/HF27/id/2208086,https://www.revisor.mn.gov/bills/text.php?number=HF27&version=0&session=ls91&session_year=2020&session_number=4&format=pdf
1377744,2208109,text,229506,application/pdf,Introduced,https://legiscan.com/MN/text/HF28/id/2208109,https://www.revisor.mn.gov/bills/text.php?number=HF28&version=0&session=ls91&session_year=2020&session_number=4&format=pdf
1377753,2208118,text,199799,application/pdf,Introduced,https://legiscan.com/MN/text/HF29/id/2208118,https://www.revisor.mn.gov/bills/text.php?number=HF29&version=0&session=ls91&session_year=2020&session_number=4&format=pdf
1377743,2208108,text,199584,application/pdf,Introduced,https://legiscan.com/MN/text/HF30/id/2208108,https://www.revisor.mn.gov/bills/text.php?number=HF30&version=0&session=ls91&session_year=2020&session_number=4&format=pdf
1377705,2208070,text,241697,application/pdf,Introduced,https://legiscan.com/MN/text/HF31/id/2208070,https://www.revisor.mn.gov/bills/text.php?number=HF31&version=0&session=ls91&session_year=2020&session_number=4&format=pdf
1377717,2208082,text,238360,application/pdf,Introduced,https://legiscan.com/MN/text/HF32/id/2208082,https://www.revisor.mn.gov/bills/text.php?number=HF32&version=0&session=ls91&session_year=2020&session_number=4&format=pdf
1377736,2208101,text,207088,application/pdf,Introduced,https://legiscan.com/MN/text/HF33/id/2208101,https://www.revisor.mn.gov/bills/text.php?number=HF33&version=0&session=ls91&session_year=2020&session_number=4&format=pdf
1377740,2208105,text,315078,application/pdf,Introduced,https://legiscan.com/MN/text/HF34/id/2208105,https://www.revisor.mn.gov/bills/text.php?number=HF34&version=0&session=ls91&session_year=2020&session_number=4&format=pdf
1377770,2208138,text,62253,text/html,Draft,https://legiscan.com/MN/text/HC1/id/2208138,https://www.revisor.mn.gov/bills/text.php?number=HC1&session=ls91&version=latest&session_number=4&session_year=2020
1377728,2208093,text,277192,application/pdf,Introduced,https://legiscan.com/MN/text/SF1/id/2208093,https://www.revisor.mn.gov/bills/text.php?number=SF1&version=0&session=ls91&session_year=2020&session_number=4&format=pdf
1377715,2208080,text,798139,application/pdf,Introduced,https://legiscan.com/MN/text/SF2/id/2208080,https://www.revisor.mn.gov/bills/text.php?number=SF2&version=0&session=ls91&session_year=2020&session_number=4&format=pdf
1377747,2208112,text,230286,application/pdf,Introduced,https://legiscan.com/MN/text/SF3/id/2208112,https://www.revisor.mn.gov/bills/text.php?number=SF3&version=0&session=ls91&session_year=2020&session_number=4&format=pdf
1377729,2208094,text,200371,application/pdf,Introduced,https://legiscan.com/MN/text/SF4/id/2208094,https://www.revisor.mn.gov/bills/text.php?number=SF4&version=0&session=ls91&session_year=2020&session_number=4&format=pdf
1377749,2208114,text,200008,application/pdf,Introduced,https://legiscan.com/MN/text/SF5/id/2208114,https://www.revisor.mn.gov/bills/text.php?number=SF5&version=0&session=ls91&session_year=2020&session_number=4&format=pdf
1377751,2208116,text,339603,application/pdf,Introduced,https://legiscan.com/MN/text/SF6/id/2208116,https://www.revisor.mn.gov/bills/text.php?number=SF6&version=0&session=ls91&session_year=2020&session_number=4&format=pdf
1377732,2208097,text,234059,application/pdf,Introduced,https://legiscan.com/MN/text/SF7/id/2208097,https://www.revisor.mn.gov/bills/text.php?number=SF7&version=0&session=ls91&session_year=2020&session_number=4&format=pdf
1377734,2208099,text,217909,application/pdf,Introduced,https://legiscan.com/MN/text/SF8/id/2208099,https://www.revisor.mn.gov/bills/text.php?number=SF8&version=0&session=ls91&session_year=2020&session_number=4&format=pdf
1377698,2208063,text,228893,application/pdf,Introduced,https://legiscan.com/MN/text/SF9/id/2208063,https://www.revisor.mn.gov/bills/text.php?number=SF9&version=0&session=ls91&session_year=2020&session_number=4&format=pdf
1377746,2208111,text,208370,application/pdf,Introduced,https://legiscan.com/MN/text/SF10/id/2208111,https://www.revisor.mn.gov/bills/text.php?number=SF10&version=0&session=ls91&session_year=2020&session_number=4&format=pdf
1377738,2208103,text,257274,application/pdf,Introduced,https://legiscan.com/MN/text/SF11/id/2208103,https://www.revisor.mn.gov/bills/text.php?number=SF11&version=0&session=ls91&session_year=2020&session_number=4&format=pdf
1377700,2208065,text,200679,application/pdf,Introduced,https://legiscan.com/MN/text/SF12/id/2208065,https://www.revisor.mn.gov/bills/text.php?number=SF12&version=0&session=ls91&session_year=2020&session_number=4&format=pdf
1377708,2208073,text,237352,application/pdf,Introduced,https://legiscan.com/MN/text/SF13/id/2208073,https://www.revisor.mn.gov/bills/text.php?number=SF13&version=0&session=ls91&session_year=2020&session_number=4&format=pdf
1377727,2208092,text,1114640,application/pdf,Introduced,https://legiscan.com/MN/text/SF14/id/2208092,https://www.revisor.mn.gov/bills/text.php?number=SF14&version=0&session=ls91&session_year=2020&session_number=4&format=pdf
1377763,2208133,text,202152,application/pdf,Introduced,https://legiscan.com/MN/text/SF15/id/2208133,https://www.revisor.mn.gov/bills/text.php?number=SF15&version=0&session=ls91&session_year=2020&session_number=4&format=pdf
1377759,2208130,text,203804,application/pdf,Introduced,https://legiscan.com/MN/text/SF16/id/2208130,https://www.revisor.mn.gov/bills/text.php?number=SF16&version=0&session=ls91&session_year=2020&session_number=4&format=pdf
1377769,2208137,text,202288,application/pdf,Introduced,https://legiscan.com/MN/text/SF17/id/2208137,https://www.revisor.mn.gov/bills/text.php?number=SF17&version=0&session=ls91&session_year=2020&session_number=4&format=pdf
1377757,2208128,text,198226,application/pdf,Introduced,https://legiscan.com/MN/text/SF18/id/2208128,https://www.revisor.mn.gov/bills/text.php?number=SF18&version=0&session=ls91&session_year=2020&session_number=4&format=pdf
1377767,2208136,text,222751,application/pdf,Introduced,https://legiscan.com/MN/text/SF19/id/2208136,https://www.revisor.mn.gov/bills/text.php?number=SF19&version=0&session=ls91&session_year=2020&session_number=4&format=pdf
1377701,2208066,text,2005,text/html,Draft,https://legiscan.com/MN/text/SR1/id/2208066,https://www.revisor.mn.gov/bills/text.php?number=SR1&session=ls91&version=latest&session_number=4&session_year=2020
1377735,2208100,text,1236,text/html,Draft,https://legiscan.com/MN/text/SR2/id/2208100,https://www.revisor.mn.gov/bills/text.php?number=SR2&session=ls91&version=latest&session_number=4&session_year=2020
1377758,2208129,text,430,text/html,Draft,https://legiscan.com/MN/text/SR3/id/2208129,https://www.revisor.mn.gov/bills/text.php?number=SR3&session=ls91&version=latest&session_number=4&session_year=2020
1377761,2208131,text,430,text/html,Draft,https://legiscan.com/MN/text/SR4/id/2208131,https://www.revisor.mn.gov/bills/text.php?number=SR4&session=ls91&version=latest&session_number=4&session_year=2020
1377756,2208127,text,430,text/html,Draft,https://legiscan.com/MN/text/SR5/id/2208127,https://www.revisor.mn.gov/bills/text.php?number=SR5&session=ls91&version=latest&session_number=4&session_year=2020
1377765,2208134,text,430,text/html,Draft,https://legiscan.com/MN/text/SR6/id/2208134,https://www.revisor.mn.gov/bills/text.php?number=SR6&session=ls91&version=latest&session_number=4&session_year=2020
1377762,2208132,text,1323,text/html,Draft,https://legiscan.com/MN/text/SR7/id/2208132,https://www.revisor.mn.gov/bills/text.php?number=SR7&session=ls91&version=latest&session_number=4&session_year=2020
1377766,2208135,text,4755,text/html,Draft,https://legiscan.com/MN/text/SC1/id/2208135,https://www.revisor.mn.gov/bills/text.php?number=SC1&session=ls91&version=latest&session_number=4&session_year=2020
