bill_id,date,chamber,sequence,action
1377696,2020-09-11,House,1,"Introduction and first reading, referred to Ways and Means"
1377697,2020-09-11,House,1,"Introduction and first reading, referred to Labor"
1377698,2020-09-11,Senate,1,"Introduction and first reading"
1377698,2020-09-11,Senate,2,"Referred to Rules and Administration"
1377699,2020-09-11,House,1,"Introduction and first reading, referred to Environment and Natural Resources Finance Division"
1377700,2020-09-11,Senate,1,"Introduction and first reading"
1377700,2020-09-11,Senate,2,"Referred to Rules and Administration"
1377701,2020-09-11,Senate,1,Introduction
1377701,2020-09-11,Senate,2,Adopted
1377702,2020-09-11,House,1,"Introduction and first reading, referred to Ways and Means"
1377702,2020-09-11,House,2,"Author added Becker-Finn"
1377704,2020-09-11,House,1,"Introduction and first reading, referred to Long-Term Care Division"
1377705,2020-09-11,House,1,"Introduction and first reading, referred to Judiciary Finance and Civil Law Division"
1377706,2020-09-11,House,1,"Introduction and first reading, referred to Government Operations"
1377707,2020-09-11,House,1,"Introduction and first reading, referred to Environment and Natural Resources Finance Division"
1377708,2020-09-11,Senate,1,"Introduction and first reading"
1377708,2020-09-11,Senate,2,"Referred to Rules and Administration"
1377709,2020-09-11,House,1,"Introduction and first reading, referred to Labor"
1377711,2020-09-11,House,1,"Introduction and first reading, referred to Education Policy"
1377712,2020-09-11,House,1,"Introduction and first reading, referred to Energy and Climate Finance and Policy Division"
1377713,2020-09-11,House,1,"Introduction and first reading, referred to Environment and Natural Resources Policy"
1377714,2020-09-11,House,1,"Introduction and first reading, referred to Public Safety and Criminal Justice Reform Finance and Policy Division"
1377715,2020-09-11,Senate,1,"Introduction and first reading"
1377715,2020-09-11,Senate,2,"Referred to Rules and Administration"
1377717,2020-09-11,House,1,"Introduction and first reading, referred to Education Policy"
1377719,2020-09-11,House,1,"Introduction and first reading, referred to Public Safety and Criminal Justice Reform Finance and Policy Division"
1377720,2020-09-11,House,1,"Introduction and first reading, referred to Ways and Means"
1377721,2020-09-11,House,1,"Introduction and first reading, referred to Government Operations"
1377722,2020-09-11,House,1,"Introduction and first reading, referred to Jobs and Economic Development Finance Division"
1377723,2020-09-11,House,1,"Introduction and first reading, referred to Health and Human Services Finance Division"
1377724,2020-09-11,House,1,"Introduction and first reading, referred to Labor"
1377727,2020-09-11,Senate,1,"Introduction and first reading"
1377727,2020-09-11,Senate,2,"Referred to Rules and Administration"
1377728,2020-09-11,Senate,1,"Introduction and first reading"
1377728,2020-09-11,Senate,2,"Laid on table"
1377728,2020-09-11,Senate,3,"Taken from table"
1377728,2020-09-11,Senate,4,"Urgency declared rules suspended"
1377728,2020-09-11,Senate,5,"Second reading"
1377728,2020-09-11,Senate,6,"Third reading Passed"
1377729,2020-09-11,Senate,1,"Introduction and first reading"
1377729,2020-09-11,Senate,2,"Referred to Rules and Administration"
1377730,2020-09-11,House,1,"Introduction and first reading, referred to Public Safety and Criminal Justice Reform Finance and Policy Division"
1377730,2020-09-11,House,2,"Author added Haley"
1377731,2020-09-11,House,1,"Introduction and first reading, referred to Veterans and Military Affairs Finance and Policy Division"
1377732,2020-09-11,Senate,1,"Introduction and first reading"
1377732,2020-09-11,Senate,2,"Referred to Rules and Administration"
1377734,2020-09-11,Senate,1,"Introduction and first reading"
1377734,2020-09-11,Senate,2,"Referred to Rules and Administration"
1377735,2020-09-11,Senate,1,Introduction
1377735,2020-09-11,Senate,2,"Adopted (voice vote)"
1377736,2020-09-11,House,1,"Introduction and first reading, referred to Education Policy"
1377737,2020-09-11,House,1,"Introduction and first reading, referred to Jobs and Economic Development Finance Division"
1377738,2020-09-11,Senate,1,"Introduction and first reading"
1377738,2020-09-11,Senate,2,"Referred to Rules and Administration"
1377739,2020-09-11,House,1,"Introduction and first reading, referred to Jobs and Economic Development Finance Division"
1377740,2020-09-11,House,1,"Introduction and first reading, referred to Education Policy"
1377742,2020-09-11,House,1,"Introduction and first reading, referred to Ways and Means"
1377743,2020-09-11,House,1,"Introduction and first reading, referred to Environment and Natural Resources Policy"
1377744,2020-09-11,House,1,"Introduction and first reading, referred to Public Safety and Criminal Justice Reform Finance and Policy Division"
1377745,2020-09-11,House,1,"Introduction and first reading, referred to Ways and Means"
1377745,2020-09-11,House,2,"Authors added Hansen, Becker-Finn, Lee"
1377746,2020-09-11,Senate,1,"Introduction and first reading"
1377746,2020-09-11,Senate,2,"Referred to Rules and Administration"
1377747,2020-09-11,Senate,1,"Introduction and first reading"
1377747,2020-09-11,Senate,2,"Referred to Rules and Administration"
1377749,2020-09-11,Senate,1,"Introduction and first reading"
1377749,2020-09-11,Senate,2,"Referred to Rules and Administration"
1377749,2020-09-11,Senate,3,"Author added Limmer"
1377750,2020-09-11,House,1,"Introduction and first reading, referred to State Government Finance Division"
1377751,2020-09-11,Senate,1,"Introduction and first reading"
1377751,2020-09-11,Senate,2,"Referred to Rules and Administration"
1377752,2020-09-11,House,1,"Introduction and first reading, referred to Jobs and Economic Development Finance Division"
1377753,2020-09-11,House,1,"Introduction and first reading, referred to Environment and Natural Resources Finance Division"
1377754,2020-09-11,House,1,"Introduction and first reading, referred to Ways and Means"
1377756,2020-09-11,Senate,1,Introduction
1377756,2020-09-11,Senate,2,"Referred to Rules and Administration"
1377757,2020-09-11,Senate,1,"Introduction and first reading"
1377757,2020-09-11,Senate,2,"Referred to Rules and Administration"
1377758,2020-09-11,Senate,1,Introduction
1377758,2020-09-11,Senate,2,"Referred to Rules and Administration"
1377759,2020-09-11,Senate,1,"Introduction and first reading"
1377759,2020-09-11,Senate,2,"Referred to Rules and Administration"
1377759,2020-09-11,Senate,3,"Author added Westrom"
1377761,2020-09-11,Senate,1,Introduction
1377761,2020-09-11,Senate,2,"Referred to Rules and Administration"
1377762,2020-09-11,Senate,1,Introduction
1377762,2020-09-11,Senate,2,"Adopted (voice vote)"
1377763,2020-09-11,Senate,1,"Introduction and first reading"
1377763,2020-09-11,Senate,2,"Referred to Rules and Administration"
1377763,2020-09-11,Senate,3,"Author added Marty"
1377765,2020-09-11,Senate,1,Introduction
1377765,2020-09-11,Senate,2,"Referred to Rules and Administration"
1377766,2020-09-11,Senate,1,Introduction
1377766,2020-09-11,Senate,2,Adopted
1377767,2020-09-11,Senate,1,"Introduction and first reading"
1377767,2020-09-11,Senate,2,"Referred to Rules and Administration"
1377769,2020-09-11,Senate,1,"Introduction and first reading"
1377769,2020-09-11,Senate,2,"Referred to Rules and Administration"
1377770,2020-09-11,House,1,"Resolution introduced"
1377770,2020-09-11,House,2,"Motion to suspend rules"
1377770,2020-09-11,House,3,"Point of order raised, ruled well taken"
1377770,2020-09-11,House,4,"Point of order raised, ruled well taken"
1377770,2020-09-11,House,5,"Motion did not prevail"
1377770,2020-09-11,House,6,"Resolution referred to Rules and Legislative Administration"
