bill_id,roll_call_id,date,chamber,description,yea,nay,nv,absent,total
829447,495377,2016-02-11,House,"House Committee Do pass with amendments. (Printed A-Eng.)",8,0,0,0,8
829447,499751,2016-02-17,House,"House Third Reading",58,0,0,2,60
829447,504453,2016-02-23,Senate,"Senate Committee Do pass the A-Eng bill",5,0,0,0,5
829447,507972,2016-02-26,Senate,"Senate Third Reading",24,0,0,6,30
829448,494369,2016-02-10,Senate,"Senate Committee Do pass with amendments. (Printed A-Eng.)",3,2,0,0,5
829449,489722,2016-02-01,House,"House Committee Do pass with amendments. (Printed A-Eng.)",7,0,0,2,9
829449,493084,2016-02-09,House,"House Third Reading",59,0,0,1,60
829449,499827,2016-02-17,Senate,"Senate Committee Do pass with amendments. (Printed B-Eng.)",4,0,0,1,5
829449,507392,2016-02-25,Senate,"Senate Third Reading",28,1,0,1,30
829449,508071,2016-02-26,House,"House Third Reading in Concurrence",58,0,0,2,60
829450,492024,2016-02-05,House,"House Committee Do pass with amendments and bill be referred to Ways and Means. (Printed A-Eng.)",6,3,0,0,9
829450,505233,2016-02-23,House,"House Committee Do pass with amendments to the A-Eng bill. (Printed B-Eng.)",16,7,0,1,24
829450,507798,2016-02-26,House,"House Motion to Rerefer",23,33,0,4,60
829450,507799,2016-02-26,House,"House Third Reading",43,13,0,4,60
829450,511746,2016-03-02,Senate,"Senate Motion to Refer",28,0,0,2,30
829452,493377,2016-02-09,Senate,"Senate Committee Do pass and refer to Ways and Means by prior reference",5,0,0,0,5
829454,491527,2016-02-04,House,"House Committee Be Adopted",7,0,0,0,7
829454,495274,2016-02-11,House,"House Special Order",60,0,0,0,60
829454,504729,2016-02-23,Senate,"Senate Committee Be adopted",4,0,0,0,4
829454,507979,2016-02-26,Senate,"Senate Final Reading",28,0,0,2,30
829455,492263,2016-02-05,Senate,"Senate Committee Do pass with amendments. (Printed A-Eng.)",6,0,0,0,6
829455,493852,2016-02-10,Senate,"Senate Third Reading",26,2,0,2,30
829455,504582,2016-02-23,House,"House Third Reading",53,1,0,6,60
829456,497315,2016-02-15,House,"House Committee Do pass with amendments. (Printed A-Eng.)",7,1,0,1,9
829456,502763,2016-02-19,House,"House Third Reading",54,4,0,2,60
829456,506512,2016-02-25,Senate,"Senate Committee Do pass with amendments. (Printed B-Eng.)",5,0,0,0,5
829456,512021,2016-03-02,Senate,"Senate Third Reading",26,2,0,2,30
829456,512707,2016-03-03,House,"House Third Reading in Concurrence",57,3,0,0,60
829457,494100,2016-02-10,House,"House Committee Do pass with amendments. (Printed A-Eng.)",6,0,0,1,7
829457,496951,2016-02-15,House,"House Third Reading",57,2,0,1,60
829457,504130,2016-02-22,Senate,"Senate Committee Do pass the A-Eng bill",5,0,0,0,5
829457,508049,2016-02-26,Senate,"Senate Third Reading",28,0,0,2,30
829459,494801,2016-02-09,House,"House Committee Do pass with amendments. (Printed A-Eng.)",7,2,0,0,9
829459,500373,2016-02-17,House,"House Committee Do pass with amendments. (Printed B-Eng.)",8,0,0,1,9
829459,503169,2016-02-22,House,"House Third Reading",53,5,0,2,60
829459,507557,2016-02-25,Senate,"Senate Committee Do pass",4,1,0,0,5
829459,511786,2016-03-02,Senate,"Senate Third Reading",22,6,0,2,30
829460,494044,2016-02-10,Senate,"Senate Committee Do pass with amendments. Refer to Ways and Means by prior reference. (Printed A-Eng)",4,1,0,0,5
829461,489441,2016-02-01,House,"House Committee Do Pass",9,0,0,0,9
829461,491240,2016-02-04,House,"House Third Reading",54,0,0,6,60
829461,498287,2016-02-16,Senate,"Senate Committee Do pass",5,0,0,0,5
829461,502557,2016-02-19,Senate,"Senate Third Reading",25,0,0,5,30
829462,494901,2016-02-10,House,"House Committee Do pass. Refer to Ways and Means",7,2,0,0,9
829463,491926,2016-02-05,House,"House Committee Do pass and be referred to Ways and Means by prior reference",9,0,0,0,9
829464,494014,2016-02-10,House,"House Committee Do pass with amendments and bill be referred to Ways and Means. (Printed A-Eng.)",8,0,0,1,9
829464,505207,2016-02-23,House,"House Committee Do Pass",21,1,0,2,24
829464,506680,2016-02-25,House,"House Third Reading",58,0,0,2,60
829464,509161,2016-02-29,Senate,"Senate Third Reading",29,0,0,1,30
829465,494668,2016-02-10,Senate,"Senate Committee Do pass with amendments and requesting referral to Ways and Means. (Printed A-Engrossed.)",6,0,0,1,7
829465,505213,2016-02-23,Senate,"Senate Committee Do pass with amendments. (Printed B-Eng.)",22,0,0,2,24
829465,507852,2016-02-26,Senate,"Senate Third Reading",28,0,0,2,30
829465,512025,2016-03-02,House,"House Third Reading",47,11,0,2,60
829466,491923,2016-02-05,House,"House Committee Do Pass",11,0,0,0,11
829466,493605,2016-02-09,House,"House Third Reading",59,0,0,1,60
829466,499930,2016-02-17,Senate,"Senate Committee Do pass",5,0,0,0,5
829466,506324,2016-02-24,Senate,"Senate Third Reading",29,0,0,1,30
829467,492972,2016-02-08,House,"House Committee Do pass with amendments. (Printed A-Eng.)",8,0,0,1,9
829467,495978,2016-02-11,House,"House Third Reading",55,2,0,3,60
829467,505457,2016-02-23,Senate,"Senate Committee Do pass the A-Eng bill",3,0,0,2,5
829467,509060,2016-02-29,Senate,"Senate Third Reading",19,10,0,1,30
829469,491475,2016-02-03,Senate,"Senate Committee Do pass with amendments. Refer to Ways and Means by prior reference. (Printed A-Eng)",5,0,0,0,5
829469,506995,2016-02-25,Senate,"Senate Committee Do pass with amendments to the A-Eng bill. (Printed B-Eng.)",23,0,0,1,24
829469,510502,2016-03-01,Senate,"Senate Third Reading",28,0,0,2,30
829469,512301,2016-03-03,House,"House Third Reading",58,0,0,2,60
829470,489813,2016-02-02,Senate,"Senate Committee Do pass",5,0,0,0,5
829470,491555,2016-02-04,Senate,"Senate Third Reading",29,0,0,1,30
829470,506720,2016-02-25,House,"House Committee Do Pass",9,0,0,0,9
829470,509207,2016-02-29,House,"House Third Reading",59,0,0,1,60
829472,491466,2016-02-04,House,"House Committee Be Adopted",7,0,0,0,7
829472,496475,2016-02-12,House,"House Special Order",57,0,0,3,60
829472,504419,2016-02-23,Senate,"Senate Committee Be adopted",4,0,0,0,4
829472,508030,2016-02-26,Senate,"Senate Final Reading",29,0,0,1,30
829473,495158,2016-02-11,House,"House Committee Do pass with amendments. (Printed A-Eng.)",8,0,0,0,8
829473,500682,2016-02-17,House,"House Third Reading",57,2,0,1,60
829473,504158,2016-02-22,Senate,"Senate Committee Do pass the A-Eng bill",5,0,0,0,5
829473,508240,2016-02-26,Senate,"Senate Third Reading",25,1,0,4,30
829474,500679,2016-02-16,Senate,"Senate Committee Do pass with amendments. Refer to Ways and Means by prior reference. (Printed A-Eng.)",3,2,0,0,5
829474,507008,2016-02-25,Senate,"Senate Committee Do pass with amendments to the bill. (Printed A-Eng.)",19,4,0,1,24
829474,512045,2016-03-02,Senate,"Senate Third Reading",19,9,0,2,30
829474,512565,2016-03-03,House,"House Third Reading",51,6,0,3,60
829477,489369,2016-02-14,House,"House Committee Do pass with amendments and be referred to Revenue by prior reference. (Printed A-Eng.)",8,0,0,0,8
829477,490465,2016-02-03,House,"House Committee Do pass with amendments. (Printed A-Eng.)",11,0,0,0,11
829477,492228,2016-02-08,House,"House Third Reading",59,0,0,1,60
829477,496817,2016-02-15,Senate,"Senate Committee Do pass the A-Eng bill",5,0,0,0,5
829477,501432,2016-02-18,Senate,"Senate Third Reading",27,0,0,3,30
829478,490092,2016-02-02,Senate,"Senate Committee Do pass and refer to Ways and Means by prior reference",4,0,0,0,4
829478,502554,2016-02-19,Senate,"Senate Committee Do pass",17,4,0,3,24
829478,505458,2016-02-24,Senate,"Senate Third Reading",22,7,0,1,30
829478,511959,2016-03-02,House,"House Third Reading",44,14,0,2,60
829479,491305,2016-02-04,Senate,"Senate Committee Do pass",5,0,0,0,5
829479,493102,2016-02-09,Senate,"Senate Third Reading",24,3,0,3,30
829480,490757,2016-02-03,House,"House Committee Be Adopted",8,0,0,1,9
829480,493032,2016-02-09,House,"House Special Order",59,0,0,1,60
829480,498375,2016-02-16,Senate,"Senate Committee Be adopted",5,0,0,0,5
829480,502271,2016-02-19,Senate,"Senate Final Reading",27,0,0,3,30
829481,494233,2016-02-10,House,"House Committee Do pass with amendments. (Printed A-Eng.)",7,0,0,2,9
829481,497656,2016-02-16,House,"House Third Reading",58,1,0,1,60
829481,506970,2016-02-25,Senate,"Senate Committee Do pass",5,0,0,0,5
829481,511343,2016-03-02,Senate,"Senate Third Reading",28,0,0,2,30
829483,490456,2016-02-03,House,"House Committee Do pass with amendments. (Printed A-Eng.)",11,0,0,0,11
829483,492045,2016-02-05,House,"House Third Reading",56,0,0,4,60
829483,496733,2016-02-15,Senate,"Senate Committee Do pass the A-Eng bill",5,0,0,0,5
829483,501459,2016-02-18,Senate,"Senate Third Reading",28,0,0,2,30
829484,495910,2016-02-11,Senate,"Senate Committee Do pass with amendments. (Printed A-Eng.)",3,1,0,1,5
829484,501589,2016-02-18,Senate,"Senate Third Reading",25,3,0,2,30
829484,505251,2016-02-23,House,"House Committee Do pass with amendments to the A-Eng bill. (Printed B-Eng.)",7,0,0,2,9
829484,509146,2016-02-29,House,"House Third Reading",58,1,0,1,60
829484,512015,2016-03-02,Senate,"Senate Third Reading in Concurrence",29,0,0,1,30
829485,492982,2016-02-08,House,"House Committee Do pass with amendments and be referred to Revenue by prior reference. (Printed A-Eng.)",8,0,0,1,9
829485,502396,2016-02-19,House,"House Committee Do pass with amendments and bill be referred to Ways and Means. (Printed B-Eng.)",9,0,0,0,9
829486,499656,2016-02-16,Senate,"Senate Committee Do pass with amendments. Refer to Ways and Means by prior reference. (Printed A-Eng)",5,0,0,0,5
829486,507096,2016-02-25,Senate,"Senate Committee Do pass the A-Eng bill",23,0,0,1,24
829486,508356,2016-02-29,Senate,"Senate Third Reading",26,0,0,4,30
829486,511206,2016-03-02,House,"House Third Reading",58,0,0,2,60
829486,511440,2016-03-02,House,"House Third Reading",58,0,0,2,60
829487,490559,2016-02-03,House,"House Committee Do pass with amendments and bill be referred to Ways and Means. (Printed A-Eng.)",7,0,0,2,9
829487,507001,2016-02-25,House,"House Committee Do pass with amendments to the A-Eng bill. (Printed B-Eng.)",23,0,0,1,24
829487,510235,2016-03-01,House,"House Third Reading",52,2,0,6,60
829487,511486,2016-03-02,Senate,"Senate Third Reading",24,2,0,4,30
829488,492955,2016-02-08,House,"House Committee Do Pass",7,0,0,0,7
829488,495285,2016-02-11,House,"House Third Reading",60,0,0,0,60
829488,500492,2016-02-17,Senate,"Senate Committee Do pass",5,0,0,0,5
829488,506272,2016-02-24,Senate,"Senate Third Reading",29,0,0,1,30
829489,491325,2016-02-04,House,"House Committee Do pass with amendments and be referred to Ways and Means by prior reference. (Printed A-Eng.)",9,0,0,0,9
829489,505225,2016-02-23,House,"House Committee Do pass with amendments to the A-Eng bill. (Printed B-Eng.)",20,2,0,2,24
829489,507886,2016-02-26,House,"House Third Reading",51,4,0,5,60
829489,512017,2016-03-02,Senate,"Senate Third Reading",22,6,0,2,30
829490,492839,2016-02-08,House,"House Committee Do pass and rescind subsequent referral to Ways and Means",9,0,0,0,9
829490,496017,2016-02-11,House,"House Third Reading",55,0,0,5,60
829490,500014,2016-02-17,Senate,"Senate Committee Do pass",6,0,0,1,7
829490,502684,2016-02-19,Senate,"Senate Third Reading",25,0,0,5,30
829491,490081,2016-02-02,House,"House Committee Do Pass",8,0,0,1,9
829491,492050,2016-02-05,House,"House Third Reading",56,0,0,4,60
829491,497467,2016-02-16,Senate,"Senate Committee Do pass",5,0,0,0,5
829491,502760,2016-02-19,Senate,"Senate Third Reading",27,0,0,3,30
829493,494018,2016-02-10,House,"House Committee Do pass with amendments. (Printed A-Eng.)",8,0,0,1,9
829493,496685,2016-02-15,House,"House Third Reading",59,0,0,1,60
829493,504672,2016-02-23,Senate,"Senate Committee Do pass with amendments to the A-Engbill. Refer to Ways and Means. (Printed B-Eng)",4,0,0,1,5
829493,507011,2016-02-25,Senate,"Senate Committee Do pass with amendments. (Printed C-Eng.)",5,0,0,0,5
829493,511437,2016-03-02,Senate,"Senate Third Reading",28,0,0,2,30
829493,512243,2016-03-03,House,"House Third Reading in Concurrence",60,0,0,0,60
829493,512244,2016-03-03,House,"House Third Reading in Concurrence",60,0,0,0,60
829494,497275,2016-02-15,House,"House Committee Do pass with amendments. (Printed A-Eng.)",8,0,0,1,9
829494,502587,2016-02-19,House,"House Third Reading",58,0,0,2,60
829494,506497,2016-02-25,Senate,"Senate Committee Do pass",5,0,0,0,5
829494,509158,2016-02-29,Senate,"Senate Third Reading",29,0,0,1,30
829495,494071,2016-02-10,House,"House Committee Do pass with amendments and be referred to Ways and Means by prior reference. (Printed A-Eng.)",9,0,0,0,9
829498,490074,2016-02-02,Senate,"Senate Committee Be adopted",5,0,0,0,5
829498,501470,2016-02-18,Senate,"Senate Final Reading",28,0,0,2,30
829498,506401,2016-02-24,House,"House Committee Be Adopted",9,0,0,0,9
829498,508053,2016-02-26,House,"House Read and Adopted",56,0,0,4,60
829502,491480,2016-02-04,House,"House Committee Do Pass",5,3,0,0,8
829502,494631,2016-02-10,House,"House Third Reading",33,26,0,1,60
829504,492951,2016-02-08,Senate,"Senate Committee Do pass with amendments. (Printed A-Eng.)",6,0,0,1,7
829504,497105,2016-02-15,Senate,"Senate Third Reading",24,3,0,3,30
829504,502459,2016-02-19,House,"House Committee Do Pass the A-Eng bill",9,0,0,0,9
829504,506026,2016-02-24,House,"House Third Reading",60,0,0,0,60
829506,494366,2016-02-10,House,"House Committee Without recommendation as to passage and be referred to Rules",7,2,0,0,9
829507,491260,2016-02-03,Senate,"Senate Committee Do pass and subsequent referral to Ways and Means be rescinded",4,1,0,0,5
829507,492455,2016-02-08,Senate,"Senate Third Reading",21,8,0,1,30
829507,504139,2016-02-22,House,"House Committee Do Pass",4,3,0,0,7
829507,507325,2016-02-25,House,"House Third Reading",37,21,0,2,60
829508,493741,2016-02-09,Senate,"Senate Committee Do pass with amendments. Refer to Ways and Means by prior reference. (Printed A-Eng)",3,2,0,0,5
829510,494073,2016-02-10,Senate,"Senate Committee Do pass with amendments. (Printed A-Eng.)",4,1,0,0,5
829510,505434,2016-02-23,Senate,"Senate Committee Do pass with amendments to the A-Eng bill. (Printed B-Eng.)",3,2,0,0,5
829510,507969,2016-02-26,Senate,"Senate Third Reading",18,10,0,2,30
829511,494111,2016-02-10,House,"House Committee Do pass with amendments. (Printed A-Eng.)",9,0,0,0,9
829511,500508,2016-02-17,House,"House Third Reading",59,0,0,1,60
829511,503597,2016-02-22,Senate,"Senate Committee Do pass the A-Eng bill",7,0,0,0,7
829511,507295,2016-02-25,Senate,"Senate Third Reading",28,0,0,2,30
829512,491806,2016-02-05,House,"House Committee Do pass and be referred to Ways and Means by prior reference",11,0,0,0,11
829512,507036,2016-02-25,House,"House Committee Do Pass",18,5,0,1,24
829512,508558,2016-02-29,House,"House Third Reading",49,9,0,2,60
829512,511541,2016-03-02,Senate,"Senate Third Reading",20,6,0,4,30
829514,490460,2016-02-03,House,"House Committee Do pass with amendments and be referred to Ways and Means by prior reference. (Printed A-Eng.)",7,0,0,0,7
829514,504759,2016-02-23,House,"House Committee Do pass with amendments to the A-Eng bill. (Printed B-Eng.)",22,0,0,2,24
829514,508010,2016-02-26,House,"House Third Reading",53,2,0,5,60
829514,511891,2016-03-02,Senate,"Senate Third Reading",22,6,0,2,30
829515,494917,2016-02-10,Senate,"Senate Committee Do pass with amendments. (Printed A-Eng.)",5,0,0,0,5
829515,501583,2016-02-18,Senate,"Senate Third Reading",28,0,0,2,30
829515,504146,2016-02-22,House,"House Committee Do Pass",7,0,0,0,7
829515,506800,2016-02-25,House,"House Third Reading",57,1,0,2,60
829517,494928,2016-02-10,Senate,"Senate Committee Do pass and requesting referral to Rules",5,0,0,0,5
829518,508829,2016-02-29,House,"House Withdraw from Committee",28,31,0,1,60
829520,490765,2016-02-03,House,"House Committee Do Pass",9,0,0,0,9
829520,492107,2016-02-05,House,"House Third Reading",55,1,0,4,60
829520,499297,2016-02-16,Senate,"Senate Committee Do pass",5,0,0,0,5
829520,502759,2016-02-19,Senate,"Senate Third Reading",24,1,0,5,30
829521,495012,2016-02-10,Senate,"Senate Committee Do pass with amendments. Refer to Ways and Means by prior reference. (Printed A-Eng)",5,0,0,0,5
829521,507004,2016-02-25,Senate,"Senate Committee Do pass with amendments to the A-Eng bill. (Printed B-Eng.)",16,7,0,1,24
829521,511275,2016-03-02,Senate,"Senate Motion to Refer",28,0,0,2,30
829522,502110,2016-02-18,Senate,"Senate Committee Do pass with amendments. (Printed A-Eng.)",4,0,0,1,5
829522,505445,2016-02-24,Senate,"Senate Third Reading",29,0,0,1,30
829522,508982,2016-02-29,House,"House Committee Do Pass",7,1,0,1,9
829522,511003,2016-03-02,House,"House Third Reading",53,6,0,1,60
829524,493088,2016-02-09,House,"House Committee Do pass with amendments. (Printed A-Eng.)",8,1,0,0,9
829524,496176,2016-02-12,House,"House Third Reading",33,23,0,4,60
829524,505219,2016-02-23,Senate,"Senate Committee Do pass the A-Eng bill",3,2,0,0,5
829524,512139,2016-03-02,Senate,"Senate Third Reading",17,11,0,2,30
829525,494056,2016-02-10,House,"House Committee Do pass with amendments and be referred to Ways and Means by prior reference. (Printed A-Eng.)",9,0,0,0,9
829526,496018,2016-02-11,House,"House Committee Do pass with amendments. (Printed A-Eng.)",5,4,0,0,9
829526,503159,2016-02-22,House,"House Third Reading",31,28,0,1,60
829528,491836,2016-02-05,Senate,"Senate Committee Do pass the bill and rescind subsequent referral to Ways and Means",5,0,0,0,5
829528,494726,2016-02-10,Senate,"Senate Third Reading",28,1,0,1,30
829528,500523,2016-02-17,House,"House Committee Do Pass",7,0,0,2,9
829528,505495,2016-02-24,House,"House Third Reading",57,2,0,1,60
829529,490758,2016-02-03,House,"House Committee Do pass and rescind subsequent referral to Ways and Means",6,0,0,1,7
829529,492494,2016-02-08,House,"House Third Reading",59,0,0,1,60
829529,504143,2016-02-22,Senate,"Senate Committee Do pass with amendments. (Printed A-Eng.)",5,0,0,0,5
829529,508016,2016-02-26,Senate,"Senate Third Reading",27,0,0,3,30
829529,509075,2016-02-29,House,"House Third Reading in Concurrence",59,0,0,1,60
829533,500427,2016-02-17,House,"House Committee Do pass with amendments and bill be referred to Ways and Means. (Printed A-Eng.)",5,3,0,1,9
829534,490809,2016-02-03,Senate,"Senate Final Reading",17,11,0,2,30
829534,529689,2016-02-03,House,"House Read and Adopted",55,2,0,3,60
829535,493787,2016-02-10,House,"House Committee Do pass with amendments and be referred to Ways and Means by prior reference. (Printed A-Eng.)",6,4,0,1,11
829537,489767,2016-02-01,House,"House Committee Do Pass",7,0,0,2,9
829537,491612,2016-02-04,House,"House Third Reading",54,0,0,6,60
829537,496707,2016-02-15,Senate,"Senate Committee Do pass",5,0,0,0,5
829537,502595,2016-02-19,Senate,"Senate Third Reading",25,0,0,5,30
829538,491520,2016-02-04,Senate,"Senate Committee Do pass",5,0,0,0,5
829538,493470,2016-02-09,Senate,"Senate Third Reading",28,0,0,2,30
829538,499766,2016-02-17,House,"House Committee Do Pass",10,0,0,1,11
829538,505102,2016-02-23,House,"House Third Reading",53,0,0,7,60
829540,495919,2016-02-11,Senate,"Senate Committee Do pass with amendments and requesting referral to Ways and Means. (Printed A-Engrossed.)",5,0,0,0,5
829540,507568,2016-02-25,Senate,"Senate Committee Do pass with amendments to the A-Eng bill. (Printed B-Eng.)",20,3,0,1,24
829540,512061,2016-03-02,Senate,"Senate Third Reading",21,7,0,2,30
829540,512526,2016-03-03,House,"House Third Reading",59,1,0,0,60
829545,496051,2016-02-11,House,"House Committee Do pass with amendments. (Printed A-Eng.)",9,0,0,0,9
829545,500322,2016-02-17,House,"House Third Reading",59,0,0,1,60
829545,503293,2016-02-22,Senate,"Senate Committee Do pass the A-Eng bill",5,0,0,0,5
829545,508207,2016-02-26,Senate,"Senate Third Reading",28,0,0,2,30
829547,494288,2016-02-10,House,"House Committee Do pass. Refer to Rules",6,3,0,0,9
829547,498250,2016-02-16,House,"House Committee Do pass with amendments. (Printed B-Eng.)",6,2,0,1,9
829547,504331,2016-02-23,House,"House Motion to substitute Minority Report",24,35,0,1,60
829547,504332,2016-02-23,House,"House Third Reading",48,11,0,1,60
829547,507102,2016-02-25,Senate,"Senate Committee Do pass",3,2,0,0,5
829547,511544,2016-03-02,Senate,"Senate Third Reading",16,9,0,5,30
829548,494904,2016-02-10,Senate,"Senate Committee Do pass with amendments. (Printed A-Eng.)",5,0,0,0,5
829548,498256,2016-02-16,Senate,"Senate Third Reading",28,0,0,2,30
829548,504493,2016-02-23,House,"House Committee Do pass the A-Eng bill. Refer to Rules",8,0,0,1,9
829548,507133,2016-02-25,House,"House Committee Do pass with amendments to the A-Eng bill. (Printed B-Eng.)",7,2,0,0,9
829548,510480,2016-03-01,House,"House Motion to substitute Minority Report",24,34,0,2,60
829548,510481,2016-03-01,House,"House Third Reading",38,20,0,2,60
829548,511239,2016-03-02,Senate,"Senate Third Reading in Concurrence",17,12,0,1,30
829549,492964,2016-02-08,Senate,"Senate Committee Do pass with amendments. Refer to Ways and Means by prior reference. (Printed A-Eng)",3,2,0,0,5
829549,507086,2016-02-25,Senate,"Senate Committee Do pass with amendments to the A-Eng bill. (Printed B-Eng.)",20,3,0,1,24
829549,511364,2016-03-02,Senate,"Senate Third Reading",21,7,0,2,30
829549,512390,2016-03-03,House,"House Third Reading",46,13,0,1,60
829550,494372,2016-02-10,House,"House Committee Do pass. Refer to Ways and Means",8,0,0,1,9
829551,492307,2016-02-08,House,"House Committee Do pass with amendments and rescind subsequent referral to Ways and Means. (Printed A-Eng.)",9,0,0,0,9
829551,495311,2016-02-11,House,"House Third Reading",54,6,0,0,60
829551,504142,2016-02-22,Senate,"Senate Committee Do pass the A-Eng bill",7,0,0,0,7
829551,506797,2016-02-25,Senate,"Senate Third Reading",29,0,0,1,30
829553,492960,2016-02-08,Senate,"Senate Committee Without recommendation as to passage, be referred to Finance and Revenue by prior reference",3,2,0,0,5
829559,494897,2016-02-10,Senate,"Senate Committee Do pass with amendments and requesting subsequent referral to Ways and Means be rescinded. (Printed A-Eng.)",5,0,0,0,5
829559,501599,2016-02-18,Senate,"Senate Third Reading",28,0,0,2,30
829559,504131,2016-02-22,House,"House Committee Do Pass",6,1,0,0,7
829559,506774,2016-02-25,House,"House Third Reading",57,1,0,2,60
829560,494080,2016-02-10,House,"House Committee Do pass with amendments. (Printed A-Eng.)",10,0,0,1,11
829560,498219,2016-02-16,House,"House Third Reading",56,3,0,1,60
829560,504492,2016-02-23,Senate,"Senate Committee Do pass with amendments to the A-Eng bill. (Printed B-Eng.)",5,0,0,0,5
829560,508255,2016-02-26,Senate,"Senate Third Reading",18,6,0,6,30
829560,508813,2016-02-29,House,"House Third Reading in Concurrence",55,4,0,1,60
829561,495938,2016-02-11,Senate,"Senate Committee ",3,2,0,1,6
829561,507023,2016-02-25,Senate,"Senate Committee Do pass with amendments to the A-Eng bill. (Printed B-Eng.)",15,8,0,1,24
829561,511366,2016-03-02,Senate,"Senate Motion to Refer",28,0,0,2,30
829564,490066,2016-02-02,Senate,"Senate Committee Do pass with amendments. (Printed A-Eng.)",5,0,0,0,5
829564,491966,2016-02-05,Senate,"Senate Third Reading",21,4,0,5,30
829564,503389,2016-02-22,House,"House Committee Do pass with amendments to the A-Eng bill. (Printed B-Eng.)",9,0,0,0,9
829564,506736,2016-02-25,House,"House Third Reading",44,15,0,1,60
829564,508347,2016-02-29,Senate,"Senate Third Reading in Concurrence",20,6,0,4,30
829566,489777,2016-02-01,House,"House Committee Do Pass",5,2,0,2,9
829566,491278,2016-02-04,House,"House Third Reading",42,12,0,6,60
829566,501395,2016-02-18,Senate,"Senate Committee Do pass with amendments. (Printed A-Eng.)",3,2,0,0,5
829566,507019,2016-02-25,Senate,"Senate Committee Do pass",3,2,0,0,5
829566,512027,2016-03-02,Senate,"Senate Third Reading",17,11,0,2,30
829566,512424,2016-03-03,House,"House Third Reading in Concurrence",40,19,0,1,60
829568,496471,2016-02-11,House,"House Committee Do pass with amendments. (Printed A-Eng.)",9,0,0,0,9
829568,499968,2016-02-17,House,"House Third Reading",59,0,0,1,60
829568,505218,2016-02-23,Senate,"Senate Committee Do pass with amendments. (Printed B-Eng.)",5,0,0,0,5
829568,509025,2016-02-29,Senate,"Senate Third Reading",27,1,0,2,30
829568,509873,2016-03-01,House,"House Third Reading in Concurrence",58,0,0,2,60
829569,492944,2016-02-08,House,"House Committee Do Pass",9,0,0,0,9
829569,495334,2016-02-11,House,"House Third Reading",60,0,0,0,60
829569,500151,2016-02-17,Senate,"Senate Committee Do pass",6,0,0,1,7
829569,502677,2016-02-19,Senate,"Senate Third Reading",25,0,0,5,30
829573,494126,2016-02-10,Senate,"Senate Committee Do pass with amendments. (Printed A-Eng.)",5,0,0,0,5
829573,496678,2016-02-15,Senate,"Senate Third Reading",25,3,0,2,30
829574,498352,2016-02-16,Senate,"Senate Committee Do pass with amendments. (Printed A-Eng.)",5,0,0,0,5
829574,503493,2016-02-22,Senate,"Senate Third Reading",29,0,0,1,30
829574,505771,2016-02-24,House,"House Committee Do Pass the A-Eng bill",9,0,0,0,9
829574,508229,2016-02-26,House,"House Third Reading",54,0,0,6,60
829576,491484,2016-02-04,House,"House Committee Do pass with amendments and be referred to Ways and Means by prior reference. (Printed A-Eng.)",7,0,0,0,7
829577,490084,2016-02-02,Senate,"Senate Committee Do pass",4,0,0,1,5
829577,492043,2016-02-05,Senate,"Senate Third Reading",19,6,0,5,30
829579,490102,2016-02-02,House,"House Committee Do Pass",6,2,0,1,9
829579,492055,2016-02-05,House,"House Third Reading",35,20,0,5,60
829579,504748,2016-02-23,Senate,"Senate Committee Do pass with amendments. (Printed A-Eng.)",4,1,0,0,5
829579,509456,2016-02-29,Senate,"Senate Third Reading",17,10,0,3,30
829579,512109,2016-03-02,House,"House Refuse to Concur",51,6,0,3,60
829580,494911,2016-02-10,Senate,"Senate Committee Without recommendation as to passage and be referred to Rules",5,0,0,0,5
829581,495152,2016-02-11,House,"House Committee Do Pass",9,0,0,0,9
829581,496690,2016-02-15,House,"House Third Reading",59,0,0,1,60
829581,505176,2016-02-23,Senate,"Senate Committee Do pass",5,0,0,0,5
829581,508213,2016-02-26,Senate,"Senate Third Reading",28,0,0,2,30
829582,491486,2016-02-04,House,"House Committee Be Adopted",7,0,0,0,7
829582,494493,2016-02-10,House,"House Special Order",58,0,0,2,60
829582,504421,2016-02-23,Senate,"Senate Committee Be adopted",4,0,0,0,4
829582,508089,2016-02-26,Senate,"Senate Final Reading",28,0,0,2,30
829583,494983,2016-02-11,House,"House Committee Do pass with amendments and be referred to Ways and Means by prior reference. (Printed A-Eng.)",5,4,0,0,9
829584,502421,2016-02-19,House,"House Committee Do Pass",9,0,0,0,9
829584,505977,2016-02-24,House,"House Third Reading",58,0,0,2,60
829584,507811,2016-02-26,Senate,"Senate Committee Do pass",5,0,0,0,5
829584,509361,2016-02-29,Senate,"Senate Third Reading",28,1,0,1,30
829585,491482,2016-02-04,Senate,"Senate Committee Be adopted",4,0,0,0,4
829585,501541,2016-02-18,Senate,"Senate Final Reading",28,0,0,2,30
829585,506377,2016-02-24,House,"House Committee Be Adopted",9,0,0,0,9
829586,494059,2016-02-10,House,"House Committee Do pass and be referred to Ways and Means by prior reference",8,2,0,1,11
829587,496470,2016-02-11,House,"House Committee Do pass with amendments and be referred to Ways and Means by prior reference. (Printed A-Eng.)",9,0,0,0,9
829587,505250,2016-02-23,House,"House Committee Do Pass",22,0,0,2,24
829587,507185,2016-02-25,House,"House Third Reading",58,0,0,2,60
829587,509580,2016-02-29,Senate,"Senate Third Reading",29,0,0,1,30
829588,494899,2016-02-10,Senate,"Senate Committee Do pass with amendments. (Printed A-Eng.)",6,0,0,1,7
829588,497689,2016-02-16,Senate,"Senate Third Reading",26,0,0,4,30
829588,502433,2016-02-19,House,"House Committee Do pass with amendments to the A-Eng bill. (Printed B-Eng.)",9,0,0,0,9
829588,505375,2016-02-24,House,"House Third Reading",58,2,0,0,60
829588,507780,2016-02-26,Senate,"Senate Third Reading in Concurrence",28,0,0,2,30
829592,491470,2016-02-04,House,"House Committee Be Adopted",7,0,0,0,7
829592,496444,2016-02-12,House,"House Special Order",57,0,0,3,60
829592,504504,2016-02-23,Senate,"Senate Committee Be adopted",4,0,0,0,4
829592,507912,2016-02-26,Senate,"Senate Final Reading",28,0,0,2,30
829593,492019,2016-02-05,House,"House Committee Do pass with amendments. (Printed A-Eng.)",8,0,0,1,9
829593,493125,2016-02-09,House,"House Third Reading",59,0,0,1,60
829593,499262,2016-02-16,Senate,"Senate Committee Do pass",5,0,0,0,5
829593,502801,2016-02-19,Senate,"Senate Third Reading",25,0,0,5,30
829594,493304,2016-02-09,Senate,"Senate Committee Do pass with amendments and requesting referral to Ways and Means. (Printed A-Engrossed.)",4,1,0,0,5
829596,494041,2016-02-10,House,"House Committee Do pass with amendments, rescind subsequent referral to Ways and Means, and be referred to Rules. (Printed A-Eng.)",6,0,0,1,7
829596,499992,2016-02-17,House,"House Committee Do pass with amendments and bill be referred to Ways and Means. (Printed B-Eng.)",5,3,0,1,9
829596,506993,2016-02-25,House,"House Committee Do pass with amendments to the B-Eng bill. (Printed C-Eng.)",20,3,0,1,24
829596,510607,2016-03-01,House,"House Third Reading",31,25,0,4,60
829596,512072,2016-03-02,Senate,"Senate Third Reading",16,11,0,3,30
829597,492303,2016-02-08,Senate,"Senate Committee Do pass with amendments. (Printed A-Eng.)",4,1,0,0,5
829598,492989,2016-02-08,Senate,"Senate Committee Do pass with amendments. (Printed A-Eng.)",7,0,0,0,7
829598,496847,2016-02-15,Senate,"Senate Third Reading",27,1,0,2,30
829598,502410,2016-02-19,House,"House Committee Do Pass the A-Eng bill",5,0,0,4,9
829598,505198,2016-02-23,House,"House Third Reading",53,0,0,7,60
829599,490762,2016-02-03,House,"House Committee Do pass with amendments. (Printed A-Eng.)",6,0,0,1,7
829599,492840,2016-02-08,House,"House Third Reading",59,0,0,1,60
829599,500490,2016-02-17,Senate,"Senate Committee Do pass the A-Eng bill",5,0,0,0,5
829599,507037,2016-02-25,Senate,"Senate Committee Do pass the A-Eng bill",23,0,0,1,24
829599,509563,2016-02-29,Senate,"Senate Third Reading",29,0,0,1,30
829600,494356,2016-02-10,House,"House Committee Do pass with amendments. (Printed A-Eng.)",8,0,0,1,9
829600,500737,2016-02-17,House,"House Third Reading",59,0,0,1,60
829600,503273,2016-02-22,Senate,"Senate Committee Do pass",5,0,0,0,5
829600,508189,2016-02-26,Senate,"Senate Third Reading",24,0,0,6,30
829601,489437,2016-02-01,House,"House Committee Do Pass",7,0,0,0,7
829601,491457,2016-02-04,House,"House Third Reading",56,0,0,4,60
829601,502118,2016-02-18,Senate,"Senate Committee Do pass",3,0,0,2,5
829601,506014,2016-02-24,Senate,"Senate Third Reading",29,0,0,1,30
829602,505791,2016-02-24,Senate,"Senate Committee Do pass with amendments. (Printed A-Eng.)",4,0,0,1,5
829602,509901,2016-03-01,Senate,"Senate Third Reading",17,12,0,1,30
829602,510439,2016-03-01,House,"House Committee Do Pass the A-Eng bill",6,2,0,1,9
829602,512991,2016-03-03,House,"House Third Reading",32,28,0,0,60
829603,490085,2016-02-02,Senate,"Senate Committee Do pass",4,0,0,1,5
829603,492052,2016-02-05,Senate,"Senate Third Reading",25,0,0,5,30
829603,506384,2016-02-24,House,"House Committee Do Pass",9,0,0,0,9
829603,508045,2016-02-26,House,"House Third Reading",55,0,0,5,60
829604,489482,2016-02-01,House,"House Committee Do Pass",6,0,0,1,7
829604,491397,2016-02-04,House,"House Third Reading",54,0,0,6,60
829604,507034,2016-02-25,Senate,"Senate Committee Do pass",5,0,0,0,5
829604,511573,2016-03-02,Senate,"Senate Third Reading",26,2,0,2,30
829606,495915,2016-02-11,Senate,"Senate Committee Do pass with amendments. Refer to Ways and Means by prior reference. (Printed A-Eng)",4,0,0,1,5
829606,505260,2016-02-23,Senate,"Senate Committee Do pass",22,0,0,2,24
829606,507200,2016-02-25,Senate,"Senate Third Reading",29,0,0,1,30
829606,511699,2016-03-02,House,"House Third Reading",57,1,0,2,60
829608,505406,2016-02-23,Senate,"Senate Committee Do pass with amendments. (Printed A-Eng.)",5,0,0,0,5
829608,507978,2016-02-26,Senate,"Senate Third Reading",29,0,0,1,30
829608,510401,2016-03-01,House,"House Committee Do Pass the A-Eng bill",8,0,0,1,9
829608,512143,2016-03-02,House,"House Third Reading",51,6,0,3,60
829610,490078,2016-02-02,Senate,"Senate Committee Do pass and subsequent referral to Ways and Means be rescinded",4,0,0,1,5
829610,492053,2016-02-05,Senate,"Senate Third Reading",20,5,0,5,30
829611,499322,2016-02-16,House,"House Committee Do pass. Refer to Ways and Means",8,0,0,1,9
829612,496484,2016-02-11,House,"House Committee Do pass with amendments and be referred to Ways and Means by prior reference. (Printed A-Eng.)",6,3,0,0,9
829612,507041,2016-02-25,House,"House Committee Do pass with amendments to the A-Eng bill. (Printed B-Eng.)",21,2,0,1,24
829612,510485,2016-03-01,House,"House Third Reading",33,23,0,4,60
829612,511847,2016-03-02,Senate,"Senate Third Reading",20,4,0,6,30
829613,491478,2016-02-04,Senate,"Senate Committee Do pass with amendments. (Printed A-Eng.)",5,0,0,0,5
829613,493558,2016-02-09,Senate,"Senate Third Reading",28,0,0,2,30
829613,500147,2016-02-17,House,"House Committee Do Pass",9,0,0,0,9
829613,505105,2016-02-23,House,"House Third Reading",53,0,0,7,60
829614,490462,2016-02-03,House,"House Committee Do Pass",11,0,0,0,11
829614,492111,2016-02-05,House,"House Third Reading",55,0,0,5,60
829614,500398,2016-02-17,Senate,"Senate Committee Do pass",5,0,0,0,5
829614,506212,2016-02-24,Senate,"Senate Third Reading",28,0,0,2,30
829615,493820,2016-02-10,Senate,"Senate Committee Do pass with amendments. Refer to Ways and Means by prior reference. (Printed A-Eng)",5,0,0,0,5
829615,505247,2016-02-23,Senate,"Senate Committee Do pass with amendments. (Printed B-Eng.)",22,0,0,2,24
829615,507795,2016-02-26,Senate,"Senate Third Reading",28,0,0,2,30
829615,511331,2016-03-02,House,"House Third Reading",58,0,0,2,60
829617,493018,2016-02-09,House,"House Committee Do Pass",9,0,0,0,9
829617,496244,2016-02-12,House,"House Third Reading",54,3,0,3,60
829617,499920,2016-02-17,Senate,"Senate Committee Do pass",4,0,0,1,5
829617,506824,2016-02-25,Senate,"Senate Third Reading",25,4,0,1,30
829618,493854,2016-02-10,House,"House Committee Do pass with amendments and be referred to Ways and Means by prior reference. (Printed A-Eng.)",6,0,0,1,7
829623,490050,2016-02-02,Senate,"Senate Committee Do pass with amendments. Refer to Ways and Means by prior reference. (Printed A-Eng)",4,0,0,0,4
829623,505229,2016-02-23,Senate,"Senate Committee Do pass",22,0,0,2,24
829623,507175,2016-02-25,Senate,"Senate Third Reading",29,0,0,1,30
829623,510976,2016-03-02,House,"House Third Reading",58,0,0,2,60
829624,492507,2016-02-08,Senate,"Senate Committee Do pass with amendments. (Printed A-Eng.)",7,0,0,0,7
829624,496653,2016-02-15,Senate,"Senate Third Reading",28,0,0,2,30
829624,502259,2016-02-19,House,"House Committee Do Pass the A-Eng bill",5,0,0,4,9
829624,504738,2016-02-23,House,"House Third Reading",53,0,0,7,60
829625,492020,2016-02-05,House,"House Committee Do pass with amendments. (Printed A-Eng.)",8,0,0,1,9
829625,495505,2016-02-11,House,"House Third Reading",60,0,0,0,60
829625,500200,2016-02-17,Senate,"Senate Committee Do pass with amendments. (Printed B-Eng.)",4,0,0,1,5
829625,503900,2016-02-22,Senate,"Senate Third Reading",29,0,0,1,30
829625,504226,2016-02-23,House,"House Third Reading in Concurrence",59,0,0,1,60
829627,494257,2016-02-10,House,"House Committee Do pass with amendments. (Printed A-Eng.)",9,0,0,0,9
829627,497562,2016-02-16,House,"House Third Reading",57,2,0,1,60
829627,504260,2016-02-23,Senate,"Senate Committee Do pass with amendments. (Printed B-Eng.)",5,0,0,0,5
829627,508649,2016-02-29,Senate,"Senate Third Reading",28,1,0,1,30
829627,509700,2016-03-01,House,"House Third Reading in Concurrence",55,3,0,2,60
829629,491509,2016-02-04,House,"House Committee Do pass and be referred to Ways and Means by prior reference",7,0,0,2,9
829630,492149,2016-02-05,Senate,"Senate Committee Do pass with amendments. (Printed A-Eng.)",3,2,0,0,5
829630,495343,2016-02-11,Senate,"Senate Motion to substitute Minority Report",9,19,0,2,30
829630,495955,2016-02-11,Senate,"Senate Third Reading",16,12,0,2,30
829630,497322,2016-02-15,House,"House Committee Do pass",6,5,0,0,11
829630,501988,2016-02-18,House,"House Motion to substitute Minority Report",24,34,0,2,60
829630,501989,2016-02-18,House,"House Motion to substitute Minority Report",24,34,0,2,60
829630,501990,2016-02-18,House,"House Motion to Rerefer",24,34,0,2,60
829630,501991,2016-02-18,House,"House Third Reading",32,26,0,2,60
829631,509908,2016-02-29,House,"House Withdraw from Committee",28,31,0,1,60
829632,494081,2016-02-10,House,"House Committee Without recommendation as to passage, with amendments, and be referred to Rules. (Printed A-Eng.)",6,4,0,1,11
829633,491293,2016-02-04,Senate,"Senate Committee Do pass with amendments. (Printed A-Eng.)",4,0,0,1,5
829633,494626,2016-02-10,Senate,"Senate Third Reading",27,2,0,1,30
829633,500170,2016-02-17,House,"House Committee Do Pass the A-Eng bill",7,0,0,2,9
829633,504578,2016-02-23,House,"House Third Reading",53,0,0,7,60
829634,499941,2016-02-17,House,"House Committee Do pass with amendments and be referred to Ways and Means by prior reference. (Printed A-Eng.)",8,0,0,1,9
829635,491353,2016-02-04,Senate,"Senate Committee Be adopted",4,0,0,0,4
829635,495502,2016-02-11,Senate,"Senate Final Reading",28,0,0,2,30
829635,504458,2016-02-23,House,"House Committee Be Adopted",6,0,0,1,7
829635,507382,2016-02-25,House,"House Read and Adopted",59,0,0,1,60
829636,498354,2016-02-16,Senate,"Senate Committee Do pass with amendments. (Printed A-Eng.)",10,0,0,0,10
829636,504579,2016-02-23,Senate,"Senate Third Reading",18,10,0,2,30
829636,507937,2016-02-26,House,"House Third Reading",46,9,0,5,60
829637,491468,2016-02-04,Senate,"Senate Committee Do pass and refer to Ways and Means by prior reference",5,0,0,0,5
829637,505244,2016-02-23,Senate,"Senate Committee Do pass with amendments. (Printed A-Eng.)",22,0,0,2,24
829637,507882,2016-02-26,Senate,"Senate Third Reading",21,7,0,2,30
829637,511729,2016-03-02,House,"House Third Reading",54,4,0,2,60
829638,494198,2016-02-10,House,"House Committee Do pass with amendments and bill be referred to Ways and Means. (Printed A-Eng.)",8,0,0,1,9
829638,504737,2016-02-23,House,"House Committee Do Pass",22,0,0,2,24
829638,506610,2016-02-25,House,"House Third Reading",58,0,0,2,60
829638,508925,2016-02-29,Senate,"Senate Third Reading",29,0,0,1,30
829639,492034,2016-02-05,House,"House Committee Do Pass",9,0,0,0,9
829639,505209,2016-02-23,House,"House Committee Do Pass",22,0,0,2,24
829639,507128,2016-02-25,House,"House Third Reading",59,0,0,1,60
829639,509708,2016-02-29,Senate,"Senate Third Reading",29,0,0,1,30
829640,493019,2016-02-08,House,"House Committee Do pass with amendments. (Printed A-Eng.)",7,0,0,2,9
829640,495404,2016-02-11,House,"House Third Reading",55,2,0,3,60
829640,502130,2016-02-18,Senate,"Senate Committee Do pass with amendments to the A-Eng bill. (Printed B-Eng.)",4,1,0,0,5
829640,507923,2016-02-26,Senate,"Senate Third Reading",22,6,0,2,30
829640,508509,2016-02-29,House,"House Third Reading in Concurrence",59,0,0,1,60
829641,496050,2016-02-11,House,"House Committee Do pass with amendments. (Printed A-Eng.)",9,0,0,0,9
829641,499942,2016-02-17,House,"House Third Reading",55,3,0,2,60
829642,490061,2016-02-02,House,"House Committee Do Pass",5,3,0,1,9
829642,492048,2016-02-05,House,"House Third Reading",43,13,0,4,60
829642,502226,2016-02-19,Senate,"Senate Committee Do pass",3,1,0,1,5
829642,507100,2016-02-25,Senate,"Senate Third Reading",18,11,0,1,30
829644,492037,2016-02-05,House,"House Committee Do pass and be referred to Ways and Means by prior reference",7,2,0,0,9
829644,507572,2016-02-25,House,"House Committee Do pass with amendments. (Printed A-Eng.)",22,0,0,2,24
829644,509772,2016-03-01,House,"House Third Reading",54,4,0,2,60
829644,512100,2016-03-02,Senate,"Senate Third Reading",26,2,0,2,30
829646,494416,2016-02-10,Senate,"Senate Committee Do pass with amendments and requesting referral to Finance and Revenue. (Printed A-Engrossed.)",5,0,0,0,5
829646,504393,2016-02-23,Senate,"Senate Committee Do pass with amendments. (Printed B-Eng.)",5,0,0,0,5
829646,507835,2016-02-26,Senate,"Senate Third Reading",20,8,0,2,30
829646,508842,2016-02-29,House,"House Committee Do Pass the B-Eng bill",7,2,0,0,9
829646,512348,2016-03-03,House,"House Third Reading",39,21,0,0,60
829647,491474,2016-02-04,House,"House Committee Be Adopted",7,0,0,0,7
829647,494506,2016-02-10,House,"House Special Order",57,0,0,3,60
829647,504430,2016-02-23,Senate,"Senate Committee Be adopted",4,0,0,0,4
829647,508238,2016-02-26,Senate,"Senate Final Reading",28,0,0,2,30
829649,497331,2016-02-15,House,"House Committee Do pass with amendments. (Printed A-Eng.)",5,3,0,1,9
829649,502545,2016-02-19,House,"House Committee Do pass with amendments. (Printed B-Eng.)",7,1,0,1,9
829649,505155,2016-02-23,House,"House Third Reading",37,20,0,3,60
829649,507965,2016-02-26,Senate,"Senate Committee Do pass with amendments. (Printed C-Eng.)",3,2,0,0,5
829649,512808,2016-03-03,Senate,"Senate Third Reading",18,12,0,0,30
829649,512809,2016-03-03,House,"House Third Reading in Concurrence",38,22,0,0,60
829651,495778,2016-02-10,House,"House Committee Do pass with amendments. (Printed A-Eng.)",9,0,0,0,9
829651,499682,2016-02-17,House,"House Third Reading",58,1,0,1,60
829651,504432,2016-02-23,Senate,"Senate Committee Do pass with amendments. (Printed B-Eng.)",5,0,0,0,5
829651,509085,2016-02-29,Senate,"Senate Third Reading",25,2,0,3,30
829651,510711,2016-03-01,House,"House Third Reading in Concurrence",57,0,0,2,59
829653,492941,2016-02-08,Senate,"Senate Committee Do pass",4,1,0,0,5
829653,497103,2016-02-15,Senate,"Senate Third Reading",20,7,0,3,30
829653,504725,2016-02-23,House,"House Committee Do Pass",8,0,0,0,8
829653,507053,2016-02-25,House,"House Third Reading",56,2,0,2,60
829657,495177,2016-02-11,House,"House Committee Do pass the bill and be referred to Ways and Means by prior reference",8,0,0,0,8
829658,489820,2016-02-02,House,"House Committee Be Adopted",9,0,0,0,9
829658,493233,2016-02-09,House,"House Special Order",59,0,0,1,60
829658,507573,2016-02-25,Senate,"Senate Committee Be adopted",5,0,0,0,5
829658,512193,2016-03-02,Senate,"Senate Final Reading",28,0,0,2,30
829660,492965,2016-02-08,Senate,"Senate Committee Do pass with amendments and requesting subsequent referral to Ways and Means be rescinded. (Printed A-Eng.)",5,0,0,0,5
829660,498600,2016-02-16,Senate,"Senate Third Reading",26,1,0,3,30
829660,504468,2016-02-23,House,"House Committee Do Pass",8,0,0,0,8
829660,507868,2016-02-26,House,"House Third Reading",51,3,0,6,60
829661,490761,2016-02-03,House,"House Committee Do Pass",9,0,0,0,9
829661,492185,2016-02-05,House,"House Third Reading",55,1,0,4,60
829661,497256,2016-02-15,Senate,"Senate Committee Do pass",6,0,0,1,7
829661,502434,2016-02-19,Senate,"Senate Third Reading",27,0,0,3,30
829662,494975,2016-02-11,House,"House Committee Do pass with amendments and rescind subsequent referral to Ways and Means. (Printed A-Eng.)",6,3,0,0,9
829662,497031,2016-02-15,House,"House Third Reading",39,20,0,1,60
829662,504111,2016-02-22,Senate,"Senate Committee Do pass with amendments to the A-Eng bill. (Printed B-Eng.)",3,2,0,0,5
829662,512067,2016-03-02,Senate,"Senate Motion to Refer",28,0,0,2,30
829663,492974,2016-02-08,House,"House Committee Be adopted with amendments. (Printed A-Eng.)",8,0,0,1,9
829663,495969,2016-02-11,House,"House Read and Adopted",55,1,0,4,60
829663,505249,2016-02-23,Senate,"Senate Committee Do adopt the A-Eng measure",3,0,0,2,5
829663,508811,2016-02-29,Senate,"Senate Final Reading",21,7,0,2,30
829664,493375,2016-02-09,House,"House Committee Be adopted with amendments and be referred to Rules by prior reference. (Printed A-Eng.)",7,0,0,0,7
829664,500499,2016-02-17,House,"House Committee Be Adopted",8,0,0,1,9
829664,502767,2016-02-19,House,"House Read and Adopted",58,0,0,2,60
829664,508076,2016-02-26,Senate,"Senate Committee Be adopted with amendments. (Printed B-Eng.)",5,0,0,0,5
829664,511814,2016-03-02,Senate,"Senate Final Reading",28,0,0,2,30
829664,511815,2016-03-02,House,House,57,0,0,3,60
829665,496468,2016-02-11,Senate,"Senate Committee Do pass with amendments. (Printed A-Eng.)",4,0,0,2,6
829665,501582,2016-02-18,Senate,"Senate Third Reading",25,3,0,2,30
829665,503387,2016-02-22,House,"House Committee Do Pass the A-Eng bill",9,0,0,0,9
829665,505966,2016-02-24,House,"House Third Reading",60,0,0,0,60
829668,495237,2016-02-11,House,"House Committee Do pass with amendments. (Printed A-Eng.)",6,0,0,1,7
829668,498574,2016-02-16,House,"House Third Reading",58,0,0,2,60
829668,504410,2016-02-23,Senate,"Senate Committee Do pass the A-Eng bill",4,0,0,0,4
829668,508237,2016-02-26,Senate,"Senate Third Reading",24,0,0,6,30
829669,490774,2016-02-03,House,"House Committee Do Pass",6,0,0,1,7
829669,492413,2016-02-08,House,"House Third Reading",59,0,0,1,60
829669,496718,2016-02-15,Senate,"Senate Committee Do pass",5,0,0,0,5
829669,501399,2016-02-18,Senate,"Senate Third Reading",26,1,0,3,30
829670,493749,2016-02-09,House,"House Committee Do pass with amendments. (Printed A-Eng.)",9,0,0,1,10
829670,497196,2016-02-15,House,"House Third Reading",48,11,0,1,60
829670,502447,2016-02-19,Senate,"Senate Third Reading",20,6,0,4,30
829671,494982,2016-02-11,Senate,"Senate Committee Do pass with amendments. (Printed A-Eng.)",5,0,0,0,5
829671,502293,2016-02-19,Senate,"Senate Third Reading",27,0,0,3,30
829671,507976,2016-02-26,House,"House Committee Do pass with amendments. (Printed B-Eng.)",8,1,0,0,9
829671,512112,2016-03-02,House,"House Third Reading",56,2,0,2,60
829671,512113,2016-03-02,House,"House Third Reading",56,2,0,2,60
829671,512694,2016-03-03,Senate,"Senate Third Reading in Concurrence",30,0,0,0,30
829672,492028,2016-02-05,House,"House Committee Do Pass",9,0,0,0,9
829672,493071,2016-02-09,House,"House Third Reading",59,0,0,1,60
829673,497469,2016-02-16,Senate,"Senate Committee Do pass with amendments. (Printed A-Eng.)",5,0,0,0,5
829673,502596,2016-02-19,Senate,"Senate Third Reading",26,0,0,4,30
829673,507027,2016-02-25,House,"House Committee Do Pass",9,0,0,0,9
829673,509521,2016-02-29,House,"House Third Reading",59,0,0,1,60
829674,494027,2016-02-10,House,"House Committee Do pass with amendments. (Printed A-Eng.)",8,0,0,1,9
829674,496046,2016-02-12,House,"House Third Reading",57,0,0,3,60
829674,502239,2016-02-18,Senate,"Senate Committee Do pass the A-Eng bill",5,0,0,0,5
829674,506694,2016-02-25,Senate,"Senate Third Reading",28,0,0,2,30
829676,494987,2016-02-11,House,"House Committee Do pass with amendments. (Printed A-Eng.)",8,1,0,0,9
829676,498900,2016-02-16,House,"House Third Reading",54,4,0,2,60
829676,504723,2016-02-23,Senate,"Senate Committee Do pass the A-Eng bill",5,0,0,0,5
829676,508061,2016-02-26,Senate,"Senate Third Reading",25,0,0,5,30
829677,489617,2016-02-01,House,"House Committee Do pass and be referred to Ways and Means by prior reference",9,0,0,0,9
829677,507016,2016-02-25,House,"House Committee Do pass with amendments. (Printed A-Eng.)",23,0,0,1,24
829677,510030,2016-03-01,House,"House Third Reading",55,0,0,5,60
829677,511601,2016-03-02,Senate,"Senate Third Reading",27,0,0,3,30
829678,494429,2016-02-10,House,"House Committee Do pass with amendments and bill be referred to Ways and Means. (Printed A-Eng.)",5,3,0,1,9
829678,507578,2016-02-25,House,"House Committee Do pass with amendments to the A-Eng bill. (Printed B-Eng.)",14,9,0,1,24
829678,509881,2016-03-01,House,"House Third Reading",36,22,0,2,60
829678,511499,2016-03-02,Senate,"Senate Third Reading",18,10,0,2,30
829680,494379,2016-02-10,House,"House Committee Do pass with amendments and bill be referred to Ways and Means. (Printed A-Eng.)",9,0,0,0,9
829684,491476,2016-02-04,Senate,"Senate Committee Do pass with amendments. (Printed A-Eng.)",4,1,0,0,5
829684,493520,2016-02-09,Senate,"Senate Third Reading",21,7,0,2,30
829684,504439,2016-02-23,House,"House Committee Do Pass",8,0,0,0,8
829684,507866,2016-02-26,House,"House Third Reading",50,5,0,5,60
829685,495207,2016-02-11,House,"House Committee Do pass with amendments. (Printed A-Eng.)",5,3,0,0,8
829685,500367,2016-02-17,House,"House Third Reading",32,27,0,1,60
829686,495931,2016-02-11,Senate,"Senate Committee Do pass with amendments. (Printed A-Eng.)",3,0,0,1,4
829686,501639,2016-02-18,Senate,"Senate Third Reading",28,0,0,2,30
829686,504481,2016-02-23,House,"House Committee Do Pass the A-Eng bill",5,1,0,1,7
829686,507186,2016-02-25,House,"House Third Reading",56,2,0,2,60
829687,496898,2016-02-12,Senate,"Senate Committee Do pass with amendments. (Printed A-Eng.)",6,0,0,0,6
829687,505066,2016-02-22,Senate,"Senate Committee Do pass with amendments. (Printed A-Eng.)",6,0,0,0,6
829687,508200,2016-02-26,Senate,"Senate Third Reading",27,0,0,3,30
829687,511337,2016-03-02,House,"House Third Reading",56,2,0,2,60
829688,490775,2016-02-03,House,"House Committee Be Adopted",8,0,0,1,9
829688,493087,2016-02-09,House,"House Special Order",59,0,0,1,60
829688,499293,2016-02-16,Senate,"Senate Committee Be adopted",5,0,0,0,5
829688,502761,2016-02-19,Senate,"Senate Final Reading",27,0,0,3,30
829689,512440,2016-03-03,House,"House Withdraw from Committee",30,30,0,0,60
829690,491516,2016-02-04,Senate,"Senate Committee Do pass",5,0,0,0,5
829690,493565,2016-02-09,Senate,"Senate Third Reading",23,5,0,2,30
829690,502197,2016-02-19,House,"House Committee Do Pass",8,0,0,3,11
829690,505438,2016-02-24,House,"House Third Reading",60,0,0,0,60
829692,508777,2016-02-29,House,"House Withdraw from Committee",28,31,0,1,60
829694,492962,2016-02-08,House,"House Committee Do Pass",9,0,0,0,9
829694,495954,2016-02-11,House,"House Third Reading",57,0,0,3,60
829694,502189,2016-02-19,Senate,"Senate Committee Do pass",4,0,0,1,5
829694,506926,2016-02-25,Senate,"Senate Third Reading",29,0,0,1,30
829695,499305,2016-02-16,Senate,"Senate Committee Be adopted",5,0,0,0,5
829695,507223,2016-02-25,Senate,"Senate Final Reading",29,0,0,1,30
829695,509631,2016-02-29,House,"House Committee Be Adopted",8,0,0,1,9
829695,511627,2016-03-02,House,"House Read and Adopted",57,0,0,3,60
829696,495553,2016-02-09,Senate,"Senate Committee Do pass with amendments. Refer to Ways and Means by prior reference. (Printed A-Eng.)",3,2,0,0,5
829697,492980,2016-02-08,House,"House Committee Do pass and be referred to Ways and Means by prior reference",8,0,0,1,9
829697,507006,2016-02-25,House,"House Committee Do pass with amendments. (Printed A-Eng.)",23,0,0,1,24
829697,510195,2016-03-01,House,"House Third Reading",54,0,0,6,60
829697,512022,2016-03-02,Senate,"Senate Third Reading",28,0,0,2,30
829699,494902,2016-02-10,Senate,"Senate Committee Do pass with amendments and requesting subsequent referral to Ways and Means be rescinded. (Printed A-Eng.)",5,1,0,1,7
829699,501563,2016-02-18,Senate,"Senate Third Reading",27,1,0,2,30
829699,508688,2016-02-29,House,"House Committee Do pass with amendments to the A-Eng bill. (Printed B-Eng.)",7,2,0,0,9
829699,511636,2016-03-02,House,"House Third Reading",31,25,0,4,60
829699,512641,2016-03-03,Senate,"Senate Third Reading in Concurrence",20,10,0,0,30
829700,495201,2016-02-11,House,"House Committee Do pass with amendments. (Printed A-Eng.)",9,0,0,0,9
829700,499982,2016-02-17,House,"House Third Reading",59,0,0,1,60
829700,503347,2016-02-22,Senate,"Senate Committee Do pass the A-Eng bill. Refer to Finance and Revenue",5,0,0,0,5
829700,506477,2016-02-25,Senate,"Senate Committee Do pass",5,0,0,0,5
829704,490784,2016-02-03,House,"House Committee Do Pass",9,0,0,0,9
829704,492830,2016-02-08,House,"House Third Reading",58,0,0,2,60
829704,499286,2016-02-16,Senate,"Senate Committee Do pass with amendments. (Printed A-Eng.)",5,0,0,0,5
829704,505432,2016-02-24,Senate,"Senate Third Reading",29,0,0,1,30
829704,507311,2016-02-25,House,"House Third Reading in Concurrence",58,0,0,2,60
832077,507597,2016-02-25,Senate,"Senate Committee Do pass with amendments. (Printed A-Eng.)",4,1,0,0,5
832077,512096,2016-03-02,Senate,"Senate Third Reading",18,10,0,2,30
834085,490057,2016-02-02,Senate,"Senate Committee Be adopted",4,0,0,1,5
834085,497464,2016-02-15,Senate,"Senate Final Reading",28,0,0,2,30
836701,495933,2016-02-11,Senate,"Senate Committee Be adopted",4,0,0,1,5
836701,497926,2016-02-16,Senate,"Senate Final Reading",27,0,0,3,30
836701,504511,2016-02-23,House,"House Committee Be adopted with amendments. (Printed A-Eng.)",8,0,0,1,9
836701,507376,2016-02-25,House,"House Read and Adopted",59,0,0,1,60
836701,508635,2016-02-29,Senate,Senate,26,0,0,4,30
839484,507013,2016-02-25,House,"House Committee Do pass with amendments. (Printed A-Eng.)",22,0,0,2,24
839484,510229,2016-03-01,House,"House Third Reading",56,2,0,2,60
839484,511492,2016-03-02,Senate,"Senate Third Reading",27,0,0,3,30
839485,507545,2016-02-25,House,"House Committee Do pass with amendments. (Printed A-Eng.)",22,0,0,2,24
839485,509771,2016-03-01,House,"House Third Reading",49,9,0,2,60
839485,511389,2016-03-02,Senate,"Senate Third Reading",25,3,0,2,30
839486,505428,2016-02-23,Senate,"Senate Committee Do pass",5,0,0,0,5
839486,507990,2016-02-26,Senate,"Senate Third Reading",28,0,0,2,30
839486,510378,2016-03-01,House,"House Committee Do Pass",7,1,0,1,9
839486,511750,2016-03-02,House,"House Third Reading",52,3,0,5,60
839487,506994,2016-02-25,Senate,"Senate Committee Do pass with amendments. (Printed A-Eng.)",22,0,0,2,24
839487,511248,2016-03-02,Senate,"Senate Third Reading",23,5,0,2,30
839487,512566,2016-03-03,House,"House Third Reading",58,2,0,0,60
839488,507070,2016-02-25,Senate,"Senate Committee Do pass with amendments. (Printed A-Eng.)",23,0,0,1,24
839488,511277,2016-03-02,Senate,"Senate Third Reading",25,3,0,2,30
839488,512385,2016-03-03,House,"House Third Reading",58,2,0,0,60
839489,507559,2016-02-25,House,"House Committee Do pass with amendments. (Printed A-Eng.)",22,0,0,2,24
839489,510181,2016-03-01,House,"House Third Reading",49,9,0,2,60
839489,512006,2016-03-02,Senate,"Senate Third Reading",22,6,0,2,30
839490,507556,2016-02-25,Senate,"Senate Committee Do pass with amendments. (Printed A-Eng.)",19,3,0,2,24
839490,510146,2016-03-01,Senate,"Senate Third Reading",19,10,0,1,30
839490,512397,2016-03-03,House,"House Third Reading",37,23,0,0,60
839491,507028,2016-02-25,Senate,"Senate Committee Do pass with amendments. (Printed A-Eng.)",18,4,0,2,24
839491,509859,2016-03-01,Senate,"Senate Third Reading",18,11,0,1,30
839491,511452,2016-03-02,House,House,45,11,0,4,60
848151,504478,2016-02-23,Senate,"Senate Committee Do pass with amendments. (Printed A-Eng.)",10,0,0,0,10
848151,509019,2016-02-16,Senate,"Senate Committee Do Pass the A-Eng bill",10,0,0,0,10
848151,509020,2016-02-29,Senate,"Senate Third Reading",20,8,0,2,30
848151,511359,2016-03-02,House,"House Third Reading",38,20,0,2,60
848375,511392,2016-03-02,Senate,"Senate Committee Be adopted",4,0,0,1,5
848375,512363,2016-03-03,Senate,"Senate Final Reading",28,2,0,0,30
848375,513078,2016-03-03,House,"House Read and Adopted",60,0,0,0,60
850635,505423,2016-02-23,Senate,"Senate Committee Do pass with amendments. (Printed A-Eng.)",5,0,0,0,5
850635,507998,2016-02-26,Senate,"Senate Third Reading",28,0,0,2,30
850635,510335,2016-03-01,House,"House Committee Do Pass the A-Eng bill",8,0,0,1,9
850635,511761,2016-03-02,House,"House Third Reading",46,10,0,4,60
851515,505422,2016-02-23,Senate,"Senate Committee Do pass",3,1,0,1,5
851515,508001,2016-02-26,Senate,"Senate Third Reading",24,3,0,3,30
851515,509598,2016-02-29,House,"House Committee Do Pass",9,0,0,0,9
851515,511312,2016-03-02,House,"House Third Reading",56,2,0,2,60
852893,504496,2016-02-23,Senate,"Senate Committee Do pass",9,0,0,1,10
852893,508807,2016-02-29,Senate,"Senate Third Reading",20,8,0,2,30
852893,513110,2016-03-03,House,"House Third Reading",39,21,0,0,60
853745,506388,2016-02-24,House,"House Committee Do Pass",9,0,0,0,9
853745,508038,2016-02-26,House,"House Third Reading",53,5,0,2,60
855723,509642,2016-02-29,House,"House Committee Be Adopted",8,0,0,1,9
855723,510996,2016-03-02,House,"House Read and Adopted",53,4,0,3,60
855723,511405,2016-03-02,Senate,"Senate Committee Be adopted",4,0,0,1,5
855723,512352,2016-03-03,Senate,"Senate Final Reading",23,7,0,0,30
