bill_id,session_id,bill_number,status,status_desc,status_date,title,description,committee_id,committee,last_action_date,last_action,url,state_link
416114,211,HB2001,1,Introduced,2010-02-02,"State bonds; technical correction","State bonds; technical correction",1101,"House Rules",2010-02-03,"Referred to House RULES Committee",https://legiscan.com/AZ/bill/HB2001/2010/X6,http://www.azleg.gov/DocumentsForBill.asp?Session_ID=95&Bill_Number=HB2001
416100,211,HB2002,1,Introduced,2010-02-02,"Tax notes; definitions; technical correction","Tax notes; definitions; technical correction",1101,"House Rules",2010-02-03,"Referred to House RULES Committee",https://legiscan.com/AZ/bill/HB2002/2010/X6,http://www.azleg.gov/DocumentsForBill.asp?Session_ID=95&Bill_Number=HB2002
416087,211,HB2003,1,Introduced,2010-02-03,"Technical correction; racing commission; prohibition","Technical correction; racing commission; prohibition",0,,2010-02-03,Introduced,https://legiscan.com/AZ/bill/HB2003/2010/X6,http://www.azleg.gov/DocumentsForBill.asp?Session_ID=95&Bill_Number=HB2003
416071,211,HCR2001,1,Introduced,2010-02-02,"Bond elections; technical correction","Bond elections; technical correction",1101,"House Rules",2010-02-03,"Referred to House RULES Committee",https://legiscan.com/AZ/bill/HCR2001/2010/X6,http://www.azleg.gov/DocumentsForBill.asp?Session_ID=95&Bill_Number=HCR2001
416057,211,HCR2002,1,Introduced,2010-02-03,"Technical correction; racing commission; prohibition","Technical correction; racing commission; prohibition",0,,2010-02-03,Introduced,https://legiscan.com/AZ/bill/HCR2002/2010/X6,http://www.azleg.gov/DocumentsForBill.asp?Session_ID=95&Bill_Number=HCR2002
416043,211,SB1001,4,Passed,2010-02-09,"Statewide special election","Statewide special election",0,,2010-02-09,"Governor Signed",https://legiscan.com/AZ/bill/SB1001/2010/X6,http://www.azleg.gov/DocumentsForBill.asp?Session_ID=95&Bill_Number=SB1001
416027,211,SB1002,2,Engrossed,2010-02-02,"Budget reconciliation; appropriations; education","Budget reconciliation; appropriations; education",0,,2010-02-10,"Transmit to Senate",https://legiscan.com/AZ/bill/SB1002/2010/X6,http://www.azleg.gov/DocumentsForBill.asp?Session_ID=95&Bill_Number=SB1002
416014,211,SB1003,4,Passed,2010-02-12,"Revenue bonds; lease-purchase finance","Revenue bonds; lease-purchase finance",0,,2010-02-12,"Governor Signed",https://legiscan.com/AZ/bill/SB1003/2010/X6,http://www.azleg.gov/DocumentsForBill.asp?Session_ID=95&Bill_Number=SB1003
416000,211,SB1004,4,Passed,2010-02-09,"State lottery; authorization","State lottery; authorization",0,,2010-02-09,"Governor Signed",https://legiscan.com/AZ/bill/SB1004/2010/X6,http://www.azleg.gov/DocumentsForBill.asp?Session_ID=95&Bill_Number=SB1004
415986,211,SB1005,4,Passed,2010-02-09,"Standard deduction; nonresidents; prorate","Standard deduction; nonresidents; prorate",0,,2010-02-09,"Governor Signed",https://legiscan.com/AZ/bill/SB1005/2010/X6,http://www.azleg.gov/DocumentsForBill.asp?Session_ID=95&Bill_Number=SB1005
415972,211,SCR1001,4,Passed,2010-02-04,"Temporary sales tax; repeal","Temporary sales tax; repeal",0,,2010-02-04,"Transmitted to Secretary Of State",https://legiscan.com/AZ/bill/SCR1001/2010/X6,http://www.azleg.gov/DocumentsForBill.asp?Session_ID=95&Bill_Number=SCR1001
