bill_id,document_id,document_type,document_size,document_mime,document_desc,url,state_link
416114,610400,text,23487,text/html,Introduced,https://legiscan.com/AZ/text/HB2001/id/610400,http://www.azleg.gov/legtext/49leg/6s/bills/hb2001p.htm
416100,610377,text,25341,text/html,Introduced,https://legiscan.com/AZ/text/HB2002/id/610377,http://www.azleg.gov/legtext/49leg/6s/bills/hb2002p.htm
416087,610362,text,23590,text/html,Introduced,https://legiscan.com/AZ/text/HB2003/id/610362,http://www.azleg.gov/legtext/49leg/6s/bills/hb2003p.htm
416071,610329,text,24121,text/html,Introduced,https://legiscan.com/AZ/text/HCR2001/id/610329,http://www.azleg.gov/legtext/49leg/6s/bills/hcr2001p.htm
416057,610304,text,24410,text/html,Introduced,https://legiscan.com/AZ/text/HCR2002/id/610304,http://www.azleg.gov/legtext/49leg/6s/bills/hcr2002p.htm
416043,610275,text,34426,text/html,Introduced,https://legiscan.com/AZ/text/SB1001/id/610275,http://www.azleg.gov/legtext/49leg/6s/bills/sb1001p.htm
416043,610276,text,34135,text/html,Chaptered,https://legiscan.com/AZ/text/SB1001/id/610276,http://www.azleg.gov/legtext/49leg/6s/bills/sb1001s.htm
416027,610235,text,26983,text/html,Introduced,https://legiscan.com/AZ/text/SB1002/id/610235,http://www.azleg.gov/legtext/49leg/6s/bills/sb1002p.htm
416027,610236,text,26588,text/html,Engrossed,https://legiscan.com/AZ/text/SB1002/id/610236,http://www.azleg.gov/legtext/49leg/6s/bills/sb1002s.htm
416027,610237,text,26952,text/html,Engrossed,https://legiscan.com/AZ/text/SB1002/id/610237,http://www.azleg.gov/legtext/49leg/6s/bills/sb1002h.htm
416014,610203,text,51856,text/html,Introduced,https://legiscan.com/AZ/text/SB1003/id/610203,http://www.azleg.gov/legtext/49leg/6s/bills/sb1003p.htm
416014,610204,text,51415,text/html,Chaptered,https://legiscan.com/AZ/text/SB1003/id/610204,http://www.azleg.gov/legtext/49leg/6s/bills/sb1003s.htm
416000,610170,text,97197,text/html,Introduced,https://legiscan.com/AZ/text/SB1004/id/610170,http://www.azleg.gov/legtext/49leg/6s/bills/sb1004p.htm
416000,610171,text,97124,text/html,Chaptered,https://legiscan.com/AZ/text/SB1004/id/610171,http://www.azleg.gov/legtext/49leg/6s/bills/sb1004s.htm
415986,610142,text,24810,text/html,Introduced,https://legiscan.com/AZ/text/SB1005/id/610142,http://www.azleg.gov/legtext/49leg/6s/bills/sb1005p.htm
415986,610143,text,24642,text/html,Chaptered,https://legiscan.com/AZ/text/SB1005/id/610143,http://www.azleg.gov/legtext/49leg/6s/bills/sb1005s.htm
415972,610114,text,26187,text/html,Introduced,https://legiscan.com/AZ/text/SCR1001/id/610114,http://www.azleg.gov/legtext/49leg/6s/bills/scr1001p.htm
415972,610115,text,25826,text/html,Engrossed,https://legiscan.com/AZ/text/SCR1001/id/610115,http://www.azleg.gov/legtext/49leg/6s/bills/scr1001s.htm
