bill_id,date,chamber,sequence,action
415972,2010-02-01,,1,"Introduced in Senate and read first time"
415972,2010-02-01,,2,"Assigned to Senate NRIPD Committee"
415972,2010-02-01,,3,"Assigned to Senate RULES Committee"
415972,2010-02-02,,4,"Senate read second time"
415972,2010-02-02,,5,"Referred to Senate NRIPD Committee"
415972,2010-02-02,,6,"Senate NRIPD Committee action: Do Pass, voting: (6-1-0-0)"
415972,2010-02-01,,7,"Referred to Senate RULES Committee"
415972,2010-02-02,,8,"Senate RULES Committee action: Proper For Consideration"
415972,2010-02-02,,9,"Senate minority caucus: Do pass"
415972,2010-02-02,,10,"Senate majority caucus: Do pass"
415972,2010-02-02,,11,"Senate Committee of the Whole action: Do Pass"
415972,2010-02-02,,12,"Senate third reading PASSED voting: (16-12-0-0)"
415972,2010-02-02,,13,"Transmit to House"
415972,2010-02-02,,14,"Introduced in House and read first time"
415972,2010-02-03,,15,"Assigned to House APPROP Committee"
415972,2010-02-02,,16,"Assigned to House RULES Committee"
415972,2010-02-03,,17,"House read second time"
415972,2010-02-03,,18,"Referred to House APPROP Committee"
415972,2010-02-04,,19,"House APPROP Committee action: Do Pass, voting: (9-4-0-0-0)"
415972,2010-02-02,,20,"Referred to House RULES Committee"
415972,2010-02-04,,21,"House RULES Committee action: constitutional and in proper form, voting: (7-0-0-1-0)"
415972,2010-02-04,,22,"House minority caucus: Do pass"
415972,2010-02-04,,23,"House majority caucus: Do pass"
415972,2010-02-04,,24,"House Committee of the Whole action: Do Pass"
415972,2010-02-04,,25,"House third reading PASSED voting: (34-25-0-0)"
415972,2010-02-04,,26,"Transmit to Senate"
415972,2010-02-04,,27,"Transmitted to Secretary Of State"
415986,2010-02-01,,1,"Introduced in Senate and read first time"
415986,2010-02-01,,2,"Assigned to Senate NRIPD Committee"
415986,2010-02-01,,3,"Assigned to Senate RULES Committee"
415986,2010-02-02,,4,"Senate read second time"
415986,2010-02-02,,5,"Referred to Senate NRIPD Committee"
415986,2010-02-02,,6,"Senate NRIPD Committee action: Do Pass Amended, voting: (7-0-0-0)"
415986,2010-02-01,,7,"Referred to Senate RULES Committee"
415986,2010-02-02,,8,"Senate RULES Committee action: Proper For Consideration"
415986,2010-02-02,,9,"Senate minority caucus: Do pass"
415986,2010-02-02,,10,"Senate majority caucus: Do pass"
415986,2010-02-02,,11,"Senate Committee of the Whole action: Do Pass Amended"
415986,2010-02-02,,12,"Senate third reading PASSED voting: (21-7-0-0)"
415986,2010-02-02,,13,"Transmit to House"
415986,2010-02-02,,14,"Introduced in House and read first time"
415986,2010-02-03,,15,"Assigned to House APPROP Committee"
415986,2010-02-02,,16,"Assigned to House RULES Committee"
415986,2010-02-03,,17,"House read second time"
415986,2010-02-03,,18,"Referred to House APPROP Committee"
415986,2010-02-04,,19,"House APPROP Committee action: Do Pass, voting: (13-0-0-0-0)"
415986,2010-02-02,,20,"Referred to House RULES Committee"
415986,2010-02-04,,21,"House RULES Committee action: constitutional and in proper form, voting: (7-0-0-1-0)"
415986,2010-02-04,,22,"House minority caucus: Do pass"
415986,2010-02-04,,23,"House majority caucus: Do pass"
415986,2010-02-08,,24,"House Committee of the Whole action: Do Pass"
415986,2010-02-08,,25,"House third reading PASSED voting: (54-3-2-0)"
415986,2010-02-08,,26,"Transmit to Senate"
415986,2010-02-08,,27,"Transmitted to Governor"
415986,2010-02-09,,28,"Governor Signed"
416000,2010-02-01,,1,"Introduced in Senate and read first time"
416000,2010-02-01,,2,"Assigned to Senate NRIPD Committee"
416000,2010-02-01,,3,"Assigned to Senate RULES Committee"
416000,2010-02-02,,4,"Senate read second time"
416000,2010-02-02,,5,"Referred to Senate NRIPD Committee"
416000,2010-02-02,,6,"Senate NRIPD Committee action: Do Pass Amended, voting: (7-0-0-0)"
416000,2010-02-01,,7,"Referred to Senate RULES Committee"
416000,2010-02-02,,8,"Senate RULES Committee action: Proper For Consideration"
416000,2010-02-02,,9,"Senate minority caucus: Do pass"
416000,2010-02-02,,10,"Senate majority caucus: Do pass"
416000,2010-02-02,,11,"Senate Committee of the Whole action: Do Pass Amended"
416000,2010-02-02,,12,"Senate third reading PASSED voting: (19-9-0-0)"
416000,2010-02-02,,13,"Transmit to House"
416000,2010-02-02,,14,"Introduced in House and read first time"
416000,2010-02-03,,15,"Assigned to House APPROP Committee"
416000,2010-02-02,,16,"Assigned to House RULES Committee"
416000,2010-02-03,,17,"House read second time"
416000,2010-02-03,,18,"Referred to House APPROP Committee"
416000,2010-02-04,,19,"House APPROP Committee action: Do Pass, voting: (10-3-0-0-0)"
416000,2010-02-02,,20,"Referred to House RULES Committee"
416000,2010-02-04,,21,"House RULES Committee action: constitutional and in proper form, voting: (7-0-0-1-0)"
416000,2010-02-04,,22,"House minority caucus: Do pass"
416000,2010-02-04,,23,"House majority caucus: Do pass"
416000,2010-02-08,,24,"House Committee of the Whole action: Do Pass"
416000,2010-02-08,,25,"House third reading PASSED voting: (40-17-2-0)"
416000,2010-02-08,,26,"Transmit to Senate"
416000,2010-02-08,,27,"Transmitted to Governor"
416000,2010-02-09,,28,"Governor Signed"
416014,2010-02-01,,1,"Introduced in Senate and read first time"
416014,2010-02-01,,2,"Assigned to Senate NRIPD Committee"
416014,2010-02-01,,3,"Assigned to Senate RULES Committee"
416014,2010-02-02,,4,"Senate read second time"
416014,2010-02-02,,5,"Referred to Senate NRIPD Committee"
416014,2010-02-02,,6,"Senate NRIPD Committee action: Do Pass Amended, voting: (7-0-0-0)"
416014,2010-02-01,,7,"Referred to Senate RULES Committee"
416014,2010-02-02,,8,"Senate RULES Committee action: Proper For Consideration"
416014,2010-02-02,,9,"Senate minority caucus: Do pass"
416014,2010-02-02,,10,"Senate majority caucus: Do pass"
416014,2010-02-02,,11,"Senate Committee of the Whole action: Do Pass Amended"
416014,2010-02-02,,12,"Senate third reading PASSED voting: (19-9-0-0)"
416014,2010-02-02,,13,"Transmit to House"
416014,2010-02-02,,14,"Introduced in House and read first time"
416014,2010-02-03,,15,"Assigned to House APPROP Committee"
416014,2010-02-02,,16,"Assigned to House RULES Committee"
416014,2010-02-03,,17,"House read second time"
416014,2010-02-03,,18,"Referred to House APPROP Committee"
416014,2010-02-04,,19,"House APPROP Committee action: Do Pass, voting: (9-3-0-1-0)"
416014,2010-02-02,,20,"Referred to House RULES Committee"
416014,2010-02-04,,21,"House RULES Committee action: constitutional and in proper form, voting: (7-0-0-1-0)"
416014,2010-02-04,,22,"House minority caucus: Do pass"
416014,2010-02-04,,23,"House majority caucus: Do pass"
416014,2010-02-09,,24,"House Committee of the Whole action: Do Pass"
416014,2010-02-09,,25,"House third reading PASSED voting: (31-27-1-0)"
416014,2010-02-09,,26,"Transmit to Senate"
416014,2010-02-09,,27,"Transmitted to Governor"
416014,2010-02-12,,28,"Governor Signed"
416027,2010-02-01,,1,"Introduced in Senate and read first time"
416027,2010-02-01,,2,"Assigned to Senate NRIPD Committee"
416027,2010-02-01,,3,"Assigned to Senate RULES Committee"
416027,2010-02-02,,4,"Senate read second time"
416027,2010-02-02,,5,"Referred to Senate NRIPD Committee"
416027,2010-02-02,,6,"Senate NRIPD Committee action: Do Pass, voting: (7-0-0-0)"
416027,2010-02-01,,7,"Referred to Senate RULES Committee"
416027,2010-02-02,,8,"Senate RULES Committee action: Proper For Consideration"
416027,2010-02-02,,9,"Senate minority caucus: Do pass"
416027,2010-02-02,,10,"Senate majority caucus: Do pass"
416027,2010-02-02,,11,"Senate Committee of the Whole action: Do Pass"
416027,2010-02-02,,12,"Senate third reading PASSED voting: (19-9-0-0)"
416027,2010-02-02,,13,"Transmit to House"
416027,2010-02-02,,14,"Introduced in House and read first time"
416027,2010-02-03,,15,"Assigned to House APPROP Committee"
416027,2010-02-02,,16,"Assigned to House RULES Committee"
416027,2010-02-03,,17,"House read second time"
416027,2010-02-03,,18,"Referred to House APPROP Committee"
416027,2010-02-04,,19,"House APPROP Committee action: Do Pass, voting: (10-2-0-1-0)"
416027,2010-02-02,,20,"Referred to House RULES Committee"
416027,2010-02-04,,21,"House RULES Committee action: constitutional and in proper form, voting: (7-0-0-1-0)"
416027,2010-02-04,,22,"House minority caucus: Do pass"
416027,2010-02-04,,23,"House majority caucus: Do pass"
416027,2010-02-10,,24,"House Committee of the Whole action: Do Pass Amended"
416027,2010-02-10,,25,"House third reading PASSED voting: (31-26-2-0)"
416027,2010-02-10,,26,"Transmit to Senate"
416043,2010-02-01,,1,"Introduced in Senate and read first time"
416043,2010-02-01,,2,"Assigned to Senate NRIPD Committee"
416043,2010-02-01,,3,"Assigned to Senate RULES Committee"
416043,2010-02-02,,4,"Senate read second time"
416043,2010-02-02,,5,"Referred to Senate NRIPD Committee"
416043,2010-02-02,,6,"Senate NRIPD Committee action: Do Pass, voting: (7-0-0-0)"
416043,2010-02-01,,7,"Referred to Senate RULES Committee"
416043,2010-02-02,,8,"Senate RULES Committee action: Proper For Consideration"
416043,2010-02-02,,9,"Senate minority caucus: Do pass"
416043,2010-02-02,,10,"Senate majority caucus: Do pass"
416043,2010-02-02,,11,"Senate Committee of the Whole action: Do Pass"
416043,2010-02-02,,12,"Senate third reading PASSED voting: (20-8-0-0)"
416043,2010-02-02,,13,"Transmit to House"
416043,2010-02-02,,14,"Introduced in House and read first time"
416043,2010-02-03,,15,"Assigned to House APPROP Committee"
416043,2010-02-02,,16,"Assigned to House RULES Committee"
416043,2010-02-03,,17,"House read second time"
416043,2010-02-03,,18,"Referred to House APPROP Committee"
416043,2010-02-04,,19,"House APPROP Committee action: Do Pass, voting: (9-4-0-0-0)"
416043,2010-02-02,,20,"Referred to House RULES Committee"
416043,2010-02-04,,21,"House RULES Committee action: constitutional and in proper form, voting: (7-0-0-1-0)"
416043,2010-02-04,,22,"House minority caucus: Do pass"
416043,2010-02-04,,23,"House majority caucus: Do pass"
416043,2010-02-04,,24,"House Committee of the Whole action: Do Pass"
416043,2010-02-04,,25,"House third reading PASSED voting: (37-22-0-0)"
416043,2010-02-04,,26,"Transmit to Senate"
416043,2010-02-04,,27,"Transmitted to Governor"
416043,2010-02-09,,28,"Governor Signed"
416057,2010-02-03,,1,Introduced
416071,2010-02-02,,1,"Introduced in House and read first time"
416071,2010-02-02,,2,"Assigned to House RULES Committee"
416071,2010-02-03,,3,"House read second time"
416071,2010-02-03,,4,"Referred to House RULES Committee"
416087,2010-02-03,,1,Introduced
416100,2010-02-02,,1,"Introduced in House and read first time"
416100,2010-02-02,,2,"Assigned to House RULES Committee"
416100,2010-02-03,,3,"House read second time"
416100,2010-02-03,,4,"Referred to House RULES Committee"
416114,2010-02-02,,1,"Introduced in House and read first time"
416114,2010-02-02,,2,"Assigned to House RULES Committee"
416114,2010-02-03,,3,"House read second time"
416114,2010-02-03,,4,"Referred to House RULES Committee"
