people_id,name,first_name,middle_name,last_name,suffix,nickname,party_id,party,role_id,role,district,followthemoney_eid,votesmart_id,opensecrets_id,ballotpedia,knowwho_pid,committee_id
4228,"Andy Biggs",Andy,,Biggs,,,2,R,1,Rep,SD-012,6602301,28088,,Andy_Biggs,212155,0
4231,"Albert Melvin",Albert,Anthony,Melvin,,Al,2,R,2,Sen,SD-011,6671195,68078,,Al_Melvin,267691,0
4232,"Sylvia Allen",Sylvia,Tenney,Allen,,,2,R,2,Sen,SD-006,6662215,28166,,Sylvia_Allen,265569,0
4234,"Stephen Pierce",Stephen,M.,Pierce,,Steve,2,R,2,Sen,HD-001,8430988,106395,,Steve_Pierce,271889,0
4237,"Ron Gould",Ron,,Gould,,,2,R,2,Sen,SD-003,6662269,28217,,Ron_Gould,227876,0
4238,"Charles Gray",Charles,D.,Gray,,Chuck,2,R,2,Sen,SD-019,6602166,28189,,Charles_Gray,0,0
4239,"John Huppenthal",John,F.,Huppenthal,,,2,R,2,Sen,SD-020,6604420,3092,,John_Huppenthal,192889,0
4240,"Russell Pearce",Russell,K.,Pearce,,,2,R,2,Sen,SD-018,6602318,28448,,Russell_Pearce,205857,0
4241,"Thayer Verschoor",Thayer,,Verschoor,,,2,R,2,Sen,SD-022,6604319,28343,,Thayer_Verschoor,212137,0
4245,"Kyrsten Sinema",Kyrsten,,Sinema,,,1,D,1,Rep,SD-015,6459171,28338,,Kyrsten_Sinema,227495,0
4246,"Cloves Campbell",Cloves,C.,Campbell,Jr.,,1,D,1,Rep,HD-016,6479124,65672,,Cloves_Campbell_Jr.,248854,0
4251,"David Schapira",David,,Schapira,,,1,D,1,Rep,SD-017,6479269,67616,,David_Schapira,248858,0
4253,"Kirk Adams",Kirk,David,Adams,,,2,R,1,Rep,HD-019,12997903,58680,,Kirk_Adams_(Arizona),246047,0
4257,"Steve Court",Steve,,Court,,,2,R,1,Rep,HD-018,6676695,106532,,Steve_Court,267643,0
4261,"Russell Jones",Russell,L.,Jones,,Russ,2,R,1,Rep,HD-024,6662302,28207,,Russell_Jones,227858,0
4262,"John Kavanagh",John,,Kavanagh,,,2,R,1,Rep,HD-023,6671185,68209,,John_Kavanagh,248845,0
4267,"Victor Williams",Victor,,Williams,,,2,R,1,Rep,HD-026,1489339,106645,,Vic_Williams,267658,0
4270,"Linda Gray",Linda,,Gray,,,2,R,2,Sen,SD-010,6610944,12305,,Linda_Gray_(Arizona),192961,0
4271,"Jack Harper",Jack,W.,Harper,,,2,R,2,Sen,HD-004,12997778,28418,,Jack_Harper,212133,0
4274,"Rich Crandall",Rich,,Crandall,,,2,R,1,Rep,SD-016,6671157,66837,,Rich_Crandall,248860,0
4278,"John McComish",John,P.,McComish,,,2,R,1,Rep,SD-018,6653599,28306,,John_McComish,227850,0
4279,"Nancy McLain",Nancy,,McLain,,,2,R,1,Rep,HD-003,6662318,28437,,Nancy_G._McLain,227475,0
4280,"Rick Murphy",Rick,,Murphy,,,2,R,1,Rep,SD-021,12997824,28372,,Rick_Murphy,227485,0
4281,"Warde Nichols",Warde,V.,Nichols,,,2,R,1,Rep,HD-021,12997910,28390,,Warde_Nichols,212153,0
4286,"Andy Tobin",Andy,,Tobin,,,2,R,1,Rep,HD-001,6671218,68079,,Andy_Tobin,248839,0
4287,"Steven Yarbrough",Steven,B.,Yarbrough,,Steve,2,R,1,Rep,SD-017,6604438,28091,,Steven_B._Yarbrough,212154,0
4289,"Pamela Gorman",Pamela,,Gorman,,,2,R,2,Sen,SD-006,12997789,28164,,Pamela_Gorman,227481,0
4293,"John Nelson",John,,Nelson,,,2,R,2,Sen,SD-012,6602076,28147,,"John_Nelson,_Arizona_Senator",205852,0
4296,"Jack Brown",Jack,A.,Brown,,,1,D,1,Rep,HD-005,6401018,2997,,Jack_Brown,192887,0
4298,"Martha Garcia",Martha,,Garcia,,,1,D,1,Rep,HD-013,6459006,28428,,Martha_Garcia,227491,0
4299,"Matthew Heinz",Matthew,Gerald,Heinz,,Matt,1,D,1,Rep,HD-029,6479183,68106,,Matt_Heinz,267664,0
4304,"Carolyn Allen",Carolyn,S.,Allen,,,2,R,2,Sen,SD-008,6579093,3050,,Carolyn_Allen,192985,0
4305,"Olivia Bedford",Olivia,Cajero,Bedford,,,1,D,1,Rep,SD-003,6400954,28198,,Olivia_Cajero_Bedford,212158,0
4308,"Ben Miranda",Ben,R.,Miranda,,,1,D,1,Rep,HD-016,6450353,28110,,Ben_R._Miranda,212150,0
4312,"Amanda Aguirre",Amanda,,Aguirre,,,1,D,2,Sen,SD-024,6458967,28423,,Amanda_Aguirre,214282,0
4314,"Jonathan Paton",Jonathan,Lee,Paton,,,2,R,2,Sen,SD-030,12997822,28500,,Jonathan_Paton,227871,0
4315,"Barbara Leff",Barbara,A.,Leff,,,2,R,2,Sen,SD-011,6610998,13557,,Barbara_Leff,192978,0
4317,"Albert Hale",Albert,,Hale,,,1,D,2,Sen,HD-007,6459019,28152,,Albert_Hale,222028,0
4318,"Manuel Alvarez",Manuel,V.,Alvarez,,Manny,1,D,2,Sen,SD-025,12997930,28104,,Manuel_Alvarez,212156,0
4319,"Jim Waring",Jim,,Waring,,,2,R,2,Sen,SD-007,6611031,28214,,Jim_Waring,212138,0
4320,"Leah Landrum-Taylor",Leah,,Landrum-Taylor,,,1,D,2,Sen,SD-027,6400896,16378,,Leah_Landrum_Taylor,192976,0
4321,"Richard Miranda",Richard,,Miranda,,,1,D,2,Sen,HD-013,12997855,16357,,Richard_Miranda,192974,0
4322,"Jorge Garcia",Jorge,Luis,Garcia,,,1,D,2,Sen,SD-027,6400768,3062,,Jorge_Luis_Garcia_(Arizona),212135,0
4323,"Debbie McCune-Davis",Debbie,,McCune-Davis,,,1,D,2,Sen,HD-030,6400890,28451,,Debbie_McCune-Davis,212147,0
4324,"Linda Lopez",Linda,,Lopez,,,1,D,2,Sen,SD-002,12997831,28453,,"Linda_Lopez,_Arizona_Senator",205846,0
4325,"Paula Aboud",Paula,A.,Aboud,,,1,D,2,Sen,SD-028,6479100,28356,,Paula_Aboud,242010,0
4326,"Ken Cheuvront",Ken,,Cheuvront,,,1,D,2,Sen,SD-015,12997931,2957,,Ken_Cheuvront,192979,0
4327,"Jay Tibshraeny",Jay,,Tibshraeny,,,2,R,2,Sen,SD-021,6611024,28203,,Jay_Tibshraeny,212134,0
4328,"Meg Burton-cahill",Meg,,Burton-cahill,,,1,D,2,Sen,SD-017,6400909,28357,,Meg_Burton_Cahill,205856,0
4357,"Robert Burns",Robert,,Burns,,Bob,2,R,2,Sen,SD-009,6602310,2988,,Robert_Burns_(Arizona),212132,0
4371,"Rebecca Rios",Rebecca,,Rios,,,1,D,1,Rep,HD-027,8509414,3107,,Rebecca_Rios,192944,0
