bill_id,roll_call_id,date,chamber,description,yea,nay,nv,absent,total
415972,174863,2010-02-02,Senate,"Senate Natural Resources, Infrastructure and Public Debt Committee Action (DP)",6,1,0,0,7
415972,174864,2010-02-04,House,"House Appropriations Committee Action (DP)",9,4,0,0,13
415972,174865,2010-02-04,House,"House Rules Committee Action (C&P)",7,0,0,1,8
415986,174911,2010-02-02,Senate,"Senate Natural Resources, Infrastructure and Public Debt Committee Action (DPA)",7,0,0,0,7
415986,174912,2010-02-04,House,"House Appropriations Committee Action (DP)",13,0,0,0,13
415986,174913,2010-02-04,House,"House Rules Committee Action (C&P)",7,0,0,1,8
416000,174931,2010-02-02,Senate,"Senate Natural Resources, Infrastructure and Public Debt Committee Action (DPA)",7,0,0,0,7
416000,174932,2010-02-04,House,"House Appropriations Committee Action (DP)",10,3,0,0,13
416000,174933,2010-02-04,House,"House Rules Committee Action (C&P)",7,0,0,1,8
416014,174947,2010-02-02,Senate,"Senate Natural Resources, Infrastructure and Public Debt Committee Action (DPA)",7,0,0,0,7
416014,174948,2010-02-04,House,"House Appropriations Committee Action (DP)",9,3,0,1,13
416014,174949,2010-02-04,House,"House Rules Committee Action (C&P)",7,0,0,1,8
416027,174961,2010-02-02,Senate,"Senate Natural Resources, Infrastructure and Public Debt Committee Action (DP)",7,0,0,0,7
416027,174962,2010-02-04,House,"House Appropriations Committee Action (DP)",10,2,0,1,13
416027,174963,2010-02-04,House,"House Rules Committee Action (C&P)",7,0,0,1,8
416043,175002,2010-02-02,Senate,"Senate Natural Resources, Infrastructure and Public Debt Committee Action (DP)",7,0,0,0,7
416043,175003,2010-02-02,Senate,"Senate - Third Reading",20,8,0,2,30
416043,175004,2010-02-04,House,"House Appropriations Committee Action (DP)",9,4,0,0,13
416043,175005,2010-02-04,House,"House Rules Committee Action (C&P)",7,0,0,1,8
