bill_id,session_id,bill_number,status,status_desc,status_date,title,description,committee_id,committee,last_action_date,last_action,url,state_link
1027471,1477,HB1001,6,Failed,2017-10-03,"Taxation Of Retail Marijuana Sales","Concerning clarification that retail marijuana sales are subject to sales taxes levied by certain limited purpose governmental entities.",0,,2017-10-03,"Senate Committee on Transportation Postpone Indefinitely",https://legiscan.com/CO/bill/HB1001/2017/X1,http://leg.colorado.gov/bills/hb17b-1001
1027594,1477,HJR1001,2,Engrossed,2017-10-03,"Notify Governor Of Adjournment","Concerning the appointment of a joint committee to notify the Governor that the First Extraordinary Session of the Seventy-first General Assembly is about to adjourn sine die.",0,,2017-10-03,"Senate Third Reading Passed - No Amendments",https://legiscan.com/CO/bill/HJR1001/2017/X1,http://leg.colorado.gov/bills/hjr17b-1001
1027470,1477,SB001,6,Failed,2017-10-02,"Taxation Of Retail Marijuana Sales","Concerning clarification that retail marijuana sales are subject to sales taxes levied by certain limited purpose governmental entities.",0,,2017-10-02,"Senate Committee on Transportation Postpone Indefinitely",https://legiscan.com/CO/bill/SB001/2017/X1,http://leg.colorado.gov/bills/sb17b-001
1027524,1477,SJR001,2,Engrossed,2017-10-03,"Adjourn Sine Die","Concerning adjournment sine die.",0,,2017-10-03,"Signed by the President of the Senate",https://legiscan.com/CO/bill/SJR001/2017/X1,http://leg.colorado.gov/bills/sjr17b-001
