bill_id,document_id,document_type,document_size,document_mime,document_desc,url,state_link
1027471,1651238,text,97264,application/pdf,Introduced,https://legiscan.com/CO/text/HB1001/id/1651238,http://leg.colorado.gov/sites/default/files/documents/2017b/bills/2017b_1001_01.pdf
1027471,1651301,text,118688,application/pdf,Engrossed,https://legiscan.com/CO/text/HB1001/id/1651301,http://leg.colorado.gov/sites/default/files/documents/2017b/bills/2017b_1001_eng.pdf
1027471,1651469,text,119116,application/pdf,Engrossed,https://legiscan.com/CO/text/HB1001/id/1651469,http://leg.colorado.gov/sites/default/files/documents/2017b/bills/2017b_1001_ren.pdf
1027594,1651435,text,82538,application/pdf,Introduced,https://legiscan.com/CO/text/HJR1001/id/1651435,http://leg.colorado.gov/sites/default/files/documents/2017b/bills/2017b_hjr1001_01.pdf
1027594,1651503,text,105310,application/pdf,Amended,https://legiscan.com/CO/text/HJR1001/id/1651503,http://leg.colorado.gov/sites/default/files/documents/2017b/bills/2017b_hjr1001_rev.pdf
1027594,1651436,text,103910,application/pdf,Engrossed,https://legiscan.com/CO/text/HJR1001/id/1651436,http://leg.colorado.gov/sites/default/files/documents/2017b/bills/2017b_hjr1001_en2.pdf
1027470,1651237,text,97725,application/pdf,Introduced,https://legiscan.com/CO/text/SB001/id/1651237,http://leg.colorado.gov/sites/default/files/documents/2017b/bills/2017b_001_01.pdf
1027524,1651354,text,77523,application/pdf,Introduced,https://legiscan.com/CO/text/SJR001/id/1651354,http://leg.colorado.gov/sites/default/files/documents/2017b/bills/2017b_sjr001_01.pdf
1027524,1651487,text,100018,application/pdf,Amended,https://legiscan.com/CO/text/SJR001/id/1651487,http://leg.colorado.gov/sites/default/files/documents/2017b/bills/2017b_sjr001_rev.pdf
1027524,1651486,text,99342,application/pdf,Engrossed,https://legiscan.com/CO/text/SJR001/id/1651486,http://leg.colorado.gov/sites/default/files/documents/2017b/bills/2017b_sjr001_eng.pdf
