bill_id,date,chamber,sequence,action
1027470,2017-10-02,Senate,1,"Introduced In Senate - Assigned to Transportation"
1027470,2017-10-02,Senate,2,"Senate Committee on Transportation Postpone Indefinitely"
1027471,2017-10-02,House,1,"Introduced In House - Assigned to Finance"
1027471,2017-10-02,House,2,"House Committee on Finance Refer Unamended to House Committee of the Whole"
1027471,2017-10-02,House,3,"House Second Reading Passed - No Amendments"
1027471,2017-10-03,House,4,"House Third Reading Passed - No Amendments"
1027471,2017-10-03,Senate,5,"Introduced In Senate - Assigned to Transportation"
1027471,2017-10-03,Senate,6,"Senate Committee on Transportation Postpone Indefinitely"
1027524,2017-10-03,Senate,1,"Introduced In Senate - Assigned to"
1027524,2017-10-03,Senate,2,"Senate Third Reading Passed - No Amendments"
1027524,2017-10-03,House,3,"Introduced In House - Assigned to"
1027524,2017-10-03,House,4,"House Third Reading Passed - No Amendments"
1027524,2017-10-03,Senate,5,"Signed by the President of the Senate"
1027594,2017-10-03,House,1,"House Third Reading Passed - No Amendments"
1027594,2017-10-03,House,2,"Introduced In House - Assigned to"
1027594,2017-10-03,Senate,3,"Introduced In Senate - Assigned to"
1027594,2017-10-03,Senate,4,"Senate Third Reading Passed - No Amendments"
