people_id,name,first_name,middle_name,last_name,suffix,nickname,party_id,party,role_id,role,district,followthemoney_eid,votesmart_id,opensecrets_id,ballotpedia,knowwho_pid,committee_id
3251,"John Kefalas",John,,Kefalas,,,1,D,2,Sen,SD-014,6026299,29946,,John_Kefalas,250451,0
3275,"Daniel Kagan",Daniel,,Kagan,,,1,D,2,Sen,SD-026,18917813,111194,,Daniel_Kagan,277203,0
3296,"Andy Kerr",Andy,,Kerr,,,1,D,2,Sen,SD-022,6261856,56603,,Andrew_Kerr,246048,0
3301,"Lois Court",Lois,,Court,,,1,D,2,Sen,SD-031,3498102,106446,,Lois_Court,267841,0
3311,"Michael Merrifield",Michael,,Merrifield,,,1,D,2,Sen,SD-011,12998007,30072,,Michael_Merrifield,212201,0
3312,"Nancy Todd",Nancy,J.,Todd,,,1,D,2,Sen,SD-028,6030088,30073,,Nancy_Todd,227799,0
3322,"Kent Lambert",Kent,Douglas,Lambert,,,2,R,2,Sen,SD-009,6001480,29791,,Kent_Lambert,250346,0
3323,"Kevin Priola",Kevin,G.,Priola,,,2,R,2,Sen,SD-025,5988512,106512,,Kevin_Priola,267874,0
3327,"Bill Cadman",Bill,L.,Cadman,,,2,R,2,Sen,SD-012,12997998,29992,,Bill_Cadman,159826,0
3329,"Larry Liston",Larry,G.,Liston,,,2,R,1,Rep,HD-016,5988117,30002,,Larry_Liston,227780,0
3337,"Randy Baumgardner",Randy,L.,Baumgardner,,,2,R,2,Sen,SD-008,5991875,106641,,Randy_Baumgardner,267903,0
3343,"Jerry Sonnenberg",Jerry,,Sonnenberg,,,2,R,2,Sen,SD-001,6130447,66361,,Jerry_Sonnenberg,250463,0
3348,"Kevin Lundberg",Kevin,,Lundberg,,,2,R,2,Sen,SD-015,6592769,16898,,Kevin_Lundberg,212203,0
10773,"Donald Coram",Donald,Lee,Coram,,Don,2,R,2,Sen,SD-006,12998104,125548,,Don_Coram,297722,0
10776,"Matt Jones",Matt,,Jones,,,1,D,2,Sen,SD-017,6166955,125489,,Matt_Jones_(Colorado),298002,0
10777,"Crisanta Duran",Crisanta,,Duran,,,1,D,1,Rep,HD-005,6375372,125477,,Crisanta_Duran,297815,0
10778,"Ray Scott",Ray,,Scott,,,2,R,2,Sen,SD-007,12998092,125544,,Ray_Scott,297850,0
10780,"Pete Lee",Sanford,E.,Lee,,Pete,1,D,1,Rep,SD-011,6011410,106254,,Pete_Lee,267916,0
10781,"Angela Williams",Angela,,Williams,,,1,D,2,Sen,SD-033,6506126,125479,,Angela_Williams,298001,0
10782,"Cheri Jahn",Cheri,E.,Jahn,,,1,D,2,Sen,SD-020,6115114,29806,,Cheri_Jahn,205647,0
10783,"James Wilson",James,Demont,Wilson,,Jim,2,R,1,Rep,HD-060,6588521,138794,,James_Wilson_(Colorado),408945,0
10788,"Chris Holbert",Chris,,Holbert,,,2,R,2,Sen,SD-030,6681166,125519,,Chris_Holbert,297843,0
10793,"Daniel Pabon",Daniel,R.,Pabon,,Dan,1,D,1,Rep,HD-004,6499285,125473,,Dan_Pabon,297813,0
10794,"Lucia Guzman",Lucia,,Guzman,,,1,D,2,Sen,SD-034,6499395,121691,,Lucia_Guzman,288475,0
10796,"Jon Becker",Jon,,Becker,,,2,R,1,Rep,HD-065,6681194,81096,,Jon_Becker,297856,0
11368,"Millie Hamner",Millie,,Hamner,,,1,D,1,Rep,HD-061,10238471,128652,,Millie_Hamner,329099,0
11508,"Irene Aguilar",Irene,,Aguilar,,,1,D,2,Sen,SD-032,6266726,128648,,Irene_Aguilar,329576,0
11607,"Rhonda Fields",Rhonda,C.,Fields,,,1,D,2,Sen,SD-029,6338603,128419,,Rhonda_Fields,311469,0
13709,"Timothy Neville",Timothy,P.,Neville,,Tim,2,R,2,Sen,SD-016,6154829,135183,,Tim_Neville,375964,0
13710,"David Young",David,L.,Young,,Dave,1,D,1,Rep,HD-050,6175478,155218,,Dave_Young_(Colorado),349799,0
13847,"Jonathan Singer",Jonathan,Stuart,Singer,,,1,D,1,Rep,HD-011,10238447,135864,,Jonathan_Singer,387784,0
14264,"Justin Everett",Justin,,Everett,,,2,R,1,Rep,HD-022,6022170,66342,,Justin_Everett,387806,0
14265,"Mike Foote",Mike,,Foote,,,1,D,1,Rep,SD-017,6024654,138713,,Mike_Foote,386472,0
14266,"Leroy Garcia",Leroy,M.,Garcia,Jr.,,1,D,2,Sen,SD-003,6018735,130019,,Leroy_Garcia_Jr.,387874,0
14268,"Joann Ginal",Joann,,Ginal,,,1,D,1,Rep,SD-014,10238469,138784,,Joann_Ginal,387880,0
14269,"Stephen Humphrey",Stephen,A.,Humphrey,,,2,R,1,Rep,HD-048,11023465,138779,,Stephen_Humphrey,396922,0
14270,"Tracy Kraft-Tharp",Tracy,A.,Kraft-Tharp,,,1,D,1,Rep,HD-029,6324675,138747,,Tracy_Kraft-Tharp,386537,0
14271,"Lois Landgraf",Lois,,Landgraf,,,2,R,1,Rep,HD-021,11023440,138730,,Lois_Landgraf,408907,0
14272,"Polly Lawrence",Polly,,Lawrence,,,2,R,1,Rep,HD-039,6681173,125520,,Polly_Lawrence,387867,0
14273,"Steve Lebsock",Steve,,Lebsock,,,1,D,1,Rep,HD-034,10238459,71795,,Steve_Lebsock,387843,0
14275,"Jovan Melton",Jovan,Emerson,Melton,,,1,D,1,Rep,HD-041,10238462,138771,,Jovan_Melton,387869,0
14276,"Diane Mitsch-Bush",Diane,E.,Mitsch-Bush,,,1,D,1,Rep,HD-026,10238451,138740,,Diane_Mitsch_Bush,396743,0
14277,"Dominick Moreno",Dominick,,Moreno,,,1,D,2,Sen,SD-021,10238457,129994,,Dominick_Moreno,387825,0
14278,"Clarice Navarro-Ratzlaff",Clarice,,Navarro-Ratzlaff,,,2,R,1,Rep,HD-047,13789754,138776,,Clarice_Navarro-Ratzlaff,413176,0
14279,"Brittany Pettersen",Brittany,,Pettersen,,,1,D,1,Rep,SD-022,11022904,138744,,Brittany_Pettersen,408919,0
14280,"Paul Rosenthal",Paul,Bradley,Rosenthal,,,1,D,1,Rep,HD-009,10238445,106460,,Paul_Rosenthal_(Colorado),387780,0
14281,"Lori Saine",Lori,,Saine,,,2,R,1,Rep,HD-063,10238791,138801,,Lori_Saine,396946,0
14282,"Joseph Salazar",Joseph,Anthony,Salazar,,,1,D,1,Rep,HD-031,10238456,138752,,Joseph_Salazar,386538,0
14288,"Owen Hill",Owen,,Hill,,,2,R,2,Sen,SD-010,13011221,125362,,Owen_Hill_(Colorado),297801,0
14293,"Vicki Marble",Vicki,,Marble,,,2,R,2,Sen,SD-023,10238763,138668,,Vicki_Marble,387878,0
14807,"Perry Buck",Perry,Lynn,Buck,,,2,R,1,Rep,HD-049,10238782,138781,,Perry_Buck,396924,0
14808,"Larry Crowder",Larry,W.,Crowder,,,2,R,2,Sen,SD-035,6650214,138695,,Larry_Crowder,408865,0
15133,"Thomas Exum",Thomas,,Exum,Sr.,Tony,1,D,1,Rep,HD-017,11022900,138722,,Thomas_Exum_Sr.,408896,0
15134,"Daniel Nordberg",Daniel,Paul,Nordberg,,Dan,2,R,1,Rep,HD-014,12997997,138718,,Dan_Nordberg,252799,0
15135,"Robert Rankin",Robert,E.,Rankin,,Bob,2,R,1,Rep,SD-008,6022806,138788,,Robert_Rankin,297800,0
16096,"Rachel Zenzinger",Rachel,,Zenzinger,,,1,D,2,Sen,SD-019,3708467,129975,,Rachel_Zenzinger,478946,0
16509,"Paul Lundeen",Paul,Harold,Lundeen,,,2,R,1,Rep,SD-009,6516823,125570,,Paul_Lundeen,331375,0
16511,"KC Becker",Kathleen,Collins,Becker,,KC,1,D,1,Rep,HD-013,6081257,129981,,KC_Becker,474148,0
16512,"John Tate",John,A.,Tate,,Jack,2,R,2,Sen,SD-027,23440950,149365,,Jack_Tate,486052,0
16513,"John Cooke",John,B.,Cooke,III,,2,R,2,Sen,SD-013,6041259,149321,,John_Cooke,486099,0
16567,"Jennifer Arndt",Jennifer,J.,Arndt,,Jeni,1,D,1,Rep,HD-053,12004747,149374,,Jennifer_Arndt,485971,0
16568,"Terri Carver",Terri,L.,Carver,,,2,R,1,Rep,HD-020,6502254,149346,,Terri_Carver,485976,0
16569,"Kerry Donovan",Kerry,,Donovan,,,1,D,2,Sen,SD-005,23407434,149316,,Kerry_Donovan,486100,0
16570,"Daneya Esgar",Daneya,,Esgar,,,1,D,1,Rep,HD-046,23440963,149371,,Daneya_Esgar,485981,0
16573,"Susan Lontine",Susan,,Lontine,,,1,D,1,Rep,HD-001,14227567,149328,,Susan_Lontine,486003,0
16574,"Beth Humenik",Beth,Martinez,Humenik,,,2,R,2,Sen,SD-024,11023443,105654,,Beth_Martinez_Humenik,408922,0
16575,"Patrick Neville",Patrick,,Neville,,,2,R,1,Rep,HD-045,6226301,149369,,Patrick_Neville,486011,0
16576,"Kim Ransom",Kim,,Ransom,,,2,R,1,Rep,HD-044,26394971,155262,,Kim_Ransom,507634,0
16577,"Daniel Thurlow",Daniel,R.,Thurlow,,,2,R,1,Rep,HD-055,23440982,152004,,Daniel_Thurlow,493714,0
16578,"Kevin Van Winkle",Kevin,,"Van Winkle",,,2,R,1,Rep,HD-043,20825350,149366,,Kevin_Van_Winkle,486091,0
16579,"Yeulin Willett",Yeulin,,Willett,,,2,R,1,Rep,HD-054,23440978,152001,,Yeulin_Willett,490691,0
16581,"Faith Winter",Faith,,Winter,,,1,D,1,Rep,SD-024,14227540,105656,,Faith_Winter,486097,0
16582,"Alec Garnett",Alec,,Garnett,,,1,D,1,Rep,HD-002,15484982,149330,,Alec_Garnett,251843,0
16583,"Jessie Danielson",Jessie,,Danielson,,,1,D,1,Rep,SD-020,15729658,149351,,Jessie_Danielson,485978,0
17558,"Langhorne Sias",Langhorne,C.,Sias,,Lang,2,R,1,Rep,HD-027,11023458,125347,,Lang_Sias,284529,0
17835,"Cole Wist",Cole,,Wist,,,2,R,1,Rep,HD-037,6343160,12704,,Cole_Wist,566926,0
17855,"Timothy Leonard",Timothy,,Leonard,,,2,R,1,Rep,HD-025,6520831,16986,,Timothy_Leonard_(Colorado),297804,0
18710,"Adrienne Benavidez",Adrienne,,Benavidez,,,1,D,1,Rep,HD-032,6393497,29901,,Adrienne_Benavidez,575569,0
18711,"Barbara McLachlan",Barbara,Hall,McLachlan,,,1,D,1,Rep,HD-059,40461515,170021,,Barbara_Hall_McLachlan,568182,0
18712,"Chris Kennedy",Chris,,Kennedy,,,1,D,1,Rep,HD-023,40461485,157545,,Christopher_Louis_Kennedy_(Colorado_state_representative),568162,0
18713,"Dafna Michaelson Jenet",Dafna,,"Michaelson Jenet",,,1,D,1,Rep,HD-030,39568600,169990,,Dafna_Michaelson_Jenet,568280,0
18714,"Dave Williams",Dave,,Williams,,,2,R,1,Rep,HD-015,15827268,149342,,Dave_Williams_(Colorado_House),486095,0
18715,"Dominique Jackson",Dominique,,Jackson,,,1,D,1,Rep,HD-042,39574394,170006,,Dominique_Jackson,568259,0
18716,"Donald Valdez",Donald,E.,Valdez,,,1,D,1,Rep,HD-062,40461579,170025,,Donald_Valdez,568172,0
18718,"Hugh McKean",Hugh,,McKean,,,2,R,1,Rep,HD-051,6764665,130011,,Hugh_McKean,568251,0
18719,"Janet Buckner",Janet,,Buckner,,,1,D,1,Rep,HD-040,13500792,166139,,Janet_Buckner,545490,0
18720,"Kimmi Lewis",Kimmi,Joan,Lewis,,,2,R,1,Rep,HD-064,40461499,170030,,Kimmi_Lewis,582024,0
18721,"Leslie Herod",Leslie,,Herod,,,1,D,1,Rep,HD-008,40461465,169974,,Leslie_Herod,242346,0
18722,"Matt Gray",Matt,,Gray,,,1,D,1,Rep,HD-033,6019508,169993,,Matt_Gray_(Colorado),568273,0
18723,"Michael Weissman",Michael,,Weissman,,Mike,1,D,1,Rep,HD-036,40461589,169997,,Mike_Williams_(Colorado),568268,0
18724,"Phil Covarrubias",Phil,,Covarrubias,,,2,R,1,Rep,HD-056,40461424,170020,,Philip_Covarrubias,568247,0
18725,"Susan Beckman",Susan,,Beckman,,,2,R,1,Rep,HD-038,26456042,82079,,Susan_Beckman,575578,0
18726,"Bob Gardner",Bob,,Gardner,,,2,R,2,Sen,SD-012,12998016,65710,,Bob_Gardner,250352,0
18728,"Jim Smallwood",Jim,,Smallwood,,,2,R,2,Sen,SD-004,17725521,169952,,Jim_Smallwood,568080,0
18729,"Stephen Fenberg",Stephen,,Fenberg,,,1,D,2,Sen,SD-018,6257978,169954,,Stephen_Fenberg,568091,0
18939,"James Coleman",James,Rashad,Coleman,,,1,D,1,Rep,HD-007,40461420,169972,,James_Coleman_(Colorado),575555,0
19048,"Jeff Bridges",Jeff,,Bridges,,,1,D,1,Rep,SD-026,39563960,169966,,Jeff_Bridges,568119,0
19200,"Marc Catlin",Marc,,Catlin,,,2,R,1,Rep,HD-058,43396100,176449,,Marc_Allan_Feldman,609004,0
19205,"Chris Hansen",Chris,,Hansen,,,1,D,1,Rep,SD-031,39563975,169970,,Chris_Hansen,568134,0
19209,"Edith Hooton",Edith,Russell,Hooton,,Edie,1,D,1,Rep,HD-010,5994140,169977,,Edie_Hooton,406270,0
