bill_id,roll_call_id,date,chamber,description,yea,nay,nv,absent,total
1027470,677394,2017-10-02,Senate,"Senate Transportation: Postpone Senate Bill 17B-001 indefinitely using a reversal of the previous roll call. There was no objection to the use of the reverse roll call, therefore, the bill was postponed indefinitely.",0,0,5,0,5
1027470,677472,2017-02-01,Senate,"Senate: Third Reading",24,11,0,0,35
1027471,677470,2017-02-09,House,"House: Third Reading",37,27,0,1,65
1027471,677471,2017-10-02,House,"House Finance: Refer House Bill 17B-1001 to the Committee of the Whole.",8,4,0,1,13
1027471,677499,2017-10-03,Senate,"Senate Transportation: Postpone House Bill 17B-1001 indefinitely.",3,2,0,0,5
1027524,677478,2017-01-11,Senate,"Senate: Adopt Resolution",35,0,0,0,35
1027594,677490,2017-01-11,Senate,"Senate: Adopt Resolution",35,0,0,0,35
