bill_id,session_id,bill_number,status,status_desc,status_date,title,description,committee_id,committee,last_action_date,last_action,url,state_link
1015814,1458,HF1,4,Passed,2017-05-30,"Omnibus tax bill.","Omnibus tax bill.",0,,2017-05-30,"Secretary of State Chapter 1 ",https://legiscan.com/MN/bill/HF1/2017/X1,https://www.revisor.mn.gov/bills/bill.php?b=House&f=HF0001&ssn=1&y=2017
1015855,1458,HF2,4,Passed,2017-05-30,"Omnibus education finance bill.","Omnibus education finance bill.",0,,2017-05-30,"Secretary of State Chapter 5 ",https://legiscan.com/MN/bill/HF2/2017/X1,https://www.revisor.mn.gov/bills/bill.php?b=House&f=HF0002&ssn=1&y=2017
1015854,1458,HF3,4,Passed,2017-05-30,"Omnibus transportation bill.","Omnibus transportation bill.",0,,2017-05-30,"Secretary of State Chapter 3 ",https://legiscan.com/MN/bill/HF3/2017/X1,https://www.revisor.mn.gov/bills/bill.php?b=House&f=HF0003&ssn=1&y=2017
1016336,1458,HF4,1,Introduced,2017-05-23,"Labor standards, pensions, local government, and other employment provisions modified, and money appropriated.","Labor standards, pensions, local government, and other employment provisions modified, and money appropriated.",1771,"House Rules and Legislative Administration",2017-05-23,"Introduction and first reading, referred to Rules and Legislative Administration",https://legiscan.com/MN/bill/HF4/2017/X1,https://www.revisor.mn.gov/bills/bill.php?b=House&f=HF0004&ssn=1&y=2017
1016549,1458,HF5,4,Passed,2017-05-30,"Omnibus capital investment bill.","Omnibus capital investment bill.",0,,2017-05-30,"Secretary of State Chapter 8 ",https://legiscan.com/MN/bill/HF5/2017/X1,https://www.revisor.mn.gov/bills/bill.php?b=House&f=HF0005&ssn=1&y=2017
1016602,1458,HF6,1,Introduced,2017-05-25,"Collective bargaining agreements ratified.","Collective bargaining agreements ratified.",1771,"House Rules and Legislative Administration",2017-05-25,"Introduction and first reading, referred to Rules and Legislative Administration",https://legiscan.com/MN/bill/HF6/2017/X1,https://www.revisor.mn.gov/bills/bill.php?b=House&f=HF0006&ssn=1&y=2017
1016498,1458,HF7,1,Introduced,2017-05-25,"African American and American Indian reparation proposals commission established.","African American and American Indian reparation proposals commission established.",1771,"House Rules and Legislative Administration",2017-05-25,"Introduction and first reading, referred to Rules and Legislative Administration",https://legiscan.com/MN/bill/HF7/2017/X1,https://www.revisor.mn.gov/bills/bill.php?b=House&f=HF0007&ssn=1&y=2017
1015856,1458,SF1,4,Passed,2017-05-30,"Omnibus state government appropriations bill","Omnibus state government appropriations bill",0,,2017-05-30,"Secretary of State Chapter 4 ",https://legiscan.com/MN/bill/SF1/2017/X1,https://www.revisor.mn.gov/bills/bill.php?b=Senate&f=SF0001&ssn=1&y=2017
1016274,1458,SF2,4,Passed,2017-05-30,"Omnibus health and human services","Omnibus health and human services",0,,2017-05-30,"Secretary of State Chapter 6 ",https://legiscan.com/MN/bill/SF2/2017/X1,https://www.revisor.mn.gov/bills/bill.php?b=Senate&f=SF0002&ssn=1&y=2017
1016445,1458,SF3,4,Passed,2017-05-30,"Labor standards","Labor standards",0,,2017-05-30,"Secretary of State Chapter 2 ",https://legiscan.com/MN/bill/SF3/2017/X1,https://www.revisor.mn.gov/bills/bill.php?b=Senate&f=SF0003&ssn=1&y=2017
1015636,1458,SR1,4,Passed,2017-05-23,"A Senate resolution realting to organization and operation of the Senate during the Special Session","A Senate resolution realting to organization and operation of the Senate during the Special Session",0,,2017-05-23,"Adopted vote: 63-0",https://legiscan.com/MN/bill/SR1/2017/X1,https://www.revisor.mn.gov/bills/bill.php?b=Senate&f=SR0001&ssn=1&y=2017
1016448,1458,SR2,4,Passed,2017-05-23,"A Senate resolution relaitng to notifying the House of Representatives and the Governor that the Senate is organized ","A Senate resolution relaitng to notifying the House of Representatives and the Governor that the Senate is organized ",0,,2017-05-23,"Adopted (voice vote)",https://legiscan.com/MN/bill/SR2/2017/X1,https://www.revisor.mn.gov/bills/bill.php?b=Senate&f=SR0002&ssn=1&y=2017
