bill_id,document_id,document_type,document_size,document_mime,document_desc,url,state_link
1015814,1622029,text,3429774,application/pdf,Introduced,https://legiscan.com/MN/text/HF1/id/1622029,https://www.revisor.mn.gov/bills/text.php?number=HF1&version=0&session=ls90&session_year=2017&session_number=1&format=pdf
1015814,1627104,text,3447949,application/pdf,Engrossed,https://legiscan.com/MN/text/HF1/id/1627104,https://www.revisor.mn.gov/bills/text.php?number=HF1&version=1&session=ls90&session_year=2017&session_number=1&format=pdf
1015855,1622256,text,1970441,application/pdf,Introduced,https://legiscan.com/MN/text/HF2/id/1622256,https://www.revisor.mn.gov/bills/text.php?number=HF2&version=0&session=ls90&session_year=2017&session_number=1&format=pdf
1015855,1626876,text,1988857,application/pdf,Engrossed,https://legiscan.com/MN/text/HF2/id/1626876,https://www.revisor.mn.gov/bills/text.php?number=HF2&version=1&session=ls90&session_year=2017&session_number=1&format=pdf
1015854,1622255,text,1277525,application/pdf,Introduced,https://legiscan.com/MN/text/HF3/id/1622255,https://www.revisor.mn.gov/bills/text.php?number=HF3&version=0&session=ls90&session_year=2017&session_number=1&format=pdf
1015854,1626870,text,1278871,application/pdf,Engrossed,https://legiscan.com/MN/text/HF3/id/1626870,https://www.revisor.mn.gov/bills/text.php?number=HF3&version=1&session=ls90&session_year=2017&session_number=1&format=pdf
1016336,1623266,text,2144002,application/pdf,Introduced,https://legiscan.com/MN/text/HF4/id/1623266,https://www.revisor.mn.gov/bills/text.php?number=HF4&version=0&session=ls90&session_year=2017&session_number=1&format=pdf
1016549,1623667,text,848906,application/pdf,Introduced,https://legiscan.com/MN/text/HF5/id/1623667,https://www.revisor.mn.gov/bills/text.php?number=HF5&version=0&session=ls90&session_year=2017&session_number=1&format=pdf
1016549,1627008,text,868057,application/pdf,Engrossed,https://legiscan.com/MN/text/HF5/id/1627008,https://www.revisor.mn.gov/bills/text.php?number=HF5&version=1&session=ls90&session_year=2017&session_number=1&format=pdf
1016602,1623677,text,236228,application/pdf,Introduced,https://legiscan.com/MN/text/HF6/id/1623677,https://www.revisor.mn.gov/bills/text.php?number=HF6&version=0&session=ls90&session_year=2017&session_number=1&format=pdf
1016498,1623661,text,207799,application/pdf,Introduced,https://legiscan.com/MN/text/HF7/id/1623661,https://www.revisor.mn.gov/bills/text.php?number=HF7&version=0&session=ls90&session_year=2017&session_number=1&format=pdf
1015856,1622257,text,944001,application/pdf,Introduced,https://legiscan.com/MN/text/SF1/id/1622257,https://www.revisor.mn.gov/bills/text.php?number=SF1&version=0&session=ls90&session_year=2017&session_number=1&format=pdf
1015856,1625718,text,1058068,application/pdf,Engrossed,https://legiscan.com/MN/text/SF1/id/1625718,https://www.revisor.mn.gov/bills/text.php?number=SF1&version=1&session=ls90&session_year=2017&session_number=1&format=pdf
1016274,1623226,text,5750325,application/pdf,Introduced,https://legiscan.com/MN/text/SF2/id/1623226,https://www.revisor.mn.gov/bills/text.php?number=SF2&version=0&session=ls90&session_year=2017&session_number=1&format=pdf
1016274,1625719,text,5762524,application/pdf,Engrossed,https://legiscan.com/MN/text/SF2/id/1625719,https://www.revisor.mn.gov/bills/text.php?number=SF2&version=1&session=ls90&session_year=2017&session_number=1&format=pdf
1016445,1623392,text,2157279,application/pdf,Introduced,https://legiscan.com/MN/text/SF3/id/1623392,https://www.revisor.mn.gov/bills/text.php?number=SF3&version=0&session=ls90&session_year=2017&session_number=1&format=pdf
1015636,1621594,text,2010,text/html,Draft,https://legiscan.com/MN/text/SR1/id/1621594,https://www.revisor.mn.gov/bills/text.php?number=SR1&session=ls90&version=latest&session_number=1&session_year=2017
1016448,1623653,text,1238,text/html,Draft,https://legiscan.com/MN/text/SR2/id/1623653,https://www.revisor.mn.gov/bills/text.php?number=SR2&session=ls90&version=latest&session_number=1&session_year=2017
