bill_id,date,chamber,sequence,action
1015636,2017-05-23,Senate,1,Introduction
1015636,2017-05-23,Senate,2,"Adopted vote: 63-0"
1015814,2017-05-23,House,1,"Introduction and first reading"
1015814,2017-05-23,House,2,"Rules suspended, urgency declared vote: 110-22"
1015814,2017-05-23,House,3,"Second reading"
1015814,2017-05-23,House,4,"Amendments offered"
1015814,2017-05-23,House,5,"Third reading"
1015814,2017-05-23,House,6,"Motion to lay on the table"
1015814,2017-05-23,House,7,"Motion prevailed"
1015814,2017-05-23,House,8,"Motion to take from table"
1015814,2017-05-23,House,9,"Motion prevailed"
1015814,2017-05-23,House,10,"Bill was passed vote: 102-31"
1015814,2017-05-23,Senate,11,"Received from House"
1015814,2017-05-23,Senate,12,"Introduction and first reading"
1015814,2017-05-23,Senate,13,"Urgency declared rules suspended"
1015814,2017-05-23,Senate,14,"Second reading"
1015814,2017-05-23,Senate,15,"Laid on table"
1015814,2017-05-23,Senate,16,"Taken from table"
1015814,2017-05-23,Senate,17,"Laid on table"
1015814,2017-05-24,Senate,18,"Taken from table"
1015814,2017-05-24,Senate,19,"Third reading Passed as amended vote: 44-20"
1015814,2017-05-25,Senate,20,"House concurred and repassed bill"
1015814,2017-05-25,House,21,"Returned from Senate with amendment"
1015814,2017-05-25,House,22,"Motion to concur with Senate amendments"
1015814,2017-05-25,House,23,"Motion prevailed"
1015814,2017-05-25,House,24,"Third reading as amended by the Senate"
1015814,2017-05-25,House,25,"Bill was repassed as amended by the Senate vote: 95-29"
1015814,2017-05-26,,26,"Presented to Governor"
1015814,2017-05-30,,27,"Governor's action Approval "
1015814,2017-05-30,,28,"Secretary of State Chapter 1 "
1015854,2017-05-23,House,1,"Introduction and first reading"
1015854,2017-05-23,House,2,"Rules suspended, urgency declared"
1015854,2017-05-23,House,3,"Second reading"
1015854,2017-05-23,House,4,"Third reading"
1015854,2017-05-23,House,5,"Motion to lay on the table"
1015854,2017-05-23,House,6,"Motion prevailed"
1015854,2017-05-24,House,7,"Motion to take from table"
1015854,2017-05-24,House,8,"Motion prevailed"
1015854,2017-05-24,House,9,"Motion for reconsideration third reading."
1015854,2017-05-24,House,10,"Motion prevailed"
1015854,2017-05-24,House,11,Amended
1015854,2017-05-24,House,12,"Third reading as amended"
1015854,2017-05-24,House,13,"Bill was passed as amended vote: 74-54"
1015854,2017-05-24,Senate,14,"Received from House"
1015854,2017-05-24,Senate,15,"Introduction and first reading"
1015854,2017-05-24,Senate,16,"Laid on table"
1015854,2017-05-25,Senate,17,"Taken from table"
1015854,2017-05-25,Senate,18,"Second reading"
1015854,2017-05-25,Senate,19,"Laid on table"
1015854,2017-05-25,Senate,20,"Taken from table"
1015854,2017-05-25,Senate,21,"Urgency declared rules suspended"
1015854,2017-05-25,Senate,22,"Third reading Passed vote: 38-25"
1015854,2017-05-25,House,23,"Returned from Senate"
1015854,2017-05-26,,24,"Presented to Governor"
1015854,2017-05-30,,25,"Governor's action Approval "
1015854,2017-05-30,,26,"Secretary of State Chapter 3 "
1015855,2017-05-23,House,1,"Introduction and first reading"
1015855,2017-05-23,House,2,"Rules suspended, urgency declared"
1015855,2017-05-23,House,3,"Second reading"
1015855,2017-05-23,House,4,Amended
1015855,2017-05-23,House,5,"Third reading as amended"
1015855,2017-05-23,House,6,"Bill was passed as amended vote: 79-54"
1015855,2017-05-23,Senate,7,"Received from House"
1015855,2017-05-23,Senate,8,"Introduction and first reading"
1015855,2017-05-23,Senate,9,"Urgency declared rules suspended vote: 47-17"
1015855,2017-05-23,Senate,10,"Second reading"
1015855,2017-05-23,Senate,11,"Laid on table"
1015855,2017-05-24,Senate,12,"Taken from table"
1015855,2017-05-24,Senate,13,"Special Order"
1015855,2017-05-24,Senate,14,"Laid on table"
1015855,2017-05-24,Senate,15,"Taken from table"
1015855,2017-05-24,Senate,16,Amended
1015855,2017-05-24,Senate,17,"Third reading"
1015855,2017-05-24,Senate,18,"Laid on table"
1015855,2017-05-25,Senate,19,"Taken from table"
1015855,2017-05-25,Senate,20,"Bill passed vote: 34-28"
1015855,2017-05-25,House,21,"Returned from Senate with amendment"
1015855,2017-05-25,House,22,"Motion to concur with Senate amendments"
1015855,2017-05-25,House,23,"Motion prevailed"
1015855,2017-05-25,House,24,"Third reading as amended by the Senate"
1015855,2017-05-25,House,25,"Bill was repassed as amended by the Senate vote: 76-54"
1015855,2017-05-26,,26,"Presented to Governor"
1015855,2017-05-30,,27,"Governor's action Approval "
1015855,2017-05-30,,28,"Secretary of State Chapter 5 "
1015856,2017-05-23,Senate,1,"Introduction and first reading"
1015856,2017-05-23,Senate,2,"Urgency declared rules suspended vote: 54-11"
1015856,2017-05-23,Senate,3,"Second reading"
1015856,2017-05-23,Senate,4,"Laid on table"
1015856,2017-05-25,Senate,5,"Taken from table"
1015856,2017-05-25,Senate,6,"Special Order: Amended"
1015856,2017-05-25,Senate,7,"Third reading Passed vote: 45-17"
1015856,2017-05-25,Senate,8,"Returned from House"
1015856,2017-05-25,House,9,"Received from Senate"
1015856,2017-05-25,House,10,"Introduction and first reading"
1015856,2017-05-25,House,11,"Rules suspended, urgency declared"
1015856,2017-05-25,House,12,"Second reading"
1015856,2017-05-25,House,13,"Third reading"
1015856,2017-05-25,House,14,"Bill was passed vote: 99-32"
1015856,2017-05-26,,15,"Presented to Governor"
1015856,2017-05-30,,16,"Governor's action Approval "
1015856,2017-05-30,,17,"Secretary of State Chapter 4 "
1016274,2017-05-25,Senate,1,"Introduction and first reading"
1016274,2017-05-25,Senate,2,"Laid on table"
1016274,2017-05-25,Senate,3,"Taken from table"
1016274,2017-05-25,Senate,4,"Urgency declared rules suspended"
1016274,2017-05-25,Senate,5,"Second reading"
1016274,2017-05-25,Senate,6,Amended
1016274,2017-05-25,Senate,7,"Third reading Passed vote: 35-27"
1016274,2017-05-25,Senate,8,"Returned from House"
1016274,2017-05-25,House,9,"Received from Senate"
1016274,2017-05-25,House,10,"Introduction and first reading"
1016274,2017-05-25,House,11,"Rules suspended, urgency declared"
1016274,2017-05-25,House,12,"Second reading"
1016274,2017-05-25,House,13,"Third reading"
1016274,2017-05-25,House,14,"Bill was passed vote: 74-56"
1016274,2017-05-26,,15,"Presented to Governor"
1016274,2017-05-30,,16,"Governor's action Approval "
1016274,2017-05-30,,17,"Secretary of State Chapter 6 "
1016336,2017-05-23,House,1,"Introduction and first reading, referred to Rules and Legislative Administration"
1016445,2017-05-23,Senate,1,"Introduction and first reading"
1016445,2017-05-23,Senate,2,"Urgency declared rules suspended vote: 47-17"
1016445,2017-05-23,Senate,3,"Second reading"
1016445,2017-05-23,Senate,4,"Laid on table"
1016445,2017-05-24,Senate,5,"Taken from table"
1016445,2017-05-24,Senate,6,"Special Order"
1016445,2017-05-24,Senate,7,"Third reading Passed vote: 34-30"
1016445,2017-05-25,Senate,8,"Returned from House"
1016445,2017-05-25,House,9,"Received from Senate"
1016445,2017-05-25,House,10,"Senate file first reading"
1016445,2017-05-25,House,11,"Motion to suspend rules"
1016445,2017-05-25,House,12,"Motion prevailed"
1016445,2017-05-25,House,13,"Rules suspended, urgency declared"
1016445,2017-05-25,House,14,"Second reading"
1016445,2017-05-25,House,15,"Third reading"
1016445,2017-05-25,House,16,"House rule 2.05, member excused from voting Fischer"
1016445,2017-05-25,House,17,"Bill was passed vote: 75-48"
1016445,2017-05-26,,18,"Presented to Governor"
1016445,2017-05-30,,19,"Governor's action Veto "
1016445,2017-05-30,,20,"Secretary of State Chapter 2 "
1016448,2017-05-23,Senate,1,Introduction
1016448,2017-05-23,Senate,2,"Adopted (voice vote)"
1016498,2017-05-25,House,1,"Introduction and first reading, referred to Rules and Legislative Administration"
1016549,2017-05-25,House,1,"Introduction and first reading"
1016549,2017-05-25,House,2,"Rules suspended, urgency declared"
1016549,2017-05-25,House,3,"Second reading"
1016549,2017-05-25,House,4,Amended
1016549,2017-05-25,House,5,"Third reading"
1016549,2017-05-25,House,6,"Bill was passed as amended vote: 119-10"
1016549,2017-05-25,House,7,"Returned from Senate"
1016549,2017-05-25,Senate,8,"Received from House"
1016549,2017-05-25,Senate,9,"Urgency declared rules suspended"
1016549,2017-05-25,Senate,10,"Second reading"
1016549,2017-05-25,Senate,11,"Third reading Passed vote: 60-2"
1016549,2017-05-26,,12,"Presented to Governor"
1016549,2017-05-30,,13,"Governor's action Approval "
1016549,2017-05-30,,14,"Secretary of State Chapter 8 "
1016602,2017-05-25,House,1,"Introduction and first reading, referred to Rules and Legislative Administration"
