bill_id,roll_call_id,date,chamber,description,yea,nay,nv,absent,total
1015636,649561,2017-05-23,Senate,"Senate: Adopted",63,0,0,0,63
1015814,649838,2017-05-24,House,"House: Declare an Urgency Rules Suspension",110,22,0,0,132
1015814,649839,2017-05-24,House,"House: ",48,81,0,0,129
1015814,649840,2017-05-24,House,"House: ",43,90,0,0,133
1015814,649841,2017-05-24,House,"House: ",45,88,0,0,133
1015814,649842,2017-05-24,House,"House: ",48,83,0,0,131
1015814,649843,2017-05-24,House,"House: ",102,31,0,0,133
1015814,651032,2017-05-25,House,"House: Repassage",95,29,0,0,124
1015814,652265,2017-05-24,Senate,"Senate: Third reading Passed as amended",25,37,0,0,62
1015854,650118,2017-05-24,House,"House: ",74,54,0,0,128
1015854,650960,2017-05-25,Senate,"Senate: Third reading Passed",19,42,0,0,61
1015855,649558,2017-05-23,Senate,"Senate: Urgency declared rules suspended",47,17,0,0,64
1015855,649961,2017-05-24,House,"House: ",79,54,0,0,133
1015855,651112,2017-05-25,Senate,"Senate: Bill passed",34,28,0,0,62
1015855,651113,2017-05-25,House,"House: Repassage",76,54,0,0,130
1015856,649560,2017-05-23,Senate,"Senate: Urgency declared rules suspended",54,11,0,0,65
1015856,650946,2017-05-25,Senate,"Senate: Third reading Passed",19,42,0,0,61
1015856,651104,2017-05-25,House,"House: ",99,32,0,0,131
1016274,651274,2017-05-25,Senate,"Senate: Third reading Passed",19,42,0,0,61
1016274,651275,2017-05-26,House,"House: ",74,56,0,0,130
1016274,653482,2017-05-25,Senate,"Senate: Third reading Passed",35,27,0,0,62
1016445,649859,2017-05-23,Senate,"Senate: Urgency declared rules suspended",47,17,0,0,64
1016445,649860,2017-05-24,Senate,"Senate: Third reading Passed",30,32,0,0,62
1016445,651117,2017-05-25,House,"House: ",75,48,0,0,123
1016549,651056,2017-05-25,Senate,"Senate: Third reading Passed",60,2,0,0,62
1016549,651057,2017-05-26,House,"House: ",119,10,0,0,129
