bill_id,roll_call_id,date,chamber,description,yea,nay,nv,absent,total
1572441,1150040,2022-02-22,House,"House Withdraw from Committee",26,32,0,2,60
1572443,1143297,2022-02-14,House,"House Committee Do pass with amendments. (Printed A-Eng.)",10,0,0,0,10
1572443,1149224,2022-02-21,House,"House Third Reading",58,1,0,1,60
1572443,1153613,2022-02-24,Senate,"Senate Committee Do pass the A-Eng bill",5,0,0,0,5
1572443,1156557,2022-02-28,Senate,"Senate Third Reading",26,0,0,4,30
1572445,1141875,2022-02-11,House,"House Committee Do pass with amendments and be referred to Ways and Means. (Printed A-Eng.)",9,0,0,1,10
1572445,1152769,2022-02-23,House,"House Committee Do Pass the A-Eng bill",21,0,0,1,22
1572445,1156617,2022-02-28,House,"House Third Reading",58,0,0,2,60
1572445,1161583,2022-03-03,Senate,"Senate Third Reading",26,0,0,4,30
1572446,1136248,2022-02-07,Senate,"Senate Committee Do pass with amendments. Refer to Finance and Revenue by prior reference. (Printed A-Eng)",3,0,0,2,5
1572446,1151570,2022-02-23,Senate,"Senate Committee Do pass",5,0,0,0,5
1572446,1155213,2022-02-25,Senate,"Senate Third Reading",25,0,0,5,30
1572446,1159532,2022-03-02,House,"House Committee Do Pass the A-Eng bill",7,0,0,0,7
1572446,1161855,2022-03-03,House,"House Third Reading",54,4,0,2,60
1572451,1143159,2022-02-14,Senate,"Senate Committee Do pass with amendments and requesting referral to Ways and Means. (Printed A-Engrossed.)",4,0,0,1,5
1572451,1155262,2022-02-24,Senate,"Senate Committee Do pass with amendments to the A-Eng bill. (Printed B-Eng.)",14,8,0,0,22
1572451,1158022,2022-03-01,Senate,"Senate Third Reading",19,7,0,4,30
1572451,1161677,2022-03-03,House,"House Third Reading",36,21,0,3,60
1572452,1142554,2022-02-14,House,"House Committee Do pass with amendments and rescind subsequent referral to Ways and Means. (Printed A-Eng.)",9,1,0,0,10
1572452,1150533,2022-02-22,House,"House Third Reading",56,1,0,3,60
1572452,1156656,2022-02-28,Senate,"Senate Committee Do pass the A-Eng bill",4,0,0,1,5
1572452,1160309,2022-03-02,Senate,"Senate Third Reading",24,3,0,3,30
1572453,1143245,2022-02-14,House,"House Committee Do pass with amendments. (Printed A-Eng.)",11,0,0,0,11
1572453,1149268,2022-02-21,House,"House Third Reading",55,3,0,2,60
1572453,1153586,2022-02-24,Senate,"Senate Committee Do pass the A-Eng bill",5,0,0,0,5
1572453,1157025,2022-02-28,Senate,"Senate Third Reading",26,0,0,4,30
1572454,1137754,2022-02-08,Senate,"Senate Committee Do pass and refer to Ways and Means by prior reference",7,0,0,0,7
1572458,1147041,2022-02-17,House,"House Committee Do pass and be referred to Ways and Means by prior reference",13,0,0,0,13
1572459,1142585,2022-02-14,House,"House Committee Do pass with amendments. Refer to Rules, then to Ways and Means by prior reference. (Printed A-Eng.)",11,0,0,0,11
1572459,1147790,2022-02-17,House,"House Committee Do pass with amendments to the A-Eng bill, and be referred to Ways and Means by prior reference. (Printed B-Eng)",7,0,0,0,7
1572461,1141834,2022-02-11,Senate,"Senate Committee Do pass with amendments. Refer to Ways and Means by prior reference. (Printed A-Eng)",4,0,0,1,5
1572461,1155825,2022-02-24,Senate,"Senate Committee Do pass with amendments to the A-Eng bill. (Printed B-Eng.)",17,5,0,0,22
1572461,1157877,2022-03-01,Senate,"Senate Third Reading",23,3,0,4,30
1572461,1161736,2022-03-03,House,"House Third Reading",48,10,0,2,60
1572463,1143193,2022-02-14,House,"House Committee Without recommendation as to passage and be referred to Rules",10,0,0,1,11
1572463,1148733,2022-02-18,House,"House Committee Do pass with amendments. (Printed A-Eng.)",7,0,0,0,7
1572463,1152257,2022-02-23,House,"House Third Reading",59,0,0,1,60
1572463,1156284,2022-02-28,Senate,"Senate Committee Do pass the A-Eng bill",4,0,0,1,5
1572463,1161443,2022-03-03,Senate,"Senate Third Reading",25,1,0,4,30
1572464,1141491,2022-02-10,Senate,"Senate Committee Do pass and be referred to Rules and to Ways and Means by prior reference",3,0,0,2,5
1572464,1150631,2022-02-22,Senate,"Senate Committee Do pass with amendments. Refer to Ways and Means by prior reference. (Printed A-Eng)",3,2,0,0,5
1572464,1156093,2022-02-26,Senate,"Senate Committee Do pass with amendments to the A-Eng bill. (Printed B-Eng.)",14,8,0,1,23
1572464,1160326,2022-03-02,Senate,"Senate Third Reading",19,8,0,3,30
1572464,1162980,2022-03-04,House,"House Third Reading",39,18,0,3,60
1572464,1162981,2022-03-04,House,"House Third Reading",39,18,0,3,60
1572466,1149974,2022-02-22,House,"House Withdraw from Committee",24,34,0,2,60
1572468,1143144,2022-02-14,Senate,"Senate Committee Do pass",4,0,0,1,5
1572468,1147994,2022-02-17,Senate,"Senate Third Reading",22,1,0,7,30
1572468,1152238,2022-02-23,House,"House Committee Without recommendation as to passage and be referred to Rules",9,0,0,1,10
1572468,1160452,2022-03-02,House,"House Committee Do pass with amendments. (Printed A-Eng.)",5,1,0,1,7
1572468,1161455,2022-03-03,House,"House Third Reading",33,25,0,2,60
1572468,1161896,2022-03-03,Senate,"Senate Third Reading in Concurrence",24,1,0,5,30
1572470,1142800,2022-02-14,Senate,"Senate Committee Do pass with amendments. Refer to Ways and Means by prior reference. (Printed A-Eng)",4,3,0,0,7
1572473,1140080,2022-02-10,House,"House Committee Do pass with amendments. (Printed A-Eng.)",4,3,0,0,7
1572473,1146215,2022-02-16,House,"House Third Reading",33,23,0,4,60
1572473,1150630,2022-02-22,Senate,"Senate Committee Do pass the A-Eng bill",3,2,0,0,5
1572473,1153824,2022-02-24,Senate,"Senate Third Reading",18,7,0,5,30
1572476,1134360,2022-02-03,Senate,"Senate Committee Do adopt",5,0,0,0,5
1572476,1138896,2022-02-09,Senate,"Senate Final Reading",22,0,0,8,30
1572476,1150814,2022-02-22,House,"House Committee Be Adopted",6,0,0,0,6
1572476,1153923,2022-02-24,House,"House Read and Adopted",56,0,0,4,60
1572478,1143018,2022-02-14,Senate,"Senate Committee Without recommendation as to passage and referral to Rules and then to Ways and Means by prior reference",3,2,0,0,5
1572481,1151510,2022-02-23,Senate,"Senate Committee Do pass with amendments. (Printed A-Eng.)",5,0,0,0,5
1572481,1156338,2022-02-28,Senate,"Senate Third Reading",23,2,0,5,30
1572481,1159541,2022-03-02,House,"House Committee Do pass with amendments. (Printed B-Eng.)",7,0,0,0,7
1572481,1162036,2022-03-03,House,"House Third Reading",57,1,0,2,60
1572481,1162037,2022-03-03,Senate,"Senate Third Reading in Concurrence",22,3,0,5,30
1572486,1137971,2022-02-08,House,"House Committee Do Pass",7,0,0,0,7
1572486,1141545,2022-02-11,House,"House Third Reading",54,0,0,6,60
1572486,1151632,2022-02-23,Senate,"Senate Committee Do pass",5,0,0,0,5
1572486,1155585,2022-02-25,Senate,"Senate Third Reading",23,0,0,7,30
1572488,1141707,2022-02-10,Senate,"Senate Committee Do pass with amendments. (Printed A-Eng.)",3,1,0,1,5
1572488,1147281,2022-02-17,Senate,"Senate Third Reading",18,8,0,4,30
1572489,1143316,2022-02-14,House,"House Committee Do pass with amendments and be referred to Ways and Means by prior reference. (Printed A-Eng.)",10,0,0,0,10
1572489,1152895,2022-02-23,House,"House Committee Do pass with amendments to the A-Eng bill. (Printed B-Eng.)",22,0,0,0,22
1572489,1156472,2022-02-28,House,"House Third Reading",49,11,0,0,60
1572489,1160132,2022-03-02,Senate,"Senate Third Reading",22,3,0,5,30
1572490,1142548,2022-02-14,House,"House Committee Do pass with amendments and be referred to Ways and Means by prior reference. (Printed A-Eng.)",10,0,0,0,10
1572490,1152598,2022-02-23,House,"House Committee Do pass with amendments to the A-Eng bill. (Printed B-Eng.)",21,0,0,1,22
1572490,1156692,2022-02-28,House,"House Third Reading",59,0,0,1,60
1572490,1162069,2022-03-03,Senate,"Senate Third Reading",26,0,0,4,30
1572492,1141493,2022-02-10,Senate,"Senate Committee Do pass and requesting referral to Ways and Means",3,0,0,2,5
1572492,1152495,2022-02-23,Senate,"Senate Committee Do pass",20,2,0,0,22
1572492,1155134,2022-02-25,Senate,"Senate Third Reading",21,4,0,5,30
1572492,1161500,2022-03-03,House,"House Third Reading",42,16,0,2,60
1572494,1147429,2022-02-17,House,"House Withdraw from Committee",26,32,0,2,60
1572496,1149929,2022-02-22,House,"House Committee Do pass with amendments and be referred to Ways and Means by prior reference. (Printed A-Eng.)",13,0,0,0,13
1572496,1156100,2022-02-26,House,"House Committee Do pass with amendments to the A-Eng bill. (Printed B-Eng.)",20,1,0,2,23
1572496,1160311,2022-03-02,House,"House Third Reading",53,5,0,2,60
1572496,1162086,2022-03-03,Senate,"Senate Third Reading",23,2,0,5,30
1572497,1141051,2022-02-10,House,"House Committee Do pass, rescind subsequent referral to Ways and Means, and be referred to Rules",8,1,0,1,10
1572497,1155241,2022-02-25,House,"House Committee Do pass with amendments. (Printed A-Eng.)",6,1,0,0,7
1572497,1158462,2022-03-01,House,"House Third Reading",53,7,0,0,60
1572498,1138673,2022-02-08,Senate,"Senate Committee Do pass with amendments and requesting referral to Ways and Means. (Printed A-Engrossed.)",3,0,0,2,5
1572498,1155735,2022-02-24,Senate,"Senate Committee Do pass with amendments to the A-Eng bill. (Printed B-Eng.)",22,0,0,0,22
1572498,1158717,2022-03-01,Senate,"Senate Third Reading",24,1,0,5,30
1572498,1162739,2022-03-04,House,"House Third Reading",56,1,0,3,60
1572501,1142007,2022-02-11,House,"House Committee Without recommendation as to passage and be referred to Rules",6,3,0,1,10
1572502,1140532,2022-02-10,Senate,"Senate Committee Do pass with amendments. (Printed A-Eng.)",5,0,0,0,5
1572502,1144750,2022-02-15,Senate,"Senate Third Reading",24,2,0,4,30
1572502,1151782,2022-02-23,House,"House Committee Do Pass the A-Eng bill",11,0,0,0,11
1572502,1157112,2022-02-28,House,"House Third Reading",56,0,0,4,60
1572504,1140940,2022-02-10,House,"House Committee Do pass with amendments and be referred to Rules. (Printed A-Eng.)",10,0,0,0,10
1572504,1147067,2022-02-17,House,"House Committee Do pass with amendments to the A-Eng bill, and be referred to Ways and Means. (Printed B-Eng)",7,0,0,0,7
1572504,1156096,2022-02-26,House,"House Committee Do pass with amendments to the B-Eng bill. (Printed C-Eng.)",18,4,0,1,23
1572504,1159484,2022-03-02,House,"House Third Reading",48,11,0,1,60
1572504,1162173,2022-03-03,Senate,"Senate Third Reading",24,2,0,4,30
1572507,1139351,2022-02-09,House,"House Committee Do pass with amendments. (Printed A-Eng.)",11,0,0,0,11
1572507,1145770,2022-02-16,House,"House Third Reading",55,3,0,2,60
1572507,1149901,2022-02-22,Senate,"Senate Committee Do pass the A-Eng bill",5,0,0,0,5
1572507,1151454,2022-02-23,Senate,"Senate Third Reading",27,0,0,3,30
1572508,1135272,2022-02-03,Senate,"Senate Committee Do pass",5,0,0,0,5
1572508,1135998,2022-02-07,Senate,"Senate Third Reading",23,0,0,7,30
1572508,1149495,2022-02-21,House,"House Committee Do Pass",11,0,0,0,11
1572508,1152603,2022-02-23,House,"House Third Reading",50,1,0,9,60
1572513,1143338,2022-02-14,House,"House Committee Do pass with amendments and be referred to Ways and Means. (Printed A-Eng.)",7,3,0,0,10
1572514,1143287,2022-02-14,House,"House Committee Do pass with amendments and rescind subsequent referral to Ways and Means. (Printed A-Eng.)",11,0,0,0,11
1572514,1149346,2022-02-21,House,"House Third Reading",57,0,0,3,60
1572514,1153607,2022-02-24,Senate,"Senate Committee Do pass the A-Eng bill",5,0,0,0,5
1572514,1156950,2022-02-28,Senate,"Senate Third Reading",26,0,0,4,30
1572515,1136253,2022-02-07,Senate,"Senate Committee Do pass with amendments. (Printed A-Eng.)",3,0,0,2,5
1572515,1156086,2022-02-26,Senate,"Senate Committee Do pass with amendments to the A-Eng bill. (Printed B-Eng.)",16,6,0,1,23
1572515,1160115,2022-03-02,Senate,"Senate Third Reading",23,4,0,3,30
1572515,1162041,2022-03-03,House,"House Third Reading",46,12,0,2,60
1572519,1155102,2022-02-25,Senate,"Senate Withdraw from Committee",8,16,0,6,30
1572520,1140124,2022-02-10,Senate,"Senate Committee Do pass and requesting referral to Ways and Means",5,0,0,0,5
1572520,1145942,2022-02-16,Senate,"Senate Third Reading",23,2,0,5,30
1572520,1151655,2022-02-23,House,"House Committee Do pass with amendments to the A-Eng bill. (Printed B-Eng.)",9,2,0,0,11
1572520,1158606,2022-03-01,House,"House Third Reading",49,11,0,0,60
1572520,1159274,2022-03-02,Senate,"Senate Third Reading in Concurrence",22,3,0,5,30
1572522,1134351,2022-02-03,Senate,"Senate Committee Do pass with amendments. (Printed A-Eng.)",5,0,0,0,5
1572522,1138819,2022-02-09,Senate,"Senate Third Reading",22,0,0,8,30
1572522,1150758,2022-02-22,House,"House Committee Do Pass",6,0,0,0,6
1572522,1153922,2022-02-24,House,"House Third Reading",58,0,0,2,60
1572525,1139520,2022-02-09,Senate,"Senate Committee Do pass and refer to Ways and Means by prior reference",3,1,0,1,5
1572527,1142581,2022-02-14,House,"House Committee Do pass with amendments. (Printed A-Eng.)",11,0,0,0,11
1572527,1146230,2022-02-16,House,"House Third Reading",54,3,0,3,60
1572527,1151913,2022-02-23,Senate,"Senate Committee Do pass the A-Eng bill",5,0,0,0,5
1572527,1155291,2022-02-25,Senate,"Senate Third Reading",23,0,0,7,30
1572528,1150183,2022-02-22,House,"House Committee Do pass with amendments and be referred to Ways and Means. (Printed A-Eng.)",10,3,0,0,13
1572532,1143059,2022-02-14,Senate,"Senate Committee Do pass with amendments. Refer to Ways and Means by prior reference. (Printed A-Eng)",5,0,0,0,5
1572532,1156084,2022-02-26,Senate,"Senate Committee Do pass with amendments to the A-Eng bill. (Printed B-Eng.)",17,5,0,1,23
1572532,1160192,2022-03-02,Senate,"Senate Third Reading",22,5,0,3,30
1572532,1161755,2022-03-03,House,"House Committee Do pass with amendments to the B-Eng bill. (Printed C-Eng.)",5,2,0,0,7
1572532,1161756,2022-03-03,House,"House Third Reading",49,9,0,2,60
1572532,1162950,2022-03-04,Senate,"Senate Third Reading in Concurrence",22,3,0,5,30
1572533,1140270,2022-02-10,House,"House Committee Do pass with amendments and be referred to Ways and Means by prior reference. (Printed A-Eng.)",6,0,0,0,6
1572533,1156098,2022-02-26,House,"House Committee Do pass with amendments to the A-Eng bill. (Printed B-Eng.)",22,0,0,1,23
1572533,1159597,2022-03-02,House,"House Third Reading",58,0,0,2,60
1572533,1161578,2022-03-03,Senate,"Senate Third Reading",24,2,0,4,30
1572534,1139493,2022-02-09,House,"House Committee Do pass with amendments. (Printed A-Eng.)",11,0,0,0,11
1572534,1145875,2022-02-16,House,"House Third Reading",58,0,0,2,60
1572534,1151889,2022-02-23,Senate,"Senate Committee Do pass with amendments to the A-Eng bill. (Printed B-Eng.)",4,0,0,1,5
1572534,1155851,2022-02-25,Senate,"Senate Third Reading",20,2,0,8,30
1572534,1159302,2022-03-02,House,"House Third Reading in Concurrence",59,0,0,1,60
1572542,1142738,2022-02-14,Senate,"Senate Committee Do pass and refer to Ways and Means by prior reference",5,0,0,0,5
1572542,1155295,2022-02-24,Senate,"Senate Committee Do pass with amendments. (Printed A-Eng.)",21,1,0,0,22
1572542,1157897,2022-03-01,Senate,"Senate Third Reading",25,1,0,4,30
1572542,1161642,2022-03-03,House,"House Third Reading",57,1,0,2,60
1572543,1137089,2022-02-08,Senate,"Senate Committee Do pass with amendments. Refer to Ways and Means by prior reference. (Printed A-Eng)",4,3,0,0,7
1572543,1155255,2022-02-24,Senate,"Senate Committee Do pass with amendments to the A-Eng bill. (Printed B-Eng.)",12,10,0,0,22
1572543,1157779,2022-03-01,Senate,"Senate Third Reading",16,11,0,3,30
1572543,1161712,2022-03-03,House,"House Third Reading",34,24,0,2,60
1572545,1137643,2022-02-08,House,"House Committee Do Pass",11,0,0,0,11
1572545,1140504,2022-02-10,House,"House Third Reading",56,0,0,4,60
1572545,1144720,2022-02-15,Senate,"Senate Committee Do pass",4,0,0,1,5
1572545,1150023,2022-02-22,Senate,"Senate Third Reading",26,1,0,3,30
1572546,1136296,2022-02-07,House,"House Committee Do pass with amendments and be referred to Ways and Means by prior reference. (Printed A-Eng.)",8,0,0,0,8
1572547,1141890,2022-02-11,Senate,"Senate Committee Do pass and refer to Ways and Means by prior reference",3,1,0,1,5
1572547,1152558,2022-02-23,Senate,"Senate Committee Do pass with amendments. (Printed A-Eng.)",14,8,0,0,22
1572547,1156368,2022-02-28,Senate,"Senate Third Reading",17,9,0,4,30
1572547,1161490,2022-03-03,House,"House Third Reading",40,19,0,1,60
1572549,1136393,2022-02-07,House,"House Committee Do pass with amendments and be referred to Ways and Means by prior reference. (Printed A-Eng.)",10,0,0,0,10
1572550,1155105,2022-02-25,House,"House Withdraw from Committee",26,31,0,3,60
1572554,1143116,2022-02-14,Senate,"Senate Committee Without recommendation as to passage and request referral to Rules",5,0,0,0,5
1572554,1157566,2022-03-01,Senate,"Senate Withdraw from Committee",7,17,0,6,30
1572555,1136052,2022-02-07,House,"House Committee Do pass with amendments and be referred to Ways and Means by prior reference. (Printed A-Eng.)",10,0,0,0,10
1572555,1156101,2022-02-26,House,"House Committee Do Pass the A-Eng bill",21,1,0,1,23
1572555,1160489,2022-03-02,House,"House Third Reading",55,1,0,4,60
1572555,1162058,2022-03-03,Senate,"Senate Third Reading",24,2,0,4,30
1572557,1143082,2022-02-14,Senate,"Senate Committee Do pass with amendments and requesting referral to Ways and Means. (Printed A-Engrossed.)",4,0,0,1,5
1572557,1155824,2022-02-24,Senate,"Senate Committee Do pass with amendments to the A-Eng bill. (Printed B-Eng.)",16,6,0,0,22
1572557,1158828,2022-03-01,Senate,"Senate Third Reading",23,2,0,5,30
1572557,1162925,2022-03-04,House,"House Third Reading",50,7,0,3,60
1572558,1136016,2022-02-07,House,"House Committee Do Pass",10,0,0,0,10
1572558,1140342,2022-02-10,House,"House Third Reading",48,10,0,2,60
1572558,1146359,2022-02-16,Senate,"Senate Committee Do pass",4,0,0,1,5
1572558,1149209,2022-02-21,Senate,"Senate Third Reading",22,3,0,5,30
1572561,1141460,2022-02-11,House,"House Committee Do pass. Refer to Ways and Means",6,3,0,1,10
1572562,1140758,2022-02-10,House,"House Committee Do Pass",7,0,0,0,7
1572562,1144114,2022-02-15,House,"House Third Reading",56,0,0,4,60
1572562,1151572,2022-02-23,Senate,"Senate Committee Do pass",5,0,0,0,5
1572562,1155165,2022-02-25,Senate,"Senate Third Reading",23,0,0,7,30
1572565,1142602,2022-02-14,House,"House Committee Do pass with amendments. (Printed A-Eng.)",6,5,0,0,11
1572565,1147563,2022-02-17,House,"House Third Reading",32,20,0,8,60
1572568,1140536,2022-02-10,Senate,"Senate Committee Do pass with amendments. (Printed A-Eng.)",5,0,0,0,5
1572568,1144710,2022-02-15,Senate,"Senate Third Reading",24,2,0,4,30
1572568,1151935,2022-02-23,House,"House Committee Do Pass the A-Eng bill",8,3,0,0,11
1572568,1153533,2022-02-24,House,"House Third Reading",36,21,0,3,60
1572569,1140562,2022-02-10,House,"House Committee Do pass with amendments and be referred to Ways and Means. (Printed A-Eng.)",6,0,0,1,7
1572571,1141417,2022-02-10,Senate,"Senate Committee Do pass and refer to Ways and Means by prior reference",3,0,0,2,5
1572573,1135863,2022-02-07,Senate,"Senate Committee Do pass with amendments. (Printed A-Eng.)",4,1,0,0,5
1572574,1140138,2022-02-10,Senate,"Senate Committee Do pass with amendments. (Printed A-Eng.)",6,0,0,1,7
1572574,1145874,2022-02-16,Senate,"Senate Third Reading",24,0,0,6,30
1572574,1150717,2022-02-22,House,"House Committee Do Pass the A-Eng bill",9,0,0,1,10
1572574,1157180,2022-02-28,House,"House Third Reading",55,0,0,5,60
1572576,1138820,2022-02-08,House,"House Committee Do pass with amendments and be referred to Ways and Means by prior reference. (Printed A-Eng.)",10,0,0,0,10
1572577,1142749,2022-02-14,Senate,"Senate Committee Do pass with amendments. (Printed A-Eng.)",7,0,0,0,7
1572577,1147495,2022-02-17,Senate,"Senate Third Reading",24,1,0,5,30
1572577,1160509,2022-03-02,House,"House Committee Do pass with amendments to the A-Eng bill. (Printed B-Eng.)",4,2,0,1,7
1572577,1162760,2022-03-04,House,"House Third Reading",48,9,0,3,60
1572577,1162761,2022-03-04,Senate,"Senate Third Reading in Concurrence",25,0,0,5,30
1572582,1144952,2022-02-15,House,"House Committee Do pass with amendments. (Printed A-Eng.)",7,0,0,0,7
1572582,1151436,2022-02-23,House,"House Third Reading",45,14,0,1,60
1572582,1153843,2022-02-24,Senate,"Senate Committee Do pass the A-Eng bill",5,0,0,0,5
1572582,1156535,2022-02-28,Senate,"Senate Motion to Change Calendar",23,3,0,4,30
1572582,1158136,2022-03-01,Senate,"Senate Motion to Change Calendar",22,2,0,6,30
1572582,1160348,2022-03-02,Senate,"Senate Third Reading",20,5,0,5,30
1572583,1145911,2022-02-16,House,"House Withdraw from Committee",26,30,0,4,60
1572584,1159447,2022-03-02,House,"House Withdraw from Committee",27,32,0,1,60
1572588,1137260,2022-02-08,House,"House Committee Do Pass",7,0,0,0,7
1572588,1141601,2022-02-11,House,"House Third Reading",53,1,0,6,60
1572588,1149556,2022-02-21,Senate,"Senate Committee Do pass",4,0,0,1,5
1572588,1151857,2022-02-23,Senate,"Senate Third Reading",27,0,0,3,30
1572590,1139549,2022-02-09,House,"House Committee Do Pass",11,0,0,0,11
1572590,1142737,2022-02-14,House,"House Third Reading",48,6,0,6,60
1572590,1147143,2022-02-17,Senate,"Senate Committee Do pass",4,0,0,1,5
1572590,1150634,2022-02-22,Senate,"Senate Third Reading",23,4,0,3,30
1572591,1134371,2022-02-03,Senate,"Senate Committee Do adopt",5,0,0,0,5
1572591,1139011,2022-02-09,Senate,"Senate Final Reading",22,0,0,8,30
1572591,1150131,2022-02-22,House,"House Committee Be Adopted",6,0,0,0,6
1572591,1154021,2022-02-24,House,"House Read and Adopted",56,0,0,4,60
1572600,1161451,2022-03-03,House,"House Withdraw from Committee",2,57,0,1,60
1572603,1139317,2022-02-09,House,"House Committee Do pass with amendments. (Printed A-Eng.)",7,3,0,0,10
1572603,1142661,2022-02-14,House,"House Third Reading",37,18,0,5,60
1572603,1149903,2022-02-22,Senate,"Senate Committee Do pass with amendments to the A-Eng bill. (Printed B-Eng.)",5,0,0,0,5
1572603,1155321,2022-02-25,Senate,"Senate Third Reading",23,0,0,7,30
1572603,1159663,2022-03-02,House,"House Third Reading in Concurrence",50,9,0,1,60
1572607,1138824,2022-02-08,House,"House Committee Do Pass",10,0,0,0,10
1572607,1144415,2022-02-15,House,"House Third Reading",55,0,0,5,60
1572607,1149904,2022-02-22,Senate,"Senate Committee Do pass",7,0,0,0,7
1572607,1155406,2022-02-25,Senate,"Senate Third Reading",23,0,0,7,30
1572608,1142835,2022-02-14,House,"House Committee Do pass the bill and be referred to Revenue by prior reference",7,4,0,0,11
1572608,1150896,2022-02-22,House,"House Committee Without recommendation as to passage and be referred to Farm Worker Overtime",7,0,0,0,7
1572608,1154769,2022-02-24,House,"House Committee Do pass with amendments. (Printed B-Eng.)",6,4,0,0,10
1572608,1157765,2022-03-01,House,"House Motion to Rerefer",27,32,0,1,60
1572608,1158581,2022-03-01,House,"House Third Reading",37,23,0,0,60
1572608,1161105,2022-03-03,Senate,"Senate Special Order",18,9,0,3,30
1572608,1161106,2022-03-03,Senate,"Senate Motion to Refer",9,18,0,3,30
1572608,1161107,2022-03-03,Senate,"Senate Motion to Refer",9,18,0,3,30
1572608,1161651,2022-03-03,Senate,"Senate Third Reading",17,10,0,3,30
1572612,1136317,2022-02-07,House,"House Committee Do Pass",10,0,0,0,10
1572612,1138745,2022-02-09,House,"House Third Reading",56,0,0,4,60
1572612,1146678,2022-02-16,Senate,"Senate Committee Do pass",4,0,0,1,5
1572612,1149342,2022-02-21,Senate,"Senate Third Reading",25,0,0,5,30
1572613,1140228,2022-02-10,Senate,"Senate Committee Do pass with amendments and requesting referral to Ways and Means. (Printed A-Engrossed.)",3,1,0,1,5
1572613,1155598,2022-02-24,Senate,"Senate Committee Do pass with amendments to the A-Eng bill. (Printed B-Eng.)",16,6,0,0,22
1572613,1157857,2022-03-01,Senate,"Senate Third Reading",22,4,0,4,30
1572613,1161672,2022-03-03,House,"House Third Reading",38,20,0,2,60
1572614,1143926,2022-02-15,Senate,"Senate Committee Do pass with amendments. (Printed A-Eng.)",13,0,0,0,13
1572614,1149596,2022-02-21,Senate,"Senate Third Reading",21,4,0,5,30
1572614,1152038,2022-02-23,House,"House Third Reading",44,7,0,9,60
1572617,1138041,2022-02-08,House,"House Committee Do pass and be referred to Ways and Means by prior reference",7,0,0,0,7
1572617,1152797,2022-02-23,House,"House Committee Do Pass",17,4,0,1,22
1572617,1157039,2022-02-28,House,"House Third Reading",48,10,0,2,60
1572617,1161398,2022-03-03,Senate,"Senate Third Reading",22,4,0,4,30
1572618,1147098,2022-02-17,House,"House Committee Do Pass",12,0,0,1,13
1572618,1150589,2022-02-22,House,"House Third Reading",57,0,0,3,60
1572618,1155891,2022-02-25,Senate,"Senate Third Reading",23,0,0,7,30
1572619,1149726,2022-02-21,House,"House Committee Do pass with amendments. (Printed A-Eng.)",7,0,0,0,7
1572619,1153852,2022-02-24,House,"House Third Reading",55,1,0,4,60
1572619,1156264,2022-02-28,Senate,"Senate Committee Do pass the A-Eng bill",4,0,0,1,5
1572619,1161658,2022-03-03,Senate,"Senate Third Reading",26,0,0,4,30
1572621,1142879,2022-02-14,Senate,"Senate Committee Do pass with amendments. Refer to Ways and Means by prior reference. (Printed A-Eng)",4,3,0,0,7
1572623,1140010,2022-02-10,House,"House Committee Do pass with amendments and be referred to Ways and Means by prior reference. (Printed A-Eng.)",9,1,0,1,11
1572623,1155245,2022-02-24,House,"House Committee Do pass with amendments to the A-Eng bill. (Printed B-Eng.)",22,0,0,0,22
1572623,1158370,2022-03-01,House,"House Third Reading",58,0,0,2,60
1572623,1161874,2022-03-03,Senate,"Senate Third Reading",24,2,0,4,30
1572625,1137374,2022-02-08,House,"House Committee Do pass and be referred to Ways and Means by prior reference",7,0,0,0,7
1572626,1143234,2022-02-14,House,"House Committee Do pass with amendments and be referred to Ways and Means. (Printed A-Eng.)",9,1,0,0,10
1572630,1140550,2022-02-10,Senate,"Senate Committee Do pass and requesting referral to Ways and Means",5,0,0,0,5
1572634,1141869,2022-02-11,House,"House Committee Without recommendation as to passage and be referred to Rules",7,2,0,1,10
1572635,1140543,2022-02-10,Senate,"Senate Committee Do pass",3,1,0,1,5
1572635,1147961,2022-02-17,Senate,"Senate Third Reading",17,7,0,6,30
1572635,1154136,2022-02-24,House,"House Committee Do Pass",6,3,0,1,10
1572635,1158815,2022-03-01,House,"House Third Reading",37,23,0,0,60
1572638,1136099,2022-02-07,Senate,"Senate Committee Do pass and subsequent referral to Ways and Means be rescinded",3,1,0,1,5
1572638,1140463,2022-02-10,Senate,"Senate Third Reading",19,4,0,7,30
1572638,1152291,2022-02-23,House,"House Committee Do Pass",9,1,0,0,10
1572638,1158134,2022-03-01,House,"House Third Reading",48,9,0,3,60
1572641,1140634,2022-02-10,House,"House Committee Do pass with amendments and rescind subsequent referral to Ways and Means. (Printed A-Eng.)",6,0,0,1,7
1572641,1146506,2022-02-16,House,"House Third Reading",56,0,0,4,60
1572641,1150527,2022-02-22,Senate,"Senate Committee Do pass",4,0,0,1,5
1572641,1153781,2022-02-24,Senate,"Senate Third Reading",25,0,0,5,30
1572642,1137845,2022-02-08,Senate,"Senate Committee Do pass with amendments. (Printed A-Eng.)",3,1,0,1,5
1572642,1142940,2022-02-14,Senate,"Senate Third Reading",25,0,0,5,30
1572642,1149647,2022-02-21,House,"House Committee Do pass with amendments to the A-Eng bill. (Printed B-Eng.)",10,0,0,0,10
1572642,1156699,2022-02-28,House,"House Third Reading",53,4,0,3,60
1572642,1159343,2022-03-02,Senate,"Senate Third Reading in Concurrence",25,0,0,5,30
1572644,1142777,2022-02-14,House,"House Committee Do pass with amendments and be referred to Ways and Means. (Printed A-Eng.)",10,0,0,0,10
1572644,1152753,2022-02-23,House,"House Committee Do pass with amendments to the A-Eng bill. (Printed B-Eng.)",21,0,0,1,22
1572644,1156543,2022-02-28,House,"House Third Reading",58,2,0,0,60
1572644,1161794,2022-03-03,Senate,"Senate Third Reading",26,0,0,4,30
1572646,1138693,2022-02-09,House,"House Committee Do pass with amendments and rescind subsequent referral to Ways and Means. (Printed A-Eng.)",10,1,0,0,11
1572646,1142688,2022-02-14,House,"House Third Reading",40,12,0,8,60
1572646,1152000,2022-02-23,Senate,"Senate Committee Do pass with amendments to the A-Eng bill. (Printed B-Eng.)",5,0,0,0,5
1572646,1156607,2022-02-28,Senate,"Senate Third Reading",21,5,0,4,30
1572646,1159331,2022-03-02,House,"House Third Reading in Concurrence",46,13,0,1,60
1572647,1142726,2022-02-14,House,"House Committee Do pass with amendments and be referred to Ways and Means. (Printed A-Eng.)",10,1,0,0,11
1572647,1152708,2022-02-23,House,"House Committee Do pass with amendments to the A-Eng bill. (Printed B-Eng.)",21,1,0,0,22
1572647,1156621,2022-02-28,House,"House Third Reading",50,10,0,0,60
1572647,1160015,2022-03-02,Senate,"Senate Third Reading",25,0,0,5,30
1572648,1148072,2022-02-17,House,"House Committee Do pass with amendments. (Printed A-Eng.)",7,0,0,0,7
1572648,1150072,2022-02-22,House,"House Third Reading",56,1,0,3,60
1572648,1153630,2022-02-24,Senate,"Senate Committee Do pass the A-Eng bill",5,0,0,0,5
1572648,1156530,2022-02-28,Senate,"Senate Third Reading",25,1,0,4,30
1572651,1150618,2022-02-22,Senate,"Senate Committee Do pass with amendments and requesting referral to Ways and Means. (Printed A-Engrossed.)",3,2,0,0,5
1572652,1137115,2022-02-08,Senate,"Senate Committee Do pass with amendments. (Printed A-Eng.)",5,0,0,0,5
1572652,1138691,2022-02-09,Senate,"Senate Third Reading",22,0,0,8,30
1572652,1149543,2022-02-21,House,"House Committee Do Pass the A-Eng bill",10,1,0,0,11
1572652,1152672,2022-02-23,House,"House Third Reading",48,6,0,6,60
1572654,1140443,2022-02-10,Senate,"Senate Committee Do pass with amendments. (Printed A-Eng.)",4,0,0,1,5
1572654,1144772,2022-02-15,Senate,"Senate Third Reading",24,2,0,4,30
1572654,1153943,2022-02-24,House,"House Committee Do pass with amendments to the A-Eng bill and rescind subsequent referral to Rules. (Printed B-Eng)",9,0,0,1,10
1572654,1158734,2022-03-01,House,"House Third Reading",58,0,0,2,60
1572654,1159338,2022-03-02,Senate,"Senate Third Reading in Concurrence",21,4,0,5,30
1572656,1137799,2022-02-08,Senate,"Senate Committee Do pass with amendments. Refer to Ways and Means by prior reference. (Printed A-Eng)",3,1,0,1,5
1572660,1140100,2022-02-10,House,"House Committee Do pass with amendments and be referred to Ways and Means. (Printed A-Eng.)",11,0,0,0,11
1572660,1156097,2022-02-26,House,"House Committee Do pass with amendments to the A-Eng bill. (Printed B-Eng.)",22,0,0,1,23
1572660,1160091,2022-03-02,House,"House Third Reading",58,0,0,2,60
1572660,1161790,2022-03-03,Senate,"Senate Third Reading",26,0,0,4,30
1572661,1159450,2022-03-02,Senate,"Senate Withdraw from Committee",9,16,0,5,30
1572662,1140501,2022-02-10,House,"House Committee Do pass with amendments and rescind subsequent referral to Revenue. (Printed A-Eng.)",6,0,0,0,6
1572662,1147829,2022-02-17,House,"House Third Reading",51,0,0,9,60
1572664,1137781,2022-02-08,House,"House Committee Do pass with amendments and be referred to Ways and Means by prior reference. (Printed A-Eng.)",4,3,0,0,7
1572667,1143373,2022-02-14,House,"House Committee Do pass. Refer to Rules, then to Ways and Means by prior reference",10,0,0,0,10
1572669,1135246,2022-02-03,Senate,"Senate Committee Do adopt",3,0,0,2,5
1572669,1140381,2022-02-10,Senate,"Senate Final Reading",23,0,0,7,30
1572671,1136583,2022-02-07,House,"House Committee Do pass with amendments and be referred to Ways and Means by prior reference. (Printed A-Eng.)",10,0,0,0,10
1572674,1137036,2022-02-08,House,"House Committee Be Adopted",7,0,0,0,7
1572674,1150620,2022-02-22,Senate,"Senate Committee Do adopt",5,0,0,0,5
1572674,1156233,2022-02-28,Senate,"Senate Final Reading",25,0,0,5,30
1572677,1138741,2022-02-08,House,"House Committee Do pass with amendments and be referred to Ways and Means by prior reference. (Printed A-Eng.)",8,2,0,0,10
1572679,1142892,2022-02-14,Senate,"Senate Committee Do pass with amendments and requesting referral to Ways and Means. (Printed A-Engrossed.)",6,1,0,0,7
1572680,1142897,2022-02-14,House,"House Committee Do Pass",10,0,0,1,11
1572680,1147308,2022-02-17,House,"House Third Reading",51,1,0,8,60
1572680,1153208,2022-02-24,Senate,"Senate Committee Do pass",4,0,0,1,5
1572680,1155728,2022-02-25,Senate,"Senate Third Reading",23,0,0,7,30
1572683,1143300,2022-02-14,House,"House Committee Do pass with amendments and be referred to Ways and Means. (Printed A-Eng.)",10,0,0,0,10
1572690,1139073,2022-02-01,House,"House Withdraw from Committee",24,32,0,4,60
1572692,1140609,2022-02-10,House,"House Committee Do pass with amendments and be referred to Ways and Means by prior reference. (Printed A-Eng.)",8,0,0,2,10
1572693,1141043,2022-02-10,House,"House Committee Do pass and be referred to Ways and Means by prior reference",8,2,0,0,10
1572695,1138739,2022-02-08,House,"House Committee Do pass and rescind subsequent referral to Ways and Means",10,0,0,0,10
1572695,1145968,2022-02-16,House,"House Third Reading",55,1,0,4,60
1572695,1149902,2022-02-22,Senate,"Senate Committee Do pass",4,3,0,0,7
1572695,1155840,2022-02-25,Senate,"Senate Third Reading",19,4,0,7,30
1572699,1136058,2022-02-07,Senate,"Senate Committee Do pass",5,0,0,0,5
1572699,1139116,2022-02-09,Senate,"Senate Third Reading",22,0,0,8,30
1572699,1148882,2022-02-18,House,"House Committee Do Pass",7,0,0,0,7
1572699,1156771,2022-02-28,House,"House Third Reading",56,1,0,3,60
1572702,1140045,2022-02-10,House,"House Committee Do pass with amendments. (Printed A-Eng.)",5,2,0,0,7
1572702,1147318,2022-02-17,House,"House Third Reading",48,4,0,8,60
1572702,1153866,2022-02-24,Senate,"Senate Committee Do pass the A-Eng bill",5,0,0,0,5
1572702,1156953,2022-02-28,Senate,"Senate Third Reading",19,7,0,4,30
1572708,1149985,2022-02-22,House,"House Committee Do pass with amendments and be referred to Ways and Means. (Printed A-Eng.)",13,0,0,0,13
1572711,1140669,2022-02-10,House,"House Committee Do pass with amendments. (Printed A-Eng.)",6,0,0,0,6
1572711,1147223,2022-02-17,House,"House Third Reading",52,0,0,8,60
1572711,1154038,2022-02-24,Senate,"Senate Committee Do pass the A-Eng bill. Requesting referral to Ways and Means",4,1,0,0,5
1572715,1143412,2022-02-14,House,"House Committee Do pass with amendments and be referred to Ways and Means by prior reference. (Printed A-Eng.)",10,0,0,0,10
1572716,1140606,2022-02-10,House,"House Committee Do Pass",8,2,0,0,10
1572716,1145726,2022-02-16,House,"House Third Reading",36,21,0,3,60
1572716,1154080,2022-02-24,Senate,"Senate Committee Do pass",3,1,0,1,5
1572716,1156935,2022-02-28,Senate,"Senate Third Reading",17,9,0,4,30
1572722,1140502,2022-02-10,House,"House Committee Do Pass",6,0,0,0,6
1572722,1145736,2022-02-16,House,"House Third Reading",57,1,0,2,60
1572722,1150624,2022-02-22,Senate,"Senate Committee Do pass",5,0,0,0,5
1572722,1155433,2022-02-25,Senate,"Senate Third Reading",23,0,0,7,30
1572725,1139213,2022-02-09,House,"House Committee Do pass with amendments and be referred to Ways and Means by prior reference. (Printed A-Eng.)",11,0,0,0,11
1572728,1148869,2022-02-18,House,"House Committee Do Pass",7,0,0,0,7
1572728,1150658,2022-02-22,House,"House Third Reading",41,16,0,3,60
1572728,1159441,2022-03-02,Senate,"Senate Committee Do pass",4,0,0,1,5
1572728,1162204,2022-03-03,Senate,"Senate Third Reading",23,3,0,4,30
1572730,1141614,2022-02-11,House,"House Committee Do pass with amendments and be referred to Ways and Means by prior reference. (Printed A-Eng.)",9,0,0,1,10
1572730,1152929,2022-02-23,House,"House Committee Do pass with amendments to the A-Eng bill. (Printed B-Eng.)",21,1,0,0,22
1572730,1155608,2022-02-25,House,"House Third Reading",57,0,0,3,60
1572730,1159714,2022-03-02,Senate,"Senate Third Reading",25,2,0,3,30
1572731,1137448,2022-02-08,House,"House Committee Do pass with amendments and rescind subsequent referral to Ways and Means. (Printed A-Eng.)",13,0,0,0,13
1572731,1141831,2022-02-11,House,"House Third Reading",48,3,0,9,60
1572731,1149601,2022-02-21,Senate,"Senate Third Reading",21,4,0,5,30
1572733,1136327,2022-02-07,House,"House Committee Do pass and rescind subsequent referral to Ways and Means",11,0,0,0,11
1572733,1138778,2022-02-09,House,"House Third Reading",39,16,0,5,60
1572733,1144251,2022-02-15,Senate,"Senate Committee Do pass",4,1,0,0,5
1572733,1149246,2022-02-21,Senate,"Senate Third Reading",20,5,0,5,30
1572737,1142611,2022-02-14,House,"House Committee Do pass with amendments and be referred to Ways and Means by prior reference. (Printed A-Eng.)",11,0,0,0,11
1572737,1156089,2022-02-26,House,"House Committee Do Pass the A-Eng bill",22,0,0,1,23
1572737,1160609,2022-03-02,House,"House Third Reading",57,1,0,2,60
1572737,1161646,2022-03-03,Senate,"Senate Third Reading",24,1,0,5,30
1572740,1140477,2022-02-10,Senate,"Senate Committee Do pass with amendments. (Printed A-Eng.)",4,0,0,1,5
1572740,1144488,2022-02-15,Senate,"Senate Third Reading",23,3,0,4,30
1572740,1154985,2022-02-25,House,"House Committee Do Pass the A-Eng bill",6,1,0,0,7
1572740,1158824,2022-03-01,House,"House Committee Do pass with amendments to the A-Eng bill. (Printed B-Eng.)",5,2,0,0,7
1572740,1161573,2022-03-03,House,"House Third Reading",40,17,0,3,60
1572740,1162281,2022-03-03,Senate,"Senate Third Reading in Concurrence",23,2,0,5,30
1572741,1149400,2022-02-21,Senate,"Senate Committee Do pass with amendments. (Printed A-Eng.)",3,2,0,0,5
1572742,1155845,2022-02-25,House,"House Committee Do pass with amendments. (Printed A-Eng.)",4,3,0,0,7
1572742,1159802,2022-03-02,House,"House Third Reading",36,22,0,2,60
1572743,1139524,2022-02-09,Senate,"Senate Committee Do pass with amendments. Refer to Ways and Means by prior reference. (Printed A-Eng)",3,2,0,0,5
1572748,1148658,2022-02-18,House,"House Committee Do pass with amendments and be referred to Ways and Means. (Printed A-Eng.)",6,1,0,0,7
1572751,1136287,2022-02-07,Senate,"Senate Committee Do pass and refer to Ways and Means by prior reference",3,0,0,2,5
1572751,1152682,2022-02-23,Senate,"Senate Committee Do pass",13,9,0,0,22
1572751,1155236,2022-02-25,Senate,"Senate Third Reading",18,7,0,5,30
1572751,1161696,2022-03-03,House,"House Third Reading",37,22,0,1,60
1572753,1138834,2022-02-09,Senate,"Senate Committee Do pass with amendments. Refer to Ways and Means by prior reference. (Printed A-Eng)",6,0,0,1,7
1572753,1155808,2022-02-24,Senate,"Senate Committee Do pass with amendments to the A-Eng bill. (Printed B-Eng.)",22,0,0,0,22
1572753,1158962,2022-03-01,Senate,"Senate Third Reading",25,0,0,5,30
1572753,1162725,2022-03-04,House,"House Third Reading",56,0,0,4,60
1572754,1137738,2022-02-08,Senate,"Senate Committee Do pass and refer to Finance and Revenue by prior reference",4,0,0,1,5
1572754,1161139,2022-03-03,Senate,"Senate Withdraw from Committee",9,18,0,3,30
1572756,1136323,2022-02-07,House,"House Committee Do Pass",7,1,0,0,8
1572756,1138783,2022-02-09,House,"House Third Reading",37,19,0,4,60
1572756,1150249,2022-02-22,Senate,"Senate Committee Do pass",3,1,0,1,5
1572756,1153750,2022-02-24,Senate,"Senate Third Reading",21,4,0,5,30
1572761,1137138,2022-02-08,Senate,"Senate Committee Do pass and refer to Ways and Means by prior reference",7,0,0,0,7
1572765,1138735,2022-02-09,House,"House Committee Do Pass",10,0,0,0,10
1572765,1141581,2022-02-11,House,"House Third Reading",53,1,0,6,60
1572765,1147078,2022-02-17,Senate,"Senate Committee Do pass",4,0,0,1,5
1572765,1150358,2022-02-22,Senate,"Senate Third Reading",24,3,0,3,30
1572766,1143168,2022-02-14,House,"House Committee Do pass with amendments and be referred to Ways and Means by prior reference. (Printed A-Eng.)",10,1,0,0,11
1572767,1133952,2022-02-03,Senate,"Senate Committee Without recommendation as to passage and request referral to Judiciary and Ballot Measure 110 Implementation",5,0,0,0,5
1572767,1138925,2022-02-09,Senate,"Senate Committee Do pass and requesting referral to Finance and Revenue",4,2,0,1,7
1572767,1156083,2022-02-26,Senate,"Senate Committee Do pass with amendments. (Printed A-Eng.)",16,6,0,1,23
1572767,1159351,2022-03-02,Senate,"Senate Third Reading",27,0,0,3,30
1572767,1161970,2022-03-03,House,"House Third Reading",38,20,0,2,60
1572770,1143326,2022-02-14,House,"House Committee Do pass with amendments and be referred to Rules. (Printed A-Eng.)",9,1,0,0,10
1572770,1148728,2022-02-18,House,"House Committee Do pass the A-Eng bill. Refer to Ways and Means",4,3,0,0,7
1572770,1156095,2022-02-26,House,"House Committee Do pass with amendments to the A-Eng bill. (Printed B-Eng.)",13,9,0,1,23
1572770,1160298,2022-03-02,House,"House Third Reading",40,19,0,1,60
1572770,1162189,2022-03-03,Senate,"Senate Third Reading",18,8,0,4,30
1572771,1140417,2022-02-10,Senate,"Senate Committee Do pass with amendments. Refer to Ways and Means by prior reference. (Printed A-Eng)",4,0,0,1,5
1572772,1141888,2022-02-11,Senate,"Senate Committee Do pass with amendments. (Printed A-Eng.)",4,0,0,1,5
1572772,1146259,2022-02-16,Senate,"Senate Third Reading",25,0,0,5,30
1572772,1152363,2022-02-23,House,"House Committee Do Pass the A-Eng bill",11,0,0,0,11
1572772,1153971,2022-02-24,House,"House Third Reading",56,0,0,4,60
1572774,1141509,2022-02-10,Senate,"Senate Committee Do pass with amendments. (Printed A-Eng.)",3,0,0,2,5
1572774,1147350,2022-02-17,Senate,"Senate Third Reading",23,1,0,6,30
1572774,1151439,2022-02-23,House,"House Committee Do Pass the A-Eng bill",7,3,0,0,10
1572774,1156872,2022-02-28,House,"House Third Reading",47,9,0,4,60
1572777,1137887,2022-02-08,House,"House Committee Do pass and be referred to Ways and Means by prior reference",7,0,0,0,7
1572777,1152774,2022-02-23,House,"House Committee Do pass with amendments. (Printed A-Eng.)",22,0,0,0,22
1572777,1156418,2022-02-28,House,"House Third Reading",60,0,0,0,60
1572777,1160548,2022-03-02,Senate,"Senate Third Reading",27,0,0,3,30
1572778,1143469,2022-02-14,House,"House Committee Without recommendation as to passage, be referred to Rules, and then to Ways and Means by prior reference",7,4,0,0,11
1572782,1142564,2022-02-14,House,"House Committee Do Pass",8,2,0,0,10
1572782,1147953,2022-02-17,House,"House Third Reading",43,10,0,7,60
1572782,1153378,2022-02-24,Senate,"Senate Committee Do pass",5,0,0,0,5
1572782,1157137,2022-02-28,Senate,"Senate Third Reading",24,2,0,4,30
1572784,1142780,2022-02-14,House,"House Committee Do pass with amendments and be referred to Ways and Means by prior reference. (Printed A-Eng.)",10,0,0,0,10
1572784,1156099,2022-02-26,House,"House Committee Do pass with amendments to the A-Eng bill. (Printed B-Eng.)",13,9,0,1,23
1572784,1160497,2022-03-02,House,"House Third Reading",43,14,0,3,60
1572784,1161627,2022-03-03,Senate,"Senate Third Reading",19,7,0,4,30
1572785,1131503,2022-02-01,House,"House Read and Adopted",52,2,0,5,59
1572785,1131909,2022-02-01,Senate,"Senate Final Reading",30,0,0,0,30
1572786,1137057,2022-02-08,House,"House Committee Do pass with amendments. (Printed A-Eng.)",4,3,0,0,7
1572786,1144707,2022-02-15,House,"House Third Reading",32,23,0,5,60
1572786,1150445,2022-02-22,Senate,"Senate Committee Do pass with amendments to the A-Eng bill. (Printed B-Eng.)",4,3,0,0,7
1572786,1159538,2022-02-25,Senate,"Senate Third Reading",17,6,0,7,30
1572786,1159539,2022-03-02,House,"House Third Reading in Concurrence",36,23,0,1,60
1572788,1140451,2022-02-10,House,"House Committee Do pass with amendments and be referred to Ways and Means by prior reference. (Printed A-Eng.)",10,0,0,0,10
1572788,1152911,2022-02-23,House,"House Committee Do pass with amendments to the A-Eng bill. (Printed B-Eng.)",14,7,0,1,22
1572788,1156926,2022-02-28,House,"House Third Reading",49,10,0,1,60
1572788,1161431,2022-03-03,Senate,"Senate Third Reading",23,3,0,4,30
1572789,1139375,2022-02-09,House,"House Committee Do pass with amendments and be referred to Ways and Means by prior reference. (Printed A-Eng.)",8,0,0,0,8
1572789,1152720,2022-02-23,House,"House Committee Do pass with amendments to the A-Eng bill. (Printed B-Eng.)",18,4,0,0,22
1572789,1156212,2022-02-28,House,"House Third Reading",52,7,0,1,60
1572789,1159666,2022-03-02,Senate,"Senate Third Reading",24,3,0,3,30
1572791,1141027,2022-02-10,House,"House Committee Do pass with amendments and be referred to Ways and Means by prior reference. (Printed A-Eng.)",6,4,0,0,10
1572795,1150471,2022-02-22,House,"House Withdraw from Committee",24,34,0,2,60
1572796,1140664,2022-02-10,House,"House Committee Do pass and be referred to Ways and Means by prior reference",8,2,0,0,10
1572797,1141440,2022-02-11,House,"House Committee Do Pass",7,2,0,1,10
1572797,1147423,2022-02-17,House,"House Third Reading",32,20,0,8,60
1572800,1141516,2022-02-10,Senate,"Senate Committee Do pass with amendments. Refer to Ways and Means by prior reference. (Printed A-Eng)",3,0,0,2,5
1572800,1155265,2022-02-24,Senate,"Senate Committee Do pass with amendments to the A-Eng bill. (Printed B-Eng.)",17,5,0,0,22
1572800,1158156,2022-03-01,Senate,"Senate Third Reading",25,0,0,5,30
1572800,1162986,2022-03-04,House,"House Third Reading",47,10,0,3,60
1572802,1143416,2022-02-14,House,"House Committee Do pass with amendments and be referred to Ways and Means by prior reference. (Printed A-Eng.)",10,0,0,0,10
1572802,1152725,2022-02-23,House,"House Committee Do Pass the A-Eng bill",21,1,0,0,22
1572802,1156295,2022-02-28,House,"House Third Reading",57,1,0,2,60
1572802,1159977,2022-03-02,Senate,"Senate Third Reading",25,1,0,4,30
1572806,1142572,2022-02-14,House,"House Committee Without recommendation as to passage, be referred to Rules, and then to Ways and Means by prior reference",6,4,0,0,10
1572807,1151425,2022-02-23,Senate,"Senate Withdraw from Committee",8,18,0,4,30
1572809,1137361,2022-02-08,House,"House Committee Do Pass",7,0,0,0,7
1572809,1141800,2022-02-11,House,"House Third Reading",38,13,0,9,60
1572809,1147929,2022-02-17,Senate,"Senate Committee Do pass",4,0,0,1,5
1572809,1150592,2022-02-22,Senate,"Senate Third Reading",20,7,0,3,30
1572812,1147606,2022-02-17,Senate,"Senate Withdraw from Committee",8,18,0,4,30
1572813,1142153,2022-02-11,House,"House Committee Without recommendation as to passage and be referred to Rules",7,2,0,1,10
1572815,1141732,2022-02-11,Senate,"Senate Committee Do pass with amendments and requesting referral to Ways and Means. (Printed A-Engrossed.)",4,0,0,1,5
1572815,1156088,2022-02-26,Senate,"Senate Committee Do pass with amendments to the A-Eng bill. (Printed B-Eng.)",18,4,0,1,23
1572815,1159540,2022-03-02,Senate,"Senate Third Reading",23,4,0,3,30
1572815,1163084,2022-03-04,House,"House Third Reading",48,9,0,3,60
1572816,1141868,2022-02-11,House,"House Committee Do pass with amendments and be referred to Ways and Means. (Printed A-Eng.)",9,0,0,1,10
1572821,1137532,2022-02-08,House,"House Committee Do pass with amendments and be referred to Ways and Means by prior reference. (Printed A-Eng.)",7,0,0,0,7
1572821,1152696,2022-02-23,House,"House Committee Do Pass the A-Eng bill",22,0,0,0,22
1572821,1156222,2022-02-28,House,"House Third Reading",60,0,0,0,60
1572821,1160464,2022-03-02,Senate,"Senate Third Reading",25,2,0,3,30
1572822,1140058,2022-02-10,Senate,"Senate Committee Do pass and refer to Ways and Means by prior reference",4,2,0,1,7
1572822,1152905,2022-02-23,Senate,"Senate Committee Do pass with amendments. (Printed A-Eng.)",14,8,0,0,22
1572822,1156443,2022-02-28,Senate,"Senate Third Reading",17,8,0,5,30
1572822,1161536,2022-03-03,House,"House Third Reading",38,21,0,1,60
1572824,1141872,2022-02-11,House,"House Committee Do pass with amendments. (Printed A-Eng.)",9,0,0,1,10
1572824,1147857,2022-02-17,House,"House Third Reading",45,9,0,6,60
1572824,1156629,2022-02-28,Senate,"Senate Committee Do pass with amendments to the A-Eng bill. (Printed B-Eng.)",4,0,0,1,5
1572824,1161580,2022-03-03,Senate,"Senate Third Reading",23,3,0,4,30
1572824,1162972,2022-03-04,House,"House Third Reading in Concurrence",53,4,0,3,60
1572826,1141610,2022-02-10,Senate,"Senate Committee Do pass with amendments and requesting referral to Ways and Means. (Printed A-Engrossed.)",3,1,0,1,5
1572830,1143321,2022-02-14,House,"House Committee Do pass with amendments and be referred to Ways and Means. (Printed A-Eng.)",6,4,0,0,10
1572830,1156085,2022-02-26,House,"House Committee Do Pass the A-Eng bill",14,8,0,1,23
1572830,1159655,2022-03-02,House,"House Third Reading",37,22,0,1,60
1572830,1162156,2022-03-03,Senate,"Senate Third Reading",18,8,0,4,30
1572831,1143164,2022-02-14,House,"House Committee Do pass with amendments and be referred to Ways and Means by prior reference. (Printed A-Eng.)",10,0,0,0,10
1572831,1156090,2022-02-26,House,"House Committee Do pass with amendments to the A-Eng bill. (Printed B-Eng.)",21,0,0,2,23
1572831,1160205,2022-03-02,House,"House Third Reading",57,0,0,3,60
1572831,1162106,2022-03-03,Senate,"Senate Third Reading",26,0,0,4,30
1572832,1135941,2022-02-07,House,"House Committee Do pass with amendments and be referred to Ways and Means by prior reference. (Printed A-Eng.)",10,0,0,0,10
1572832,1156091,2022-02-26,House,"House Committee Do pass with amendments to the A-Eng bill. (Printed B-Eng.)",22,0,0,1,23
1572832,1159478,2022-03-02,House,"House Third Reading",59,0,0,1,60
1572832,1161545,2022-03-03,Senate,"Senate Third Reading",26,0,0,4,30
1572833,1139464,2022-02-09,Senate,"Senate Committee Do pass with amendments. (Printed A-Eng.)",3,1,0,1,5
1572833,1146147,2022-02-16,Senate,"Senate Third Reading",18,7,0,5,30
1572833,1152686,2022-02-23,House,"House Committee Do pass with amendments to the A-Eng bill. (Printed B-Eng.)",10,0,0,0,10
1572833,1158254,2022-03-01,House,"House Third Reading",53,5,0,2,60
1572833,1161681,2022-03-03,Senate,"Senate Third Reading in Concurrence",18,8,0,4,30
1572837,1140353,2022-02-10,House,"House Committee Do pass and rescind subsequent referral to Ways and Means",10,0,0,1,11
1572837,1147848,2022-02-17,House,"House Third Reading",49,3,0,8,60
1572837,1150580,2022-02-22,Senate,"Senate Committee Do pass",4,0,0,1,5
1572837,1153847,2022-02-24,Senate,"Senate Third Reading",22,3,0,5,30
1572839,1140283,2022-02-10,House,"House Committee Do pass with amendments and be referred to Ways and Means by prior reference. (Printed A-Eng.)",6,0,0,1,7
1572840,1142915,2022-02-14,Senate,"Senate Committee Do pass with amendments. (Printed A-Eng.)",4,3,0,0,7
1572844,1140525,2022-02-10,Senate,"Senate Committee Do pass with amendments. (Printed A-Eng.)",5,0,0,0,5
1572844,1146127,2022-02-16,Senate,"Senate Third Reading",22,2,0,6,30
1572844,1151692,2022-02-23,House,"House Committee Do Pass the A-Eng bill",9,2,0,0,11
1572844,1156912,2022-02-28,House,"House Third Reading",47,9,0,4,60
1572846,1150028,2022-02-22,House,"House Committee Do pass with amendments. (Printed A-Eng.)",6,0,0,1,7
1572846,1153876,2022-02-24,House,"House Third Reading",55,1,0,4,60
1572846,1156425,2022-02-28,Senate,"Senate Committee Do pass the A-Eng bill",4,0,0,1,5
1572846,1160600,2022-03-02,Senate,"Senate Third Reading",26,0,0,4,30
1572847,1137749,2022-02-08,Senate,"Senate Committee Do pass",3,1,0,1,5
1572847,1140202,2022-02-10,Senate,"Senate Third Reading",16,7,0,7,30
1572847,1150483,2022-02-22,House,"House Committee Do pass with amendments. (Printed A-Eng.)",6,4,0,0,10
1572847,1155094,2022-02-25,House,"House Motion to substitute Minority Report",22,35,0,3,60
1572847,1155563,2022-02-25,House,"House Motion to Refer",23,34,0,3,60
1572847,1155564,2022-02-25,House,"House Third Reading",31,25,0,4,60
1572847,1156230,2022-02-28,Senate,"Senate Third Reading in Concurrence",16,8,0,6,30
1572850,1143303,2022-02-14,House,"House Committee Do pass with amendments. (Printed A-Eng.)",10,0,0,0,10
1572850,1150204,2022-02-22,House,"House Third Reading",58,1,0,1,60
1572850,1153351,2022-02-24,Senate,"Senate Committee Do pass with amendments to the A-Eng bill. (Printed B-Eng.)",5,0,0,0,5
1572850,1157187,2022-02-28,Senate,"Senate Third Reading",26,0,0,4,30
1572850,1159781,2022-03-02,House,"House Third Reading in Concurrence",58,1,0,1,60
1572853,1138165,2022-02-08,Senate,"Senate Committee Do pass with amendments. Refer to Ways and Means by prior reference. (Printed A-Eng)",3,1,0,1,5
1572853,1155785,2022-02-24,Senate,"Senate Committee Do pass with amendments to the A-Eng bill. (Printed B-Eng.)",19,3,0,0,22
1572853,1158170,2022-03-01,Senate,"Senate Third Reading",22,4,0,4,30
1572853,1162314,2022-03-03,House,"House Third Reading",50,8,0,2,60
1572855,1140572,2022-02-10,House,"House Committee Do pass and be referred to Ways and Means by prior reference",7,3,0,0,10
1572856,1136079,2022-02-07,Senate,"Senate Committee Do pass and requesting referral to Ways and Means",3,1,0,1,5
1572856,1152822,2022-02-23,Senate,"Senate Committee Do pass with amendments. (Printed A-Eng.)",14,8,0,0,22
1572856,1156678,2022-02-28,Senate,"Senate Third Reading",17,9,0,4,30
1572856,1161252,2022-03-03,House,"House Third Reading",53,5,0,2,60
1572857,1145733,2022-02-16,Senate,"Senate Committee Do pass with amendments. (Printed A-Eng.)",5,0,0,0,5
1572857,1149980,2022-02-22,Senate,"Senate Third Reading",27,0,0,3,30
1572857,1157136,2022-02-28,House,"House Committee Do Pass the A-Eng bill",7,0,0,0,7
1572857,1162184,2022-03-03,House,"House Third Reading",57,1,0,2,60
1575172,1138302,2022-02-08,Senate,"Senate Committee Do pass with amendments and requesting referral to Ways and Means. (Printed A-Engrossed.)",4,0,0,1,5
1575172,1156087,2022-02-26,Senate,"Senate Committee Do pass with amendments to the A-Eng bill. (Printed B-Eng.)",17,5,0,1,23
1575172,1159361,2022-03-02,Senate,"Senate Third Reading",22,5,0,3,30
1575172,1162053,2022-03-03,House,"House Third Reading",43,15,0,2,60
1575352,1140624,2022-02-10,Senate,"Senate Committee Do pass with amendments and requesting referral to Ways and Means. (Printed A-Engrossed.)",4,0,0,1,5
1577655,1137786,2022-02-08,Senate,"Senate Committee Do pass and refer to Finance and Revenue by prior reference",4,0,0,1,5
1577655,1151630,2022-02-23,Senate,"Senate Committee Do pass with amendments. (Printed A-Eng.)",5,0,0,0,5
1577655,1156225,2022-02-28,Senate,"Senate Third Reading",25,0,0,5,30
1577655,1159657,2022-03-02,House,"House Committee Do Pass the A-Eng bill",7,0,0,0,7
1577655,1161676,2022-03-03,House,"House Third Reading",57,0,0,3,60
1583148,1148739,2022-02-18,House,"House Committee Do pass with amendments and be referred to Ways and Means. (Printed A-Eng.)",4,2,0,0,6
1583150,1148011,2022-02-17,House,"House Committee Be Adopted",7,0,0,0,7
1583150,1149239,2022-02-21,House,"House Read and Adopted",59,0,0,1,60
1583150,1156406,2022-02-28,Senate,"Senate Committee Do adopt",4,0,0,1,5
1583150,1162285,2022-03-03,Senate,"Senate Final Reading",25,0,0,5,30
1583665,1157665,2022-02-28,Senate,"Senate Committee Do pass with amendments. (Printed A-Eng.)",21,1,0,0,22
1583665,1162316,2022-03-03,Senate,"Senate Third Reading",23,3,0,4,30
1583665,1163040,2022-03-04,House,"House Third Reading",53,3,0,4,60
1583666,1158306,2022-02-28,Senate,"Senate Committee Do pass with amendments. (Printed A-Eng.)",17,5,0,0,22
1583666,1161591,2022-03-03,Senate,"Senate Third Reading",22,5,0,3,30
1583666,1163052,2022-03-04,House,"House Third Reading",46,10,0,4,60
1583667,1157677,2022-02-28,Senate,"Senate Committee Do pass with amendments. (Printed A-Eng.)",17,5,0,0,22
1583667,1161413,2022-03-03,Senate,"Senate Third Reading",22,5,0,3,30
1583667,1162754,2022-03-04,House,"House Third Reading",45,11,0,4,60
1584566,1157640,2022-02-28,House,"House Committee Do pass with amendments. (Printed A-Eng.)",22,0,0,0,22
1584566,1162701,2022-03-04,House,"House Third Reading",56,1,0,3,60
1584566,1163421,2022-03-04,Senate,"Senate Third Reading",23,2,0,5,30
1584675,1157439,2022-02-28,House,"House Committee Do pass with amendments. (Printed A-Eng.)",17,5,0,0,22
1584675,1162848,2022-03-04,House,"House Third Reading",41,16,0,3,60
1584675,1162849,2022-03-04,Senate,"Senate Third Reading",23,2,0,5,30
1584827,1157668,2022-02-28,House,"House Committee Do pass with amendments. (Printed A-Eng.)",14,8,0,0,22
1584827,1162991,2022-03-04,House,"House Third Reading",34,23,0,3,60
1584827,1162992,2022-03-04,Senate,"Senate Third Reading",18,7,0,5,30
1590877,1148710,2022-02-18,House,"House Committee Do pass. Refer to Ways and Means",7,0,0,0,7
1590877,1156094,2022-02-26,House,"House Committee Do pass with amendments. (Printed A-Eng.)",15,7,0,1,23
1590877,1160139,2022-03-02,House,"House Third Reading",42,16,0,2,60
1590877,1161715,2022-03-03,Senate,"Senate Third Reading",23,2,0,5,30
1597890,1160102,2022-03-02,Senate,"Senate Committee Do adopt",4,0,0,1,5
1597890,1163019,2022-03-04,Senate,"Senate Final Reading",25,0,0,5,30
1597890,1163020,2022-03-04,House,"House Read and Adopted",51,2,0,7,60
1599981,1160152,2022-03-02,Senate,"Senate Committee Do adopt",4,0,0,1,5
1599981,1161493,2022-03-03,Senate,"Senate Final Reading",26,0,0,4,30
1599981,1163000,2022-03-04,House,"House Read and Adopted",36,20,0,4,60
