bill_id,session_id,bill_number,status,status_desc,status_date,title,description,committee_id,committee,last_action_date,last_action,url,state_link
1373143,1757,HF1,4,Passed,2020-07-23,"Public safety; various provision modified including a law enforcement citizen oversight council establishment required, data collection and analysis on peace officer complaints created, Police-Community Relations Council established, peace officer duty to report excessive force incidents established, and money appropriated.","Public safety; various provision modified including a law enforcement citizen oversight council establishment required, data collection and analysis on peace officer complaints created, Police-Community Relations Council established, peace officer duty to report excessive force incidents established, and money appropriated.",0,,2020-07-23,"Secretary of State Chapter 1 ",https://legiscan.com/MN/bill/HF1/2020/X2,https://www.revisor.mn.gov/bills/bill.php?b=House&f=HF0001&ssn=2&y=2020
1373117,1757,HF2,1,Introduced,2020-07-13,"PROMISE Act established, community repair panel to consider claims and determine awards created, redevelopment and relief programs created, Metropolitan Area Redevelopment Corporation established, leases regulated, eminent domain limited use authorized, Civil Unrest Investigatory Commission established, and money appropriated.","PROMISE Act established, community repair panel to consider claims and determine awards created, redevelopment and relief programs created, Metropolitan Area Redevelopment Corporation established, leases regulated, eminent domain limited use authorized, Civil Unrest Investigatory Commission established, and money appropriated.",1777,"House Ways and Means",2020-07-20,"Author added Jordan",https://legiscan.com/MN/bill/HF2/2020/X2,https://www.revisor.mn.gov/bills/bill.php?b=House&f=HF0002&ssn=2&y=2020
1373110,1757,HF3,1,Introduced,2020-07-13,"Capital improvement spending authorized to acquire and better public land and buildings and other improvements of a capital nature, previous appropriations modified new programs established and existing program modified, bonds issued, and money appropriated.","Capital improvement spending authorized to acquire and better public land and buildings and other improvements of a capital nature, previous appropriations modified new programs established and existing program modified, bonds issued, and money appropriated.",0,,2020-07-20,"Authors added Bernardy; Sandell; Carlson, L.; and Masin",https://legiscan.com/MN/bill/HF3/2020/X2,https://www.revisor.mn.gov/bills/bill.php?b=House&f=HF0003&ssn=2&y=2020
1373103,1757,HF4,1,Introduced,2020-07-13,"Race definition added to Minnesota Human Rights Act.","Race definition added to Minnesota Human Rights Act.",3806,"House Judiciary Finance and Civil Law",2020-07-20,"Author added Bernardy",https://legiscan.com/MN/bill/HF4/2020/X2,https://www.revisor.mn.gov/bills/bill.php?b=House&f=HF0004&ssn=2&y=2020
1373136,1757,HF5,1,Introduced,2020-07-13,"Child foster care and background study provisions modified, and money appropriated.","Child foster care and background study provisions modified, and money appropriated.",1777,"House Ways and Means",2020-07-13,"Introduction and first reading, referred to Ways and Means",https://legiscan.com/MN/bill/HF5/2020/X2,https://www.revisor.mn.gov/bills/bill.php?b=House&f=HF0005&ssn=2&y=2020
1373127,1757,HF6,1,Introduced,2020-07-13,"General education, education excellence, teachers, Department of Education housekeeping, nutrition, and early childhood education provided.","General education, education excellence, teachers, Department of Education housekeeping, nutrition, and early childhood education provided.",2699,"House Education Policy",2020-07-20,"Authors added Youakim, Bernardy, Lee",https://legiscan.com/MN/bill/HF6/2020/X2,https://www.revisor.mn.gov/bills/bill.php?b=House&f=HF0006&ssn=2&y=2020
1373213,1757,HF7,1,Introduced,2020-07-13,"Dignity in Pregnancy and Childbirth Act established, implicit bias continuing education required, and maternal death studies expanded to include maternal morbidity.","Dignity in Pregnancy and Childbirth Act established, implicit bias continuing education required, and maternal death studies expanded to include maternal morbidity.",2703,"House Health and Human Services Policy",2020-07-20,"Authors added Morrison, Bernardy",https://legiscan.com/MN/bill/HF7/2020/X2,https://www.revisor.mn.gov/bills/bill.php?b=House&f=HF0007&ssn=2&y=2020
1373138,1757,HF8,1,Introduced,2020-07-13,"State flag design task force created.","State flag design task force created.",2702,"House Government Operations",2020-07-20,"Author added Jordan",https://legiscan.com/MN/bill/HF8/2020/X2,https://www.revisor.mn.gov/bills/bill.php?b=House&f=HF0008&ssn=2&y=2020
1373112,1757,HF9,1,Introduced,2020-07-13,"Disparity impact analysis of proposed legislation provided, state agency biannual report on actions to address disparities required, and each change item in governor's budget proposal required to include disparity analysis.","Disparity impact analysis of proposed legislation provided, state agency biannual report on actions to address disparities required, and each change item in governor's budget proposal required to include disparity analysis.",2702,"House Government Operations",2020-07-14,"Authors added Xiong, J.; Mariani; Moran; Hassan; Noor; Her; Vang; Lee; Kunesh-Podein; Xiong, T.; Mann; Richardson; and Becker-Finn",https://legiscan.com/MN/bill/HF9/2020/X2,https://www.revisor.mn.gov/bills/bill.php?b=House&f=HF0009&ssn=2&y=2020
1373141,1757,HF10,1,Introduced,2020-07-13,"COVID-19; emergency community relief grant program established, and money appropriated.","COVID-19; emergency community relief grant program established, and money appropriated.",1777,"House Ways and Means",2020-07-13,"Introduction and first reading, referred to Ways and Means",https://legiscan.com/MN/bill/HF10/2020/X2,https://www.revisor.mn.gov/bills/bill.php?b=House&f=HF0010&ssn=2&y=2020
1373124,1757,HF11,1,Introduced,2020-07-13,"Personal care assistance and support worker requirements modified, personal care assistance services provided by parents or spouse compensation temporarily allowed, personal care assistance services temporary rate increase established, and money appropriated.","Personal care assistance and support worker requirements modified, personal care assistance services provided by parents or spouse compensation temporarily allowed, personal care assistance services temporary rate increase established, and money appropriated.",1777,"House Ways and Means",2020-07-20,"Author added Bernardy",https://legiscan.com/MN/bill/HF11/2020/X2,https://www.revisor.mn.gov/bills/bill.php?b=House&f=HF0011&ssn=2&y=2020
1373096,1757,HF12,1,Introduced,2020-07-13,"COVID-19; distance learning equipment funding program established, telemedicine equipment grant program established, reports required, and money appropriated.","COVID-19; distance learning equipment funding program established, telemedicine equipment grant program established, reports required, and money appropriated.",1777,"House Ways and Means",2020-07-14,"Author added Masin",https://legiscan.com/MN/bill/HF12/2020/X2,https://www.revisor.mn.gov/bills/bill.php?b=House&f=HF0012&ssn=2&y=2020
1373118,1757,HF13,1,Introduced,2020-07-13,"Taxation; various provisions modified including property taxes, local government aids, individual and corporate franchise taxes, sales and use taxes, and lawful gambling taxes.","Taxation; various provisions modified including property taxes, local government aids, individual and corporate franchise taxes, sales and use taxes, and lawful gambling taxes.",1777,"House Ways and Means",2020-07-13,"Introduction and first reading, referred to Ways and Means",https://legiscan.com/MN/bill/HF13/2020/X2,https://www.revisor.mn.gov/bills/bill.php?b=House&f=HF0013&ssn=2&y=2020
1373105,1757,HF14,1,Introduced,2020-07-13,"Corrections and public safety funding provided, and money appropriated.","Corrections and public safety funding provided, and money appropriated.",0,,2020-07-20,"House rule 1.21, placed on Calendar for the Day Monday, July 20, 2020",https://legiscan.com/MN/bill/HF14/2020/X2,https://www.revisor.mn.gov/bills/bill.php?b=House&f=HF0014&ssn=2&y=2020
1373128,1757,HF15,1,Introduced,2020-07-13,"2020 state primary and state general election result release requirements modified.","2020 state primary and state general election result release requirements modified.",2702,"House Government Operations",2020-07-20,"Author added Bernardy",https://legiscan.com/MN/bill/HF15/2020/X2,https://www.revisor.mn.gov/bills/bill.php?b=House&f=HF0015&ssn=2&y=2020
1373099,1757,HF16,1,Introduced,2020-07-13,"Public safety commissioner authority to suspend drivers' licenses modified, retroactive driver's license reinstatement provided, technical changes made, and report required.","Public safety commissioner authority to suspend drivers' licenses modified, retroactive driver's license reinstatement provided, technical changes made, and report required.",3806,"House Judiciary Finance and Civil Law",2020-07-13,"Introduction and first reading, referred to Judiciary Finance and Civil Law Division",https://legiscan.com/MN/bill/HF16/2020/X2,https://www.revisor.mn.gov/bills/bill.php?b=House&f=HF0016&ssn=2&y=2020
1373123,1757,HF17,1,Introduced,2020-07-13,"Increase Teachers of Color Act in higher education strengthened, student teacher grants and teacher shortage loan forgiveness provisions modified, and Office of Higher Education directed to develop recommendations for detailed race and ethnicity data collection from postsecondary institutions.","Increase Teachers of Color Act in higher education strengthened, student teacher grants and teacher shortage loan forgiveness provisions modified, and Office of Higher Education directed to develop recommendations for detailed race and ethnicity data collection from postsecondary institutions.",2775,"House Higher Education Finance and Policy",2020-07-13,"Introduction and first reading, referred to Higher Education Finance and Policy Division",https://legiscan.com/MN/bill/HF17/2020/X2,https://www.revisor.mn.gov/bills/bill.php?b=House&f=HF0017&ssn=2&y=2020
1373101,1757,HF18,1,Introduced,2020-07-13,"Vehicles and property subject to forfeiture limited, property recovery by innocent owners provided, federal equitable sharing program participation modified, reports required, and money appropriated.","Vehicles and property subject to forfeiture limited, property recovery by innocent owners provided, federal equitable sharing program participation modified, reports required, and money appropriated.",3806,"House Judiciary Finance and Civil Law",2020-07-13,"Introduction and first reading, referred to Judiciary Finance and Civil Law Division",https://legiscan.com/MN/bill/HF18/2020/X2,https://www.revisor.mn.gov/bills/bill.php?b=House&f=HF0018&ssn=2&y=2020
1373113,1757,HF19,1,Introduced,2020-07-13,"Priority qualified facility provisions modified, and property interest acquisition authority modified.","Priority qualified facility provisions modified, and property interest acquisition authority modified.",2701,"House Environment and Natural Resources Policy",2020-07-13,"Introduction and first reading, referred to Environment and Natural Resources Policy",https://legiscan.com/MN/bill/HF19/2020/X2,https://www.revisor.mn.gov/bills/bill.php?b=House&f=HF0019&ssn=2&y=2020
1373126,1757,HF20,1,Introduced,2020-07-13,"Environment and natural resources funding provided, various provisions modified, and money appropriated.","Environment and natural resources funding provided, various provisions modified, and money appropriated.",1777,"House Ways and Means",2020-07-20,"Author added Bernardy",https://legiscan.com/MN/bill/HF20/2020/X2,https://www.revisor.mn.gov/bills/bill.php?b=House&f=HF0020&ssn=2&y=2020
1373121,1757,HF21,1,Introduced,2020-07-13,"Unemployment insurance additional benefit for mining employees authorized.","Unemployment insurance additional benefit for mining employees authorized.",1767,"House Jobs and Economic Development Finance",2020-07-14,"Author added Lislegard",https://legiscan.com/MN/bill/HF21/2020/X2,https://www.revisor.mn.gov/bills/bill.php?b=House&f=HF0021&ssn=2&y=2020
1373120,1757,HF22,1,Introduced,2020-07-13,"Dry cleaner environmental response and reimbursement account expenditures prioritized, perchloroethylene banned, prior appropriations modified, cost-share program funding provided, and money appropriated.","Dry cleaner environmental response and reimbursement account expenditures prioritized, perchloroethylene banned, prior appropriations modified, cost-share program funding provided, and money appropriated.",1777,"House Ways and Means",2020-07-14,"Authors added Huot and Tabke",https://legiscan.com/MN/bill/HF22/2020/X2,https://www.revisor.mn.gov/bills/bill.php?b=House&f=HF0022&ssn=2&y=2020
1373115,1757,HF23,1,Introduced,2020-07-13,"Increase Teachers of Color Act strengthened, percentage increase of teachers of color and American Indian heritage sought, reports required, and money appropriated.","Increase Teachers of Color Act strengthened, percentage increase of teachers of color and American Indian heritage sought, reports required, and money appropriated.",2699,"House Education Policy",2020-07-20,"Author added Bernardy",https://legiscan.com/MN/bill/HF23/2020/X2,https://www.revisor.mn.gov/bills/bill.php?b=House&f=HF0023&ssn=2&y=2020
1373226,1757,HF24,1,Introduced,2020-07-13,"COVID-19; grant extensions provided, and report required.","COVID-19; grant extensions provided, and report required.",1777,"House Ways and Means",2020-07-13,"Introduction and first reading, referred to Ways and Means",https://legiscan.com/MN/bill/HF24/2020/X2,https://www.revisor.mn.gov/bills/bill.php?b=House&f=HF0024&ssn=2&y=2020
1373188,1757,HF25,1,Introduced,2020-07-13,"Biofuel, renewable chemical, and biomass thermal incentive programs modified; funding provided for bioincentive programs, ammonia production pilot demonstration project, and Mountain Iron Economic Development Authority grant; and money appropriated.","Biofuel, renewable chemical, and biomass thermal incentive programs modified; funding provided for bioincentive programs, ammonia production pilot demonstration project, and Mountain Iron Economic Development Authority grant; and money appropriated.",3909,"House Energy and Climate Finance and Policy",2020-07-13,"Introduction and first reading, referred to Energy and Climate Finance and Policy Division",https://legiscan.com/MN/bill/HF25/2020/X2,https://www.revisor.mn.gov/bills/bill.php?b=House&f=HF0025&ssn=2&y=2020
1373187,1757,HF26,1,Introduced,2020-07-13,"Driver's license knowledge online testing implementation required, not appearing for an exam fee implemented, driving exam slot reservation in schools prohibited, road testing backlog report required, and money appropriated.","Driver's license knowledge online testing implementation required, not appearing for an exam fee implemented, driving exam slot reservation in schools prohibited, road testing backlog report required, and money appropriated.",1776,"House Transportation Finance and Policy",2020-07-14,"Author added Moller",https://legiscan.com/MN/bill/HF26/2020/X2,https://www.revisor.mn.gov/bills/bill.php?b=House&f=HF0026&ssn=2&y=2020
1373212,1757,HF27,1,Introduced,2020-07-13,"COVID-19; workers' compensation loss reimbursed, and CAMPUS plan submission date extended.","COVID-19; workers' compensation loss reimbursed, and CAMPUS plan submission date extended.",3805,"House Labor",2020-07-13,"Introduction and first reading, referred to Labor",https://legiscan.com/MN/bill/HF27/2020/X2,https://www.revisor.mn.gov/bills/bill.php?b=House&f=HF0027&ssn=2&y=2020
1373159,1757,HF28,1,Introduced,2020-07-13,"COVID-19; economic development grant program exceptions provided during peacetime emergency.","COVID-19; economic development grant program exceptions provided during peacetime emergency.",0,,2020-07-20,"Author added Ecklund",https://legiscan.com/MN/bill/HF28/2020/X2,https://www.revisor.mn.gov/bills/bill.php?b=House&f=HF0028&ssn=2&y=2020
1373203,1757,HF29,1,Introduced,2020-07-13,"Electric cogeneration activity power purchase agreement authorized.","Electric cogeneration activity power purchase agreement authorized.",3909,"House Energy and Climate Finance and Policy",2020-07-13,"Introduction and first reading, referred to Energy and Climate Finance and Policy Division",https://legiscan.com/MN/bill/HF29/2020/X2,https://www.revisor.mn.gov/bills/bill.php?b=House&f=HF0029&ssn=2&y=2020
1373167,1757,HF30,1,Introduced,2020-07-13,"Public Employment Relations Board effective date extended.","Public Employment Relations Board effective date extended.",3805,"House Labor",2020-07-13,"Introduction and first reading, referred to Labor",https://legiscan.com/MN/bill/HF30/2020/X2,https://www.revisor.mn.gov/bills/bill.php?b=House&f=HF0030&ssn=2&y=2020
1373184,1757,HF31,1,Introduced,2020-07-13,"Courts provided guidance on sentencing veterans for criminal offenses related to a service-related disorder.","Courts provided guidance on sentencing veterans for criminal offenses related to a service-related disorder.",3827,"House Veterans and Military Affairs Finance & Policy",2020-07-20,"Author added Dettmer",https://legiscan.com/MN/bill/HF31/2020/X2,https://www.revisor.mn.gov/bills/bill.php?b=House&f=HF0031&ssn=2&y=2020
1373194,1757,HF32,1,Introduced,2020-07-13,"Missing and Murdered Indigenous Women Task Force report extended and use appropriated.","Missing and Murdered Indigenous Women Task Force report extended and use appropriated.",3810,"House Public Safety and Criminal Justice Reform Finance & Policy",2020-07-20,"Author added Bernardy",https://legiscan.com/MN/bill/HF32/2020/X2,https://www.revisor.mn.gov/bills/bill.php?b=House&f=HF0032&ssn=2&y=2020
1373155,1757,HF33,1,Introduced,2020-07-13,"COVID-19; disability service providers retention grants established, customized living quality improvement grants modified, peacetime emergency modification extended to economic assistance program application requirements, and money appropriated.","COVID-19; disability service providers retention grants established, customized living quality improvement grants modified, peacetime emergency modification extended to economic assistance program application requirements, and money appropriated.",0,,2020-07-20,"Authors added Lueck, Elkins, Brand, Bierman, Tabke, Christensen, Backer, Sandstede, Bernardy",https://legiscan.com/MN/bill/HF33/2020/X2,https://www.revisor.mn.gov/bills/bill.php?b=House&f=HF0033&ssn=2&y=2020
1373201,1757,HF34,1,Introduced,2020-07-13,"COVID-19; peacetime emergency modification extended to economic assistance program application requirements.","COVID-19; peacetime emergency modification extended to economic assistance program application requirements.",0,,2020-07-14,"Second reading",https://legiscan.com/MN/bill/HF34/2020/X2,https://www.revisor.mn.gov/bills/bill.php?b=House&f=HF0034&ssn=2&y=2020
1373173,1757,HF35,1,Introduced,2020-07-13,"COVID-19; onetime payment to medical assistance dental providers to assist in covering PPE use costs provided, and money appropriated.","COVID-19; onetime payment to medical assistance dental providers to assist in covering PPE use costs provided, and money appropriated.",0,,2020-07-20,"HF indefinitely postponed",https://legiscan.com/MN/bill/HF35/2020/X2,https://www.revisor.mn.gov/bills/bill.php?b=House&f=HF0035&ssn=2&y=2020
1373221,1757,HF36,1,Introduced,2020-07-13,"Unemployment insurance eligibility for secondary students temporarily modified.","Unemployment insurance eligibility for secondary students temporarily modified.",1777,"House Ways and Means",2020-07-20,"Author added Jordan",https://legiscan.com/MN/bill/HF36/2020/X2,https://www.revisor.mn.gov/bills/bill.php?b=House&f=HF0036&ssn=2&y=2020
1373171,1757,HF37,1,Introduced,2020-07-13,"Civil unrest immediate relief program created, reports required, and money appropriated.","Civil unrest immediate relief program created, reports required, and money appropriated.",1777,"House Ways and Means",2020-07-20,"Committee report, to adopt and re-refer to Ways and Means",https://legiscan.com/MN/bill/HF37/2020/X2,https://www.revisor.mn.gov/bills/bill.php?b=House&f=HF0037&ssn=2&y=2020
1373225,1757,HF38,1,Introduced,2020-07-13,"Agriculture and health laboratory funding provided, bonds issued, and money appropriated.","Agriculture and health laboratory funding provided, bonds issued, and money appropriated.",1777,"House Ways and Means",2020-07-14,"Author added Lee",https://legiscan.com/MN/bill/HF38/2020/X2,https://www.revisor.mn.gov/bills/bill.php?b=House&f=HF0038&ssn=2&y=2020
1373232,1757,HF39,1,Introduced,2020-07-13,"Safe routes to school grant program funding provided, bonds issued, and money appropriated.","Safe routes to school grant program funding provided, bonds issued, and money appropriated.",1777,"House Ways and Means",2020-07-20,"Author added Bernardy",https://legiscan.com/MN/bill/HF39/2020/X2,https://www.revisor.mn.gov/bills/bill.php?b=House&f=HF0039&ssn=2&y=2020
1373179,1757,HF40,1,Introduced,2020-07-13,"Driver's license and identification card holder data dissemination authorized for replacement Social Security card applications.","Driver's license and identification card holder data dissemination authorized for replacement Social Security card applications.",3806,"House Judiciary Finance and Civil Law",2020-07-13,"Introduction and first reading, referred to Judiciary Finance and Civil Law Division",https://legiscan.com/MN/bill/HF40/2020/X2,https://www.revisor.mn.gov/bills/bill.php?b=House&f=HF0040&ssn=2&y=2020
1373198,1757,HF41,1,Introduced,2020-07-13,"Minnesota Diversified Industries, Inc. grant funding provided, and money appropriated.","Minnesota Diversified Industries, Inc. grant funding provided, and money appropriated.",1767,"House Jobs and Economic Development Finance",2020-07-13,"Introduction and first reading, referred to Jobs and Economic Development Finance Division",https://legiscan.com/MN/bill/HF41/2020/X2,https://www.revisor.mn.gov/bills/bill.php?b=House&f=HF0041&ssn=2&y=2020
1373154,1757,HF42,1,Introduced,2020-07-13,"Public safety emergency response grant program alternative established to replace law enforcement responders when appropriate, and money appropriated.","Public safety emergency response grant program alternative established to replace law enforcement responders when appropriate, and money appropriated.",3810,"House Public Safety and Criminal Justice Reform Finance & Policy",2020-07-13,"Introduction and first reading, referred to Public Safety and Criminal Justice Reform Finance and Policy Division",https://legiscan.com/MN/bill/HF42/2020/X2,https://www.revisor.mn.gov/bills/bill.php?b=House&f=HF0042&ssn=2&y=2020
1373219,1757,HF43,1,Introduced,2020-07-13,"Military grade weapons acquisition from the Pentagon's 1033 program by units of government and law enforcement agencies prohibited.","Military grade weapons acquisition from the Pentagon's 1033 program by units of government and law enforcement agencies prohibited.",3810,"House Public Safety and Criminal Justice Reform Finance & Policy",2020-07-13,"Introduction and first reading, referred to Public Safety and Criminal Justice Reform Finance and Policy Division",https://legiscan.com/MN/bill/HF43/2020/X2,https://www.revisor.mn.gov/bills/bill.php?b=House&f=HF0043&ssn=2&y=2020
1373192,1757,HF44,1,Introduced,2020-07-13,"Independent School District No. 709, Duluth; levy authority transfer from long-term facilities maintenance revenue program to debt redemption fund authorized, debt service equalization aid provided for consolidating school districts facing unique circumstances, and long-term facilities maintenance revenue and capital levies allowed uses clarified.","Independent School District No. 709, Duluth; levy authority transfer from long-term facilities maintenance revenue program to debt redemption fund authorized, debt service equalization aid provided for consolidating school districts facing unique circumstances, and long-term facilities maintenance revenue and capital levies allowed uses clarified.",1758,"House Education Finance",2020-07-13,"Introduction and first reading, referred to Education Finance Division",https://legiscan.com/MN/bill/HF44/2020/X2,https://www.revisor.mn.gov/bills/bill.php?b=House&f=HF0044&ssn=2&y=2020
1373208,1757,HF45,1,Introduced,2020-07-13,"African American Registry grant funding provided, report required, and money appropriated.","African American Registry grant funding provided, report required, and money appropriated.",1758,"House Education Finance",2020-07-13,"Introduction and first reading, referred to Education Finance Division",https://legiscan.com/MN/bill/HF45/2020/X2,https://www.revisor.mn.gov/bills/bill.php?b=House&f=HF0045&ssn=2&y=2020
1373174,1757,HF46,1,Introduced,2020-07-13,"Minneapolis; community spaces and 311 and 911 facility construction funding provided, bonds issued, and money ppropriated.","Minneapolis; community spaces and 311 and 911 facility construction funding provided, bonds issued, and money ppropriated.",1755,"House Capital Investment",2020-07-20,"Author added Davnie",https://legiscan.com/MN/bill/HF46/2020/X2,https://www.revisor.mn.gov/bills/bill.php?b=House&f=HF0046&ssn=2&y=2020
1373177,1757,HF47,1,Introduced,2020-07-13,"Pine Technical and Community College funding provided, Minneapolis Community and Technical College manufacturing and trades training funding provided, bonds issued, and money appropriated.","Pine Technical and Community College funding provided, Minneapolis Community and Technical College manufacturing and trades training funding provided, bonds issued, and money appropriated.",1755,"House Capital Investment",2020-07-13,"Introduction and first reading, referred to Capital Investment Division",https://legiscan.com/MN/bill/HF47/2020/X2,https://www.revisor.mn.gov/bills/bill.php?b=House&f=HF0047&ssn=2&y=2020
1373150,1757,HF48,1,Introduced,2020-07-13,"Curriculum review and best practices sharing established, and money appropriated.","Curriculum review and best practices sharing established, and money appropriated.",2699,"House Education Policy",2020-07-13,"Introduction and first reading, referred to Education Policy",https://legiscan.com/MN/bill/HF48/2020/X2,https://www.revisor.mn.gov/bills/bill.php?b=House&f=HF0048&ssn=2&y=2020
1373217,1757,HF49,1,Introduced,2020-07-13,"School board implementation of flexible learning year programs without commissioner of education approval authorized.","School board implementation of flexible learning year programs without commissioner of education approval authorized.",2699,"House Education Policy",2020-07-20,"Author added Jurgens",https://legiscan.com/MN/bill/HF49/2020/X2,https://www.revisor.mn.gov/bills/bill.php?b=House&f=HF0049&ssn=2&y=2020
1373176,1757,HF50,1,Introduced,2020-07-13,"Academic standards review cycle suspended, and report required.","Academic standards review cycle suspended, and report required.",2699,"House Education Policy",2020-07-13,"Introduction and first reading, referred to Education Policy",https://legiscan.com/MN/bill/HF50/2020/X2,https://www.revisor.mn.gov/bills/bill.php?b=House&f=HF0050&ssn=2&y=2020
1373149,1757,HF51,1,Introduced,2020-07-13,"Teacher code of ethics codified in statute and code of ethics in rule repealed, and school district ethic complaints procedures required.","Teacher code of ethics codified in statute and code of ethics in rule repealed, and school district ethic complaints procedures required.",2699,"House Education Policy",2020-07-13,"Introduction and first reading, referred to Education Policy",https://legiscan.com/MN/bill/HF51/2020/X2,https://www.revisor.mn.gov/bills/bill.php?b=House&f=HF0051&ssn=2&y=2020
1373197,1757,HF52,1,Introduced,2020-07-13,"Mille Lacs County; area economic relief program loans forgiven.","Mille Lacs County; area economic relief program loans forgiven.",1767,"House Jobs and Economic Development Finance",2020-07-13,"Introduction and first reading, referred to Jobs and Economic Development Finance Division",https://legiscan.com/MN/bill/HF52/2020/X2,https://www.revisor.mn.gov/bills/bill.php?b=House&f=HF0052&ssn=2&y=2020
1373163,1757,HF53,1,Introduced,2020-07-13,"Nursing home licensing and certification moratorium exception established.","Nursing home licensing and certification moratorium exception established.",4043,"House Long-Term Care",2020-07-13,"Introduction and first reading, referred to Long-Term Care Division",https://legiscan.com/MN/bill/HF53/2020/X2,https://www.revisor.mn.gov/bills/bill.php?b=House&f=HF0053&ssn=2&y=2020
1373224,1757,HF54,1,Introduced,2020-07-13,"Douglas County; U.S. Highway 29 culvert construction funding provided, bonds issued, and money appropriated.","Douglas County; U.S. Highway 29 culvert construction funding provided, bonds issued, and money appropriated.",1755,"House Capital Investment",2020-07-13,"Introduction and first reading, referred to Capital Investment Division",https://legiscan.com/MN/bill/HF54/2020/X2,https://www.revisor.mn.gov/bills/bill.php?b=House&f=HF0054&ssn=2&y=2020
1373157,1757,HF55,1,Introduced,2020-07-13,"Protests of May and June 2020; government response investigatory commission created, and money appropriated.","Protests of May and June 2020; government response investigatory commission created, and money appropriated.",2702,"House Government Operations",2020-07-13,"Introduction and first reading, referred to Government Operations",https://legiscan.com/MN/bill/HF55/2020/X2,https://www.revisor.mn.gov/bills/bill.php?b=House&f=HF0055&ssn=2&y=2020
1373181,1757,HF56,1,Introduced,2020-07-13,"K-12 education expense tax credit and subtraction modified.","K-12 education expense tax credit and subtraction modified.",1774,"House Taxes",2020-07-13,"Introduction and first reading, referred to Taxes",https://legiscan.com/MN/bill/HF56/2020/X2,https://www.revisor.mn.gov/bills/bill.php?b=House&f=HF0056&ssn=2&y=2020
1373214,1757,HF57,1,Introduced,2020-07-13,"Choice scholarship program enrollment options for students created, and general education revenue authorized for nonpublic school use for transfer student.","Choice scholarship program enrollment options for students created, and general education revenue authorized for nonpublic school use for transfer student.",1758,"House Education Finance",2020-07-13,"Introduction and first reading, referred to Education Finance Division",https://legiscan.com/MN/bill/HF57/2020/X2,https://www.revisor.mn.gov/bills/bill.php?b=House&f=HF0057&ssn=2&y=2020
1373200,1757,HF58,1,Introduced,2020-07-13,"Innovation zone provisions modified.","Innovation zone provisions modified.",2699,"House Education Policy",2020-07-20,"Author added Robbins",https://legiscan.com/MN/bill/HF58/2020/X2,https://www.revisor.mn.gov/bills/bill.php?b=House&f=HF0058&ssn=2&y=2020
1373228,1757,HF59,1,Introduced,2020-07-13,"School board 2020-2021 school year attendance model authorized, parent-based distance learning program established, calendar modified, school district fund transfer flexibility extended, distance learning defined, report required, and money appropriated.","School board 2020-2021 school year attendance model authorized, parent-based distance learning program established, calendar modified, school district fund transfer flexibility extended, distance learning defined, report required, and money appropriated.",2699,"House Education Policy",2020-07-20,"Author added Fabian",https://legiscan.com/MN/bill/HF59/2020/X2,https://www.revisor.mn.gov/bills/bill.php?b=House&f=HF0059&ssn=2&y=2020
1373156,1757,HF60,1,Introduced,2020-07-13,"Quality public education fundamental right provided for all children, and constitutional amendment proposed.","Quality public education fundamental right provided for all children, and constitutional amendment proposed.",2699,"House Education Policy",2020-07-13,"Introduction and first reading, referred to Education Policy",https://legiscan.com/MN/bill/HF60/2020/X2,https://www.revisor.mn.gov/bills/bill.php?b=House&f=HF0060&ssn=2&y=2020
1373168,1757,HF61,1,Introduced,2020-07-13,"Tax credit for donations to fund K-12 scholarships provided.","Tax credit for donations to fund K-12 scholarships provided.",1774,"House Taxes",2020-07-13,"Introduction and first reading, referred to Taxes",https://legiscan.com/MN/bill/HF61/2020/X2,https://www.revisor.mn.gov/bills/bill.php?b=House&f=HF0061&ssn=2&y=2020
1373206,1757,HF62,1,Introduced,2020-07-13,"Tax; education-related expense definition expanded for education expense subtraction and credit to include broadband subscription expenses.","Tax; education-related expense definition expanded for education expense subtraction and credit to include broadband subscription expenses.",1774,"House Taxes",2020-07-13,"Introduction and first reading, referred to Taxes",https://legiscan.com/MN/bill/HF62/2020/X2,https://www.revisor.mn.gov/bills/bill.php?b=House&f=HF0062&ssn=2&y=2020
1373337,1757,HF63,1,Introduced,2020-07-14,"African American Registry grant funding provided, report required, and money appropriated.","African American Registry grant funding provided, report required, and money appropriated.",1758,"House Education Finance",2020-07-14,"Introduction and first reading, referred to Education Finance Division",https://legiscan.com/MN/bill/HF63/2020/X2,https://www.revisor.mn.gov/bills/bill.php?b=House&f=HF0063&ssn=2&y=2020
1373327,1757,HF64,1,Introduced,2020-07-14,"Prescription contraceptive supply requirements established; health plan coverage of contraceptive methods, sterilization, patient education, counseling, and related services required; and eligible organizations accommodations established.","Prescription contraceptive supply requirements established; health plan coverage of contraceptive methods, sterilization, patient education, counseling, and related services required; and eligible organizations accommodations established.",2703,"House Health and Human Services Policy",2020-07-20,"Authors added Jordan, Bernardy",https://legiscan.com/MN/bill/HF64/2020/X2,https://www.revisor.mn.gov/bills/bill.php?b=House&f=HF0064&ssn=2&y=2020
1373341,1757,HF65,1,Introduced,2020-07-14,"Legislator prohibited from being employed by or receiving compensation from lobbying business.","Legislator prohibited from being employed by or receiving compensation from lobbying business.",1771,"House Rules and Legislative Administration",2020-07-20,"Author added Bahr",https://legiscan.com/MN/bill/HF65/2020/X2,https://www.revisor.mn.gov/bills/bill.php?b=House&f=HF0065&ssn=2&y=2020
1373347,1757,HF66,1,Introduced,2020-07-14,"Madison Lake; water and lighting infrastructure funding provided, bonds issued, and money appropriated.","Madison Lake; water and lighting infrastructure funding provided, bonds issued, and money appropriated.",1755,"House Capital Investment",2020-07-14,"Introduction and first reading, referred to Capital Investment Division",https://legiscan.com/MN/bill/HF66/2020/X2,https://www.revisor.mn.gov/bills/bill.php?b=House&f=HF0066&ssn=2&y=2020
1373335,1757,HF67,1,Introduced,2020-07-14,"Ammonia production pilot demonstration project funding provided, Mountain Iron Economic Development Authority grant funding provided to expand a building, and money appropriated.","Ammonia production pilot demonstration project funding provided, Mountain Iron Economic Development Authority grant funding provided to expand a building, and money appropriated.",3909,"House Energy and Climate Finance and Policy",2020-07-14,"Introduction and first reading, referred to Energy and Climate Finance and Policy Division",https://legiscan.com/MN/bill/HF67/2020/X2,https://www.revisor.mn.gov/bills/bill.php?b=House&f=HF0067&ssn=2&y=2020
1373318,1757,HF68,1,Introduced,2020-07-14,"St. Paul; Southeast Asian Language Job Training Facility appropriation modified.","St. Paul; Southeast Asian Language Job Training Facility appropriation modified.",1767,"House Jobs and Economic Development Finance",2020-07-14,"Introduction and first reading, referred to Jobs and Economic Development Finance Division",https://legiscan.com/MN/bill/HF68/2020/X2,https://www.revisor.mn.gov/bills/bill.php?b=House&f=HF0068&ssn=2&y=2020
1373332,1757,HF69,1,Introduced,2020-07-14,"Reading proficiency and literacy incentive aid requirements modified, and report required.","Reading proficiency and literacy incentive aid requirements modified, and report required.",2699,"House Education Policy",2020-07-14,"Introduction and first reading, referred to Education Policy",https://legiscan.com/MN/bill/HF69/2020/X2,https://www.revisor.mn.gov/bills/bill.php?b=House&f=HF0069&ssn=2&y=2020
1373345,1757,HF70,1,Introduced,2020-07-14,"2020 Workers' Compensation Advisory Council recommendations adopted.","2020 Workers' Compensation Advisory Council recommendations adopted.",3805,"House Labor",2020-07-14,"Introduction and first reading, referred to Labor",https://legiscan.com/MN/bill/HF70/2020/X2,https://www.revisor.mn.gov/bills/bill.php?b=House&f=HF0070&ssn=2&y=2020
1373324,1757,HF71,1,Introduced,2020-07-14,"COVID-19; real estate document notarization use of video appearance authorized.","COVID-19; real estate document notarization use of video appearance authorized.",3809,"House Commerce",2020-07-20,"Committee report, to adopt as amended and re-refer to Commerce",https://legiscan.com/MN/bill/HF71/2020/X2,https://www.revisor.mn.gov/bills/bill.php?b=House&f=HF0071&ssn=2&y=2020
1373320,1757,HF72,1,Introduced,2020-07-14,"Future unrestricted general fund surplus dollars allocated, bioincentive program funding provided, and money appropriated.","Future unrestricted general fund surplus dollars allocated, bioincentive program funding provided, and money appropriated.",3909,"House Energy and Climate Finance and Policy",2020-07-14,"Introduction and first reading, referred to Energy and Climate Finance and Policy Division",https://legiscan.com/MN/bill/HF72/2020/X2,https://www.revisor.mn.gov/bills/bill.php?b=House&f=HF0072&ssn=2&y=2020
1373321,1757,HF73,1,Introduced,2020-07-14,"State flag and state seal redesign commission created, and report required.","State flag and state seal redesign commission created, and report required.",2702,"House Government Operations",2020-07-20,"Author added Jordan",https://legiscan.com/MN/bill/HF73/2020/X2,https://www.revisor.mn.gov/bills/bill.php?b=House&f=HF0073&ssn=2&y=2020
1373331,1757,HF74,1,Introduced,2020-07-14,"Veteran stable housing initiative establishment allowed, GI Bill technical changes made, dental services and adult day care programs provision to veterans authorized, and certain data classified.","Veteran stable housing initiative establishment allowed, GI Bill technical changes made, dental services and adult day care programs provision to veterans authorized, and certain data classified.",3827,"House Veterans and Military Affairs Finance & Policy",2020-07-14,"Introduction and first reading, referred to Veterans and Military Affairs Finance and Policy Division",https://legiscan.com/MN/bill/HF74/2020/X2,https://www.revisor.mn.gov/bills/bill.php?b=House&f=HF0074&ssn=2&y=2020
1373336,1757,HF75,1,Introduced,2020-07-14,"GI Bill technical changes made.","GI Bill technical changes made.",3827,"House Veterans and Military Affairs Finance & Policy",2020-07-20,"Author added Bernardy",https://legiscan.com/MN/bill/HF75/2020/X2,https://www.revisor.mn.gov/bills/bill.php?b=House&f=HF0075&ssn=2&y=2020
1373323,1757,HF76,1,Introduced,2020-07-14,"Commissioner of veteran's affairs establishment of veteran adult day care program authorized.","Commissioner of veteran's affairs establishment of veteran adult day care program authorized.",3827,"House Veterans and Military Affairs Finance & Policy",2020-07-20,"Author added Bernardy",https://legiscan.com/MN/bill/HF76/2020/X2,https://www.revisor.mn.gov/bills/bill.php?b=House&f=HF0076&ssn=2&y=2020
1373315,1757,HF77,1,Introduced,2020-07-14,"Commissioner of veterans affairs establishment of veterans stable housing initiative authorized, homeless veterans data classified, and data sharing authorized.","Commissioner of veterans affairs establishment of veterans stable housing initiative authorized, homeless veterans data classified, and data sharing authorized.",3827,"House Veterans and Military Affairs Finance & Policy",2020-07-14,"Introduction and first reading, referred to Veterans and Military Affairs Finance and Policy Division",https://legiscan.com/MN/bill/HF77/2020/X2,https://www.revisor.mn.gov/bills/bill.php?b=House&f=HF0077&ssn=2&y=2020
1373330,1757,HF78,1,Introduced,2020-07-14,"Dental service provision for veteran home residents authorized.","Dental service provision for veteran home residents authorized.",3827,"House Veterans and Military Affairs Finance & Policy",2020-07-20,"Author added Bernardy",https://legiscan.com/MN/bill/HF78/2020/X2,https://www.revisor.mn.gov/bills/bill.php?b=House&f=HF0078&ssn=2&y=2020
1373343,1757,HF79,1,Introduced,2020-07-14,"COVID-19; sale of state property directed.","COVID-19; sale of state property directed.",1772,"House State Government Finance",2020-07-14,"Introduction and first reading, referred to State Government Finance Division",https://legiscan.com/MN/bill/HF79/2020/X2,https://www.revisor.mn.gov/bills/bill.php?b=House&f=HF0079&ssn=2&y=2020
1373350,1757,HF80,1,Introduced,2020-07-14,"COVID-19; day program and employment service provider fixed-cost reimbursement rate temporarily established.","COVID-19; day program and employment service provider fixed-cost reimbursement rate temporarily established.",1764,"House Health and Human Services Finance",2020-07-20,"Author added Haley",https://legiscan.com/MN/bill/HF80/2020/X2,https://www.revisor.mn.gov/bills/bill.php?b=House&f=HF0080&ssn=2&y=2020
1373333,1757,HF81,1,Introduced,2020-07-14,"Legislature permitted to terminate any order or rule promulgated by governor if peacetime emergency is continued for mroe than 30 days.","Legislature permitted to terminate any order or rule promulgated by governor if peacetime emergency is continued for mroe than 30 days.",2702,"House Government Operations",2020-07-20,"Authors added Robbins, Boe, Erickson",https://legiscan.com/MN/bill/HF81/2020/X2,https://www.revisor.mn.gov/bills/bill.php?b=House&f=HF0081&ssn=2&y=2020
1373317,1757,HF82,1,Introduced,2020-07-14,"County reporting requirements established for counties that impose transportation sales and use tax, and report required.","County reporting requirements established for counties that impose transportation sales and use tax, and report required.",1776,"House Transportation Finance and Policy",2020-07-14,"Introduction and first reading, referred to Transportation Finance and Policy Division",https://legiscan.com/MN/bill/HF82/2020/X2,https://www.revisor.mn.gov/bills/bill.php?b=House&f=HF0082&ssn=2&y=2020
1373344,1757,HF83,1,Introduced,2020-07-14,"Public Employment Relations Board abolished.","Public Employment Relations Board abolished.",2702,"House Government Operations",2020-07-14,"Introduction and first reading, referred to Government Operations",https://legiscan.com/MN/bill/HF83/2020/X2,https://www.revisor.mn.gov/bills/bill.php?b=House&f=HF0083&ssn=2&y=2020
1373319,1757,HF84,1,Introduced,2020-07-14,"COVID-19; various provisions modified, including electronic monitoring requirements, Board of Executives for Long-Term Service and Support fees, long-term care setting infection control requirements, hospice and assisted living bills of rights; and money appropriated.","COVID-19; various provisions modified, including electronic monitoring requirements, Board of Executives for Long-Term Service and Support fees, long-term care setting infection control requirements, hospice and assisted living bills of rights; and money appropriated.",4043,"House Long-Term Care",2020-07-20,"Authors added Becker-Finn, Moller, Bernardy",https://legiscan.com/MN/bill/HF84/2020/X2,https://www.revisor.mn.gov/bills/bill.php?b=House&f=HF0084&ssn=2&y=2020
1373340,1757,HF85,1,Introduced,2020-07-14,"Traffic law enforcement searchable database established, and report required.","Traffic law enforcement searchable database established, and report required.",1776,"House Transportation Finance and Policy",2020-07-20,"Authors added Jordan, Hornstein",https://legiscan.com/MN/bill/HF85/2020/X2,https://www.revisor.mn.gov/bills/bill.php?b=House&f=HF0085&ssn=2&y=2020
1373334,1757,HF86,1,Introduced,2020-07-14,"Law enforcement prohibited from using tear gas, chemical weapons, and kinetic energy munitions.","Law enforcement prohibited from using tear gas, chemical weapons, and kinetic energy munitions.",3810,"House Public Safety and Criminal Justice Reform Finance & Policy",2020-07-14,"Introduction and first reading, referred to Public Safety and Criminal Justice Reform Finance and Policy Division",https://legiscan.com/MN/bill/HF86/2020/X2,https://www.revisor.mn.gov/bills/bill.php?b=House&f=HF0086&ssn=2&y=2020
1373316,1757,HF87,1,Introduced,2020-07-14,"Peace officer professional liability insurance required, and peace officer liability established.","Peace officer professional liability insurance required, and peace officer liability established.",3810,"House Public Safety and Criminal Justice Reform Finance & Policy",2020-07-20,"Author added Jordan",https://legiscan.com/MN/bill/HF87/2020/X2,https://www.revisor.mn.gov/bills/bill.php?b=House&f=HF0087&ssn=2&y=2020
1373328,1757,HF88,1,Introduced,2020-07-14,"Law enforcement use of tear gas for crowd control prohibited.","Law enforcement use of tear gas for crowd control prohibited.",3810,"House Public Safety and Criminal Justice Reform Finance & Policy",2020-07-20,"Authors added Freiberg, Jordan",https://legiscan.com/MN/bill/HF88/2020/X2,https://www.revisor.mn.gov/bills/bill.php?b=House&f=HF0088&ssn=2&y=2020
1373348,1757,HF89,1,Introduced,2020-07-14,"Homeless encampment navigation center funding provided, and money appropriated.","Homeless encampment navigation center funding provided, and money appropriated.",2704,"House Housing Finance and Policy",2020-07-14,"Introduction and first reading, referred to Housing Finance and Policy Division",https://legiscan.com/MN/bill/HF89/2020/X2,https://www.revisor.mn.gov/bills/bill.php?b=House&f=HF0089&ssn=2&y=2020
1373338,1757,HF90,1,Introduced,2020-07-14,"Peace officers and law enforcement agencies duties imposed regarding deadly force video and audio recordings, and civil remedy provided.","Peace officers and law enforcement agencies duties imposed regarding deadly force video and audio recordings, and civil remedy provided.",3810,"House Public Safety and Criminal Justice Reform Finance & Policy",2020-07-14,"Introduction and first reading, referred to Public Safety and Criminal Justice Reform Finance and Policy Division",https://legiscan.com/MN/bill/HF90/2020/X2,https://www.revisor.mn.gov/bills/bill.php?b=House&f=HF0090&ssn=2&y=2020
1373325,1757,HF91,1,Introduced,2020-07-14,"Direct injectable drugs for medical assistance conditions reimbursement provisions modified.","Direct injectable drugs for medical assistance conditions reimbursement provisions modified.",1764,"House Health and Human Services Finance",2020-07-14,"Introduction and first reading, referred to Health and Human Services Finance Division",https://legiscan.com/MN/bill/HF91/2020/X2,https://www.revisor.mn.gov/bills/bill.php?b=House&f=HF0091&ssn=2&y=2020
1373314,1757,HF92,1,Introduced,2020-07-14,"Housing bond issuance extension provided.","Housing bond issuance extension provided.",1777,"House Ways and Means",2020-07-14,"Introduction and first reading, referred to Ways and Means",https://legiscan.com/MN/bill/HF92/2020/X2,https://www.revisor.mn.gov/bills/bill.php?b=House&f=HF0092&ssn=2&y=2020
1373635,1757,HF93,1,Introduced,2020-07-20,"Unemployment insurance benefits extended to school employees.","Unemployment insurance benefits extended to school employees.",1767,"House Jobs and Economic Development Finance",2020-07-20,"Introduction and first reading, referred to Jobs and Economic Development Finance Division",https://legiscan.com/MN/bill/HF93/2020/X2,https://www.revisor.mn.gov/bills/bill.php?b=House&f=HF0093&ssn=2&y=2020
1373641,1757,HF94,1,Introduced,2020-07-20,"Short-call substitute teacher pilot program established, and report required.","Short-call substitute teacher pilot program established, and report required.",2699,"House Education Policy",2020-07-20,"Introduction and first reading, referred to Education Policy",https://legiscan.com/MN/bill/HF94/2020/X2,https://www.revisor.mn.gov/bills/bill.php?b=House&f=HF0094&ssn=2&y=2020
1373638,1757,HF95,1,Introduced,2020-07-20,"Wood pellet production financial incentive program established, and money appropriated.","Wood pellet production financial incentive program established, and money appropriated.",3909,"House Energy and Climate Finance and Policy",2020-07-20,"Introduction and first reading, referred to Energy and Climate Finance and Policy Division",https://legiscan.com/MN/bill/HF95/2020/X2,https://www.revisor.mn.gov/bills/bill.php?b=House&f=HF0095&ssn=2&y=2020
1373658,1757,HF96,1,Introduced,2020-07-20,"Education; classroom placement and school attendance provisions modified, academic achievement rating system established, teacher code of ethics in statute codified and repealed in rule, school meal policies modified, teacher licensure provisions modified, and school employee contracts restricted.","Education; classroom placement and school attendance provisions modified, academic achievement rating system established, teacher code of ethics in statute codified and repealed in rule, school meal policies modified, teacher licensure provisions modified, and school employee contracts restricted.",2699,"House Education Policy",2020-07-20,"Introduction and first reading, referred to Education Policy",https://legiscan.com/MN/bill/HF96/2020/X2,https://www.revisor.mn.gov/bills/bill.php?b=House&f=HF0096&ssn=2&y=2020
1373660,1757,HF97,1,Introduced,2020-07-20,"Falsely reporting police misconduct crime repealed.","Falsely reporting police misconduct crime repealed.",3810,"House Public Safety and Criminal Justice Reform Finance & Policy",2020-07-20,"Introduction and first reading, referred to Public Safety and Criminal Justice Reform Finance and Policy Division",https://legiscan.com/MN/bill/HF97/2020/X2,https://www.revisor.mn.gov/bills/bill.php?b=House&f=HF0097&ssn=2&y=2020
1373646,1757,HF98,1,Introduced,2020-07-20,"No-knock search warrants regulated.","No-knock search warrants regulated.",3810,"House Public Safety and Criminal Justice Reform Finance & Policy",2020-07-20,"Introduction and first reading, referred to Public Safety and Criminal Justice Reform Finance and Policy Division",https://legiscan.com/MN/bill/HF98/2020/X2,https://www.revisor.mn.gov/bills/bill.php?b=House&f=HF0098&ssn=2&y=2020
1373651,1757,HF99,1,Introduced,2020-07-20,"911 telecommunicator working group established to create statewide training and certification standards, and report required.","911 telecommunicator working group established to create statewide training and certification standards, and report required.",3810,"House Public Safety and Criminal Justice Reform Finance & Policy",2020-07-20,"Author added Bernardy",https://legiscan.com/MN/bill/HF99/2020/X2,https://www.revisor.mn.gov/bills/bill.php?b=House&f=HF0099&ssn=2&y=2020
1373134,1757,HR1,4,Passed,2020-07-20,"A resolution declaring racism a public health crisis.","A resolution declaring racism a public health crisis.",0,,2020-07-20,"Authors added Becker-Finn, Sandell",https://legiscan.com/MN/bill/HR1/2020/X2,https://www.revisor.mn.gov/bills/bill.php?b=House&f=HR0001&ssn=2&y=2020
1373140,1757,HC1,1,Introduced,2020-07-13,"COVID-19; a house concurrent resolution terminating the peacetime emergency.","COVID-19; a house concurrent resolution terminating the peacetime emergency.",0,,2020-07-14,"Motion did not prevail",https://legiscan.com/MN/bill/HC1/2020/X2,https://www.revisor.mn.gov/bills/bill.php?b=House&f=HC0001&ssn=2&y=2020
1373339,1757,HC2,1,Introduced,2020-07-14,"COVID-19; a house concurrent resolution terminating the peacetime emergency.","COVID-19; a house concurrent resolution terminating the peacetime emergency.",1771,"House Rules and Legislative Administration",2020-07-14,"Resolution referred to Rules and Legislative Administration",https://legiscan.com/MN/bill/HC2/2020/X2,https://www.revisor.mn.gov/bills/bill.php?b=House&f=HC0002&ssn=2&y=2020
1373116,1757,SF1,1,Introduced,2020-07-13,"Secondary students unemployment insurance temporary eligibility modification and appropriation","Secondary students unemployment insurance temporary eligibility modification and appropriation",0,,2020-07-20,"Laid on table",https://legiscan.com/MN/bill/SF1/2020/X2,https://www.revisor.mn.gov/bills/bill.php?b=Senate&f=SF0001&ssn=2&y=2020
1373131,1757,SF2,2,Engrossed,2020-07-14,"Dental providers one-time medical assistance (MA) payment for personal protection equipment (PPE) used during COVID pandemic appropriation","Dental providers one-time medical assistance (MA) payment for personal protection equipment (PPE) used during COVID pandemic appropriation",0,,2020-07-20,"Second reading",https://legiscan.com/MN/bill/SF2/2020/X2,https://www.revisor.mn.gov/bills/bill.php?b=Senate&f=SF0002&ssn=2&y=2020
1373142,1757,SF3,1,Introduced,2020-07-13,"School reopening grants appropriation","School reopening grants appropriation",0,,2020-07-20,"Laid on table",https://legiscan.com/MN/bill/SF3/2020/X2,https://www.revisor.mn.gov/bills/bill.php?b=Senate&f=SF0003&ssn=2&y=2020
1373095,1757,SF4,4,Passed,2020-07-23,"Driver's license knowledge testing online implementation requirement; driver exam no-show fee imposition; driving schools exam slots reservation prohibition; road testing backlog report requirement","Driver's license knowledge testing online implementation requirement; driver exam no-show fee imposition; driving schools exam slots reservation prohibition; road testing backlog report requirement",0,,2020-07-23,"Secretary of State, Filed ",https://legiscan.com/MN/bill/SF4/2020/X2,https://www.revisor.mn.gov/bills/bill.php?b=Senate&f=SF0004&ssn=2&y=2020
1373111,1757,SF5,1,Introduced,2020-07-13,"COVID-19 long-term care settings screening programs requirement and appropriation","COVID-19 long-term care settings screening programs requirement and appropriation",0,,2020-07-20,"Laid on table",https://legiscan.com/MN/bill/SF5/2020/X2,https://www.revisor.mn.gov/bills/bill.php?b=Senate&f=SF0005&ssn=2&y=2020
1373098,1757,SF6,1,Introduced,2020-07-13,"India Day observance establishment","India Day observance establishment",0,,2020-07-20,"Laid on table",https://legiscan.com/MN/bill/SF6/2020/X2,https://www.revisor.mn.gov/bills/bill.php?b=Senate&f=SF0006&ssn=2&y=2020
1373132,1757,SF7,1,Introduced,2020-07-13,"COVID-19 peacetime emergency modification extension to economic assistance program application requirements","COVID-19 peacetime emergency modification extension to economic assistance program application requirements",0,,2020-07-20,"Laid on table",https://legiscan.com/MN/bill/SF7/2020/X2,https://www.revisor.mn.gov/bills/bill.php?b=Senate&f=SF0007&ssn=2&y=2020
1373122,1757,SF8,1,Introduced,2020-07-13,"COVID-19 distance learning funding program and telemedicine equipment purchase grant program establishment and appropriation","COVID-19 distance learning funding program and telemedicine equipment purchase grant program establishment and appropriation",0,,2020-07-20,"Laid on table",https://legiscan.com/MN/bill/SF8/2020/X2,https://www.revisor.mn.gov/bills/bill.php?b=Senate&f=SF0008&ssn=2&y=2020
1373102,1757,SF9,1,Introduced,2020-07-13,"COVID-19 distance learning funding program and telemedicine equipment purchase grant program establishment and appropriation","COVID-19 distance learning funding program and telemedicine equipment purchase grant program establishment and appropriation",0,,2020-07-20,"Laid on table",https://legiscan.com/MN/bill/SF9/2020/X2,https://www.revisor.mn.gov/bills/bill.php?b=Senate&f=SF0009&ssn=2&y=2020
1373107,1757,SF10,1,Introduced,2020-07-13,"Income and corporate franchise, special taxes and property taxes modification","Income and corporate franchise, special taxes and property taxes modification",0,,2020-07-20,"Laid on table",https://legiscan.com/MN/bill/SF10/2020/X2,https://www.revisor.mn.gov/bills/bill.php?b=Senate&f=SF0010&ssn=2&y=2020
1373144,1757,SF11,1,Introduced,2020-07-13,"Safe routes to school grant program bond issue and appropriation","Safe routes to school grant program bond issue and appropriation",0,,2020-07-20,"Laid on table",https://legiscan.com/MN/bill/SF11/2020/X2,https://www.revisor.mn.gov/bills/bill.php?b=Senate&f=SF0011&ssn=2&y=2020
1373135,1757,SF12,2,Engrossed,2020-07-14,"Disability service providers retention grants establishment; customized living quality improvement grants modification; COVID-19 peacetime emergency modification to economic assistance program application requirements extension; appropriation","Disability service providers retention grants establishment; customized living quality improvement grants modification; COVID-19 peacetime emergency modification to economic assistance program application requirements extension; appropriation",0,,2020-07-20,"Second reading",https://legiscan.com/MN/bill/SF12/2020/X2,https://www.revisor.mn.gov/bills/bill.php?b=Senate&f=SF0012&ssn=2&y=2020
1373106,1757,SF13,1,Introduced,2020-07-13,"Public employment relations board abolishment","Public employment relations board abolishment",1750,"Senate Rules and Administration",2020-07-13,"Referred to Rules and Administration",https://legiscan.com/MN/bill/SF13/2020/X2,https://www.revisor.mn.gov/bills/bill.php?b=Senate&f=SF0013&ssn=2&y=2020
1373104,1757,SF14,1,Introduced,2020-07-13,"Direct injectable drugs under medical assistance (MA) reimbursement provisions modification","Direct injectable drugs under medical assistance (MA) reimbursement provisions modification",1750,"Senate Rules and Administration",2020-07-13,"Referred to Rules and Administration",https://legiscan.com/MN/bill/SF14/2020/X2,https://www.revisor.mn.gov/bills/bill.php?b=Senate&f=SF0014&ssn=2&y=2020
1373119,1757,SF15,1,Introduced,2020-07-13,"Vehicle emissions standards moratorium adoption","Vehicle emissions standards moratorium adoption",1750,"Senate Rules and Administration",2020-07-13,"Referred to Rules and Administration",https://legiscan.com/MN/bill/SF15/2020/X2,https://www.revisor.mn.gov/bills/bill.php?b=Senate&f=SF0015&ssn=2&y=2020
1373109,1757,SF16,1,Introduced,2020-07-13,"COVID-19 workers compensation reimbursement fund creation","COVID-19 workers compensation reimbursement fund creation",1750,"Senate Rules and Administration",2020-07-13,"Referred to Rules and Administration",https://legiscan.com/MN/bill/SF16/2020/X2,https://www.revisor.mn.gov/bills/bill.php?b=Senate&f=SF0016&ssn=2&y=2020
1373114,1757,SF17,1,Introduced,2020-07-13,"Miscellaneous education finance provisions modification","Miscellaneous education finance provisions modification",1750,"Senate Rules and Administration",2020-07-20,"Author added Dahms",https://legiscan.com/MN/bill/SF17/2020/X2,https://www.revisor.mn.gov/bills/bill.php?b=Senate&f=SF0017&ssn=2&y=2020
1373145,1757,SF18,1,Introduced,2020-07-13,"Economic development grant programs during a peacetime emergency exceptions authorizations","Economic development grant programs during a peacetime emergency exceptions authorizations",1750,"Senate Rules and Administration",2020-07-13,"Referred to Rules and Administration",https://legiscan.com/MN/bill/SF18/2020/X2,https://www.revisor.mn.gov/bills/bill.php?b=Senate&f=SF0018&ssn=2&y=2020
1373108,1757,SF19,1,Introduced,2020-07-13,"Background checks for teacher license modification","Background checks for teacher license modification",1750,"Senate Rules and Administration",2020-07-13,"Referred to Rules and Administration",https://legiscan.com/MN/bill/SF19/2020/X2,https://www.revisor.mn.gov/bills/bill.php?b=Senate&f=SF0019&ssn=2&y=2020
1373139,1757,SF20,1,Introduced,2020-07-13,"Collaborative urban and greater Minnesota educators of color grant program eligibility modification, hiring bonuses authorization and appropriation","Collaborative urban and greater Minnesota educators of color grant program eligibility modification, hiring bonuses authorization and appropriation",1750,"Senate Rules and Administration",2020-07-13,"Referred to Rules and Administration",https://legiscan.com/MN/bill/SF20/2020/X2,https://www.revisor.mn.gov/bills/bill.php?b=Senate&f=SF0020&ssn=2&y=2020
1373100,1757,SF21,1,Introduced,2020-07-13,"Language Essentials for Teachers of Reading and Spelling (LETRS) grants appropriation","Language Essentials for Teachers of Reading and Spelling (LETRS) grants appropriation",1750,"Senate Rules and Administration",2020-07-13,"Referred to Rules and Administration",https://legiscan.com/MN/bill/SF21/2020/X2,https://www.revisor.mn.gov/bills/bill.php?b=Senate&f=SF0021&ssn=2&y=2020
1373129,1757,SF22,1,Introduced,2020-07-13,"COVID-19 workers compensation reinsurance association reimbursement; CAMPUS plan submission date extension","COVID-19 workers compensation reinsurance association reimbursement; CAMPUS plan submission date extension",1750,"Senate Rules and Administration",2020-07-13,"Referred to Rules and Administration",https://legiscan.com/MN/bill/SF22/2020/X2,https://www.revisor.mn.gov/bills/bill.php?b=Senate&f=SF0022&ssn=2&y=2020
1373125,1757,SF23,1,Introduced,2020-07-13,"Nursing home licensing and certification moratorium exception","Nursing home licensing and certification moratorium exception",1750,"Senate Rules and Administration",2020-07-13,"Referred to Rules and Administration",https://legiscan.com/MN/bill/SF23/2020/X2,https://www.revisor.mn.gov/bills/bill.php?b=Senate&f=SF0023&ssn=2&y=2020
1373193,1757,SF24,1,Introduced,2020-07-13,"Alec Smith Insulin Affordability Act modification and appropriation","Alec Smith Insulin Affordability Act modification and appropriation",0,,2020-07-20,"Laid on table",https://legiscan.com/MN/bill/SF24/2020/X2,https://www.revisor.mn.gov/bills/bill.php?b=Senate&f=SF0024&ssn=2&y=2020
1373169,1757,SF25,1,Introduced,2020-07-13,"Missing and Murdered Indigenous Women Task Force reporting and appropriation use extension","Missing and Murdered Indigenous Women Task Force reporting and appropriation use extension",0,,2020-07-20,"Laid on table",https://legiscan.com/MN/bill/SF25/2020/X2,https://www.revisor.mn.gov/bills/bill.php?b=Senate&f=SF0025&ssn=2&y=2020
1373231,1757,SF26,1,Introduced,2020-07-13,"Income and corporate franchise, special taxes and property taxes modification","Income and corporate franchise, special taxes and property taxes modification",0,,2020-07-20,"Laid on table",https://legiscan.com/MN/bill/SF26/2020/X2,https://www.revisor.mn.gov/bills/bill.php?b=Senate&f=SF0026&ssn=2&y=2020
1373202,1757,SF27,1,Introduced,2020-07-13,"Public employment relations board effective date extension","Public employment relations board effective date extension",1750,"Senate Rules and Administration",2020-07-13,"Referred to Rules and Administration",https://legiscan.com/MN/bill/SF27/2020/X2,https://www.revisor.mn.gov/bills/bill.php?b=Senate&f=SF0027&ssn=2&y=2020
1373162,1757,SF28,1,Introduced,2020-07-13,"Lake Mille Lacs area economic relief program loans forgiveness","Lake Mille Lacs area economic relief program loans forgiveness",1750,"Senate Rules and Administration",2020-07-13,"Referred to Rules and Administration",https://legiscan.com/MN/bill/SF28/2020/X2,https://www.revisor.mn.gov/bills/bill.php?b=Senate&f=SF0028&ssn=2&y=2020
1373223,1757,SF29,1,Introduced,2020-07-13,"Minnesota Diversified Industries, Inc. appropriation","Minnesota Diversified Industries, Inc. appropriation",1750,"Senate Rules and Administration",2020-07-13,"Referred to Rules and Administration",https://legiscan.com/MN/bill/SF29/2020/X2,https://www.revisor.mn.gov/bills/bill.php?b=Senate&f=SF0029&ssn=2&y=2020
1373152,1757,SF30,1,Introduced,2020-07-13,"Providing Resources, Opportunity, and Maximizing Investments in Striving Entrepreneurs (PROMISE) Act; community repair panel, redevelopment and relief programs, Metropolitan Area Redevelopment Corporation; sales and use tax, and Civil Unrest Investigatory Commission establishment; appropriation","Providing Resources, Opportunity, and Maximizing Investments in Striving Entrepreneurs (PROMISE) Act; community repair panel, redevelopment and relief programs, Metropolitan Area Redevelopment Corporation; sales and use tax, and Civil Unrest Investigatory Commission establishment; appropriation",1750,"Senate Rules and Administration",2020-07-13,"Referred to Rules and Administration",https://legiscan.com/MN/bill/SF30/2020/X2,https://www.revisor.mn.gov/bills/bill.php?b=Senate&f=SF0030&ssn=2&y=2020
1373166,1757,SF31,1,Introduced,2020-07-13,"Prekindergarten through grade 12 education policy modifications","Prekindergarten through grade 12 education policy modifications",1750,"Senate Rules and Administration",2020-07-13,"Referred to Rules and Administration",https://legiscan.com/MN/bill/SF31/2020/X2,https://www.revisor.mn.gov/bills/bill.php?b=Senate&f=SF0031&ssn=2&y=2020
1373205,1757,SF32,1,Introduced,2020-07-13,"St. Paul Southeast Asian language job training facility appropriation modification","St. Paul Southeast Asian language job training facility appropriation modification",1750,"Senate Rules and Administration",2020-07-13,"Referred to Rules and Administration",https://legiscan.com/MN/bill/SF32/2020/X2,https://www.revisor.mn.gov/bills/bill.php?b=Senate&f=SF0032&ssn=2&y=2020
1373229,1757,SF33,1,Introduced,2020-07-13,"Military veteran offenders restorative justice sentence guidance to courts provisions","Military veteran offenders restorative justice sentence guidance to courts provisions",0,,2020-07-20,"Motion did not prevail to withdraw from committee and lay on table",https://legiscan.com/MN/bill/SF33/2020/X2,https://www.revisor.mn.gov/bills/bill.php?b=Senate&f=SF0033&ssn=2&y=2020
1373190,1757,SF34,1,Introduced,2020-07-13,"Hospital discharge of patients to long-term care facilities requirements establishment","Hospital discharge of patients to long-term care facilities requirements establishment",1750,"Senate Rules and Administration",2020-07-13,"Referred to Rules and Administration",https://legiscan.com/MN/bill/SF34/2020/X2,https://www.revisor.mn.gov/bills/bill.php?b=Senate&f=SF0034&ssn=2&y=2020
1373186,1757,SF35,1,Introduced,2020-07-13,"Health plans to cover contraceptive methods, sterilization, and related medical services requirement","Health plans to cover contraceptive methods, sterilization, and related medical services requirement",1750,"Senate Rules and Administration",2020-07-13,"Referred to Rules and Administration",https://legiscan.com/MN/bill/SF35/2020/X2,https://www.revisor.mn.gov/bills/bill.php?b=Senate&f=SF0035&ssn=2&y=2020
1373210,1757,SF36,1,Introduced,2020-07-13,"Miscellaneous health provisions modification","Miscellaneous health provisions modification",1750,"Senate Rules and Administration",2020-07-13,"Author added Hayden",https://legiscan.com/MN/bill/SF36/2020/X2,https://www.revisor.mn.gov/bills/bill.php?b=Senate&f=SF0036&ssn=2&y=2020
1373237,1757,SF37,1,Introduced,2020-07-13,"Miscellaneous public safety provisions modification","Miscellaneous public safety provisions modification",1750,"Senate Rules and Administration",2020-07-20,"Author added Relph",https://legiscan.com/MN/bill/SF37/2020/X2,https://www.revisor.mn.gov/bills/bill.php?b=Senate&f=SF0037&ssn=2&y=2020
1373246,1757,SF38,1,Introduced,2020-07-13,"Ban the box law expansion to include boards, commissions and similar entities","Ban the box law expansion to include boards, commissions and similar entities",1750,"Senate Rules and Administration",2020-07-13,"Referred to Rules and Administration",https://legiscan.com/MN/bill/SF38/2020/X2,https://www.revisor.mn.gov/bills/bill.php?b=Senate&f=SF0038&ssn=2&y=2020
1373243,1757,SF39,1,Introduced,2020-07-13,"Real estate documentation notarization; appearance by video during peacetime emergency authorization","Real estate documentation notarization; appearance by video during peacetime emergency authorization",1750,"Senate Rules and Administration",2020-07-13,"Author added Carlson",https://legiscan.com/MN/bill/SF39/2020/X2,https://www.revisor.mn.gov/bills/bill.php?b=Senate&f=SF0039&ssn=2&y=2020
1373599,1757,SF40,1,Introduced,2020-07-20,"Peace officer standards and training (POST) board provisions modification; crisis intervention, mental illness crisis and autism training provisions; updated policies for use of force by peace officers requirements; law enforcement use of force reporting requirements and appropriation","Peace officer standards and training (POST) board provisions modification; crisis intervention, mental illness crisis and autism training provisions; updated policies for use of force by peace officers requirements; law enforcement use of force reporting requirements and appropriation",0,,2020-07-20,"By Motion, Laid on Table",https://legiscan.com/MN/bill/SF40/2020/X2,https://www.revisor.mn.gov/bills/bill.php?b=Senate&f=SF0040&ssn=2&y=2020
1373627,1757,SF41,1,Introduced,2020-07-20,"Corrections and public safety appropriations","Corrections and public safety appropriations",0,,2020-07-20,"By Motion, Laid on Table",https://legiscan.com/MN/bill/SF41/2020/X2,https://www.revisor.mn.gov/bills/bill.php?b=Senate&f=SF0041&ssn=2&y=2020
1373602,1757,SF42,1,Introduced,2020-07-20,"Fire sprinklers for public places of accommodation requirement","Fire sprinklers for public places of accommodation requirement",0,,2020-07-20,"By Motion, Laid on Table",https://legiscan.com/MN/bill/SF42/2020/X2,https://www.revisor.mn.gov/bills/bill.php?b=Senate&f=SF0042&ssn=2&y=2020
1373609,1757,SF43,1,Introduced,2020-07-20,"Omnibus bonding bill","Omnibus bonding bill",0,,2020-07-20,"By Motion, Laid on Table",https://legiscan.com/MN/bill/SF43/2020/X2,https://www.revisor.mn.gov/bills/bill.php?b=Senate&f=SF0043&ssn=2&y=2020
1373604,1757,SF44,1,Introduced,2020-07-20,"Homeless encampment assistance and navigation centers appropriation","Homeless encampment assistance and navigation centers appropriation",1750,"Senate Rules and Administration",2020-07-20,"Referred to Rules and Administration",https://legiscan.com/MN/bill/SF44/2020/X2,https://www.revisor.mn.gov/bills/bill.php?b=Senate&f=SF0044&ssn=2&y=2020
1373594,1757,SF45,1,Introduced,2020-07-20,"Race definition addition to Human Rights Act","Race definition addition to Human Rights Act",1750,"Senate Rules and Administration",2020-07-20,"Referred to Rules and Administration",https://legiscan.com/MN/bill/SF45/2020/X2,https://www.revisor.mn.gov/bills/bill.php?b=Senate&f=SF0045&ssn=2&y=2020
1373618,1757,SF46,1,Introduced,2020-07-20,"Tear gas use by law enforcement as a means to control a crowd prohibition","Tear gas use by law enforcement as a means to control a crowd prohibition",1750,"Senate Rules and Administration",2020-07-20,"Referred to Rules and Administration",https://legiscan.com/MN/bill/SF46/2020/X2,https://www.revisor.mn.gov/bills/bill.php?b=Senate&f=SF0046&ssn=2&y=2020
1373619,1757,SF47,1,Introduced,2020-07-20,"Mining and related industry additional unemployment benefits program","Mining and related industry additional unemployment benefits program",1750,"Senate Rules and Administration",2020-07-20,"Referred to Rules and Administration",https://legiscan.com/MN/bill/SF47/2020/X2,https://www.revisor.mn.gov/bills/bill.php?b=Senate&f=SF0047&ssn=2&y=2020
1373626,1757,SF48,1,Introduced,2020-07-20,"Ammonia production pilot demonstration project appropriation; Mountain Iron economic development authority solar panel manufacturer grant appropriation","Ammonia production pilot demonstration project appropriation; Mountain Iron economic development authority solar panel manufacturer grant appropriation",1750,"Senate Rules and Administration",2020-07-20,"Referred to Rules and Administration",https://legiscan.com/MN/bill/SF48/2020/X2,https://www.revisor.mn.gov/bills/bill.php?b=Senate&f=SF0048&ssn=2&y=2020
1373614,1757,SF49,1,Introduced,2020-07-20,"Release of partial 2020 state primary and state general election results requirements modification","Release of partial 2020 state primary and state general election results requirements modification",1750,"Senate Rules and Administration",2020-07-20,"Referred to Rules and Administration",https://legiscan.com/MN/bill/SF49/2020/X2,https://www.revisor.mn.gov/bills/bill.php?b=Senate&f=SF0049&ssn=2&y=2020
1373607,1757,SF50,1,Introduced,2020-07-20,"Bioincentive programs appropriation; future unrestricted general fund surplus dollars allocation","Bioincentive programs appropriation; future unrestricted general fund surplus dollars allocation",1750,"Senate Rules and Administration",2020-07-20,"Referred to Rules and Administration",https://legiscan.com/MN/bill/SF50/2020/X2,https://www.revisor.mn.gov/bills/bill.php?b=Senate&f=SF0050&ssn=2&y=2020
1373612,1757,SF51,1,Introduced,2020-07-20,"Workers compensation advisory council 2020 recommendations adoption","Workers compensation advisory council 2020 recommendations adoption",1750,"Senate Rules and Administration",2020-07-20,"Referred to Rules and Administration",https://legiscan.com/MN/bill/SF51/2020/X2,https://www.revisor.mn.gov/bills/bill.php?b=Senate&f=SF0051&ssn=2&y=2020
1373593,1757,SF52,1,Introduced,2020-07-20,"Alternative to police; public safety emergency response grant program establishment and appropriation","Alternative to police; public safety emergency response grant program establishment and appropriation",1750,"Senate Rules and Administration",2020-07-20,"Authors added Hayden; Torres Ray; Cwodzinski; Eaton",https://legiscan.com/MN/bill/SF52/2020/X2,https://www.revisor.mn.gov/bills/bill.php?b=Senate&f=SF0052&ssn=2&y=2020
1373624,1757,SF53,1,Introduced,2020-07-20,"Electric cogeneration activities power purchase agreement authorization","Electric cogeneration activities power purchase agreement authorization",1750,"Senate Rules and Administration",2020-07-20,"Referred to Rules and Administration",https://legiscan.com/MN/bill/SF53/2020/X2,https://www.revisor.mn.gov/bills/bill.php?b=Senate&f=SF0053&ssn=2&y=2020
1373597,1757,SF54,1,Introduced,2020-07-20,"Pentagon 1033 program military grade weapons local governmental units acquisition prohibition","Pentagon 1033 program military grade weapons local governmental units acquisition prohibition",1750,"Senate Rules and Administration",2020-07-20,"Authors added Hawj; Eaton",https://legiscan.com/MN/bill/SF54/2020/X2,https://www.revisor.mn.gov/bills/bill.php?b=Senate&f=SF0054&ssn=2&y=2020
1373629,1757,SF55,1,Introduced,2020-07-20,"Supplemental school bus transportation grants","Supplemental school bus transportation grants",1750,"Senate Rules and Administration",2020-07-20,"Referred to Rules and Administration",https://legiscan.com/MN/bill/SF55/2020/X2,https://www.revisor.mn.gov/bills/bill.php?b=Senate&f=SF0055&ssn=2&y=2020
1373616,1757,SF56,1,Introduced,2020-07-20,"African American Registry grant appropriation","African American Registry grant appropriation",1750,"Senate Rules and Administration",2020-07-20,"Referred to Rules and Administration",https://legiscan.com/MN/bill/SF56/2020/X2,https://www.revisor.mn.gov/bills/bill.php?b=Senate&f=SF0056&ssn=2&y=2020
1373601,1757,SF57,1,Introduced,2020-07-20,"State public disaster assistance limitation","State public disaster assistance limitation",0,,2020-07-20,"Authors added Ruud; Relph; Jasinski; Lang",https://legiscan.com/MN/bill/SF57/2020/X2,https://www.revisor.mn.gov/bills/bill.php?b=Senate&f=SF0057&ssn=2&y=2020
1373605,1757,SF58,1,Introduced,2020-07-20,"August 2020 state budget forecast requirement","August 2020 state budget forecast requirement",0,,2020-07-20,"Authors added Jasinski; Howe; Draheim; Utke",https://legiscan.com/MN/bill/SF58/2020/X2,https://www.revisor.mn.gov/bills/bill.php?b=Senate&f=SF0058&ssn=2&y=2020
1373623,1757,SF59,1,Introduced,2020-07-20,"Individual income tax education expense credit and deduction application authorization for prekindergarten expenses","Individual income tax education expense credit and deduction application authorization for prekindergarten expenses",1750,"Senate Rules and Administration",2020-07-20,"Referred to Rules and Administration",https://legiscan.com/MN/bill/SF59/2020/X2,https://www.revisor.mn.gov/bills/bill.php?b=Senate&f=SF0059&ssn=2&y=2020
1373589,1757,SF60,1,Introduced,2020-07-20,"Housing bonds issuance extension","Housing bonds issuance extension",0,,2020-07-20,"Author added Weber",https://legiscan.com/MN/bill/SF60/2020/X2,https://www.revisor.mn.gov/bills/bill.php?b=Senate&f=SF0060&ssn=2&y=2020
1373606,1757,SF61,1,Introduced,2020-07-20,"Kobe's Law","Kobe's Law",1750,"Senate Rules and Administration",2020-07-20,"Referred to Rules and Administration",https://legiscan.com/MN/bill/SF61/2020/X2,https://www.revisor.mn.gov/bills/bill.php?b=Senate&f=SF0061&ssn=2&y=2020
1373695,1757,SF62,1,Introduced,2020-07-20,"Military veteran offenders restorative justice sentence guidance to courts for offenses relating to service-related disorders","Military veteran offenders restorative justice sentence guidance to courts for offenses relating to service-related disorders",1750,"Senate Rules and Administration",2020-07-20,"Referred to Rules and Administration",https://legiscan.com/MN/bill/SF62/2020/X2,https://www.revisor.mn.gov/bills/bill.php?b=Senate&f=SF0062&ssn=2&y=2020
1373670,1757,SF63,1,Introduced,2020-07-20,"Veterans stable housing initiative; GI Bill technical changes; veterans dental services and adult day care center programs; data classification","Veterans stable housing initiative; GI Bill technical changes; veterans dental services and adult day care center programs; data classification",1750,"Senate Rules and Administration",2020-07-20,"Referred to Rules and Administration",https://legiscan.com/MN/bill/SF63/2020/X2,https://www.revisor.mn.gov/bills/bill.php?b=Senate&f=SF0063&ssn=2&y=2020
1373661,1757,SF64,1,Introduced,2020-07-20,"Minnesota School Safety Center school threat assessment policy development; safe schools levy allowable uses modification; school resource officers requirements establishment; appropriation","Minnesota School Safety Center school threat assessment policy development; safe schools levy allowable uses modification; school resource officers requirements establishment; appropriation",1750,"Senate Rules and Administration",2020-07-20,"Referred to Rules and Administration",https://legiscan.com/MN/bill/SF64/2020/X2,https://www.revisor.mn.gov/bills/bill.php?b=Senate&f=SF0064&ssn=2&y=2020
1373705,1757,SF65,1,Introduced,2020-07-20,"Formal public safety peer counseling provisions; critical incident stress management services establishment","Formal public safety peer counseling provisions; critical incident stress management services establishment",1750,"Senate Rules and Administration",2020-07-20,"Referred to Rules and Administration",https://legiscan.com/MN/bill/SF65/2020/X2,https://www.revisor.mn.gov/bills/bill.php?b=Senate&f=SF0065&ssn=2&y=2020
1373688,1757,SF66,1,Introduced,2020-07-20,"Face mask (facial covering) to reduce the spread of SARS-CoV-2 requirement","Face mask (facial covering) to reduce the spread of SARS-CoV-2 requirement",1750,"Senate Rules and Administration",2020-07-20,"Referred to Rules and Administration",https://legiscan.com/MN/bill/SF66/2020/X2,https://www.revisor.mn.gov/bills/bill.php?b=Senate&f=SF0066&ssn=2&y=2020
1373714,1757,SF67,1,Introduced,2020-07-20,"Community Safety and Security Act","Community Safety and Security Act",1750,"Senate Rules and Administration",2020-07-20,"Referred to Rules and Administration",https://legiscan.com/MN/bill/SF67/2020/X2,https://www.revisor.mn.gov/bills/bill.php?b=Senate&f=SF0067&ssn=2&y=2020
1373677,1757,SF68,1,Introduced,2020-07-20,"Metropolitan counties imposing county transportation sales and use tax reporting requirements establishment","Metropolitan counties imposing county transportation sales and use tax reporting requirements establishment",1750,"Senate Rules and Administration",2020-07-20,"Referred to Rules and Administration",https://legiscan.com/MN/bill/SF68/2020/X2,https://www.revisor.mn.gov/bills/bill.php?b=Senate&f=SF0068&ssn=2&y=2020
1373137,1757,SR1,4,Passed,2020-07-13,"A Senate resolution relating to organization and operation of the Senate during Special Session","A Senate resolution relating to organization and operation of the Senate during Special Session",0,,2020-07-13,Adopted,https://legiscan.com/MN/bill/SR1/2020/X2,https://www.revisor.mn.gov/bills/bill.php?b=Senate&f=SR0001&ssn=2&y=2020
1373094,1757,SR2,4,Passed,2020-07-13,"A Senate resolution notifying the House of Representatives and the Governor that the Senate is organized","A Senate resolution notifying the House of Representatives and the Governor that the Senate is organized",0,,2020-07-13,"Adopted (voice vote)",https://legiscan.com/MN/bill/SR2/2020/X2,https://www.revisor.mn.gov/bills/bill.php?b=Senate&f=SR0002&ssn=2&y=2020
1373097,1757,SR3,1,Introduced,2020-07-13,"A Senate resolution relating to urging the Governor to exclude public schools from any further executive orders issued subject to the emergency powers in Minnesota statutes, chapter 12","A Senate resolution relating to urging the Governor to exclude public schools from any further executive orders issued subject to the emergency powers in Minnesota statutes, chapter 12",0,,2020-07-13,"Laid on table",https://legiscan.com/MN/bill/SR3/2020/X2,https://www.revisor.mn.gov/bills/bill.php?b=Senate&f=SR0003&ssn=2&y=2020
1373239,1757,SR4,1,Introduced,2020-07-13,"A Senate resolution congratulation Dave Hoagland of Anoka, Minnesota, on his 100th birthday","A Senate resolution congratulation Dave Hoagland of Anoka, Minnesota, on his 100th birthday",1750,"Senate Rules and Administration",2020-07-13,"Referred to Rules and Administration",https://legiscan.com/MN/bill/SR4/2020/X2,https://www.revisor.mn.gov/bills/bill.php?b=Senate&f=SR0004&ssn=2&y=2020
1373591,1757,SR5,4,Passed,2020-07-20,"A Senate resolution urging the Governor to exclude public schools from any further executive orders issued subject to the emergency powers in Minnesota Statutes, chapter 12","A Senate resolution urging the Governor to exclude public schools from any further executive orders issued subject to the emergency powers in Minnesota Statutes, chapter 12",0,,2020-07-20,Adopted,https://legiscan.com/MN/bill/SR5/2020/X2,https://www.revisor.mn.gov/bills/bill.php?b=Senate&f=SR0005&ssn=2&y=2020
1373598,1757,SR6,1,Introduced,2020-07-20,"A Senate resolution declaring racism a public health crisis","A Senate resolution declaring racism a public health crisis",1750,"Senate Rules and Administration",2020-07-20,"Referred to Rules and Administration",https://legiscan.com/MN/bill/SR6/2020/X2,https://www.revisor.mn.gov/bills/bill.php?b=Senate&f=SR0006&ssn=2&y=2020
1373655,1757,SR7,1,Introduced,2020-07-20,"A Senate resolution recognizing October 3, 2020, as Ostomy Awareness Day","A Senate resolution recognizing October 3, 2020, as Ostomy Awareness Day",1750,"Senate Rules and Administration",2020-07-20,"Referred to Rules and Administration",https://legiscan.com/MN/bill/SR7/2020/X2,https://www.revisor.mn.gov/bills/bill.php?b=Senate&f=SR0007&ssn=2&y=2020
1373787,1757,SR8,4,Passed,2020-07-20,"A Senate resolution relating to adjournment of the Special Session","A Senate resolution relating to adjournment of the Special Session",0,,2020-07-20,"Adopted (voice vote)",https://legiscan.com/MN/bill/SR8/2020/X2,https://www.revisor.mn.gov/bills/bill.php?b=Senate&f=SR0008&ssn=2&y=2020
1373133,1757,SC1,4,Passed,2020-07-13,"A Senate concurrent resolution relating to Minnesota's peacetime emergency; terminating the peacetime emergency pursuant to the authority granted under Minnesota Statutes, section 12.31, subdivision 2, paragraph (b)","A Senate concurrent resolution relating to Minnesota's peacetime emergency; terminating the peacetime emergency pursuant to the authority granted under Minnesota Statutes, section 12.31, subdivision 2, paragraph (b)",1771,"House Rules and Legislative Administration",2020-07-14,"Resolution referred to Rules and Legislative Administration",https://legiscan.com/MN/bill/SC1/2020/X2,https://www.revisor.mn.gov/bills/bill.php?b=Senate&f=SC0001&ssn=2&y=2020
1373130,1757,SC2,4,Passed,2020-07-13,"A Senate concurrent resolution relating to the adjournment of the Senate and House of Representatives until the public interest warrants reconvening","A Senate concurrent resolution relating to the adjournment of the Senate and House of Representatives until the public interest warrants reconvening",0,,2020-07-20,"Returned from House",https://legiscan.com/MN/bill/SC2/2020/X2,https://www.revisor.mn.gov/bills/bill.php?b=Senate&f=SC0002&ssn=2&y=2020
