bill_id,document_id,document_type,document_size,document_mime,document_desc,url,state_link
1373143,2200374,text,981828,application/pdf,Introduced,https://legiscan.com/MN/text/HF1/id/2200374,https://www.revisor.mn.gov/bills/text.php?number=HF1&version=0&session=ls91&session_year=2020&session_number=2&format=pdf
1373143,2201467,text,633292,application/pdf,Engrossed,https://legiscan.com/MN/text/HF1/id/2201467,https://www.revisor.mn.gov/bills/text.php?number=HF1&version=1&session=ls91&session_year=2020&session_number=2&format=pdf
1373117,2200348,text,658337,application/pdf,Introduced,https://legiscan.com/MN/text/HF2/id/2200348,https://www.revisor.mn.gov/bills/text.php?number=HF2&version=0&session=ls91&session_year=2020&session_number=2&format=pdf
1373110,2200341,text,2517152,application/pdf,Introduced,https://legiscan.com/MN/text/HF3/id/2200341,https://www.revisor.mn.gov/bills/text.php?number=HF3&version=0&session=ls91&session_year=2020&session_number=2&format=pdf
1373110,2200697,text,2907860,application/pdf,Engrossed,https://legiscan.com/MN/text/HF3/id/2200697,https://www.revisor.mn.gov/bills/text.php?number=HF3&version=1&session=ls91&session_year=2020&session_number=2&format=pdf
1373110,2201601,text,2951052,application/pdf,Engrossed,https://legiscan.com/MN/text/HF3/id/2201601,https://www.revisor.mn.gov/bills/text.php?number=HF3&version=2&session=ls91&session_year=2020&session_number=2&format=pdf
1373103,2200334,text,195775,application/pdf,Introduced,https://legiscan.com/MN/text/HF4/id/2200334,https://www.revisor.mn.gov/bills/text.php?number=HF4&version=0&session=ls91&session_year=2020&session_number=2&format=pdf
1373136,2200367,text,391480,application/pdf,Introduced,https://legiscan.com/MN/text/HF5/id/2200367,https://www.revisor.mn.gov/bills/text.php?number=HF5&version=0&session=ls91&session_year=2020&session_number=2&format=pdf
1373127,2200358,text,611937,application/pdf,Introduced,https://legiscan.com/MN/text/HF6/id/2200358,https://www.revisor.mn.gov/bills/text.php?number=HF6&version=0&session=ls91&session_year=2020&session_number=2&format=pdf
1373213,2200447,text,252227,application/pdf,Introduced,https://legiscan.com/MN/text/HF7/id/2200447,https://www.revisor.mn.gov/bills/text.php?number=HF7&version=0&session=ls91&session_year=2020&session_number=2&format=pdf
1373138,2200369,text,208847,application/pdf,Introduced,https://legiscan.com/MN/text/HF8/id/2200369,https://www.revisor.mn.gov/bills/text.php?number=HF8&version=0&session=ls91&session_year=2020&session_number=2&format=pdf
1373112,2200343,text,234302,application/pdf,Introduced,https://legiscan.com/MN/text/HF9/id/2200343,https://www.revisor.mn.gov/bills/text.php?number=HF9&version=0&session=ls91&session_year=2020&session_number=2&format=pdf
1373141,2200372,text,232949,application/pdf,Introduced,https://legiscan.com/MN/text/HF10/id/2200372,https://www.revisor.mn.gov/bills/text.php?number=HF10&version=0&session=ls91&session_year=2020&session_number=2&format=pdf
1373124,2200355,text,289618,application/pdf,Introduced,https://legiscan.com/MN/text/HF11/id/2200355,https://www.revisor.mn.gov/bills/text.php?number=HF11&version=0&session=ls91&session_year=2020&session_number=2&format=pdf
1373096,2200327,text,338978,application/pdf,Introduced,https://legiscan.com/MN/text/HF12/id/2200327,https://www.revisor.mn.gov/bills/text.php?number=HF12&version=0&session=ls91&session_year=2020&session_number=2&format=pdf
1373118,2200349,text,895282,application/pdf,Introduced,https://legiscan.com/MN/text/HF13/id/2200349,https://www.revisor.mn.gov/bills/text.php?number=HF13&version=0&session=ls91&session_year=2020&session_number=2&format=pdf
1373105,2200336,text,264401,application/pdf,Introduced,https://legiscan.com/MN/text/HF14/id/2200336,https://www.revisor.mn.gov/bills/text.php?number=HF14&version=0&session=ls91&session_year=2020&session_number=2&format=pdf
1373105,2200694,text,704773,application/pdf,Engrossed,https://legiscan.com/MN/text/HF14/id/2200694,https://www.revisor.mn.gov/bills/text.php?number=HF14&version=1&session=ls91&session_year=2020&session_number=2&format=pdf
1373128,2200359,text,199032,application/pdf,Introduced,https://legiscan.com/MN/text/HF15/id/2200359,https://www.revisor.mn.gov/bills/text.php?number=HF15&version=0&session=ls91&session_year=2020&session_number=2&format=pdf
1373099,2200330,text,277296,application/pdf,Introduced,https://legiscan.com/MN/text/HF16/id/2200330,https://www.revisor.mn.gov/bills/text.php?number=HF16&version=0&session=ls91&session_year=2020&session_number=2&format=pdf
1373123,2200354,text,354454,application/pdf,Introduced,https://legiscan.com/MN/text/HF17/id/2200354,https://www.revisor.mn.gov/bills/text.php?number=HF17&version=0&session=ls91&session_year=2020&session_number=2&format=pdf
1373101,2200332,text,554255,application/pdf,Introduced,https://legiscan.com/MN/text/HF18/id/2200332,https://www.revisor.mn.gov/bills/text.php?number=HF18&version=0&session=ls91&session_year=2020&session_number=2&format=pdf
1373113,2200344,text,277921,application/pdf,Introduced,https://legiscan.com/MN/text/HF19/id/2200344,https://www.revisor.mn.gov/bills/text.php?number=HF19&version=0&session=ls91&session_year=2020&session_number=2&format=pdf
1373126,2200357,text,1670197,application/pdf,Introduced,https://legiscan.com/MN/text/HF20/id/2200357,https://www.revisor.mn.gov/bills/text.php?number=HF20&version=0&session=ls91&session_year=2020&session_number=2&format=pdf
1373121,2200352,text,237015,application/pdf,Introduced,https://legiscan.com/MN/text/HF21/id/2200352,https://www.revisor.mn.gov/bills/text.php?number=HF21&version=0&session=ls91&session_year=2020&session_number=2&format=pdf
1373120,2200351,text,237468,application/pdf,Introduced,https://legiscan.com/MN/text/HF22/id/2200351,https://www.revisor.mn.gov/bills/text.php?number=HF22&version=0&session=ls91&session_year=2020&session_number=2&format=pdf
1373115,2200346,text,380989,application/pdf,Introduced,https://legiscan.com/MN/text/HF23/id/2200346,https://www.revisor.mn.gov/bills/text.php?number=HF23&version=0&session=ls91&session_year=2020&session_number=2&format=pdf
1373226,2200459,text,211550,application/pdf,Introduced,https://legiscan.com/MN/text/HF24/id/2200459,https://www.revisor.mn.gov/bills/text.php?number=HF24&version=0&session=ls91&session_year=2020&session_number=2&format=pdf
1373188,2200425,text,279841,application/pdf,Introduced,https://legiscan.com/MN/text/HF25/id/2200425,https://www.revisor.mn.gov/bills/text.php?number=HF25&version=0&session=ls91&session_year=2020&session_number=2&format=pdf
1373187,2200424,text,252653,application/pdf,Introduced,https://legiscan.com/MN/text/HF26/id/2200424,https://www.revisor.mn.gov/bills/text.php?number=HF26&version=0&session=ls91&session_year=2020&session_number=2&format=pdf
1373212,2200446,text,240946,application/pdf,Introduced,https://legiscan.com/MN/text/HF27/id/2200446,https://www.revisor.mn.gov/bills/text.php?number=HF27&version=0&session=ls91&session_year=2020&session_number=2&format=pdf
1373159,2200401,text,242633,application/pdf,Introduced,https://legiscan.com/MN/text/HF28/id/2200401,https://www.revisor.mn.gov/bills/text.php?number=HF28&version=0&session=ls91&session_year=2020&session_number=2&format=pdf
1373203,2200439,text,240389,application/pdf,Introduced,https://legiscan.com/MN/text/HF29/id/2200439,https://www.revisor.mn.gov/bills/text.php?number=HF29&version=0&session=ls91&session_year=2020&session_number=2&format=pdf
1373167,2200406,text,198695,application/pdf,Introduced,https://legiscan.com/MN/text/HF30/id/2200406,https://www.revisor.mn.gov/bills/text.php?number=HF30&version=0&session=ls91&session_year=2020&session_number=2&format=pdf
1373184,2200421,text,275209,application/pdf,Introduced,https://legiscan.com/MN/text/HF31/id/2200421,https://www.revisor.mn.gov/bills/text.php?number=HF31&version=0&session=ls91&session_year=2020&session_number=2&format=pdf
1373194,2200430,text,236464,application/pdf,Introduced,https://legiscan.com/MN/text/HF32/id/2200430,https://www.revisor.mn.gov/bills/text.php?number=HF32&version=0&session=ls91&session_year=2020&session_number=2&format=pdf
1373155,2200397,text,324907,application/pdf,Introduced,https://legiscan.com/MN/text/HF33/id/2200397,https://www.revisor.mn.gov/bills/text.php?number=HF33&version=0&session=ls91&session_year=2020&session_number=2&format=pdf
1373155,2200712,text,356727,application/pdf,Engrossed,https://legiscan.com/MN/text/HF33/id/2200712,https://www.revisor.mn.gov/bills/text.php?number=HF33&version=1&session=ls91&session_year=2020&session_number=2&format=pdf
1373201,2200437,text,225194,application/pdf,Introduced,https://legiscan.com/MN/text/HF34/id/2200437,https://www.revisor.mn.gov/bills/text.php?number=HF34&version=0&session=ls91&session_year=2020&session_number=2&format=pdf
1373173,2200412,text,228864,application/pdf,Introduced,https://legiscan.com/MN/text/HF35/id/2200412,https://www.revisor.mn.gov/bills/text.php?number=HF35&version=0&session=ls91&session_year=2020&session_number=2&format=pdf
1373221,2200454,text,210737,application/pdf,Introduced,https://legiscan.com/MN/text/HF36/id/2200454,https://www.revisor.mn.gov/bills/text.php?number=HF36&version=0&session=ls91&session_year=2020&session_number=2&format=pdf
1373221,2201345,text,201847,application/pdf,Engrossed,https://legiscan.com/MN/text/HF36/id/2201345,https://www.revisor.mn.gov/bills/text.php?number=HF36&version=1&session=ls91&session_year=2020&session_number=2&format=pdf
1373171,2200410,text,258623,application/pdf,Introduced,https://legiscan.com/MN/text/HF37/id/2200410,https://www.revisor.mn.gov/bills/text.php?number=HF37&version=0&session=ls91&session_year=2020&session_number=2&format=pdf
1373225,2200458,text,207135,application/pdf,Introduced,https://legiscan.com/MN/text/HF38/id/2200458,https://www.revisor.mn.gov/bills/text.php?number=HF38&version=0&session=ls91&session_year=2020&session_number=2&format=pdf
1373232,2200465,text,205286,application/pdf,Introduced,https://legiscan.com/MN/text/HF39/id/2200465,https://www.revisor.mn.gov/bills/text.php?number=HF39&version=0&session=ls91&session_year=2020&session_number=2&format=pdf
1373179,2200417,text,207556,application/pdf,Introduced,https://legiscan.com/MN/text/HF40/id/2200417,https://www.revisor.mn.gov/bills/text.php?number=HF40&version=0&session=ls91&session_year=2020&session_number=2&format=pdf
1373198,2200434,text,196556,application/pdf,Introduced,https://legiscan.com/MN/text/HF41/id/2200434,https://www.revisor.mn.gov/bills/text.php?number=HF41&version=0&session=ls91&session_year=2020&session_number=2&format=pdf
1373154,2200396,text,222989,application/pdf,Introduced,https://legiscan.com/MN/text/HF42/id/2200396,https://www.revisor.mn.gov/bills/text.php?number=HF42&version=0&session=ls91&session_year=2020&session_number=2&format=pdf
1373219,2200452,text,200704,application/pdf,Introduced,https://legiscan.com/MN/text/HF43/id/2200452,https://www.revisor.mn.gov/bills/text.php?number=HF43&version=0&session=ls91&session_year=2020&session_number=2&format=pdf
1373192,2200428,text,316638,application/pdf,Introduced,https://legiscan.com/MN/text/HF44/id/2200428,https://www.revisor.mn.gov/bills/text.php?number=HF44&version=0&session=ls91&session_year=2020&session_number=2&format=pdf
1373208,2200443,text,208612,application/pdf,Introduced,https://legiscan.com/MN/text/HF45/id/2200443,https://www.revisor.mn.gov/bills/text.php?number=HF45&version=0&session=ls91&session_year=2020&session_number=2&format=pdf
1373174,2200413,text,218635,application/pdf,Introduced,https://legiscan.com/MN/text/HF46/id/2200413,https://www.revisor.mn.gov/bills/text.php?number=HF46&version=0&session=ls91&session_year=2020&session_number=2&format=pdf
1373177,2200415,text,217248,application/pdf,Introduced,https://legiscan.com/MN/text/HF47/id/2200415,https://www.revisor.mn.gov/bills/text.php?number=HF47&version=0&session=ls91&session_year=2020&session_number=2&format=pdf
1373150,2200393,text,232266,application/pdf,Introduced,https://legiscan.com/MN/text/HF48/id/2200393,https://www.revisor.mn.gov/bills/text.php?number=HF48&version=0&session=ls91&session_year=2020&session_number=2&format=pdf
1373217,2200451,text,240783,application/pdf,Introduced,https://legiscan.com/MN/text/HF49/id/2200451,https://www.revisor.mn.gov/bills/text.php?number=HF49&version=0&session=ls91&session_year=2020&session_number=2&format=pdf
1373176,2200414,text,207209,application/pdf,Introduced,https://legiscan.com/MN/text/HF50/id/2200414,https://www.revisor.mn.gov/bills/text.php?number=HF50&version=0&session=ls91&session_year=2020&session_number=2&format=pdf
1373149,2200392,text,245065,application/pdf,Introduced,https://legiscan.com/MN/text/HF51/id/2200392,https://www.revisor.mn.gov/bills/text.php?number=HF51&version=0&session=ls91&session_year=2020&session_number=2&format=pdf
1373197,2200433,text,218383,application/pdf,Introduced,https://legiscan.com/MN/text/HF52/id/2200433,https://www.revisor.mn.gov/bills/text.php?number=HF52&version=0&session=ls91&session_year=2020&session_number=2&format=pdf
1373163,2200403,text,238136,application/pdf,Introduced,https://legiscan.com/MN/text/HF53/id/2200403,https://www.revisor.mn.gov/bills/text.php?number=HF53&version=0&session=ls91&session_year=2020&session_number=2&format=pdf
1373224,2200457,text,209143,application/pdf,Introduced,https://legiscan.com/MN/text/HF54/id/2200457,https://www.revisor.mn.gov/bills/text.php?number=HF54&version=0&session=ls91&session_year=2020&session_number=2&format=pdf
1373157,2200399,text,239503,application/pdf,Introduced,https://legiscan.com/MN/text/HF55/id/2200399,https://www.revisor.mn.gov/bills/text.php?number=HF55&version=0&session=ls91&session_year=2020&session_number=2&format=pdf
1373181,2200418,text,271916,application/pdf,Introduced,https://legiscan.com/MN/text/HF56/id/2200418,https://www.revisor.mn.gov/bills/text.php?number=HF56&version=0&session=ls91&session_year=2020&session_number=2&format=pdf
1373214,2200448,text,236670,application/pdf,Introduced,https://legiscan.com/MN/text/HF57/id/2200448,https://www.revisor.mn.gov/bills/text.php?number=HF57&version=0&session=ls91&session_year=2020&session_number=2&format=pdf
1373200,2200436,text,276420,application/pdf,Introduced,https://legiscan.com/MN/text/HF58/id/2200436,https://www.revisor.mn.gov/bills/text.php?number=HF58&version=0&session=ls91&session_year=2020&session_number=2&format=pdf
1373228,2200461,text,329558,application/pdf,Introduced,https://legiscan.com/MN/text/HF59/id/2200461,https://www.revisor.mn.gov/bills/text.php?number=HF59&version=0&session=ls91&session_year=2020&session_number=2&format=pdf
1373156,2200398,text,210873,application/pdf,Introduced,https://legiscan.com/MN/text/HF60/id/2200398,https://www.revisor.mn.gov/bills/text.php?number=HF60&version=0&session=ls91&session_year=2020&session_number=2&format=pdf
1373168,2200407,text,320070,application/pdf,Introduced,https://legiscan.com/MN/text/HF61/id/2200407,https://www.revisor.mn.gov/bills/text.php?number=HF61&version=0&session=ls91&session_year=2020&session_number=2&format=pdf
1373206,2200441,text,220069,application/pdf,Introduced,https://legiscan.com/MN/text/HF62/id/2200441,https://www.revisor.mn.gov/bills/text.php?number=HF62&version=0&session=ls91&session_year=2020&session_number=2&format=pdf
1373337,2200736,text,209580,application/pdf,Introduced,https://legiscan.com/MN/text/HF63/id/2200736,https://www.revisor.mn.gov/bills/text.php?number=HF63&version=0&session=ls91&session_year=2020&session_number=2&format=pdf
1373327,2200726,text,297882,application/pdf,Introduced,https://legiscan.com/MN/text/HF64/id/2200726,https://www.revisor.mn.gov/bills/text.php?number=HF64&version=0&session=ls91&session_year=2020&session_number=2&format=pdf
1373341,2200740,text,201820,application/pdf,Introduced,https://legiscan.com/MN/text/HF65/id/2200740,https://www.revisor.mn.gov/bills/text.php?number=HF65&version=0&session=ls91&session_year=2020&session_number=2&format=pdf
1373347,2200746,text,207970,application/pdf,Introduced,https://legiscan.com/MN/text/HF66/id/2200746,https://www.revisor.mn.gov/bills/text.php?number=HF66&version=0&session=ls91&session_year=2020&session_number=2&format=pdf
1373335,2200734,text,209184,application/pdf,Introduced,https://legiscan.com/MN/text/HF67/id/2200734,https://www.revisor.mn.gov/bills/text.php?number=HF67&version=0&session=ls91&session_year=2020&session_number=2&format=pdf
1373318,2200717,text,210873,application/pdf,Introduced,https://legiscan.com/MN/text/HF68/id/2200717,https://www.revisor.mn.gov/bills/text.php?number=HF68&version=0&session=ls91&session_year=2020&session_number=2&format=pdf
1373332,2200731,text,306338,application/pdf,Introduced,https://legiscan.com/MN/text/HF69/id/2200731,https://www.revisor.mn.gov/bills/text.php?number=HF69&version=0&session=ls91&session_year=2020&session_number=2&format=pdf
1373345,2200744,text,574791,application/pdf,Introduced,https://legiscan.com/MN/text/HF70/id/2200744,https://www.revisor.mn.gov/bills/text.php?number=HF70&version=0&session=ls91&session_year=2020&session_number=2&format=pdf
1373324,2200723,text,201232,application/pdf,Introduced,https://legiscan.com/MN/text/HF71/id/2200723,https://www.revisor.mn.gov/bills/text.php?number=HF71&version=0&session=ls91&session_year=2020&session_number=2&format=pdf
1373324,2201344,text,204032,application/pdf,Engrossed,https://legiscan.com/MN/text/HF71/id/2201344,https://www.revisor.mn.gov/bills/text.php?number=HF71&version=1&session=ls91&session_year=2020&session_number=2&format=pdf
1373320,2200719,text,222081,application/pdf,Introduced,https://legiscan.com/MN/text/HF72/id/2200719,https://www.revisor.mn.gov/bills/text.php?number=HF72&version=0&session=ls91&session_year=2020&session_number=2&format=pdf
1373321,2200720,text,274174,application/pdf,Introduced,https://legiscan.com/MN/text/HF73/id/2200720,https://www.revisor.mn.gov/bills/text.php?number=HF73&version=0&session=ls91&session_year=2020&session_number=2&format=pdf
1373331,2200730,text,299840,application/pdf,Introduced,https://legiscan.com/MN/text/HF74/id/2200730,https://www.revisor.mn.gov/bills/text.php?number=HF74&version=0&session=ls91&session_year=2020&session_number=2&format=pdf
1373336,2200735,text,284378,application/pdf,Introduced,https://legiscan.com/MN/text/HF75/id/2200735,https://www.revisor.mn.gov/bills/text.php?number=HF75&version=0&session=ls91&session_year=2020&session_number=2&format=pdf
1373323,2200722,text,199339,application/pdf,Introduced,https://legiscan.com/MN/text/HF76/id/2200722,https://www.revisor.mn.gov/bills/text.php?number=HF76&version=0&session=ls91&session_year=2020&session_number=2&format=pdf
1373315,2200714,text,203371,application/pdf,Introduced,https://legiscan.com/MN/text/HF77/id/2200714,https://www.revisor.mn.gov/bills/text.php?number=HF77&version=0&session=ls91&session_year=2020&session_number=2&format=pdf
1373330,2200729,text,198581,application/pdf,Introduced,https://legiscan.com/MN/text/HF78/id/2200729,https://www.revisor.mn.gov/bills/text.php?number=HF78&version=0&session=ls91&session_year=2020&session_number=2&format=pdf
1373343,2200742,text,196499,application/pdf,Introduced,https://legiscan.com/MN/text/HF79/id/2200742,https://www.revisor.mn.gov/bills/text.php?number=HF79&version=0&session=ls91&session_year=2020&session_number=2&format=pdf
1373350,2200749,text,220690,application/pdf,Introduced,https://legiscan.com/MN/text/HF80/id/2200749,https://www.revisor.mn.gov/bills/text.php?number=HF80&version=0&session=ls91&session_year=2020&session_number=2&format=pdf
1373333,2200732,text,223299,application/pdf,Introduced,https://legiscan.com/MN/text/HF81/id/2200732,https://www.revisor.mn.gov/bills/text.php?number=HF81&version=0&session=ls91&session_year=2020&session_number=2&format=pdf
1373317,2200716,text,209333,application/pdf,Introduced,https://legiscan.com/MN/text/HF82/id/2200716,https://www.revisor.mn.gov/bills/text.php?number=HF82&version=0&session=ls91&session_year=2020&session_number=2&format=pdf
1373344,2200743,text,346891,application/pdf,Introduced,https://legiscan.com/MN/text/HF83/id/2200743,https://www.revisor.mn.gov/bills/text.php?number=HF83&version=0&session=ls91&session_year=2020&session_number=2&format=pdf
1373319,2200718,text,1109536,application/pdf,Introduced,https://legiscan.com/MN/text/HF84/id/2200718,https://www.revisor.mn.gov/bills/text.php?number=HF84&version=0&session=ls91&session_year=2020&session_number=2&format=pdf
1373340,2200739,text,225014,application/pdf,Introduced,https://legiscan.com/MN/text/HF85/id/2200739,https://www.revisor.mn.gov/bills/text.php?number=HF85&version=0&session=ls91&session_year=2020&session_number=2&format=pdf
1373334,2200733,text,238653,application/pdf,Introduced,https://legiscan.com/MN/text/HF86/id/2200733,https://www.revisor.mn.gov/bills/text.php?number=HF86&version=0&session=ls91&session_year=2020&session_number=2&format=pdf
1373316,2200715,text,234807,application/pdf,Introduced,https://legiscan.com/MN/text/HF87/id/2200715,https://www.revisor.mn.gov/bills/text.php?number=HF87&version=0&session=ls91&session_year=2020&session_number=2&format=pdf
1373328,2200727,text,211206,application/pdf,Introduced,https://legiscan.com/MN/text/HF88/id/2200727,https://www.revisor.mn.gov/bills/text.php?number=HF88&version=0&session=ls91&session_year=2020&session_number=2&format=pdf
1373348,2200747,text,204920,application/pdf,Introduced,https://legiscan.com/MN/text/HF89/id/2200747,https://www.revisor.mn.gov/bills/text.php?number=HF89&version=0&session=ls91&session_year=2020&session_number=2&format=pdf
1373338,2200737,text,229301,application/pdf,Introduced,https://legiscan.com/MN/text/HF90/id/2200737,https://www.revisor.mn.gov/bills/text.php?number=HF90&version=0&session=ls91&session_year=2020&session_number=2&format=pdf
1373325,2200724,text,244933,application/pdf,Introduced,https://legiscan.com/MN/text/HF91/id/2200724,https://www.revisor.mn.gov/bills/text.php?number=HF91&version=0&session=ls91&session_year=2020&session_number=2&format=pdf
1373314,2200713,text,199273,application/pdf,Introduced,https://legiscan.com/MN/text/HF92/id/2200713,https://www.revisor.mn.gov/bills/text.php?number=HF92&version=0&session=ls91&session_year=2020&session_number=2&format=pdf
1373635,2201319,text,198852,application/pdf,Introduced,https://legiscan.com/MN/text/HF93/id/2201319,https://www.revisor.mn.gov/bills/text.php?number=HF93&version=0&session=ls91&session_year=2020&session_number=2&format=pdf
1373641,2201325,text,211379,application/pdf,Introduced,https://legiscan.com/MN/text/HF94/id/2201325,https://www.revisor.mn.gov/bills/text.php?number=HF94&version=0&session=ls91&session_year=2020&session_number=2&format=pdf
1373638,2201322,text,239350,application/pdf,Introduced,https://legiscan.com/MN/text/HF95/id/2201322,https://www.revisor.mn.gov/bills/text.php?number=HF95&version=0&session=ls91&session_year=2020&session_number=2&format=pdf
1373658,2201341,text,434236,application/pdf,Introduced,https://legiscan.com/MN/text/HF96/id/2201341,https://www.revisor.mn.gov/bills/text.php?number=HF96&version=0&session=ls91&session_year=2020&session_number=2&format=pdf
1373660,2201343,text,209208,application/pdf,Introduced,https://legiscan.com/MN/text/HF97/id/2201343,https://www.revisor.mn.gov/bills/text.php?number=HF97&version=0&session=ls91&session_year=2020&session_number=2&format=pdf
1373646,2201330,text,234383,application/pdf,Introduced,https://legiscan.com/MN/text/HF98/id/2201330,https://www.revisor.mn.gov/bills/text.php?number=HF98&version=0&session=ls91&session_year=2020&session_number=2&format=pdf
1373651,2201335,text,228421,application/pdf,Introduced,https://legiscan.com/MN/text/HF99/id/2201335,https://www.revisor.mn.gov/bills/text.php?number=HF99&version=0&session=ls91&session_year=2020&session_number=2&format=pdf
1373134,2200365,text,67199,text/html,Draft,https://legiscan.com/MN/text/HR1/id/2200365,https://www.revisor.mn.gov/bills/text.php?number=HR1&session=ls91&version=latest&session_number=2&session_year=2020
1373140,2200371,text,60899,text/html,Draft,https://legiscan.com/MN/text/HC1/id/2200371,https://www.revisor.mn.gov/bills/text.php?number=HC1&session=ls91&version=latest&session_number=2&session_year=2020
1373339,2200738,text,69335,text/html,Draft,https://legiscan.com/MN/text/HC2/id/2200738,https://www.revisor.mn.gov/bills/text.php?number=HC2&session=ls91&version=latest&session_number=2&session_year=2020
1373116,2200347,text,209882,application/pdf,Introduced,https://legiscan.com/MN/text/SF1/id/2200347,https://www.revisor.mn.gov/bills/text.php?number=SF1&version=0&session=ls91&session_year=2020&session_number=2&format=pdf
1373131,2200362,text,228246,application/pdf,Introduced,https://legiscan.com/MN/text/SF2/id/2200362,https://www.revisor.mn.gov/bills/text.php?number=SF2&version=0&session=ls91&session_year=2020&session_number=2&format=pdf
1373142,2200373,text,218840,application/pdf,Introduced,https://legiscan.com/MN/text/SF3/id/2200373,https://www.revisor.mn.gov/bills/text.php?number=SF3&version=0&session=ls91&session_year=2020&session_number=2&format=pdf
1373095,2200326,text,252534,application/pdf,Introduced,https://legiscan.com/MN/text/SF4/id/2200326,https://www.revisor.mn.gov/bills/text.php?number=SF4&version=0&session=ls91&session_year=2020&session_number=2&format=pdf
1373095,2200547,text,249692,application/pdf,Engrossed,https://legiscan.com/MN/text/SF4/id/2200547,https://www.revisor.mn.gov/bills/text.php?number=SF4&version=1&session=ls91&session_year=2020&session_number=2&format=pdf
1373111,2200342,text,234328,application/pdf,Introduced,https://legiscan.com/MN/text/SF5/id/2200342,https://www.revisor.mn.gov/bills/text.php?number=SF5&version=0&session=ls91&session_year=2020&session_number=2&format=pdf
1373098,2200329,text,197799,application/pdf,Introduced,https://legiscan.com/MN/text/SF6/id/2200329,https://www.revisor.mn.gov/bills/text.php?number=SF6&version=0&session=ls91&session_year=2020&session_number=2&format=pdf
1373132,2200363,text,227825,application/pdf,Introduced,https://legiscan.com/MN/text/SF7/id/2200363,https://www.revisor.mn.gov/bills/text.php?number=SF7&version=0&session=ls91&session_year=2020&session_number=2&format=pdf
1373122,2200353,text,339994,application/pdf,Introduced,https://legiscan.com/MN/text/SF8/id/2200353,https://www.revisor.mn.gov/bills/text.php?number=SF8&version=0&session=ls91&session_year=2020&session_number=2&format=pdf
1373102,2200333,text,341131,application/pdf,Introduced,https://legiscan.com/MN/text/SF9/id/2200333,https://www.revisor.mn.gov/bills/text.php?number=SF9&version=0&session=ls91&session_year=2020&session_number=2&format=pdf
1373107,2200338,text,550048,application/pdf,Introduced,https://legiscan.com/MN/text/SF10/id/2200338,https://www.revisor.mn.gov/bills/text.php?number=SF10&version=0&session=ls91&session_year=2020&session_number=2&format=pdf
1373144,2200375,text,204599,application/pdf,Introduced,https://legiscan.com/MN/text/SF11/id/2200375,https://www.revisor.mn.gov/bills/text.php?number=SF11&version=0&session=ls91&session_year=2020&session_number=2&format=pdf
1373135,2200366,text,326357,application/pdf,Introduced,https://legiscan.com/MN/text/SF12/id/2200366,https://www.revisor.mn.gov/bills/text.php?number=SF12&version=0&session=ls91&session_year=2020&session_number=2&format=pdf
1373135,2200548,text,357394,application/pdf,Engrossed,https://legiscan.com/MN/text/SF12/id/2200548,https://www.revisor.mn.gov/bills/text.php?number=SF12&version=1&session=ls91&session_year=2020&session_number=2&format=pdf
1373106,2200337,text,348051,application/pdf,Introduced,https://legiscan.com/MN/text/SF13/id/2200337,https://www.revisor.mn.gov/bills/text.php?number=SF13&version=0&session=ls91&session_year=2020&session_number=2&format=pdf
1373104,2200335,text,247961,application/pdf,Introduced,https://legiscan.com/MN/text/SF14/id/2200335,https://www.revisor.mn.gov/bills/text.php?number=SF14&version=0&session=ls91&session_year=2020&session_number=2&format=pdf
1373119,2200350,text,196785,application/pdf,Introduced,https://legiscan.com/MN/text/SF15/id/2200350,https://www.revisor.mn.gov/bills/text.php?number=SF15&version=0&session=ls91&session_year=2020&session_number=2&format=pdf
1373109,2200340,text,243903,application/pdf,Introduced,https://legiscan.com/MN/text/SF16/id/2200340,https://www.revisor.mn.gov/bills/text.php?number=SF16&version=0&session=ls91&session_year=2020&session_number=2&format=pdf
1373114,2200345,text,317997,application/pdf,Introduced,https://legiscan.com/MN/text/SF17/id/2200345,https://www.revisor.mn.gov/bills/text.php?number=SF17&version=0&session=ls91&session_year=2020&session_number=2&format=pdf
1373145,2200376,text,243851,application/pdf,Introduced,https://legiscan.com/MN/text/SF18/id/2200376,https://www.revisor.mn.gov/bills/text.php?number=SF18&version=0&session=ls91&session_year=2020&session_number=2&format=pdf
1373108,2200339,text,211735,application/pdf,Introduced,https://legiscan.com/MN/text/SF19/id/2200339,https://www.revisor.mn.gov/bills/text.php?number=SF19&version=0&session=ls91&session_year=2020&session_number=2&format=pdf
1373139,2200370,text,260674,application/pdf,Introduced,https://legiscan.com/MN/text/SF20/id/2200370,https://www.revisor.mn.gov/bills/text.php?number=SF20&version=0&session=ls91&session_year=2020&session_number=2&format=pdf
1373100,2200331,text,208770,application/pdf,Introduced,https://legiscan.com/MN/text/SF21/id/2200331,https://www.revisor.mn.gov/bills/text.php?number=SF21&version=0&session=ls91&session_year=2020&session_number=2&format=pdf
1373129,2200360,text,241644,application/pdf,Introduced,https://legiscan.com/MN/text/SF22/id/2200360,https://www.revisor.mn.gov/bills/text.php?number=SF22&version=0&session=ls91&session_year=2020&session_number=2&format=pdf
1373125,2200356,text,240461,application/pdf,Introduced,https://legiscan.com/MN/text/SF23/id/2200356,https://www.revisor.mn.gov/bills/text.php?number=SF23&version=0&session=ls91&session_year=2020&session_number=2&format=pdf
1373193,2200429,text,220387,application/pdf,Introduced,https://legiscan.com/MN/text/SF24/id/2200429,https://www.revisor.mn.gov/bills/text.php?number=SF24&version=0&session=ls91&session_year=2020&session_number=2&format=pdf
1373169,2200408,text,237735,application/pdf,Introduced,https://legiscan.com/MN/text/SF25/id/2200408,https://www.revisor.mn.gov/bills/text.php?number=SF25&version=0&session=ls91&session_year=2020&session_number=2&format=pdf
1373231,2200464,text,801720,application/pdf,Introduced,https://legiscan.com/MN/text/SF26/id/2200464,https://www.revisor.mn.gov/bills/text.php?number=SF26&version=0&session=ls91&session_year=2020&session_number=2&format=pdf
1373202,2200438,text,200238,application/pdf,Introduced,https://legiscan.com/MN/text/SF27/id/2200438,https://www.revisor.mn.gov/bills/text.php?number=SF27&version=0&session=ls91&session_year=2020&session_number=2&format=pdf
1373162,2200402,text,220127,application/pdf,Introduced,https://legiscan.com/MN/text/SF28/id/2200402,https://www.revisor.mn.gov/bills/text.php?number=SF28&version=0&session=ls91&session_year=2020&session_number=2&format=pdf
1373223,2200456,text,199433,application/pdf,Introduced,https://legiscan.com/MN/text/SF29/id/2200456,https://www.revisor.mn.gov/bills/text.php?number=SF29&version=0&session=ls91&session_year=2020&session_number=2&format=pdf
1373152,2200395,text,661501,application/pdf,Introduced,https://legiscan.com/MN/text/SF30/id/2200395,https://www.revisor.mn.gov/bills/text.php?number=SF30&version=0&session=ls91&session_year=2020&session_number=2&format=pdf
1373166,2200405,text,614406,application/pdf,Introduced,https://legiscan.com/MN/text/SF31/id/2200405,https://www.revisor.mn.gov/bills/text.php?number=SF31&version=0&session=ls91&session_year=2020&session_number=2&format=pdf
1373205,2200440,text,214773,application/pdf,Introduced,https://legiscan.com/MN/text/SF32/id/2200440,https://www.revisor.mn.gov/bills/text.php?number=SF32&version=0&session=ls91&session_year=2020&session_number=2&format=pdf
1373229,2200462,text,278491,application/pdf,Introduced,https://legiscan.com/MN/text/SF33/id/2200462,https://www.revisor.mn.gov/bills/text.php?number=SF33&version=0&session=ls91&session_year=2020&session_number=2&format=pdf
1373190,2200427,text,241020,application/pdf,Introduced,https://legiscan.com/MN/text/SF34/id/2200427,https://www.revisor.mn.gov/bills/text.php?number=SF34&version=0&session=ls91&session_year=2020&session_number=2&format=pdf
1373186,2200423,text,299914,application/pdf,Introduced,https://legiscan.com/MN/text/SF35/id/2200423,https://www.revisor.mn.gov/bills/text.php?number=SF35&version=0&session=ls91&session_year=2020&session_number=2&format=pdf
1373210,2200444,text,1114855,application/pdf,Introduced,https://legiscan.com/MN/text/SF36/id/2200444,https://www.revisor.mn.gov/bills/text.php?number=SF36&version=0&session=ls91&session_year=2020&session_number=2&format=pdf
1373237,2200493,text,987030,application/pdf,Introduced,https://legiscan.com/MN/text/SF37/id/2200493,https://www.revisor.mn.gov/bills/text.php?number=SF37&version=0&session=ls91&session_year=2020&session_number=2&format=pdf
1373246,2200497,text,207186,application/pdf,Introduced,https://legiscan.com/MN/text/SF38/id/2200497,https://www.revisor.mn.gov/bills/text.php?number=SF38&version=0&session=ls91&session_year=2020&session_number=2&format=pdf
1373243,2200495,text,206688,application/pdf,Introduced,https://legiscan.com/MN/text/SF39/id/2200495,https://www.revisor.mn.gov/bills/text.php?number=SF39&version=0&session=ls91&session_year=2020&session_number=2&format=pdf
1373599,2201189,text,376678,application/pdf,Introduced,https://legiscan.com/MN/text/SF40/id/2201189,https://www.revisor.mn.gov/bills/text.php?number=SF40&version=0&session=ls91&session_year=2020&session_number=2&format=pdf
1373627,2201217,text,264344,application/pdf,Introduced,https://legiscan.com/MN/text/SF41/id/2201217,https://www.revisor.mn.gov/bills/text.php?number=SF41&version=0&session=ls91&session_year=2020&session_number=2&format=pdf
1373602,2201192,text,214259,application/pdf,Introduced,https://legiscan.com/MN/text/SF42/id/2201192,https://www.revisor.mn.gov/bills/text.php?number=SF42&version=0&session=ls91&session_year=2020&session_number=2&format=pdf
1373609,2201199,text,2530944,application/pdf,Introduced,https://legiscan.com/MN/text/SF43/id/2201199,https://www.revisor.mn.gov/bills/text.php?number=SF43&version=0&session=ls91&session_year=2020&session_number=2&format=pdf
1373604,2201194,text,211106,application/pdf,Introduced,https://legiscan.com/MN/text/SF44/id/2201194,https://www.revisor.mn.gov/bills/text.php?number=SF44&version=0&session=ls91&session_year=2020&session_number=2&format=pdf
1373594,2201184,text,196620,application/pdf,Introduced,https://legiscan.com/MN/text/SF45/id/2201184,https://www.revisor.mn.gov/bills/text.php?number=SF45&version=0&session=ls91&session_year=2020&session_number=2&format=pdf
1373618,2201208,text,212744,application/pdf,Introduced,https://legiscan.com/MN/text/SF46/id/2201208,https://www.revisor.mn.gov/bills/text.php?number=SF46&version=0&session=ls91&session_year=2020&session_number=2&format=pdf
1373619,2201209,text,237395,application/pdf,Introduced,https://legiscan.com/MN/text/SF47/id/2201209,https://www.revisor.mn.gov/bills/text.php?number=SF47&version=0&session=ls91&session_year=2020&session_number=2&format=pdf
1373626,2201216,text,214558,application/pdf,Introduced,https://legiscan.com/MN/text/SF48/id/2201216,https://www.revisor.mn.gov/bills/text.php?number=SF48&version=0&session=ls91&session_year=2020&session_number=2&format=pdf
1373614,2201204,text,199488,application/pdf,Introduced,https://legiscan.com/MN/text/SF49/id/2201204,https://www.revisor.mn.gov/bills/text.php?number=SF49&version=0&session=ls91&session_year=2020&session_number=2&format=pdf
1373607,2201197,text,223983,application/pdf,Introduced,https://legiscan.com/MN/text/SF50/id/2201197,https://www.revisor.mn.gov/bills/text.php?number=SF50&version=0&session=ls91&session_year=2020&session_number=2&format=pdf
1373612,2201202,text,578565,application/pdf,Introduced,https://legiscan.com/MN/text/SF51/id/2201202,https://www.revisor.mn.gov/bills/text.php?number=SF51&version=0&session=ls91&session_year=2020&session_number=2&format=pdf
1373593,2201183,text,222532,application/pdf,Introduced,https://legiscan.com/MN/text/SF52/id/2201183,https://www.revisor.mn.gov/bills/text.php?number=SF52&version=0&session=ls91&session_year=2020&session_number=2&format=pdf
1373624,2201214,text,244274,application/pdf,Introduced,https://legiscan.com/MN/text/SF53/id/2201214,https://www.revisor.mn.gov/bills/text.php?number=SF53&version=0&session=ls91&session_year=2020&session_number=2&format=pdf
1373597,2201187,text,201180,application/pdf,Introduced,https://legiscan.com/MN/text/SF54/id/2201187,https://www.revisor.mn.gov/bills/text.php?number=SF54&version=0&session=ls91&session_year=2020&session_number=2&format=pdf
1373629,2201219,text,219721,application/pdf,Introduced,https://legiscan.com/MN/text/SF55/id/2201219,https://www.revisor.mn.gov/bills/text.php?number=SF55&version=0&session=ls91&session_year=2020&session_number=2&format=pdf
1373616,2201206,text,210198,application/pdf,Introduced,https://legiscan.com/MN/text/SF56/id/2201206,https://www.revisor.mn.gov/bills/text.php?number=SF56&version=0&session=ls91&session_year=2020&session_number=2&format=pdf
1373601,2201191,text,195439,application/pdf,Introduced,https://legiscan.com/MN/text/SF57/id/2201191,https://www.revisor.mn.gov/bills/text.php?number=SF57&version=0&session=ls91&session_year=2020&session_number=2&format=pdf
1373605,2201195,text,196763,application/pdf,Introduced,https://legiscan.com/MN/text/SF58/id/2201195,https://www.revisor.mn.gov/bills/text.php?number=SF58&version=0&session=ls91&session_year=2020&session_number=2&format=pdf
1373623,2201213,text,235820,application/pdf,Introduced,https://legiscan.com/MN/text/SF59/id/2201213,https://www.revisor.mn.gov/bills/text.php?number=SF59&version=0&session=ls91&session_year=2020&session_number=2&format=pdf
1373589,2201178,text,199006,application/pdf,Introduced,https://legiscan.com/MN/text/SF60/id/2201178,https://www.revisor.mn.gov/bills/text.php?number=SF60&version=0&session=ls91&session_year=2020&session_number=2&format=pdf
1373606,2201196,text,229538,application/pdf,Introduced,https://legiscan.com/MN/text/SF61/id/2201196,https://www.revisor.mn.gov/bills/text.php?number=SF61&version=0&session=ls91&session_year=2020&session_number=2&format=pdf
1373695,2201381,text,277630,application/pdf,Introduced,https://legiscan.com/MN/text/SF62/id/2201381,https://www.revisor.mn.gov/bills/text.php?number=SF62&version=0&session=ls91&session_year=2020&session_number=2&format=pdf
1373670,2201356,text,302342,application/pdf,Introduced,https://legiscan.com/MN/text/SF63/id/2201356,https://www.revisor.mn.gov/bills/text.php?number=SF63&version=0&session=ls91&session_year=2020&session_number=2&format=pdf
1373661,2201347,text,271545,application/pdf,Introduced,https://legiscan.com/MN/text/SF64/id/2201347,https://www.revisor.mn.gov/bills/text.php?number=SF64&version=0&session=ls91&session_year=2020&session_number=2&format=pdf
1373705,2201391,text,284071,application/pdf,Introduced,https://legiscan.com/MN/text/SF65/id/2201391,https://www.revisor.mn.gov/bills/text.php?number=SF65&version=0&session=ls91&session_year=2020&session_number=2&format=pdf
1373688,2201374,text,218278,application/pdf,Introduced,https://legiscan.com/MN/text/SF66/id/2201374,https://www.revisor.mn.gov/bills/text.php?number=SF66&version=0&session=ls91&session_year=2020&session_number=2&format=pdf
1373714,2201400,text,349761,application/pdf,Introduced,https://legiscan.com/MN/text/SF67/id/2201400,https://www.revisor.mn.gov/bills/text.php?number=SF67&version=0&session=ls91&session_year=2020&session_number=2&format=pdf
1373677,2201363,text,211471,application/pdf,Introduced,https://legiscan.com/MN/text/SF68/id/2201363,https://www.revisor.mn.gov/bills/text.php?number=SF68&version=0&session=ls91&session_year=2020&session_number=2&format=pdf
1373137,2200368,text,2005,text/html,Draft,https://legiscan.com/MN/text/SR1/id/2200368,https://www.revisor.mn.gov/bills/text.php?number=SR1&session=ls91&version=latest&session_number=2&session_year=2020
1373094,2200325,text,1236,text/html,Draft,https://legiscan.com/MN/text/SR2/id/2200325,https://www.revisor.mn.gov/bills/text.php?number=SR2&session=ls91&version=latest&session_number=2&session_year=2020
1373097,2200328,text,4514,text/html,Draft,https://legiscan.com/MN/text/SR3/id/2200328,https://www.revisor.mn.gov/bills/text.php?number=SR3&session=ls91&version=latest&session_number=2&session_year=2020
1373239,2200494,text,4320,text/html,Draft,https://legiscan.com/MN/text/SR4/id/2200494,https://www.revisor.mn.gov/bills/text.php?number=SR4&session=ls91&version=latest&session_number=2&session_year=2020
1373591,2201180,text,5005,text/html,Draft,https://legiscan.com/MN/text/SR5/id/2201180,https://www.revisor.mn.gov/bills/text.php?number=SR5&session=ls91&version=latest&session_number=2&session_year=2020
1373598,2201188,text,9449,text/html,Draft,https://legiscan.com/MN/text/SR6/id/2201188,https://www.revisor.mn.gov/bills/text.php?number=SR6&session=ls91&version=latest&session_number=2&session_year=2020
1373655,2201338,text,1323,text/html,Draft,https://legiscan.com/MN/text/SR7/id/2201338,https://www.revisor.mn.gov/bills/text.php?number=SR7&session=ls91&version=latest&session_number=2&session_year=2020
1373787,2201465,text,1323,text/html,Draft,https://legiscan.com/MN/text/SR8/id/2201465,https://www.revisor.mn.gov/bills/text.php?number=SR8&session=ls91&version=latest&session_number=2&session_year=2020
1373133,2200364,text,3876,text/html,Draft,https://legiscan.com/MN/text/SC1/id/2200364,https://www.revisor.mn.gov/bills/text.php?number=SC1&session=ls91&version=latest&session_number=2&session_year=2020
1373130,2200361,text,5390,text/html,Draft,https://legiscan.com/MN/text/SC2/id/2200361,https://www.revisor.mn.gov/bills/text.php?number=SC2&session=ls91&version=latest&session_number=2&session_year=2020
