bill_id,date,chamber,sequence,action
1373094,2020-07-13,Senate,1,Introduction
1373094,2020-07-13,Senate,2,"Adopted (voice vote)"
1373095,2020-07-13,Senate,1,"Introduction and first reading"
1373095,2020-07-13,Senate,2,"By Motion, Laid on Table"
1373095,2020-07-13,Senate,3,"Taken from table"
1373095,2020-07-13,Senate,4,"Urgency declared rules suspended"
1373095,2020-07-13,Senate,5,"Second reading"
1373095,2020-07-13,Senate,6,"Third reading Passed as amended"
1373095,2020-07-14,House,7,"Received from Senate"
1373095,2020-07-14,House,8,"Senate file first reading, referred to Transportation Finance and Policy Division"
1373095,2020-07-20,House,9,"Motion to recall"
1373095,2020-07-20,House,10,"Motion prevailed"
1373095,2020-07-20,House,11,"Motion to suspend rules"
1373095,2020-07-20,House,12,"Motion prevailed"
1373095,2020-07-20,House,13,"Second reading"
1373095,2020-07-20,House,14,"Third reading"
1373095,2020-07-20,House,15,"Bill was passed"
1373095,2020-07-20,Senate,16,"Returned from House"
1373095,2020-07-21,,17,"Presented to Governor"
1373095,2020-07-23,,18,"Governor's action Approval "
1373095,2020-07-23,,19,"Secretary of State Chapter 2 "
1373095,2020-07-23,,20,"Secretary of State, Filed "
1373096,2020-07-13,House,1,"Introduction and first reading, referred to Ways and Means"
1373096,2020-07-14,House,2,"Author added Masin"
1373097,2020-07-13,Senate,1,Introduction
1373097,2020-07-13,Senate,2,"Laid on table"
1373098,2020-07-13,Senate,1,"Introduction and first reading"
1373098,2020-07-13,Senate,2,"By Motion, Laid on Table"
1373098,2020-07-20,Senate,3,"Taken from table"
1373098,2020-07-20,Senate,4,"Second reading"
1373098,2020-07-20,Senate,5,"Laid on table"
1373099,2020-07-13,House,1,"Introduction and first reading, referred to Judiciary Finance and Civil Law Division"
1373100,2020-07-13,Senate,1,"Introduction and first reading"
1373100,2020-07-13,Senate,2,"Referred to Rules and Administration"
1373101,2020-07-13,House,1,"Introduction and first reading, referred to Judiciary Finance and Civil Law Division"
1373102,2020-07-13,Senate,1,"Introduction and first reading"
1373102,2020-07-13,Senate,2,"By Motion, Laid on Table"
1373102,2020-07-20,Senate,3,"Taken from table"
1373102,2020-07-20,Senate,4,"Second reading"
1373102,2020-07-20,Senate,5,"Laid on table"
1373103,2020-07-13,House,1,"Introduction and first reading, referred to Judiciary Finance and Civil Law Division"
1373103,2020-07-14,House,2,"Author added Richardson"
1373103,2020-07-20,House,3,"Author added Bernardy"
1373104,2020-07-13,Senate,1,"Introduction and first reading"
1373104,2020-07-13,Senate,2,"Referred to Rules and Administration"
1373105,2020-07-13,House,1,"Introduction and first reading, referred to Ways and Means"
1373105,2020-07-14,House,2,"Committee report, to adopt as amended"
1373105,2020-07-14,House,3,"Second reading"
1373105,2020-07-14,House,4,"Author added Moller"
1373105,2020-07-20,House,5,"House rule 1.21, placed on Calendar for the Day Monday, July 20, 2020"
1373106,2020-07-13,Senate,1,"Introduction and first reading"
1373106,2020-07-13,Senate,2,"Referred to Rules and Administration"
1373107,2020-07-13,Senate,1,"Introduction and first reading"
1373107,2020-07-13,Senate,2,"By Motion, Laid on Table"
1373107,2020-07-13,Senate,3,"Author added Nelson"
1373107,2020-07-20,Senate,4,"Taken from table"
1373107,2020-07-20,Senate,5,"Second reading"
1373107,2020-07-20,Senate,6,"Laid on table"
1373108,2020-07-13,Senate,1,"Introduction and first reading"
1373108,2020-07-13,Senate,2,"Referred to Rules and Administration"
1373109,2020-07-13,Senate,1,"Introduction and first reading"
1373109,2020-07-13,Senate,2,"Referred to Rules and Administration"
1373110,2020-07-13,House,1,"Introduction and first reading, referred to Ways and Means"
1373110,2020-07-14,House,2,"Committee report, to adopt as amended"
1373110,2020-07-14,House,3,"Second reading"
1373110,2020-07-14,House,4,"Author added Lee"
1373110,2020-07-20,House,5,"House rule 1.21, placed on Calendar for the Day Monday, July 20, 2020"
1373110,2020-07-20,House,6,Amended
1373110,2020-07-20,House,7,"Third reading as amended"
1373110,2020-07-20,House,8,"Bill was not passed as amended three-fifths majority required"
1373110,2020-07-20,House,9,"Authors added Bernardy; Sandell; Carlson, L.; and Masin"
1373111,2020-07-13,Senate,1,"Introduction and first reading"
1373111,2020-07-13,Senate,2,"By Motion, Laid on Table"
1373111,2020-07-13,Senate,3,"Author added Hoffman"
1373111,2020-07-13,Senate,4,"Author added Nelson"
1373111,2020-07-20,Senate,5,"Taken from table"
1373111,2020-07-20,Senate,6,"Second reading"
1373111,2020-07-20,Senate,7,"Laid on table"
1373112,2020-07-13,House,1,"Introduction and first reading, referred to Government Operations"
1373112,2020-07-14,House,2,"Authors added Xiong, J.; Mariani; Moran; Hassan; Noor; Her; Vang; Lee; Kunesh-Podein; Xiong, T.; Mann; Richardson; and Becker-Finn"
1373113,2020-07-13,House,1,"Introduction and first reading, referred to Environment and Natural Resources Policy"
1373114,2020-07-13,Senate,1,"Introduction and first reading"
1373114,2020-07-13,Senate,2,"Referred to Rules and Administration"
1373114,2020-07-13,Senate,3,"Author added Simonson"
1373114,2020-07-20,Senate,4,"Author added Dahms"
1373115,2020-07-13,House,1,"Introduction and first reading, referred to Education Policy"
1373115,2020-07-20,House,2,"Author added Bernardy"
1373116,2020-07-13,Senate,1,"Introduction and first reading"
1373116,2020-07-13,Senate,2,"By Motion, Laid on Table"
1373116,2020-07-13,Senate,3,"Author added Tomassoni"
1373116,2020-07-20,Senate,4,"Authors added Nelson; Newton"
1373116,2020-07-20,Senate,5,"Taken from table"
1373116,2020-07-20,Senate,6,"Second reading"
1373116,2020-07-20,Senate,7,"Laid on table"
1373117,2020-07-13,House,1,"Introduction and first reading, referred to Ways and Means"
1373117,2020-07-20,House,2,"Author added Jordan"
1373118,2020-07-13,House,1,"Introduction and first reading, referred to Ways and Means"
1373119,2020-07-13,Senate,1,"Introduction and first reading"
1373119,2020-07-13,Senate,2,"Referred to Rules and Administration"
1373120,2020-07-13,House,1,"Introduction and first reading, referred to Ways and Means"
1373120,2020-07-14,House,2,"Authors added Huot and Tabke"
1373121,2020-07-13,House,1,"Introduction and first reading, referred to Jobs and Economic Development Finance Division"
1373121,2020-07-14,House,2,"Author added Lislegard"
1373122,2020-07-13,Senate,1,"Introduction and first reading"
1373122,2020-07-13,Senate,2,"By Motion, Laid on Table"
1373122,2020-07-20,Senate,3,"Taken from table"
1373122,2020-07-20,Senate,4,"Second reading"
1373122,2020-07-20,Senate,5,"Laid on table"
1373123,2020-07-13,House,1,"Introduction and first reading, referred to Higher Education Finance and Policy Division"
1373124,2020-07-13,House,1,"Introduction and first reading, referred to Ways and Means"
1373124,2020-07-14,House,2,"Authors added Becker-Finn and Moller"
1373124,2020-07-20,House,3,"Author added Bernardy"
1373125,2020-07-13,Senate,1,"Introduction and first reading"
1373125,2020-07-13,Senate,2,"Referred to Rules and Administration"
1373126,2020-07-13,House,1,"Introduction and first reading, referred to Ways and Means"
1373126,2020-07-14,House,2,"Authors added Becker-Finn, Claflin, Morrison, Her, and Lee"
1373126,2020-07-20,House,3,"Author added Bernardy"
1373127,2020-07-13,House,1,"Introduction and first reading, referred to Education Policy"
1373127,2020-07-20,House,2,"Authors added Youakim, Bernardy, Lee"
1373128,2020-07-13,House,1,"Introduction and first reading, referred to Government Operations"
1373128,2020-07-20,House,2,"Author added Bernardy"
1373129,2020-07-13,Senate,1,"Introduction and first reading"
1373129,2020-07-13,Senate,2,"Referred to Rules and Administration"
1373130,2020-07-13,Senate,1,Introduction
1373130,2020-07-13,Senate,2,"Adopted (voice vote)"
1373130,2020-07-14,House,3,"Received from Senate"
1373130,2020-07-14,House,4,"Motion to suspend rules"
1373130,2020-07-14,House,5,"Motion prevailed"
1373130,2020-07-14,House,6,"Resolution was adopted"
1373130,2020-07-20,Senate,7,"Returned from House"
1373131,2020-07-13,Senate,1,"Introduction and first reading"
1373131,2020-07-13,Senate,2,"By Motion, Laid on Table"
1373131,2020-07-13,Senate,3,"Taken from table"
1373131,2020-07-13,Senate,4,"Urgency declared rules suspended"
1373131,2020-07-13,Senate,5,"Second reading"
1373131,2020-07-13,Senate,6,"Third reading Passed"
1373131,2020-07-13,Senate,7,"Author added Nelson"
1373131,2020-07-14,House,8,"Received from Senate"
1373131,2020-07-14,House,9,"Senate file first reading, referred for comparison HF35"
1373131,2020-07-20,House,10,"Bills identical, SF substituted on General Register"
1373131,2020-07-20,House,11,"Second reading"
1373132,2020-07-13,Senate,1,"Introduction and first reading"
1373132,2020-07-13,Senate,2,"By Motion, Laid on Table"
1373132,2020-07-13,Senate,3,"Author added Bigham"
1373132,2020-07-13,Senate,4,"Author added Hoffman"
1373132,2020-07-20,Senate,5,"Taken from table"
1373132,2020-07-20,Senate,6,"Second reading"
1373132,2020-07-20,Senate,7,"Laid on table"
1373133,2020-07-13,Senate,1,Introduction
1373133,2020-07-13,Senate,2,Adopted
1373133,2020-07-14,House,3,"Received from Senate"
1373133,2020-07-14,House,4,"Resolution referred to Rules and Legislative Administration"
1373134,2020-07-13,House,1,"Resolution introduced"
1373134,2020-07-13,House,2,"Resolution referred to Rules and Legislative Administration"
1373134,2020-07-14,House,3,"Committee report, to adopt"
1373134,2020-07-14,House,4,"Authors added Xiong, J., and Hassan"
1373134,2020-07-20,House,5,"Resolution considered"
1373134,2020-07-20,House,6,"Resolution was adopted"
1373134,2020-07-20,House,7,"Authors added Becker-Finn, Sandell"
1373135,2020-07-13,Senate,1,"Introduction and first reading"
1373135,2020-07-13,Senate,2,"By Motion, Laid on Table"
1373135,2020-07-13,Senate,3,"Taken from table"
1373135,2020-07-13,Senate,4,"Urgency declared rules suspended"
1373135,2020-07-13,Senate,5,"Second reading"
1373135,2020-07-13,Senate,6,"Third reading Passed as amended"
1373135,2020-07-14,House,7,"Received from Senate"
1373135,2020-07-14,House,8,"Senate file first reading, referred for comparison HF33"
1373135,2020-07-20,House,9,"Bills not identical, SF substituted on General Register"
1373135,2020-07-20,House,10,"Second reading"
1373136,2020-07-13,House,1,"Introduction and first reading, referred to Ways and Means"
1373137,2020-07-13,Senate,1,Introduction
1373137,2020-07-13,Senate,2,Adopted
1373138,2020-07-13,House,1,"Introduction and first reading, referred to Government Operations"
1373138,2020-07-14,House,2,"Author added Claflin"
1373138,2020-07-20,House,3,"Author added Jordan"
1373139,2020-07-13,Senate,1,"Introduction and first reading"
1373139,2020-07-13,Senate,2,"Referred to Rules and Administration"
1373140,2020-07-13,House,1,"Resolution introduced"
1373140,2020-07-13,House,2,"Resolution referred to Rules and Legislative Administration"
1373140,2020-07-14,House,3,"Motion to suspend rules"
1373140,2020-07-14,House,4,"Motion did not prevail"
1373141,2020-07-13,House,1,"Introduction and first reading, referred to Ways and Means"
1373142,2020-07-13,Senate,1,"Introduction and first reading"
1373142,2020-07-13,Senate,2,"By Motion, Laid on Table"
1373142,2020-07-13,Senate,3,"Authors added Housley; Pratt"
1373142,2020-07-13,Senate,4,"Authors added Nelson; Draheim"
1373142,2020-07-20,Senate,5,"Taken from table"
1373142,2020-07-20,Senate,6,"Second reading"
1373142,2020-07-20,Senate,7,"Laid on table"
1373142,2020-07-20,Senate,8,"Taken from table"
1373142,2020-07-20,Senate,9,"Motion did not prevail for urgency and rules suspension"
1373142,2020-07-20,Senate,10,"Laid on table"
1373143,2020-07-13,House,1,"Introduction and first reading, referred to Ways and Means"
1373143,2020-07-14,House,2,"Committee report, to adopt"
1373143,2020-07-14,House,3,"Second reading"
1373143,2020-07-14,House,4,"Authors added Becker-Finn, Richardson, Moller, Moran, and Mann"
1373143,2020-07-20,House,5,"House rule 1.21, placed on Calendar for the Day Monday, July 20, 2020"
1373143,2020-07-20,House,6,Amended
1373143,2020-07-20,House,7,"Third reading as amended"
1373143,2020-07-20,House,8,"Bill was passed as amended"
1373143,2020-07-20,House,9,"Authors added Freiberg, Bernardy, Sandell, Christensen, Hansen, Noor, and Cantrell"
1373143,2020-07-20,Senate,10,"Received from House"
1373143,2020-07-20,Senate,11,"Introduction and first reading"
1373143,2020-07-20,Senate,12,"Urgency declared rules suspended"
1373143,2020-07-21,Senate,13,"Second reading"
1373143,2020-07-21,Senate,14,"Third reading Passed"
1373143,2020-07-21,,15,"Presented to Governor"
1373143,2020-07-23,,16,"Secretary of State, Filed "
1373143,2020-07-23,,17,"Governor's action Approval "
1373143,2020-07-23,,18,"Secretary of State Chapter 1 "
1373144,2020-07-13,Senate,1,"Introduction and first reading"
1373144,2020-07-13,Senate,2,"By Motion, Laid on Table"
1373144,2020-07-20,Senate,3,"Taken from table"
1373144,2020-07-20,Senate,4,"Second reading"
1373144,2020-07-20,Senate,5,"Laid on table"
1373145,2020-07-13,Senate,1,"Introduction and first reading"
1373145,2020-07-13,Senate,2,"Referred to Rules and Administration"
1373149,2020-07-13,House,1,"Introduction and first reading, referred to Education Policy"
1373150,2020-07-13,House,1,"Introduction and first reading, referred to Education Policy"
1373152,2020-07-13,Senate,1,"Introduction and first reading"
1373152,2020-07-13,Senate,2,"Referred to Rules and Administration"
1373154,2020-07-13,House,1,"Introduction and first reading, referred to Public Safety and Criminal Justice Reform Finance and Policy Division"
1373155,2020-07-13,House,1,"Introduction and first reading, referred to Ways and Means"
1373155,2020-07-14,House,2,"Committee report, to adopt as amended"
1373155,2020-07-14,House,3,"Second reading"
1373155,2020-07-14,House,4,"Referred to Chief Clerk for comparison with SF12"
1373155,2020-07-14,House,5,"Authors added Liebling, Schultz, Moller, Freiberg, and Masin"
1373155,2020-07-20,House,6,"Bills not identical, SF substituted on General Register"
1373155,2020-07-20,House,7,"HF indefinitely postponed"
1373155,2020-07-20,House,8,"Authors added Lueck, Elkins, Brand, Bierman, Tabke, Christensen, Backer, Sandstede, Bernardy"
1373156,2020-07-13,House,1,"Introduction and first reading, referred to Education Policy"
1373157,2020-07-13,House,1,"Introduction and first reading, referred to Government Operations"
1373159,2020-07-13,House,1,"Introduction and first reading, referred to Jobs and Economic Development Finance Division"
1373159,2020-07-20,House,2,"Committee report, to adopt"
1373159,2020-07-20,House,3,"Second reading"
1373159,2020-07-20,House,4,"Author added Ecklund"
1373162,2020-07-13,Senate,1,"Introduction and first reading"
1373162,2020-07-13,Senate,2,"Referred to Rules and Administration"
1373163,2020-07-13,House,1,"Introduction and first reading, referred to Long-Term Care Division"
1373166,2020-07-13,Senate,1,"Introduction and first reading"
1373166,2020-07-13,Senate,2,"Referred to Rules and Administration"
1373167,2020-07-13,House,1,"Introduction and first reading, referred to Labor"
1373168,2020-07-13,House,1,"Introduction and first reading, referred to Taxes"
1373169,2020-07-13,Senate,1,"Introduction and first reading"
1373169,2020-07-13,Senate,2,"By Motion, Laid on Table"
1373169,2020-07-20,Senate,3,"Taken from table"
1373169,2020-07-20,Senate,4,"Second reading"
1373169,2020-07-20,Senate,5,"Laid on table"
1373171,2020-07-13,House,1,"Introduction and first reading, referred to Jobs and Economic Development Finance Division"
1373171,2020-07-20,House,2,"Committee report, to adopt and re-refer to Ways and Means"
1373173,2020-07-13,House,1,"Introduction and first reading, referred to Ways and Means"
1373173,2020-07-14,House,2,"Committee report, to adopt"
1373173,2020-07-14,House,3,"Second reading"
1373173,2020-07-14,House,4,"Referred to Chief Clerk for comparison with SF2"
1373173,2020-07-20,House,5,"Bills identical, SF substituted on General Register"
1373173,2020-07-20,House,6,"HF indefinitely postponed"
1373174,2020-07-13,House,1,"Introduction and first reading, referred to Capital Investment Division"
1373174,2020-07-20,House,2,"Author added Davnie"
1373176,2020-07-13,House,1,"Introduction and first reading, referred to Education Policy"
1373177,2020-07-13,House,1,"Introduction and first reading, referred to Capital Investment Division"
1373179,2020-07-13,House,1,"Introduction and first reading, referred to Judiciary Finance and Civil Law Division"
1373181,2020-07-13,House,1,"Introduction and first reading, referred to Taxes"
1373184,2020-07-13,House,1,"Introduction and first reading, referred to Veterans and Military Affairs Finance and Policy Division"
1373184,2020-07-14,House,2,"Author added Masin"
1373184,2020-07-20,House,3,"Author added Dettmer"
1373186,2020-07-13,Senate,1,"Introduction and first reading"
1373186,2020-07-13,Senate,2,"Referred to Rules and Administration"
1373187,2020-07-13,House,1,"Introduction and first reading, referred to Transportation Finance and Policy Division"
1373187,2020-07-14,House,2,"Author added Moller"
1373188,2020-07-13,House,1,"Introduction and first reading, referred to Energy and Climate Finance and Policy Division"
1373190,2020-07-13,Senate,1,"Introduction and first reading"
1373190,2020-07-13,Senate,2,"Referred to Rules and Administration"
1373192,2020-07-13,House,1,"Introduction and first reading, referred to Education Finance Division"
1373193,2020-07-13,Senate,1,"Introduction and first reading"
1373193,2020-07-13,Senate,2,"By Motion, Laid on Table"
1373193,2020-07-20,Senate,3,"Taken from table"
1373193,2020-07-20,Senate,4,"Second reading"
1373193,2020-07-20,Senate,5,"Laid on table"
1373194,2020-07-13,House,1,"Introduction and first reading, referred to Public Safety and Criminal Justice Reform Finance and Policy Division"
1373194,2020-07-20,House,2,"Author added Bernardy"
1373197,2020-07-13,House,1,"Introduction and first reading, referred to Jobs and Economic Development Finance Division"
1373198,2020-07-13,House,1,"Introduction and first reading, referred to Jobs and Economic Development Finance Division"
1373200,2020-07-13,House,1,"Introduction and first reading, referred to Education Policy"
1373200,2020-07-20,House,2,"Author added Robbins"
1373201,2020-07-13,House,1,"Introduction and first reading, referred to Ways and Means"
1373201,2020-07-14,House,2,"Committee report, to adopt"
1373201,2020-07-14,House,3,"Second reading"
1373202,2020-07-13,Senate,1,"Introduction and first reading"
1373202,2020-07-13,Senate,2,"Referred to Rules and Administration"
1373203,2020-07-13,House,1,"Introduction and first reading, referred to Energy and Climate Finance and Policy Division"
1373205,2020-07-13,Senate,1,"Introduction and first reading"
1373205,2020-07-13,Senate,2,"Referred to Rules and Administration"
1373206,2020-07-13,House,1,"Introduction and first reading, referred to Taxes"
1373208,2020-07-13,House,1,"Introduction and first reading, referred to Education Finance Division"
1373210,2020-07-13,Senate,1,"Introduction and first reading"
1373210,2020-07-13,Senate,2,"Referred to Rules and Administration"
1373210,2020-07-13,Senate,3,"Author added Hayden"
1373212,2020-07-13,House,1,"Introduction and first reading, referred to Labor"
1373213,2020-07-13,House,1,"Introduction and first reading, referred to Health and Human Services Policy"
1373213,2020-07-14,House,2,"Author added Becker-Finn"
1373213,2020-07-20,House,3,"Authors added Morrison, Bernardy"
1373214,2020-07-13,House,1,"Introduction and first reading, referred to Education Finance Division"
1373217,2020-07-13,House,1,"Introduction and first reading, referred to Education Policy"
1373217,2020-07-20,House,2,"Author added Jurgens"
1373219,2020-07-13,House,1,"Introduction and first reading, referred to Public Safety and Criminal Justice Reform Finance and Policy Division"
1373221,2020-07-13,House,1,"Introduction and first reading, referred to Jobs and Economic Development Finance Division"
1373221,2020-07-20,House,2,"Committee report, to adopt as amended and re-refer to Ways and Means"
1373221,2020-07-20,House,3,"Author added Jordan"
1373223,2020-07-13,Senate,1,"Introduction and first reading"
1373223,2020-07-13,Senate,2,"Referred to Rules and Administration"
1373224,2020-07-13,House,1,"Introduction and first reading, referred to Capital Investment Division"
1373225,2020-07-13,House,1,"Introduction and first reading, referred to Ways and Means"
1373225,2020-07-14,House,2,"Author added Lee"
1373226,2020-07-13,House,1,"Introduction and first reading, referred to Ways and Means"
1373228,2020-07-13,House,1,"Introduction and first reading, referred to Education Policy"
1373228,2020-07-14,House,2,"Authors added Jurgens and Robbins"
1373228,2020-07-20,House,3,"Author added Fabian"
1373229,2020-07-13,Senate,1,"Introduction and first reading"
1373229,2020-07-13,Senate,2,"Referred to Rules and Administration"
1373229,2020-07-20,Senate,3,"Motion did not prevail to withdraw from committee and lay on table"
1373231,2020-07-13,Senate,1,"Introduction and first reading"
1373231,2020-07-13,Senate,2,"By Motion, Laid on Table"
1373231,2020-07-20,Senate,3,"Taken from table"
1373231,2020-07-20,Senate,4,"Second reading"
1373231,2020-07-20,Senate,5,"Laid on table"
1373232,2020-07-13,House,1,"Introduction and first reading, referred to Ways and Means"
1373232,2020-07-14,House,2,"Author added Lee"
1373232,2020-07-20,House,3,"Author added Bernardy"
1373237,2020-07-13,Senate,1,"Introduction and first reading"
1373237,2020-07-13,Senate,2,"Referred to Rules and Administration"
1373237,2020-07-20,Senate,3,"Authors stricken Hawj; Torres Ray; Franzen"
1373237,2020-07-20,Senate,4,"Chief author stricken, shown as co-author Hayden"
1373237,2020-07-20,Senate,5,"Chief author added Limmer"
1373237,2020-07-20,Senate,6,"Authors added Gazelka; Hall"
1373237,2020-07-20,Senate,7,"Authors stricken Hayden; Champion"
1373237,2020-07-20,Senate,8,"Author added Relph"
1373239,2020-07-13,Senate,1,Introduction
1373239,2020-07-13,Senate,2,"Referred to Rules and Administration"
1373243,2020-07-13,Senate,1,"Introduction and first reading"
1373243,2020-07-13,Senate,2,"Referred to Rules and Administration"
1373243,2020-07-13,Senate,3,"Author added Carlson"
1373246,2020-07-13,Senate,1,"Introduction and first reading"
1373246,2020-07-13,Senate,2,"Referred to Rules and Administration"
1373314,2020-07-14,House,1,"Introduction and first reading, referred to Ways and Means"
1373315,2020-07-14,House,1,"Introduction and first reading, referred to Veterans and Military Affairs Finance and Policy Division"
1373316,2020-07-14,House,1,"Introduction and first reading, referred to Public Safety and Criminal Justice Reform Finance and Policy Division"
1373316,2020-07-20,House,2,"Author added Jordan"
1373317,2020-07-14,House,1,"Introduction and first reading, referred to Transportation Finance and Policy Division"
1373318,2020-07-14,House,1,"Introduction and first reading, referred to Jobs and Economic Development Finance Division"
1373319,2020-07-14,House,1,"Introduction and first reading, referred to Long-Term Care Division"
1373319,2020-07-20,House,2,"Authors added Becker-Finn, Moller, Bernardy"
1373320,2020-07-14,House,1,"Introduction and first reading, referred to Energy and Climate Finance and Policy Division"
1373321,2020-07-14,House,1,"Introduction and first reading, referred to Government Operations"
1373321,2020-07-20,House,2,"Author added Jordan"
1373323,2020-07-14,House,1,"Introduction and first reading, referred to Veterans and Military Affairs Finance and Policy Division"
1373323,2020-07-20,House,2,"Author added Bernardy"
1373324,2020-07-14,House,1,"Introduction and first reading, referred to Government Operations"
1373324,2020-07-20,House,2,"Committee report, to adopt as amended and re-refer to Commerce"
1373325,2020-07-14,House,1,"Introduction and first reading, referred to Health and Human Services Finance Division"
1373327,2020-07-14,House,1,"Introduction and first reading, referred to Health and Human Services Policy"
1373327,2020-07-20,House,2,"Authors added Jordan, Bernardy"
1373328,2020-07-14,House,1,"Introduction and first reading, referred to Public Safety and Criminal Justice Reform Finance and Policy Division"
1373328,2020-07-20,House,2,"Authors added Freiberg, Jordan"
1373330,2020-07-14,House,1,"Introduction and first reading, referred to Veterans and Military Affairs Finance and Policy Division"
1373330,2020-07-20,House,2,"Author added Bernardy"
1373331,2020-07-14,House,1,"Introduction and first reading, referred to Veterans and Military Affairs Finance and Policy Division"
1373332,2020-07-14,House,1,"Introduction and first reading, referred to Education Policy"
1373333,2020-07-14,House,1,"Introduction and first reading, referred to Government Operations"
1373333,2020-07-20,House,2,"Authors added Robbins, Boe, Erickson"
1373334,2020-07-14,House,1,"Introduction and first reading, referred to Public Safety and Criminal Justice Reform Finance and Policy Division"
1373335,2020-07-14,House,1,"Introduction and first reading, referred to Energy and Climate Finance and Policy Division"
1373336,2020-07-14,House,1,"Introduction and first reading, referred to Veterans and Military Affairs Finance and Policy Division"
1373336,2020-07-20,House,2,"Author added Bernardy"
1373337,2020-07-14,House,1,"Introduction and first reading, referred to Education Finance Division"
1373338,2020-07-14,House,1,"Introduction and first reading, referred to Public Safety and Criminal Justice Reform Finance and Policy Division"
1373339,2020-07-14,House,1,"Resolution introduced"
1373339,2020-07-14,House,2,"Resolution referred to Rules and Legislative Administration"
1373340,2020-07-14,House,1,"Introduction and first reading, referred to Transportation Finance and Policy Division"
1373340,2020-07-20,House,2,"Authors added Jordan, Hornstein"
1373341,2020-07-14,House,1,"Introduction and first reading, referred to Rules and Legislative Administration"
1373341,2020-07-20,House,2,"Author added Bahr"
1373343,2020-07-14,House,1,"Introduction and first reading, referred to State Government Finance Division"
1373344,2020-07-14,House,1,"Introduction and first reading, referred to Government Operations"
1373345,2020-07-14,House,1,"Introduction and first reading, referred to Labor"
1373347,2020-07-14,House,1,"Introduction and first reading, referred to Capital Investment Division"
1373348,2020-07-14,House,1,"Introduction and first reading, referred to Housing Finance and Policy Division"
1373350,2020-07-14,House,1,"Introduction and first reading, referred to Health and Human Services Finance Division"
1373350,2020-07-20,House,2,"Author added Haley"
1373589,2020-07-20,Senate,1,"Introduction and first reading"
1373589,2020-07-20,Senate,2,"By Motion, Laid on Table"
1373589,2020-07-20,Senate,3,"Author added Weber"
1373591,2020-07-20,Senate,1,Introduction
1373591,2020-07-20,Senate,2,Adopted
1373593,2020-07-20,Senate,1,"Introduction and first reading"
1373593,2020-07-20,Senate,2,"Referred to Rules and Administration"
1373593,2020-07-20,Senate,3,"Authors added Hayden; Torres Ray; Cwodzinski; Eaton"
1373594,2020-07-20,Senate,1,"Introduction and first reading"
1373594,2020-07-20,Senate,2,"Referred to Rules and Administration"
1373597,2020-07-20,Senate,1,"Introduction and first reading"
1373597,2020-07-20,Senate,2,"Referred to Rules and Administration"
1373597,2020-07-20,Senate,3,"Authors added Hawj; Eaton"
1373598,2020-07-20,Senate,1,Introduction
1373598,2020-07-20,Senate,2,"Referred to Rules and Administration"
1373599,2020-07-20,Senate,1,"Introduction and first reading"
1373599,2020-07-20,Senate,2,"By Motion, Laid on Table"
1373601,2020-07-20,Senate,1,"Introduction and first reading"
1373601,2020-07-20,Senate,2,"By Motion, Laid on Table"
1373601,2020-07-20,Senate,3,"Authors added Ruud; Relph; Jasinski; Lang"
1373602,2020-07-20,Senate,1,"Introduction and first reading"
1373602,2020-07-20,Senate,2,"By Motion, Laid on Table"
1373604,2020-07-20,Senate,1,"Introduction and first reading"
1373604,2020-07-20,Senate,2,"Referred to Rules and Administration"
1373605,2020-07-20,Senate,1,"Introduction and first reading"
1373605,2020-07-20,Senate,2,"By Motion, Laid on Table"
1373605,2020-07-20,Senate,3,"Authors added Jasinski; Howe; Draheim; Utke"
1373606,2020-07-20,Senate,1,"Introduction and first reading"
1373606,2020-07-20,Senate,2,"Referred to Rules and Administration"
1373607,2020-07-20,Senate,1,"Introduction and first reading"
1373607,2020-07-20,Senate,2,"Referred to Rules and Administration"
1373609,2020-07-20,Senate,1,"Introduction and first reading"
1373609,2020-07-20,Senate,2,"By Motion, Laid on Table"
1373612,2020-07-20,Senate,1,"Introduction and first reading"
1373612,2020-07-20,Senate,2,"Referred to Rules and Administration"
1373614,2020-07-20,Senate,1,"Introduction and first reading"
1373614,2020-07-20,Senate,2,"Referred to Rules and Administration"
1373616,2020-07-20,Senate,1,"Introduction and first reading"
1373616,2020-07-20,Senate,2,"Referred to Rules and Administration"
1373618,2020-07-20,Senate,1,"Introduction and first reading"
1373618,2020-07-20,Senate,2,"Referred to Rules and Administration"
1373619,2020-07-20,Senate,1,"Introduction and first reading"
1373619,2020-07-20,Senate,2,"Referred to Rules and Administration"
1373623,2020-07-20,Senate,1,"Introduction and first reading"
1373623,2020-07-20,Senate,2,"Referred to Rules and Administration"
1373624,2020-07-20,Senate,1,"Introduction and first reading"
1373624,2020-07-20,Senate,2,"Referred to Rules and Administration"
1373626,2020-07-20,Senate,1,"Introduction and first reading"
1373626,2020-07-20,Senate,2,"Referred to Rules and Administration"
1373627,2020-07-20,Senate,1,"Introduction and first reading"
1373627,2020-07-20,Senate,2,"By Motion, Laid on Table"
1373629,2020-07-20,Senate,1,"Introduction and first reading"
1373629,2020-07-20,Senate,2,"Referred to Rules and Administration"
1373635,2020-07-20,House,1,"Introduction and first reading, referred to Jobs and Economic Development Finance Division"
1373638,2020-07-20,House,1,"Introduction and first reading, referred to Energy and Climate Finance and Policy Division"
1373641,2020-07-20,House,1,"Introduction and first reading, referred to Education Policy"
1373646,2020-07-20,House,1,"Introduction and first reading, referred to Public Safety and Criminal Justice Reform Finance and Policy Division"
1373651,2020-07-20,House,1,"Introduction and first reading, referred to Public Safety and Criminal Justice Reform Finance and Policy Division"
1373651,2020-07-20,House,2,"Author added Bernardy"
1373655,2020-07-20,Senate,1,Introduction
1373655,2020-07-20,Senate,2,"Referred to Rules and Administration"
1373658,2020-07-20,House,1,"Introduction and first reading, referred to Education Policy"
1373660,2020-07-20,House,1,"Introduction and first reading, referred to Public Safety and Criminal Justice Reform Finance and Policy Division"
1373661,2020-07-20,Senate,1,"Introduction and first reading"
1373661,2020-07-20,Senate,2,"Referred to Rules and Administration"
1373670,2020-07-20,Senate,1,"Introduction and first reading"
1373670,2020-07-20,Senate,2,"Referred to Rules and Administration"
1373677,2020-07-20,Senate,1,"Introduction and first reading"
1373677,2020-07-20,Senate,2,"Referred to Rules and Administration"
1373688,2020-07-20,Senate,1,"Introduction and first reading"
1373688,2020-07-20,Senate,2,"Referred to Rules and Administration"
1373695,2020-07-20,Senate,1,"Introduction and first reading"
1373695,2020-07-20,Senate,2,"Referred to Rules and Administration"
1373705,2020-07-20,Senate,1,"Introduction and first reading"
1373705,2020-07-20,Senate,2,"Referred to Rules and Administration"
1373714,2020-07-20,Senate,1,"Introduction and first reading"
1373714,2020-07-20,Senate,2,"Referred to Rules and Administration"
1373787,2020-07-20,Senate,1,Introduction
1373787,2020-07-20,Senate,2,"Adopted (voice vote)"
