people_id,name,first_name,middle_name,last_name,suffix,nickname,party_id,party,role_id,role,district,followthemoney_eid,votesmart_id,opensecrets_id,ballotpedia,knowwho_pid,committee_id
6288,"Alice Hausman",Alice,,Hausman,,,1,D,1,Rep,HD-066A,6428142,3778,,Alice_Hausman,195954,0
6291,"Lyndon Carlson",Lyndon,R.,Carlson,,,1,D,1,Rep,HD-045A,6427951,3755,,Lyndon_Carlson,195915,0
6295,"Frank Hornstein",Frank,,Hornstein,,,1,D,1,Rep,HD-061A,338052,38589,,Frank_Hornstein,212973,0
6296,"Mary Murphy",Mary,,Murphy,,,1,D,1,Rep,HD-003B,6428480,3820,,Mary_Murphy_(Minnesota),195837,0
6298,"Gene Pelowski",Gene,,Pelowski,Jr.,,1,D,1,Rep,HD-028A,6428563,3835,,Gene_Pelowski_Jr.,195887,0
6300,"Jeff Hayden",Jeff,,Hayden,,,1,D,2,Sen,SD-062,6517840,109116,,Jeff_Hayden,271032,0
6303,"Jeanne Poppe",Jeanne,E.,Poppe,,,1,D,1,Rep,HD-027B,6515650,38609,,Jeanne_Poppe,227790,0
6306,"Bobby Champion",Bobby,Joe,Champion,,,1,D,2,Sen,SD-059,13003030,109081,,Bobby_Joe_Champion,271019,0
6307,"Rick Hansen",Rick,,Hansen,,,1,D,1,Rep,HD-052A,13002934,38981,,Rick_Hansen_(Minnesota),227824,0
6310,"Mike Nelson",Mike,V.,Nelson,,,1,D,1,Rep,HD-040A,6515845,38885,,Michael_V._Nelson,212965,0
6313,"Sandra Masin",Sandra,A.,Masin,,,1,D,1,Rep,HD-051A,6516344,20247,,Sandra_Masin,250694,0
6314,"Tim Mahoney",Tim,,Mahoney,,,1,D,1,Rep,HD-067A,6516090,20271,,Tim_Mahoney_(Minnesota),195956,0
6315,"Jean Wagenius",Jean,,Wagenius,,,1,D,1,Rep,HD-063B,6428775,3869,,Jean_Wagenius,195949,0
6320,"Karla Bigham",Karla,,Bigham,,,1,D,2,Sen,SD-054,6517192,68772,,Karla_Bigham,249330,0
6321,"Leon Lillie",Leon,Michael,Lillie,,,1,D,1,Rep,HD-043B,13002960,38900,,Leon_Lillie,227842,0
6324,"Carlos Mariani",Carlos,,Mariani,,,1,D,1,Rep,HD-065B,6428388,3801,,Carlos_Mariani,195953,0
6325,"Jim Davnie",Jim,,Davnie,,,1,D,1,Rep,HD-063A,6516035,54646,,Jim_Davnie,208320,0
6328,"Jerry Newton",Jerry,,Newton,,,1,D,2,Sen,SD-037,6516386,141032,,Jerry_Newton,270991,0
6337,"Ryan Winkler",Ryan,P.,Winkler,,,1,D,1,Rep,HD-046A,6517453,67641,,Ryan_Winkler,249309,0
6338,"Paul Marquart",Paul,,Marquart,,,1,D,1,Rep,HD-004B,13002773,54545,,Paul_Marquart,208303,0
6340,"John Persell",John,,Persell,,,1,D,1,Rep,HD-005A,6517916,109088,,John_Persell,270866,0
6344,"Melissa Hortman",Melissa,,Hortman,,,1,D,1,Rep,HD-036B,6462446,20295,,Melissa_Hortman,227836,0
6347,"Carolyn Laine",Carolyn,,Laine,,,1,D,2,Sen,SD-041,6517281,66645,,Carolyn_Laine,249312,0
6351,"Bob Gunther",Bob,,Gunther,,,2,R,1,Rep,HD-023A,6597674,13483,,Bob_Gunther,195875,0
6361,"Bernhard Eken",Bernhard,Kent,Eken,,,1,D,2,Sen,SD-004,6515436,38739,,Kent_Eken,212926,0
6367,"Tina Liebling",Tina,,Liebling,,,1,D,1,Rep,HD-026A,13002868,38468,,Tina_Liebling,227797,0
6368,"Mary Kiffmeyer",Mary,E.,Kiffmeyer,,,2,R,2,Sen,SD-030,6598154,2078,,Mary_Kiffmeyer,218920,0
6370,"Dean Urdahl",Dean,,Urdahl,,,2,R,1,Rep,HD-018A,6597622,38738,,Dean_Urdahl,212938,0
6373,"Rod Hamilton",Rod,,Hamilton,,,2,R,1,Rep,HD-022B,6666071,38507,,Rod_Hamilton,227777,0
6374,"Paul Torkelson",Paul,,Torkelson,,,2,R,1,Rep,HD-016B,6678649,109197,,Paul_Torkelson,270918,0
6375,"Bud Nornes",Bud,,Nornes,,,2,R,1,Rep,HD-008A,6597529,13437,,Bud_Nornes,195841,0
6376,"Bob Dettmer",Bob,,Dettmer,,,2,R,1,Rep,HD-039A,6672976,68771,,Bob_Dettmer,249324,0
6381,"Paul H. Anderson",Paul,H.,Anderson,,,2,R,1,Rep,HD-012B,6560558,110598,,Paul_Anderson_(Minnesota),270896,0
6384,"Steve Drazkowski",Steve,,Drazkowski,,,2,R,1,Rep,HD-021B,6668032,65586,,Steve_Drazkowski,258645,0
6387,"Bruce Anderson",Bruce,D.,Anderson,,,2,R,2,Sen,SD-029,6597628,3752,,Bruce_Anderson_(Minnesota),195861,0
6390,"Pat Garofalo",Pat,,Garofalo,,,2,R,1,Rep,HD-058B,6666056,38499,,Pat_Garofalo,227821,0
6392,"Gregory Davids",Gregory,M.,Davids,,Greg,2,R,1,Rep,HD-028B,13002881,3761,,Greg_Davids,195885,0
6396,"John Lesch",John,,Lesch,,,1,D,1,Rep,HD-066B,6516078,38700,,John_Lesch,212975,0
6403,"Torrey Westrom",Torrey,,Westrom,,,2,R,2,Sen,SD-012,6597542,13444,,Torrey_Westrom,195850,0
6407,"Peggy Scott",Peggy,,Scott,,,2,R,1,Rep,HD-035B,6678633,109239,,Peggy_Scott,270989,0
6408,"Jim Abeler",Jim,J.,Abeler,,,2,R,2,Sen,SD-035,6597958,20208,,Jim_Abeler,195846,0
6423,"David Tomassoni",David,J,Tomassoni,,,1,D,2,Sen,SD-006,9342602,3861,,David_Tomassoni,195832,0
6424,"Richard Cohen",Richard,J,Cohen,,,1,D,2,Sen,SD-064,13012480,3886,,Dick_Cohen,195819,0
6430,"Ann Rest",Ann,H,Rest,,,1,D,2,Sen,SD-045,13002971,3841,,Ann_Rest,195916,0
6433,"Daniel Sparks",Daniel,,Sparks,,Dan,1,D,2,Sen,SD-027,6485403,38471,,Dan_Sparks_(Minnesota),212985,0
6436,"David Dibble",David,Scott,Dibble,,,1,D,2,Sen,SD-061,6515414,54751,,Scott_Dibble,208318,0
6439,"Ronald Latz",Ronald,,Latz,,Ron,1,D,2,Sen,SD-046,13002962,38473,,Ron_Latz,212962,0
6444,"John Marty",John,J.,Marty,,,1,D,2,Sen,SD-066,6428402,3909,,John_Marty,195809,0
6447,"James Carlson",James,,Carlson,,Jim,1,D,2,Sen,SD-051,6516817,38829,,Jim_Carlson,249358,0
6458,"Warren Limmer",Warren,,Limmer,,,2,R,2,Sen,SD-034,13012418,3908,,Warren_Limmer,195788,0
6461,"Charles Wiger",Charles,W,Wiger,,Chuck,1,D,2,Sen,SD-043,6428799,13228,,Charles_Wiger,195810,0
6463,"William Ingebrigtsen",William,G.,Ingebrigtsen,,Bill,2,R,2,Sen,SD-008,13012366,67041,,Bill_Ingebrigtsen,249346,0
6465,"David Senjem",David,H,Senjem,,,2,R,2,Sen,SD-025,6597291,38497,,David_Senjem,212986,0
6466,"Thomas Bakk",Thomas,M,Bakk,,Tom,1,D,2,Sen,SD-003,6427897,3749,,Thomas_Bakk,212979,0
6470,"Julie Rosen",Julie,A,Rosen,,,2,R,2,Sen,SD-023,6597268,38540,,Julie_Rosen,212984,0
6473,"Sondra Erickson",Sondra,,Erickson,,,2,R,1,Rep,HD-015A,6597584,2089,,Sondra_Erickson,195857,0
6483,"Sandra Pappas",Sandra,L,Pappas,,,1,D,2,Sen,SD-065,6428546,3921,,Sandra_Pappas,195820,0
6484,"Patricia Torres Ray",Patricia,,"Torres Ray",,,1,D,2,Sen,SD-063,13012477,66148,,Patricia_Torres_Ray,424626,0
10501,"Dan Fabian",Dan,,Fabian,,,2,R,1,Rep,HD-001A,6694247,123058,,Dan_Fabian,299575,0
10502,"Kurt Daudt",Kurt,,Daudt,,,2,R,1,Rep,HD-031A,2745155,88185,,Kurt_Daudt,299246,0
10505,"Debra Kiel",Debra,,Kiel,,Deb,2,R,1,Rep,HD-001B,6697778,123063,,Debra_Kiel,299613,0
10511,"Duane Quam",Duane,,Quam,,,2,R,1,Rep,HD-025A,13002866,123232,,Duane_Quam,299654,0
10513,"Bob Vogel",Bob,,Vogel,,,2,R,1,Rep,HD-013B,24844778,88118,,Bob_Vogel,499720,0
10515,"Chris Swedzinski",Chris,,Swedzinski,,,2,R,1,Rep,HD-016A,6694353,123175,,Chris_Swedzinski,221055,0
10520,"Mary Franson",Mary,,Franson,,,2,R,1,Rep,HD-008B,6694311,123109,,Mary_Franson,299576,0
10522,"Glenn Gruenhagen",Glenn,,Gruenhagen,,,2,R,1,Rep,HD-018B,6694368,123208,,Glenn_Gruenhagen,299256,0
10524,"Tim O'Driscoll",Tim,,O'Driscoll,,,2,R,1,Rep,HD-013B,6694321,123119,,Tim_O%27Driscoll,299642,0
10525,"Rena Moran",Rena,,Moran,,,1,D,1,Rep,HD-065A,6518228,123361,,Rena_Moran,299635,0
10527,"Linda Runbeck",Linda,,Runbeck,,,2,R,1,Rep,HD-038A,13002927,3930,,Linda_Runbeck,195808,0
10533,"Paul Gazelka",Paul,E,Gazelka,,,2,R,2,Sen,SD-009,6666062,38621,,Paul_Gazelka,227760,0
10534,"Dan Hall",Dan,D,Hall,,,2,R,2,Sen,SD-056,6694700,123001,,Dan_Hall,299588,0
10536,"Michelle Benson",Michelle,,Benson,,,2,R,2,Sen,SD-031,13012417,123011,,Michelle_Benson,299547,0
10860,"Joe McDonald",Joe,,McDonald,,,2,R,1,Rep,HD-029A,6694340,125675,,Joe_McDonald,299887,0
10861,"Joe Schomacker",Joe,,Schomacker,,,2,R,1,Rep,HD-022A,13002853,123181,,Joe_Schomacker,299307,0
10864,"Roger Chamberlain",Roger,C,Chamberlain,,,2,R,2,Sen,SD-038,6694735,123016,,Roger_Chamberlain,299562,0
10866,"John Hoffman",John,A.,Hoffman,,,1,D,2,Sen,SD-036,12745973,140901,,John_Hoffman_(Minnesota),424303,0
10869,"Gary Dahms",Gary,H,Dahms,,,2,R,2,Sen,SD-016,13012387,111351,,Gary_Dahms,299245,0
10870,"Carla Nelson",Carla,J.,Nelson,,,2,R,2,Sen,SD-026,13002891,38565,,Carla_Nelson,212950,0
10874,"Jeremy Miller",Jeremy,,Miller,,,2,R,2,Sen,SD-028,10885453,136730,,Jeremy_Miller_(Minnesota),299890,0
11147,"Scott Newman",Scott,J,Newman,,,2,R,2,Sen,SD-018,6666103,2093,,Scott_Newman,222794,0
13842,"Kari Dziedzic",Kari,,Dziedzic,,Karen,1,D,2,Sen,SD-060,6518448,136068,,Kari_Dziedzic,391397,0
13843,"Chris Eaton",Chris,A.,Eaton,,,1,D,2,Sen,SD-040,6518410,136069,,Chris_Eaton,371126,0
14361,"Connie Bernardy",Connie,,Bernardy,,,1,D,1,Rep,HD-041A,6515920,54725,,Connie_Bernardy,208311,0
14362,"Raymond Dehn",Raymond,,Dehn,,,1,D,1,Rep,HD-059B,16072452,141119,,Raymond_Dehn,424967,0
14365,"Peter Fischer",Peter,,Fischer,,,1,D,1,Rep,HD-043A,16072411,141045,,Peter_Fischer,424880,0
14366,"Mike Freiberg",Mike,,Freiberg,,,1,D,1,Rep,HD-045B,16072415,141051,,Mike_Freiberg,424885,0
14367,"Laurie Halverson",Laurie,,Halverson,,,1,D,1,Rep,HD-051B,16072426,141070,,Laurie_Halverson_(Minnesota),424896,0
14368,"Jason Isaacson",Jason,,Isaacson,,Ike,1,D,2,Sen,SD-042,6519065,21213,,Jason_Isaacson,294246,0
14369,"Brian Johnson",Brian,,Johnson,,,2,R,1,Rep,HD-032A,12746187,142918,,Brian_Johnson_(Minnesota),424789,0
14370,"Ben Lien",Ben,,Lien,,,1,D,1,Rep,HD-004A,12745919,140941,,Ben_Lien,424646,0
14378,"Erik Simonson",Erik,,Simonson,,,1,D,2,Sen,SD-007,16072402,143585,,Erik_Simonson,439934,0
14379,"Mike Sundin",Mike,,Sundin,,,1,D,1,Rep,HD-011A,12745933,140963,,Mike_Sundin,424671,0
14383,"Greg Clausen",Greg,D.,Clausen,,,1,D,2,Sen,SD-057,12745986,140921,,Greg_Clausen,424325,0
14384,"Susan Kent",Susan,,Kent,,,1,D,2,Sen,SD-053,12745983,140915,,Susan_Kent,424319,0
14836,"Tony Albright",Tony,,Albright,,,2,R,1,Rep,HD-055B,9128979,141105,,Tony_Albright,424954,0
14838,"Jeff Howe",Jeff,,Howe,,,2,R,2,Sen,SD-013,9157230,140969,,Jeff_Howe,424678,0
14839,"Ron Kresha",Ron,,Kresha,,,2,R,1,Rep,HD-009B,12746162,140955,,Ron_Kresha,424662,0
15070,"Karin Housley",Karin,,Housley,,,2,R,2,Sen,SD-039,13012467,123021,,Karin_Housley,299266,0
15072,"Eric Pratt",Eric,R.,Pratt,,,2,R,2,Sen,SD-055,12746198,140917,,Eric_Pratt,424321,0
15298,"Jerry Hertaus",Jerry,,Hertaus,,,2,R,1,Rep,HD-033A,9229921,141015,,Jerry_Hertaus,424791,0
15367,"Steve Green",Steve,,Green,,,2,R,1,Rep,HD-002B,13002756,109054,,Steve_Green_(Minnesota),299878,0
15368,"John Petersburg",John,,Petersburg,,,2,R,1,Rep,HD-024A,12746177,140994,,John_Petersburg,668234,0
15369,"Foung Hawj",Foung,,Hawj,,,1,D,2,Sen,SD-067,6518345,123032,,Foung_Hawj,424635,0
15371,"Bill Weber",Bill,,Weber,,,2,R,2,Sen,SD-022,13012399,68614,,Bill_Weber,424227,0
15434,"Melisa Franzen",Melisa,,"Lopez Franzen",,,1,D,2,Sen,SD-049,12745981,140912,,Melisa_Franzen,424315,0
15435,"Caroline Ruud",Caroline,,Ruud,,,2,R,2,Sen,SD-010,6597157,38679,,Carrie_Ruud,212978,0
15436,"Melissa Wiklund",Melissa,Havlorson,Wiklund,,,1,D,2,Sen,SD-050,12745982,140913,,Melissa_Halvorson_Wiklund,424317,0
15471,"Marion O'Neill",Marion,,O'Neill,,,2,R,1,Rep,HD-029B,12746182,141007,,Marion_O%27Neill,419566,0
15704,"David Osmek",David,J.,Osmek,,,2,R,2,Sen,SD-033,12746188,140898,,David_Osmek,424300,0
15936,"Tama Theis",Tama,,Theis,,,2,R,1,Rep,HD-014A,17359633,144259,,Tama_Theis,452555,0
16544,"Jeff Backer",Jeff,,Backer,,,2,R,1,Rep,HD-012A,13012370,122963,,Jeff_Backer,669176,0
16545,"Dave Baker",Dave,,Baker,,,2,R,1,Rep,HD-017B,13562062,152840,,Dave_Baker_(Minnesota),500296,0
16546,"Peggy Bennett",Peggy,,Bennett,,,2,R,1,Rep,HD-027A,24844794,152868,,Peggy_Bennett,500301,0
16547,"Brian Daniels",Brian,,Daniels,,,2,R,1,Rep,HD-024B,24844789,152862,,Brian_Daniels,500298,0
16548,"Joshua Heintzeman",Joshua,,Heintzeman,,,2,R,1,Rep,HD-010A,24844757,152810,,Josh_Heintzeman,500292,0
16550,"Jon Koznick",Jon,,Koznick,,,2,R,1,Rep,HD-058A,24844880,152876,,Jon_Koznick,500336,0
16551,"Dale Lueck",Dale,K.,Lueck,,,2,R,1,Rep,HD-010B,12746164,89646,,Dale_Lueck,424665,0
16552,"Tim Miller",Tim,,Miller,,,2,R,1,Rep,HD-017A,12746168,140978,,Tim_Miller_(Minnesota),424757,0
16553,"Jim Nash",Jim,,Nash,,,2,R,1,Rep,HD-047A,24844848,152912,,Jim_Nash_(Minnesota),500318,0
16554,"Nels Pierson",Nels,T.,Pierson,,,2,R,1,Rep,HD-026B,24844792,152864,,Nels_Pierson,500299,0
16555,"Jason Rarick",Jason,,Rarick,,,2,R,2,Sen,SD-011,24844760,152816,,Jason_Rarick,499716,0
16556,"Jennifer Schultz",Jennifer,,Schultz,,,1,D,1,Rep,HD-007A,24844752,152798,,Jennifer_Schultz_(Minnesota),499714,0
16700,"Eric Lucero",Eric,,Lucero,,,2,R,1,Rep,HD-030B,24844804,152881,,Eric_Lucero_(Minnesota),499724,0
16705,"Cheryl Youakim",Cheryl,,Youakim,,,1,D,1,Rep,HD-046B,16993699,152915,,Cheryl_Youakim,473094,0
17030,"Jack Considine",Jack,,Considine,,,1,D,1,Rep,HD-019B,24844776,77280,,Jack_Considine,499719,0
17034,"Dave Pinto",Dave,,Pinto,,,1,D,1,Rep,HD-064B,24844900,152837,,Dave_Pinto,500341,0
17870,"Rob Ecklund",Rob,,Ecklund,,,1,D,1,Rep,HD-003A,35748265,132480,,Rob_Ecklund,562921,0
18340,"Steve Cwodzinski",Steve,,Cwodzinski,,,1,D,2,Sen,SD-048,40606581,171409,,Steve_Cwodzinski,584349,0
18341,"Rich Draheim",Rich,,Draheim,,,2,R,2,Sen,SD-020,38299511,171366,,Rich_Draheim,585507,0
18342,"Justin Eichorn",Justin,,Eichorn,,,2,R,2,Sen,SD-005,24844746,152785,,Justin_Eichorn,284765,0
18343,"Nick Frentz",Nick,A.,Frentz,,,1,D,2,Sen,SD-019,14693708,171364,,Nick_Frentz,583485,0
18344,"Mike Goggin",Mike,,Goggin,,,2,R,2,Sen,SD-021,40606554,171367,,Mike_Goggin,584981,0
18345,"Matt Klein",Matt,,Klein,,,1,D,2,Sen,SD-052,40606588,171413,,Matt_Klein,583493,0
18346,"Mark Koran",Mark,,Koran,,,2,R,2,Sen,SD-032,38430158,171390,,Mark_Koran,584984,0
18347,"Andrew Lang",Andrew,,Lang,,,2,R,2,Sen,SD-017,40606549,171360,,Andrew_Lang,585505,0
18348,"Matt Little",Matt,,Little,,,1,D,2,Sen,SD-058,40606595,132358,,Matt_Little,583666,0
18349,"Andrew Mathews",Andrew,,Mathews,,,2,R,2,Sen,SD-015,15336495,171355,,Andrew_Mathews,524016,0
18350,"Jerry Relph",Jerry,,Relph,,,2,R,2,Sen,SD-014,16890281,171354,,Jerry_Relph,584770,0
18351,"Paul Utke",Paul,,Utke,,,2,R,2,Sen,SD-002,40606530,171335,,Paul_Utke,584977,0
18352,"John Jasinski",John,,Jasinski,,,2,R,2,Sen,SD-024,40606559,171379,,John_Jasinski,583662,0
18396,"Andrew Carlson",Andrew,,Carlson,,,1,D,1,Rep,HD-050B,39762741,160027,,Andrew_Carlson,583505,0
18397,"Mary Kunesh-Podein",Mary,,Kunesh-Podein,,,1,D,1,Rep,HD-041B,40606705,171572,,Mary_Kunesh-Podein,583503,0
18398,"Fue Lee",Fue,,Lee,,,1,D,1,Rep,HD-059A,40606746,171626,,Fue_Lee,583991,0
18400,"Liz Olson",Liz,,Olson,,,1,D,1,Rep,HD-007B,40606633,171461,,Liz_Olson,583496,0
18507,"Cal Bahr",Cal,K.,Bahr,,,2,R,1,Rep,HD-031B,38531993,171539,,Calvin_Bahr,584793,0
18508,"Jamie Becker-finn",Jamie,,Becker-finn,,,1,D,1,Rep,HD-042B,40606706,171576,,Jamie_Becker-Finn,246438,0
18510,"Erin Koegel",Erin,,Koegel,,,1,D,1,Rep,HD-037A,40606694,171555,,Erin_Koegel,584641,0
18511,"Julie Sandstede",Julie,,Sandstede,,,1,D,1,Rep,HD-006A,40606626,171452,,Julie_Sandstede,585622,0
18520,"Matthew Grossell",Matthew,J.,Grossell,,,2,R,1,Rep,HD-002A,40606615,171436,,Matthew_Grossell,585599,0
18521,"Barb Haley",Barb,,Haley,,,2,R,1,Rep,HD-021A,9174069,171509,,Barb_Haley,585675,0
18522,"Tony Jurgens",Tony,,Jurgens,,,2,R,1,Rep,HD-054B,40606737,171611,,Tony_Jurgens,585755,0
18523,"Sandy Layman",Sandy,,Layman,,,2,R,1,Rep,HD-005B,40606625,171449,,Sandy_Layman,583669,0
18561,"John Poston",John,M.,Poston,,,2,R,1,Rep,HD-009A,40606637,171465,,John_Poston_(Minnesota),584358,0
18562,"Laurie Pryor",Laurie,,Pryor,,,1,D,1,Rep,HD-048A,18625513,171593,,Laurie_Pryor,583984,0
18563,"Duane Sauke",Duane,,Sauke,,,1,D,1,Rep,HD-025B,18625337,171526,,Duane_Sauke,583500,0
18564,"Nolan West",Nolan,,West,,,2,R,1,Rep,HD-037B,40606697,171557,,Nolan_West,529336,0
19315,"Anne Neu",Anne,,Neu,,,2,R,1,Rep,HD-032A,24431990,176027,,Anne_Neu,616169,0
19400,"Mark Johnson",Mark,,Johnson,,,2,R,2,Sen,SD-001,40606527,171332,,Mark_Johnson_(Minnesota),584974,0
19402,"Scott Jensen",Scott,,Jensen,,,2,R,2,Sen,SD-047,9145514,171407,,Scott_Jensen_(Minnesota),583976,0
19416,"Paul T. Anderson",Paul,T.,Anderson,,,2,R,2,Sen,SD-044,35701131,171404,,Paul_Anderson_(Minnesota_Senate),584621,0
19586,"Jeremy Munson",Jeremy,,Munson,,,2,R,1,Rep,HD-023B,41527836,177633,,Jeremy_Munson,655981,0
20437,"Patty Acomb",Patty,,Acomb,,,1,D,1,Rep,HD-044B,45362668,143648,,Patty_Acomb,668378,0
20438,"Kristin Bahner",Kristin,,Bahner,,,1,D,1,Rep,HD-034B,40606690,171548,,Kristin_Bahner,585710,0
20439,"Jeff Brand",Jeff,,Brand,,,1,D,1,Rep,HD-019A,45362559,183745,,Jeff_Brand,668182,0
20440,"Hunter Cantrell",Hunter,,Cantrell,,,1,D,1,Rep,HD-056A,16981699,183825,,Hunter_Cantrell,668429,0
20441,"Anne Claflin",Anne,,Claflin,,,1,D,1,Rep,HD-054A,45362709,183821,,Anne_Claflin,669364,0
20442,"Heather Edelson",Heather,,Edelson,,,1,D,1,Rep,HD-049A,38282387,183814,,Heather_Edelson,668390,0
20443,"Steve Elkins",Steve,,Elkins,,,1,D,1,Rep,HD-049B,6518305,77012,,Steve_Elkins,299874,0
20444,"Aisha Gomez",Aisha,,Gomez,,,1,D,1,Rep,HD-062B,45362762,183855,,Aisha_Gomez,668484,0
20445,"Hodan Hassan",Hodan,,Hassan,,,1,D,1,Rep,HD-062A,45362757,183850,,Hodan_Hassan,668481,0
20446,"Kaohly Her",Kaohly,,Her,,,1,D,1,Rep,HD-064A,45362768,183857,,Kaohly_Her,669399,0
20447,"Michael Howard",Michael,,Howard,,,1,D,1,Rep,HD-050A,44829682,160310,,Michael_Howard_(Minnesota),668393,0
20448,"John Huot",John,,Huot,,,1,D,1,Rep,HD-057B,35078685,171622,,John_Huot,584654,0
20449,"Ginny Klevorn",Ginny,,Klevorn,,,1,D,1,Rep,HD-044A,9154035,171580,,Ginny_Klevorn,584797,0
20450,"Carlie Kotyza-Witthuhn",Carlie,,Kotyza-Witthuhn,,,1,D,1,Rep,HD-048B,44984269,183813,,Carlie_Kotyza-Witthuhn,669357,0
20451,"Todd Lippert",Todd,,Lippert,,,1,D,1,Rep,HD-020B,45362565,183749,,Todd_Lippert,668193,0
20452,"Dave Lislegard",Dave,,Lislegard,,,1,D,1,Rep,HD-006B,45362506,183706,,Dave_Lislegard,667969,0
20453,"Jamie Long",Jamie,,Long,,,1,D,1,Rep,HD-061B,45362753,183847,,Jamie_Long,287429,0
20454,"Alice Mann",Alice,,Mann,,,1,D,1,Rep,HD-056B,44938528,183826,,Alice_Mann,668431,0
20455,"Kelly Moller",Kelly,,Moller,,,1,D,1,Rep,HD-042A,45362658,183801,,Kelly_Moller,668374,0
20456,"Kelly Morrison",Kelly,,Morrison,,,1,D,1,Rep,HD-033B,45362620,183781,,Kelly_Morrison,668272,0
20457,"Mohamud Noor",Mohamud,,Noor,,,1,D,1,Rep,HD-060B,6518455,152863,,Mohamud_Noor,499749,0
20458,"Ruth Richardson",Ruth,,Richardson,,,1,D,1,Rep,HD-052B,45362702,183819,,Ruth_Richardson,668400,0
20459,"Steve Sandell",Steve,,Sandell,,,1,D,1,Rep,HD-053B,43776489,183820,,Steve_Sandell,668407,0
20460,"Zack Stephenson",Zack,,Stephenson,,,1,D,1,Rep,HD-036A,14943746,183789,,Zack_Stephenson,668360,0
20461,"Brad Tabke",Brad,,Tabke,,,1,D,1,Rep,HD-055A,45362714,143691,,Brad_Tabke,669365,0
20462,"Samantha Vang",Samantha,,Vang,,,1,D,1,Rep,HD-040B,45362650,183797,,Samantha_Vang,669241,0
20463,"Ami Wazlawik",Ami,,Wazlawik,,,1,D,1,Rep,HD-038B,40606699,171561,,Ami_Wazlawik,583502,0
20464,"Dan Wolgamott",Dan,,Wolgamott,,,1,D,1,Rep,HD-014B,19395676,152827,,Dan_Wolgamott,500295,0
20465,"Jay Xiong",Jay,,Xiong,,,1,D,1,Rep,HD-067B,45362782,183862,,Jay_Xiong,473120,0
20466,"Tou Xiong",Tou,,Xiong,,,1,D,1,Rep,HD-053A,45362705,173949,,Tou_Xiong,668403,0
20621,"Robert Bierman",Robert,,Bierman,,,1,D,1,Rep,HD-057A,45362722,183828,,Robert_Bierman,669373,0
20622,"Greg Boe",Greg,,Boe,,,2,R,1,Rep,HD-047B,45362681,183810,,Greg_Boe,669356,0
20623,"Shane Mekeland",Shane,,Mekeland,,,2,R,1,Rep,HD-015B,45256221,183734,,Shane_Mekeland,668168,0
20897,"Lisa Demuth",Lisa,,Demuth,,,2,R,1,Rep,HD-013A,45362531,183728,,Lisa_Demuth,668537,0
20898,"John Heinrich",John,,Heinrich,,,2,R,1,Rep,HD-035A,45362626,183785,,John_Heinrich,668355,0
21063,"Kristin Robbins",Kristin,,Robbins,,,2,R,1,Rep,HD-034A,14692676,183783,,Kristin_Robbins,668557,0
21324,"Shelly Christensen",Shelly,,Christensen,,,1,D,1,Rep,HD-039B,45362645,183794,,Shelly_Christensen,668369,0
21346,"Nathan Nelson",Nathan,,Nelson,,,2,R,1,Rep,HD-011B,47157585,186184,,Nathan_Nelson,700885,0
21605,"Sydney Jordan",Sydney,,Jordan,,,1,D,1,Rep,HD-060A,48592529,188492,,Sydney_Jordan,732062,0
21606,"Paul Novotny",Paul,,Novotny,,,2,R,1,Rep,HD-030A,48592286,188706,,Paul_Novotny,732059,0
