bill_id,roll_call_id,date,chamber,description,yea,nay,nv,absent,total
1373095,971052,2020-07-13,Senate,"Senate: Third reading Passed as amended",67,0,0,0,67
1373095,972267,2020-07-20,House,"House: MOTIONS AND RESOLUTIONS",133,0,0,0,133
1373095,972268,2020-07-20,House,"House: MOTIONS AND RESOLUTIONS",132,0,0,0,132
1373110,972279,2020-07-20,House,"House: 75 - Amendment to the Davids Amendment - Nays",58,75,0,0,133
1373110,972280,2020-07-20,House,"House: CALENDAR FOR THE DAY",75,57,0,0,132
1373131,971001,2020-07-13,Senate,"Senate: Third reading Passed",67,0,0,0,67
1373133,972107,2020-07-13,Senate,"Senate: Adopted",36,31,0,0,67
1373134,973761,2020-07-20,House,"House: MOTIONS AND RESOLUTIONS",82,40,0,0,122
1373135,970987,2020-07-13,Senate,"Senate: Third reading Passed as amended",67,0,0,0,67
1373137,971914,2020-07-13,Senate,"Senate: Adopted",67,0,0,0,67
1373143,972300,2020-07-20,House,"House: 71 - Amendment to the Mariani Amendment - Nays",61,71,0,0,132
1373143,972301,2020-07-20,House,"House: CALENDAR FOR THE DAY",102,29,0,0,131
1373229,972395,2020-07-20,Senate,"Senate: Motion did not prevail to withdraw from committee and lay on table",32,35,0,0,67
1373591,973749,2020-07-20,Senate,"Senate: Adopted",37,30,0,0,67
