bill_id,roll_call_id,date,chamber,description,yea,nay,nv,absent,total
1393699,1045252,2021-01-05,Senate,"Senate: Adopted",65,0,0,0,65
1393775,1045251,2021-01-05,Senate,"Senate: Reconsidered",38,28,0,0,66
1393813,1045249,2021-01-05,Senate,"Senate: Adopted",66,0,0,0,66
1393850,1045250,2021-01-05,Senate,"Senate: Adopted",66,0,0,0,66
1395670,1044350,2021-02-18,Senate,"Senate: Third reading Passed",40,27,0,0,67
1395834,1047001,2021-01-07,Senate,"Senate: Adopted",60,7,0,0,67
1395934,1046997,2021-01-07,Senate,"Senate: Adopted",52,15,0,0,67
1395934,1046998,2021-01-07,Senate,"Senate: Amended",52,15,0,0,67
1395944,1037797,2021-03-25,House,"House: Passage",69,63,0,0,132
1396035,1044595,2021-02-25,Senate,"Senate: Third reading Passed",38,29,0,0,67
1396045,1044338,2021-03-15,Senate,"Senate: Third reading Passed",38,29,0,0,67
1396144,1047863,2021-01-07,Senate,"Senate: Adopted",20,0,0,0,20
1396144,1047864,2021-01-07,Senate,"Senate: Motion did not prevail to amend",20,0,0,0,20
1397031,992831,2021-01-28,House,"House: Passage",127,3,0,0,130
1397031,995530,2021-01-28,House,"House: Appeal Ruling of the Speaker",70,60,0,0,130
1397031,995531,2021-01-28,House,"House: Appeal Ruling of the Speaker",69,60,0,0,129
1397031,1044353,2021-01-19,Senate,"Senate: Third reading Passed",65,0,0,0,65
1399056,1178637,2022-03-28,House,"House: Passage",69,62,0,0,131
1399498,1038023,2021-03-25,House,"House: Passage",70,61,0,0,131
1406021,1044421,2021-01-25,Senate,"Senate: Adopted",66,0,0,0,66
1406175,1044351,2021-01-14,Senate,"Senate: Adopted",36,29,0,0,65
1406586,996833,2021-02-04,House,"House: Passage",132,0,0,0,132
1406586,1049127,2021-02-11,Senate,"Senate: Third reading Passed",65,0,0,0,65
1406646,1033327,2021-03-22,House,"House: Passage",103,30,0,0,133
1407149,1018850,2021-03-01,House,"House: Passage, as amended",128,0,0,0,128
1407149,1047353,2021-03-18,Senate,"Senate: Third reading Passed",67,0,0,0,67
1408059,1207411,2022-05-22,Senate,"Senate: Third reading Passed",66,0,0,0,66
1408172,1071437,2021-05-03,Senate,"Senate: Third reading Passed",34,32,0,0,66
1408228,1059910,2021-04-21,Senate,"Senate: Third reading Passed",66,0,0,0,66
1408228,1068036,2021-04-29,House,"House: Passage",131,0,0,0,131
1409988,992565,2021-01-28,House,"House: S.F. NO. 192",122,8,0,0,130
1409988,992566,2021-01-28,House,"House: S.F. NO. 192",129,0,0,0,129
1409988,1044355,2021-01-25,Senate,"Senate: Third reading Passed",66,0,0,0,66
1410267,1060488,2021-04-21,Senate,"Senate: Third reading Passed",65,1,0,0,66
1410267,1067663,2021-04-29,House,"House: Passage, as amended",132,0,0,0,132
1410267,1078998,2021-05-17,Senate,"Senate: Third reading",67,0,0,0,67
1410267,1078999,2021-05-17,House,"House: S.F. NO. 193",133,0,0,0,133
1411630,1051214,2021-04-12,House,"House: 70 - Amendment - Nays",62,70,0,0,132
1411630,1051215,2021-04-12,House,"House: 70 - Amendment - Nays",62,70,0,0,132
1411630,1051216,2021-04-12,House,"House: Passage",82,50,0,0,132
1411630,1074646,2021-05-06,Senate,"Senate: Third reading Passed",38,27,0,0,65
1411630,1078289,2021-05-15,House,"House: H.F. NO. 164",88,46,0,0,134
1411630,1079074,2021-05-17,Senate,"Senate: Third reading",58,0,0,0,58
1411630,1094829,2021-05-17,Senate,"Senate: Third reading",58,9,0,0,67
1413595,1044354,2021-02-04,Senate,"Senate: Third reading Passed",67,0,0,0,67
1413651,1030345,2021-03-15,House,"House: S.F. NO. 263",63,70,0,0,133
1413651,1044335,2021-03-11,Senate,"Senate: Third reading Passed",55,12,0,0,67
1413710,1077207,2021-05-12,Senate,"Senate: Third reading Passed",66,0,0,0,66
1419114,1044344,2021-03-25,Senate,"Senate: Third reading Passed",66,0,0,0,66
1419298,1074067,2021-05-05,Senate,"Senate: Motion did not prevail To withdraw from committee and place on General Orders",32,33,0,0,65
1419298,1181566,2022-03-31,Senate,"Senate: Motion did not prevail To withdraw from committee and place on General Orders",30,32,0,0,62
1420769,993002,2021-01-25,House,"House: 68 - Oral Amendment - Nays",64,68,0,0,132
1420769,993003,2021-01-25,House,"House: H.R. NO. 1",111,8,0,0,119
1420910,1032023,2021-03-18,House,"House: Passage",132,0,0,0,132
1420910,1044343,2021-03-25,Senate,"Senate: Third reading Passed",66,0,0,0,66
1421166,1033377,2021-03-22,House,"House: Passage",130,3,0,0,133
1424938,1078285,2021-05-14,Senate,"Senate: Third reading Passed",36,30,0,0,66
1424979,1067356,2021-04-29,Senate,"Senate: Third reading Passed",47,20,0,0,67
1425088,1074340,2021-05-06,Senate,"Senate: Third reading Passed",53,14,0,0,67
1425128,1049264,2021-04-08,Senate,"Senate: Third reading Passed",64,2,0,0,66
1425249,1044337,2021-03-22,Senate,"Senate: Third reading Passed",37,27,0,0,64
1425386,1031674,2021-03-18,House,"House: Passage",131,0,0,0,131
1425386,1046964,2021-03-08,Senate,"Senate: Third reading Passed",66,0,0,0,66
1425454,1059945,2021-04-21,Senate,"Senate: Third reading Passed",66,0,0,0,66
1425454,1078201,2021-05-14,House,"House: Passage",129,2,0,0,131
1425520,1031654,2021-03-18,House,"House: Passage",132,0,0,0,132
1425520,1047388,2021-03-08,Senate,"Senate: Third reading Passed",67,0,0,0,67
1426208,1016039,2021-02-25,House,"House: Passage",131,0,0,0,131
1426208,1047307,2021-02-08,Senate,"Senate: Third reading Passed",67,0,0,0,67
1426208,1047308,2021-03-01,Senate,"Senate: Third reading",66,0,0,0,66
1428202,1038030,2021-03-25,House,"House: 70 - Amendment - Nays",61,70,0,0,131
1428202,1038031,2021-03-25,House,"House: Passage",80,51,0,0,131
1428914,1003144,2021-02-10,House,"House: H.F. NO. 445",70,62,0,0,132
1428914,1003562,2021-02-10,House,"House: Minority Report H.F. No. 445",70,62,0,0,132
1428914,1009725,2021-02-18,House,"House: 71 - Amendment - Nays",63,71,0,0,134
1428914,1009726,2021-02-18,House,"House: H.F. NO. 445",62,72,0,0,134
1430152,1073943,2021-05-05,Senate,"Senate: Third reading Passed",66,0,0,0,66
1430152,1078441,2021-05-17,House,"House: Passage, as amended by Conference",124,7,0,0,131
1430199,1073963,2021-05-05,Senate,"Senate: Third reading Passed",66,0,0,0,66
1430396,1051109,2021-04-12,Senate,"Senate: Third reading Passed",67,0,0,0,67
1431584,1051427,2021-04-12,House,"House: Passage, as amended",100,32,0,0,132
1431835,1077717,2021-05-13,House,"House: 64 - Amendment to West Amendment - Nays",68,64,0,0,132
1431835,1077718,2021-05-13,House,"House: 76 - Amendment - Nays",58,76,0,0,134
1431835,1077719,2021-05-13,House,"House: Daudt motion Lay on the Table",63,70,0,0,133
1431835,1077720,2021-05-13,House,"House: Passage, as amended",72,61,0,0,133
1435651,1044336,2021-03-22,Senate,"Senate: Third reading Passed",57,8,0,0,65
1435686,1044462,2021-03-11,Senate,"Senate: Third reading Passed",67,0,0,0,67
1435686,1051538,2021-04-12,House,"House: Passage",131,0,0,0,131
1435716,1044477,2021-03-11,Senate,"Senate: Third reading Passed",67,0,0,0,67
1435866,1077805,2021-05-13,Senate,"Senate: Third reading Passed",61,3,0,0,64
1436054,1204337,2022-05-12,Senate,"Senate: Motion did not prevail to withdraw and be placed on General Orders",30,35,0,0,65
1436091,1044884,2021-03-01,Senate,"Senate: Third reading Passed",39,28,0,0,67
1437201,1032164,2021-03-18,House,"House: Passage",128,4,0,0,132
1437201,1044554,2021-03-25,Senate,"Senate: Third reading Passed",66,0,0,0,66
1437528,1061306,2021-04-22,House,"House: Passage",134,0,0,0,134
1437528,1063356,2021-04-27,House,"House: H.F. NO. 729",107,25,0,0,132
1437528,1064452,2021-04-27,Senate,"Senate: Amended",30,37,0,0,67
1437528,1064453,2021-04-27,Senate,"Senate: Third reading Passed",52,15,0,0,67
1438163,1204186,2022-05-12,House,"House: Passage, as amended",70,57,0,0,127
1439125,1044457,2021-02-15,Senate,"Senate: Third reading Passed",35,32,0,0,67
1439253,1204222,2022-05-12,Senate,"Senate: Motion did not prevail to withdraw and be placed on General Orders",31,34,0,0,65
1439267,1205994,2022-05-18,Senate,"Senate: Motion did not prevail to withdraw and be placed on General Orders",31,33,0,0,64
1439417,1044532,2021-03-22,Senate,"Senate: Third reading Passed",65,0,0,0,65
1439503,1207329,2022-05-20,Senate,"Senate: Consent Calendar: Third reading Passed",64,0,0,0,64
1440389,1038098,2021-03-25,House,"House: Passage",124,7,0,0,131
1440389,1051071,2021-04-12,Senate,"Senate: Third reading Passed as amended",67,0,0,0,67
1440389,1067670,2021-04-29,House,"House: H.F. NO. 820",127,1,0,0,128
1440513,1033513,2021-03-22,House,"House: Scott motion Re-Referral",64,69,0,0,133
1440513,1033514,2021-03-22,House,"House: Passage",71,62,0,0,133
1440513,1207307,2022-05-20,Senate,"Senate: Motion did not prevail for urgency, rules suspension, pursuant to Article IV, Sec. 19",39,27,0,0,66
1440513,1207308,2022-05-20,Senate,"Senate: Withdrawn",55,11,0,0,66
1440909,1078202,2021-05-14,House,"House: Passage",130,0,0,0,130
1440909,1078982,2021-05-17,Senate,"Senate: Third reading Passed",67,0,0,0,67
1445819,1054172,2021-04-14,Senate,"Senate: Third reading Passed",38,29,0,0,67
1445819,1054939,2021-04-15,House,"House: S.F. NO. 975",124,6,0,0,130
1445819,1056550,2021-04-19,House,"House: 75 - Amendment - Nays",57,75,0,0,132
1445819,1056551,2021-04-19,House,"House: 69 - Amendment - Nays",63,69,0,0,132
1445819,1056552,2021-04-19,House,"House: Passage,as amended",74,59,0,0,133
1446021,1054075,2021-04-14,Senate,"Senate: Third reading Passed",48,18,0,0,66
1446021,1060999,2021-04-22,House,"House: 69 - Amendment - Nays",64,69,0,0,133
1446021,1061000,2021-04-22,House,"House: S.F. NO. 958",69,63,0,0,132
1446021,1078835,2021-05-17,House,"House: S.F. NO. 958",79,55,0,0,134
1446021,1079004,2021-05-17,Senate,"Senate: Third reading",67,0,0,0,67
1446021,1094785,2021-05-17,Senate,"Senate: Third reading",67,0,0,0,67
1446218,1205981,2022-05-18,Senate,"Senate: Third reading Passed",65,0,0,0,65
1446321,1204208,2022-05-12,Senate,"Senate: Motion did not prevail to withdraw and be placed on General Orders",31,34,0,0,65
1446438,1192829,2022-04-21,House,"House: Passage",123,8,0,0,131
1446438,1204902,2022-05-16,Senate,"Senate: Third reading Passed",66,0,0,0,66
1446438,1207310,2022-05-20,Senate,"Senate: Third reading",66,0,0,0,66
1446438,1207341,2022-05-19,House,"House: H.F. NO. 961",126,5,0,0,131
1446514,1055138,2021-04-15,Senate,"Senate: Third reading Passed",44,23,0,0,67
1446514,1059816,2021-04-21,House,"House: 70 - Amendment - Nays",64,70,0,0,134
1446514,1059817,2021-04-21,House,"House: 70 - Amendment - Nays",63,70,0,0,133
1446514,1059818,2021-04-21,House,"House: 70 - Amendment - Nays",64,70,0,0,134
1446514,1059819,2021-04-21,House,"House: 70 - Amendment - Nays",64,70,0,0,134
1446514,1059820,2021-04-21,House,"House: 71 - Amendment - Nays",63,71,0,0,134
1446514,1059821,2021-04-21,House,"House: 78 - Amendment - Nays",54,78,0,0,132
1446514,1059822,2021-04-21,House,"House: 63 - Amendment to Grossell Amendment - Nays",71,63,0,0,134
1446514,1059823,2021-04-21,House,"House: 70 - Amendment - Nays",64,70,0,0,134
1446514,1059824,2021-04-21,House,"House: Appeal Ruling",69,65,0,0,134
1446514,1059825,2021-04-21,House,"House: Appeal Ruling",69,64,0,0,133
1446514,1059826,2021-04-21,House,"House: Appeal Ruling",70,64,0,0,134
1446514,1059827,2021-04-21,House,"House: Appeal Ruling",70,63,0,0,133
1446514,1059828,2021-04-21,House,"House: Appeal Ruling",70,64,0,0,134
1446514,1059829,2021-04-21,House,"House: Appeal Ruling",70,64,0,0,134
1446514,1059830,2021-04-21,House,"House: Appeal Ruling",68,66,0,0,134
1446514,1059831,2021-04-21,House,"House: Appeal Ruling",69,64,0,0,133
1446514,1059832,2021-04-21,House,"House: Appeal Ruling",70,64,0,0,134
1446514,1059833,2021-04-21,House,"House: Appeal Ruling",72,62,0,0,134
1446514,1059834,2021-04-21,House,"House: Appeal Ruling",71,63,0,0,134
1446514,1059835,2021-04-22,House,"House: Passage, as amended",70,63,0,0,133
1446556,1056583,2021-04-19,Senate,"Senate: Third reading Passed",37,29,0,0,66
1446556,1060696,2021-04-22,House,"House: 70 - Amendment - Nays",62,70,0,0,132
1446556,1060697,2021-04-22,House,"House: 69 - Amendment - Nays",64,69,0,0,133
1446556,1060698,2021-04-22,House,"House: 68 - Amendment - Nays",66,68,0,0,134
1446556,1060699,2021-04-22,House,"House: Passage, as amended",70,63,0,0,133
1446556,1062279,2021-04-22,House,"House: Appeal Ruling",70,63,0,0,133
1446556,1062280,2021-04-22,House,"House: Appeal Ruling",69,64,0,0,133
1446556,1062281,2021-04-22,House,"House: Appeal Ruling",69,63,0,0,132
1446598,1054090,2021-04-14,Senate,"Senate: Third reading Passed",39,28,0,0,67
1446598,1060353,2021-04-21,House,"House: 70 - Amendment - Nays",62,70,0,0,132
1446598,1060354,2021-04-21,House,"House: 69 - Amendment - Nays",62,69,0,0,131
1446598,1060355,2021-04-21,House,"House: 71 - Amendment - Nays",62,71,0,0,133
1446598,1060356,2021-04-21,House,"House: 69 - Amendment - Nays",62,69,0,0,131
1446598,1060357,2021-04-21,House,"House: 69 - Amendment - Nays",61,69,0,0,130
1446598,1060358,2021-04-21,House,"House: 70 - Amendment - Nays",63,70,0,0,133
1446598,1060359,2021-04-21,House,"House: 70 - Amendment - Nays",63,70,0,0,133
1446598,1060360,2021-04-21,House,"House: 69 - Amendment - Nays",64,69,0,0,133
1446598,1060361,2021-04-21,House,"House: 69 - Amendment - Nays",63,69,0,0,132
1446598,1060362,2021-04-21,House,"House: 69 - Amendment - Nays",63,69,0,0,132
1446598,1060363,2021-04-21,House,"House: 68 - Amendment - Nays",63,68,0,0,131
1446598,1060364,2021-04-21,House,"House: 76 - Amendment - Nays",56,76,0,0,132
1446598,1060365,2021-04-21,House,"House: 74 - Amendment - Nays",59,74,0,0,133
1446598,1060366,2021-04-21,House,"House: Appeal Ruling",69,62,0,0,131
1446598,1060367,2021-04-21,House,"House: Appeal Ruling",69,64,0,0,133
1446598,1060368,2021-04-21,House,"House: Appeal Ruling",70,63,0,0,133
1446598,1060369,2021-04-21,House,"House: Appeal Ruling",70,64,0,0,134
1446598,1060370,2021-04-21,House,"House: S.F. NO. 972",70,64,0,0,134
1446801,1044342,2021-03-22,Senate,"Senate: Third reading Passed",30,35,0,0,65
1448311,1004715,2021-02-11,House,"House: H.F. NO. 1051",64,70,0,0,134
1448620,1035128,2021-03-23,House,"House: 69 - Amendment - Nays",63,69,0,0,132
1448620,1035129,2021-03-23,House,"House: 69 - Amendment - Nays",63,69,0,0,132
1448620,1035130,2021-03-23,House,"House: 69 - Amendment - Nays",64,69,0,0,133
1448620,1035131,2021-03-23,House,"House: 68 - Amendment - Nays",64,68,0,0,132
1448620,1035132,2021-03-23,House,"House: Passage",69,63,0,0,132
1448893,1054870,2021-04-15,House,"House: 69 - Amendment - Nays",62,69,0,0,131
1448893,1054871,2021-04-15,House,"House: Passage",69,62,0,0,131
1448893,1058090,2021-04-20,Senate,"Senate: Third reading Passed",39,27,0,0,66
1448893,1059741,2021-04-15,House,"House: Appeal Ruling of the Speaker",69,61,0,0,130
1449000,1061504,2021-04-22,House,"House: 64 - Amendment to Davids Amendment - Nays",68,64,0,0,132
1449000,1061505,2021-04-22,House,"House: Passage",68,66,0,0,134
1449000,1065582,2021-04-28,Senate,"Senate: Third reading Passed",39,26,0,0,65
1449456,1056458,2021-04-19,House,"House: 68 - Amendment - Nays",62,68,0,0,130
1449456,1056459,2021-04-19,House,"House: 70 - Amendment - Nays",62,70,0,0,132
1449456,1056460,2021-04-19,House,"House: 70 - Amendment - Nays",62,70,0,0,132
1449456,1056461,2021-04-19,House,"House: 68 - Amendment - Nays",63,68,0,0,131
1449456,1056462,2021-04-19,House,"House: 69 - Amendment - Nays",64,69,0,0,133
1449456,1056463,2021-04-19,House,"House: 70 - Amendment to Erickson Amendment - Nays",63,70,0,0,133
1449456,1056464,2021-04-19,House,"House: 67 - Amendment to Erickson Amendment - Nays",62,67,0,0,129
1449456,1056465,2021-04-19,House,"House: 69 - Amendment to Erickson Amendment - Nays",63,69,0,0,132
1449456,1056466,2021-04-19,House,"House: 70 - Amendment - Nays",63,70,0,0,133
1449456,1056467,2021-04-19,House,"House: 69 - Amendment - Nays",64,69,0,0,133
1449456,1056468,2021-04-19,House,"House: 70 - Amendment - Nays",62,70,0,0,132
1449456,1056469,2021-04-19,House,"House: 0 - Amendment to Drazkowski Amendment - Nays",131,0,0,0,131
1449456,1056470,2021-04-19,House,"House: 69 - Amendment - Nays",63,69,0,0,132
1449456,1056471,2021-04-19,House,"House: 70 - Amendment - Nays",63,70,0,0,133
1449456,1056472,2021-04-19,House,"House: 73 - Amendment - Nays",60,73,0,0,133
1449456,1056473,2021-04-19,House,"House: Passage, as amended",73,60,0,0,133
1449456,1060043,2021-04-19,House,"House: Appeal Ruling of the Speaker",70,63,0,0,133
1449456,1061688,2021-04-22,Senate,"Senate: Third reading Passed",37,29,0,0,66
1449699,1054893,2021-04-15,House,"House: 69 - Amendment - Nays",62,69,0,0,131
1449699,1054894,2021-04-15,House,"House: Passage, as amended",79,52,0,0,131
1449699,1058380,2021-04-20,Senate,"Senate: Third reading Passed",66,0,0,0,66
1450516,1049266,2021-04-08,Senate,"Senate: Third reading Passed",66,0,0,0,66
1450516,1067668,2021-04-29,House,"House: Passage",126,5,0,0,131
1450554,1044341,2021-03-25,Senate,"Senate: Third reading Passed",66,0,0,0,66
1450841,1074563,2021-05-06,Senate,"Senate: Third reading Passed",66,0,0,0,66
1450841,1078294,2021-05-15,House,"House: 70 - Amendment - Nays",64,70,0,0,134
1450841,1078295,2021-05-15,House,"House: 70 - Amendment - Nays",64,70,0,0,134
1450841,1078296,2021-05-15,House,"House: 71 - Amendment - Nays",63,71,0,0,134
1450841,1078297,2021-05-15,House,"House: Passage",87,46,0,0,133
1452090,1044352,2021-03-04,Senate,"Senate: Third reading Passed",66,0,0,0,66
1452090,1078283,2021-05-14,House,"House: Passage",121,10,0,0,131
1452234,1055158,2021-04-15,Senate,"Senate: Third reading Passed",37,30,0,0,67
1452234,1057484,2021-04-20,House,"House: 76 - Amendment - Nays",57,76,0,0,133
1452234,1057485,2021-04-20,House,"House: 68 - Amendment - Nays",63,68,0,0,131
1452234,1057486,2021-04-20,House,"House: 69 - Amendment - Nays",63,69,0,0,132
1452234,1057487,2021-04-20,House,"House: 69 - Amendment - Nays",64,69,0,0,133
1452234,1057488,2021-04-20,House,"House: Passage, as amended",69,64,0,0,133
1452234,1059943,2021-04-20,House,"House: Point of Order",65,67,0,0,132
1454515,1204196,2022-05-12,Senate,"Senate: Motion did not prevail to withdraw and be placed on General Orders",31,35,0,0,66
1454631,1064413,2021-04-27,Senate,"Senate: Third reading Passed",67,0,0,0,67
1455799,1037817,2021-03-25,House,"House: Passage",102,28,0,0,130
1455799,1135159,2022-02-03,Senate,"Senate: Third reading Passed",66,0,0,0,66
1455799,1135293,2022-02-03,House,"House: H.F. NO. 1203",124,8,0,0,132
1455899,1162685,2022-02-28,House,"House: Passage",104,26,0,0,130
1457615,1205490,2022-05-17,Senate,"Senate: Third reading Passed",64,0,0,0,64
1457973,1064615,2021-04-27,Senate,"Senate: Third reading Passed",62,5,0,0,67
1458256,1052572,2021-04-13,Senate,"Senate: Third reading Passed",65,0,0,0,65
1458256,1078253,2021-05-14,House,"House: Passage",131,0,0,0,131
1458657,1052318,2021-04-13,Senate,"Senate: Third reading Passed",65,0,0,0,65
1458657,1075420,2021-05-10,House,"House: Passage",128,5,0,0,133
1459402,1034746,2021-03-23,House,"House: S.F. NO. 1354",62,70,0,0,132
1459402,1044340,2021-03-08,Senate,"Senate: Third reading Passed",35,32,0,0,67
1460348,1182866,2022-04-04,House,"House: Passage, as amended",133,0,0,0,133
1460348,1207354,2022-05-21,Senate,"Senate: Third reading Passed",65,0,0,0,65
1460434,1032060,2021-03-18,House,"House: Passage, as amended",132,0,0,0,132
1460434,1044598,2021-03-25,Senate,"Senate: Third reading Passed",66,0,0,0,66
1463277,1203037,2022-05-10,Senate,"Senate: Third reading Passed",64,0,0,0,64
1463277,1205974,2022-05-17,House,"House: Passage",134,0,0,0,134
1463618,1051061,2021-04-12,Senate,"Senate: Third reading Passed",46,21,0,0,67
1463618,1067835,2021-04-29,House,"House: 70 - Amendment - Nays",62,70,0,0,132
1463618,1067836,2021-04-29,House,"House: Passage, as amended",70,62,0,0,132
1464861,1055599,2021-04-17,House,"House: 67 - Amendment - Nays",63,67,0,0,130
1464861,1055600,2021-04-17,House,"House: 69 - Amendment - Nays",63,69,0,0,132
1464861,1055601,2021-04-17,House,"House: 68 - Amendment - Nays",64,68,0,0,132
1464861,1055602,2021-04-17,House,"House: 69 - Amendment - Nays",63,69,0,0,132
1464861,1055603,2021-04-17,House,"House: 69 - Amendment - Nays",63,69,0,0,132
1464861,1055604,2021-04-17,House,"House: 69 - Amendment - Nays",61,69,0,0,130
1464861,1055605,2021-04-17,House,"House: 68 - Amendment to Koznick Amendment - Nays",62,68,0,0,130
1464861,1055606,2021-04-17,House,"House: 68 - Amendment to Koznick Amendment - Nays",63,68,0,0,131
1464861,1055607,2021-04-17,House,"House: 68 - Amendment to Koznick Amendment - Nays",63,68,0,0,131
1464861,1055608,2021-04-17,House,"House: 69 - Amendment - Nays",63,69,0,0,132
1464861,1055609,2021-04-17,House,"House: 69 - Amendment - Nays",61,69,0,0,130
1464861,1055610,2021-04-17,House,"House: 67 - Amendment - Nays",62,67,0,0,129
1464861,1055611,2021-04-17,House,"House: 68 - Amendment - Nays",61,68,0,0,129
1464861,1055612,2021-04-17,House,"House: H.F. NO. 1684",69,62,0,0,131
1464861,1061652,2021-04-22,Senate,"Senate: Third reading Passed",40,26,0,0,66
1467617,1078284,2021-05-14,Senate,"Senate: Third reading Passed",39,27,0,0,66
1472100,1148956,2022-02-17,Senate,"Senate: Third reading Passed",66,0,0,0,66
1472100,1162966,2022-02-28,House,"House: Passage",116,14,0,0,130
1472296,1076686,2021-05-11,Senate,"Senate: Third reading Passed",66,0,0,0,66
1472296,1078291,2021-05-15,House,"House: Passage",131,2,0,0,133
1473374,1055548,2021-04-16,House,"House: 66 - Amendment - Nays",61,66,0,0,127
1473374,1055549,2021-04-16,House,"House: 68 - Amendment - Nays",62,68,0,0,130
1473374,1055550,2021-04-16,House,"House: 68 - Amendment - Nays",61,68,0,0,129
1473374,1055551,2021-04-16,House,"House: 69 - Amendment - Nays",62,69,0,0,131
1473374,1055552,2021-04-16,House,"House: 66 - Amendment - Nays",64,66,0,0,130
1473374,1055553,2021-04-16,House,"House: 67 - Amendment - Nays",62,67,0,0,129
1473374,1055554,2021-04-16,House,"House: 68 - Amendment - Nays",61,68,0,0,129
1473374,1055555,2021-04-16,House,"House: 66 - Amendment - Nays",63,66,0,0,129
1473374,1055556,2021-04-16,House,"House: 67 - Amendment - Nays",61,67,0,0,128
1473374,1055557,2021-04-16,House,"House: 67 - Amendment - Nays",58,67,0,0,125
1473374,1055558,2021-04-16,House,"House: 67 - Amendment - Nays",60,67,0,0,127
1473374,1055559,2021-04-16,House,"House: 0 - Amendment - Nays",127,0,0,0,127
1473374,1055560,2021-04-16,House,"House: 66 - Amendment - Nays",60,66,0,0,126
1473374,1055561,2021-04-16,House,"House: 70 - Amendment - Nays",56,70,0,0,126
1473374,1055562,2021-04-16,House,"House: 73 - Amendment - Nays",54,73,0,0,127
1473374,1055563,2021-04-16,House,"House: 67 - Amendment - Nays",60,67,0,0,127
1473374,1055564,2021-04-16,House,"House: 67 - Amendment - Nays",62,67,0,0,129
1473374,1055565,2021-04-16,House,"House: 61 - Amendment to Lucero Amendment - Nays",68,61,0,0,129
1473374,1055566,2021-04-16,House,"House: 68 - Amendment - Nays",62,68,0,0,130
1473374,1055567,2021-04-16,House,"House: 67 - Amendment - Nays",63,67,0,0,130
1473374,1055568,2021-04-16,House,"House: Passage, as amended",68,62,0,0,130
1473374,1059961,2021-04-16,House,"House: Appeal Ruling of the Speaker",68,61,0,0,129
1473374,1059962,2021-04-16,House,"House: Appeal Ruling of the Speaker",68,62,0,0,130
1473374,1059963,2021-04-16,House,"House: Appeal Ruling of the Speaker",68,60,0,0,128
1473374,1059964,2021-04-16,House,"House: Appeal Ruling of the Speaker",68,59,0,0,127
1473374,1059965,2021-04-16,House,"House: Appeal Ruling of the Speaker",68,61,0,0,129
1473374,1063072,2021-04-26,Senate,"Senate: Third reading Passed",38,28,0,0,66
1473374,1078445,2021-05-17,House,"House: H.F. NO. 1952",133,1,0,0,134
1473374,1079156,2021-05-17,Senate,"Senate: Third reading",67,0,0,0,67
1473374,1094969,2021-05-17,Senate,"Senate: Third reading",67,0,0,0,67
1473462,1206107,2022-05-17,House,"House: Passage",126,8,0,0,134
1473462,1207330,2022-05-20,Senate,"Senate: Third reading Passed",66,0,0,0,66
1473462,1207569,2022-05-22,Senate,"Senate: Third reading",66,0,0,0,66
1473462,1207570,2022-05-22,House,"House: H.F. NO. 1829",125,6,0,0,131
1473542,1067669,2021-04-29,House,"House: Passage",108,24,0,0,132
1473999,1051604,2021-04-12,House,"House: Passage, as amended",82,49,0,0,131
1474464,1204187,2022-05-12,Senate,"Senate: Motion did not prevail to withdraw and be placed on General Orders",33,33,0,0,66
1474532,1207183,2022-05-19,Senate,"Senate: Motion did not prevail to withdraw and be placed on General Orders, pursuant to rule 5.1",34,31,0,0,65
1474571,1056659,2021-04-19,Senate,"Senate: Third reading Passed",67,0,0,0,67
1474649,1060296,2021-04-21,Senate,"Senate: Third reading Passed",66,0,0,0,66
1474649,1078256,2021-05-14,House,"House: Passage",130,0,0,0,130
1477843,1204839,2022-05-16,Senate,"Senate: Third reading Passed",66,0,0,0,66
1479466,1062942,2021-04-26,House,"House: 0 - Amendment First Portion - Nays",132,0,0,0,132
1479466,1062943,2021-04-26,House,"House: Neu Brindley motion Re-Referral",61,70,0,0,131
1479466,1062944,2021-04-26,House,"House: 71 - Amendment - Nays",60,71,0,0,131
1479466,1062945,2021-04-26,House,"House: 70 - Amendment - Nays",61,70,0,0,131
1479466,1062946,2021-04-26,House,"House: 72 - Amendment - Nays",60,72,0,0,132
1479466,1062947,2021-04-26,House,"House: 70 - Amendment - Nays",62,70,0,0,132
1479466,1062948,2021-04-26,House,"House: 69 - Amendment - Nays",62,69,0,0,131
1479466,1062949,2021-04-26,House,"House: 69 - Amendment - Nays",61,69,0,0,130
1479466,1062950,2021-04-26,House,"House: 69 - Amendment - Nays",62,69,0,0,131
1479466,1062951,2021-04-26,House,"House: 76 - Amendment - Nays",56,76,0,0,132
1479466,1062952,2021-04-26,House,"House: 70 - Amendment - Nays",63,70,0,0,133
1479466,1062953,2021-04-26,House,"House: 70 - Amendment - Nays",63,70,0,0,133
1479466,1062954,2021-04-26,House,"House: 70 - Amendment - Nays",63,70,0,0,133
1479466,1062955,2021-04-26,House,"House: 69 - Amendment - Nays",62,69,0,0,131
1479466,1062956,2021-04-26,House,"House: 70 - Amendment - Nays",63,70,0,0,133
1479466,1062957,2021-04-26,House,"House: 63 - Amendment to Franson Amendment - Nays",69,63,0,0,132
1479466,1062958,2021-04-26,House,"House: 69 - Amendment - Nays",64,69,0,0,133
1479466,1062959,2021-04-26,House,"House: 72 - Amendment - Nays",59,72,0,0,131
1479466,1062960,2021-04-26,House,"House: 68 - Amendment - Nays",63,68,0,0,131
1479466,1062961,2021-04-26,House,"House: 62 - Amendment to Franson Amendment - Nays",70,62,0,0,132
1479466,1062962,2021-04-26,House,"House: 72 - Amendment - Nays",60,72,0,0,132
1479466,1062963,2021-04-26,House,"House: 70 - Amendment - Nays",62,70,0,0,132
1479466,1062964,2021-04-26,House,"House: 70 - Amendment - Nays",62,70,0,0,132
1479466,1062965,2021-04-26,House,"House: 61 - Amendment to Lucero Amendment - Nays",70,61,0,0,131
1479466,1062966,2021-04-26,House,"House: 0 - Amendment - Nays",132,0,0,0,132
1479466,1062967,2021-04-26,House,"House: Passage, as amended",70,62,0,0,132
1479466,1063088,2021-04-26,House,"House: Appeal Ruling",70,61,0,0,131
1479466,1063089,2021-04-26,House,"House: Appeal Ruling",70,62,0,0,132
1479466,1063090,2021-04-26,House,"House: Appeal Ruling",70,61,0,0,131
1479466,1063091,2021-04-26,House,"House: Appeal Ruling",70,62,0,0,132
1479466,1063092,2021-04-26,House,"House: Appeal Ruling",70,62,0,0,132
1479466,1063093,2021-04-26,House,"House: Appeal Ruling",70,62,0,0,132
1479466,1063094,2021-04-26,House,"House: Appeal Ruling",69,62,0,0,131
1479466,1067005,2021-04-29,Senate,"Senate: Third reading Passed",39,28,0,0,67
1479466,1079018,2021-05-17,Senate,"Senate: Third reading",66,0,0,0,66
1479466,1079019,2021-05-17,House,"House: H.F. NO. 2128",77,57,0,0,134
1479466,1095042,2021-05-17,Senate,"Senate: Third reading",66,1,0,0,67
1481500,1044339,2021-03-25,Senate,"Senate: Motion did not prevail To withdraw from committee and place on General Orders",31,35,0,0,66
1484064,1032121,2021-03-18,House,"House: H.F. NO. 2274",56,76,0,0,132
1484101,1038125,2021-03-25,House,"House: H.F. NO. 2253",125,6,0,0,131
1484101,1038126,2021-03-25,House,"House: H.F. NO. 2253",128,3,0,0,131
1484101,1060565,2021-04-21,Senate,"Senate: Third reading Passed",66,0,0,0,66
1484211,1030153,2021-03-17,House,"House: H.F. NO. 2267",58,74,0,0,132
1484591,1031861,2021-03-18,House,"House: S.C.R. NO. 5",63,69,0,0,132
1484591,1047582,2021-03-18,Senate,"Senate: Adopted",38,29,0,0,67
1484722,1032089,2021-03-18,House,"House: H.F. NO. 2307",63,69,0,0,132
1486426,1078293,2021-05-15,House,"House: Passage",79,55,0,0,134
1486426,1078993,2021-05-17,Senate,"Senate: Third reading Passed",63,0,0,0,63
1486426,1094519,2021-05-17,Senate,"Senate: Third reading Passed",63,2,0,0,65
1486523,1205987,2022-05-17,House,"House: Passage",125,8,0,0,133
1486523,1207306,2022-05-20,Senate,"Senate: Third reading Passed",66,0,0,0,66
1486557,1174053,2022-03-14,House,"House: Passage",75,57,0,0,132
1486557,1204306,2022-05-12,Senate,"Senate: Third reading Passed",64,0,0,0,64
1486557,1205993,2022-05-17,House,"House: H.F. NO. 2353",134,0,0,0,134
1487753,1164909,2022-03-07,Senate,"Senate: Third reading Passed",31,36,0,0,67
1491809,1163062,2022-02-28,House,"House: Passage",123,7,0,0,130
1491809,1165503,2022-03-07,Senate,"Senate: Third reading Passed",65,0,0,0,65
1501244,1074100,2021-05-06,House,"House: 70 - Amendment - Nays",64,70,0,0,134
1501244,1074101,2021-05-06,House,"House: 69 - Amendment - Nays",65,69,0,0,134
1501244,1074102,2021-05-06,House,"House: Passage, as amended",73,59,0,0,132
1501280,1062151,2021-04-19,Senate,"Senate: Adopted",42,23,0,0,65
1501303,1056621,2021-04-19,Senate,"Senate: Third reading Passed",48,19,0,0,67
1506474,1207356,2022-05-21,Senate,"Senate: Motion did not prevail to withdraw and be placed on General Orders, pursuant to rule 5.1",34,30,0,0,64
1508398,1078706,2021-05-13,Senate,"Senate: Adopted",63,0,0,0,63
1508991,1203594,2022-05-11,Senate,"Senate: Third reading Passed",64,2,0,0,66
1571188,1168328,2022-03-10,House,"House: Passage",120,14,0,0,134
1571188,1196240,2022-04-28,Senate,"Senate: Third reading Passed",66,0,0,0,66
1571192,1162759,2022-02-28,House,"House: Passage",130,0,0,0,130
1571192,1165025,2022-03-07,Senate,"Senate: Third reading Passed",67,0,0,0,67
1571192,1170882,2022-03-07,Senate,"Senate: Third reading Passed",67,0,0,0,67
1571226,1204319,2022-05-11,House,"House: Passage",102,31,0,0,133
1571226,1207513,2022-05-22,Senate,"Senate: Third reading Passed",66,0,0,0,66
1571226,1207514,2022-05-22,House,"House: H.F. NO. 2725",68,60,0,0,128
1571273,1174025,2022-03-14,House,"House: Passage",122,10,0,0,132
1571273,1181796,2022-03-31,Senate,"Senate: Consent Calendar: Third reading Passed",54,12,0,0,66
1571273,1183447,2022-04-04,House,"House: H.F. NO. 2819",115,19,0,0,134
1571287,1206023,2022-05-17,House,"House: Passage",132,0,0,0,132
1571287,1207315,2022-05-20,Senate,"Senate: Third Reading Repassed",66,0,0,0,66
1571287,1207316,2022-05-20,Senate,"Senate: Third reading Passed",65,0,0,0,65
1571289,1178485,2022-03-28,House,"House: Passage",72,60,0,0,132
1576116,1207359,2022-05-21,Senate,"Senate: Third reading Passed",66,0,0,0,66
1576175,1206135,2022-05-18,Senate,"Senate: Third reading Passed",66,0,0,0,66
1576228,1162677,2022-03-03,Senate,"Senate: Third reading Passed",37,30,0,0,67
1576270,1168096,2022-03-10,Senate,"Senate: Third reading Passed",36,31,0,0,67
1576363,1144258,2022-02-14,Senate,"Senate: Third reading Passed",55,11,0,0,66
1576363,1168257,2022-03-10,House,"House: S.F. NO. 2677",66,67,0,0,133
1576363,1174091,2022-03-14,House,"House: Motion to Recess to Call of the Chair",64,69,0,0,133
1576363,1174092,2022-03-14,House,"House: S.F. NO. 2677",66,67,0,0,133
1576363,1181572,2022-03-31,House,"House: S.F. NO. 2677",64,67,0,0,131
1576363,1192671,2022-04-25,House,"House: Greenman - Amendment - S2677A5",69,63,0,0,132
1576363,1192672,2022-04-25,House,"House: S.F. NO. 2677",70,63,0,0,133
1576363,1199805,2022-04-29,Senate,"Senate: Rules suspended Jt. rule 2.06",65,1,0,0,66
1576363,1199806,2022-04-29,Senate,"Senate: Third reading Passed",65,1,0,0,66
1576363,1199807,2022-04-29,House,"House: S.F. NO. 2677",124,5,0,0,129
1576396,1193219,2022-04-25,Senate,"Senate: Third reading Passed",48,19,0,0,67
1576396,1198029,2022-04-29,House,"House: O'Neill - Amendment - S2673A8",61,69,0,0,130
1576396,1198030,2022-04-29,House,"House: Backer - Amendment - S2673A13",62,68,0,0,130
1576396,1198031,2022-04-29,House,"House: Franson - Amendment - S2673A5",63,66,0,0,129
1576396,1198032,2022-04-29,House,"House: 63 - Amendment to Amendment - Nays",67,63,0,0,130
1576396,1198033,2022-04-29,House,"House: Daudt - Amendment - S2673A4",62,66,0,0,128
1576396,1198034,2022-04-29,House,"House: Passage, as amended",68,61,0,0,129
1576839,1135703,2022-01-31,Senate,"Senate: Adopted",67,0,0,0,67
1577004,1135704,2022-01-31,Senate,"Senate: Adopted",67,0,0,0,67
1577141,1174366,2022-03-21,House,"House: Passage",134,0,0,0,134
1577141,1205982,2022-05-18,Senate,"Senate: Third reading Passed",64,0,0,0,64
1577244,1155114,2022-02-24,House,"House: Scott - Amendment H2900A11 - H2900A11",62,69,0,0,131
1577244,1155115,2022-02-24,House,"House: 63 - Amendment to Scott Amendment - Nays",68,63,0,0,131
1577244,1155116,2022-02-24,House,"House: Passage, as amended",71,61,0,0,132
1577353,1162696,2022-03-03,House,"House: Passage",132,1,0,0,133
1577353,1174282,2022-03-21,Senate,"Senate: Third reading",66,0,0,0,66
1578169,1174158,2022-03-21,House,"House: Passage",132,0,0,0,132
1578169,1207358,2022-05-21,Senate,"Senate: Third reading Passed",67,0,0,0,67
1578224,1174046,2022-03-14,House,"House: Passage",127,5,0,0,132
1578224,1204322,2022-05-12,Senate,"Senate: Third reading Passed",64,0,0,0,64
1580673,1144348,2022-02-14,Senate,"Senate: Third reading Passed",51,15,0,0,66
1580691,1176828,2022-03-24,Senate,"Senate: Third reading Passed",66,0,0,0,66
1580691,1177132,2022-03-24,Senate,"Senate: Third reading Passed",66,0,0,0,66
1580691,1183139,2022-04-04,House,"House: Passage",132,2,0,0,134
1580752,1150144,2022-02-21,Senate,"Senate: Third reading Passed",28,39,0,0,67
1580752,1173921,2022-03-21,Senate,"Senate: Third reading",65,1,0,0,66
1580752,1174100,2022-03-17,House,"House: Rasmusson - Amendment - S2876A5",62,70,0,0,132
1580752,1174101,2022-03-17,House,"House: Appeal Ruling of the Speaker",69,63,0,0,132
1580752,1174102,2022-03-17,House,"House: Appeal Ruling of the Speaker",69,64,0,0,133
1580752,1174103,2022-03-17,House,"House: Passage",87,46,0,0,133
1580926,1162673,2022-03-03,Senate,"Senate: Third reading Passed",67,0,0,0,67
1581147,1144353,2022-02-14,Senate,"Senate: Consent Calendar: Third reading Passed",65,0,0,0,65
1581147,1155263,2022-02-24,House,"House: Passage",129,1,0,0,130
1581909,1163211,2022-03-03,House,"House: Appeal Ruling of the Speaker",70,63,0,0,133
1581909,1163212,2022-03-03,House,"House: Appeal Ruling of the Speaker",69,63,0,0,132
1581909,1163213,2022-03-03,House,"House: Appeal Ruling of the Speaker",70,63,0,0,133
1581909,1163214,2022-03-03,House,"House: 0 - Amendment to Petersburg Amendment - Nays",132,0,0,0,132
1581909,1163215,2022-03-03,House,"House: Petersburg - Amendment as amended - H3035A4",132,0,0,0,132
1581909,1163216,2022-03-03,House,"House: Passage",129,1,0,0,130
1581909,1170026,2022-03-14,Senate,"Senate: Third reading Passed",65,0,0,0,65
1581909,1174159,2022-03-17,House,"House: H.F. NO. 3035",132,1,0,0,133
1582009,1183013,2022-04-04,House,"House: Passage",77,57,0,0,134
1582009,1207138,2022-05-19,Senate,"Senate: Third reading Passed",65,0,0,0,65
1583320,1202941,2022-05-10,Senate,"Senate: Third reading Passed",65,0,0,0,65
1583320,1205996,2022-05-18,Senate,"Senate: Third reading Passed",63,0,0,0,63
1583320,1205997,2022-05-17,House,"House: Passage",129,5,0,0,134
1583375,1207134,2022-05-19,Senate,"Senate: Third reading Passed",65,0,0,0,65
1583457,1148639,2022-02-17,Senate,"Senate: Third reading Passed",66,0,0,0,66
1583457,1155254,2022-02-24,House,"House: Passage, as amended",130,1,0,0,131
1583457,1158177,2022-02-28,Senate,"Senate: Third reading",66,0,0,0,66
1583827,1163218,2022-03-03,House,"House: Passage, as amended",133,0,0,0,133
1583827,1169952,2022-03-14,Senate,"Senate: Third reading Passed",66,0,0,0,66
1586565,1200756,2022-05-05,Senate,"Senate: Third reading Passed",66,0,0,0,66
1586565,1204190,2022-05-11,House,"House: Passage, as amended",85,48,0,0,133
1586565,1207322,2022-05-20,Senate,"Senate: Third reading",62,4,0,0,66
1586565,1207333,2022-05-20,House,"House: S.F. NO. 3008",111,21,0,0,132
1586603,1203060,2022-05-10,Senate,"Senate: Third reading Passed",65,0,0,0,65
1586618,1204827,2022-05-16,Senate,"Senate: Third reading Passed",65,0,0,0,65
1586691,1204205,2022-05-12,Senate,"Senate: Motion did not prevail to withdraw and be placed on General Orders",33,33,0,0,66
1587397,1181633,2022-03-31,House,"House: Passage",130,0,0,0,130
1587397,1203016,2022-05-10,Senate,"Senate: Third reading Passed",63,0,0,0,63
1587452,1174255,2022-03-14,House,"House: Passage",131,0,0,0,131
1587452,1207326,2022-05-20,Senate,"Senate: Third reading Passed",64,0,0,0,64
1587467,1174011,2022-03-21,House,"House: Passage",133,0,0,0,133
1587467,1199524,2022-05-03,Senate,"Senate: Third reading Passed",66,0,0,0,66
1587609,1181632,2022-03-31,House,"House: Passage, as amended",131,0,0,0,131
1587609,1186107,2022-04-07,Senate,"Senate: Third reading Passed",66,0,0,0,66
1587609,1186108,2022-04-07,House,"House: H.F. NO. 3217",129,1,0,0,130
1587697,1182886,2022-04-04,House,"House: Passage",134,0,0,0,134
1587697,1201704,2022-05-09,Senate,"Senate: Third reading Passed",67,0,0,0,67
1587697,1204221,2022-05-11,House,"House: H.F. NO. 3296",127,0,0,0,127
1587755,1205984,2022-05-18,House,"House: Passage, as amended",99,29,0,0,128
1587755,1207360,2022-05-22,Senate,"Senate: Third reading Passed",67,0,0,0,67
1587755,1207656,2022-05-22,House,"House: H.F. NO. 3255",70,64,0,0,134
1587808,1203454,2022-05-06,House,"House: Nash - Amendment - H3285A2",56,68,0,0,124
1587808,1203455,2022-05-06,House,"House: Passage",77,47,0,0,124
1587808,1204939,2022-05-16,Senate,"Senate: Third reading Passed",65,0,0,0,65
1587808,1206068,2022-05-17,House,"House: H.F. NO. 3285",80,54,0,0,134
1588651,1204895,2022-05-16,Senate,"Senate: Third reading Passed",63,0,0,0,63
1588651,1207342,2022-05-20,House,"House: Passage",117,15,0,0,132
1588815,1196221,2022-04-28,Senate,"Senate: Third reading Passed",59,7,0,0,66
1589130,1178625,2022-03-28,House,"House: Passage, as amended",107,24,0,0,131
1589130,1207314,2022-05-20,Senate,"Senate: Third reading Passed",66,0,0,0,66
1589130,1207331,2022-05-20,House,"House: H.F. NO. 3346",108,25,0,0,133
1589200,1192606,2022-04-25,House,"House: Green - Amendment - H3438A10",62,67,0,0,129
1589200,1192607,2022-04-25,House,"House: Green - Amendment - H3438A9",62,69,0,0,131
1589200,1192608,2022-04-25,House,"House: Passage",70,62,0,0,132
1589200,1205454,2022-05-17,Senate,"Senate: Third reading Passed",55,9,0,0,64
1589200,1207335,2022-05-19,House,"House: H.F. NO. 3438",89,40,0,0,129
1589253,1174328,2022-03-21,House,"House: Passage",132,1,0,0,133
1589253,1205652,2022-05-17,Senate,"Senate: Third reading Passed",62,0,0,0,62
1589308,1205995,2022-05-18,House,"House: Passage",114,14,0,0,128
1589308,1207380,2022-05-22,Senate,"Senate: Third reading Passed",66,0,0,0,66
1589401,1207340,2022-05-19,House,"House: Passage",130,0,0,0,130
1589542,1168005,2022-03-10,House,"House: Anderson - Amendment - H3420A11",65,69,0,0,134
1589542,1168006,2022-03-10,House,"House: Passage",101,33,0,0,134
1589542,1181781,2022-03-31,Senate,"Senate: Third reading Passed",66,0,0,0,66
1589542,1186280,2022-04-07,House,"House: H.F. NO. 3420",68,63,0,0,131
1589542,1207357,2022-05-21,House,"House: H.F. NO. 3420",69,64,0,0,133
1589542,1207382,2022-05-22,Senate,"Senate: Third reading",66,1,0,0,67
1592036,1203254,2022-05-10,Senate,"Senate: Third reading Passed",64,0,0,0,64
1592142,1203888,2022-05-11,Senate,"Senate: Third reading Passed",64,0,0,0,64
1592149,1204178,2022-05-12,Senate,"Senate: Third reading Passed",65,0,0,0,65
1593262,1181631,2022-03-31,House,"House: Passage",101,30,0,0,131
1593262,1199536,2022-05-03,Senate,"Senate: Third reading Passed",67,0,0,0,67
1594181,1167992,2022-03-10,Senate,"Senate: Third reading Passed",67,0,0,0,67
1594181,1177060,2022-03-24,House,"House: Passage, as amended",121,9,0,0,130
1594181,1178458,2022-03-28,Senate,"Senate: Third reading Passed",67,0,0,0,67
1594186,1204207,2022-05-12,Senate,"Senate: Third reading Passed",65,0,0,0,65
1594186,1206012,2022-05-18,House,"House: Passage",127,1,0,0,128
1594265,1205575,2022-05-17,Senate,"Senate: Third reading Passed",65,0,0,0,65
1594265,1207345,2022-05-20,House,"House: Passage",132,0,0,0,132
1594274,1203706,2022-05-11,Senate,"Senate: Third reading Passed",37,29,0,0,66
1595187,1182878,2022-04-04,House,"House: Passage",133,1,0,0,134
1595187,1186062,2022-04-07,Senate,"Senate: Third reading Passed",66,0,0,0,66
1595222,1174059,2022-03-21,House,"House: Passage",116,18,0,0,134
1595222,1201802,2022-05-09,Senate,"Senate: Third reading Passed",66,0,0,0,66
1595222,1204321,2022-05-12,House,"House: H.F. NO. 3682",104,22,0,0,126
1595272,1200170,2022-05-04,House,"House: Bahr - Amendment - A22-0456",60,69,0,0,129
1595272,1200171,2022-05-04,House,"House: Passage, as amended",69,62,0,0,131
1595272,1203601,2022-05-11,Senate,"Senate: Third reading Passed",42,22,0,0,64
1596139,1169941,2022-03-14,Senate,"Senate: Third Reading Repassed",42,24,0,0,66
1596139,1169942,2022-03-14,Senate,"Senate: Third reading Passed",41,25,0,0,66
1596139,1177013,2022-03-24,House,"House: Stephenson - Amendment - DEA3717",69,60,0,0,129
1596139,1177014,2022-03-24,House,"House: O'Driscoll - Amendment - S3472A2",58,71,0,0,129
1596139,1177015,2022-03-24,House,"House: O'Driscoll - Amendment - S3472A5",59,70,0,0,129
1596139,1177016,2022-03-24,House,"House: Gruenhagen - Amendment - S3472A6",58,71,0,0,129
1596139,1177017,2022-03-24,House,"House: O'Driscoll - Amendment - S3472A7",59,69,0,0,128
1596139,1177018,2022-03-24,House,"House: Passage",70,58,0,0,128
1596139,1181670,2022-03-31,Senate,"Senate: Third reading Passed",47,20,0,0,67
1596139,1181671,2022-03-31,House,"House: S.F. NO. 3472",106,25,0,0,131
1597009,1203249,2022-05-06,House,"House: Passage, as amended",121,4,0,0,125
1597009,1203579,2022-05-11,Senate,"Senate: Third reading Passed",66,0,0,0,66
1597009,1205980,2022-05-16,House,"House: H.F. NO. 3768",126,5,0,0,131
1597105,1192615,2022-04-21,House,"House: Passage",72,60,0,0,132
1597105,1206170,2022-05-18,Senate,"Senate: Third reading Passed",36,28,0,0,64
1597105,1207352,2022-05-21,House,"House: H.F. NO. 3765",115,19,0,0,134
1597105,1207361,2022-05-22,Senate,"Senate: Third reading",67,0,0,0,67
1597197,1207339,2022-05-19,House,"House: Passage",130,0,0,0,130
1597197,1207371,2022-05-22,Senate,"Senate: Third reading Passed",67,0,0,0,67
1597541,1207319,2022-05-20,Senate,"Senate: Consent Calendar: Third reading Passed",66,0,0,0,66
1597695,1202276,2022-05-09,Senate,"Senate: Third reading Passed",66,0,0,0,66
1597695,1205463,2022-05-17,Senate,"Senate: Third reading",63,0,0,0,63
1597695,1206009,2022-05-16,House,"House: Passage,as amended",124,6,0,0,130
1597760,1203057,2022-05-10,Senate,"Senate: Third reading Passed",65,0,0,0,65
1597760,1207338,2022-05-20,House,"House: Passage, as amended",130,0,0,0,130
1597760,1207346,2022-05-21,Senate,"Senate: Third reading",65,0,0,0,65
1598078,1202993,2022-05-09,House,"House: Passage",108,22,0,0,130
1598078,1204231,2022-05-12,Senate,"Senate: Third reading Passed",65,0,0,0,65
1598211,1198135,2022-04-29,House,"House: Passage, as amended",69,59,0,0,128
1598211,1200250,2022-05-04,Senate,"Senate: Third reading Passed",39,28,0,0,67
1598211,1207336,2022-05-20,House,"House: H.F. NO. 3872",68,63,0,0,131
1598211,1207385,2022-05-22,Senate,"Senate: Motion did not prevail to take from table",31,35,0,0,66
1598231,1203019,2022-05-06,House,"House: Passage, as amended",121,4,0,0,125
1598231,1203737,2022-05-11,Senate,"Senate: Third Reading Repassed",57,9,0,0,66
1598231,1203738,2022-05-11,Senate,"Senate: Third reading Passed",60,6,0,0,66
1598231,1206038,2022-05-16,House,"House: H.F. NO. 3845",127,4,0,0,131
1598356,1203374,2022-05-06,House,"House: Passage",115,9,0,0,124
1598356,1205513,2022-05-17,Senate,"Senate: Third reading Passed",65,0,0,0,65
1598356,1206029,2022-05-18,House,"House: H.F. NO. 3805",126,1,0,0,127
1599591,1207383,2022-05-22,Senate,"Senate: Motion did not prevail to withdraw and be placed on General Orders, pursuant to rule 5.1",34,33,0,0,67
1600638,1185994,2022-04-07,Senate,"Senate: Third reading Passed",42,24,0,0,66
1601586,1205976,2022-05-18,House,"House: Passage",129,0,0,0,129
1601640,1183479,2022-04-04,House,"House: Passage",134,0,0,0,134
1601640,1204317,2022-05-12,Senate,"Senate: Third reading Passed",63,0,0,0,63
1602659,1204195,2022-05-12,Senate,"Senate: Motion did not prevail to withdraw and be placed on General Orders",31,35,0,0,66
1602882,1204237,2022-05-12,Senate,"Senate: Motion did not prevail to withdraw and be placed on General Orders",32,32,0,0,64
1603324,1182916,2022-04-04,House,"House: Passage, as amended",132,1,0,0,133
1603324,1207408,2022-05-22,Senate,"Senate: Third reading Passed",66,0,0,0,66
1603324,1207409,2022-05-22,House,"House: H.F. NO. 4065",68,65,0,0,133
1603539,1168170,2022-03-07,House,"House: H.F. NO. 4060",63,67,0,0,130
1603752,1206044,2022-05-16,House,"House: Passage, as amended",70,61,0,0,131
1603752,1207154,2022-05-19,Senate,"Senate: Third reading Passed",66,0,0,0,66
1604359,1202982,2022-05-10,Senate,"Senate: Third reading Passed",37,29,0,0,66
1604487,1203175,2022-05-10,Senate,"Senate: Third reading Passed",65,0,0,0,65
1604487,1205991,2022-05-17,House,"House: Passage",134,0,0,0,134
1605020,1168041,2022-03-10,Senate,"Senate: Motion did not prevail Urgency, rules suspension",31,36,0,0,67
1605742,1177086,2022-03-24,House,"House: Passage",126,0,0,0,126
1605742,1179795,2022-03-29,Senate,"Senate: Third reading Passed",67,0,0,0,67
1605822,1203117,2022-05-09,House,"House: Passage",87,44,0,0,131
1605822,1206058,2022-05-18,Senate,"Senate: Third reading Passed",66,1,0,0,67
1606334,1204193,2022-05-12,Senate,"Senate: Motion did not prevail to withdraw and be placed on General Orders",33,33,0,0,66
1607116,1193603,2022-04-26,House,"House: Nash - Amendment - H4293A25",64,69,0,0,133
1607116,1193604,2022-04-26,House,"House: Nash - Amendment - H4293A26",64,69,0,0,133
1607116,1193605,2022-04-26,House,"House: Appeal Ruling of the Speaker",68,63,0,0,131
1607116,1193606,2022-04-26,House,"House: Appeal Ruling of the Speaker",69,62,0,0,131
1607116,1193607,2022-04-26,House,"House: West - Amendment - H4293A38",64,70,0,0,134
1607116,1193608,2022-04-26,House,"House: Petersburg - Amendment - H4293A33",64,70,0,0,134
1607116,1193609,2022-04-26,House,"House: Heinrich - Amendment - H4293A36",64,70,0,0,134
1607116,1193610,2022-04-26,House,"House: Torkelson - Amendment - H4293A37",64,70,0,0,134
1607116,1193611,2022-04-26,House,"House: Appeal Ruling of the Speaker",69,64,0,0,133
1607116,1193612,2022-04-26,House,"House: Olson, B., motion Re-Referral",63,70,0,0,133
1607116,1193613,2022-04-26,House,"House: Passage, as amended",70,63,0,0,133
1607116,1198560,2022-05-02,Senate,"Senate: Third reading Passed",40,26,0,0,66
1607164,1196197,2022-04-27,House,"House: Bennett - Amendment - H4300A14",61,71,0,0,132
1607164,1196198,2022-04-27,House,"House: Franson - Amendment - A22-0449",63,70,0,0,133
1607164,1196199,2022-04-27,House,"House: Lucero - Amendment - H4300A21",60,69,0,0,129
1607164,1196200,2022-04-27,House,"House: Appeal Ruling of the Speaker",70,62,0,0,132
1607164,1196201,2022-04-27,House,"House: Passage, as amended",69,61,0,0,130
1607164,1199585,2022-05-03,Senate,"Senate: Third reading Passed",37,29,0,0,66
1607670,1200836,2022-05-05,Senate,"Senate: Third reading Passed",66,0,0,0,66
1607670,1203076,2022-05-06,House,"House: S.F. NO. 4025",119,8,0,0,127
1607754,1191578,2022-04-21,Senate,"Senate: Third reading Passed",37,29,0,0,66
1607754,1196188,2022-04-28,House,"House: Sundin - Amendment - A22-0450",63,66,0,0,129
1607754,1196189,2022-04-28,House,"House: Swedzinski - Amendment - S4062A14",61,68,0,0,129
1607754,1196190,2022-04-28,House,"House: Appeal Ruling of the Speaker",68,62,0,0,130
1607754,1196191,2022-04-28,House,"House: Appeal Ruling of the Speaker",68,61,0,0,129
1607754,1196192,2022-04-28,House,"House: Stephenson - Amendment - S4062A4",127,3,0,0,130
1607754,1196193,2022-04-28,House,"House: Passage, as amended",70,59,0,0,129
1607822,1206045,2022-05-18,Senate,"Senate: Third reading Passed",45,21,0,0,66
1607853,1207121,2022-05-19,Senate,"Senate: Third reading Passed",66,0,0,0,66
1608278,1205141,2022-05-16,Senate,"Senate: Third reading Passed",66,0,0,0,66
1608278,1207337,2022-05-20,House,"House: Passage",129,4,0,0,133
1608321,1207362,2022-05-22,Senate,"Senate: Third reading Passed",66,0,0,0,66
1608326,1193776,2022-04-26,Senate,"Senate: Third reading Passed",38,27,0,0,65
1608326,1200179,2022-05-04,House,"House: 68 - Amendment to Richardson Amendment - Nays",62,68,0,0,130
1608326,1200180,2022-05-04,House,"House:  - Amendment - S4091A33",69,62,0,0,131
1608326,1200181,2022-05-04,House,"House: Swedzinski - Amendment S4091A13 - S4091A13",62,69,0,0,131
1608326,1200182,2022-05-04,House,"House: Swedzinski - Amendment - S4091A24",60,69,0,0,129
1608326,1200183,2022-05-04,House,"House: Mekeland - Amendment - S4091A25",61,68,0,0,129
1608326,1200184,2022-05-04,House,"House: Appeal Ruling of the Speaker",69,62,0,0,131
1608326,1200185,2022-05-04,House,"House: Appeal Ruling of the Speaker",68,62,0,0,130
1608326,1200186,2022-05-04,House,"House: Passage, as amended",69,62,0,0,131
1608326,1207378,2022-05-22,Senate,"Senate: Laid on table",37,29,0,0,66
1608326,1207379,2022-05-22,Senate,"Senate: Senate adopted CC report",37,29,0,0,66
1608678,1192661,2022-04-25,House,"House: Nash - Amendment - H4366A13",57,75,0,0,132
1608678,1192662,2022-04-25,House,"House: Appeal Ruling of the Speaker",70,63,0,0,133
1608678,1192663,2022-04-25,House,"House: Anderson - Amendment - H4366A17",62,71,0,0,133
1608678,1192664,2022-04-25,House,"House: Passage, as amended",70,62,0,0,132
1608678,1195079,2022-04-27,Senate,"Senate: Third reading Passed",41,26,0,0,67
1608703,1181675,2022-03-31,House,"House: Passage",129,2,0,0,131
1608703,1201865,2022-05-09,Senate,"Senate: Third reading Passed",67,0,0,0,67
1609107,1203020,2022-05-10,Senate,"Senate: Third reading Passed",64,0,0,0,64
1609214,1204907,2022-05-16,Senate,"Senate: Third reading Passed",64,1,0,0,65
1609889,1200802,2022-05-05,Senate,"Senate: Third reading Passed",64,0,0,0,64
1609889,1204377,2022-05-06,House,"House: S.F. NO. 4233",122,1,0,0,123
1611152,1207199,2022-05-19,Senate,"Senate: Third reading Passed",65,0,0,0,65
1612421,1204255,2022-05-12,House,"House: Passage",83,43,0,0,126
1612421,1207353,2022-05-21,Senate,"Senate: Third reading Passed",66,0,0,0,66
1612480,1193685,2022-04-26,Senate,"Senate: Third reading Passed",61,5,0,0,66
1612480,1198831,2022-05-03,House,"House: Demuth - Amendment - S4410A22",63,66,0,0,129
1612480,1198832,2022-05-03,House,"House: Rasmusson - Amendment - S4410A14",62,68,0,0,130
1612480,1198833,2022-05-03,House,"House: Backer - Amendment - S4410A17",62,69,0,0,131
1612480,1198834,2022-05-03,House,"House: Kiel - Amendment - S4410A30",62,69,0,0,131
1612480,1198835,2022-05-03,House,"House: Franson - Amendment - S4410A12",60,71,0,0,131
1612480,1198836,2022-05-03,House,"House: Appeal Ruling of the Speaker",68,63,0,0,131
1612480,1198837,2022-05-03,House,"House: Appeal Ruling of the Speaker",66,65,0,0,131
1612480,1198838,2022-05-03,House,"House: Appeal Ruling of the Speaker",66,66,0,0,132
1612480,1198839,2022-05-03,House,"House: Appeal Ruling of the Speaker",70,63,0,0,133
1612480,1198840,2022-05-03,House,"House: Haley - Amendment - S4410A11",63,69,0,0,132
1612480,1198841,2022-05-03,House,"House: Passage, as amended",69,64,0,0,133
1614077,1196207,2022-04-28,Senate,"Senate: Third reading Passed",63,1,0,0,64
1614077,1204254,2022-05-12,House,"House: Passage",126,0,0,0,126
1614077,1207618,2022-05-22,Senate,"Senate: Third reading",67,0,0,0,67
1614077,1207619,2022-05-22,House,"House: S.F. NO. 4476",133,0,0,0,133
1616306,1193301,2022-04-25,Senate,"Senate: Motion did not prevail to withdraw and be placed on General Orders",31,36,0,0,67
1617219,1198923,2022-05-02,Senate,"Senate: Motion did not prevail to withdraw and be placed on General Orders",30,34,0,0,64
1621918,1215658,2022-05-22,Senate,"Senate: Adopted",67,0,0,0,67
