bill_id,session_id,bill_number,status,status_desc,status_date,title,description,committee_id,committee,last_action_date,last_action,url,state_link
1886463,2154,HB1001,4,Passed,2024-09-04,"Property Tax","Concerning property tax.",0,,2024-09-04,"Governor Signed",https://legiscan.com/CO/bill/HB1001/2024/X1,https://leg.colorado.gov/bills/hb24b-1001
1886467,2154,HB1002,6,Failed,2024-08-26,"Primary Residence Real Property Valuation","Concerning the valuation for assessment of residential real property, and, in connection therewith, limiting to qualified primary residence real property the existing reduction in the valuation for assessment of all residential real property by the lesser of ten percent of its actual value or seventy thousand dollars.",0,,2024-08-26,"House Committee on Appropriations Postpone Indefinitely",https://legiscan.com/CO/bill/HB1002/2024/X1,https://leg.colorado.gov/bills/hb24b-1002
1886457,2154,HB1003,4,Passed,2024-09-06,"Business Personal Property Tax Exemptions","Concerning property tax relief for businesses, and, in connection therewith, expanding and extending the exemption for agricultural equipment and machinery used in controlled agricultural facilities.",0,,2024-09-06,"Governor Signed",https://legiscan.com/CO/bill/HB1003/2024/X1,https://leg.colorado.gov/bills/hb24b-1003
1886460,2154,HB1004,6,Failed,2024-08-26,"Additional Property Tax Relief for Homeowners","Concerning additional property tax relief for homeowners.",0,,2024-08-26,"House Committee on Finance Postpone Indefinitely",https://legiscan.com/CO/bill/HB1004/2024/X1,https://leg.colorado.gov/bills/hb24b-1004
1886459,2154,HB1005,6,Failed,2024-08-26,"Valuation Assessment Reduction Residential Property","Concerning reductions in valuation for assessment of residential real property.",0,,2024-08-26,"House Committee on Finance Postpone Indefinitely",https://legiscan.com/CO/bill/HB1005/2024/X1,https://leg.colorado.gov/bills/hb24b-1005
1886464,2154,HB1006,6,Failed,2024-08-26,"Expand Property Tax Exemptions","Concerning the expansion of property tax exemptions for certain owner-occupied primary residences.",0,,2024-08-26,"House Committee on Finance Postpone Indefinitely",https://legiscan.com/CO/bill/HB1006/2024/X1,https://leg.colorado.gov/bills/hb24b-1006
1886468,2154,HB1007,1,Introduced,2024-08-26,"Accessible Housing Property Taxes","Concerning property taxes for accessible housing.",0,,2024-09-03,"House Committee on Appropriations Lay Over Unamended - Amendment(s) Failed",https://legiscan.com/CO/bill/HB1007/2024/X1,https://leg.colorado.gov/bills/hb24b-1007
1886462,2154,HB1008,6,Failed,2024-08-26,"Tax Code Legislative Task Force","Concerning the creation of the tax code legislative task force.",0,,2024-08-26,"House Committee on Transportation, Housing & Local Government Postpone Indefinitely",https://legiscan.com/CO/bill/HB1008/2024/X1,https://leg.colorado.gov/bills/hb24b-1008
1886465,2154,HB1009,6,Failed,2024-08-26,"Special District Property Tax Limit Waiver","Concerning special district voter approval to waive statutory property tax revenue limitations.",0,,2024-08-26,"House Committee on Finance Postpone Indefinitely",https://legiscan.com/CO/bill/HB1009/2024/X1,https://leg.colorado.gov/bills/hb24b-1009
1886456,2154,HCR1001,6,Failed,2024-08-28,"Local Approval of Property Tax Initiatives","Submitting to the registered electors of the state of Colorado an amendment to the Colorado constitution concerning a requirement that a statewide initiative that impacts local government property tax revenue or spending of property tax revenue be approved by the voters of a local government that is impacted by the statewide initiative before it applies to the property tax revenue of the local government.",0,,2024-08-28,"Senate Committee on Finance Postpone Indefinitely",https://legiscan.com/CO/bill/HCR1001/2024/X1,https://leg.colorado.gov/bills/hcr24b-1001
1886466,2154,HCR1002,6,Failed,2024-08-26,"Restore Gallagher Amendment to Property Tax","Submitting to the registered electors of the state of Colorado an amendment to the Colorado constitution concerning the valuation for assessment used to determine property taxes, and, in connection therewith, establishing the requirement that the general assembly periodically change the valuation for assessment for residential real property in order to maintain the statewide proportion of residential real property as compared to all other taxable property valued for property tax purposes and permanently establishing the valuation for assessment for nonresidential property as specified in law for the 2026 property tax year.",0,,2024-08-26,"House Committee on Transportation, Housing & Local Government Postpone Indefinitely",https://legiscan.com/CO/bill/HCR1002/2024/X1,https://leg.colorado.gov/bills/hcr24b-1002
1886458,2154,SCR001,6,Failed,2024-08-26,"Authorize Local Government Land Value Tax","Submitting to the registered electors of the state of Colorado an amendment to the Colorado constitution concerning authorization for a local government that levies ad valorem tax, which is a property tax on all real and personal property not exempt from taxation, to instead, subject to local voter approval, levy a land value tax, which is a property tax that taxes property based only on the value of the underlying land and without regard to the value of any improvement built or used on the land.",0,,2024-08-26,"Senate Committee on Finance Postpone Indefinitely",https://legiscan.com/CO/bill/SCR001/2024/X1,https://leg.colorado.gov/bills/scr24b-001
1886461,2154,SCR002,6,Failed,2024-08-26,"Calculation of Property Tax for Special Districts","Submitting to the registered electors of the state of Colorado an amendment to the Colorado constitution concerning the calculation of property tax for special districts.",0,,2024-08-26,"Senate Committee on Finance Postpone Indefinitely",https://legiscan.com/CO/bill/SCR002/2024/X1,https://leg.colorado.gov/bills/scr24b-002
1886563,2154,SJR001,2,Engrossed,2024-08-29,"Adjournment Sine Die","Concerning adjournment sine die of the Second Extraordinary Session of the Seventy-fourth General Assembly.",0,,2024-08-29,"Introduced In House - Assigned to",https://legiscan.com/CO/bill/SJR001/2024/X1,https://leg.colorado.gov/bills/sjr24b-001
