bill_id,document_id,document_type,document_size,document_mime,document_desc,url,state_link
1886463,3018873,text,262470,application/pdf,Introduced,https://legiscan.com/CO/text/HB1001/id/3018873,https://leg.colorado.gov/sites/default/files/documents/2024B/bills/2024b_1001_01.pdf
1886463,3019214,text,307481,application/pdf,Amended,https://legiscan.com/CO/text/HB1001/id/3019214,https://leg.colorado.gov/sites/default/files/documents/2024B/bills/2024b_1001_rev.pdf
1886463,3019215,text,307523,application/pdf,Amended,https://legiscan.com/CO/text/HB1001/id/3019215,https://leg.colorado.gov/sites/default/files/documents/2024B/bills/2024b_1001_rer.pdf
1886463,3018988,text,297756,application/pdf,Engrossed,https://legiscan.com/CO/text/HB1001/id/3018988,https://leg.colorado.gov/sites/default/files/documents/2024B/bills/2024b_1001_eng.pdf
1886463,3019027,text,306982,application/pdf,Engrossed,https://legiscan.com/CO/text/HB1001/id/3019027,https://leg.colorado.gov/sites/default/files/documents/2024B/bills/2024b_1001_ren.pdf
1886463,3019216,text,251957,application/pdf,Enrolled,https://legiscan.com/CO/text/HB1001/id/3019216,https://leg.colorado.gov/sites/default/files/documents/2024B/bills/2024b_1001_enr.pdf
1886467,3018877,text,199622,application/pdf,Introduced,https://legiscan.com/CO/text/HB1002/id/3018877,https://leg.colorado.gov/sites/default/files/documents/2024B/bills/2024b_1002_01.pdf
1886457,3018867,text,141594,application/pdf,Introduced,https://legiscan.com/CO/text/HB1003/id/3018867,https://leg.colorado.gov/sites/default/files/documents/2024B/bills/2024b_1003_01.pdf
1886457,3019211,text,143835,application/pdf,Amended,https://legiscan.com/CO/text/HB1003/id/3019211,https://leg.colorado.gov/sites/default/files/documents/2024B/bills/2024b_1003_rev.pdf
1886457,3019212,text,143582,application/pdf,Amended,https://legiscan.com/CO/text/HB1003/id/3019212,https://leg.colorado.gov/sites/default/files/documents/2024B/bills/2024b_1003_rer.pdf
1886457,3019016,text,143260,application/pdf,Engrossed,https://legiscan.com/CO/text/HB1003/id/3019016,https://leg.colorado.gov/sites/default/files/documents/2024B/bills/2024b_1003_en2.pdf
1886457,3019072,text,143131,application/pdf,Engrossed,https://legiscan.com/CO/text/HB1003/id/3019072,https://leg.colorado.gov/sites/default/files/documents/2024B/bills/2024b_1003_ren.pdf
1886457,3019213,text,124629,application/pdf,Enrolled,https://legiscan.com/CO/text/HB1003/id/3019213,https://leg.colorado.gov/sites/default/files/documents/2024B/bills/2024b_1003_enr.pdf
1886460,3018870,text,141976,application/pdf,Introduced,https://legiscan.com/CO/text/HB1004/id/3018870,https://leg.colorado.gov/sites/default/files/documents/2024B/bills/2024b_1004_01.pdf
1886459,3018869,text,149723,application/pdf,Introduced,https://legiscan.com/CO/text/HB1005/id/3018869,https://leg.colorado.gov/sites/default/files/documents/2024B/bills/2024b_1005_01.pdf
1886464,3018874,text,155126,application/pdf,Introduced,https://legiscan.com/CO/text/HB1006/id/3018874,https://leg.colorado.gov/sites/default/files/documents/2024B/bills/2024b_1006_01.pdf
1886468,3018878,text,145937,application/pdf,Introduced,https://legiscan.com/CO/text/HB1007/id/3018878,https://leg.colorado.gov/sites/default/files/documents/2024B/bills/2024b_1007_01.pdf
1886462,3018872,text,159723,application/pdf,Introduced,https://legiscan.com/CO/text/HB1008/id/3018872,https://leg.colorado.gov/sites/default/files/documents/2024B/bills/2024b_1008_01.pdf
1886465,3018875,text,141311,application/pdf,Introduced,https://legiscan.com/CO/text/HB1009/id/3018875,https://leg.colorado.gov/sites/default/files/documents/2024B/bills/2024b_1009_01.pdf
1886456,3018866,text,140911,application/pdf,Introduced,https://legiscan.com/CO/text/HCR1001/id/3018866,https://leg.colorado.gov/sites/default/files/documents/2024B/bills/2024b_hcr1001_01.pdf
1886456,3019018,text,141819,application/pdf,Engrossed,https://legiscan.com/CO/text/HCR1001/id/3019018,https://leg.colorado.gov/sites/default/files/documents/2024B/bills/2024b_hcr1001_eng.pdf
1886456,3019078,text,144099,application/pdf,Engrossed,https://legiscan.com/CO/text/HCR1001/id/3019078,https://leg.colorado.gov/sites/default/files/documents/2024B/bills/2024b_hcr1001_ren.pdf
1886466,3018876,text,154792,application/pdf,Introduced,https://legiscan.com/CO/text/HCR1002/id/3018876,https://leg.colorado.gov/sites/default/files/documents/2024B/bills/2024b_hcr1002_01.pdf
1886458,3018868,text,159828,application/pdf,Introduced,https://legiscan.com/CO/text/SCR001/id/3018868,https://leg.colorado.gov/sites/default/files/documents/2024B/bills/2024b_scr001_01.pdf
1886461,3018871,text,141122,application/pdf,Introduced,https://legiscan.com/CO/text/SCR002/id/3018871,https://leg.colorado.gov/sites/default/files/documents/2024B/bills/2024b_scr002_01.pdf
1886563,3019180,text,128126,application/pdf,Introduced,https://legiscan.com/CO/text/SJR001/id/3019180,https://leg.colorado.gov/sites/default/files/documents/2024B/bills/2024b_sjr001_01.pdf
1886563,3019181,text,131844,application/pdf,Engrossed,https://legiscan.com/CO/text/SJR001/id/3019181,https://leg.colorado.gov/sites/default/files/documents/2024B/bills/2024b_sjr001_eng.pdf
1886463,221994,amendment,32577,application/pdf,"House Appropriations Amendment L.001",https://legiscan.com/CO/amendment/HB1001/id/221994,https://s3-us-west-2.amazonaws.com/leg.colorado.gov/2024B/amendments/5D2892AEA539816E87258B850050B209/HB1001_L.001.pdf
1886463,221995,amendment,24870,application/pdf,"House Appropriations Amendment L.004",https://legiscan.com/CO/amendment/HB1001/id/221995,https://s3-us-west-2.amazonaws.com/leg.colorado.gov/2024B/amendments/36252E96DACAE9A787258B850050C3BA/HB1001_L.004.pdf
1886463,221996,amendment,42672,application/pdf,"House Appropriations Amendment L.006",https://legiscan.com/CO/amendment/HB1001/id/221996,https://s3-us-west-2.amazonaws.com/leg.colorado.gov/2024B/amendments/6FB7DECF4A4EA25787258B850050D0AB/HB1001_L.006.pdf
1886463,221997,amendment,23837,application/pdf,"House Appropriations Amendment L.026",https://legiscan.com/CO/amendment/HB1001/id/221997,https://s3-us-west-2.amazonaws.com/leg.colorado.gov/2024B/amendments/1D92F07C39BD73C387258B850059C32C/HB1001_L.026.pdf
1886463,222005,amendment,29711,application/pdf,"Second Reading Amendment L.042",https://legiscan.com/CO/amendment/HB1001/id/222005,https://s3-us-west-2.amazonaws.com/leg.colorado.gov/2024B/amendments/BD3A32AEC3D6CBDC87258B860054F4DC/HB1001_L.042.pdf
1886463,222006,amendment,9947,application/pdf,"Second Reading Amendment L.047",https://legiscan.com/CO/amendment/HB1001/id/222006,https://s3-us-west-2.amazonaws.com/leg.colorado.gov/2024B/amendments/27C013EEB967231887258B86006103E1/HB1001_L.047.pdf
1886463,222007,amendment,52688,application/pdf,"Second Reading Amendment L.046",https://legiscan.com/CO/amendment/HB1001/id/222007,https://s3-us-west-2.amazonaws.com/leg.colorado.gov/2024B/amendments/810AC2F6A8E7C5F987258B860056FFD4/HB1001_L.046.pdf
1886463,222008,amendment,24158,application/pdf,"Second Reading Amendment L.018",https://legiscan.com/CO/amendment/HB1001/id/222008,https://s3-us-west-2.amazonaws.com/leg.colorado.gov/2024B/amendments/1F94B3AA5E3CD65E87258B8500517F0F/HB1001_L.018.pdf
1886463,222009,amendment,39803,application/pdf,"Third Reading Amendment L.052",https://legiscan.com/CO/amendment/HB1001/id/222009,https://s3-us-west-2.amazonaws.com/leg.colorado.gov/2024B/amendments/0FAB787F187ED1F087258B8700512E5E/HB1001_L.052.pdf
1886467,221998,amendment,38539,application/pdf,"House Appropriations Amendment L.003",https://legiscan.com/CO/amendment/HB1002/id/221998,https://s3-us-west-2.amazonaws.com/leg.colorado.gov/2024B/amendments/B985874D6354A1E787258B850056C1A1/HB1002_L.003.pdf
1886457,222000,amendment,22895,application/pdf,"House Appropriations Amendment L.001",https://legiscan.com/CO/amendment/HB1003/id/222000,https://s3-us-west-2.amazonaws.com/leg.colorado.gov/2024B/amendments/D4EC3CD0E56AC87D87258B850067A01C/HB1003_L.001.pdf
1886457,222001,amendment,23380,application/pdf,"Second Reading Amendment L.004",https://legiscan.com/CO/amendment/HB1003/id/222001,https://s3-us-west-2.amazonaws.com/leg.colorado.gov/2024B/amendments/31405C6085101BE287258B86005AD0BF/HB1003_L.004.pdf
1886460,221992,amendment,22622,application/pdf,"House Finance Amendment L.001",https://legiscan.com/CO/amendment/HB1004/id/221992,https://s3-us-west-2.amazonaws.com/leg.colorado.gov/2024B/amendments/27CE486826EF804887258B85006B36A5/HB1004_L.001.pdf
1886464,221993,amendment,29544,application/pdf,"House Finance Amendment L.001",https://legiscan.com/CO/amendment/HB1006/id/221993,https://s3-us-west-2.amazonaws.com/leg.colorado.gov/2024B/amendments/FAF49AA656B6552B87258B8500520C8D/HB1006_L.001.pdf
1886456,222002,amendment,21666,application/pdf,"Second Reading Amendment L.004",https://legiscan.com/CO/amendment/HCR1001/id/222002,https://s3-us-west-2.amazonaws.com/leg.colorado.gov/2024B/amendments/F9BA522C1026DF4987258B860058DF87/HCR1001_L.004.pdf
1886456,222003,amendment,34764,application/pdf,"Second Reading Amendment L.006",https://legiscan.com/CO/amendment/HCR1001/id/222003,https://s3-us-west-2.amazonaws.com/leg.colorado.gov/2024B/amendments/4A51EC9DB1B8BFE687258B86005C3149/HCR1001_L.006.pdf
1886456,222004,amendment,24865,application/pdf,"Second Reading Amendment L.005",https://legiscan.com/CO/amendment/HCR1001/id/222004,https://s3-us-west-2.amazonaws.com/leg.colorado.gov/2024B/amendments/976CE838E5C3195787258B86005AD4E2/HCR1001_L.005.pdf
1886456,222010,amendment,25536,application/pdf,"House Committee of the Whole Amendment H.001",https://legiscan.com/CO/amendment/HCR1001/id/222010,https://s3-us-west-2.amazonaws.com/leg.colorado.gov/2024B/amendments/B86F0E1620BD46FE87258B86006145B8/HCR1001_H.001.pdf
1886461,221999,amendment,24850,application/pdf,"Senate Finance Amendment L.002",https://legiscan.com/CO/amendment/SCR002/id/221999,https://s3-us-west-2.amazonaws.com/leg.colorado.gov/2024B/amendments/116747F447CC03EB87258B8500631FBE/SCR002_L.002.pdf
1886463,480784,supplement,112671,application/pdf,"Fiscal Note/Analysis",https://legiscan.com/CO/supplement/HB1001/id/480784,https://leg.colorado.gov/sites/default/files/documents/2024B/bills/fn/2024b_hb1001_hse.pdf
1886463,480785,supplement,394182,application/pdf,"Fiscal Note",https://legiscan.com/CO/supplement/HB1001/id/480785,https://leg.colorado.gov/sites/default/files/documents/2024B/bills/fn/2024b_hb24b-1001_00.pdf
1886463,480807,supplement,398862,application/pdf,"Fiscal Note",https://legiscan.com/CO/supplement/HB1001/id/480807,https://leg.colorado.gov/sites/default/files/documents/2024B/bills/fn/2024b_hb24b-1001_r1.pdf
1886463,481056,supplement,114125,application/pdf,"Fiscal Note/Analysis",https://legiscan.com/CO/supplement/HB1001/id/481056,https://leg.colorado.gov/sites/default/files/documents/2024B/bills/fn/2024b_hb1001_sen.pdf
1886463,481057,supplement,408797,application/pdf,"Fiscal Note",https://legiscan.com/CO/supplement/HB1001/id/481057,https://leg.colorado.gov/sites/default/files/documents/2024B/bills/fn/2024b_hb24b-1001_r2.pdf
1886463,481901,supplement,619563,application/pdf,"Fiscal Note",https://legiscan.com/CO/supplement/HB1001/id/481901,https://leg.colorado.gov/sites/default/files/documents/2024B/bills/fn/2024b_hb24b-1001_f1.pdf
1886467,480788,supplement,109905,application/pdf,"Fiscal Note/Analysis",https://legiscan.com/CO/supplement/HB1002/id/480788,https://leg.colorado.gov/sites/default/files/documents/2024B/bills/fn/2024b_hb1002_hse.pdf
1886467,480789,supplement,335001,application/pdf,"Fiscal Note",https://legiscan.com/CO/supplement/HB1002/id/480789,https://leg.colorado.gov/sites/default/files/documents/2024B/bills/fn/2024b_hb24b-1002_00.pdf
1886467,482106,supplement,335491,application/pdf,"Fiscal Note",https://legiscan.com/CO/supplement/HB1002/id/482106,https://leg.colorado.gov/sites/default/files/documents/2024B/bills/fn/2024b_hb24b-1002_f1.pdf
1886457,480777,supplement,106727,application/pdf,"Fiscal Note/Analysis",https://legiscan.com/CO/supplement/HB1003/id/480777,https://leg.colorado.gov/sites/default/files/documents/2024B/bills/fn/2024b_hb1003_hse.pdf
1886457,480778,supplement,307786,application/pdf,"Fiscal Note",https://legiscan.com/CO/supplement/HB1003/id/480778,https://leg.colorado.gov/sites/default/files/documents/2024B/bills/fn/2024b_hb24b-1003_00.pdf
1886457,481089,supplement,307948,application/pdf,"Fiscal Note",https://legiscan.com/CO/supplement/HB1003/id/481089,https://leg.colorado.gov/sites/default/files/documents/2024B/bills/fn/2024b_hb24b-1003_r1.pdf
1886457,481246,supplement,307378,application/pdf,"Fiscal Note",https://legiscan.com/CO/supplement/HB1003/id/481246,https://leg.colorado.gov/sites/default/files/documents/2024B/bills/fn/2024b_hb24b-1003_f1.pdf
1886460,480781,supplement,769490,application/pdf,"Fiscal Note",https://legiscan.com/CO/supplement/HB1004/id/480781,https://leg.colorado.gov/sites/default/files/documents/2024B/bills/fn/2024b_hb24b-1004_00.pdf
1886460,481291,supplement,770087,application/pdf,"Fiscal Note",https://legiscan.com/CO/supplement/HB1004/id/481291,https://leg.colorado.gov/sites/default/files/documents/2024B/bills/fn/2024b_hb24b-1004_f1.pdf
1886459,480780,supplement,370262,application/pdf,"Fiscal Note",https://legiscan.com/CO/supplement/HB1005/id/480780,https://leg.colorado.gov/sites/default/files/documents/2024B/bills/fn/2024b_hb24b-1005_00.pdf
1886459,481292,supplement,370490,application/pdf,"Fiscal Note",https://legiscan.com/CO/supplement/HB1005/id/481292,https://leg.colorado.gov/sites/default/files/documents/2024B/bills/fn/2024b_hb24b-1005_f1.pdf
1886464,480786,supplement,321281,application/pdf,"Fiscal Note",https://legiscan.com/CO/supplement/HB1006/id/480786,https://leg.colorado.gov/sites/default/files/documents/2024B/bills/fn/2024b_hb24b-1006_00.pdf
1886464,481293,supplement,321523,application/pdf,"Fiscal Note",https://legiscan.com/CO/supplement/HB1006/id/481293,https://leg.colorado.gov/sites/default/files/documents/2024B/bills/fn/2024b_hb24b-1006_f1.pdf
1886468,480790,supplement,357064,application/pdf,"Fiscal Note",https://legiscan.com/CO/supplement/HB1007/id/480790,https://leg.colorado.gov/sites/default/files/documents/2024B/bills/fn/2024b_hb24b-1007_00.pdf
1886468,480792,supplement,108398,application/pdf,"Fiscal Note/Analysis",https://legiscan.com/CO/supplement/HB1007/id/480792,https://leg.colorado.gov/sites/default/files/documents/2024B/bills/fn/2024b_hb1007_hse.pdf
1886468,481315,supplement,355000,application/pdf,"Fiscal Note",https://legiscan.com/CO/supplement/HB1007/id/481315,https://leg.colorado.gov/sites/default/files/documents/2024B/bills/fn/2024b_hb24b-1007_f1.pdf
1886462,480783,supplement,340005,application/pdf,"Fiscal Note",https://legiscan.com/CO/supplement/HB1008/id/480783,https://leg.colorado.gov/sites/default/files/documents/2024B/bills/fn/2024b_hb24b-1008_00.pdf
1886462,481247,supplement,339382,application/pdf,"Fiscal Note",https://legiscan.com/CO/supplement/HB1008/id/481247,https://leg.colorado.gov/sites/default/files/documents/2024B/bills/fn/2024b_hb24b-1008_f1.pdf
1886465,480787,supplement,299954,application/pdf,"Fiscal Note",https://legiscan.com/CO/supplement/HB1009/id/480787,https://leg.colorado.gov/sites/default/files/documents/2024B/bills/fn/2024b_hb24b-1009_00.pdf
1886465,481908,supplement,300444,application/pdf,"Fiscal Note",https://legiscan.com/CO/supplement/HB1009/id/481908,https://leg.colorado.gov/sites/default/files/documents/2024B/bills/fn/2024b_hb24b-1009_f1.pdf
1886456,480776,supplement,308234,application/pdf,"Fiscal Note",https://legiscan.com/CO/supplement/HCR1001/id/480776,https://leg.colorado.gov/sites/default/files/documents/2024B/bills/fn/2024b_hcr24b-1001_00.pdf
1886456,481085,supplement,104995,application/pdf,"Fiscal Note/Analysis",https://legiscan.com/CO/supplement/HCR1001/id/481085,https://leg.colorado.gov/sites/default/files/documents/2024B/bills/fn/2024b_hcr1001_sn2.pdf
1886456,481288,supplement,307727,application/pdf,"Fiscal Note",https://legiscan.com/CO/supplement/HCR1001/id/481288,https://leg.colorado.gov/sites/default/files/documents/2024B/bills/fn/2024b_hcr24b-1001_f1.pdf
1886466,480802,supplement,374580,application/pdf,"Fiscal Note",https://legiscan.com/CO/supplement/HCR1002/id/480802,https://leg.colorado.gov/sites/default/files/documents/2024B/bills/fn/2024b_hcr24b-1002_00.pdf
1886466,481210,supplement,374910,application/pdf,"Fiscal Note",https://legiscan.com/CO/supplement/HCR1002/id/481210,https://leg.colorado.gov/sites/default/files/documents/2024B/bills/fn/2024b_hcr24b-1002_f1.pdf
1886458,480779,supplement,380791,application/pdf,"Fiscal Note",https://legiscan.com/CO/supplement/SCR001/id/480779,https://leg.colorado.gov/sites/default/files/documents/2024B/bills/fn/2024b_scr24b-001_00.pdf
1886458,481909,supplement,381170,application/pdf,"Fiscal Note",https://legiscan.com/CO/supplement/SCR001/id/481909,https://leg.colorado.gov/sites/default/files/documents/2024B/bills/fn/2024b_scr24b-001_f1.pdf
1886461,480782,supplement,334235,application/pdf,"Fiscal Note",https://legiscan.com/CO/supplement/SCR002/id/480782,https://leg.colorado.gov/sites/default/files/documents/2024B/bills/fn/2024b_scr24b-002_00.pdf
1886461,481209,supplement,334977,application/pdf,"Fiscal Note",https://legiscan.com/CO/supplement/SCR002/id/481209,https://leg.colorado.gov/sites/default/files/documents/2024B/bills/fn/2024b_scr24b-002_f1.pdf
