bill_id,date,chamber,sequence,action
1886456,2024-08-26,House,1,"Introduced In House - Assigned to Transportation, Housing & Local Government"
1886456,2024-08-26,House,2,"House Committee on Transportation, Housing & Local Government Refer Unamended to House Committee of the Whole"
1886456,2024-08-27,House,3,"House Second Reading Special Order - Passed - No Amendments"
1886456,2024-08-28,House,4,"House Third Reading Passed - No Amendments"
1886456,2024-08-28,Senate,5,"Introduced In Senate - Assigned to Finance"
1886456,2024-08-28,Senate,6,"Senate Committee on Finance Postpone Indefinitely"
1886457,2024-08-26,House,1,"Introduced In House - Assigned to Appropriations"
1886457,2024-08-26,House,2,"House Committee on Appropriations Refer Amended to House Committee of the Whole"
1886457,2024-08-27,House,3,"House Second Reading Special Order - Passed with Amendments - Committee, Floor"
1886457,2024-08-28,House,4,"House Third Reading Passed - No Amendments"
1886457,2024-08-28,Senate,5,"Introduced In Senate - Assigned to Finance"
1886457,2024-08-28,Senate,6,"Senate Committee on Finance Refer Unamended to Senate Committee of the Whole"
1886457,2024-08-28,Senate,7,"Senate Second Reading Special Order - Passed - No Amendments"
1886457,2024-08-29,Senate,8,"Senate Third Reading Passed - No Amendments"
1886457,2024-08-29,House,9,"Signed by the Speaker of the House"
1886457,2024-08-29,Senate,10,"Signed by the President of the Senate"
1886457,2024-08-29,,11,"Sent to the Governor"
1886457,2024-09-06,,12,"Governor Signed"
1886458,2024-08-26,Senate,1,"Introduced In Senate - Assigned to Finance"
1886458,2024-08-26,Senate,2,"Senate Committee on Finance Postpone Indefinitely"
1886459,2024-08-26,House,1,"Introduced In House - Assigned to Finance"
1886459,2024-08-26,House,2,"House Committee on Finance Postpone Indefinitely"
1886460,2024-08-26,House,1,"Introduced In House - Assigned to Finance"
1886460,2024-08-26,House,2,"House Committee on Finance Postpone Indefinitely"
1886461,2024-08-26,Senate,1,"Introduced In Senate - Assigned to Finance"
1886461,2024-08-26,Senate,2,"Senate Committee on Finance Postpone Indefinitely"
1886462,2024-08-26,House,1,"Introduced In House - Assigned to Transportation, Housing & Local Government"
1886462,2024-08-26,House,2,"House Committee on Transportation, Housing & Local Government Postpone Indefinitely"
1886463,2024-08-26,House,1,"Introduced In House - Assigned to Appropriations"
1886463,2024-08-26,House,2,"House Committee on Appropriations Refer Amended to House Committee of the Whole"
1886463,2024-08-27,House,3,"House Second Reading Special Order - Passed with Amendments - Committee, Floor"
1886463,2024-08-28,House,4,"House Third Reading Passed with Amendments - Floor"
1886463,2024-08-28,Senate,5,"Introduced In Senate - Assigned to Appropriations"
1886463,2024-08-28,Senate,6,"Senate Committee on Appropriations Refer Unamended to Senate Committee of the Whole"
1886463,2024-08-28,Senate,7,"Senate Second Reading Special Order - Passed - No Amendments"
1886463,2024-08-29,Senate,8,"Senate Third Reading Passed - No Amendments"
1886463,2024-08-29,House,9,"Signed by the Speaker of the House"
1886463,2024-08-29,Senate,10,"Signed by the President of the Senate"
1886463,2024-08-29,,11,"Sent to the Governor"
1886463,2024-09-04,,12,"Governor Signed"
1886464,2024-08-26,House,1,"Introduced In House - Assigned to Finance"
1886464,2024-08-26,House,2,"House Committee on Finance Postpone Indefinitely"
1886465,2024-08-26,House,1,"Introduced In House - Assigned to Finance"
1886465,2024-08-26,House,2,"House Committee on Finance Postpone Indefinitely"
1886466,2024-08-26,House,1,"Introduced In House - Assigned to Transportation, Housing & Local Government"
1886466,2024-08-26,House,2,"House Committee on Transportation, Housing & Local Government Postpone Indefinitely"
1886467,2024-08-26,House,1,"Introduced In House - Assigned to Appropriations"
1886467,2024-08-26,House,2,"House Committee on Appropriations Postpone Indefinitely"
1886468,2024-08-26,House,1,"Introduced In House - Assigned to Transportation, Housing & Local Government"
1886468,2024-08-26,House,2,"House Committee on Transportation, Housing & Local Government Refer Unamended to Appropriations"
1886468,2024-09-03,House,3,"House Committee on Appropriations Lay Over Unamended - Amendment(s) Failed"
1886563,2024-08-29,Senate,1,"Introduced In Senate - Assigned to"
1886563,2024-08-29,Senate,2,"Senate Third Reading Passed - No Amendments"
1886563,2024-08-29,House,3,"Introduced In House - Assigned to"
