bill_id,roll_call_id,date,chamber,description,yea,nay,nv,absent,total
1886456,1466032,2024-08-27,House,"House: Committee of the Whole Amd (h.001)",22,37,0,6,65
1886456,1466039,2024-08-28,House,"House: Third Reading Cncrnt Res",44,19,0,2,65
1886456,1466040,2024-08-28,Senate,"Senate Finance: Postpone HCR24B-1001 indefinitely.",7,0,0,0,7
1886456,1466073,2024-08-26,House,"House Transportation, Housing & Local Government: Refer HCR24B-1001 to the Committee of the Whole, unamended",8,3,0,0,11
1886457,1465534,2024-08-26,House,"House Appropriations: Refer House Bill 24B-1003, as amended, to the Committee of the Whole.",7,3,0,1,11
1886457,1466038,2024-08-28,House,"House: Third Reading Bill",47,16,0,2,65
1886457,1466042,2024-08-28,Senate,"Senate Finance: Refer House Bill 24B-1003 to the Committee of the Whole.",4,3,0,0,7
1886457,1466074,2024-08-26,House,"House Appropriations: Refer House Bill 24B-1003, as amended, to the Committee of the Whole.",7,3,0,1,11
1886457,1466075,2024-08-29,Senate,"Senate: Third Reading Bill",26,8,0,1,35
1886458,1465524,2024-08-26,Senate,"Senate Finance: Postpone SCR24B-001 indefinitely using a reversal of the previous roll call. There was no objection to the use of the reverse roll call, therefore, the bill was postponed indefinitely.",6,0,0,1,7
1886458,1466045,2024-08-26,Senate,"Senate Finance: Postpone SCR24B-001 indefinitely using a reversal of the previous roll call. There was no objection to the use of the reverse roll call, therefore, the bill was postponed indefinitely.",6,0,0,1,7
1886459,1465525,2024-08-26,House,"House Finance: Postpone House Bill 24B-1005 indefinitely using a reversal of the previous roll call. There was no objection to the use of the reverse roll call, therefore, the bill was postponed indefinitely.",8,3,0,0,11
1886459,1466044,2024-08-26,House,"House Finance: Postpone House Bill 24B-1005 indefinitely using a reversal of the previous roll call. There was no objection to the use of the reverse roll call, therefore, the bill was postponed indefinitely.",8,3,0,0,11
1886460,1465529,2024-08-26,House,"House Finance: Postpone House Bill 24B-1004 indefinitely using a reversal of the previous roll call. There was no objection to the use of the reverse roll call, therefore, the bill was postponed indefinitely.",10,1,0,0,11
1886460,1466046,2024-08-26,House,"House Finance: Postpone House Bill 24B-1004 indefinitely using a reversal of the previous roll call. There was no objection to the use of the reverse roll call, therefore, the bill was postponed indefinitely.",10,1,0,0,11
1886460,1466047,2024-08-26,House,"House Finance: Refer House Bill 24B-1004, as amended, to the Committee of the Whole.",1,10,0,0,11
1886461,1465533,2024-08-26,Senate,"Senate Finance: Postpone SCR24B-002 indefinitely using a reversal of the previous roll call. There was no objection to the use of the reverse roll call, therefore, the bill was postponed indefinitely.",4,2,0,1,7
1886461,1466050,2024-08-26,Senate,"Senate Finance: Postpone SCR24B-002 indefinitely using a reversal of the previous roll call. There was no objection to the use of the reverse roll call, therefore, the bill was postponed indefinitely.",4,2,0,1,7
1886461,1466051,2024-08-26,Senate,"Senate Finance: Refer SCR24B-002 to the Committee on Appropriations.",2,4,0,1,7
1886462,1465528,2024-08-26,House,"House Transportation, Housing & Local Government: Postpone House Bill 24B-1008 indefinitely using a reversal of the previous roll call. There was no objection to the use of the reverse roll call, therefore, the bill was postponed indefinitely.",8,3,0,0,11
1886462,1466081,2024-08-26,House,"House Transportation, Housing & Local Government: Postpone House Bill 24B-1008 indefinitely using a reversal of the previous roll call. There was no objection to the use of the reverse roll call, therefore, the bill was postponed indefinitely.",8,3,0,0,11
1886463,1465531,2024-08-26,House,"House Appropriations: Refer House Bill 24B-1001, as amended, to the Committee of the Whole.",8,3,0,0,11
1886463,1466033,2024-08-28,House,"House: Third Reading Amd (l.052)",57,5,0,3,65
1886463,1466034,2024-08-28,House,"House: Third Reading Bill",45,18,0,2,65
1886463,1466035,2024-08-28,House,"House: Third Reading Perm",18,44,0,3,65
1886463,1466036,2024-08-28,House,"House: Third Reading Perm",58,3,0,4,65
1886463,1466041,2024-08-28,Senate,"Senate Appropriations: Refer House Bill 24B-1001 to the Committee of the Whole.",9,0,0,0,9
1886463,1466076,2024-08-26,House,"House Appropriations: Adopt amendment L.004",11,0,0,0,11
1886463,1466077,2024-08-26,House,"House Appropriations: Adopt amendment L.006",11,0,0,0,11
1886463,1466078,2024-08-26,House,"House Appropriations: Adopt amendment L.026",11,0,0,0,11
1886463,1466079,2024-08-26,House,"House Appropriations: Refer House Bill 24B-1001, as amended, to the Committee of the Whole.",8,3,0,0,11
1886463,1466080,2024-08-29,Senate,"Senate: Third Reading Bill",30,4,0,1,35
1886464,1465530,2024-08-26,House,"House Finance: Postpone House Bill 24B-1006 indefinitely using a reversal of the previous roll call. There was no objection to the use of the reverse roll call, therefore, the bill was postponed indefinitely.",7,4,0,0,11
1886464,1466048,2024-08-26,House,"House Finance: Postpone House Bill 24B-1006 indefinitely using a reversal of the previous roll call. There was no objection to the use of the reverse roll call, therefore, the bill was postponed indefinitely.",7,4,0,0,11
1886464,1466049,2024-08-26,House,"House Finance: Refer House Bill 24B-1006, as amended, to the Committee on Appropriations.",4,7,0,0,11
1886465,1465527,2024-08-26,House,"House Finance: Postpone House Bill 24B-1009 indefinitely using a reversal of the previous roll call. There was no objection to the use of the reverse roll call, therefore, the bill was postponed indefinitely.",7,4,0,0,11
1886465,1466043,2024-08-26,House,"House Finance: Postpone House Bill 24B-1009 indefinitely using a reversal of the previous roll call. There was no objection to the use of the reverse roll call, therefore, the bill was postponed indefinitely.",7,4,0,0,11
1886466,1465535,2024-08-26,House,"House Transportation, Housing & Local Government: Postpone HCR24B-1002 indefinitely using a reversal of the previous roll call. There was no objection to the use of the reverse roll call, therefore, the bill was postponed indefinitely.",8,3,0,0,11
1886466,1466084,2024-08-26,House,"House Transportation, Housing & Local Government: Postpone HCR24B-1002 indefinitely using a reversal of the previous roll call. There was no objection to the use of the reverse roll call, therefore, the bill was postponed indefinitely.",8,3,0,0,11
1886467,1465532,2024-08-26,House,"House Appropriations: Postpone House Bill 24B-1002 indefinitely using a reversal of the previous roll call. There was no objection to the use of the reverse roll call, therefore, the bill was postponed indefinitely.",7,3,0,1,11
1886467,1466082,2024-08-26,House,"House Appropriations: Postpone House Bill 24B-1002 indefinitely using a reversal of the previous roll call. There was no objection to the use of the reverse roll call, therefore, the bill was postponed indefinitely.",7,3,0,1,11
1886467,1466083,2024-08-26,House,"House Appropriations: Refer House Bill 24B-1002 to the Committee of the Whole.",3,7,0,1,11
1886468,1465526,2024-08-26,House,"House Transportation, Housing & Local Government: Refer House Bill 24B-1007 to the Committee on Appropriations.",11,0,0,0,11
1886563,1466072,2024-08-29,Senate,"Senate: Consideration of Resolutions Resolution",34,0,0,1,35
