bill_id,session_id,bill_number,status,status_desc,status_date,title,description,committee_id,committee,last_action_date,last_action,url,state_link
1536467,1942,HB1,4,Passed,2021-12-09,"Congressional Districting Plan","Establishing the composition of the eight districts in the State of Maryland for the election of members to the United States House of Representatives; requiring that a certain question be submitted to the qualified voters of the State if the Act is petitioned to referendum under Article XVI of the Maryland Consitution; etc.",0,,2021-12-09,"Gubernatorial Veto Override (Legislative date: 12/9/2021) - Chapter 32",https://legiscan.com/MD/bill/HB1/2021/X1,https://mgaleg.maryland.gov/mgawebsite/Legislation/Details/HB0001?ys=2021S1
1536470,1942,HB2,1,Introduced,2021-12-06,"Congressional Districting Plan","Establishing the composition of the eight districts in the State of Maryland for the election of members to the United States House of Representatives.",1926,"House Rules and Executive Nominations",2021-12-02,"Hearing 12/06 at 12:30 p.m.",https://legiscan.com/MD/bill/HB2/2021/X1,https://mgaleg.maryland.gov/mgawebsite/Legislation/Details/HB0002?ys=2021S1
1536465,1942,HB3,3,Enrolled,2021-12-08,"Montgomery County - Board of Education Residence Districts - Redistricting Plan MC 01-21SS","Altering the boundaries of the residence districts for the Montgomery County Board of Education.",0,,2021-12-08,"Returned Passed",https://legiscan.com/MD/bill/HB3/2021/X1,https://mgaleg.maryland.gov/mgawebsite/Legislation/Details/HB0003?ys=2021S1
1536466,1942,HB4,3,Enrolled,2021-12-08,"Carroll County - County Commissioner Districts - Redistricting Plan","Altering the boundaries for the county commissioner districts in Carroll County.",0,,2021-12-08,"Returned Passed",https://legiscan.com/MD/bill/HB4/2021/X1,https://mgaleg.maryland.gov/mgawebsite/Legislation/Details/HB0004?ys=2021S1
1537406,1942,HB5,1,Introduced,2021-12-07,"State Commission on Criminal Sentencing Policy - Plea Agreements and Annual Report (The Judicial Transparency Act of 2021)","Providing that a sentence imposed under a plea agreement may not be determined to be compliant with certain sentencing guidelines unless the sentence falls within the actual sentencing guidelines range; and requiring a certain report submitted to the General Assembly by January 31 each year by the State Commission on Criminal Sentencing Policy to identify certain information for crimes of violence.",1927,"House Judiciary",2021-12-07,"First Reading Judiciary",https://legiscan.com/MD/bill/HB5/2021/X1,https://mgaleg.maryland.gov/mgawebsite/Legislation/Details/HB0005?ys=2021S1
1537439,1942,HB6,1,Introduced,2021-12-07,"Crimes - Firearms - Penalties and Procedures (Violent Firearms Offender Act of 2021)","Expanding the types of cases in which the State may appeal from a decision of a trial court under certain circumstances; establishing, altering, and clarifying penalties for and elements of certain firearm-related crimes; prohibiting a District Court commissioner from authorizing the pretrial release of a certain defendant charged with a certain firearm-related crime under certain circumstances; etc.",1927,"House Judiciary",2021-12-07,"First Reading Judiciary",https://legiscan.com/MD/bill/HB6/2021/X1,https://mgaleg.maryland.gov/mgawebsite/Legislation/Details/HB0006?ys=2021S1
1536469,1942,SB1,1,Introduced,2021-12-06,"Congressional Districting Plan","Establishing the composition of the eight districts in the State of Maryland for the election of members to the United States House of Representatives; requiring that a certain question be submitted to the qualified voters of the State if the Act is petitioned to referendum under Article XVI of the Maryland Constitution; etc.",2645,"Senate Reapportionment and Redistricting",2021-12-06,"First Reading Reapportionment and Redistricting",https://legiscan.com/MD/bill/SB1/2021/X1,https://mgaleg.maryland.gov/mgawebsite/Legislation/Details/SB0001?ys=2021S1
1536471,1942,SB2,1,Introduced,2021-12-06,"Congressional Districting Plan","Establishing the composition of the eight districts in the State of Maryland for the election of members to the United States House of Representatives.",2645,"Senate Reapportionment and Redistricting",2021-12-06,"First Reading Reapportionment and Redistricting",https://legiscan.com/MD/bill/SB2/2021/X1,https://mgaleg.maryland.gov/mgawebsite/Legislation/Details/SB0002?ys=2021S1
1536472,1942,SB3,1,Introduced,2021-12-06,"Montgomery County - Board of Education Residence Districts - Redistricting Plan MC 01-21SS","Altering the boundaries of the residence districts for the Montgomery County Board of Education.",2645,"Senate Reapportionment and Redistricting",2021-12-06,"First Reading Reapportionment and Redistricting",https://legiscan.com/MD/bill/SB3/2021/X1,https://mgaleg.maryland.gov/mgawebsite/Legislation/Details/SB0003?ys=2021S1
1536468,1942,SB4,1,Introduced,2021-12-06,"Carroll County – County Commissioner Districts – Redistricting Plan","Altering the boundaries for the county commissioner districts in Carroll County.",2645,"Senate Reapportionment and Redistricting",2021-12-06,"First Reading Reapportionment and Redistricting",https://legiscan.com/MD/bill/SB4/2021/X1,https://mgaleg.maryland.gov/mgawebsite/Legislation/Details/SB0004?ys=2021S1
1537159,1942,SB5,1,Introduced,2021-12-06,"State Commission on Criminal Sentencing Policy – Plea Agreements and Annual Report (The Judicial Transparency Act of 2021)","Providing that a sentence imposed under a plea agreement may not be determined to be compliant with certain sentencing guidelines unless the sentence falls within the actual sentencing guidelines range; and requiring a certain report submitted to the General Assembly by January 31 each year by the State Commission on Criminal Sentencing Policy to identify certain information for crimes of violence.",1936,"Senate Rules",2021-12-06,"First Reading Senate Rules",https://legiscan.com/MD/bill/SB5/2021/X1,https://mgaleg.maryland.gov/mgawebsite/Legislation/Details/SB0005?ys=2021S1
1537158,1942,SB6,1,Introduced,2021-12-06,"Crimes - Firearms - Penalties and Procedures (Violent Firearms Offender Act of 2021)","Expanding the types of cases in which the State may appeal from a decision of a trial court under certain circumstances; establishing, altering, and clarifying penalties for and elements of certain firearm-related crimes; prohibiting a District Court commissioner from authorizing the pretrial release of a certain defendant charged with a certain firearm-related crime under certain circumstances; etc.",1936,"Senate Rules",2021-12-06,"First Reading Senate Rules",https://legiscan.com/MD/bill/SB6/2021/X1,https://mgaleg.maryland.gov/mgawebsite/Legislation/Details/SB0006?ys=2021S1
1537157,1942,SB7,1,Introduced,2021-12-06,"Motor Fuel Tax Rates – Consumer Price Index Adjustment – Repeal","Repealing a requirement that certain motor fuel tax rates be adjusted in future years based on growth in the Consumer Price Index for All Urban Consumers.",1936,"Senate Rules",2021-12-06,"First Reading Senate Rules",https://legiscan.com/MD/bill/SB7/2021/X1,https://mgaleg.maryland.gov/mgawebsite/Legislation/Details/SB0007?ys=2021S1
