bill_id,document_id,document_type,document_size,document_mime,document_desc,url,state_link
1536467,2452601,text,434368,application/pdf,Introduced,https://legiscan.com/MD/text/HB1/id/2452601,https://mgaleg.maryland.gov/2021S1/bills/hb/hb0001f.pdf
1536467,2453871,text,446787,application/pdf,Engrossed,https://legiscan.com/MD/text/HB1/id/2453871,https://mgaleg.maryland.gov/2021S1/bills/hb/hb0001t.pdf
1536467,2455402,text,422732,application/pdf,Chaptered,https://legiscan.com/MD/text/HB1/id/2455402,https://mgaleg.maryland.gov/2021S1/Chapters_noln/CH_32_hb0001t.pdf
1536470,2452604,text,211808,application/pdf,Introduced,https://legiscan.com/MD/text/HB2/id/2452604,https://mgaleg.maryland.gov/2021S1/bills/hb/hb0002f.pdf
1536465,2452599,text,142357,application/pdf,Introduced,https://legiscan.com/MD/text/HB3/id/2452599,https://mgaleg.maryland.gov/2021S1/bills/hb/hb0003f.pdf
1536465,2453743,text,145229,application/pdf,Engrossed,https://legiscan.com/MD/text/HB3/id/2453743,https://mgaleg.maryland.gov/2021S1/bills/hb/hb0003t.pdf
1536466,2452600,text,129398,application/pdf,Introduced,https://legiscan.com/MD/text/HB4/id/2452600,https://mgaleg.maryland.gov/2021S1/bills/hb/hb0004f.pdf
1536466,2453742,text,131812,application/pdf,Engrossed,https://legiscan.com/MD/text/HB4/id/2453742,https://mgaleg.maryland.gov/2021S1/bills/hb/hb0004t.pdf
1537406,2454475,text,116236,application/pdf,Introduced,https://legiscan.com/MD/text/HB5/id/2454475,https://mgaleg.maryland.gov/2021S1/bills/hb/hb0005f.pdf
1537439,2454473,text,233469,application/pdf,Introduced,https://legiscan.com/MD/text/HB6/id/2454473,https://mgaleg.maryland.gov/2021S1/bills/hb/hb0006f.pdf
1536469,2452603,text,433491,application/pdf,Introduced,https://legiscan.com/MD/text/SB1/id/2452603,https://mgaleg.maryland.gov/2021S1/bills/sb/sb0001f.pdf
1536471,2452605,text,211651,application/pdf,Introduced,https://legiscan.com/MD/text/SB2/id/2452605,https://mgaleg.maryland.gov/2021S1/bills/sb/sb0002f.pdf
1536472,2452606,text,142651,application/pdf,Introduced,https://legiscan.com/MD/text/SB3/id/2452606,https://mgaleg.maryland.gov/2021S1/bills/sb/sb0003f.pdf
1536468,2452602,text,128636,application/pdf,Introduced,https://legiscan.com/MD/text/SB4/id/2452602,https://mgaleg.maryland.gov/2021S1/bills/sb/sb0004f.pdf
1537159,2453703,text,115744,application/pdf,Introduced,https://legiscan.com/MD/text/SB5/id/2453703,https://mgaleg.maryland.gov/2021S1/bills/sb/sb0005f.pdf
1537158,2453702,text,232797,application/pdf,Introduced,https://legiscan.com/MD/text/SB6/id/2453702,https://mgaleg.maryland.gov/2021S1/bills/sb/sb0006f.pdf
1537157,2453852,text,92557,application/pdf,Introduced,https://legiscan.com/MD/text/SB7/id/2453852,https://mgaleg.maryland.gov/2021S1/bills/sb/sb0007f.pdf
1536467,120933,amendment,196727,application/pdf,"Floor Amendment 583029/1 (Delegate Buckel) Rejected (43-93)",https://legiscan.com/MD/amendment/HB1/id/120933,https://mgaleg.maryland.gov/2021s1/amds/bil_0001/hb0001_58302901.pdf
1536467,120937,amendment,194749,application/pdf,"Floor Amendment 723420/1 (Senator Reilly) Rejected (15-32)",https://legiscan.com/MD/amendment/HB1/id/120937,https://mgaleg.maryland.gov/2021s1/amds/bil_0001/hb0001_72342001.pdf
1536467,217742,supplement,44933,application/pdf,"Vote - House - Committee - Rules and Executive Nominations",https://legiscan.com/MD/supplement/HB1/id/217742,https://mgaleg.maryland.gov/2021S1/votes_comm/hb0001_hru.pdf
1536467,217908,supplement,34544,application/pdf,"Vote - Senate - Committee - Reapportionment and Redistricting",https://legiscan.com/MD/supplement/HB1/id/217908,https://mgaleg.maryland.gov/2021S1/votes_comm/hb0001_rrd.pdf
1536465,217739,supplement,44916,application/pdf,"Vote - House - Committee - Rules and Executive Nominations",https://legiscan.com/MD/supplement/HB3/id/217739,https://mgaleg.maryland.gov/2021S1/votes_comm/hb0003_hru.pdf
1536465,217907,supplement,34529,application/pdf,"Vote - Senate - Committee - Reapportionment and Redistricting",https://legiscan.com/MD/supplement/HB3/id/217907,https://mgaleg.maryland.gov/2021S1/votes_comm/hb0003_rrd.pdf
1536466,217744,supplement,44920,application/pdf,"Vote - House - Committee - Rules and Executive Nominations",https://legiscan.com/MD/supplement/HB4/id/217744,https://mgaleg.maryland.gov/2021S1/votes_comm/hb0004_hru.pdf
1536466,217906,supplement,34529,application/pdf,"Vote - Senate - Committee - Reapportionment and Redistricting",https://legiscan.com/MD/supplement/HB4/id/217906,https://mgaleg.maryland.gov/2021S1/votes_comm/hb0004_rrd.pdf
