bill_id,date,chamber,sequence,action
1536465,2021-12-06,House,1,"First Reading House Rules and Executive Nominations"
1536465,2021-12-02,House,2,"Hearing 12/06 at 12:30 p.m."
1536465,2021-12-06,House,3,"Favorable Report by House Rules and Executive Nominations"
1536465,2021-12-06,House,4,"Motion Rules Suspend Two Readings Same Day (Delegate Luedtke) Adopted (122-14)"
1536465,2021-12-06,House,5,"Favorable Adopted"
1536465,2021-12-06,House,6,"Second Reading Passed"
1536465,2021-12-07,House,7,"Third Reading Passed (137-0)"
1536465,2021-12-07,Senate,8,"Referred Reapportionment and Redistricting"
1536465,2021-12-07,Senate,9,"Hearing 12/08 at 9:30 a.m."
1536465,2021-12-08,Senate,10,"Favorable Report by Reapportionment and Redistricting"
1536465,2021-12-08,Senate,11,"Favorable Adopted"
1536465,2021-12-08,Senate,12,"Second Reading Passed"
1536465,2021-12-08,Senate,13,"Third Reading Passed (47-0)"
1536465,2021-12-08,House,14,"Returned Passed"
1536466,2021-12-06,House,1,"First Reading House Rules and Executive Nominations"
1536466,2021-12-02,House,2,"Hearing 12/06 at 12:30 p.m."
1536466,2021-12-06,House,3,"Favorable Report by House Rules and Executive Nominations"
1536466,2021-12-06,House,4,"Motion Rules Suspend Two Readings Same Day (Delegate Luedtke) Adopted (127-9)"
1536466,2021-12-06,House,5,"Favorable Adopted"
1536466,2021-12-06,House,6,"Second Reading Passed"
1536466,2021-12-07,House,7,"Third Reading Passed (138-0)"
1536466,2021-12-07,Senate,8,"Referred Reapportionment and Redistricting"
1536466,2021-12-07,Senate,9,"Hearing 12/08 at 9:30 a.m."
1536466,2021-12-08,Senate,10,"Favorable Report by Reapportionment and Redistricting"
1536466,2021-12-08,Senate,11,"Favorable Adopted"
1536466,2021-12-08,Senate,12,"Second Reading Passed"
1536466,2021-12-08,Senate,13,"Third Reading Passed (47-0)"
1536466,2021-12-08,House,14,"Returned Passed"
1536467,2021-12-06,House,1,"First Reading House Rules and Executive Nominations"
1536467,2021-12-02,House,2,"Hearing 12/06 at 12:30 p.m."
1536467,2021-12-06,House,3,"Favorable Report by House Rules and Executive Nominations"
1536467,2021-12-06,House,4,"Motion Rules Suspend Two Readings Same Day (Delegate Luedtke) Adopted (98-37)"
1536467,2021-12-06,House,5,"Favorable Adopted"
1536467,2021-12-06,House,6,"Motion Special Order until 12/7 (Delegate Buckel) Adopted"
1536467,2021-12-07,House,7,"Floor Amendment {583029/1 (Delegate Buckel) Rejected (43-93)"
1536467,2021-12-07,House,8,"Second Reading Passed"
1536467,2021-12-07,House,9,"Third Reading Passed (97-42)"
1536467,2021-12-07,Senate,10,"Referred Reapportionment and Redistricting"
1536467,2021-12-07,Senate,11,"Hearing 12/08 at 9:30 a.m."
1536467,2021-12-08,Senate,12,"Favorable Report by Reapportionment and Redistricting"
1536467,2021-12-08,Senate,13,"Favorable Adopted"
1536467,2021-12-08,Senate,14,"Floor Amendment {723420/1 (Senator Reilly) Rejected (15-32)"
1536467,2021-12-08,Senate,15,"Second Reading Passed"
1536467,2021-12-08,Senate,16,"Third Reading Passed (32-15)"
1536467,2021-12-08,House,17,"Returned Passed"
1536467,2021-12-09,House,18,"Vetoed by the Governor (Policy)"
1536467,2021-12-09,House,19,"Overridden (96-42)"
1536467,2021-12-09,Senate,20,"Overridden (32-14)"
1536467,2021-12-09,Senate,21,"Gubernatorial Veto Override (Legislative date: 12/9/2021) - Chapter 32"
1536468,2021-12-06,Senate,1,"First Reading Reapportionment and Redistricting"
1536469,2021-12-06,Senate,1,"First Reading Reapportionment and Redistricting"
1536470,2021-12-06,House,1,"First Reading House Rules and Executive Nominations"
1536470,2021-12-02,House,2,"Hearing 12/06 at 12:30 p.m."
1536471,2021-12-06,Senate,1,"First Reading Reapportionment and Redistricting"
1536472,2021-12-06,Senate,1,"First Reading Reapportionment and Redistricting"
1537157,2021-12-06,Senate,1,"First Reading Senate Rules"
1537158,2021-12-06,Senate,1,"First Reading Senate Rules"
1537159,2021-12-06,Senate,1,"First Reading Senate Rules"
1537406,2021-12-07,House,1,"First Reading Judiciary"
1537439,2021-12-07,House,1,"First Reading Judiciary"
