bill_id,roll_call_id,date,chamber,description,yea,nay,nv,absent,total
1536465,1117024,2021-12-07,House,"Third Reading Passed",137,0,1,2,140
1536465,1117124,2021-12-06,House,"Motion Rules Suspend Two Readings Same Day (Delegate Luedtke) Adopted",122,14,0,4,140
1536466,1117025,2021-12-07,House,"Third Reading Passed",138,0,0,2,140
1536466,1117183,2021-12-06,House,"Motion Rules Suspend Two Readings Same Day (Delegate Luedtke) Adopted",127,9,0,4,140
1536467,1117022,2021-12-07,House,"Floor Amendment 583029/1 (Delegate Buckel) Rejected",43,93,2,2,140
1536467,1117023,2021-12-07,House,"Third Reading Passed",97,42,0,1,140
1536467,1117083,2021-12-06,House,"Motion Rules Suspend Two Readings Same Day (Delegate Luedtke) Adopted",98,37,1,4,140
1536467,1117289,2021-12-09,House,Overridden,96,42,0,2,140
