bill_id,session_id,bill_number,status,status_desc,status_date,title,description,committee_id,committee,last_action_date,last_action,url,state_link
1538175,1968,SB891,4,Passed,2021-12-17,"Relating to residential tenancies; declaring an emergency.","Extends suspension of termination of residential tenancies for nonpayment of rent for tenants who have applied for emergency rental assistance and provided documentation of application to their landlord on or before June 30, 2022, throughout period that application is pending. Extends suspension of termination of residential tenancies for nonpayment of rent for tenants who have applied for emergency rental assistance and provided documentation of application to their landlord on or before June 30, 2022, throughout period that application is pending. Amends notice provided with eviction summons delivered by clerk. Adds additional requirements for certain rental assistance providers. Extends until October 1, 2022, sunset of safe harbor for tenants who have applied for emergency rental assistance and sunset of changes extending cure period in termination notices for nonpayment of residential rent. Extends eligibility for funding from Housing and Community Services Department for certain landlords experiencing delay in termination for nonpayment. Declares emergency, effective on passage.",0,,2021-12-17,"Effective date, December 14, 2021.",https://legiscan.com/OR/bill/SB891/2021/X2,https://olis.oregonlegislature.gov/liz/2021S2/Measures/Overview/SB891
1538176,1968,SB892,4,Passed,2021-12-17,"Relating to financial assistance for agricultural producers; declaring an emergency.","Directs State Department of Agriculture to establish forgivable loan program to provide financial assistance to farming and ranching producers in Oregon with lost gross farm income in calendar year 2021 due to qualifying natural disaster. Directs State Department of Agriculture to establish forgivable loan program to provide financial assistance to farming and ranching producers in Oregon with lost gross farm income in calendar year 2021 due to qualifying natural disaster. Sunsets July 1, 2023. Declares emergency, effective on passage.",0,,2021-12-17,"Effective date, December 14, 2021.",https://legiscan.com/OR/bill/SB892/2021/X2,https://olis.oregonlegislature.gov/liz/2021S2/Measures/Overview/SB892
1538172,1968,SB893,4,Passed,2021-12-17,"Relating to illegal cannabis; declaring an emergency.","Requires prioritizing financial assistance to local law enforcement agencies to partner with community-based organizations in order to address humanitarian crisis associated with unlawful marijuana cultivation or distribution operations in awarding grants through Illegal Marijuana Market Enforcement Grant Program. Requires prioritizing financial assistance to local law enforcement agencies to partner with community-based organizations in order to address humanitarian crisis associated with unlawful marijuana cultivation or distribution operations in awarding grants through Illegal Marijuana Market Enforcement Grant Program. Declares emergency, effective on passage.",0,,2021-12-17,"Effective date, December 14, 2021.",https://legiscan.com/OR/bill/SB893/2021/X2,https://olis.oregonlegislature.gov/liz/2021S2/Measures/Overview/SB893
1538173,1968,SB5561,4,Passed,2021-12-17,"Relating to state financial administration; declaring an emergency.","Appropriates moneys from General Fund to specified state agencies for specified expenses. Appropriates moneys from General Fund to specified state agencies for specified expenses. Modifies certain biennial appropriations made from General Fund to specified state agencies. Limits biennial expenditures from specified moneys collected or received by specified state agencies. Modifies limitations on expenditures for certain biennial expenses for specified state agencies. Declares emergency, effective on passage.",0,,2021-12-17,"Effective date, December 14, 2021.",https://legiscan.com/OR/bill/SB5561/2021/X2,https://olis.oregonlegislature.gov/liz/2021S2/Measures/Overview/SB5561
1538174,1968,SCR41,4,Passed,2021-12-14,"Adjourning sine die 2021 second special session of Eighty-first Legislative Assembly.","Adjourns sine die 2021 second special session of Eighty-first Legislative Assembly. Adjourns sine die 2021 second special session of Eighty-first Legislative Assembly.",0,,2021-12-14,"Filed With Secretary of State.",https://legiscan.com/OR/bill/SCR41/2021/X2,https://olis.oregonlegislature.gov/liz/2021S2/Measures/Overview/SCR41
