bill_id,document_id,document_type,document_size,document_mime,document_desc,url,state_link
1538175,2455187,text,46001,application/pdf,Introduced,https://legiscan.com/OR/text/SB891/id/2455187,https://olis.oregonlegislature.gov/liz/2021S2/Downloads/MeasureDocument/SB891/Introduced
1538175,2455467,text,44744,application/pdf,Enrolled,https://legiscan.com/OR/text/SB891/id/2455467,https://olis.oregonlegislature.gov/liz/2021S2/Downloads/MeasureDocument/SB891/Enrolled
1538176,2455188,text,35422,application/pdf,Introduced,https://legiscan.com/OR/text/SB892/id/2455188,https://olis.oregonlegislature.gov/liz/2021S2/Downloads/MeasureDocument/SB892/Introduced
1538176,2459631,text,31750,application/pdf,Enrolled,https://legiscan.com/OR/text/SB892/id/2459631,https://olis.oregonlegislature.gov/liz/2021S2/Downloads/MeasureDocument/SB892/Enrolled
1538172,2455184,text,26517,application/pdf,Introduced,https://legiscan.com/OR/text/SB893/id/2455184,https://olis.oregonlegislature.gov/liz/2021S2/Downloads/MeasureDocument/SB893/Introduced
1538172,2459632,text,24279,application/pdf,Enrolled,https://legiscan.com/OR/text/SB893/id/2459632,https://olis.oregonlegislature.gov/liz/2021S2/Downloads/MeasureDocument/SB893/Enrolled
1538173,2455185,text,42919,application/pdf,Introduced,https://legiscan.com/OR/text/SB5561/id/2455185,https://olis.oregonlegislature.gov/liz/2021S2/Downloads/MeasureDocument/SB5561/Introduced
1538173,2459629,text,39384,application/pdf,Enrolled,https://legiscan.com/OR/text/SB5561/id/2459629,https://olis.oregonlegislature.gov/liz/2021S2/Downloads/MeasureDocument/SB5561/Enrolled
1538174,2455186,text,23808,application/pdf,Introduced,https://legiscan.com/OR/text/SCR41/id/2455186,https://olis.oregonlegislature.gov/liz/2021S2/Downloads/MeasureDocument/SCR41/Introduced
1538174,2459630,text,18700,application/pdf,Enrolled,https://legiscan.com/OR/text/SCR41/id/2459630,https://olis.oregonlegislature.gov/liz/2021S2/Downloads/MeasureDocument/SCR41/Enrolled
