bill_id,date,chamber,sequence,action
1538172,2021-12-13,Senate,1,"Introduction and first reading. Referred to President's desk."
1538172,2021-12-13,Senate,2,"Referred to The Second Special Session of 2021."
1538172,2021-12-13,Senate,3,"Work Session held."
1538172,2021-12-13,Senate,4,"Recommendation: Do pass."
1538172,2021-12-13,Senate,5,"Rules suspended. Second reading."
1538172,2021-12-13,Senate,6,"Rules suspended. Third reading. Carried by Knopp, Golden. Passed. Ayes, 28; Excused, 2--Boquist, Robinson."
1538172,2021-12-13,House,7,"First reading. Referred to Speaker's desk."
1538172,2021-12-13,House,8,"Referred to The Second Special Session of 2021."
1538172,2021-12-13,House,9,"Recommendation: Do pass."
1538172,2021-12-13,House,10,"Rules suspended. Second reading."
1538172,2021-12-13,House,11,"Rules suspended. Third reading. Carried by Marsh. Passed. Ayes, 55; Excused, 5--Goodwin, Scharf, Wilde, Williams, Zika."
1538172,2021-12-13,Senate,12,"President signed."
1538172,2021-12-13,House,13,"Speaker signed."
1538172,2021-12-14,Senate,14,"Governor signed."
1538172,2021-12-17,Senate,15,"Chapter 3, 2021 Laws."
1538172,2021-12-17,Senate,16,"Effective date, December 14, 2021."
1538173,2021-12-13,Senate,1,"Introduction and first reading. Referred to President's desk."
1538173,2021-12-13,Senate,2,"Referred to The Second Special Session of 2021."
1538173,2021-12-13,Senate,3,"Work Session held."
1538173,2021-12-13,Senate,4,"Recommendation: Do pass."
1538173,2021-12-13,Senate,5,"Rules suspended. Second reading."
1538173,2021-12-13,Senate,6,"Rules suspended. Third reading. Carried by Steiner Hayward. Passed. Ayes, 26; Nays, 2--Linthicum, Thomsen; Excused, 2--Boquist, Robinson."
1538173,2021-12-13,Senate,7,"Knopp declared potential conflict of interest."
1538173,2021-12-13,House,8,"First reading. Referred to Speaker's desk."
1538173,2021-12-13,House,9,"Referred to The Second Special Session of 2021."
1538173,2021-12-13,House,10,"Recommendation: Do pass."
1538173,2021-12-13,House,11,"Rules suspended. Second reading."
1538173,2021-12-13,House,12,"Rules suspended. Third reading. Carried by Rayfield. Passed. Ayes, 52; Nays, 3--Bonham, Reschke, Stark; Excused, 5--Goodwin, Scharf, Wilde, Williams, Zika."
1538173,2021-12-13,Senate,13,"President signed."
1538173,2021-12-13,House,14,"Speaker signed."
1538173,2021-12-14,Senate,15,"Governor signed."
1538173,2021-12-17,Senate,16,"Chapter 4, 2021 Laws."
1538173,2021-12-17,Senate,17,"Effective date, December 14, 2021."
1538174,2021-12-13,Senate,1,"Introduction and first reading. Referred to President's desk."
1538174,2021-12-13,Senate,2,"Referred to The Second Special Session of 2021."
1538174,2021-12-13,Senate,3,"Work Session held."
1538174,2021-12-13,Senate,4,"Recommendation: Do adopt."
1538174,2021-12-13,Senate,5,"Rules suspended. Second reading."
1538174,2021-12-13,Senate,6,"Rules suspended. Final reading. Carried by Wagner. Adopted. Ayes, 28; Excused, 2--Boquist, Robinson."
1538174,2021-12-13,House,7,"First reading."
1538174,2021-12-13,House,8,"Rules suspended. Read. Carried by Smith Warner. Adopted. Ayes, 54; Nays, 1--Cate; Excused, 5--Goodwin, Scharf, Wilde, Williams, Zika."
1538174,2021-12-13,Senate,9,"President signed."
1538174,2021-12-13,House,10,"Speaker signed."
1538174,2021-12-14,Senate,11,"Filed With Secretary of State."
1538175,2021-12-13,Senate,1,"Introduction and first reading. Referred to President's desk."
1538175,2021-12-13,Senate,2,"Referred to The Second Special Session of 2021."
1538175,2021-12-13,Senate,3,"Work Session held."
1538175,2021-12-13,Senate,4,"Recommendation: Do pass."
1538175,2021-12-13,Senate,5,"Rules suspended. Second reading."
1538175,2021-12-13,Senate,6,"Rules suspended. Third reading. Carried by Jama. Passed. Ayes, 22; Nays, 6--Anderson, Findley, Girod, Heard, Linthicum, Thomsen; Excused, 2--Boquist, Robinson."
1538175,2021-12-13,House,7,"First reading. Referred to Speaker's desk."
1538175,2021-12-13,House,8,"Referred to The Second Special Session of 2021."
1538175,2021-12-13,House,9,"Recommendation: Do pass."
1538175,2021-12-13,House,10,"Rules suspended. Second reading."
1538175,2021-12-13,House,11,"Rules suspended. Third reading. Carried by Fahey. Passed. Ayes, 37; Nays, 18--Bonham, Boshart Davis, Breese-Iverson, Cate, Drazan, George, Hayden, Levy, Lewis, Morgan, Noble, Owens, Reschke, Smith DB, Stark, Wallan, Weber, Wright; Excused, 5--Goodwin, Scharf, Wilde, Williams, Zika."
1538175,2021-12-13,Senate,12,"President signed."
1538175,2021-12-13,House,13,"Speaker signed."
1538175,2021-12-14,Senate,14,"Governor signed."
1538175,2021-12-17,Senate,15,"Chapter 1, 2021 Laws."
1538175,2021-12-17,Senate,16,"Effective date, December 14, 2021."
1538176,2021-12-13,Senate,1,"Introduction and first reading. Referred to President's desk."
1538176,2021-12-13,Senate,2,"Referred to The Second Special Session of 2021."
1538176,2021-12-13,Senate,3,"Work Session held."
1538176,2021-12-13,Senate,4,"Recommendation: Do pass."
1538176,2021-12-13,Senate,5,"Rules suspended. Second reading."
1538176,2021-12-13,Senate,6,"Rules suspended. Third reading. Carried by Findley, Taylor. Passed. Ayes, 28; Excused, 2--Boquist, Robinson."
1538176,2021-12-13,House,7,"First reading. Referred to Speaker's desk."
1538176,2021-12-13,House,8,"Referred to The Second Special Session of 2021."
1538176,2021-12-13,House,9,"Recommendation: Do pass."
1538176,2021-12-13,House,10,"Rules suspended. Second reading."
1538176,2021-12-13,House,11,"Rules suspended. Third reading. Carried by Smith G. Passed. Ayes, 55; Excused, 5--Goodwin, Scharf, Wilde, Williams, Zika."
1538176,2021-12-13,Senate,12,"President signed."
1538176,2021-12-13,House,13,"Speaker signed."
1538176,2021-12-14,Senate,14,"Governor signed."
1538176,2021-12-17,Senate,15,"Chapter 2, 2021 Laws."
1538176,2021-12-17,Senate,16,"Effective date, December 14, 2021."
