bill_id,roll_call_id,date,chamber,description,yea,nay,nv,absent,total
1538172,1117388,2021-12-13,Senate,"Senate Committee Do pass",14,0,0,0,14
1538172,1117390,2021-12-13,Senate,"Senate Third Reading",28,0,0,2,30
1538172,1117483,2021-12-13,House,"House Third Reading",55,0,0,5,60
1538173,1117387,2021-12-13,Senate,"Senate Committee Do pass",14,0,0,0,14
1538173,1117392,2021-12-13,Senate,"Senate Third Reading",26,2,0,2,30
1538173,1117481,2021-12-13,House,"House Third Reading",52,3,0,5,60
1538174,1117406,2021-12-13,Senate,"Senate Committee Do adopt",14,0,0,0,14
1538174,1117407,2021-12-13,Senate,"Senate Final Reading",28,0,0,2,30
1538174,1117486,2021-12-13,House,"House Read and Adopted",54,1,0,5,60
1538175,1117371,2021-12-13,Senate,"Senate Committee Do pass",10,4,0,0,14
1538175,1117389,2021-12-13,Senate,"Senate Third Reading",22,6,0,2,30
1538175,1117482,2021-12-13,House,"House Third Reading",37,18,0,5,60
1538176,1117487,2021-12-13,Senate,"Senate Committee Do pass",14,0,0,0,14
1538176,1117488,2021-12-13,Senate,"Senate Third Reading",28,0,0,2,30
1538176,1117489,2021-12-13,House,"House Third Reading",55,0,0,5,60
