bill_id,session_id,bill_number,status,status_desc,status_date,title,description,committee_id,committee,last_action_date,last_action,url,state_link
415421,208,HB2001,1,Introduced,2010-03-30,"Lawsuit; taxpayer money; prohibition","Lawsuit; taxpayer money; prohibition",0,,2010-03-30,Introduced,https://legiscan.com/AZ/bill/HB2001/2010/X8,http://www.azleg.gov/DocumentsForBill.asp?Session_ID=101&Bill_Number=HB2001
415406,208,HB2002,1,Introduced,2010-03-29,"Health care; choice; litigation; authorization","Health care; choice; litigation; authorization",0,,2010-03-31,"House Committee of the Whole action: Do Pass Amended",https://legiscan.com/AZ/bill/HB2002/2010/X8,http://www.azleg.gov/DocumentsForBill.asp?Session_ID=101&Bill_Number=HB2002
415395,208,HCM2001,1,Introduced,2010-03-29,"Health care reform.","Health care reform.",0,,2010-03-31,"House Committee of the Whole action: Do Pass Amended",https://legiscan.com/AZ/bill/HCM2001/2010/X8,http://www.azleg.gov/DocumentsForBill.asp?Session_ID=101&Bill_Number=HCM2001
415378,208,SB1001,4,Passed,2010-04-01,"Health care; choice; litigation; authorization.","Health care; choice; litigation; authorization.",0,,2010-04-01,"Governor Signed",https://legiscan.com/AZ/bill/SB1001/2010/X8,http://www.azleg.gov/DocumentsForBill.asp?Session_ID=101&Bill_Number=SB1001
415364,208,SCM1001,4,Passed,2010-04-01,"Health care reform","Health care reform",0,,2010-04-01,"Transmitted to Secretary Of State",https://legiscan.com/AZ/bill/SCM1001/2010/X8,http://www.azleg.gov/DocumentsForBill.asp?Session_ID=101&Bill_Number=SCM1001
