bill_id,document_id,document_type,document_size,document_mime,document_desc,url,state_link
415421,609224,text,23740,text/html,Introduced,https://legiscan.com/AZ/text/HB2001/id/609224,http://www.azleg.gov/legtext/49leg/8s/bills/hb2001p.htm
415406,609199,text,28031,text/html,Introduced,https://legiscan.com/AZ/text/HB2002/id/609199,http://www.azleg.gov/legtext/49leg/8s/bills/hb2002p.htm
415406,609200,text,27690,text/html,Engrossed,https://legiscan.com/AZ/text/HB2002/id/609200,http://www.azleg.gov/legtext/49leg/8s/bills/hb2002h.htm
415395,609184,text,27412,text/html,Introduced,https://legiscan.com/AZ/text/HCM2001/id/609184,http://www.azleg.gov/legtext/49leg/8s/bills/hcm2001p.htm
415395,609185,text,26683,text/html,Engrossed,https://legiscan.com/AZ/text/HCM2001/id/609185,http://www.azleg.gov/legtext/49leg/8s/bills/hcm2001h.htm
415378,609159,text,27906,text/html,Introduced,https://legiscan.com/AZ/text/SB1001/id/609159,http://www.azleg.gov/legtext/49leg/8s/bills/sb1001p.htm
415378,609160,text,27707,text/html,Chaptered,https://legiscan.com/AZ/text/SB1001/id/609160,http://www.azleg.gov/legtext/49leg/8s/bills/sb1001s.htm
415364,609133,text,27283,text/html,Introduced,https://legiscan.com/AZ/text/SCM1001/id/609133,http://www.azleg.gov/legtext/49leg/8s/bills/scm1001p.htm
415364,609134,text,26666,text/html,Engrossed,https://legiscan.com/AZ/text/SCM1001/id/609134,http://www.azleg.gov/legtext/49leg/8s/bills/scm1001s.htm
