bill_id,date,chamber,sequence,action
415364,2010-03-29,,1,"Introduced in Senate and read first time"
415364,2010-03-29,,2,"Assigned to Senate JUD Committee"
415364,2010-03-29,,3,"Assigned to Senate RULES Committee"
415364,2010-03-30,,4,"Senate read second time"
415364,2010-03-30,,5,"Referred to Senate JUD Committee"
415364,2010-03-30,,6,"Senate JUD Committee action: Do Pass, voting: (4-2-1-0)"
415364,2010-03-29,,7,"Referred to Senate RULES Committee"
415364,2010-03-30,,8,"Senate RULES Committee action: Proper For Consideration"
415364,2010-03-30,,9,"Senate minority caucus: Do pass"
415364,2010-03-30,,10,"Senate majority caucus: Do pass"
415364,2010-03-31,,11,"Senate Committee of the Whole action: Do Pass Amended"
415364,2010-03-31,,12,"Senate third reading PASSED voting: (18-12-0-0)"
415364,2010-03-31,,13,"Transmit to House"
415364,2010-04-01,,14,"Transmitted to Secretary Of State"
415378,2010-03-29,,1,"Introduced in Senate and read first time"
415378,2010-03-29,,2,"Assigned to Senate JUD Committee"
415378,2010-03-29,,3,"Assigned to Senate RULES Committee"
415378,2010-03-30,,4,"Senate read second time"
415378,2010-03-30,,5,"Referred to Senate JUD Committee"
415378,2010-03-30,,6,"Senate JUD Committee action: Do Pass, voting: (4-2-1-0)"
415378,2010-03-29,,7,"Referred to Senate RULES Committee"
415378,2010-03-30,,8,"Senate RULES Committee action: Proper For Consideration"
415378,2010-03-30,,9,"Senate minority caucus: Do pass"
415378,2010-03-30,,10,"Senate majority caucus: Do pass"
415378,2010-03-31,,11,"Senate Committee of the Whole action: Do Pass Amended"
415378,2010-03-31,,12,"Senate third reading PASSED voting: (18-11-1-0)"
415378,2010-03-31,,13,"Transmit to House"
415378,2010-04-01,,14,"Transmitted to Governor"
415378,2010-04-01,,15,"Governor Signed"
415395,2010-03-29,,1,"Introduced in House and read first time"
415395,2010-03-29,,2,"Assigned to House APPROP Committee"
415395,2010-03-29,,3,"Assigned to House RULES Committee"
415395,2010-03-30,,4,"House read second time"
415395,2010-03-30,,5,"Referred to House APPROP Committee"
415395,2010-03-30,,6,"House APPROP Committee action: Do Pass Amended, voting: (8-4-0-1-0)"
415395,2010-03-29,,7,"Referred to House RULES Committee"
415395,2010-03-30,,8,"House RULES Committee action: constitutional and in proper form, voting: (5-3-0-0-0)"
415395,2010-03-30,,9,"House minority caucus: Do pass"
415395,2010-03-30,,10,"House majority caucus: Do pass"
415395,2010-03-31,,11,"House Committee of the Whole action: Do Pass Amended"
415406,2010-03-29,,1,"Introduced in House and read first time"
415406,2010-03-29,,2,"Assigned to House APPROP Committee"
415406,2010-03-29,,3,"Assigned to House RULES Committee"
415406,2010-03-30,,4,"House read second time"
415406,2010-03-30,,5,"Referred to House APPROP Committee"
415406,2010-03-30,,6,"House APPROP Committee action: Do Pass, voting: (8-4-0-1-0)"
415406,2010-03-29,,7,"Referred to House RULES Committee"
415406,2010-03-30,,8,"House RULES Committee action: constitutional and in proper form, voting: (5-3-0-0-0)"
415406,2010-03-30,,9,"House minority caucus: Do pass"
415406,2010-03-30,,10,"House majority caucus: Do pass"
415406,2010-03-31,,11,"House Committee of the Whole action: Do Pass Amended"
415421,2010-03-30,,1,Introduced
